# I energy_spread Eo(eV) omega_s To R sigma_z td
# 0.00044 0.001017 2.75e+09 9217.43 1.181e-06 5.36 0.00145 0.00327
# resistance : 0 inductance : 0
# nq Lq dq np Lp dp
# 480 20 0.0416667 480 20 0.0416667
# nt ntint ntot t1 t2 dt
# 8000 10 80000 0 63.118 0.000788975
# bolometer cutoff : 2.5 cm-1
# t aire val.moy rms_z rms_E thz thz_lp thz_hp thz_lp_hp thz_lp_hp2 feedback DiffWithCI numprocs numthreads niter wc_time
0 1 -2.95881e-16 1.2 1.2 0.343013 0.343013 0.343013 0.343013 0 4.90113e-321 0 1 1 0 0
0.00788975 1 1.51559e-07 1.2 1.19981 0.342797 0.343012 0.342627 0.343011 0 0 0 1 1 10 0.109641
0.0157795 1 6.39814e-07 1.20001 1.19961 0.342106 0.343006 0.341766 0.343003 0 0 0 1 1 20 0.218826
0.0236692 1 1.46439e-06 1.20003 1.1994 0.340944 0.342992 0.340435 0.342984 0 0 0 1 1 30 0.327939
0.031559 1 2.62475e-06 1.20005 1.1992 0.339317 0.342963 0.338641 0.342949 0 0 0 1 1 40 0.43693
0.0394488 1 4.12025e-06 1.20008 1.19898 0.337236 0.342916 0.336391 0.342895 0 0 0 1 1 50 0.545911
0.0473385 1 5.95006e-06 1.20012 1.19877 0.33471 0.342847 0.3337 0.342817 0 0 0 1 1 60 0.654866
0.0552282 1 8.11324e-06 1.20016 1.19855 0.331755 0.342751 0.33058 0.34271 0 0 0 1 1 70 0.763941
0.063118 1 1.06087e-05 1.20021 1.19832 0.328386 0.342624 0.327048 0.342572 0 0 0 1 1 80 0.872784
0.0710078 1 1.34352e-05 1.20027 1.19809 0.324622 0.342464 0.323123 0.342398 0 0 0 1 1 90 0.981707
0.0788975 1 1.65915e-05 1.20034 1.19786 0.320482 0.342266 0.318824 0.342184 0 0 0 1 1 100 1.09058
0.0867872 1 2.0076e-05 1.20041 1.19762 0.315989 0.342027 0.314175 0.341929 0 0 0 1 1 110 1.19948
0.094677 1 2.38871e-05 1.20048 1.19738 0.311167 0.341744 0.309198 0.341629 0 0 0 1 1 120 1.30849
0.102567 1 2.80232e-05 1.20056 1.19713 0.306039 0.341415 0.303918 0.34128 0 0 0 1 1 130 1.41738
0.110456 1 3.24824e-05 1.20065 1.19688 0.300634 0.341037 0.298363 0.340882 0 0 0 1 1 140 1.52631
0.118346 1 3.72628e-05 1.20075 1.19663 0.294977 0.340608 0.29256 0.340431 0 0 0 1 1 150 1.63522
0.126236 1 4.23624e-05 1.20085 1.19637 0.289096 0.340126 0.286537 0.339927 0 0 0 1 1 160 1.7441
0.134126 1 4.7779e-05 1.20096 1.1961 0.283022 0.33959 0.280322 0.339367 0 0 0 1 1 170 1.85315
0.142016 1 5.35105e-05 1.20107 1.19583 0.276783 0.338999 0.273945 0.33875 0 0 0 1 1 180 1.96225
0.149905 1 5.95546e-05 1.20119 1.19556 0.270408 0.338351 0.267436 0.338076 0 0 0 1 1 190 2.07111
0.157795 1 6.59089e-05 1.20132 1.19528 0.263927 0.337646 0.260825 0.337343 0 0 0 1 1 200 2.18013
0.165685 1 7.2571e-05 1.20145 1.195 0.25737 0.336883 0.25414 0.336553 0 0 0 1 1 210 2.28904
0.173574 1 7.95384e-05 1.20159 1.19472 0.250765 0.336063 0.247411 0.335703 0 0 0 1 1 220 2.39818
0.181464 1 8.68086e-05 1.20174 1.19443 0.244141 0.335186 0.240666 0.334796 0 0 0 1 1 230 2.507
0.189354 1 9.4379e-05 1.20188 1.19414 0.237525 0.334252 0.233933 0.333831 0 0 0 1 1 240 2.61614
0.197244 1 0.000102247 1.20204 1.19384 0.230946 0.333263 0.22724 0.33281 0 0 0 1 1 250 2.7254
0.205133 1 0.00011041 1.2022 1.19354 0.224429 0.332218 0.220612 0.331733 0 0 0 1 1 260 2.83473
0.213023 1 0.000118865 1.20237 1.19323 0.217998 0.331121 0.214073 0.330602 0 0 0 1 1 270 2.9442
0.220913 1 0.000127609 1.20254 1.19292 0.211678 0.329971 0.207649 0.329417 0 0 0 1 1 280 3.05358
0.228803 1 0.00013664 1.20272 1.19261 0.205491 0.32877 0.20136 0.328182 0 0 0 1 1 290 3.16264
0.236693 1 0.000145955 1.2029 1.19229 0.199457 0.327522 0.195228 0.326898 0 0 0 1 1 300 3.27392
0.244582 1 0.000155551 1.20309 1.19196 0.193596 0.326227 0.189272 0.325568 0 0 0 1 1 310 3.38806
0.252472 1 0.000165426 1.20328 1.19164 0.187925 0.324888 0.183509 0.324192 0 0 0 1 1 320 3.49898
0.260362 1 0.000175576 1.20348 1.19131 0.182461 0.323508 0.177956 0.322775 0 0 0 1 1 330 3.60812
0.268252 1 0.000185999 1.20369 1.19097 0.177218 0.322088 0.172626 0.321317 0 0 0 1 1 340 3.71723
0.276141 1 0.000196692 1.2039 1.19063 0.172209 0.320633 0.167533 0.319823 0 0 0 1 1 350 3.82655
0.284031 1 0.000207652 1.20411 1.19029 0.167443 0.319143 0.162686 0.318295 0 0 0 1 1 360 3.93575
0.291921 1 0.000218876 1.20433 1.18994 0.162932 0.317622 0.158094 0.316736 0 0 0 1 1 370 4.04492
0.299811 1 0.000230363 1.20455 1.18959 0.158681 0.316074 0.153766 0.315148 0 0 0 1 1 380 4.15432
0.3077 1 0.000242108 1.20478 1.18924 0.154697 0.3145 0.149707 0.313534 0 0 0 1 1 390 4.26366
0.31559 1 0.000254109 1.20501 1.18888 0.150983 0.312904 0.14592 0.311898 0 0 0 1 1 400 4.37276
0.32348 1 0.000266364 1.20525 1.18852 0.147543 0.311288 0.142409 0.310242 0 0 0 1 1 410 4.48219
0.33137 1 0.00027887 1.20549 1.18815 0.144376 0.309656 0.139172 0.308569 0 0 0 1 1 420 4.59132
0.339259 1 0.000291624 1.20573 1.18778 0.141483 0.30801 0.136211 0.306882 0 0 0 1 1 430 4.70049
0.347149 1 0.000304623 1.20598 1.18741 0.138861 0.306354 0.133522 0.305185 0 0 0 1 1 440 4.80966
0.355039 1 0.000317866 1.20624 1.18703 0.136507 0.304689 0.131103 0.303479 0 0 0 1 1 450 4.91878
0.362928 1 0.000331349 1.2065 1.18665 0.134416 0.303019 0.128947 0.301767 0 0 0 1 1 460 5.02806
0.370818 1 0.000345069 1.20676 1.18627 0.132583 0.301346 0.12705 0.300052 0 0 0 1 1 470 5.13731
0.378708 1 0.000359025 1.20702 1.18588 0.130999 0.299674 0.125405 0.298337 0 0 0 1 1 480 5.24647
0.386598 1 0.000373214 1.20729 1.18549 0.129658 0.298003 0.124002 0.296624 0 0 0 1 1 490 5.35559
0.394487 1 0.000387633 1.20757 1.1851 0.128551 0.296337 0.122833 0.294915 0 0 0 1 1 500 5.46471
0.402377 1 0.000402279 1.20784 1.1847 0.127667 0.294677 0.121888 0.293213 0 0 0 1 1 510 5.57387
0.410267 1 0.000417151 1.20812 1.1843 0.126996 0.293027 0.121158 0.29152 0 0 0 1 1 520 5.683
0.418157 1 0.000432246 1.2084 1.18389 0.126527 0.291387 0.120629 0.289837 0 0 0 1 1 530 5.79211
0.426046 1 0.000447562 1.20869 1.18349 0.12625 0.289759 0.120292 0.288166 0 0 0 1 1 540 5.9012
0.433936 1 0.000463095 1.20898 1.18308 0.12615 0.288146 0.120133 0.28651 0 0 0 1 1 550 6.01032
0.441826 1 0.000478845 1.20927 1.18266 0.126217 0.286549 0.12014 0.284869 0 0 0 1 1 560 6.11944
0.449716 1 0.000494807 1.20957 1.18225 0.126437 0.284969 0.1203 0.283246 0 0 0 1 1 570 6.22883
0.457605 1 0.000510981 1.20987 1.18183 0.126798 0.283408 0.120601 0.28164 0 0 0 1 1 580 6.33815
0.465495 1 0.000527364 1.21017 1.18141 0.127286 0.281866 0.12103 0.280055 0 0 0 1 1 590 6.44748
0.473385 1 0.000543953 1.21047 1.18099 0.127889 0.280345 0.121573 0.278489 0 0 0 1 1 600 6.55685
0.481275 1 0.000560746 1.21078 1.18056 0.128594 0.278846 0.122217 0.276946 0 0 0 1 1 610 6.66605
0.489165 1 0.000577742 1.21109 1.18013 0.129388 0.277368 0.12295 0.275424 0 0 0 1 1 620 6.77545
0.497054 1 0.000594937 1.2114 1.1797 0.130258 0.275914 0.123759 0.273925 0 0 0 1 1 630 6.88478
0.504944 1 0.000612329 1.21171 1.17926 0.131192 0.274482 0.124631 0.272449 0 0 0 1 1 640 6.99404
0.512834 1 0.000629917 1.21203 1.17883 0.132177 0.273075 0.125555 0.270996 0 0 0 1 1 650 7.10335
0.520724 1 0.000647697 1.21234 1.17839 0.133203 0.271691 0.126518 0.269567 0 0 0 1 1 660 7.21281
0.528613 1 0.000665669 1.21266 1.17795 0.134257 0.270331 0.127509 0.268162 0 0 0 1 1 670 7.32205
0.536503 1 0.000683829 1.21298 1.17751 0.135328 0.268995 0.128517 0.26678 0 0 0 1 1 680 7.43136
0.544393 1 0.000702175 1.2133 1.17706 0.136407 0.267683 0.129531 0.265422 0 0 0 1 1 690 7.54071
0.552283 1 0.000720705 1.21363 1.17662 0.137482 0.266394 0.130542 0.264088 0 0 0 1 1 700 7.64992
0.560172 1 0.000739417 1.21395 1.17617 0.138545 0.265129 0.13154 0.262777 0 0 0 1 1 710 7.75913
0.568062 1 0.000758309 1.21428 1.17572 0.139585 0.263886 0.132515 0.261488 0 0 0 1 1 720 7.86823
0.575952 1 0.000777378 1.21461 1.17527 0.140596 0.262666 0.13346 0.260221 0 0 0 1 1 730 7.9773
0.583842 1 0.000796623 1.21494 1.17482 0.141568 0.261468 0.134366 0.258976 0 0 0 1 1 740 8.08644
0.591731 1 0.000816041 1.21527 1.17436 0.142495 0.260291 0.135226 0.257752 0 0 0 1 1 750 8.19562
0.599621 1 0.000835629 1.2156 1.17391 0.143369 0.259134 0.136033 0.256548 0 0 0 1 1 760 8.30477
0.607511 1 0.000855387 1.21593 1.17345 0.144185 0.257997 0.136781 0.255364 0 0 0 1 1 770 8.41388
0.615401 1 0.000875311 1.21626 1.17299 0.144936 0.256879 0.137464 0.254199 0 0 0 1 1 780 8.523
0.62329 1 0.000895399 1.2166 1.17254 0.145618 0.255779 0.138077 0.253051 0 0 0 1 1 790 8.63215
0.63118 1 0.000915649 1.21693 1.17208 0.146225 0.254696 0.138616 0.25192 0 0 0 1 1 800 8.74133
0.63907 1 0.000936059 1.21726 1.17162 0.146755 0.253629 0.139077 0.250805 0 0 0 1 1 810 8.85065
0.64696 1 0.000956626 1.2176 1.17116 0.147202 0.252578 0.139455 0.249706 0 0 0 1 1 820 8.96005
0.654849 1 0.000977349 1.21793 1.1707 0.147565 0.251541 0.139749 0.24862 0 0 0 1 1 830 9.0692
0.662739 1 0.000998225 1.21827 1.17024 0.147841 0.250517 0.139955 0.247548 0 0 0 1 1 840 9.17839
0.670629 1 0.00101925 1.2186 1.16977 0.148028 0.249506 0.140073 0.246488 0 0 0 1 1 850 9.28769
0.678519 1 0.00104043 1.21894 1.16931 0.148124 0.248506 0.140099 0.245439 0 0 0 1 1 860 9.39699
0.686408 1 0.00106175 1.21927 1.16885 0.148128 0.247516 0.140034 0.2444 0 0 0 1 1 870 9.50609
0.694298 1 0.00108322 1.2196 1.16839 0.14804 0.246535 0.139876 0.24337 0 0 0 1 1 880 9.61523
0.702188 1 0.00110483 1.21994 1.16792 0.147859 0.245563 0.139626 0.242348 0 0 0 1 1 890 9.72437
0.710078 1 0.00112657 1.22027 1.16746 0.147585 0.244598 0.139283 0.241333 0 0 0 1 1 900 9.83347
0.717967 1 0.00114846 1.2206 1.167 0.14722 0.24364 0.138849 0.240325 0 0 0 1 1 910 9.94258
0.725857 1 0.00117048 1.22093 1.16654 0.146763 0.242687 0.138323 0.239321 0 0 0 1 1 920 10.0517
0.733747 1 0.00119263 1.22126 1.16608 0.146216 0.241738 0.137708 0.238322 0 0 0 1 1 930 10.1608
0.741637 1 0.00121492 1.22159 1.16562 0.14558 0.240793 0.137004 0.237326 0 0 0 1 1 940 10.2705
0.749526 1 0.00123733 1.22192 1.16516 0.144858 0.23985 0.136214 0.236333 0 0 0 1 1 950 10.3805
0.757416 1 0.00125987 1.22225 1.1647 0.144051 0.238909 0.13534 0.235341 0 0 0 1 1 960 10.4899
0.765306 1 0.00128254 1.22257 1.16424 0.143161 0.237969 0.134383 0.23435 0 0 0 1 1 970 10.5992
0.773196 1 0.00130532 1.2229 1.16378 0.142191 0.237029 0.133347 0.233358 0 0 0 1 1 980 10.7086
0.781085 1 0.00132822 1.22322 1.16333 0.141143 0.236088 0.132233 0.232366 0 0 0 1 1 990 10.8179
0.788975 1 0.00135125 1.22354 1.16287 0.140021 0.235146 0.131046 0.231372 0 0 0 1 1 1000 10.9271
0.796865 1 0.00137438 1.22386 1.16242 0.138827 0.234201 0.129787 0.230376 0 0 0 1 1 1010 11.0362
0.804755 1 0.00139763 1.22418 1.16197 0.137564 0.233254 0.128461 0.229377 0 0 0 1 1 1020 11.1453
0.812644 1 0.00142099 1.2245 1.16152 0.136236 0.232303 0.127069 0.228375 0 0 0 1 1 1030 11.2545
0.820534 1 0.00144446 1.22481 1.16107 0.134846 0.231348 0.125617 0.227368 0 0 0 1 1 1040 11.3637
0.828424 1 0.00146803 1.22512 1.16062 0.133398 0.230389 0.124106 0.226356 0 0 0 1 1 1050 11.4728
0.836314 1 0.00149171 1.22543 1.16017 0.131894 0.229424 0.122541 0.22534 0 0 0 1 1 1060 11.582
0.844203 1 0.00151549 1.22574 1.15973 0.130338 0.228454 0.120925 0.224317 0 0 0 1 1 1070 11.6911
0.852093 1 0.00153936 1.22604 1.15929 0.128734 0.227478 0.119262 0.223289 0 0 0 1 1 1080 11.8002
0.859983 1 0.00156334 1.22634 1.15885 0.127086 0.226496 0.117555 0.222254 0 0 0 1 1 1090 11.9094
0.867873 1 0.00158741 1.22664 1.15841 0.125398 0.225506 0.115809 0.221212 0 0 0 1 1 1100 12.0185
0.875762 1 0.00161157 1.22694 1.15797 0.123672 0.22451 0.114026 0.220163 0 0 0 1 1 1110 12.1277
0.883652 1 0.00163582 1.22724 1.15754 0.121912 0.223506 0.11221 0.219106 0 0 0 1 1 1120 12.2368
0.891542 1 0.00166016 1.22753 1.15711 0.120123 0.222494 0.110366 0.218042 0 0 0 1 1 1130 12.3461
0.899432 1 0.00168458 1.22782 1.15668 0.118307 0.221475 0.108496 0.21697 0 0 0 1 1 1140 12.4552
0.907321 1 0.00170909 1.2281 1.15626 0.116469 0.220448 0.106604 0.215891 0 0 0 1 1 1150 12.5643
0.915211 1 0.00173367 1.22838 1.15584 0.114611 0.219412 0.104695 0.214803 0 0 0 1 1 1160 12.6735
0.923101 1 0.00175834 1.22866 1.15542 0.112738 0.218369 0.10277 0.213706 0 0 0 1 1 1170 12.7826
0.930991 1 0.00178308 1.22894 1.155 0.110853 0.217317 0.100834 0.212602 0 0 0 1 1 1180 12.8917
0.93888 1 0.0018079 1.22921 1.15459 0.108958 0.216257 0.0988901 0.211489 0 0 0 1 1 1190 13.0009
0.94677 1 0.00183279 1.22948 1.15418 0.107058 0.215189 0.0969415 0.210368 0 0 0 1 1 1200 13.11
0.95466 1 0.00185775 1.22975 1.15377 0.105155 0.214112 0.0949913 0.209239 0 0 0 1 1 1210 13.2191
0.96255 1 0.00188278 1.23001 1.15337 0.103254 0.213027 0.0930429 0.208102 0 0 0 1 1 1220 13.3282
0.970439 1 0.00190787 1.23027 1.15297 0.101355 0.211935 0.0910991 0.206957 0 0 0 1 1 1230 13.4374
0.978329 1 0.00193303 1.23052 1.15257 0.099464 0.210834 0.0891631 0.205804 0 0 0 1 1 1240 13.5465
0.986219 1 0.00195825 1.23077 1.15218 0.0975821 0.209725 0.0872376 0.204643 0 0 0 1 1 1250 13.6557
0.994109 1 0.00198352 1.23102 1.15179 0.0957127 0.208609 0.0853254 0.203475 0 0 0 1 1 1260 13.7649
1.002 1 0.00200886 1.23126 1.1514 0.0938583 0.207486 0.0834293 0.2023 0 0 0 1 1 1270 13.8742
1.00989 1 0.00203425 1.2315 1.15102 0.0920216 0.206356 0.0815517 0.201118 0 0 0 1 1 1280 13.9834
1.01778 1 0.00205969 1.23174 1.15064 0.0902051 0.205218 0.0796953 0.199929 0 0 0 1 1 1290 14.0926
1.02567 1 0.00208518 1.23197 1.15027 0.0884111 0.204075 0.0778623 0.198733 0 0 0 1 1 1300 14.2021
1.03356 1 0.00211072 1.23219 1.1499 0.0866421 0.202924 0.0760551 0.197531 0 0 0 1 1 1310 14.3112
1.04145 1 0.00213631 1.23241 1.14954 0.0849 0.201768 0.0742759 0.196324 0 0 0 1 1 1320 14.4205
1.04934 1 0.00216194 1.23263 1.14918 0.0831871 0.200607 0.0725266 0.195111 0 0 0 1 1 1330 14.5296
1.05723 1 0.00218761 1.23284 1.14882 0.0815054 0.19944 0.0708094 0.193893 0 0 0 1 1 1340 14.6387
1.06512 1 0.00221332 1.23305 1.14847 0.0798566 0.198268 0.069126 0.19267 0 0 0 1 1 1350 14.7481
1.07301 1 0.00223908 1.23325 1.14812 0.0782427 0.197091 0.0674782 0.191443 0 0 0 1 1 1360 14.8572
1.0809 1 0.00226486 1.23345 1.14778 0.0766651 0.195911 0.0658677 0.190211 0 0 0 1 1 1370 14.9663
1.08879 1 0.00229069 1.23365 1.14744 0.0751256 0.194726 0.064296 0.188977 0 0 0 1 1 1380 15.0755
1.09668 1 0.00231654 1.23384 1.14711 0.0736256 0.193539 0.0627645 0.187739 0 0 0 1 1 1390 15.1846
1.10457 1 0.00234243 1.23402 1.14678 0.0721664 0.192349 0.0612746 0.186498 0 0 0 1 1 1400 15.2938
1.11245 1 0.00236834 1.2342 1.14646 0.0707493 0.191156 0.0598275 0.185256 0 0 0 1 1 1410 15.403
1.12034 1 0.00239428 1.23437 1.14614 0.0693754 0.189961 0.0584244 0.184011 0 0 0 1 1 1420 15.5122
1.12823 1 0.00242024 1.23454 1.14583 0.0680459 0.188765 0.0570662 0.182766 0 0 0 1 1 1430 15.6213
1.13612 1 0.00244622 1.23471 1.14552 0.0667615 0.187567 0.0557539 0.181519 0 0 0 1 1 1440 15.7304
1.14401 1 0.00247223 1.23487 1.14521 0.0655232 0.186369 0.0544883 0.180272 0 0 0 1 1 1450 15.8396
1.1519 1 0.00249825 1.23502 1.14492 0.0643318 0.185171 0.0532702 0.179025 0 0 0 1 1 1460 15.9487
1.15979 1 0.00252429 1.23517 1.14463 0.0631879 0.183973 0.0521002 0.177778 0 0 0 1 1 1470 16.0578
1.16768 1 0.00255035 1.23531 1.14434 0.062092 0.182776 0.0509788 0.176533 0 0 0 1 1 1480 16.1669
1.17557 1 0.00257642 1.23545 1.14406 0.0610447 0.181581 0.0499065 0.175289 0 0 0 1 1 1490 16.2762
1.18346 1 0.0026025 1.23558 1.14378 0.0600462 0.180386 0.0488836 0.174047 0 0 0 1 1 1500 16.3854
1.19135 1 0.00262858 1.23571 1.14351 0.059097 0.179195 0.0479104 0.172808 0 0 0 1 1 1510 16.495
1.19924 1 0.00265468 1.23583 1.14325 0.0581971 0.178005 0.046987 0.171571 0 0 0 1 1 1520 16.6043
1.20713 1 0.00268078 1.23595 1.14299 0.0573467 0.176819 0.0461136 0.170338 0 0 0 1 1 1530 16.7135
1.21502 1 0.00270688 1.23606 1.14274 0.0565459 0.175637 0.0452901 0.169108 0 0 0 1 1 1540 16.8229
1.22291 1 0.00273299 1.23616 1.14249 0.0557945 0.174458 0.0445165 0.167883 0 0 0 1 1 1550 16.9325
1.2308 1 0.0027591 1.23626 1.14225 0.0550926 0.173285 0.0437927 0.166663 0 0 0 1 1 1560 17.0419
1.23869 1 0.0027852 1.23635 1.14201 0.0544397 0.172115 0.0431183 0.165447 0 0 0 1 1 1570 17.1511
1.24658 1 0.0028113 1.23644 1.14178 0.0538357 0.170952 0.0424931 0.164238 0 0 0 1 1 1580 17.2603
1.25447 1 0.0028374 1.23652 1.14156 0.0532803 0.169794 0.0419168 0.163034 0 0 0 1 1 1590 17.3695
1.26236 1 0.00286349 1.2366 1.14134 0.0527729 0.168642 0.0413888 0.161837 0 0 0 1 1 1600 17.479
1.27025 1 0.00288957 1.23667 1.14113 0.0523131 0.167497 0.0409086 0.160646 0 0 0 1 1 1610 17.5881
1.27814 1 0.00291564 1.23673 1.14092 0.0519004 0.166359 0.0404757 0.159463 0 0 0 1 1 1620 17.6972
1.28603 1 0.0029417 1.23679 1.14072 0.0515341 0.165228 0.0400895 0.158288 0 0 0 1 1 1630 17.8064
1.29392 1 0.00296774 1.23684 1.14053 0.0512136 0.164105 0.0397492 0.157121 0 0 0 1 1 1640 17.9164
1.30181 1 0.00299377 1.23689 1.14034 0.0509382 0.162991 0.0394542 0.155962 0 0 0 1 1 1650 18.0259
1.3097 1 0.00301979 1.23693 1.14016 0.050707 0.161885 0.0392035 0.154811 0 0 0 1 1 1660 18.1351
1.31759 1 0.00304578 1.23696 1.13999 0.0505193 0.160787 0.0389964 0.15367 0 0 0 1 1 1670 18.2443
1.32548 1 0.00307176 1.23699 1.13982 0.0503741 0.159699 0.0388319 0.152538 0 0 0 1 1 1680 18.3535
1.33337 1 0.00309771 1.23701 1.13966 0.0502706 0.15862 0.0387092 0.151417 0 0 0 1 1 1690 18.4627
1.34126 1 0.00312364 1.23703 1.1395 0.0502079 0.157552 0.0386273 0.150305 0 0 0 1 1 1700 18.5717
1.34915 1 0.00314954 1.23704 1.13935 0.0501848 0.156493 0.0385851 0.149203 0 0 0 1 1 1710 18.6809
1.35704 1 0.00317542 1.23704 1.13921 0.0502004 0.155445 0.0385816 0.148112 0 0 0 1 1 1720 18.7901
1.36493 1 0.00320127 1.23704 1.13907 0.0502537 0.154407 0.0386157 0.147033 0 0 0 1 1 1730 18.8993
1.37282 1 0.00322709 1.23703 1.13894 0.0503435 0.153381 0.0386864 0.145964 0 0 0 1 1 1740 19.0085
1.38071 1 0.00325288 1.23702 1.13882 0.0504688 0.152365 0.0387925 0.144907 0 0 0 1 1 1750 19.1177
1.3886 1 0.00327864 1.237 1.1387 0.0506285 0.151361 0.0389329 0.143861 0 0 0 1 1 1760 19.2271
1.39649 1 0.00330437 1.23697 1.13859 0.0508214 0.150369 0.0391064 0.142827 0 0 0 1 1 1770 19.3364
1.40438 1 0.00333006 1.23694 1.13848 0.0510463 0.149389 0.0393119 0.141805 0 0 0 1 1 1780 19.4455
1.41227 1 0.00335571 1.2369 1.13838 0.0513022 0.14842 0.0395482 0.140796 0 0 0 1 1 1790 19.5546
1.42016 1 0.00338132 1.23685 1.13829 0.0515877 0.147464 0.0398141 0.139799 0 0 0 1 1 1800 19.6638
1.42804 1 0.0034069 1.2368 1.13821 0.0519019 0.146521 0.0401085 0.138815 0 0 0 1 1 1810 19.773
1.43593 1 0.00343243 1.23675 1.13813 0.0522435 0.145589 0.0404301 0.137843 0 0 0 1 1 1820 19.8821
1.44382 1 0.00345792 1.23668 1.13805 0.0526113 0.144671 0.0407777 0.136884 0 0 0 1 1 1830 19.9912
1.45171 1 0.00348336 1.23661 1.13799 0.0530041 0.143765 0.0411503 0.135939 0 0 0 1 1 1840 20.1003
1.4596 1 0.00350877 1.23654 1.13793 0.053421 0.142872 0.0415466 0.135006 0 0 0 1 1 1850 20.2097
1.46749 1 0.00353412 1.23645 1.13787 0.0538606 0.141993 0.0419655 0.134087 0 0 0 1 1 1860 20.3191
1.47538 1 0.00355943 1.23637 1.13783 0.0543219 0.141126 0.0424059 0.133181 0 0 0 1 1 1870 20.4282
1.48327 1 0.00358468 1.23627 1.13779 0.0548037 0.140273 0.0428666 0.132288 0 0 0 1 1 1880 20.5375
1.49116 1 0.00360989 1.23617 1.13775 0.055305 0.139433 0.0433465 0.131409 0 0 0 1 1 1890 20.6467
1.49905 1 0.00363504 1.23607 1.13772 0.0558247 0.138606 0.0438446 0.130543 0 0 0 1 1 1900 20.7559
1.50694 1 0.00366014 1.23595 1.1377 0.0563618 0.137793 0.0443598 0.129691 0 0 0 1 1 1910 20.8651
1.51483 1 0.00368519 1.23583 1.13768 0.0569153 0.136993 0.0448911 0.128853 0 0 0 1 1 1920 20.9744
1.52272 1 0.00371018 1.23571 1.13767 0.0574841 0.136206 0.0454375 0.128028 0 0 0 1 1 1930 21.0835
1.53061 1 0.00373511 1.23558 1.13767 0.0580673 0.135433 0.045998 0.127216 0 0 0 1 1 1940 21.1927
1.5385 1 0.00375999 1.23544 1.13767 0.058664 0.134673 0.0465718 0.126419 0 0 0 1 1 1950 21.3022
1.54639 1 0.0037848 1.2353 1.13768 0.0592732 0.133927 0.0471578 0.125635 0 0 0 1 1 1960 21.4117
1.55428 1 0.00380955 1.23515 1.1377 0.0598942 0.133194 0.0477553 0.124864 0 0 0 1 1 1970 21.5213
1.56217 1 0.00383424 1.235 1.13772 0.0605262 0.132475 0.0483634 0.124107 0 0 0 1 1 1980 21.6311
1.57006 1 0.00385887 1.23483 1.13775 0.0611682 0.131769 0.0489813 0.123363 0 0 0 1 1 1990 21.7412
1.57795 1 0.00388343 1.23467 1.13778 0.0618197 0.131076 0.0496083 0.122633 0 0 0 1 1 2000 21.8508
1.58584 1 0.00390793 1.2345 1.13782 0.0624798 0.130397 0.0502436 0.121917 0 0 0 1 1 2010 21.9601
1.59373 1 0.00393235 1.23432 1.13786 0.063148 0.129731 0.0508867 0.121213 0 0 0 1 1 2020 22.0692
1.60162 1 0.00395671 1.23413 1.13791 0.0638235 0.129078 0.0515368 0.120523 0 0 0 1 1 2030 22.1785
1.60951 1 0.003981 1.23394 1.13797 0.0645059 0.128438 0.0521935 0.119847 0 0 0 1 1 2040 22.2877
1.6174 1 0.00400522 1.23375 1.13803 0.0651945 0.127812 0.0528561 0.119183 0 0 0 1 1 2050 22.3969
1.62529 1 0.00402937 1.23355 1.1381 0.0658889 0.127198 0.0535241 0.118533 0 0 0 1 1 2060 22.5064
1.63318 1 0.00405344 1.23334 1.13818 0.0665886 0.126597 0.0541971 0.117895 0 0 0 1 1 2070 22.6159
1.64107 1 0.00407744 1.23313 1.13826 0.0672933 0.126009 0.0548747 0.117271 0 0 0 1 1 2080 22.7257
1.64896 1 0.00410136 1.23291 1.13834 0.0680025 0.125434 0.0555565 0.116659 0 0 0 1 1 2090 22.8354
1.65685 1 0.00412521 1.23269 1.13843 0.0687159 0.124872 0.0562422 0.116061 0 0 0 1 1 2100 22.9451
1.66474 1 0.00414898 1.23246 1.13853 0.0694333 0.124322 0.0569315 0.115475 0 0 0 1 1 2110 23.0543
1.67263 1 0.00417267 1.23222 1.13863 0.0701543 0.123785 0.0576241 0.114901 0 0 0 1 1 2120 23.1635
1.68052 1 0.00419628 1.23198 1.13874 0.0708788 0.12326 0.0583199 0.11434 0 0 0 1 1 2130 23.2727
1.68841 1 0.00421981 1.23173 1.13885 0.0716066 0.122747 0.0590186 0.113791 0 0 0 1 1 2140 23.3819
1.6963 1 0.00424325 1.23148 1.13897 0.0723377 0.122247 0.0597202 0.113255 0 0 0 1 1 2150 23.4912
1.70419 1 0.00426662 1.23123 1.13909 0.0730718 0.121759 0.0604245 0.112731 0 0 0 1 1 2160 23.6003
1.71208 1 0.0042899 1.23097 1.13922 0.073809 0.121283 0.0611315 0.112219 0 0 0 1 1 2170 23.7095
1.71997 1 0.00431309 1.2307 1.13935 0.0745492 0.120818 0.0618412 0.111719 0 0 0 1 1 2180 23.8186
1.72786 1 0.00433619 1.23043 1.13949 0.0752924 0.120366 0.0625536 0.111231 0 0 0 1 1 2190 23.9278
1.73575 1 0.00435921 1.23015 1.13963 0.0760388 0.119926 0.0632688 0.110755 0 0 0 1 1 2200 24.0371
1.74363 1 0.00438214 1.22987 1.13978 0.0767883 0.119497 0.0639868 0.110291 0 0 0 1 1 2210 24.1462
1.75152 1 0.00440498 1.22958 1.13994 0.0775411 0.11908 0.0647077 0.109838 0 0 0 1 1 2220 24.2554
1.75941 1 0.00442773 1.22929 1.14009 0.0782974 0.118675 0.0654316 0.109397 0 0 0 1 1 2230 24.3646
1.7673 1 0.00445039 1.22899 1.14026 0.0790572 0.118281 0.0661588 0.108967 0 0 0 1 1 2240 24.474
1.77519 1 0.00447296 1.22869 1.14042 0.0798208 0.117898 0.0668894 0.108549 0 0 0 1 1 2250 24.5832
1.78308 1 0.00449543 1.22838 1.14059 0.0805883 0.117527 0.0676236 0.108142 0 0 0 1 1 2260 24.6926
1.79097 1 0.00451781 1.22807 1.14077 0.0813601 0.117167 0.0683617 0.107747 0 0 0 1 1 2270 24.8021
1.79886 1 0.00454009 1.22776 1.14095 0.0821363 0.116818 0.0691038 0.107363 0 0 0 1 1 2280 24.9117
1.80675 1 0.00456228 1.22744 1.14113 0.0829173 0.11648 0.0698503 0.106989 0 0 0 1 1 2290 25.0214
1.81464 1 0.00458437 1.22711 1.14132 0.0837033 0.116153 0.0706014 0.106627 0 0 0 1 1 2300 25.1311
1.82253 1 0.00460636 1.22678 1.14151 0.0844945 0.115838 0.0713575 0.106276 0 0 0 1 1 2310 25.2407
1.83042 1 0.00462825 1.22645 1.14171 0.0852913 0.115533 0.0721187 0.105936 0 0 0 1 1 2320 25.3499
1.83831 1 0.00465004 1.22611 1.14191 0.086094 0.115239 0.0728855 0.105607 0 0 0 1 1 2330 25.4593
1.8462 1 0.00467173 1.22577 1.14211 0.086903 0.114956 0.0736581 0.105288 0 0 0 1 1 2340 25.5685
1.85409 1 0.00469332 1.22542 1.14232 0.0877185 0.114684 0.0744368 0.10498 0 0 0 1 1 2350 25.6778
1.86198 1 0.00471481 1.22507 1.14253 0.0885408 0.114422 0.075222 0.104684 0 0 0 1 1 2360 25.787
1.86987 1 0.0047362 1.22472 1.14275 0.0893703 0.114172 0.0760141 0.104397 0 0 0 1 1 2370 25.8965
1.87776 1 0.00475748 1.22436 1.14297 0.0902073 0.113932 0.0768132 0.104122 0 0 0 1 1 2380 26.0058
1.88565 1 0.00477865 1.224 1.14319 0.0910522 0.113702 0.0776197 0.103857 0 0 0 1 1 2390 26.1151
1.89354 1 0.00479972 1.22363 1.14342 0.0919052 0.113484 0.078434 0.103603 0 0 0 1 1 2400 26.2241
1.90143 1 0.00482068 1.22326 1.14364 0.0927666 0.113275 0.0792564 0.103359 0 0 0 1 1 2410 26.3333
1.90932 1 0.00484154 1.22289 1.14388 0.0936368 0.113078 0.0800871 0.103126 0 0 0 1 1 2420 26.4426
1.91721 1 0.00486229 1.22251 1.14411 0.0945161 0.112891 0.0809264 0.102903 0 0 0 1 1 2430 26.5519
1.9251 1 0.00488293 1.22213 1.14435 0.0954047 0.112715 0.0817746 0.102691 0 0 0 1 1 2440 26.661
1.93299 1 0.00490346 1.22175 1.14459 0.0963028 0.112549 0.082632 0.102489 0 0 0 1 1 2450 26.7703
1.94088 1 0.00492388 1.22136 1.14483 0.0972108 0.112394 0.0834988 0.102298 0 0 0 1 1 2460 26.8797
1.94877 1 0.00494418 1.22097 1.14508 0.0981289 0.112249 0.0843752 0.102118 0 0 0 1 1 2470 26.9888
1.95666 1 0.00496438 1.22058 1.14532 0.0990572 0.112115 0.0852615 0.101947 0 0 0 1 1 2480 27.0981
1.96455 1 0.00498447 1.22018 1.14558 0.0999961 0.111991 0.0861579 0.101788 0 0 0 1 1 2490 27.2073
1.97244 1 0.00500444 1.21978 1.14583 0.100946 0.111878 0.0870645 0.101639 0 0 0 1 1 2500 27.3168
1.98033 1 0.0050243 1.21938 1.14608 0.101906 0.111775 0.0879814 0.1015 0 0 0 1 1 2510 27.4263
1.98822 1 0.00504405 1.21897 1.14634 0.102877 0.111683 0.0889089 0.101372 0 0 0 1 1 2520 27.5355
1.99611 1 0.00506368 1.21856 1.1466 0.10386 0.111602 0.0898471 0.101254 0 0 0 1 1 2530 27.6447
2.004 1 0.00508319 1.21815 1.14686 0.104854 0.111531 0.0907959 0.101146 0 0 0 1 1 2540 27.7541
2.01189 1 0.00510259 1.21774 1.14713 0.105858 0.11147 0.0917555 0.10105 0 0 0 1 1 2550 27.8634
2.01978 1 0.00512188 1.21732 1.14739 0.106875 0.111421 0.0927259 0.100963 0 0 0 1 1 2560 27.9726
2.02767 1 0.00514105 1.2169 1.14766 0.107902 0.111381 0.0937072 0.100887 0 0 0 1 1 2570 28.0818
2.03556 1 0.0051601 1.21648 1.14793 0.108941 0.111353 0.0946992 0.100822 0 0 0 1 1 2580 28.191
2.04345 1 0.00517903 1.21606 1.1482 0.109991 0.111335 0.095702 0.100767 0 0 0 1 1 2590 28.3003
2.05133 1 0.00519785 1.21564 1.14847 0.111052 0.111327 0.0967154 0.100722 0 0 0 1 1 2600 28.4095
2.05922 1 0.00521654 1.21521 1.14874 0.112124 0.11133 0.0977395 0.100689 0 0 0 1 1 2610 28.5189
2.06711 1 0.00523512 1.21478 1.14901 0.113207 0.111344 0.0987739 0.100665 0 0 0 1 1 2620 28.6282
2.075 1 0.00525358 1.21435 1.14929 0.114301 0.111368 0.0998186 0.100652 0 0 0 1 1 2630 28.7376
2.08289 1 0.00527192 1.21392 1.14956 0.115406 0.111403 0.100873 0.10065 0 0 0 1 1 2640 28.8468
2.09078 1 0.00529014 1.21348 1.14984 0.116521 0.111449 0.101938 0.100658 0 0 0 1 1 2650 28.9559
2.09867 1 0.00530824 1.21305 1.15012 0.117646 0.111505 0.103012 0.100676 0 0 0 1 1 2660 29.065
2.10656 1 0.00532621 1.21261 1.15039 0.118781 0.111571 0.104096 0.100705 0 0 0 1 1 2670 29.1742
2.11445 1 0.00534407 1.21217 1.15067 0.119925 0.111649 0.105188 0.100744 0 0 0 1 1 2680 29.2836
2.12234 1 0.0053618 1.21173 1.15095 0.121079 0.111737 0.10629 0.100794 0 0 0 1 1 2690 29.3929
2.13023 1 0.00537942 1.21129 1.15123 0.122241 0.111835 0.107399 0.100854 0 0 0 1 1 2700 29.5022
2.13812 1 0.00539691 1.21085 1.15151 0.123412 0.111944 0.108517 0.100925 0 0 0 1 1 2710 29.6113
2.14601 1 0.00541427 1.2104 1.15179 0.124591 0.112063 0.109641 0.101006 0 0 0 1 1 2720 29.7207
2.1539 1 0.00543152 1.20996 1.15207 0.125778 0.112193 0.110773 0.101097 0 0 0 1 1 2730 29.8299
2.16179 1 0.00544864 1.20951 1.15234 0.126971 0.112334 0.111912 0.101199 0 0 0 1 1 2740 29.9391
2.16968 1 0.00546564 1.20907 1.15262 0.128171 0.112485 0.113056 0.101311 0 0 0 1 1 2750 30.0483
2.17757 1 0.00548252 1.20862 1.1529 0.129378 0.112646 0.114206 0.101433 0 0 0 1 1 2760 30.1575
2.18546 1 0.00549927 1.20817 1.15318 0.130589 0.112817 0.11536 0.101565 0 0 0 1 1 2770 30.2669
2.19335 1 0.0055159 1.20772 1.15346 0.131806 0.112999 0.11652 0.101707 0 0 0 1 1 2780 30.3761
2.20124 1 0.00553241 1.20728 1.15374 0.133027 0.113191 0.117682 0.10186 0 0 0 1 1 2790 30.4853
2.20913 1 0.00554879 1.20683 1.15401 0.134252 0.113394 0.118848 0.102022 0 0 0 1 1 2800 30.5946
2.21702 1 0.00556505 1.20638 1.15429 0.135479 0.113606 0.120017 0.102194 0 0 0 1 1 2810 30.7037
2.22491 1 0.00558119 1.20593 1.15456 0.13671 0.113828 0.121187 0.102376 0 0 0 1 1 2820 30.8129
2.2328 1 0.0055972 1.20548 1.15484 0.137942 0.114061 0.122359 0.102568 0 0 0 1 1 2830 30.9224
2.24069 1 0.00561309 1.20504 1.15511 0.139175 0.114303 0.123531 0.10277 0 0 0 1 1 2840 31.0317
2.24858 1 0.00562885 1.20459 1.15538 0.140409 0.114555 0.124704 0.102981 0 0 0 1 1 2850 31.1411
2.25647 1 0.00564449 1.20414 1.15565 0.141642 0.114816 0.125875 0.103201 0 0 0 1 1 2860 31.2503
2.26436 1 0.00566001 1.20369 1.15592 0.142875 0.115088 0.127045 0.103431 0 0 0 1 1 2870 31.3597
2.27225 1 0.0056754 1.20325 1.15619 0.144107 0.115368 0.128214 0.10367 0 0 0 1 1 2880 31.4691
2.28014 1 0.00569067 1.2028 1.15646 0.145336 0.115658 0.129379 0.103919 0 0 0 1 1 2890 31.5786
2.28803 1 0.00570582 1.20235 1.15672 0.146563 0.115958 0.130542 0.104176 0 0 0 1 1 2900 31.6879
2.29592 1 0.00572084 1.20191 1.15698 0.147787 0.116266 0.1317 0.104442 0 0 0 1 1 2910 31.797
2.30381 1 0.00573574 1.20147 1.15725 0.149007 0.116584 0.132854 0.104718 0 0 0 1 1 2920 31.9061
2.3117 1 0.00575052 1.20102 1.1575 0.150222 0.11691 0.134004 0.105001 0 0 0 1 1 2930 32.0152
2.31959 1 0.00576517 1.20058 1.15776 0.151433 0.117245 0.135147 0.105293 0 0 0 1 1 2940 32.1244
2.32748 1 0.0057797 1.20014 1.15802 0.152638 0.117589 0.136285 0.105594 0 0 0 1 1 2950 32.2336
2.33537 1 0.00579411 1.1997 1.15827 0.153837 0.117941 0.137417 0.105903 0 0 0 1 1 2960 32.3428
2.34326 1 0.0058084 1.19926 1.15852 0.155031 0.118301 0.138542 0.10622 0 0 0 1 1 2970 32.4521
2.35115 1 0.00582256 1.19883 1.15877 0.156218 0.11867 0.13966 0.106544 0 0 0 1 1 2980 32.5615
2.35904 1 0.00583661 1.19839 1.15902 0.157399 0.119047 0.140772 0.106877 0 0 0 1 1 2990 32.6708
2.36693 1 0.00585053 1.19796 1.15926 0.158573 0.119431 0.141875 0.107217 0 0 0 1 1 3000 32.7801
2.37481 1 0.00586433 1.19753 1.1595 0.15974 0.119823 0.142972 0.107565 0 0 0 1 1 3010 32.8896
2.3827 1 0.00587801 1.1971 1.15974 0.1609 0.120223 0.144061 0.10792 0 0 0 1 1 3020 32.9987
2.39059 1 0.00589158 1.19667 1.15998 0.162054 0.120631 0.145143 0.108282 0 0 0 1 1 3030 33.1078
2.39848 1 0.00590502 1.19625 1.16021 0.163201 0.121045 0.146218 0.108652 0 0 0 1 1 3040 33.2171
2.40637 1 0.00591834 1.19583 1.16044 0.164342 0.121467 0.147286 0.109028 0 0 0 1 1 3050 33.3264
2.41426 1 0.00593155 1.1954 1.16066 0.165478 0.121896 0.148349 0.109411 0 0 0 1 1 3060 33.4357
2.42215 1 0.00594464 1.19499 1.16089 0.166608 0.122332 0.149405 0.109801 0 0 0 1 1 3070 33.545
2.43004 1 0.00595761 1.19457 1.16111 0.167734 0.122775 0.150456 0.110197 0 0 0 1 1 3080 33.6541
2.43793 1 0.00597046 1.19416 1.16133 0.168856 0.123224 0.151504 0.110599 0 0 0 1 1 3090 33.7635
2.44582 1 0.0059832 1.19375 1.16154 0.169975 0.12368 0.152548 0.111009 0 0 0 1 1 3100 33.8728
2.45371 1 0.00599582 1.19334 1.16175 0.171093 0.124143 0.153589 0.111424 0 0 0 1 1 3110 33.982
2.4616 1 0.00600833 1.19293 1.16196 0.17221 0.124612 0.15463 0.111845 0 0 0 1 1 3120 34.0913
2.46949 1 0.00602072 1.19253 1.16217 0.173328 0.125087 0.155671 0.112273 0 0 0 1 1 3130 34.2006
2.47738 1 0.006033 1.19213 1.16237 0.174449 0.125569 0.156714 0.112706 0 0 0 1 1 3140 34.3101
2.48527 1 0.00604517 1.19173 1.16256 0.175573 0.126057 0.157761 0.113146 0 0 0 1 1 3150 34.4195
2.49316 1 0.00605723 1.19134 1.16276 0.176704 0.126552 0.158813 0.113592 0 0 0 1 1 3160 34.5287
2.50105 1 0.00606917 1.19095 1.16295 0.177843 0.127052 0.159873 0.114043 0 0 0 1 1 3170 34.638
2.50894 1 0.006081 1.19056 1.16313 0.178991 0.127559 0.160942 0.114501 0 0 0 1 1 3180 34.7473
2.51683 1 0.00609273 1.19018 1.16331 0.180153 0.128073 0.162023 0.114965 0 0 0 1 1 3190 34.8566
2.52472 1 0.00610435 1.1898 1.16349 0.181329 0.128593 0.163118 0.115435 0 0 0 1 1 3200 34.966
2.53261 1 0.00611585 1.18942 1.16367 0.182522 0.129119 0.164231 0.115911 0 0 0 1 1 3210 35.0755
2.5405 1 0.00612725 1.18905 1.16384 0.183736 0.129652 0.165363 0.116394 0 0 0 1 1 3220 35.1848
2.54839 1 0.00613855 1.18868 1.164 0.184974 0.130192 0.166518 0.116883 0 0 0 1 1 3230 35.2942
2.55628 1 0.00614974 1.18831 1.16417 0.186237 0.130739 0.167699 0.117379 0 0 0 1 1 3240 35.4042
2.56417 1 0.00616083 1.18795 1.16432 0.187531 0.131294 0.168909 0.117881 0 0 0 1 1 3250 35.514
2.57206 1 0.00617181 1.18759 1.16448 0.188857 0.131855 0.170152 0.118391 0 0 0 1 1 3260 35.6236
2.57995 1 0.00618269 1.18724 1.16463 0.190221 0.132425 0.17143 0.118909 0 0 0 1 1 3270 35.733
2.58784 1 0.00619347 1.18689 1.16477 0.191624 0.133002 0.172749 0.119434 0 0 0 1 1 3280 35.8424
2.59573 1 0.00620415 1.18655 1.16491 0.193072 0.133588 0.17411 0.119967 0 0 0 1 1 3290 35.9517
2.60362 1 0.00621473 1.1862 1.16505 0.194568 0.134183 0.175519 0.120508 0 0 0 1 1 3300 36.0609
2.61151 1 0.00622521 1.18587 1.16518 0.196115 0.134787 0.176979 0.121058 0 0 0 1 1 3310 36.1701
2.6194 1 0.0062356 1.18554 1.16531 0.197719 0.1354 0.178495 0.121618 0 0 0 1 1 3320 36.2792
2.62729 1 0.00624589 1.18521 1.16543 0.199382 0.136024 0.18007 0.122187 0 0 0 1 1 3330 36.3884
2.63518 1 0.00625609 1.18488 1.16555 0.20111 0.136658 0.181708 0.122767 0 0 0 1 1 3340 36.4976
2.64307 1 0.00626619 1.18457 1.16566 0.202907 0.137303 0.183414 0.123357 0 0 0 1 1 3350 36.607
2.65096 1 0.0062762 1.18425 1.16577 0.204776 0.13796 0.185192 0.123959 0 0 0 1 1 3360 36.7163
2.65885 1 0.00628612 1.18394 1.16588 0.206722 0.138629 0.187045 0.124573 0 0 0 1 1 3370 36.8255
2.66674 1 0.00629595 1.18364 1.16598 0.208749 0.139312 0.188979 0.125199 0 0 0 1 1 3380 36.9348
2.67463 1 0.00630569 1.18334 1.16607 0.210861 0.140008 0.190997 0.125839 0 0 0 1 1 3390 37.0441
2.68251 1 0.00631534 1.18304 1.16616 0.213063 0.140718 0.193103 0.126493 0 0 0 1 1 3400 37.1534
2.6904 1 0.00632491 1.18275 1.16625 0.215357 0.141444 0.195301 0.127162 0 0 0 1 1 3410 37.2626
2.69829 1 0.00633439 1.18247 1.16633 0.217748 0.142186 0.197595 0.127846 0 0 0 1 1 3420 37.3718
2.70618 1 0.00634378 1.18219 1.1664 0.22024 0.142944 0.199988 0.128547 0 0 0 1 1 3430 37.481
2.71407 1 0.0063531 1.18191 1.16648 0.222835 0.143721 0.202483 0.129265 0 0 0 1 1 3440 37.5901
2.72196 1 0.00636233 1.18164 1.16654 0.225537 0.144515 0.205084 0.130001 0 0 0 1 1 3450 37.6993
2.72985 1 0.00637148 1.18138 1.1666 0.228348 0.145329 0.207793 0.130756 0 0 0 1 1 3460 37.8086
2.73774 1 0.00638056 1.18112 1.16666 0.231272 0.146164 0.210613 0.131531 0 0 0 1 1 3470 37.9179
2.74563 1 0.00638955 1.18087 1.16671 0.23431 0.147019 0.213546 0.132326 0 0 0 1 1 3480 38.0271
2.75352 1 0.00639847 1.18062 1.16676 0.237464 0.147897 0.216593 0.133144 0 0 0 1 1 3490 38.1363
2.76141 1 0.00640731 1.18037 1.1668 0.240735 0.148798 0.219756 0.133984 0 0 0 1 1 3500 38.2456
2.7693 1 0.00641608 1.18014 1.16684 0.244124 0.149723 0.223035 0.134847 0 0 0 1 1 3510 38.3548
2.77719 1 0.00642478 1.17991 1.16687 0.247631 0.150673 0.22643 0.135735 0 0 0 1 1 3520 38.464
2.78508 1 0.00643341 1.17968 1.1669 0.251256 0.151648 0.229942 0.136648 0 0 0 1 1 3530 38.5731
2.79297 1 0.00644197 1.17946 1.16692 0.254997 0.152651 0.233569 0.137588 0 0 0 1 1 3540 38.6823
2.80086 1 0.00645046 1.17924 1.16694 0.258854 0.153681 0.237309 0.138554 0 0 0 1 1 3550 38.7914
2.80875 1 0.00645888 1.17903 1.16695 0.262824 0.154739 0.24116 0.139549 0 0 0 1 1 3560 38.9005
2.81664 1 0.00646723 1.17883 1.16696 0.266904 0.155827 0.245119 0.140572 0 0 0 1 1 3570 39.0096
2.82453 1 0.00647553 1.17863 1.16696 0.27109 0.156945 0.249182 0.141625 0 0 0 1 1 3580 39.1188
2.83242 1 0.00648376 1.17844 1.16696 0.275377 0.158094 0.253345 0.142708 0 0 0 1 1 3590 39.228
2.84031 1 0.00649192 1.17825 1.16695 0.27976 0.159274 0.257601 0.143822 0 0 0 1 1 3600 39.3371
2.8482 1 0.00650003 1.17807 1.16694 0.284233 0.160487 0.261945 0.144968 0 0 0 1 1 3610 39.4463
2.85609 1 0.00650808 1.1779 1.16693 0.288788 0.161731 0.266369 0.146145 0 0 0 1 1 3620 39.5557
2.86398 1 0.00651607 1.17773 1.16691 0.293417 0.163009 0.270866 0.147355 0 0 0 1 1 3630 39.665
2.87187 1 0.00652401 1.17757 1.16688 0.298113 0.164321 0.275425 0.148598 0 0 0 1 1 3640 39.7742
2.87976 1 0.00653189 1.17741 1.16685 0.302864 0.165666 0.280039 0.149873 0 0 0 1 1 3650 39.8834
2.88765 1 0.00653972 1.17726 1.16681 0.30766 0.167045 0.284695 0.151182 0 0 0 1 1 3660 39.9927
2.89554 1 0.0065475 1.17712 1.16677 0.312491 0.168457 0.289383 0.152524 0 0 0 1 1 3670 40.1021
2.90343 1 0.00655522 1.17698 1.16673 0.317343 0.169904 0.294091 0.153899 0 0 0 1 1 3680 40.2113
2.91132 1 0.0065629 1.17685 1.16668 0.322205 0.171384 0.298805 0.155307 0 0 0 1 1 3690 40.3207
2.91921 1 0.00657054 1.17672 1.16663 0.327062 0.172898 0.303513 0.156748 0 0 0 1 1 3700 40.4299
2.9271 1 0.00657812 1.1766 1.16657 0.3319 0.174444 0.308199 0.158221 0 0 0 1 1 3710 40.5392
2.93499 1 0.00658566 1.17648 1.16651 0.336705 0.176023 0.312851 0.159725 0 0 0 1 1 3720 40.6484
2.94288 1 0.00659316 1.17638 1.16644 0.341463 0.177633 0.317451 0.16126 0 0 0 1 1 3730 40.7577
2.95077 1 0.00660062 1.17627 1.16637 0.346156 0.179274 0.321987 0.162825 0 0 0 1 1 3740 40.8671
2.95866 1 0.00660804 1.17618 1.16629 0.350772 0.180945 0.326441 0.164418 0 0 0 1 1 3750 40.9763
2.96655 1 0.00661542 1.17609 1.16621 0.355292 0.182644 0.330799 0.16604 0 0 0 1 1 3760 41.0856
2.97444 1 0.00662276 1.176 1.16612 0.359703 0.184371 0.335045 0.167688 0 0 0 1 1 3770 41.1951
2.98233 1 0.00663007 1.17593 1.16603 0.36399 0.186123 0.339164 0.16936 0 0 0 1 1 3780 41.3044
2.99022 1 0.00663734 1.17585 1.16594 0.368136 0.1879 0.343141 0.171056 0 0 0 1 1 3790 41.4139
2.99811 1 0.00664458 1.17579 1.16584 0.372128 0.189699 0.346962 0.172774 0 0 0 1 1 3800 41.5232
3.00599 1 0.00665178 1.17573 1.16574 0.375953 0.191519 0.350613 0.174512 0 0 0 1 1 3810 41.6325
3.01388 1 0.00665895 1.17568 1.16563 0.379597 0.193357 0.354083 0.176267 0 0 0 1 1 3820 41.7416
3.02177 1 0.0066661 1.17563 1.16552 0.383049 0.195213 0.357359 0.178039 0 0 0 1 1 3830 41.8507
3.02966 1 0.00667321 1.17559 1.1654 0.386299 0.197083 0.36043 0.179824 0 0 0 1 1 3840 41.9599
3.03755 1 0.00668029 1.17555 1.16528 0.389336 0.198965 0.363289 0.18162 0 0 0 1 1 3850 42.0692
3.04544 1 0.00668735 1.17552 1.16515 0.392155 0.200858 0.365926 0.183426 0 0 0 1 1 3860 42.1783
3.05333 1 0.00669438 1.1755 1.16503 0.394748 0.202758 0.368337 0.185239 0 0 0 1 1 3870 42.2874
3.06122 1 0.00670138 1.17548 1.16489 0.397112 0.204665 0.370518 0.187056 0 0 0 1 1 3880 42.3966
3.06911 1 0.00670836 1.17547 1.16475 0.399244 0.206574 0.372465 0.188876 0 0 0 1 1 3890 42.5058
3.077 1 0.00671532 1.17547 1.16461 0.401144 0.208484 0.37418 0.190696 0 0 0 1 1 3900 42.615
3.08489 1 0.00672224 1.17547 1.16447 0.402813 0.210393 0.375664 0.192514 0 0 0 1 1 3910 42.7241
3.09278 1 0.00672915 1.17548 1.16432 0.404257 0.212299 0.376921 0.194327 0 0 0 1 1 3920 42.8332
3.10067 1 0.00673603 1.17549 1.16416 0.405481 0.214198 0.377958 0.196133 0 0 0 1 1 3930 42.9424
3.10856 1 0.00674289 1.17551 1.164 0.406494 0.21609 0.378784 0.197931 0 0 0 1 1 3940 43.0515
3.11645 1 0.00674972 1.17554 1.16384 0.407307 0.217972 0.379408 0.199717 0 0 0 1 1 3950 43.1607
3.12434 1 0.00675653 1.17557 1.16367 0.407932 0.219843 0.379845 0.201492 0 0 0 1 1 3960 43.27
3.13223 1 0.00676332 1.1756 1.1635 0.408385 0.2217 0.38011 0.203252 0 0 0 1 1 3970 43.3791
3.14012 1 0.00677008 1.17564 1.16333 0.408684 0.223543 0.38022 0.204997 0 0 0 1 1 3980 43.4883
3.14801 1 0.00677682 1.17569 1.16315 0.408847 0.225369 0.380195 0.206725 0 0 0 1 1 3990 43.5975
3.1559 1 0.00678354 1.17575 1.16297 0.408896 0.227179 0.380055 0.208434 0 0 0 1 1 4000 43.7067
3.16379 1 0.00679023 1.17581 1.16278 0.408853 0.228971 0.379824 0.210125 0 0 0 1 1 4010 43.816
3.17168 1 0.0067969 1.17587 1.16259 0.408744 0.230744 0.379527 0.211797 0 0 0 1 1 4020 43.9252
3.17957 1 0.00680355 1.17594 1.16239 0.408593 0.232498 0.379188 0.213449 0 0 0 1 1 4030 44.0344
3.18746 1 0.00681017 1.17602 1.16219 0.408428 0.234234 0.378835 0.215082 0 0 0 1 1 4040 44.1435
3.19535 1 0.00681676 1.1761 1.16199 0.408276 0.235951 0.378495 0.216695 0 0 0 1 1 4050 44.2528
3.20324 1 0.00682333 1.17619 1.16179 0.408165 0.237649 0.378197 0.218288 0 0 0 1 1 4060 44.3621
3.21113 1 0.00682988 1.17628 1.16157 0.408124 0.23933 0.377968 0.219864 0 0 0 1 1 4070 44.4722
3.21902 1 0.0068364 1.17638 1.16136 0.40818 0.240995 0.377837 0.221422 0 0 0 1 1 4080 44.5816
3.22691 1 0.00684289 1.17648 1.16114 0.408362 0.242644 0.377832 0.222964 0 0 0 1 1 4090 44.691
3.2348 1 0.00684935 1.17659 1.16092 0.408697 0.24428 0.377979 0.224492 0 0 0 1 1 4100 44.8002
3.24269 1 0.00685579 1.17671 1.16069 0.409212 0.245904 0.378307 0.226007 0 0 0 1 1 4110 44.9094
3.25058 1 0.0068622 1.17683 1.16046 0.409931 0.247518 0.378838 0.227512 0 0 0 1 1 4120 45.0187
3.25847 1 0.00686858 1.17695 1.16023 0.410879 0.249125 0.379598 0.229008 0 0 0 1 1 4130 45.1279
3.26636 1 0.00687494 1.17708 1.15999 0.412077 0.250726 0.380608 0.230498 0 0 0 1 1 4140 45.2372
3.27425 1 0.00688127 1.17722 1.15975 0.413546 0.252325 0.381888 0.231985 0 0 0 1 1 4150 45.3464
3.28214 1 0.00688757 1.17736 1.15951 0.415303 0.253924 0.383455 0.233471 0 0 0 1 1 4160 45.4556
3.29003 1 0.00689384 1.1775 1.15926 0.417364 0.255526 0.385325 0.23496 0 0 0 1 1 4170 45.5648
3.29792 1 0.00690008 1.17765 1.159 0.41974 0.257134 0.38751 0.236455 0 0 0 1 1 4180 45.6739
3.30581 1 0.0069063 1.17781 1.15875 0.422443 0.258752 0.39002 0.237957 0 0 0 1 1 4190 45.7831
3.3137 1 0.00691249 1.17796 1.15849 0.42548 0.260383 0.392863 0.239472 0 0 0 1 1 4200 45.8922
3.32158 1 0.00691865 1.17813 1.15823 0.428854 0.262029 0.396042 0.241002 0 0 0 1 1 4210 46.0016
3.32947 1 0.00692479 1.1783 1.15796 0.432568 0.263694 0.399558 0.242549 0 0 0 1 1 4220 46.1111
3.33736 1 0.0069309 1.17847 1.15769 0.43662 0.265381 0.403411 0.244118 0 0 0 1 1 4230 46.2204
3.34525 1 0.00693698 1.17865 1.15742 0.441005 0.267093 0.407595 0.245711 0 0 0 1 1 4240 46.3297
3.35314 1 0.00694304 1.17883 1.15714 0.445718 0.268833 0.412104 0.247332 0 0 0 1 1 4250 46.4389
3.36103 1 0.00694908 1.17901 1.15686 0.450747 0.270604 0.416928 0.248983 0 0 0 1 1 4260 46.548
3.36892 1 0.00695509 1.17921 1.15658 0.456081 0.272409 0.422054 0.250666 0 0 0 1 1 4270 46.6573
3.37681 1 0.00696109 1.1794 1.15629 0.461706 0.274251 0.427469 0.252385 0 0 0 1 1 4280 46.7669
3.3847 1 0.00696706 1.1796 1.156 0.467606 0.276131 0.433155 0.254142 0 0 0 1 1 4290 46.8762
3.39259 1 0.00697301 1.1798 1.15571 0.473762 0.278052 0.439094 0.25594 0 0 0 1 1 4300 46.9857
3.40048 1 0.00697895 1.18001 1.15541 0.480154 0.280017 0.445268 0.257779 0 0 0 1 1 4310 47.0949
3.40837 1 0.00698487 1.18022 1.15511 0.486763 0.282026 0.451654 0.259662 0 0 0 1 1 4320 47.2043
3.41626 1 0.00699077 1.18043 1.15481 0.493566 0.284081 0.458231 0.261591 0 0 0 1 1 4330 47.3137
3.42415 1 0.00699666 1.18065 1.15451 0.500541 0.286185 0.464977 0.263567 0 0 0 1 1 4340 47.4229
3.43204 1 0.00700254 1.18087 1.1542 0.507666 0.288337 0.47187 0.26559 0 0 0 1 1 4350 47.5323
3.43993 1 0.00700841 1.1811 1.15389 0.514918 0.290539 0.478886 0.267662 0 0 0 1 1 4360 47.6414
3.44782 1 0.00701427 1.18133 1.15357 0.522276 0.292792 0.486004 0.269784 0 0 0 1 1 4370 47.7505
3.45571 1 0.00702012 1.18156 1.15326 0.529718 0.295095 0.493203 0.271955 0 0 0 1 1 4380 47.8598
3.4636 1 0.00702596 1.1818 1.15294 0.537224 0.297449 0.500463 0.274176 0 0 0 1 1 4390 47.9691
3.47149 1 0.0070318 1.18203 1.15262 0.544775 0.299854 0.507764 0.276447 0 0 0 1 1 4400 48.0782
3.47938 1 0.00703764 1.18228 1.15229 0.552356 0.302311 0.515091 0.278767 0 0 0 1 1 4410 48.1877
3.48727 1 0.00704348 1.18252 1.15197 0.559949 0.304818 0.522427 0.281138 0 0 0 1 1 4420 48.2972
3.49516 1 0.00704932 1.18277 1.15164 0.567542 0.307375 0.529759 0.283557 0 0 0 1 1 4430 48.4069
3.50305 1 0.00705517 1.18302 1.15131 0.575124 0.309981 0.537077 0.286024 0 0 0 1 1 4440 48.5167
3.51094 1 0.00706102 1.18328 1.15097 0.582688 0.312637 0.544372 0.288539 0 0 0 1 1 4450 48.6265
3.51883 1 0.00706687 1.18353 1.15064 0.590226 0.315341 0.551638 0.291102 0 0 0 1 1 4460 48.7362
3.52672 1 0.00707273 1.18379 1.1503 0.597735 0.318092 0.558872 0.29371 0 0 0 1 1 4470 48.8459
3.53461 1 0.00707861 1.18406 1.14996 0.605216 0.32089 0.566074 0.296364 0 0 0 1 1 4480 48.9557
3.5425 1 0.00708449 1.18432 1.14962 0.61267 0.323734 0.573246 0.299062 0 0 0 1 1 4490 49.0654
3.55039 1 0.00709039 1.18459 1.14927 0.620102 0.326624 0.580392 0.301805 0 0 0 1 1 4500 49.1752
3.55828 1 0.0070963 1.18486 1.14893 0.62752 0.329558 0.587519 0.304591 0 0 0 1 1 4510 49.2854
3.56617 1 0.00710223 1.18513 1.14858 0.634932 0.332536 0.594639 0.307419 0 0 0 1 1 4520 49.3946
3.57406 1 0.00710818 1.1854 1.14823 0.642352 0.335559 0.601762 0.31029 0 0 0 1 1 4530 49.5039
3.58195 1 0.00711415 1.18568 1.14788 0.649794 0.338624 0.608903 0.313203 0 0 0 1 1 4540 49.613
3.58984 1 0.00712015 1.18596 1.14753 0.657273 0.341733 0.616079 0.316158 0 0 0 1 1 4550 49.7221
3.59773 1 0.00712617 1.18624 1.14717 0.664809 0.344885 0.623307 0.319154 0 0 0 1 1 4560 49.8315
3.60562 1 0.00713221 1.18652 1.14682 0.67242 0.348081 0.630607 0.322193 0 0 0 1 1 4570 49.9408
3.61351 1 0.00713828 1.1868 1.14646 0.680128 0.351321 0.638 0.325274 0 0 0 1 1 4580 50.05
3.6214 1 0.00714438 1.18709 1.1461 0.687953 0.354606 0.645507 0.328399 0 0 0 1 1 4590 50.168
3.62929 1 0.00715052 1.18738 1.14575 0.695919 0.357936 0.653151 0.331567 0 0 0 1 1 4600 50.2775
3.63717 1 0.00715669 1.18766 1.14539 0.704048 0.361313 0.660955 0.33478 0 0 0 1 1 4610 50.3873
3.64506 1 0.0071629 1.18795 1.14502 0.712363 0.364738 0.66894 0.33804 0 0 0 1 1 4620 50.4972
3.65295 1 0.00716914 1.18825 1.14466 0.720887 0.368211 0.67713 0.341347 0 0 0 1 1 4630 50.6068
3.66084 1 0.00717543 1.18854 1.1443 0.729641 0.371736 0.685546 0.344704 0 0 0 1 1 4640 50.7166
3.66873 1 0.00718176 1.18883 1.14394 0.738646 0.375314 0.694209 0.348111 0 0 0 1 1 4650 50.8263
3.67662 1 0.00718814 1.18913 1.14357 0.747924 0.378947 0.70314 0.351572 0 0 0 1 1 4660 50.936
3.68451 1 0.00719457 1.18942 1.14321 0.757491 0.382637 0.712356 0.355089 0 0 0 1 1 4670 51.0458
3.6924 1 0.00720106 1.18972 1.14284 0.767366 0.386387 0.721875 0.358663 0 0 0 1 1 4680 51.1557
3.70029 1 0.0072076 1.19001 1.14248 0.777564 0.390199 0.731712 0.362298 0 0 0 1 1 4690 51.2651
3.70818 1 0.00721419 1.19031 1.14211 0.788098 0.394075 0.741881 0.365996 0 0 0 1 1 4700 51.3742
3.71607 1 0.00722085 1.19061 1.14175 0.798978 0.39802 0.752391 0.369759 0 0 0 1 1 4710 51.4836
3.72396 1 0.00722758 1.19091 1.14138 0.810215 0.402034 0.763252 0.373591 0 0 0 1 1 4720 51.5928
3.73185 1 0.00723438 1.19121 1.14102 0.821814 0.406122 0.774469 0.377494 0 0 0 1 1 4730 51.7021
3.73974 1 0.00724125 1.19151 1.14065 0.83378 0.410285 0.786048 0.381471 0 0 0 1 1 4740 51.8116
3.74763 1 0.00724819 1.19181 1.14029 0.846113 0.414528 0.797988 0.385525 0 0 0 1 1 4750 51.9212
3.75552 1 0.00725522 1.19211 1.13992 0.858813 0.418853 0.810289 0.389658 0 0 0 1 1 4760 52.0309
3.76341 1 0.00726234 1.19241 1.13956 0.871876 0.423261 0.822947 0.393874 0 0 0 1 1 4770 52.1406
3.7713 1 0.00726955 1.19271 1.13919 0.885296 0.427758 0.835956 0.398176 0 0 0 1 1 4780 52.2502
3.77919 1 0.00727685 1.19301 1.13883 0.899065 0.432344 0.849307 0.402565 0 0 0 1 1 4790 52.3595
3.78708 1 0.00728425 1.19331 1.13847 0.913173 0.437022 0.86299 0.407044 0 0 0 1 1 4800 52.4686
3.79497 1 0.00729176 1.19361 1.1381 0.927607 0.441796 0.876992 0.411616 0 0 0 1 1 4810 52.5777
3.80286 1 0.00729937 1.1939 1.13774 0.942352 0.446666 0.891298 0.416282 0 0 0 1 1 4820 52.687
3.81075 1 0.00730711 1.1942 1.13738 0.957392 0.451635 0.905893 0.421045 0 0 0 1 1 4830 52.7962
3.81864 1 0.00731496 1.1945 1.13702 0.97271 0.456705 0.920758 0.425907 0 0 0 1 1 4840 52.9053
3.82653 1 0.00732294 1.1948 1.13667 0.988287 0.461878 0.935874 0.430868 0 0 0 1 1 4850 53.0146
3.83442 1 0.00733105 1.19509 1.13631 1.0041 0.467154 0.951223 0.435931 0 0 0 1 1 4860 53.1237
3.84231 1 0.0073393 1.19539 1.13596 1.02014 0.472536 0.966782 0.441097 0 0 0 1 1 4870 53.233
3.8502 1 0.00734769 1.19568 1.1356 1.03637 0.478024 0.982532 0.446366 0 0 0 1 1 4880 53.3421
3.85809 1 0.00735623 1.19598 1.13525 1.05278 0.483619 0.99845 0.451739 0 0 0 1 1 4890 53.4513
3.86598 1 0.00736492 1.19627 1.1349 1.06935 0.489321 1.01452 0.457217 0 0 0 1 1 4900 53.5606
3.87387 1 0.00737378 1.19656 1.13455 1.08605 0.495131 1.03071 0.4628 0 0 0 1 1 4910 53.6697
3.88176 1 0.0073828 1.19685 1.13421 1.10287 0.501049 1.04702 0.468489 0 0 0 1 1 4920 53.7789
3.88965 1 0.007392 1.19714 1.13386 1.11979 0.507075 1.06341 0.474282 0 0 0 1 1 4930 53.8884
3.89754 1 0.00740137 1.19743 1.13352 1.13679 0.513209 1.07988 0.480181 0 0 0 1 1 4940 53.9978
3.90543 1 0.00741093 1.19771 1.13318 1.15386 0.519451 1.09641 0.486184 0 0 0 1 1 4950 54.1076
3.91332 1 0.00742068 1.198 1.13284 1.17098 0.5258 1.11298 0.492291 0 0 0 1 1 4960 54.2174
3.92121 1 0.00743063 1.19828 1.13251 1.18814 0.532255 1.12959 0.498502 0 0 0 1 1 4970 54.3274
3.9291 1 0.00744078 1.19856 1.13218 1.20534 0.538816 1.14622 0.504815 0 0 0 1 1 4980 54.4371
3.93699 1 0.00745115 1.19884 1.13185 1.22257 0.545481 1.16288 0.511231 0 0 0 1 1 4990 54.5463
3.94488 1 0.00746173 1.19912 1.13152 1.23982 0.552252 1.17955 0.517747 0 0 0 1 1 5000 54.6555
3.95276 1 0.00747253 1.1994 1.13119 1.2571 0.559125 1.19624 0.524363 0 0 0 1 1 5010 54.7646
3.96065 1 0.00748356 1.19967 1.13087 1.27441 0.566102 1.21295 0.531079 0 0 0 1 1 5020 54.8737
3.96854 1 0.00749483 1.19994 1.13055 1.29175 0.57318 1.22969 0.537894 0 0 0 1 1 5030 54.9831
3.97643 1 0.00750634 1.20021 1.13024 1.30914 0.58036 1.24646 0.544806 0 0 0 1 1 5040 55.0924
3.98432 1 0.00751809 1.20048 1.12992 1.32659 0.587641 1.26329 0.551817 0 0 0 1 1 5050 55.2018
3.99221 1 0.0075301 1.20074 1.12962 1.34412 0.595023 1.28019 0.558924 0 0 0 1 1 5060 55.3112
4.0001 1 0.00754238 1.20101 1.12931 1.36175 0.602505 1.29718 0.566128 0 0 0 1 1 5070 55.4206
4.00799 1 0.00755492 1.20127 1.12901 1.3795 0.610088 1.31428 0.57343 0 0 0 1 1 5080 55.5297
4.01588 1 0.00756773 1.20152 1.12871 1.39739 0.617772 1.33152 0.580829 0 0 0 1 1 5090 55.6389
4.02377 1 0.00758082 1.20178 1.12841 1.41547 0.625558 1.34893 0.588325 0 0 0 1 1 5100 55.748
4.03166 1 0.0075942 1.20203 1.12812 1.43376 0.633446 1.36654 0.595921 0 0 0 1 1 5110 55.8572
4.03955 1 0.00760788 1.20228 1.12783 1.45229 0.641438 1.3844 0.603617 0 0 0 1 1 5120 55.9663
4.04744 1 0.00762185 1.20253 1.12755 1.47111 0.649536 1.40253 0.611414 0 0 0 1 1 5130 56.0754
4.05533 1 0.00763613 1.20277 1.12727 1.49026 0.657741 1.42097 0.619315 0 0 0 1 1 5140 56.1846
4.06322 1 0.00765072 1.20302 1.12699 1.50977 0.666056 1.43978 0.627321 0 0 0 1 1 5150 56.2937
4.07111 1 0.00766564 1.20325 1.12672 1.5297 0.674483 1.45898 0.635437 0 0 0 1 1 5160 56.4029
4.079 1 0.00768088 1.20349 1.12645 1.55008 0.683027 1.47864 0.643664 0 0 0 1 1 5170 56.5121
4.08689 1 0.00769646 1.20372 1.12619 1.57097 0.69169 1.49879 0.652006 0 0 0 1 1 5180 56.6212
4.09478 1 0.00771238 1.20395 1.12593 1.59241 0.700476 1.51948 0.660468 0 0 0 1 1 5190 56.7303
4.10267 1 0.00772865 1.20418 1.12568 1.61444 0.70939 1.54075 0.669054 0 0 0 1 1 5200 56.8397
4.11056 1 0.00774529 1.2044 1.12543 1.63711 0.718437 1.56265 0.677768 0 0 0 1 1 5210 56.9492
4.11845 1 0.00776228 1.20462 1.12518 1.66047 0.727622 1.58523 0.686615 0 0 0 1 1 5220 57.0583
4.12634 1 0.00777966 1.20484 1.12494 1.68455 0.736951 1.60852 0.695602 0 0 0 1 1 5230 57.1675
4.13423 1 0.00779741 1.20505 1.1247 1.70941 0.746429 1.63257 0.704734 0 0 0 1 1 5240 57.2767
4.14212 1 0.00781557 1.20526 1.12447 1.73508 0.756064 1.65742 0.714017 0 0 0 1 1 5250 57.386
4.15001 1 0.00783412 1.20547 1.12425 1.76159 0.765861 1.68311 0.723459 0 0 0 1 1 5260 57.4953
4.1579 1 0.00785308 1.20567 1.12403 1.78898 0.775827 1.70965 0.733065 0 0 0 1 1 5270 57.6045
4.16579 1 0.00787247 1.20587 1.12381 1.81728 0.785971 1.7371 0.742843 0 0 0 1 1 5280 57.7138
4.17368 1 0.00789229 1.20606 1.1236 1.84651 0.796298 1.76547 0.752801 0 0 0 1 1 5290 57.8229
4.18157 1 0.00791255 1.20625 1.1234 1.87671 0.806817 1.79478 0.762945 0 0 0 1 1 5300 57.932
4.18946 1 0.00793327 1.20644 1.1232 1.90788 0.817536 1.82506 0.773283 0 0 0 1 1 5310 58.0414
4.19735 1 0.00795445 1.20663 1.12301 1.94005 0.828461 1.85631 0.783823 0 0 0 1 1 5320 58.1507
4.20524 1 0.00797611 1.20681 1.12282 1.97321 0.839601 1.88854 0.794573 0 0 0 1 1 5330 58.2598
4.21313 1 0.00799825 1.20698 1.12264 2.00738 0.850964 1.92177 0.80554 0 0 0 1 1 5340 58.369
4.22102 1 0.0080209 1.20715 1.12247 2.04255 0.862558 1.95598 0.816732 0 0 0 1 1 5350 58.4782
4.22891 1 0.00804407 1.20732 1.1223 2.07872 0.874389 1.99117 0.828156 0 0 0 1 1 5360 58.5874
4.2368 1 0.00806776 1.20749 1.12213 2.11588 0.886466 2.02733 0.83982 0 0 0 1 1 5370 58.6965
4.24469 1 0.00809199 1.20765 1.12198 2.15401 0.898795 2.06445 0.85173 0 0 0 1 1 5380 58.8059
4.25258 1 0.00811677 1.2078 1.12183 2.1931 0.911384 2.1025 0.863894 0 0 0 1 1 5390 58.9153
4.26046 1 0.00814213 1.20796 1.12168 2.23311 0.924239 2.14146 0.876319 0 0 0 1 1 5400 59.0246
4.26835 1 0.00816807 1.2081 1.12154 2.27403 0.937367 2.1813 0.889009 0 0 0 1 1 5410 59.1339
4.27624 1 0.00819461 1.20825 1.12141 2.31581 0.950773 2.22199 0.901973 0 0 0 1 1 5420 59.243
4.28413 1 0.00822176 1.20839 1.12129 2.35843 0.964465 2.2635 0.915214 0 0 0 1 1 5430 59.3522
4.29202 1 0.00824955 1.20852 1.12117 2.40184 0.978445 2.30577 0.928738 0 0 0 1 1 5440 59.4614
4.29991 1 0.00827798 1.20866 1.12106 2.446 0.99272 2.34878 0.942549 0 0 0 1 1 5450 59.5706
4.3078 1 0.00830707 1.20878 1.12095 2.49087 1.00729 2.39248 0.956653 0 0 0 1 1 5460 59.6801
4.31569 1 0.00833684 1.20891 1.12086 2.5364 1.02217 2.43681 0.971051 0 0 0 1 1 5470 59.7894
4.32358 1 0.00836731 1.20902 1.12076 2.58255 1.03735 2.48174 0.985748 0 0 0 1 1 5480 59.8986
4.33147 1 0.00839849 1.20914 1.12068 2.62926 1.05284 2.5272 1.00075 0 0 0 1 1 5490 60.0078
4.33936 1 0.0084304 1.20925 1.1206 2.67649 1.06864 2.57317 1.01605 0 0 0 1 1 5500 60.1169
4.34725 1 0.00846306 1.20935 1.12053 2.72419 1.08476 2.61958 1.03165 0 0 0 1 1 5510 60.2261
4.35514 1 0.00849648 1.20945 1.12047 2.77231 1.10118 2.66638 1.04757 0 0 0 1 1 5520 60.3353
4.36303 1 0.00853068 1.20955 1.12042 2.8208 1.11792 2.71354 1.06378 0 0 0 1 1 5530 60.4447
4.37092 1 0.00856568 1.20964 1.12037 2.86962 1.13498 2.76101 1.08031 0 0 0 1 1 5540 60.5539
4.37881 1 0.0086015 1.20973 1.12033 2.91873 1.15235 2.80873 1.09714 0 0 0 1 1 5550 60.663
4.3867 1 0.00863816 1.20982 1.1203 2.96808 1.17004 2.85668 1.11428 0 0 0 1 1 5560 60.7722
4.39459 1 0.00867567 1.20989 1.12027 3.01765 1.18804 2.90482 1.13172 0 0 0 1 1 5570 60.8815
4.40248 1 0.00871406 1.20997 1.12025 3.06739 1.20635 2.9531 1.14947 0 0 0 1 1 5580 60.9906
4.41037 1 0.00875333 1.21004 1.12024 3.11727 1.22497 3.00151 1.16752 0 0 0 1 1 5590 61.0999
4.41826 1 0.00879351 1.21011 1.12024 3.16728 1.2439 3.05001 1.18586 0 0 0 1 1 5600 61.2091
4.42615 1 0.00883462 1.21017 1.12024 3.21738 1.26314 3.09859 1.20451 0 0 0 1 1 5610 61.3185
4.43404 1 0.00887667 1.21022 1.12026 3.26756 1.28268 3.14722 1.22345 0 0 0 1 1 5620 61.4277
4.44193 1 0.00891968 1.21028 1.12028 3.31781 1.30253 3.1959 1.24268 0 0 0 1 1 5630 61.5368
4.44982 1 0.00896368 1.21032 1.1203 3.36812 1.32267 3.24461 1.26221 0 0 0 1 1 5640 61.6461
4.45771 1 0.00900867 1.21037 1.12034 3.41849 1.34311 3.29336 1.28202 0 0 0 1 1 5650 61.7553
4.4656 1 0.00905468 1.21041 1.12038 3.46891 1.36385 3.34214 1.30212 0 0 0 1 1 5660 61.8646
4.47349 1 0.00910173 1.21044 1.12043 3.5194 1.38488 3.39095 1.3225 0 0 0 1 1 5670 61.9738
4.48138 1 0.00914983 1.21047 1.12049 3.56995 1.40621 3.43981 1.34316 0 0 0 1 1 5680 62.0831
4.48927 1 0.009199 1.2105 1.12056 3.6206 1.42782 3.48874 1.3641 0 0 0 1 1 5690 62.1923
4.49716 1 0.00924926 1.21052 1.12063 3.67134 1.44972 3.53774 1.38532 0 0 0 1 1 5700 62.3017
4.50505 1 0.00930062 1.21054 1.12071 3.7222 1.4719 3.58683 1.40681 0 0 0 1 1 5710 62.4109
4.51294 1 0.00935311 1.21055 1.1208 3.77321 1.49437 3.63605 1.42857 0 0 0 1 1 5720 62.5203
4.52083 1 0.00940674 1.21056 1.1209 3.82438 1.51711 3.68541 1.45061 0 0 0 1 1 5730 62.6297
4.52872 1 0.00946153 1.21056 1.121 3.87576 1.54014 3.73494 1.47291 0 0 0 1 1 5740 62.7389
4.53661 1 0.0095175 1.21056 1.12111 3.92735 1.56345 3.78467 1.49549 0 0 0 1 1 5750 62.848
4.5445 1 0.00957466 1.21056 1.12123 3.97921 1.58705 3.83463 1.51833 0 0 0 1 1 5760 62.9572
4.55239 1 0.00963304 1.21055 1.12136 4.03134 1.61092 3.88485 1.54145 0 0 0 1 1 5770 63.0665
4.56028 1 0.00969265 1.21054 1.1215 4.08379 1.63507 3.93537 1.56483 0 0 0 1 1 5780 63.1757
4.56817 1 0.0097535 1.21052 1.12164 4.13659 1.6595 3.9862 1.58848 0 0 0 1 1 5790 63.2849
4.57606 1 0.00981563 1.2105 1.12179 4.18975 1.68422 4.03737 1.6124 0 0 0 1 1 5800 63.3941
4.58394 1 0.00987903 1.21048 1.12195 4.24332 1.70921 4.08893 1.63659 0 0 0 1 1 5810 63.5038
4.59183 1 0.00994374 1.21045 1.12211 4.29732 1.73449 4.14088 1.66106 0 0 0 1 1 5820 63.6149
4.59972 1 0.0100098 1.21041 1.12228 4.35176 1.76006 4.19325 1.68579 0 0 0 1 1 5830 63.7246
4.60761 1 0.0100771 1.21038 1.12246 4.40667 1.78591 4.24607 1.7108 0 0 0 1 1 5840 63.8341
4.6155 1 0.0101459 1.21033 1.12265 4.46207 1.81206 4.29935 1.73609 0 0 0 1 1 5850 63.9436
4.62339 1 0.010216 1.21029 1.12285 4.51797 1.83849 4.35311 1.76166 0 0 0 1 1 5860 64.053
4.63128 1 0.0102875 1.21024 1.12305 4.57439 1.86522 4.40736 1.78751 0 0 0 1 1 5870 64.1622
4.63917 1 0.0103604 1.21018 1.12326 4.63133 1.89224 4.4621 1.81364 0 0 0 1 1 5880 64.2714
4.64706 1 0.0104347 1.21013 1.12347 4.68881 1.91956 4.51734 1.84005 0 0 0 1 1 5890 64.3808
4.65495 1 0.0105105 1.21007 1.1237 4.74681 1.94718 4.57309 1.86676 0 0 0 1 1 5900 64.4901
4.66284 1 0.0105878 1.21 1.12393 4.80534 1.97511 4.62934 1.89375 0 0 0 1 1 5910 64.5993
4.67073 1 0.0106665 1.20993 1.12416 4.86439 2.00334 4.68608 1.92103 0 0 0 1 1 5920 64.7086
4.67862 1 0.0107467 1.20986 1.12441 4.92396 2.03187 4.74332 1.94861 0 0 0 1 1 5930 64.818
4.68651 1 0.0108285 1.20978 1.12466 4.98404 2.06072 4.80103 1.97648 0 0 0 1 1 5940 64.9272
4.6944 1 0.0109118 1.2097 1.12492 5.04461 2.08987 4.8592 2.00464 0 0 0 1 1 5950 65.0365
4.70229 1 0.0109967 1.20962 1.12518 5.10566 2.11934 4.91782 2.03311 0 0 0 1 1 5960 65.1457
4.71018 1 0.0110832 1.20953 1.12546 5.16716 2.14912 4.97687 2.06188 0 0 0 1 1 5970 65.255
4.71807 1 0.0111712 1.20944 1.12573 5.22911 2.17921 5.03633 2.09094 0 0 0 1 1 5980 65.3642
4.72596 1 0.0112609 1.20934 1.12602 5.29147 2.20963 5.09618 2.12031 0 0 0 1 1 5990 65.4737
4.73385 1 0.0113522 1.20925 1.12631 5.35423 2.24036 5.1564 2.14998 0 0 0 1 1 6000 65.5832
4.74174 1 0.0114452 1.20914 1.12661 5.41736 2.2714 5.21696 2.17996 0 0 0 1 1 6010 65.6924
4.74963 1 0.0115398 1.20904 1.12691 5.48085 2.30277 5.27784 2.21023 0 0 0 1 1 6020 65.8016
4.75752 1 0.0116361 1.20893 1.12722 5.54466 2.33445 5.33902 2.24081 0 0 0 1 1 6030 65.911
4.76541 1 0.0117342 1.20882 1.12754 5.60878 2.36646 5.40048 2.2717 0 0 0 1 1 6040 66.0203
4.7733 1 0.011834 1.20871 1.12786 5.67319 2.39878 5.4622 2.30288 0 0 0 1 1 6050 66.1298
4.78119 1 0.0119355 1.20859 1.12819 5.73788 2.43142 5.52416 2.33437 0 0 0 1 1 6060 66.239
4.78908 1 0.0120388 1.20847 1.12853 5.80281 2.46437 5.58633 2.36617 0 0 0 1 1 6070 66.3482
4.79697 1 0.0121439 1.20835 1.12887 5.86798 2.49765 5.64872 2.39826 0 0 0 1 1 6080 66.4573
4.80486 1 0.0122508 1.20822 1.12922 5.93339 2.53124 5.71131 2.43065 0 0 0 1 1 6090 66.5664
4.81275 1 0.0123596 1.20809 1.12957 5.99901 2.56514 5.77408 2.46334 0 0 0 1 1 6100 66.6756
4.82064 1 0.0124702 1.20796 1.12993 6.06484 2.59936 5.83704 2.49633 0 0 0 1 1 6110 66.7847
4.82853 1 0.0125826 1.20782 1.13029 6.1309 2.63389 5.90018 2.52961 0 0 0 1 1 6120 66.8939
4.83642 1 0.0126969 1.20768 1.13066 6.19717 2.66873 5.96351 2.56319 0 0 0 1 1 6130 67.0032
4.84431 1 0.0128131 1.20754 1.13104 6.26366 2.70389 6.02702 2.59707 0 0 0 1 1 6140 67.1123
4.8522 1 0.0129313 1.2074 1.13142 6.33039 2.73935 6.09075 2.63123 0 0 0 1 1 6150 67.2216
4.86009 1 0.0130514 1.20726 1.13181 6.39736 2.77512 6.15469 2.66569 0 0 0 1 1 6160 67.3308
4.86798 1 0.0131734 1.20711 1.1322 6.4646 2.81121 6.21886 2.70045 0 0 0 1 1 6170 67.4399
4.87587 1 0.0132974 1.20696 1.1326 6.53214 2.8476 6.28329 2.73549 0 0 0 1 1 6180 67.5492
4.88376 1 0.0134234 1.2068 1.133 6.59998 2.8843 6.348 2.77083 0 0 0 1 1 6190 67.6583
4.89165 1 0.0135513 1.20665 1.13341 6.66817 2.92131 6.41302 2.80645 0 0 0 1 1 6200 67.7675
4.89953 1 0.0136814 1.20649 1.13382 6.73672 2.95863 6.47838 2.84237 0 0 0 1 1 6210 67.8766
4.90742 1 0.0138134 1.20633 1.13424 6.80568 2.99625 6.54411 2.87858 0 0 0 1 1 6220 67.9858
4.91531 1 0.0139475 1.20617 1.13466 6.87507 3.03419 6.61024 2.91508 0 0 0 1 1 6230 68.0949
4.9232 1 0.0140837 1.20601 1.13509 6.94493 3.07245 6.6768 2.95188 0 0 0 1 1 6240 68.204
4.93109 1 0.014222 1.20584 1.13553 7.01528 3.11101 6.74383 2.98898 0 0 0 1 1 6250 68.3132
4.93898 1 0.0143623 1.20568 1.13597 7.08616 3.1499 6.81135 3.02637 0 0 0 1 1 6260 68.4224
4.94687 1 0.0145048 1.20551 1.13641 7.15759 3.1891 6.87938 3.06406 0 0 0 1 1 6270 68.5316
4.95476 1 0.0146495 1.20534 1.13686 7.22959 3.22862 6.94795 3.10205 0 0 0 1 1 6280 68.6408
4.96265 1 0.0147963 1.20516 1.13731 7.30217 3.26847 7.01707 3.14035 0 0 0 1 1 6290 68.75
4.97054 1 0.0149452 1.20499 1.13777 7.37535 3.30864 7.08675 3.17896 0 0 0 1 1 6300 68.8592
4.97843 1 0.0150964 1.20481 1.13824 7.44913 3.34914 7.15699 3.21787 0 0 0 1 1 6310 68.9684
4.98632 1 0.0152497 1.20464 1.13871 7.52348 3.38997 7.22778 3.2571 0 0 0 1 1 6320 69.0775
4.99421 1 0.0154053 1.20446 1.13918 7.5984 3.43114 7.2991 3.29664 0 0 0 1 1 6330 69.1868
5.0021 1 0.0155631 1.20428 1.13966 7.67385 3.47264 7.37091 3.33649 0 0 0 1 1 6340 69.296
5.00999 1 0.0157232 1.2041 1.14014 7.74979 3.51448 7.44317 3.37667 0 0 0 1 1 6350 69.4052
5.01788 1 0.0158855 1.20392 1.14063 7.82615 3.55666 7.51583 3.41716 0 0 0 1 1 6360 69.5144
5.02577 1 0.0160502 1.20373 1.14112 7.90288 3.59917 7.58881 3.45797 0 0 0 1 1 6370 69.6235
5.03366 1 0.0162171 1.20355 1.14162 7.97988 3.64203 7.66203 3.4991 0 0 0 1 1 6380 69.7327
5.04155 1 0.0163864 1.20336 1.14212 8.05704 3.68522 7.73538 3.54055 0 0 0 1 1 6390 69.8418
5.04944 1 0.016558 1.20318 1.14262 8.13427 3.72875 7.80874 3.58231 0 0 0 1 1 6400 69.951
5.05733 1 0.0167319 1.20299 1.14313 8.21142 3.77261 7.88201 3.62439 0 0 0 1 1 6410 70.0602
5.06522 1 0.0169083 1.2028 1.14365 8.28836 3.8168 7.95502 3.66677 0 0 0 1 1 6420 70.1694
5.07311 1 0.017087 1.20261 1.14417 8.36492 3.86131 8.02762 3.70945 0 0 0 1 1 6430 70.2786
5.081 1 0.0172681 1.20243 1.14469 8.44095 3.90613 8.09965 3.75242 0 0 0 1 1 6440 70.3878
5.08889 1 0.0174516 1.20224 1.14522 8.51627 3.95126 8.17093 3.79567 0 0 0 1 1 6450 70.497
5.09678 1 0.0176376 1.20205 1.14575 8.59069 3.99668 8.24128 3.8392 0 0 0 1 1 6460 70.6062
5.10467 1 0.017826 1.20186 1.14628 8.66402 4.04238 8.31051 3.88299 0 0 0 1 1 6470 70.7153
5.11256 1 0.0180169 1.20167 1.14682 8.73607 4.08834 8.37842 3.92701 0 0 0 1 1 6480 70.8245
5.12045 1 0.0182102 1.20148 1.14737 8.80664 4.13456 8.44481 3.97127 0 0 0 1 1 6490 70.9337
5.12834 1 0.018406 1.20129 1.14791 8.87552 4.181 8.5095 4.01573 0 0 0 1 1 6500 71.0429
5.13623 1 0.0186044 1.20109 1.14846 8.94254 4.22766 8.57228 4.06039 0 0 0 1 1 6510 71.152
5.14412 1 0.0188052 1.2009 1.14902 9.00751 4.27451 8.63298 4.10521 0 0 0 1 1 6520 71.2614
5.15201 1 0.0190086 1.20071 1.14957 9.07024 4.32152 8.69142 4.15018 0 0 0 1 1 6530 71.3705
5.1599 1 0.0192145 1.20052 1.15013 9.13058 4.36867 8.74743 4.19526 0 0 0 1 1 6540 71.4798
5.16779 1 0.0194229 1.20033 1.1507 9.18838 4.41595 8.80088 4.24044 0 0 0 1 1 6550 71.589
5.17568 1 0.0196339 1.20014 1.15127 9.24351 4.46331 8.85163 4.28569 0 0 0 1 1 6560 71.6982
5.18357 1 0.0198474 1.19996 1.15184 9.29586 4.51073 8.89958 4.33098 0 0 0 1 1 6570 71.8073
5.19146 1 0.0200635 1.19977 1.15241 9.34535 4.55819 8.94465 4.37627 0 0 0 1 1 6580 71.9165
5.19935 1 0.0202821 1.19958 1.15298 9.39193 4.60565 8.98678 4.42155 0 0 0 1 1 6590 72.0256
5.20723 1 0.0205033 1.19939 1.15356 9.43556 4.65308 9.02594 4.46678 0 0 0 1 1 6600 72.1347
5.21512 1 0.0207271 1.19921 1.15414 9.47625 4.70046 9.06215 4.51194 0 0 0 1 1 6610 72.2439
5.22301 1 0.0209535 1.19902 1.15472 9.51403 4.74776 9.09544 4.55699 0 0 0 1 1 6620 72.3531
5.2309 1 0.0211824 1.19884 1.1553 9.54899 4.79495 9.12587 4.60191 0 0 0 1 1 6630 72.4625
5.23879 1 0.0214139 1.19866 1.15589 9.58121 4.84201 9.15356 4.64667 0 0 0 1 1 6640 72.5717
5.24668 1 0.021648 1.19848 1.15648 9.61084 4.8889 9.17865 4.69125 0 0 0 1 1 6650 72.6808
5.25457 1 0.0218846 1.1983 1.15706 9.63806 4.93562 9.20132 4.73563 0 0 0 1 1 6660 72.7901
5.26246 1 0.0221238 1.19812 1.15765 9.66308 4.98212 9.22177 4.77977 0 0 0 1 1 6670 72.8993
5.27035 1 0.0223655 1.19794 1.15825 9.68614 5.02841 9.24024 4.82368 0 0 0 1 1 6680 73.0087
5.27824 1 0.0226098 1.19777 1.15884 9.7075 5.07445 9.25703 4.86732 0 0 0 1 1 6690 73.1181
5.28613 1 0.0228566 1.1976 1.15943 9.72749 5.12025 9.27242 4.91069 0 0 0 1 1 6700 73.2275
5.29402 1 0.023106 1.19743 1.16002 9.74642 5.16578 9.28675 4.95378 0 0 0 1 1 6710 73.3367
5.30191 1 0.0233579 1.19726 1.16062 9.76465 5.21105 9.30038 4.99658 0 0 0 1 1 6720 73.4459
5.3098 1 0.0236123 1.19709 1.16121 9.78256 5.25605 9.31367 5.03909 0 0 0 1 1 6730 73.5551
5.31769 1 0.0238692 1.19693 1.16181 9.80054 5.30078 9.32703 5.08131 0 0 0 1 1 6740 73.6642
5.32558 1 0.0241287 1.19677 1.16241 9.81899 5.34525 9.34085 5.12325 0 0 0 1 1 6750 73.7733
5.33347 1 0.0243906 1.19661 1.163 9.83831 5.38947 9.35553 5.16492 0 0 0 1 1 6760 73.8826
5.34136 1 0.024655 1.19645 1.1636 9.85891 5.43345 9.37149 5.20633 0 0 0 1 1 6770 73.9918
5.34925 1 0.0249219 1.1963 1.1642 9.8812 5.47721 9.38913 5.24749 0 0 0 1 1 6780 74.1015
5.35714 1 0.0251913 1.19615 1.16479 9.90557 5.52076 9.40884 5.28844 0 0 0 1 1 6790 74.2108
5.36503 1 0.0254632 1.196 1.16539 9.93239 5.56414 9.431 5.32919 0 0 0 1 1 6800 74.32
5.37292 1 0.0257375 1.19586 1.16599 9.96203 5.60738 9.45595 5.36977 0 0 0 1 1 6810 74.4292
5.38081 1 0.0260143 1.19571 1.16659 9.9948 5.65049 9.48403 5.41021 0 0 0 1 1 6820 74.5385
5.3887 1 0.0262935 1.19558 1.16718 10.031 5.69352 9.51553 5.45055 0 0 0 1 1 6830 74.6481
5.39659 1 0.0265752 1.19544 1.16778 10.0709 5.73651 9.5507 5.49082 0 0 0 1 1 6840 74.7574
5.40448 1 0.0268594 1.19531 1.16838 10.1147 5.77948 9.58976 5.53106 0 0 0 1 1 6850 74.8665
5.41237 1 0.027146 1.19518 1.16898 10.1626 5.82249 9.63288 5.57131 0 0 0 1 1 6860 74.9756
5.42026 1 0.0274351 1.19506 1.16958 10.2147 5.86556 9.68019 5.61162 0 0 0 1 1 6870 75.0848
5.42815 1 0.0277266 1.19494 1.17017 10.2711 5.90875 9.73174 5.65201 0 0 0 1 1 6880 75.1939
5.43604 1 0.0280206 1.19482 1.17077 10.3317 5.95209 9.78756 5.69254 0 0 0 1 1 6890 75.3033
5.44393 1 0.0283171 1.19471 1.17137 10.3966 5.99563 9.84761 5.73324 0 0 0 1 1 6900 75.4125
5.45182 1 0.0286161 1.1946 1.17197 10.4657 6.0394 9.9118 5.77416 0 0 0 1 1 6910 75.5218
5.45971 1 0.0289176 1.19449 1.17256 10.5389 6.08344 9.97999 5.81533 0 0 0 1 1 6920 75.6311
5.4676 1 0.0292215 1.19439 1.17316 10.6158 6.12779 10.052 5.85678 0 0 0 1 1 6930 75.7405
5.47549 1 0.029528 1.1943 1.17376 10.6964 6.17248 10.1276 5.89856 0 0 0 1 1 6940 75.8497
5.48338 1 0.0298371 1.19421 1.17435 10.7803 6.21754 10.2064 5.94068 0 0 0 1 1 6950 75.9589
5.49127 1 0.0301486 1.19412 1.17495 10.8671 6.263 10.2882 5.98319 0 0 0 1 1 6960 76.068
5.49916 1 0.0304628 1.19404 1.17554 10.9566 6.30888 10.3725 6.02609 0 0 0 1 1 6970 76.1772
5.50705 1 0.0307795 1.19396 1.17613 11.0483 6.35521 10.459 6.06942 0 0 0 1 1 6980 76.2864
5.51494 1 0.0310988 1.19389 1.17673 11.1417 6.40199 10.5473 6.11318 0 0 0 1 1 6990 76.3957
5.52283 1 0.0314207 1.19382 1.17732 11.2365 6.44924 10.6368 6.15739 0 0 0 1 1 7000 76.5051
5.53071 1 0.0317452 1.19376 1.1779 11.332 6.49697 10.727 6.20205 0 0 0 1 1 7010 76.6143
5.5386 1 0.0320724 1.1937 1.17849 11.4278 6.54516 10.8174 6.24716 0 0 0 1 1 7020 76.7237
5.54649 1 0.0324023 1.19365 1.17908 11.5233 6.59383 10.9076 6.29272 0 0 0 1 1 7030 76.8329
5.55438 1 0.0327348 1.1936 1.17966 11.618 6.64295 10.9968 6.33871 0 0 0 1 1 7040 76.9422
5.56227 1 0.03307 1.19356 1.18024 11.7113 6.69252 11.0847 6.38512 0 0 0 1 1 7050 77.0514
5.57016 1 0.0334079 1.19352 1.18082 11.8027 6.74251 11.1705 6.43193 0 0 0 1 1 7060 77.1606
5.57805 1 0.0337485 1.19349 1.18139 11.8915 6.79289 11.2538 6.47911 0 0 0 1 1 7070 77.2698
5.58594 1 0.0340919 1.19347 1.18196 11.9773 6.84363 11.334 6.52663 0 0 0 1 1 7080 77.379
5.59383 1 0.034438 1.19345 1.18253 12.0594 6.8947 11.4104 6.57445 0 0 0 1 1 7090 77.4882
5.60172 1 0.0347868 1.19344 1.18309 12.1373 6.94606 11.4826 6.62254 0 0 0 1 1 7100 77.5973
5.60961 1 0.0351384 1.19343 1.18364 12.2103 6.99765 11.55 6.67083 0 0 0 1 1 7110 77.7066
5.6175 1 0.0354928 1.19343 1.1842 12.2781 7.04942 11.612 6.71928 0 0 0 1 1 7120 77.8161
5.62539 1 0.0358499 1.19344 1.18474 12.34 7.10132 11.6681 6.76784 0 0 0 1 1 7130 77.9252
5.63328 1 0.0362098 1.19345 1.18529 12.3955 7.15328 11.7179 6.81643 0 0 0 1 1 7140 78.0346
5.64117 1 0.0365725 1.19347 1.18582 12.4443 7.20525 11.7608 6.865 0 0 0 1 1 7150 78.144
5.64906 1 0.0369379 1.19349 1.18635 12.4858 7.25714 11.7965 6.91348 0 0 0 1 1 7160 78.2535
5.65695 1 0.037306 1.19352 1.18687 12.5197 7.30889 11.8245 6.96179 0 0 0 1 1 7170 78.3628
5.66484 1 0.0376769 1.19356 1.18739 12.5456 7.36042 11.8446 7.00985 0 0 0 1 1 7180 78.4719
5.67273 1 0.0380504 1.1936 1.18789 12.5632 7.41165 11.8563 7.0576 0 0 0 1 1 7190 78.5812
5.68062 1 0.0384267 1.19365 1.18839 12.5724 7.4625 11.8596 7.10494 0 0 0 1 1 7200 78.6905
5.68851 1 0.0388056 1.19371 1.18888 12.5728 7.5129 11.8542 7.1518 0 0 0 1 1 7210 78.7998
5.6964 1 0.0391871 1.19377 1.18936 12.5645 7.56276 11.84 7.1981 0 0 0 1 1 7220 78.9092
5.70429 1 0.0395712 1.19384 1.18984 12.5475 7.61199 11.8171 7.24376 0 0 0 1 1 7230 79.0186
5.71218 1 0.0399579 1.19392 1.1903 12.5217 7.66053 11.7855 7.28869 0 0 0 1 1 7240 79.128
5.72007 1 0.0403471 1.194 1.19075 12.4874 7.70828 11.7453 7.33282 0 0 0 1 1 7250 79.2372
5.72796 1 0.0407387 1.19409 1.19119 12.4449 7.75518 11.697 7.37607 0 0 0 1 1 7260 79.3464
5.73585 1 0.0411328 1.19419 1.19163 12.3944 7.80116 11.6407 7.41838 0 0 0 1 1 7270 79.4555
5.74374 1 0.0415292 1.1943 1.19205 12.3365 7.84614 11.577 7.45968 0 0 0 1 1 7280 79.5647
5.75163 1 0.0419279 1.19441 1.19246 12.2716 7.89007 11.5064 7.4999 0 0 0 1 1 7290 79.6739
5.75952 1 0.0423289 1.19452 1.19286 12.2004 7.9329 11.4296 7.53899 0 0 0 1 1 7300 79.783
5.76741 1 0.0427321 1.19465 1.19325 12.1236 7.97457 11.3471 7.57691 0 0 0 1 1 7310 79.8922
5.7753 1 0.0431373 1.19478 1.19363 12.042 8.01504 11.2599 7.61362 0 0 0 1 1 7320 80.0014
5.78319 1 0.0435446 1.19492 1.19399 11.9564 8.05429 11.1688 7.64908 0 0 0 1 1 7330 80.1106
5.79108 1 0.0439539 1.19506 1.19435 11.8678 8.09228 11.0746 7.68328 0 0 0 1 1 7340 80.2198
5.79897 1 0.044365 1.19521 1.19469 11.777 8.12902 10.9784 7.7162 0 0 0 1 1 7350 80.329
5.80686 1 0.044778 1.19537 1.19503 11.6851 8.1645 10.8811 7.74784 0 0 0 1 1 7360 80.4382
5.81475 1 0.0451927 1.19554 1.19535 11.5931 8.19871 10.7837 7.77821 0 0 0 1 1 7370 80.5478
5.82264 1 0.0456091 1.19571 1.19566 11.5019 8.23169 10.6872 7.80732 0 0 0 1 1 7380 80.657
5.83053 1 0.046027 1.19589 1.19596 11.4126 8.26345 10.5926 7.8352 0 0 0 1 1 7390 80.7662
5.83842 1 0.0464465 1.19607 1.19625 11.3261 8.29403 10.5008 7.86189 0 0 0 1 1 7400 80.8754
5.8463 1 0.0468674 1.19626 1.19653 11.2433 8.32347 10.4129 7.88743 0 0 0 1 1 7410 80.9846
5.85419 1 0.0472896 1.19646 1.1968 11.1652 8.35183 10.3296 7.91188 0 0 0 1 1 7420 81.0937
5.86208 1 0.0477132 1.19667 1.19706 11.0925 8.37918 10.2519 7.93529 0 0 0 1 1 7430 81.2029
5.86997 1 0.0481379 1.19688 1.19731 11.026 8.40556 10.1803 7.95774 0 0 0 1 1 7440 81.3121
5.87786 1 0.0485638 1.19709 1.19755 10.9665 8.43107 10.1158 7.9793 0 0 0 1 1 7450 81.4214
5.88575 1 0.0489908 1.19732 1.19778 10.9144 8.45579 10.0587 8.00005 0 0 0 1 1 7460 81.5306
5.89364 1 0.0494188 1.19755 1.198 10.8703 8.47978 10.0096 8.02007 0 0 0 1 1 7470 81.6399
5.90153 1 0.0498477 1.19778 1.19822 10.8346 8.50316 9.96891 8.03947 0 0 0 1 1 7480 81.749
5.90942 1 0.0502775 1.19803 1.19843 10.8075 8.52599 9.93688 8.05831 0 0 0 1 1 7490 81.8582
5.91731 1 0.0507082 1.19828 1.19863 10.7892 8.54838 9.91367 8.0767 0 0 0 1 1 7500 81.9673
5.9252 1 0.0511397 1.19853 1.19883 10.7798 8.57042 9.89934 8.09473 0 0 0 1 1 7510 82.0766
5.93309 1 0.0515719 1.1988 1.19901 10.7791 8.59219 9.89381 8.11249 0 0 0 1 1 7520 82.1858
5.94098 1 0.0520048 1.19906 1.1992 10.7871 8.61379 9.89688 8.13006 0 0 0 1 1 7530 82.2952
5.94887 1 0.0524384 1.19934 1.19938 10.8034 8.63531 9.90825 8.14754 0 0 0 1 1 7540 82.4044
5.95676 1 0.0528727 1.19962 1.19955 10.8275 8.65681 9.92748 8.165 0 0 0 1 1 7550 82.5136
5.96465 1 0.0533075 1.19991 1.19972 10.859 8.67838 9.954 8.18252 0 0 0 1 1 7560 82.6227
5.97254 1 0.0537429 1.2002 1.19989 10.8971 8.70008 9.98713 8.20016 0 0 0 1 1 7570 82.7318
5.98043 1 0.0541789 1.2005 1.20005 10.941 8.72198 10.0261 8.21799 0 0 0 1 1 7580 82.8412
5.98832 1 0.0546153 1.2008 1.2002 10.9898 8.74412 10.0699 8.23605 0 0 0 1 1 7590 82.9503
5.99621 1 0.0550524 1.20112 1.20036 11.0426 8.76655 10.1177 8.25439 0 0 0 1 1 7600 83.0595
6.0041 1 0.0554899 1.20143 1.20051 11.0981 8.78929 10.1682 8.27304 0 0 0 1 1 7610 83.1686
6.01199 1 0.0559278 1.20176 1.20066 11.1554 8.81237 10.2204 8.29201 0 0 0 1 1 7620 83.2778
6.01988 1 0.0563663 1.20209 1.2008 11.213 8.83579 10.2729 8.31131 0 0 0 1 1 7630 83.387
6.02777 1 0.0568052 1.20243 1.20095 11.2697 8.85954 10.3245 8.33093 0 0 0 1 1 7640 83.4963
6.03566 1 0.0572446 1.20277 1.20109 11.3242 8.8836 10.3739 8.35086 0 0 0 1 1 7650 83.6054
6.04355 1 0.0576844 1.20312 1.20122 11.3752 8.90795 10.4198 8.37106 0 0 0 1 1 7660 83.7146
6.05144 1 0.0581247 1.20348 1.20136 11.4214 8.93253 10.4608 8.39149 0 0 0 1 1 7670 83.8237
6.05933 1 0.0585653 1.20384 1.20149 11.4616 8.9573 10.4958 8.41209 0 0 0 1 1 7680 83.9328
6.06722 1 0.0590064 1.20421 1.20161 11.4947 8.98218 10.5237 8.4328 0 0 0 1 1 7690 84.0421
6.07511 1 0.0594479 1.20458 1.20173 11.5197 9.0071 10.5434 8.45353 0 0 0 1 1 7700 84.1512
6.083 1 0.0598897 1.20496 1.20185 11.5358 9.03197 10.5543 8.4742 0 0 0 1 1 7710 84.2604
6.09089 1 0.0603319 1.20535 1.20197 11.5423 9.0567 10.5556 8.49473 0 0 0 1 1 7720 84.3696
6.09878 1 0.0607744 1.20574 1.20208 11.5388 9.0812 10.5469 8.51501 0 0 0 1 1 7730 84.4787
6.10667 1 0.0612172 1.20614 1.20219 11.5252 9.10537 10.5281 8.53495 0 0 0 1 1 7740 84.588
6.11456 1 0.0616602 1.20655 1.20229 11.5015 9.12911 10.4991 8.55446 0 0 0 1 1 7750 84.6971
6.12245 1 0.0621035 1.20696 1.20239 11.4679 9.15233 10.4603 8.57343 0 0 0 1 1 7760 84.8062
6.13034 1 0.062547 1.20738 1.20248 11.4249 9.17493 10.4122 8.59178 0 0 0 1 1 7770 84.9154
6.13823 1 0.0629907 1.20781 1.20257 11.3733 9.19685 10.3555 8.60943 0 0 0 1 1 7780 85.0245
6.14612 1 0.0634345 1.20824 1.20265 11.3141 9.21799 10.2911 8.62631 0 0 0 1 1 7790 85.1336
6.15401 1 0.0638783 1.20867 1.20272 11.2484 9.23831 10.2203 8.64234 0 0 0 1 1 7800 85.2429
6.16189 1 0.0643222 1.20912 1.2028 11.1773 9.25775 10.1442 8.65749 0 0 0 1 1 7810 85.3521
6.16978 1 0.064766 1.20957 1.20286 11.1024 9.27627 10.0642 8.67172 0 0 0 1 1 7820 85.4612
6.17767 1 0.0652098 1.21002 1.20292 11.025 9.29386 9.98191 8.68501 0 0 0 1 1 7830 85.5703
6.18556 1 0.0656534 1.21048 1.20298 10.9467 9.3105 9.89868 8.69734 0 0 0 1 1 7840 85.6795
6.19345 1 0.0660969 1.21095 1.20303 10.869 9.32621 9.81606 8.70874 0 0 0 1 1 7850 85.7887
6.20134 1 0.0665401 1.21142 1.20308 10.7933 9.34101 9.73554 8.71922 0 0 0 1 1 7860 85.8978
6.20923 1 0.0669831 1.2119 1.20312 10.7211 9.35494 9.65853 8.72882 0 0 0 1 1 7870 86.007
6.21712 1 0.0674257 1.21238 1.20315 10.6537 9.36804 9.58636 8.73759 0 0 0 1 1 7880 86.1161
6.22501 1 0.0678679 1.21287 1.20319 10.5923 9.38038 9.52025 8.74559 0 0 0 1 1 7890 86.2253
6.2329 1 0.0683097 1.21337 1.20321 10.538 9.39203 9.46128 8.75291 0 0 0 1 1 7900 86.3344
6.24079 1 0.0687511 1.21387 1.20323 10.4918 9.40307 9.41037 8.75961 0 0 0 1 1 7910 86.4436
6.24868 1 0.0691919 1.21437 1.20325 10.4544 9.4136 9.3683 8.76579 0 0 0 1 1 7920 86.5527
6.25657 1 0.0696322 1.21488 1.20327 10.4264 9.4237 9.33565 8.77154 0 0 0 1 1 7930 86.6619
6.26446 1 0.070072 1.2154 1.20327 10.4082 9.43348 9.31284 8.77697 0 0 0 1 1 7940 86.771
6.27235 1 0.0705111 1.21592 1.20328 10.4001 9.44304 9.3001 8.78218 0 0 0 1 1 7950 86.8801
6.28024 1 0.0709496 1.21644 1.20328 10.4021 9.45248 9.29749 8.78727 0 0 0 1 1 7960 86.9895
6.28813 1 0.0713875 1.21697 1.20327 10.4141 9.4619 9.30488 8.79233 0 0 0 1 1 7970 87.0987
6.29602 1 0.0718247 1.21751 1.20326 10.4358 9.4714 9.32198 8.79747 0 0 0 1 1 7980 87.2079
6.30391 1 0.0722612 1.21805 1.20325 10.4668 9.48107 9.34834 8.80278 0 0 0 1 1 7990 87.3171
6.3118 1 0.0726971 1.21859 1.20323 10.5064 9.491 9.38337 8.80834 0 0 0 1 1 8000 87.4264
6.31969 1 0.0731322 1.21914 1.20321 10.5541 9.50126 9.42634 8.81424 0 0 0 1 1 8010 87.5356
6.32758 1 0.0735667 1.2197 1.20318 10.6088 9.51193 9.47641 8.82054 0 0 0 1 1 8020 87.6448
6.33547 1 0.0740005 1.22025 1.20315 10.6697 9.52308 9.53262 8.82731 0 0 0 1 1 8030 87.7541
6.34336 1 0.0744335 1.22082 1.20311 10.7358 9.53474 9.59395 8.83459 0 0 0 1 1 8040 87.8632
6.35125 1 0.0748659 1.22139 1.20307 10.8059 9.54696 9.6593 8.84243 0 0 0 1 1 8050 87.9723
6.35914 1 0.0752976 1.22196 1.20302 10.879 9.55977 9.72753 8.85086 0 0 0 1 1 8060 88.0815
6.36703 1 0.0757287 1.22254 1.20297 10.9537 9.57318 9.79744 8.85988 0 0 0 1 1 8070 88.1907
6.37492 1 0.076159 1.22312 1.20291 11.029 9.58721 9.86784 8.86951 0 0 0 1 1 8080 88.2999
6.38281 1 0.0765887 1.2237 1.20284 11.1036 9.60183 9.93751 8.87973 0 0 0 1 1 8090 88.409
6.3907 1 0.0770177 1.22429 1.20277 11.1763 9.61703 10.0052 8.89053 0 0 0 1 1 8100 88.5182
6.39859 1 0.077446 1.22489 1.20269 11.2458 9.63279 10.0698 8.90188 0 0 0 1 1 8110 88.6273
6.40648 1 0.0778737 1.22548 1.20261 11.3111 9.64905 10.13 8.91372 0 0 0 1 1 8120 88.7365
6.41437 1 0.0783008 1.22609 1.20251 11.3708 9.66577 10.1848 8.92602 0 0 0 1 1 8130 88.8456
6.42226 1 0.0787271 1.22669 1.20241 11.424 9.68288 10.2329 8.9387 0 0 0 1 1 8140 88.9548
6.43015 1 0.0791529 1.2273 1.2023 11.4695 9.7003 10.2733 8.95169 0 0 0 1 1 8150 89.064
6.43804 1 0.0795779 1.22792 1.20218 11.5063 9.71796 10.305 8.9649 0 0 0 1 1 8160 89.1731
6.44593 1 0.0800023 1.22854 1.20206 11.5333 9.73574 10.3269 8.97824 0 0 0 1 1 8170 89.2823
6.45382 1 0.0804259 1.22916 1.20192 11.5496 9.75357 10.338 8.99161 0 0 0 1 1 8180 89.3915
6.46171 1 0.0808489 1.22979 1.20178 11.5543 9.77131 10.3377 9.00489 0 0 0 1 1 8190 89.5007
6.46959 1 0.0812711 1.23042 1.20162 11.5468 9.78886 10.325 9.01798 0 0 0 1 1 8200 89.6099
6.47748 1 0.0816926 1.23105 1.20146 11.5263 9.8061 10.2994 9.03074 0 0 0 1 1 8210 89.719
6.48537 1 0.0821133 1.23169 1.20129 11.4923 9.82289 10.2603 9.04305 0 0 0 1 1 8220 89.8281
6.49326 1 0.0825331 1.23233 1.2011 11.4446 9.8391 10.2075 9.05477 0 0 0 1 1 8230 89.9372
6.50115 1 0.082952 1.23297 1.20091 11.3828 9.85461 10.1407 9.06579 0 0 0 1 1 8240 90.0464
6.50904 1 0.08337 1.23362 1.2007 11.3071 9.86928 10.06 9.07596 0 0 0 1 1 8250 90.1555
6.51693 1 0.0837871 1.23427 1.20048 11.2177 9.88298 9.96561 9.08516 0 0 0 1 1 8260 90.2647
6.52482 1 0.084203 1.23493 1.20025 11.115 9.89559 9.85803 9.09327 0 0 0 1 1 8270 90.3739
6.53271 1 0.0846179 1.23558 1.20001 10.9998 9.907 9.73792 9.10017 0 0 0 1 1 8280 90.4831
6.5406 1 0.0850315 1.23624 1.19976 10.8728 9.9171 9.60617 9.10575 0 0 0 1 1 8290 90.5922
6.54849 1 0.0854439 1.2369 1.1995 10.7352 9.92578 9.46386 9.10992 0 0 0 1 1 8300 90.7013
6.55638 1 0.085855 1.23757 1.19923 10.5882 9.93297 9.31223 9.11259 0 0 0 1 1 8310 90.8104
6.56427 1 0.0862645 1.23823 1.19894 10.4332 9.9386 9.15267 9.1137 0 0 0 1 1 8320 90.9195
6.57216 1 0.0866726 1.2389 1.19864 10.2717 9.9426 8.98666 9.11319 0 0 0 1 1 8330 91.0286
6.58005 1 0.0870791 1.23957 1.19834 10.1052 9.94495 8.81576 9.11102 0 0 0 1 1 8340 91.1378
6.58794 1 0.0874838 1.24024 1.19802 9.93536 9.94561 8.64156 9.10716 0 0 0 1 1 8350 91.2469
6.59583 1 0.0878867 1.24091 1.19769 9.76366 9.94457 8.46562 9.10162 0 0 0 1 1 8360 91.3562
6.60372 1 0.0882877 1.24158 1.19736 9.59169 9.94186 8.28951 9.09439 0 0 0 1 1 8370 91.4653
6.61161 1 0.0886867 1.24226 1.19701 9.42094 9.93747 8.11469 9.0855 0 0 0 1 1 8380 91.5744
6.6195 1 0.0890835 1.24293 1.19665 9.25279 9.93146 7.94257 9.07499 0 0 0 1 1 8390 91.6835
6.62739 1 0.0894782 1.24361 1.19629 9.08855 9.92388 7.77444 9.06291 0 0 0 1 1 8400 91.7927
6.63528 1 0.0898705 1.24428 1.19591 8.92938 9.91477 7.61145 9.04931 0 0 0 1 1 8410 91.9019
6.64317 1 0.0902605 1.24496 1.19553 8.77633 9.90422 7.45467 9.03427 0 0 0 1 1 8420 92.011
6.65106 1 0.090648 1.24563 1.19514 8.63032 9.8923 7.30501 9.01788 0 0 0 1 1 8430 92.1201
6.65895 1 0.0910328 1.24631 1.19475 8.49216 9.8791 7.16327 9.00021 0 0 0 1 1 8440 92.2293
6.66684 1 0.091415 1.24698 1.19434 8.3625 9.86471 7.0301 8.98137 0 0 0 1 1 8450 92.3385
6.67473 1 0.0917945 1.24765 1.19394 8.2419 9.84923 6.90604 8.96145 0 0 0 1 1 8460 92.4476
6.68262 1 0.0921711 1.24833 1.19352 8.13079 9.83277 6.79155 8.94055 0 0 0 1 1 8470 92.5569
6.69051 1 0.0925448 1.249 1.1931 8.02951 9.81543 6.68693 8.91878 0 0 0 1 1 8480 92.6661
6.6984 1 0.0929155 1.24967 1.19268 7.9383 9.79732 6.59243 8.89625 0 0 0 1 1 8490 92.7752
6.70629 1 0.0932831 1.25033 1.19225 7.85731 9.77854 6.5082 8.87307 0 0 0 1 1 8500 92.8843
6.71418 1 0.0936476 1.251 1.19182 7.78662 9.7592 6.4343 8.84934 0 0 0 1 1 8510 92.9936
6.72207 1 0.094009 1.25166 1.19139 7.72625 9.73941 6.37075 8.82517 0 0 0 1 1 8520 93.1027
6.72996 1 0.094367 1.25233 1.19095 7.67614 9.71928 6.31751 8.80067 0 0 0 1 1 8530 93.2118
6.73785 1 0.0947218 1.25298 1.19052 7.63622 9.69891 6.27446 8.77595 0 0 0 1 1 8540 93.3209
6.74574 1 0.0950732 1.25364 1.19008 7.60634 9.6784 6.24148 8.75109 0 0 0 1 1 8550 93.4301
6.75363 1 0.0954212 1.25429 1.18964 7.58633 9.65785 6.21839 8.72621 0 0 0 1 1 8560 93.5393
6.76152 1 0.0957658 1.25494 1.18921 7.57601 9.63736 6.20498 8.7014 0 0 0 1 1 8570 93.6484
6.76941 1 0.0961069 1.25559 1.18877 7.57512 9.61702 6.20102 8.67676 0 0 0 1 1 8580 93.7577
6.7773 1 0.0964445 1.25623 1.18834 7.58342 9.59692 6.20625 8.65237 0 0 0 1 1 8590 93.8669
6.78519 1 0.0967785 1.25688 1.18791 7.60061 9.57716 6.22036 8.62831 0 0 0 1 1 8600 93.9761
6.79307 1 0.097109 1.25751 1.18749 7.62636 9.5578 6.24302 8.60469 0 0 0 1 1 8610 94.0852
6.80096 1 0.0974359 1.25815 1.18707 7.6603 9.53893 6.27386 8.58156 0 0 0 1 1 8620 94.1945
6.80885 1 0.0977592 1.25877 1.18665 7.70201 9.52063 6.31244 8.55901 0 0 0 1 1 8630 94.3037
6.81674 1 0.0980788 1.2594 1.18624 7.75097 9.50295 6.35827 8.5371 0 0 0 1 1 8640 94.4129
6.82463 1 0.0983949 1.26002 1.18584 7.80664 9.48598 6.41076 8.51589 0 0 0 1 1 8650 94.5222
6.83252 1 0.0987073 1.26064 1.18544 7.86833 9.46975 6.46926 8.49545 0 0 0 1 1 8660 94.6313
6.84041 1 0.0990161 1.26125 1.18505 7.93527 9.45432 6.53298 8.47581 0 0 0 1 1 8670 94.7405
6.8483 1 0.0993212 1.26186 1.18466 8.00655 9.43972 6.60101 8.45702 0 0 0 1 1 8680 94.8498
6.85619 1 0.0996227 1.26246 1.18429 8.08116 9.42599 6.67231 8.4391 0 0 0 1 1 8690 94.9589
6.86408 1 0.0999206 1.26306 1.18392 8.15789 9.41315 6.74573 8.42208 0 0 0 1 1 8700 95.0682
6.87197 1 0.100215 1.26366 1.18356 8.23545 9.40119 6.81992 8.40595 0 0 0 1 1 8710 95.1773
6.87986 1 0.100506 1.26425 1.18321 8.31239 9.39011 6.89346 8.39071 0 0 0 1 1 8720 95.2866
6.88775 1 0.100793 1.26484 1.18286 8.38714 9.3799 6.96477 8.37634 0 0 0 1 1 8730 95.3958
6.89564 1 0.101076 1.26542 1.18253 8.45805 9.3705 7.03221 8.36279 0 0 0 1 1 8740 95.5049
6.90353 1 0.101356 1.26599 1.1822 8.52343 9.36186 7.09409 8.35001 0 0 0 1 1 8750 95.6141
6.91142 1 0.101633 1.26656 1.18188 8.58158 9.35391 7.1487 8.33793 0 0 0 1 1 8760 95.7232
6.91931 1 0.101906 1.26713 1.18156 8.63084 9.34657 7.19441 8.32646 0 0 0 1 1 8770 95.8324
6.9272 1 0.102175 1.26769 1.18125 8.66969 9.33974 7.22968 8.3155 0 0 0 1 1 8780 95.9416
6.93509 1 0.102441 1.26825 1.18095 8.69677 9.33329 7.25317 8.30493 0 0 0 1 1 8790 96.051
6.94298 1 0.102703 1.2688 1.18066 8.71096 9.3271 7.26376 8.29463 0 0 0 1 1 8800 96.1602
6.95087 1 0.102962 1.26935 1.18037 8.71141 9.32103 7.26061 8.28445 0 0 0 1 1 8810 96.2693
6.95876 1 0.103217 1.26989 1.18008 8.69764 9.31496 7.24325 8.27428 0 0 0 1 1 8820 96.3785
6.96665 1 0.103469 1.27042 1.17981 8.6695 9.30873 7.21152 8.26395 0 0 0 1 1 8830 96.4877
6.97454 1 0.103717 1.27095 1.17953 8.62721 9.30221 7.16567 8.25333 0 0 0 1 1 8840 96.5969
6.98243 1 0.103961 1.27148 1.17926 8.57139 9.29526 7.10631 8.2423 0 0 0 1 1 8850 96.7061
6.99032 1 0.104202 1.272 1.179 8.50296 9.28776 7.03438 8.23071 0 0 0 1 1 8860 96.8153
6.99821 1 0.104439 1.27251 1.17874 8.4232 9.2796 6.95115 8.21847 0 0 0 1 1 8870 96.9244
7.0061 1 0.104673 1.27302 1.17849 8.33363 9.27068 6.85816 8.20548 0 0 0 1 1 8880 97.0338
7.01399 1 0.104903 1.27352 1.17824 8.23597 9.26091 6.75713 8.19165 0 0 0 1 1 8890 97.1429
7.02188 1 0.105129 1.27401 1.17799 8.13213 9.25024 6.64997 8.17693 0 0 0 1 1 8900 97.2522
7.02977 1 0.105351 1.2745 1.17775 8.02407 9.23863 6.53864 8.16127 0 0 0 1 1 8910 97.3614
7.03766 1 0.10557 1.27499 1.17752 7.9138 9.22606 6.42516 8.14465 0 0 0 1 1 8920 97.4706
7.04555 1 0.105784 1.27546 1.17729 7.80331 9.21252 6.31152 8.12708 0 0 0 1 1 8930 97.5798
7.05344 1 0.105995 1.27593 1.17706 7.69452 9.19803 6.19963 8.10857 0 0 0 1 1 8940 97.6889
7.06133 1 0.106201 1.27639 1.17684 7.58926 9.18263 6.09133 8.08915 0 0 0 1 1 8950 97.798
7.06922 1 0.106404 1.27685 1.17663 7.48921 9.16637 5.98829 8.06889 0 0 0 1 1 8960 97.9072
7.07711 1 0.106602 1.2773 1.17642 7.39591 9.14932 5.89205 8.04784 0 0 0 1 1 8970 98.0164
7.085 1 0.106797 1.27774 1.17622 7.31074 9.13156 5.80397 8.0261 0 0 0 1 1 8980 98.1256
7.09289 1 0.106987 1.27818 1.17603 7.23488 9.11318 5.72526 8.00375 0 0 0 1 1 8990 98.2347
7.10078 1 0.107173 1.27861 1.17584 7.16935 9.0943 5.65692 7.9809 0 0 0 1 1 9000 98.3439
7.10866 1 0.107355 1.27903 1.17566 7.11499 9.07501 5.59977 7.95767 0 0 0 1 1 9010 98.4532
7.11655 1 0.107532 1.27944 1.17549 7.07246 9.05544 5.55447 7.93416 0 0 0 1 1 9020 98.5624
7.12444 1 0.107706 1.27985 1.17532 7.04223 9.03572 5.5215 7.91051 0 0 0 1 1 9030 98.6716
7.13233 1 0.107875 1.28024 1.17516 7.02463 9.01595 5.50116 7.88683 0 0 0 1 1 9040 98.781
7.14022 1 0.108039 1.28063 1.17501 7.0198 8.99628 5.49361 7.86325 0 0 0 1 1 9050 98.8902
7.14811 1 0.1082 1.28102 1.17487 7.02775 8.97682 5.49884 7.8399 0 0 0 1 1 9060 98.9994
7.156 1 0.108356 1.28139 1.17474 7.04832 8.95771 5.51668 7.81691 0 0 0 1 1 9070 99.1086
7.16389 1 0.108508 1.28176 1.17461 7.08122 8.93905 5.54684 7.79438 0 0 0 1 1 9080 99.2178
7.17178 1 0.108656 1.28212 1.17449 7.12602 8.92096 5.58888 7.77244 0 0 0 1 1 9090 99.327
7.17967 1 0.108799 1.28247 1.17438 7.18216 8.90356 5.64223 7.75119 0 0 0 1 1 9100 99.4361
7.18756 1 0.108939 1.28281 1.17428 7.24897 8.88694 5.70622 7.73073 0 0 0 1 1 9110 99.5452
7.19545 1 0.109074 1.28315 1.17418 7.32564 8.8712 5.78004 7.71116 0 0 0 1 1 9120 99.6544
7.20334 1 0.109204 1.28348 1.1741 7.41128 8.85641 5.8628 7.69256 0 0 0 1 1 9130 99.7636
7.21123 1 0.109331 1.2838 1.17402 7.5049 8.84267 5.95348 7.675 0 0 0 1 1 9140 99.8727
7.21912 1 0.109454 1.28411 1.17395 7.60541 8.83002 6.05102 7.65855 0 0 0 1 1 9150 99.9818
7.22701 1 0.109572 1.28441 1.17389 7.71167 8.81851 6.15425 7.64326 0 0 0 1 1 9160 100.091
7.2349 1 0.109686 1.28471 1.17384 7.82246 8.8082 6.26196 7.62916 0 0 0 1 1 9170 100.209
7.24279 1 0.109797 1.285 1.1738 7.93651 8.79909 6.37288 7.61628 0 0 0 1 1 9180 100.318
7.25068 1 0.109903 1.28528 1.17376 8.05253 8.79122 6.48571 7.60463 0 0 0 1 1 9190 100.427
7.25857 1 0.110005 1.28555 1.17374 8.1692 8.78457 6.59914 7.59421 0 0 0 1 1 9200 100.536
7.26646 1 0.110104 1.28582 1.17372 8.28521 8.77913 6.71184 7.58501 0 0 0 1 1 9210 100.646
7.27435 1 0.110199 1.28607 1.17371 8.39923 8.77488 6.82251 7.577 0 0 0 1 1 9220 100.755
7.28224 1 0.110289 1.28632 1.1737 8.51 8.77178 6.92986 7.57015 0 0 0 1 1 9230 100.864
7.29013 1 0.110376 1.28656 1.17371 8.61625 8.76978 7.03265 7.5644 0 0 0 1 1 9240 100.973
7.29802 1 0.11046 1.2868 1.17372 8.7168 8.76882 7.12969 7.55969 0 0 0 1 1 9250 101.082
7.30591 1 0.11054 1.28702 1.17374 8.81052 8.76882 7.21984 7.55594 0 0 0 1 1 9260 101.191
7.3138 1 0.110616 1.28724 1.17377 8.89635 8.76971 7.30207 7.55308 0 0 0 1 1 9270 101.301
7.32169 1 0.110688 1.28745 1.1738 8.97331 8.77138 7.37539 7.55101 0 0 0 1 1 9280 101.41
7.32958 1 0.110757 1.28766 1.17384 9.04051 8.77375 7.43892 7.54963 0 0 0 1 1 9290 101.519
7.33747 1 0.110822 1.28785 1.17389 9.09714 8.77669 7.49185 7.54884 0 0 0 1 1 9300 101.628
7.34536 1 0.110884 1.28804 1.17394 9.14251 8.78011 7.53349 7.54851 0 0 0 1 1 9310 101.738
7.35325 1 0.110942 1.28822 1.174 9.176 8.78387 7.56324 7.54854 0 0 0 1 1 9320 101.847
7.36114 1 0.110997 1.28839 1.17407 9.19709 8.78786 7.58057 7.54879 0 0 0 1 1 9330 101.956
7.36903 1 0.111048 1.28856 1.17414 9.20538 8.79196 7.5851 7.54913 0 0 0 1 1 9340 102.065
7.37692 1 0.111095 1.28872 1.17422 9.20055 8.79602 7.57652 7.54945 0 0 0 1 1 9350 102.174
7.38481 1 0.11114 1.28887 1.1743 9.18242 8.79992 7.55464 7.54961 0 0 0 1 1 9360 102.283
7.3927 1 0.11118 1.28901 1.17439 9.15091 8.80353 7.51939 7.54948 0 0 0 1 1 9370 102.393
7.40059 1 0.111218 1.28915 1.17448 9.10606 8.80672 7.47083 7.54893 0 0 0 1 1 9380 102.502
7.40848 1 0.111252 1.28928 1.17458 9.04806 8.80937 7.40914 7.54784 0 0 0 1 1 9390 102.611
7.41636 1 0.111282 1.2894 1.17468 8.97723 8.81135 7.33465 7.54607 0 0 0 1 1 9400 102.72
7.42425 1 0.111309 1.28952 1.17479 8.89401 8.81254 7.24783 7.54353 0 0 0 1 1 9410 102.829
7.43214 1 0.111332 1.28962 1.1749 8.79904 8.81284 7.14929 7.54009 0 0 0 1 1 9420 102.938
7.44003 1 0.111352 1.28972 1.17502 8.69306 8.81214 7.03979 7.53565 0 0 0 1 1 9430 103.047
7.44792 1 0.111368 1.28981 1.17514 8.57698 8.81034 6.92025 7.53012 0 0 0 1 1 9440 103.157
7.45581 1 0.11138 1.2899 1.17526 8.45182 8.80737 6.7917 7.52341 0 0 0 1 1 9450 103.266
7.4637 1 0.111389 1.28998 1.17539 8.31873 8.80314 6.65528 7.51546 0 0 0 1 1 9460 103.375
7.47159 1 0.111394 1.29005 1.17553 8.17894 8.79761 6.51223 7.50621 0 0 0 1 1 9470 103.484
7.47948 1 0.111395 1.29011 1.17567 8.03376 8.79073 6.36386 7.4956 0 0 0 1 1 9480 103.593
7.48737 1 0.111393 1.29016 1.17581 7.88451 8.78245 6.2115 7.48362 0 0 0 1 1 9490 103.702
7.49526 1 0.111387 1.29021 1.17596 7.73255 8.77278 6.0565 7.47023 0 0 0 1 1 9500 103.812
7.50315 1 0.111376 1.29025 1.17611 7.57919 8.76169 5.90018 7.45545 0 0 0 1 1 9510 103.921
7.51104 1 0.111362 1.29028 1.17627 7.42572 8.74919 5.74382 7.43926 0 0 0 1 1 9520 104.031
7.51893 1 0.111344 1.2903 1.17643 7.27332 8.73531 5.58862 7.4217 0 0 0 1 1 9530 104.14
7.52682 1 0.111322 1.29032 1.17659 7.1231 8.72008 5.43567 7.40279 0 0 0 1 1 9540 104.249
7.53471 1 0.111296 1.29032 1.17676 6.97605 8.70353 5.28597 7.38258 0 0 0 1 1 9550 104.359
7.5426 1 0.111265 1.29032 1.17694 6.83306 8.68571 5.1404 7.36111 0 0 0 1 1 9560 104.468
7.55049 1 0.111231 1.29031 1.17712 6.69487 8.66669 4.99969 7.33844 0 0 0 1 1 9570 104.577
7.55838 1 0.111192 1.2903 1.1773 6.56211 8.64652 4.8645 7.31464 0 0 0 1 1 9580 104.686
7.56627 1 0.111149 1.29027 1.17749 6.43531 8.62527 4.73532 7.28977 0 0 0 1 1 9590 104.795
7.57416 1 0.111102 1.29024 1.17768 6.31486 8.60302 4.61256 7.26391 0 0 0 1 1 9600 104.905
7.58205 1 0.11105 1.2902 1.17788 6.20108 8.57983 4.49653 7.23713 0 0 0 1 1 9610 105.014
7.58994 1 0.110994 1.29015 1.17808 6.09419 8.55579 4.38743 7.20951 0 0 0 1 1 9620 105.123
7.59783 1 0.110933 1.29009 1.17829 5.99432 8.53097 4.28541 7.18112 0 0 0 1 1 9630 105.232
7.60572 1 0.110868 1.29002 1.1785 5.90155 8.50545 4.19055 7.15205 0 0 0 1 1 9640 105.341
7.61361 1 0.110799 1.28995 1.17872 5.81593 8.4793 4.10287 7.12236 0 0 0 1 1 9650 105.451
7.6215 1 0.110725 1.28986 1.17894 5.73744 8.45261 4.02238 7.09215 0 0 0 1 1 9660 105.56
7.62939 1 0.110646 1.28977 1.17916 5.66606 8.42544 3.94902 7.06147 0 0 0 1 1 9670 105.669
7.63728 1 0.110563 1.28967 1.17939 5.60174 8.39787 3.88276 7.03041 0 0 0 1 1 9680 105.778
7.64517 1 0.110476 1.28956 1.17963 5.54442 8.36999 3.82353 6.99905 0 0 0 1 1 9690 105.888
7.65306 1 0.110383 1.28945 1.17987 5.49405 8.34184 3.77128 6.96745 0 0 0 1 1 9700 105.997
7.66095 1 0.110287 1.28932 1.18012 5.45058 8.31352 3.72596 6.93568 0 0 0 1 1 9710 106.106
7.66884 1 0.110185 1.28919 1.18037 5.41398 8.28509 3.68752 6.90381 0 0 0 1 1 9720 106.215
7.67673 1 0.110079 1.28904 1.18063 5.3842 8.25661 3.65592 6.87192 0 0 0 1 1 9730 106.324
7.68462 1 0.109968 1.28889 1.18089 5.36124 8.22815 3.63115 6.84007 0 0 0 1 1 9740 106.433
7.69251 1 0.109852 1.28873 1.18116 5.34507 8.19979 3.61319 6.80832 0 0 0 1 1 9750 106.542
7.7004 1 0.109732 1.28857 1.18144 5.3357 8.17158 3.60203 6.77675 0 0 0 1 1 9760 106.652
7.70829 1 0.109607 1.28839 1.18173 5.33311 8.1436 3.59766 6.74542 0 0 0 1 1 9770 106.761
7.71618 1 0.109477 1.28821 1.18202 5.3373 8.11591 3.60007 6.71439 0 0 0 1 1 9780 106.87
7.72407 1 0.109343 1.28802 1.18233 5.34825 8.08856 3.60922 6.68372 0 0 0 1 1 9790 106.979
7.73196 1 0.109204 1.28782 1.18264 5.36589 8.06163 3.62507 6.65349 0 0 0 1 1 9800 107.088
7.73984 1 0.10906 1.28761 1.18296 5.39015 8.03517 3.64753 6.62374 0 0 0 1 1 9810 107.198
7.74773 1 0.108911 1.28739 1.18329 5.42091 8.00925 3.67647 6.59454 0 0 0 1 1 9820 107.307
7.75562 1 0.108758 1.28717 1.18363 5.45796 7.98393 3.71169 6.56596 0 0 0 1 1 9830 107.416
7.76351 1 0.1086 1.28694 1.18398 5.50107 7.95925 3.75295 6.53803 0 0 0 1 1 9840 107.525
7.7714 1 0.108438 1.2867 1.18434 5.54988 7.93527 3.79989 6.51082 0 0 0 1 1 9850 107.634
7.77929 1 0.108271 1.28645 1.18471 5.60399 7.91204 3.8521 6.48437 0 0 0 1 1 9860 107.743
7.78718 1 0.108099 1.28619 1.18509 5.66285 7.8896 3.90904 6.45872 0 0 0 1 1 9870 107.853
7.79507 1 0.107923 1.28593 1.18549 5.72586 7.86798 3.97009 6.4339 0 0 0 1 1 9880 107.962
7.80296 1 0.107742 1.28566 1.18589 5.79226 7.84721 4.0345 6.40995 0 0 0 1 1 9890 108.071
7.81085 1 0.107557 1.28538 1.1863 5.86122 7.82732 4.10145 6.38689 0 0 0 1 1 9900 108.18
7.81874 1 0.107367 1.2851 1.18673 5.93182 7.80832 4.17 6.36473 0 0 0 1 1 9910 108.289
7.82663 1 0.107173 1.28481 1.18717 6.00303 7.7902 4.23912 6.34346 0 0 0 1 1 9920 108.398
7.83452 1 0.106975 1.28451 1.18761 6.07376 7.77296 4.30773 6.32309 0 0 0 1 1 9930 108.507
7.84241 1 0.106772 1.2842 1.18807 6.14289 7.75658 4.37471 6.30358 0 0 0 1 1 9940 108.617
7.8503 1 0.106565 1.28389 1.18854 6.20927 7.74104 4.4389 6.28491 0 0 0 1 1 9950 108.726
7.85819 1 0.106354 1.28357 1.18901 6.27178 7.72627 4.49919 6.26704 0 0 0 1 1 9960 108.835
7.86608 1 0.106139 1.28325 1.1895 6.32934 7.71225 4.5545 6.24991 0 0 0 1 1 9970 108.944
7.87397 1 0.105919 1.28292 1.18999 6.38095 7.6989 4.60384 6.23347 0 0 0 1 1 9980 109.053
7.88186 1 0.105695 1.28258 1.1905 6.42575 7.68615 4.64635 6.21763 0 0 0 1 1 9990 109.162
7.88975 1 0.105467 1.28224 1.19101 6.46301 7.67393 4.6813 6.20234 0 0 0 1 1 10000 109.272
7.89764 1 0.105236 1.28188 1.19153 6.49221 7.66216 4.70817 6.18749 0 0 0 1 1 10010 109.381
7.90553 1 0.105 1.28153 1.19206 6.51301 7.65074 4.72663 6.17301 0 0 0 1 1 10020 109.49
7.91342 1 0.10476 1.28117 1.1926 6.52529 7.63959 4.73656 6.15881 0 0 0 1 1 10030 109.599
7.92131 1 0.104516 1.2808 1.19314 6.52915 7.62863 4.73808 6.1448 0 0 0 1 1 10040 109.708
7.9292 1 0.104269 1.28042 1.19369 6.52493 7.61778 4.73151 6.1309 0 0 0 1 1 10050 109.817
7.93709 1 0.104017 1.28004 1.19425 6.51314 7.60694 4.71737 6.11703 0 0 0 1 1 10060 109.927
7.94498 1 0.103762 1.27966 1.19481 6.4945 7.59606 4.69641 6.10312 0 0 0 1 1 10070 110.036
7.95287 1 0.103503 1.27927 1.19538 6.4699 7.58507 4.66948 6.08911 0 0 0 1 1 10080 110.145
7.96076 1 0.10324 1.27887 1.19595 6.44034 7.57392 4.63761 6.07494 0 0 0 1 1 10090 110.254
7.96865 1 0.102973 1.27847 1.19654 6.40693 7.56256 4.60192 6.06057 0 0 0 1 1 10100 110.363
7.97654 1 0.102702 1.27807 1.19712 6.37086 7.55097 4.56357 6.04598 0 0 0 1 1 10110 110.472
7.98443 1 0.102428 1.27765 1.19771 6.33332 7.53913 4.52378 6.03115 0 0 0 1 1 10120 110.582
7.99232 1 0.102149 1.27724 1.19831 6.29554 7.52703 4.48377 6.01607 0 0 0 1 1 10130 110.691
8.00021 1 0.101867 1.27682 1.19891 6.25871 7.51469 4.44473 6.00075 0 0 0 1 1 10140 110.8
8.0081 1 0.101582 1.27639 1.19951 6.22397 7.50211 4.40779 5.9852 0 0 0 1 1 10150 110.909
8.01599 1 0.101292 1.27596 1.20012 6.1924 7.48934 4.37405 5.96946 0 0 0 1 1 10160 111.018
8.02388 1 0.100999 1.27552 1.20073 6.16501 7.47639 4.3445 5.95356 0 0 0 1 1 10170 111.127
8.03177 1 0.100702 1.27508 1.20135 6.14272 7.46334 4.32007 5.93756 0 0 0 1 1 10180 111.237
8.03966 1 0.100401 1.27463 1.20197 6.12636 7.45022 4.30157 5.9215 0 0 0 1 1 10190 111.346
8.04754 1 0.100096 1.27419 1.20259 6.11664 7.43711 4.28972 5.90546 0 0 0 1 1 10200 111.455
8.05543 1 0.0997883 1.27373 1.20322 6.11421 7.42407 4.28517 5.8895 0 0 0 1 1 10210 111.564
8.06332 1 0.0994764 1.27327 1.20385 6.1196 7.41118 4.28843 5.87369 0 0 0 1 1 10220 111.673
8.07121 1 0.0991609 1.27281 1.20449 6.13324 7.39851 4.29994 5.85811 0 0 0 1 1 10230 111.783
8.0791 1 0.0988418 1.27234 1.20512 6.15547 7.38614 4.32003 5.84285 0 0 0 1 1 10240 111.892
8.08699 1 0.0985191 1.27188 1.20576 6.18654 7.37417 4.34895 5.82798 0 0 0 1 1 10250 112.002
8.09488 1 0.0981927 1.2714 1.2064 6.22659 7.36267 4.38683 5.8136 0 0 0 1 1 10260 112.112
8.10277 1 0.0978629 1.27092 1.20705 6.27565 7.35173 4.43371 5.79978 0 0 0 1 1 10270 112.221
8.11066 1 0.0975295 1.27044 1.20769 6.33368 7.34142 4.48953 5.7866 0 0 0 1 1 10280 112.331
8.11855 1 0.0971927 1.26996 1.20834 6.4005 7.33184 4.5541 5.77416 0 0 0 1 1 10290 112.44
8.12644 1 0.0968524 1.26948 1.209 6.47582 7.32306 4.62715 5.76252 0 0 0 1 1 10300 112.549
8.13433 1 0.0965088 1.26899 1.20965 6.55927 7.31515 4.70828 5.75175 0 0 0 1 1 10310 112.658
8.14222 1 0.0961618 1.26849 1.2103 6.6503 7.30819 4.79696 5.74194 0 0 0 1 1 10320 112.767
8.15011 1 0.0958116 1.268 1.21096 6.7483 7.30223 4.89255 5.73314 0 0 0 1 1 10330 112.876
8.158 1 0.0954581 1.2675 1.21162 6.8525 7.29733 4.9943 5.7254 0 0 0 1 1 10340 112.985
8.16589 1 0.0951015 1.26701 1.21228 6.96201 7.29353 5.1013 5.71876 0 0 0 1 1 10350 113.095
8.17378 1 0.0947418 1.26651 1.21294 7.07584 7.29088 5.21257 5.71328 0 0 0 1 1 10360 113.204
8.18167 1 0.0943791 1.266 1.21361 7.19286 7.28939 5.32698 5.70896 0 0 0 1 1 10370 113.313
8.18956 1 0.0940133 1.2655 1.21427 7.31187 7.28908 5.44332 5.70582 0 0 0 1 1 10380 113.422
8.19745 1 0.0936447 1.265 1.21493 7.43155 7.28996 5.56027 5.70387 0 0 0 1 1 10390 113.531
8.20534 1 0.0932733 1.26449 1.2156 7.55052 7.292 5.67644 5.70309 0 0 0 1 1 10400 113.64
8.21323 1 0.0928991 1.26398 1.21627 7.66731 7.29519 5.7904 5.70344 0 0 0 1 1 10410 113.749
8.22112 1 0.0925222 1.26348 1.21693 7.78046 7.29948 5.90064 5.7049 0 0 0 1 1 10420 113.859
8.22901 1 0.0921426 1.26297 1.2176 7.88844 7.30481 6.00567 5.70741 0 0 0 1 1 10430 113.968
8.2369 1 0.0917606 1.26246 1.21826 7.98974 7.31112 6.10397 5.71089 0 0 0 1 1 10440 114.077
8.24479 1 0.091376 1.26196 1.21893 8.08289 7.31833 6.19407 5.71526 0 0 0 1 1 10450 114.187
8.25268 1 0.090989 1.26145 1.21959 8.16646 7.32633 6.27455 5.72043 0 0 0 1 1 10460 114.296
8.26057 1 0.0905997 1.26094 1.22025 8.2391 7.33502 6.34405 5.72628 0 0 0 1 1 10470 114.405
8.26846 1 0.090208 1.26044 1.22091 8.29956 7.34427 6.40135 5.73269 0 0 0 1 1 10480 114.514
8.27635 1 0.0898142 1.25993 1.22157 8.34671 7.35396 6.44531 5.73954 0 0 0 1 1 10490 114.624
8.28424 1 0.0894181 1.25943 1.22222 8.37958 7.36394 6.47498 5.74667 0 0 0 1 1 10500 114.733
8.29213 1 0.0890199 1.25892 1.22287 8.39738 7.37406 6.48956 5.75394 0 0 0 1 1 10510 114.842
8.30002 1 0.0886196 1.25842 1.22352 8.3995 7.38418 6.48847 5.7612 0 0 0 1 1 10520 114.951
8.30791 1 0.0882172 1.25792 1.22416 8.38555 7.39412 6.4713 5.7683 0 0 0 1 1 10530 115.061
8.3158 1 0.0878128 1.25742 1.2248 8.35535 7.40375 6.43791 5.77506 0 0 0 1 1 10540 115.17
8.32369 1 0.0874064 1.25693 1.22543 8.30896 7.41289 6.38834 5.78134 0 0 0 1 1 10550 115.279
8.33158 1 0.086998 1.25643 1.22606 8.24668 7.4214 6.3229 5.78698 0 0 0 1 1 10560 115.388
8.33947 1 0.0865877 1.25594 1.22668 8.16899 7.42913 6.2421 5.79184 0 0 0 1 1 10570 115.497
8.34736 1 0.0861753 1.25545 1.2273 8.07662 7.43594 6.14666 5.79577 0 0 0 1 1 10580 115.606
8.35525 1 0.0857611 1.25496 1.22791 7.97046 7.44169 6.03748 5.79865 0 0 0 1 1 10590 115.716
8.36313 1 0.0853448 1.25447 1.22852 7.85156 7.44627 5.91563 5.80035 0 0 0 1 1 10600 115.825
8.37102 1 0.0849267 1.25399 1.22912 7.7211 7.44956 5.78227 5.80078 0 0 0 1 1 10610 115.934
8.37891 1 0.0845065 1.25351 1.22971 7.58035 7.45149 5.63869 5.79982 0 0 0 1 1 10620 116.043
8.3868 1 0.0840843 1.25303 1.23029 7.43062 7.45195 5.48621 5.79741 0 0 0 1 1 10630 116.152
8.39469 1 0.0836601 1.25255 1.23087 7.27326 7.45089 5.32618 5.79348 0 0 0 1 1 10640 116.261
8.40258 1 0.0832339 1.25208 1.23144 7.10961 7.44825 5.15993 5.78797 0 0 0 1 1 10650 116.37
8.41047 1 0.0828057 1.25161 1.232 6.94098 7.444 4.98879 5.78085 0 0 0 1 1 10660 116.48
8.41836 1 0.0823753 1.25114 1.23255 6.76864 7.43811 4.81402 5.7721 0 0 0 1 1 10670 116.589
8.42625 1 0.0819428 1.25068 1.2331 6.59382 7.43056 4.63686 5.76169 0 0 0 1 1 10680 116.698
8.43414 1 0.0815082 1.25022 1.23363 6.41768 7.42135 4.45847 5.74963 0 0 0 1 1 10690 116.807
8.44203 1 0.0810714 1.24976 1.23416 6.24136 7.4105 4.27999 5.73593 0 0 0 1 1 10700 116.916
8.44992 1 0.0806323 1.2493 1.23468 6.06594 7.39802 4.1025 5.7206 0 0 0 1 1 10710 117.025
8.45781 1 0.080191 1.24885 1.23519 5.89249 7.38394 3.92706 5.70369 0 0 0 1 1 10720 117.134
8.4657 1 0.0797474 1.2484 1.23569 5.72206 7.3683 3.75473 5.68524 0 0 0 1 1 10730 117.243
8.47359 1 0.0793015 1.24796 1.23618 5.55568 7.35116 3.58654 5.66528 0 0 0 1 1 10740 117.353
8.48148 1 0.0788532 1.24752 1.23666 5.39441 7.33258 3.42353 5.64389 0 0 0 1 1 10750 117.462
8.48937 1 0.0784024 1.24708 1.23713 5.23929 7.31262 3.26676 5.62114 0 0 0 1 1 10760 117.571
8.49726 1 0.0779493 1.24664 1.2376 5.09137 7.29136 3.11727 5.59711 0 0 0 1 1 10770 117.68
8.50515 1 0.0774936 1.24621 1.23805 4.95174 7.2689 2.97612 5.57188 0 0 0 1 1 10780 117.789
8.51304 1 0.0770355 1.24579 1.2385 4.82143 7.24534 2.84438 5.54556 0 0 0 1 1 10790 117.898
8.52093 1 0.0765748 1.24536 1.23894 4.70152 7.22078 2.72309 5.51826 0 0 0 1 1 10800 118.007
8.52882 1 0.0761115 1.24494 1.23937 4.59301 7.19534 2.61326 5.49009 0 0 0 1 1 10810 118.116
8.53671 1 0.0756457 1.24453 1.23979 4.49689 7.16914 2.51587 5.46118 0 0 0 1 1 10820 118.225
8.5446 1 0.0751773 1.24412 1.24021 4.41406 7.14233 2.43182 5.43167 0 0 0 1 1 10830 118.335
8.55249 1 0.0747062 1.24371 1.24062 4.34533 7.11504 2.3619 5.4017 0 0 0 1 1 10840 118.444
8.56038 1 0.0742326 1.24331 1.24102 4.29139 7.08743 2.30681 5.37141 0 0 0 1 1 10850 118.553
8.56827 1 0.0737563 1.24291 1.24142 4.2528 7.05963 2.26708 5.34097 0 0 0 1 1 10860 118.662
8.57616 1 0.0732773 1.24252 1.24181 4.22992 7.03182 2.24309 5.31051 0 0 0 1 1 10870 118.771
8.58405 1 0.0727958 1.24213 1.2422 4.22294 7.00414 2.235 5.28021 0 0 0 1 1 10880 118.88
8.59194 1 0.0723117 1.24174 1.24258 4.23182 6.97675 2.24277 5.25021 0 0 0 1 1 10890 118.989
8.59983 1 0.071825 1.24137 1.24296 4.25628 6.9498 2.26611 5.22067 0 0 0 1 1 10900 119.098
8.60772 1 0.0713358 1.24099 1.24333 4.29577 6.92345 2.30447 5.19173 0 0 0 1 1 10910 119.208
8.61561 1 0.070844 1.24062 1.2437 4.34949 6.89782 2.35704 5.16354 0 0 0 1 1 10920 119.317
8.6235 1 0.0703498 1.24026 1.24407 4.41638 6.87304 2.42274 5.13621 0 0 0 1 1 10930 119.426
8.63139 1 0.0698532 1.2399 1.24443 4.49509 6.84924 2.50023 5.10986 0 0 0 1 1 10940 119.535
8.63928 1 0.0693542 1.23955 1.24479 4.58404 6.8265 2.58791 5.0846 0 0 0 1 1 10950 119.644
8.64717 1 0.0688529 1.2392 1.24515 4.6814 6.80491 2.68396 5.0605 0 0 0 1 1 10960 119.754
8.65506 1 0.0683494 1.23886 1.24551 4.78517 6.78453 2.78637 5.03761 0 0 0 1 1 10970 119.863
8.66295 1 0.0678437 1.23853 1.24586 4.89317 6.7654 2.89297 5.01599 0 0 0 1 1 10980 119.972
8.67084 1 0.0673359 1.2382 1.24621 5.00315 6.74753 3.00148 4.99565 0 0 0 1 1 10990 120.081
8.67873 1 0.0668261 1.23787 1.24655 5.11278 6.73093 3.1096 4.97657 0 0 0 1 1 11000 120.19
8.68661 1 0.0663143 1.23756 1.2469 5.21979 6.71556 3.21503 4.95874 0 0 0 1 1 11010 120.3
8.6945 1 0.0658007 1.23725 1.24724 5.32196 6.70137 3.31558 4.94209 0 0 0 1 1 11020 120.409
8.70239 1 0.0652852 1.23694 1.24757 5.41723 6.68829 3.40918 4.92657 0 0 0 1 1 11030 120.519
8.71028 1 0.064768 1.23665 1.24791 5.50374 6.67623 3.49398 4.91208 0 0 0 1 1 11040 120.628
8.71817 1 0.0642491 1.23636 1.24823 5.57988 6.66509 3.56837 4.89851 0 0 0 1 1 11050 120.738
8.72606 1 0.0637287 1.23607 1.24856 5.64433 6.65475 3.63103 4.88574 0 0 0 1 1 11060 120.847
8.73395 1 0.0632067 1.2358 1.24888 5.69606 6.64508 3.68095 4.87365 0 0 0 1 1 11070 120.956
8.74184 1 0.0626832 1.23553 1.24919 5.73438 6.63594 3.71743 4.8621 0 0 0 1 1 11080 121.065
8.74973 1 0.0621582 1.23526 1.24951 5.75891 6.6272 3.74011 4.85094 0 0 0 1 1 11090 121.174
8.75762 1 0.0616319 1.23501 1.24981 5.76955 6.6187 3.74889 4.84005 0 0 0 1 1 11100 121.283
8.76551 1 0.0611043 1.23476 1.25011 5.76651 6.61032 3.74399 4.82927 0 0 0 1 1 11110 121.393
8.7734 1 0.0605753 1.23452 1.25041 5.75023 6.60193 3.72587 4.81849 0 0 0 1 1 11120 121.502
8.78129 1 0.0600451 1.23429 1.2507 5.7214 6.59338 3.6952 4.80755 0 0 0 1 1 11130 121.611
8.78918 1 0.0595137 1.23406 1.25098 5.68088 6.58457 3.65286 4.79637 0 0 0 1 1 11140 121.72
8.79707 1 0.058981 1.23384 1.25126 5.62972 6.57539 3.5999 4.78481 0 0 0 1 1 11150 121.83
8.80496 1 0.0584471 1.23363 1.25153 5.56909 6.56574 3.5375 4.77279 0 0 0 1 1 11160 121.94
8.81285 1 0.057912 1.23343 1.2518 5.50029 6.55555 3.46697 4.76024 0 0 0 1 1 11170 122.05
8.82074 1 0.0573758 1.23323 1.25206 5.42473 6.54474 3.38971 4.74707 0 0 0 1 1 11180 122.159
8.82863 1 0.0568384 1.23304 1.25231 5.34389 6.53326 3.30721 4.73324 0 0 0 1 1 11190 122.269
8.83652 1 0.0562998 1.23286 1.25255 5.25931 6.52107 3.22101 4.71871 0 0 0 1 1 11200 122.378
8.84441 1 0.0557601 1.23269 1.25279 5.1726 6.50816 3.13273 4.70347 0 0 0 1 1 11210 122.487
8.8523 1 0.0552192 1.23252 1.25302 5.08537 6.49452 3.04398 4.68749 0 0 0 1 1 11220 122.6
8.86019 1 0.0546772 1.23236 1.25323 4.99928 6.48015 2.95639 4.67081 0 0 0 1 1 11230 122.709
8.86808 1 0.054134 1.23221 1.25345 4.91593 6.4651 2.8716 4.65344 0 0 0 1 1 11240 122.818
8.87597 1 0.0535897 1.23207 1.25365 4.83692 6.44939 2.7912 4.63543 0 0 0 1 1 11250 122.927
8.88386 1 0.0530443 1.23194 1.25384 4.7638 6.43308 2.71671 4.61684 0 0 0 1 1 11260 123.038
8.89175 1 0.0524977 1.23181 1.25403 4.698 6.41626 2.64958 4.59773 0 0 0 1 1 11270 123.148
8.89964 1 0.05195 1.2317 1.25421 4.64085 6.399 2.59114 4.57819 0 0 0 1 1 11280 123.257
8.90753 1 0.0514012 1.23159 1.25438 4.59356 6.3814 2.54257 4.55833 0 0 0 1 1 11290 123.367
8.91542 1 0.0508513 1.23149 1.25454 4.55712 6.36356 2.50488 4.53824 0 0 0 1 1 11300 123.476
8.92331 1 0.0503003 1.2314 1.25469 4.53236 6.3456 2.47889 4.51803 0 0 0 1 1 11310 123.591
8.9312 1 0.0497483 1.23131 1.25483 4.51988 6.32765 2.46518 4.49784 0 0 0 1 1 11320 123.701
8.93909 1 0.0491953 1.23124 1.25496 4.52001 6.30981 2.4641 4.47778 0 0 0 1 1 11330 123.81
8.94698 1 0.0486413 1.23117 1.25509 4.53285 6.29222 2.47571 4.45798 0 0 0 1 1 11340 123.919
8.95487 1 0.0480864 1.23111 1.2552 4.55819 6.275 2.49982 4.43855 0 0 0 1 1 11350 124.028
8.96276 1 0.0475305 1.23106 1.25531 4.59558 6.25826 2.53596 4.41962 0 0 0 1 1 11360 124.138
8.97065 1 0.0469739 1.23102 1.25541 4.64426 6.24212 2.58337 4.4013 0 0 0 1 1 11370 124.247
8.97854 1 0.0464164 1.23099 1.2555 4.70321 6.22668 2.64102 4.38368 0 0 0 1 1 11380 124.356
8.98643 1 0.0458582 1.23097 1.25558 4.77114 6.21202 2.70763 4.36685 0 0 0 1 1 11390 124.466
8.99432 1 0.0452994 1.23095 1.25565 4.84656 6.19822 2.78169 4.35088 0 0 0 1 1 11400 124.576
9.0022 1 0.04474 1.23095 1.25572 4.92775 6.18533 2.86148 4.33584 0 0 0 1 1 11410 124.689
9.01009 1 0.04418 1.23095 1.25577 5.01284 6.17338 2.94512 4.32175 0 0 0 1 1 11420 124.799
9.01798 1 0.0436196 1.23097 1.25582 5.09983 6.16241 3.03063 4.30864 0 0 0 1 1 11430 124.908
9.02587 1 0.0430589 1.23099 1.25586 5.18667 6.15241 3.11594 4.29651 0 0 0 1 1 11440 125.017
9.03376 1 0.0424978 1.23102 1.25589 5.2713 6.14335 3.199 4.28532 0 0 0 1 1 11450 125.127
9.04165 1 0.0419365 1.23106 1.25591 5.35172 6.13519 3.27782 4.27504 0 0 0 1 1 11460 125.236
9.04954 1 0.041375 1.23111 1.25592 5.42605 6.12787 3.3505 4.26561 0 0 0 1 1 11470 125.345
9.05743 1 0.0408135 1.23117 1.25592 5.49261 6.12132 3.41538 4.25694 0 0 0 1 1 11480 125.454
9.06532 1 0.0402519 1.23124 1.25592 5.54994 6.11544 3.471 4.24895 0 0 0 1 1 11490 125.564
9.07321 1 0.0396904 1.23131 1.2559 5.59689 6.11013 3.51622 4.24154 0 0 0 1 1 11500 125.673
9.0811 1 0.0391289 1.2314 1.25588 5.63265 6.10527 3.55023 4.23458 0 0 0 1 1 11510 125.782
9.08899 1 0.0385677 1.2315 1.25584 5.65673 6.10075 3.57254 4.22796 0 0 0 1 1 11520 125.892
9.09688 1 0.0380066 1.2316 1.2558 5.66902 6.09645 3.58306 4.22156 0 0 0 1 1 11530 126.001
9.10477 1 0.0374458 1.23172 1.25575 5.66973 6.09225 3.58199 4.21527 0 0 0 1 1 11540 126.11
9.11266 1 0.0368852 1.23184 1.25568 5.65935 6.08803 3.56984 4.20897 0 0 0 1 1 11550 126.219
9.12055 1 0.036325 1.23197 1.25561 5.63863 6.0837 3.54735 4.20255 0 0 0 1 1 11560 126.329
9.12844 1 0.0357652 1.23211 1.25553 5.60849 6.07916 3.51547 4.19593 0 0 0 1 1 11570 126.438
9.13633 1 0.0352057 1.23226 1.25544 5.56999 6.07431 3.47524 4.18901 0 0 0 1 1 11580 126.547
9.14422 1 0.0346466 1.23242 1.25534 5.52422 6.0691 3.42776 4.18171 0 0 0 1 1 11590 126.656
9.15211 1 0.0340879 1.23258 1.25523 5.47228 6.06345 3.37413 4.17399 0 0 0 1 1 11600 126.765
9.16 1 0.0335297 1.23276 1.25511 5.41521 6.05731 3.31541 4.16579 0 0 0 1 1 11610 126.875
9.16789 1 0.0329719 1.23294 1.25498 5.35398 6.05065 3.25254 4.15707 0 0 0 1 1 11620 126.984
9.17578 1 0.0324145 1.23313 1.25484 5.28943 6.04343 3.1864 4.14779 0 0 0 1 1 11630 127.094
9.18367 1 0.0318577 1.23333 1.25469 5.22231 6.03563 3.11772 4.13794 0 0 0 1 1 11640 127.203
9.19156 1 0.0313012 1.23354 1.25453 5.15326 6.02724 3.04715 4.1275 0 0 0 1 1 11650 127.312
9.19945 1 0.0307453 1.23376 1.25436 5.08283 6.01824 2.97522 4.11645 0 0 0 1 1 11660 127.421
9.20734 1 0.0301898 1.23398 1.25419 5.01149 6.00863 2.90243 4.10481 0 0 0 1 1 11670 127.53
9.21523 1 0.0296348 1.23421 1.254 4.93966 5.99841 2.82917 4.09255 0 0 0 1 1 11680 127.64
9.22312 1 0.0290803 1.23445 1.2538 4.86772 5.98758 2.75585 4.0797 0 0 0 1 1 11690 127.749
9.23101 1 0.0285263 1.2347 1.2536 4.79606 5.97614 2.68285 4.06625 0 0 0 1 1 11700 127.858
9.2389 1 0.0279727 1.23495 1.25338 4.72507 5.96412 2.61055 4.05221 0 0 0 1 1 11710 127.967
9.24679 1 0.0274197 1.23521 1.25316 4.65517 5.95152 2.53937 4.03761 0 0 0 1 1 11720 128.076
9.25468 1 0.0268671 1.23548 1.25292 4.58679 5.93837 2.46975 4.02245 0 0 0 1 1 11730 128.185
9.26257 1 0.0263149 1.23576 1.25268 4.52039 5.92468 2.40214 4.00677 0 0 0 1 1 11740 128.295
9.27046 1 0.0257633 1.23604 1.25243 4.45646 5.91048 2.33705 3.9906 0 0 0 1 1 11750 128.406
9.27835 1 0.0252121 1.23633 1.25217 4.3955 5.89581 2.27495 3.97395 0 0 0 1 1 11760 128.515
9.28624 1 0.0246614 1.23663 1.25191 4.33801 5.8807 2.21635 3.95688 0 0 0 1 1 11770 128.624
9.29413 1 0.0241112 1.23693 1.25163 4.28446 5.86519 2.1617 3.93941 0 0 0 1 1 11780 128.734
9.30202 1 0.0235614 1.23724 1.25135 4.23525 5.84934 2.11144 3.92161 0 0 0 1 1 11790 128.844
9.30991 1 0.0230122 1.23756 1.25107 4.19076 5.83317 2.06592 3.90351 0 0 0 1 1 11800 128.953
9.31779 1 0.0224634 1.23788 1.25078 4.15123 5.81676 2.02538 3.88516 0 0 0 1 1 11810 129.063
9.32568 1 0.0219151 1.23821 1.25048 4.11682 5.80015 1.98997 3.86663 0 0 0 1 1 11820 129.172
9.33357 1 0.0213674 1.23854 1.25017 4.08754 5.78338 1.95971 3.84795 0 0 0 1 1 11830 129.281
9.34146 1 0.0208202 1.23888 1.24986 4.06326 5.76653 1.93447 3.82919 0 0 0 1 1 11840 129.39
9.34935 1 0.0202735 1.23923 1.24955 4.04373 5.74962 1.91398 3.81039 0 0 0 1 1 11850 129.499
9.35724 1 0.0197274 1.23959 1.24923 4.02853 5.73271 1.89784 3.7916 0 0 0 1 1 11860 129.609
9.36513 1 0.0191819 1.23995 1.24891 4.01712 5.71584 1.88549 3.77286 0 0 0 1 1 11870 129.718
9.37302 1 0.018637 1.24031 1.24858 4.00886 5.69905 1.8763 3.7542 0 0 0 1 1 11880 129.827
9.38091 1 0.0180928 1.24069 1.24824 4.00303 5.68235 1.86954 3.73564 0 0 0 1 1 11890 129.936
9.3888 1 0.0175492 1.24107 1.2479 3.99887 5.66576 1.86445 3.71721 0 0 0 1 1 11900 130.045
9.39669 1 0.0170063 1.24145 1.24755 3.9956 5.64931 1.86026 3.69892 0 0 0 1 1 11910 130.155
9.40458 1 0.0164642 1.24184 1.2472 3.99249 5.63298 1.85624 3.68077 0 0 0 1 1 11920 130.264
9.41247 1 0.0159228 1.24223 1.24685 3.98891 5.61679 1.85173 3.66275 0 0 0 1 1 11930 130.373
9.42036 1 0.0153822 1.24264 1.24649 3.98431 5.60071 1.84621 3.64486 0 0 0 1 1 11940 130.482
9.42825 1 0.0148424 1.24304 1.24612 3.97832 5.58474 1.83931 3.62709 0 0 0 1 1 11950 130.593
9.43614 1 0.0143035 1.24345 1.24575 3.97073 5.56886 1.83082 3.60942 0 0 0 1 1 11960 130.702
9.44403 1 0.0137655 1.24387 1.24537 3.96154 5.55306 1.82072 3.59183 0 0 0 1 1 11970 130.811
9.45192 1 0.0132283 1.24429 1.24499 3.95091 5.53731 1.80919 3.5743 0 0 0 1 1 11980 130.921
9.45981 1 0.0126921 1.24472 1.24461 3.93919 5.5216 1.79657 3.55683 0 0 0 1 1 11990 131.03
9.4677 1 0.0121569 1.24515 1.24422 3.92688 5.50593 1.78338 3.5394 0 0 0 1 1 12000 131.139
9.47559 1 0.0116227 1.24559 1.24382 3.91461 5.49029 1.77022 3.52201 0 0 0 1 1 12010 131.248
9.48348 1 0.0110895 1.24603 1.24342 3.90309 5.47469 1.75783 3.50467 0 0 0 1 1 12020 131.358
9.49137 1 0.0105574 1.24648 1.24302 3.89307 5.45914 1.74695 3.48738 0 0 0 1 1 12030 131.467
9.49926 1 0.0100263 1.24693 1.24261 3.88533 5.44365 1.73834 3.47017 0 0 0 1 1 12040 131.576
9.50715 1 0.00949637 1.24738 1.24219 3.88056 5.42826 1.73271 3.45306 0 0 0 1 1 12050 131.685
9.51504 1 0.00896759 1.24784 1.24178 3.87941 5.41299 1.73071 3.43608 0 0 0 1 1 12060 131.803
9.52293 1 0.00843998 1.2483 1.24136 3.88243 5.39788 1.73286 3.41928 0 0 0 1 1 12070 131.913
9.53082 1 0.00791359 1.24877 1.24093 3.89001 5.38297 1.73958 3.40268 0 0 0 1 1 12080 132.022
9.53871 1 0.00738845 1.24924 1.2405 3.90242 5.36831 1.75113 3.38634 0 0 0 1 1 12090 132.131
9.5466 1 0.00686459 1.24972 1.24007 3.91977 5.35395 1.76761 3.3703 0 0 0 1 1 12100 132.24
9.55449 1 0.00634205 1.25019 1.23964 3.94205 5.33992 1.78901 3.35461 0 0 0 1 1 12110 132.35
9.56238 1 0.00582088 1.25067 1.2392 3.96907 5.32628 1.81514 3.33931 0 0 0 1 1 12120 132.46
9.57027 1 0.0053011 1.25116 1.23876 4.00055 5.31307 1.8457 3.32444 0 0 0 1 1 12130 132.569
9.57816 1 0.00478278 1.25165 1.23831 4.03606 5.30031 1.88029 3.31005 0 0 0 1 1 12140 132.678
9.58605 1 0.00426594 1.25214 1.23787 4.07509 5.28806 1.91838 3.29615 0 0 0 1 1 12150 132.787
9.59394 1 0.00375064 1.25263 1.23742 4.11706 5.27632 1.95939 3.28279 0 0 0 1 1 12160 132.896
9.60183 1 0.00323692 1.25313 1.23696 4.16132 5.26513 2.00266 3.26997 0 0 0 1 1 12170 133.005
9.60972 1 0.00272482 1.25363 1.2365 4.20716 5.25449 2.0475 3.25772 0 0 0 1 1 12180 133.114
9.61761 1 0.0022144 1.25413 1.23604 4.25386 5.24442 2.09317 3.24603 0 0 0 1 1 12190 133.223
9.6255 1 0.0017057 1.25464 1.23558 4.30066 5.23491 2.13892 3.23491 0 0 0 1 1 12200 133.333
9.63338 1 0.00119877 1.25514 1.23511 4.34679 5.22594 2.18398 3.22435 0 0 0 1 1 12210 133.442
9.64127 1 0.00069366 1.25565 1.23464 4.3915 5.21752 2.22759 3.21433 0 0 0 1 1 12220 133.551
9.64916 1 0.00019041 1.25617 1.23417 4.43403 5.20961 2.269 3.20483 0 0 0 1 1 12230 133.66
9.65705 1 -0.00031093 1.25668 1.23369 4.47363 5.20218 2.30747 3.19581 0 0 0 1 1 12240 133.769
9.66494 1 -0.000810314 1.2572 1.23321 4.50958 5.19519 2.34226 3.18724 0 0 0 1 1 12250 133.878
9.67283 1 -0.0013077 1.25772 1.23273 4.54118 5.18861 2.3727 3.17908 0 0 0 1 1 12260 133.987
9.68072 1 -0.00180304 1.25824 1.23224 4.56777 5.18237 2.39811 3.17127 0 0 0 1 1 12270 134.096
9.68861 1 -0.0022963 1.25876 1.23176 4.58873 5.17643 2.41787 3.16376 0 0 0 1 1 12280 134.205
9.6965 1 -0.00278743 1.25929 1.23126 4.60348 5.17072 2.43142 3.15648 0 0 0 1 1 12290 134.315
9.70439 1 -0.00327641 1.25981 1.23077 4.61152 5.16518 2.43825 3.14938 0 0 0 1 1 12300 134.424
9.71228 1 -0.00376318 1.26034 1.23027 4.61238 5.15973 2.4379 3.14237 0 0 0 1 1 12310 134.533
9.72017 1 -0.00424773 1.26087 1.22978 4.60571 5.1543 2.43003 3.13538 0 0 0 1 1 12320 134.643
9.72806 1 -0.00473001 1.2614 1.22927 4.59123 5.14882 2.41434 3.12835 0 0 0 1 1 12330 134.752
9.73595 1 -0.00521001 1.26193 1.22877 4.56876 5.1432 2.39069 3.12119 0 0 0 1 1 12340 134.861
9.74384 1 -0.00568769 1.26246 1.22827 4.53825 5.13738 2.359 3.11382 0 0 0 1 1 12350 134.97
9.75173 1 -0.00616303 1.263 1.22776 4.49976 5.13127 2.31935 3.10617 0 0 0 1 1 12360 135.079
9.75962 1 -0.00663602 1.26353 1.22725 4.45349 5.1248 2.27194 3.09816 0 0 0 1 1 12370 135.188
9.76751 1 -0.00710662 1.26407 1.22674 4.39977 5.11789 2.21711 3.08972 0 0 0 1 1 12380 135.297
9.7754 1 -0.00757484 1.2646 1.22622 4.3391 5.11049 2.15535 3.08078 0 0 0 1 1 12390 135.406
9.78329 1 -0.00804065 1.26514 1.22571 4.27209 5.10252 2.0873 3.07129 0 0 0 1 1 12400 135.516
9.79118 1 -0.00850405 1.26568 1.22519 4.19954 5.09394 2.01373 3.0612 0 0 0 1 1 12410 135.625
9.79907 1 -0.00896503 1.26621 1.22467 4.12234 5.08471 1.93555 3.05045 0 0 0 1 1 12420 135.734
9.80696 1 -0.00942358 1.26675 1.22415 4.04153 5.07478 1.85381 3.03901 0 0 0 1 1 12430 135.843
9.81485 1 -0.0098797 1.26729 1.22363 3.95827 5.06414 1.76965 3.02687 0 0 0 1 1 12440 135.952
9.82274 1 -0.0103334 1.26783 1.22311 3.87377 5.05278 1.6843 3.01401 0 0 0 1 1 12450 136.061
9.83063 1 -0.0107846 1.26836 1.22259 3.78933 5.04069 1.59904 3.00043 0 0 0 1 1 12460 136.17
9.83852 1 -0.0112334 1.2689 1.22206 3.70625 5.0279 1.51519 2.98616 0 0 0 1 1 12470 136.28
9.84641 1 -0.0116798 1.26944 1.22154 3.62585 5.01443 1.43406 2.97121 0 0 0 1 1 12480 136.389
9.8543 1 -0.0121237 1.26997 1.22101 3.54939 5.00032 1.35691 2.95563 0 0 0 1 1 12490 136.498
9.86219 1 -0.0125651 1.27051 1.22048 3.47807 4.98562 1.28494 2.93947 0 0 0 1 1 12500 136.607
9.87008 1 -0.0130041 1.27104 1.21995 3.41298 4.9704 1.21924 2.92279 0 0 0 1 1 12510 136.717
9.87797 1 -0.0134406 1.27157 1.21942 3.35508 4.95472 1.16075 2.90567 0 0 0 1 1 12520 136.826
9.88586 1 -0.0138747 1.2721 1.21889 3.30516 4.93867 1.11027 2.88818 0 0 0 1 1 12530 136.935
9.89375 1 -0.0143063 1.27263 1.21836 3.26385 4.92233 1.06841 2.87042 0 0 0 1 1 12540 137.045
9.90164 1 -0.0147353 1.27316 1.21782 3.23156 4.90579 1.03561 2.85246 0 0 0 1 1 12550 137.154
9.90953 1 -0.0151619 1.27368 1.21729 3.20854 4.88915 1.01208 2.83441 0 0 0 1 1 12560 137.264
9.91742 1 -0.0155859 1.27421 1.21675 3.19481 4.87249 0.997851 2.81636 0 0 0 1 1 12570 137.373
9.92531 1 -0.0160074 1.27473 1.21622 3.1902 4.85592 0.992752 2.79839 0 0 0 1 1 12580 137.482
9.9332 1 -0.0164263 1.27525 1.21568 3.19437 4.83951 0.996431 2.7806 0 0 0 1 1 12590 137.591
9.94109 1 -0.0168426 1.27576 1.21514 3.20681 4.82335 1.00837 2.76306 0 0 0 1 1 12600 137.701
9.94897 1 -0.0172562 1.27628 1.2146 3.22684 4.80751 1.02789 2.74586 0 0 0 1 1 12610 137.81
9.95686 1 -0.0176672 1.27679 1.21406 3.25366 4.79207 1.0542 2.72906 0 0 0 1 1 12620 137.919
9.96475 1 -0.0180755 1.27729 1.21352 3.28638 4.77707 1.08639 2.71271 0 0 0 1 1 12630 138.028
9.97264 1 -0.0184811 1.2778 1.21298 3.324 4.76257 1.12346 2.69687 0 0 0 1 1 12640 138.138
9.98053 1 -0.0188839 1.2783 1.21244 3.36549 4.74861 1.16438 2.68158 0 0 0 1 1 12650 138.247
9.98842 1 -0.019284 1.2788 1.2119 3.40975 4.73521 1.20806 2.66685 0 0 0 1 1 12660 138.356
9.99631 1 -0.0196812 1.27929 1.21137 3.45571 4.72239 1.25341 2.65271 0 0 0 1 1 12670 138.466
10.0042 1 -0.0200756 1.27978 1.21083 3.50229 4.71015 1.29935 2.63917 0 0 0 1 1 12680 138.575
10.0121 1 -0.0204671 1.28026 1.21029 3.54843 4.69849 1.34483 2.6262 0 0 0 1 1 12690 138.684
10.02 1 -0.0208556 1.28075 1.20976 3.59313 4.68739 1.38885 2.61381 0 0 0 1 1 12700 138.793
10.0279 1 -0.0212412 1.28122 1.20922 3.63546 4.67684 1.43048 2.60196 0 0 0 1 1 12710 138.902
10.0358 1 -0.0216239 1.28169 1.20869 3.67454 4.66678 1.46884 2.59062 0 0 0 1 1 12720 139.011
10.0437 1 -0.0220035 1.28216 1.20817 3.7096 4.65719 1.50317 2.57974 0 0 0 1 1 12730 139.12
10.0515 1 -0.0223801 1.28262 1.20764 3.73995 4.64802 1.53276 2.56929 0 0 0 1 1 12740 139.229
10.0594 1 -0.0227537 1.28308 1.20712 3.76499 4.6392 1.55704 2.55921 0 0 0 1 1 12750 139.339
10.0673 1 -0.0231242 1.28353 1.20661 3.78423 4.63069 1.5755 2.54943 0 0 0 1 1 12760 139.448
10.0752 1 -0.0234915 1.28398 1.2061 3.79726 4.62242 1.58775 2.5399 0 0 0 1 1 12770 139.557
10.0831 1 -0.0238558 1.28442 1.20559 3.80378 4.61433 1.59347 2.53055 0 0 0 1 1 12780 139.667
10.091 1 -0.024217 1.28486 1.2051 3.80356 4.60634 1.59246 2.52131 0 0 0 1 1 12790 139.776
10.0989 1 -0.024575 1.28529 1.2046 3.79647 4.59839 1.58459 2.51211 0 0 0 1 1 12800 139.885
10.1068 1 -0.0249298 1.28572 1.20412 3.78245 4.59041 1.56978 2.50289 0 0 0 1 1 12810 139.994
10.1147 1 -0.0252815 1.28614 1.20364 3.76151 4.58234 1.54807 2.49358 0 0 0 1 1 12820 140.103
10.1225 1 -0.0256301 1.28655 1.20316 3.73373 4.5741 1.51953 2.4841 0 0 0 1 1 12830 140.213
10.1304 1 -0.0259754 1.28696 1.2027 3.69924 4.56563 1.4843 2.47441 0 0 0 1 1 12840 140.322
10.1383 1 -0.0263176 1.28736 1.20224 3.65824 4.55687 1.44257 2.46442 0 0 0 1 1 12850 140.431
10.1462 1 -0.0266567 1.28776 1.20179 3.61096 4.54775 1.39459 2.45409 0 0 0 1 1 12860 140.54
10.1541 1 -0.0269925 1.28815 1.20134 3.55769 4.53823 1.34064 2.44335 0 0 0 1 1 12870 140.649
10.162 1 -0.0273252 1.28853 1.2009 3.49876 4.52825 1.28107 2.43216 0 0 0 1 1 12880 140.758
10.1699 1 -0.0276548 1.28891 1.20047 3.43457 4.51775 1.21626 2.42046 0 0 0 1 1 12890 140.868
10.1778 1 -0.0279811 1.28928 1.20005 3.36554 4.5067 1.14664 2.40821 0 0 0 1 1 12900 140.977
10.1857 1 -0.0283043 1.28964 1.19964 3.29214 4.49505 1.0727 2.39538 0 0 0 1 1 12910 141.086
10.1936 1 -0.0286244 1.29 1.19923 3.21493 4.48277 0.99498 2.38191 0 0 0 1 1 12920 141.195
10.2014 1 -0.0289413 1.29035 1.19883 3.1345 4.46984 0.914072 2.3678 0 0 0 1 1 12930 141.304
10.2093 1 -0.0292552 1.29069 1.19844 3.05149 4.45622 0.830631 2.35302 0 0 0 1 1 12940 141.413
10.2172 1 -0.0295658 1.29103 1.19805 2.96661 4.44191 0.745369 2.33754 0 0 0 1 1 12950 141.522
10.2251 1 -0.0298734 1.29136 1.19767 2.88065 4.4269 0.659058 2.32137 0 0 0 1 1 12960 141.631
10.233 1 -0.0301779 1.29169 1.1973 2.79442 4.41118 0.572525 2.30451 0 0 0 1 1 12970 141.741
10.2409 1 -0.0304793 1.292 1.19693 2.7088 4.39477 0.486649 2.28697 0 0 0 1 1 12980 141.85
10.2488 1 -0.0307776 1.29231 1.19657 2.62472 4.37769 0.402352 2.26875 0 0 0 1 1 12990 141.959
10.2567 1 -0.0310729 1.29261 1.19622 2.54314 4.35996 0.32059 2.2499 0 0 0 1 1 13000 142.068
10.2646 1 -0.031365 1.29291 1.19587 2.46503 4.34162 0.242339 2.23045 0 0 0 1 1 13010 142.177
10.2725 1 -0.0316542 1.2932 1.19553 2.39137 4.32271 0.168581 2.21044 0 0 0 1 1 13020 142.286
10.2803 1 -0.0319403 1.29348 1.1952 2.32314 4.30329 0.100287 2.18993 0 0 0 1 1 13030 142.396
10.2882 1 -0.0322233 1.29375 1.19487 2.26128 4.28342 0.038395 2.16898 0 0 0 1 1 13040 142.505
10.2961 1 -0.0325033 1.29402 1.19455 2.20668 4.26318 -0.016207 2.14767 0 0 0 1 1 13050 142.614
10.304 1 -0.0327803 1.29427 1.19424 2.16016 4.24264 -0.0627036 2.12608 0 0 0 1 1 13060 142.723
10.3119 1 -0.0330542 1.29452 1.19393 2.12245 4.22189 -0.100372 2.10428 0 0 0 1 1 13070 142.832
10.3198 1 -0.0333251 1.29477 1.19363 2.09417 4.20103 -0.128601 2.08238 0 0 0 1 1 13080 142.941
10.3277 1 -0.0335929 1.295 1.19333 2.07579 4.18015 -0.146911 2.06047 0 0 0 1 1 13090 143.051
10.3356 1 -0.0338577 1.29523 1.19305 2.06766 4.15934 -0.154968 2.03865 0 0 0 1 1 13100 143.16
10.3435 1 -0.0341194 1.29545 1.19277 2.06995 4.13872 -0.152594 2.01703 0 0 0 1 1 13110 143.27
10.3514 1 -0.034378 1.29566 1.19249 2.08269 4.11838 -0.139781 1.99569 0 0 0 1 1 13120 143.38
10.3592 1 -0.0346335 1.29586 1.19223 2.10572 4.09843 -0.116694 1.97475 0 0 0 1 1 13130 143.489
10.3671 1 -0.0348858 1.29605 1.19197 2.13869 4.07895 -0.0836673 1.9543 0 0 0 1 1 13140 143.599
10.375 1 -0.035135 1.29624 1.19172 2.18112 4.06004 -0.0412096 1.93443 0 0 0 1 1 13150 143.709
10.3829 1 -0.0353809 1.29642 1.19147 2.23233 4.04178 0.0100108 1.91522 0 0 0 1 1 13160 143.818
10.3908 1 -0.0356237 1.29659 1.19124 2.29152 4.02425 0.0691745 1.89675 0 0 0 1 1 13170 143.927
10.3987 1 -0.0358631 1.29675 1.19101 2.35772 4.00752 0.135328 1.87908 0 0 0 1 1 13180 144.036
10.4066 1 -0.0360993 1.2969 1.19079 2.42989 3.99164 0.207402 1.86227 0 0 0 1 1 13190 144.145
10.4145 1 -0.0363322 1.29705 1.19057 2.50684 3.97666 0.284233 1.84637 0 0 0 1 1 13200 144.255
10.4224 1 -0.0365616 1.29718 1.19037 2.58736 3.9626 0.364588 1.8314 0 0 0 1 1 13210 144.364
10.4302 1 -0.0367877 1.29731 1.19017 2.67016 3.94949 0.447191 1.81738 0 0 0 1 1 13220 144.473
10.4381 1 -0.0370103 1.29743 1.18998 2.75396 3.93733 0.530746 1.80433 0 0 0 1 1 13230 144.582
10.446 1 -0.0372294 1.29754 1.1898 2.83747 3.92611 0.613964 1.79222 0 0 0 1 1 13240 144.692
10.4539 1 -0.0374449 1.29765 1.18963 2.91942 3.91582 0.695593 1.78105 0 0 0 1 1 13250 144.802
10.4618 1 -0.0376569 1.29774 1.18947 2.99863 3.90643 0.774434 1.77077 0 0 0 1 1 13260 144.911
10.4697 1 -0.0378652 1.29783 1.18932 3.07397 3.89789 0.849371 1.76136 0 0 0 1 1 13270 145.021
10.4776 1 -0.0380699 1.2979 1.18917 3.14443 3.89016 0.919384 1.75275 0 0 0 1 1 13280 145.13
10.4855 1 -0.038271 1.29797 1.18903 3.20908 3.88316 0.983568 1.74489 0 0 0 1 1 13290 145.24
10.4934 1 -0.0384683 1.29803 1.1889 3.26717 3.87683 1.04115 1.7377 0 0 0 1 1 13300 145.35
10.5013 1 -0.0386618 1.29808 1.18879 3.31803 3.8711 1.09148 1.73111 0 0 0 1 1 13310 145.46
10.5091 1 -0.0388516 1.29813 1.18868 3.36117 3.86589 1.13407 1.72504 0 0 0 1 1 13320 145.569
10.517 1 -0.0390376 1.29816 1.18858 3.39623 3.86111 1.16856 1.71941 0 0 0 1 1 13330 145.678
10.5249 1 -0.0392198 1.29819 1.18848 3.423 3.85668 1.19474 1.71412 0 0 0 1 1 13340 145.787
10.5328 1 -0.0393982 1.29821 1.1884 3.44139 3.85251 1.21253 1.70911 0 0 0 1 1 13350 145.897
10.5407 1 -0.0395727 1.29822 1.18833 3.45145 3.84852 1.22199 1.70427 0 0 0 1 1 13360 146.006
10.5486 1 -0.0397433 1.29822 1.18826 3.45336 3.84462 1.22329 1.69953 0 0 0 1 1 13370 146.115
10.5565 1 -0.0399101 1.29821 1.18821 3.44738 3.84073 1.2167 1.6948 0 0 0 1 1 13380 146.224
10.5644 1 -0.040073 1.2982 1.18817 3.43388 3.83679 1.20261 1.69002 0 0 0 1 1 13390 146.333
10.5723 1 -0.0402321 1.29817 1.18813 3.41332 3.83271 1.18146 1.6851 0 0 0 1 1 13400 146.442
10.5802 1 -0.0403872 1.29814 1.1881 3.38621 3.82843 1.15376 1.67999 0 0 0 1 1 13410 146.551
10.588 1 -0.0405385 1.2981 1.18809 3.3531 3.82389 1.12009 1.67462 0 0 0 1 1 13420 146.661
10.5959 1 -0.0406859 1.29805 1.18808 3.31459 3.81905 1.08104 1.66895 0 0 0 1 1 13430 146.77
10.6038 1 -0.0408295 1.298 1.18808 3.27131 3.81384 1.03724 1.66291 0 0 0 1 1 13440 146.879
10.6117 1 -0.0409692 1.29793 1.18809 3.22391 3.80824 0.989331 1.65649 0 0 0 1 1 13450 146.988
10.6196 1 -0.041105 1.29786 1.1881 3.17301 3.8022 0.937958 1.64963 0 0 0 1 1 13460 147.097
10.6275 1 -0.041237 1.29778 1.18813 3.11927 3.79571 0.883767 1.64232 0 0 0 1 1 13470 147.206
10.6354 1 -0.0413652 1.29769 1.18816 3.06332 3.78874 0.827391 1.63454 0 0 0 1 1 13480 147.315
10.6433 1 -0.0414896 1.2976 1.18821 3.00577 3.78127 0.769453 1.62626 0 0 0 1 1 13490 147.425
10.6512 1 -0.0416101 1.29749 1.18826 2.94725 3.77331 0.710561 1.6175 0 0 0 1 1 13500 147.534
10.6591 1 -0.0417268 1.29738 1.18831 2.88832 3.76484 0.651303 1.60823 0 0 0 1 1 13510 147.643
10.6669 1 -0.0418398 1.29726 1.18838 2.82957 3.75588 0.592247 1.59847 0 0 0 1 1 13520 147.752
10.6748 1 -0.041949 1.29714 1.18845 2.77154 3.74643 0.53394 1.58823 0 0 0 1 1 13530 147.861
10.6827 1 -0.0420544 1.297 1.18853 2.71476 3.73651 0.476905 1.57753 0 0 0 1 1 13540 147.97
10.6906 1 -0.042156 1.29686 1.18861 2.65971 3.72613 0.421638 1.56637 0 0 0 1 1 13550 148.079
10.6985 1 -0.0422539 1.29671 1.18871 2.60688 3.71533 0.368607 1.5548 0 0 0 1 1 13560 148.189
10.7064 1 -0.0423481 1.29655 1.1888 2.55669 3.70412 0.318247 1.54282 0 0 0 1 1 13570 148.298
10.7143 1 -0.0424386 1.29639 1.18891 2.50954 3.69255 0.270954 1.53049 0 0 0 1 1 13580 148.407
10.7222 1 -0.0425253 1.29621 1.18902 2.46579 3.68064 0.227082 1.51783 0 0 0 1 1 13590 148.517
10.7301 1 -0.0426083 1.29603 1.18913 2.42575 3.66844 0.186939 1.50488 0 0 0 1 1 13600 148.626
10.7379 1 -0.0426876 1.29584 1.18925 2.38966 3.65599 0.150775 1.49168 0 0 0 1 1 13610 148.735
10.7458 1 -0.0427633 1.29565 1.18938 2.35774 3.64332 0.118784 1.47828 0 0 0 1 1 13620 148.844
10.7537 1 -0.0428352 1.29544 1.18951 2.3301 3.63049 0.0910954 1.46472 0 0 0 1 1 13630 148.953
10.7616 1 -0.0429034 1.29523 1.18965 2.30681 3.61754 0.0677686 1.45105 0 0 0 1 1 13640 149.063
10.7695 1 -0.042968 1.29502 1.1898 2.28787 3.60451 0.0487931 1.4373 0 0 0 1 1 13650 149.172
10.7774 1 -0.0430289 1.29479 1.18994 2.27318 3.59144 0.0340854 1.42353 0 0 0 1 1 13660 149.281
10.7853 1 -0.0430861 1.29456 1.1901 2.2626 3.57838 0.0234896 1.40976 0 0 0 1 1 13670 149.39
10.7932 1 -0.0431396 1.29432 1.19026 2.2559 3.56537 0.0167788 1.39606 0 0 0 1 1 13680 149.499
10.8011 1 -0.0431895 1.29407 1.19042 2.25278 3.55244 0.0136585 1.38244 0 0 0 1 1 13690 149.609
10.809 1 -0.0432357 1.29381 1.19059 2.2529 3.53962 0.0137722 1.36894 0 0 0 1 1 13700 149.718
10.8168 1 -0.0432782 1.29355 1.19076 2.25585 3.52695 0.0167073 1.35559 0 0 0 1 1 13710 149.828
10.8247 1 -0.043317 1.29328 1.19094 2.26115 3.51444 0.0220031 1.34241 0 0 0 1 1 13720 149.937
10.8326 1 -0.0433522 1.293 1.19112 2.26832 3.50212 0.0291597 1.32943 0 0 0 1 1 13730 150.047
10.8405 1 -0.0433836 1.29272 1.19131 2.27682 3.49 0.0376472 1.31665 0 0 0 1 1 13740 150.156
10.8484 1 -0.0434115 1.29243 1.19151 2.28612 3.47809 0.0469163 1.30409 0 0 0 1 1 13750 150.342
10.8563 1 -0.0434356 1.29213 1.19171 2.29563 3.46638 0.0564076 1.29175 0 0 0 1 1 13760 150.451
10.8642 1 -0.043456 1.29182 1.19191 2.30482 3.45489 0.0655626 1.27962 0 0 0 1 1 13770 150.56
10.8721 1 -0.0434728 1.29151 1.19212 2.31312 3.4436 0.0738329 1.26769 0 0 0 1 1 13780 150.669
10.88 1 -0.0434859 1.29119 1.19234 2.32002 3.43249 0.0806893 1.25596 0 0 0 1 1 13790 150.779
10.8879 1 -0.0434953 1.29086 1.19256 2.325 3.42155 0.0856308 1.2444 0 0 0 1 1 13800 150.888
10.8957 1 -0.0435011 1.29053 1.19278 2.3276 3.41075 0.0881913 1.23299 0 0 0 1 1 13810 150.997
10.9036 1 -0.0435032 1.29019 1.19301 2.3274 3.40007 0.0879469 1.2217 0 0 0 1 1 13820 151.106
10.9115 1 -0.0435017 1.28984 1.19325 2.32402 3.38948 0.0845209 1.2105 0 0 0 1 1 13830 151.216
10.9194 1 -0.0434965 1.28948 1.1935 2.31713 3.37894 0.0775883 1.19936 0 0 0 1 1 13840 151.325
10.9273 1 -0.0434877 1.28912 1.19375 2.30646 3.36841 0.0668797 1.18825 0 0 0 1 1 13850 151.434
10.9352 1 -0.0434753 1.28875 1.194 2.29179 3.35786 0.0521831 1.17711 0 0 0 1 1 13860 151.544
10.9431 1 -0.0434592 1.28838 1.19426 2.27297 3.34725 0.0333457 1.16592 0 0 0 1 1 13870 151.653
10.951 1 -0.0434396 1.288 1.19453 2.24991 3.33654 0.0102747 1.15463 0 0 0 1 1 13880 151.762
10.9589 1 -0.0434164 1.28761 1.19481 2.22257 3.32568 -0.0170626 1.1432 0 0 0 1 1 13890 151.871
10.9668 1 -0.0433896 1.28721 1.19509 2.19098 3.31463 -0.0486403 1.13159 0 0 0 1 1 13900 151.98
10.9746 1 -0.0433593 1.28681 1.19537 2.15521 3.30336 -0.0843743 1.11977 0 0 0 1 1 13910 152.089
10.9825 1 -0.0433255 1.28641 1.19567 2.11541 3.29183 -0.124125 1.10768 0 0 0 1 1 13920 152.199
10.9904 1 -0.0432882 1.28599 1.19596 2.07176 3.27999 -0.167698 1.0953 0 0 0 1 1 13930 152.308
10.9983 1 -0.0432474 1.28557 1.19627 2.02451 3.26782 -0.214851 1.08259 0 0 0 1 1 13940 152.417
11.0062 1 -0.0432031 1.28515 1.19658 1.97395 3.25529 -0.265291 1.06953 0 0 0 1 1 13950 152.526
11.0141 1 -0.0431554 1.28471 1.1969 1.92041 3.24237 -0.318684 1.05608 0 0 0 1 1 13960 152.635
11.022 1 -0.0431043 1.28428 1.19722 1.86427 3.22903 -0.374655 1.04222 0 0 0 1 1 13970 152.744
11.0299 1 -0.0430499 1.28383 1.19755 1.80592 3.21526 -0.432797 1.02793 0 0 0 1 1 13980 152.853
11.0378 1 -0.0429921 1.28338 1.19789 1.74582 3.20104 -0.492672 1.01321 0 0 0 1 1 13990 152.963
11.0457 1 -0.0429309 1.28293 1.19823 1.68441 3.18635 -0.553816 0.998025 0 0 0 1 1 14000 153.072
11.0535 1 -0.0428665 1.28247 1.19857 1.62219 3.17121 -0.615751 0.982387 0 0 0 1 1 14010 153.181
11.0614 1 -0.0427988 1.282 1.19893 1.55963 3.15559 -0.677983 0.96629 0 0 0 1 1 14020 153.29
11.0693 1 -0.0427278 1.28153 1.19928 1.49725 3.13952 -0.740016 0.949739 0 0 0 1 1 14030 153.399
11.0772 1 -0.0426536 1.28105 1.19964 1.43553 3.12299 -0.80135 0.932743 0 0 0 1 1 14040 153.508
11.0851 1 -0.0425763 1.28057 1.20001 1.37497 3.10602 -0.861496 0.915316 0 0 0 1 1 14050 153.618
11.093 1 -0.0424958 1.28008 1.20038 1.31605 3.08862 -0.919973 0.897476 0 0 0 1 1 14060 153.727
11.1009 1 -0.0424121 1.27959 1.20075 1.25923 3.07084 -0.976322 0.879247 0 0 0 1 1 14070 153.837
11.1088 1 -0.0423253 1.2791 1.20113 1.20495 3.05267 -1.03011 0.860655 0 0 0 1 1 14080 153.946
11.1167 1 -0.0422354 1.27859 1.20151 1.15361 3.03417 -1.08091 0.841733 0 0 0 1 1 14090 154.055
11.1245 1 -0.0421425 1.27809 1.2019 1.10561 3.01537 -1.12837 0.822513 0 0 0 1 1 14100 154.164
11.1324 1 -0.0420464 1.27758 1.20229 1.06127 2.99629 -1.17214 0.803035 0 0 0 1 1 14110 154.273
11.1403 1 -0.0419474 1.27706 1.20268 1.0209 2.97699 -1.21192 0.783339 0 0 0 1 1 14120 154.383
11.1482 1 -0.0418453 1.27655 1.20307 0.984749 2.9575 -1.24746 0.763468 0 0 0 1 1 14130 154.492
11.1561 1 -0.0417403 1.27602 1.20347 0.953039 2.93787 -1.27854 0.743467 0 0 0 1 1 14140 154.601
11.164 1 -0.0416322 1.2755 1.20387 0.92593 2.91815 -1.30501 0.723381 0 0 0 1 1 14150 154.71
11.1719 1 -0.0415212 1.27497 1.20427 0.903535 2.89838 -1.32675 0.703257 0 0 0 1 1 14160 154.819
11.1798 1 -0.0414072 1.27443 1.20467 0.885915 2.87861 -1.34371 0.683144 0 0 0 1 1 14170 154.928
11.1877 1 -0.0412903 1.27389 1.20508 0.873078 2.85888 -1.35587 0.663088 0 0 0 1 1 14180 155.037
11.1956 1 -0.0411704 1.27335 1.20549 0.864981 2.83926 -1.3633 0.643135 0 0 0 1 1 14190 155.147
11.2034 1 -0.0410476 1.27281 1.20589 0.861521 2.81976 -1.36608 0.623332 0 0 0 1 1 14200 155.256
11.2113 1 -0.0409219 1.27226 1.2063 0.862547 2.80046 -1.36438 0.60372 0 0 0 1 1 14210 155.365
11.2192 1 -0.0407933 1.27171 1.20671 0.867851 2.78137 -1.3584 0.584343 0 0 0 1 1 14220 155.476
11.2271 1 -0.0406618 1.27115 1.20712 0.877176 2.76255 -1.3484 0.565237 0 0 0 1 1 14230 155.585
11.235 1 -0.0405273 1.2706 1.20754 0.890213 2.74403 -1.3347 0.546439 0 0 0 1 1 14240 155.694
11.2429 1 -0.0403899 1.27004 1.20795 0.90661 2.72584 -1.31765 0.52798 0 0 0 1 1 14250 155.803
11.2508 1 -0.0402497 1.26947 1.20836 0.925973 2.708 -1.29763 0.509887 0 0 0 1 1 14260 155.912
11.2587 1 -0.0401065 1.26891 1.20878 0.947873 2.69054 -1.2751 0.492184 0 0 0 1 1 14270 156.022
11.2666 1 -0.0399604 1.26834 1.20919 0.971849 2.67349 -1.2505 0.474889 0 0 0 1 1 14280 156.131
11.2745 1 -0.0398115 1.26777 1.20961 0.997422 2.65685 -1.22431 0.458017 0 0 0 1 1 14290 156.24
11.2823 1 -0.0396596 1.2672 1.21002 1.02409 2.64063 -1.19704 0.441576 0 0 0 1 1 14300 156.35
11.2902 1 -0.0395048 1.26662 1.21043 1.05136 2.62484 -1.16918 0.425569 0 0 0 1 1 14310 156.461
11.2981 1 -0.0393472 1.26605 1.21085 1.07873 2.60947 -1.14125 0.409995 0 0 0 1 1 14320 156.57
11.306 1 -0.0391866 1.26547 1.21126 1.10569 2.59452 -1.11372 0.394849 0 0 0 1 1 14330 156.68
11.3139 1 -0.0390231 1.26489 1.21168 1.1318 2.57998 -1.08707 0.380119 0 0 0 1 1 14340 156.789
11.3218 1 -0.0388568 1.26431 1.21209 1.15659 2.56584 -1.06175 0.36579 0 0 0 1 1 14350 156.898
11.3297 1 -0.0386875 1.26372 1.21251 1.17966 2.55207 -1.03816 0.351843 0 0 0 1 1 14360 157.007
11.3376 1 -0.0385154 1.26314 1.21292 1.20063 2.53865 -1.01668 0.338255 0 0 0 1 1 14370 157.116
11.3455 1 -0.0383404 1.26255 1.21333 1.21919 2.52556 -0.997626 0.325 0 0 0 1 1 14380 157.225
11.3534 1 -0.0381625 1.26196 1.21374 1.23504 2.51277 -0.981283 0.312049 0 0 0 1 1 14390 157.335
11.3612 1 -0.0379817 1.26138 1.21415 1.24797 2.50024 -0.967874 0.299372 0 0 0 1 1 14400 157.444
11.3691 1 -0.0377981 1.26079 1.21456 1.25779 2.48795 -0.957572 0.286934 0 0 0 1 1 14410 157.553
11.377 1 -0.0376117 1.2602 1.21497 1.2644 2.47586 -0.950495 0.274704 0 0 0 1 1 14420 157.662
11.3849 1 -0.0374224 1.25961 1.21538 1.26771 2.46393 -0.94671 0.262646 0 0 0 1 1 14430 157.771
11.3928 1 -0.0372303 1.25902 1.21579 1.26772 2.45214 -0.946233 0.250726 0 0 0 1 1 14440 157.88
11.4007 1 -0.0370354 1.25843 1.2162 1.26445 2.44045 -0.949032 0.23891 0 0 0 1 1 14450 157.989
11.4086 1 -0.0368376 1.25784 1.2166 1.25798 2.42882 -0.955033 0.227166 0 0 0 1 1 14460 158.099
11.4165 1 -0.0366371 1.25725 1.21701 1.24842 2.41722 -0.964119 0.215462 0 0 0 1 1 14470 158.208
11.4244 1 -0.0364339 1.25666 1.21741 1.23591 2.40563 -0.976139 0.203768 0 0 0 1 1 14480 158.317
11.4322 1 -0.0362279 1.25607 1.21781 1.22065 2.39402 -0.990911 0.192055 0 0 0 1 1 14490 158.426
11.4401 1 -0.0360192 1.25548 1.21821 1.20284 2.38235 -1.00823 0.180298 0 0 0 1 1 14500 158.535
11.448 1 -0.0358078 1.25489 1.2186 1.1827 2.37061 -1.02786 0.168473 0 0 0 1 1 14510 158.644
11.4559 1 -0.0355937 1.2543 1.219 1.16049 2.35878 -1.04956 0.15656 0 0 0 1 1 14520 158.753
11.4638 1 -0.0353769 1.25371 1.21939 1.13645 2.34684 -1.07307 0.144541 0 0 0 1 1 14530 158.862
11.4717 1 -0.0351575 1.25312 1.21978 1.11087 2.33476 -1.09812 0.132399 0 0 0 1 1 14540 158.971
11.4796 1 -0.0349355 1.25254 1.22017 1.08401 2.32255 -1.12443 0.120124 0 0 0 1 1 14550 159.081
11.4875 1 -0.0347109 1.25195 1.22055 1.05615 2.31019 -1.15172 0.107704 0 0 0 1 1 14560 159.19
11.4954 1 -0.0344838 1.25137 1.22093 1.02757 2.29767 -1.17972 0.0951337 0 0 0 1 1 14570 159.299
11.5033 1 -0.0342541 1.25079 1.22131 0.998558 2.28498 -1.20814 0.0824086 0 0 0 1 1 14580 159.408
11.5111 1 -0.0340219 1.25021 1.22169 0.969381 2.27214 -1.23671 0.0695278 0 0 0 1 1 14590 159.517
11.519 1 -0.0337872 1.24963 1.22206 0.940312 2.25914 -1.26516 0.0564926 0 0 0 1 1 14600 159.626
11.5269 1 -0.03355 1.24906 1.22243 0.911614 2.24598 -1.29322 0.0433074 0 0 0 1 1 14610 159.735
11.5348 1 -0.0333104 1.24848 1.22279 0.883541 2.23266 -1.32064 0.0299787 0 0 0 1 1 14620 159.844
11.5427 1 -0.0330684 1.24791 1.22315 0.856336 2.21921 -1.34719 0.0165157 0 0 0 1 1 14630 159.953
11.5506 1 -0.032824 1.24734 1.22351 0.830232 2.20563 -1.37262 0.00292951 0 0 0 1 1 14640 160.062
11.5585 1 -0.0325772 1.24678 1.22386 0.805442 2.19193 -1.39672 -0.0107664 0 0 0 1 1 14650 160.171
11.5664 1 -0.0323281 1.24621 1.22421 0.782165 2.17813 -1.4193 -0.0245568 0 0 0 1 1 14660 160.28
11.5743 1 -0.0320767 1.24565 1.22455 0.760577 2.16425 -1.44018 -0.0384248 0 0 0 1 1 14670 160.389
11.5822 1 -0.031823 1.2451 1.22489 0.740835 2.1503 -1.4592 -0.0523519 0 0 0 1 1 14680 160.499
11.59 1 -0.031567 1.24454 1.22522 0.723068 2.1363 -1.47624 -0.0663186 0 0 0 1 1 14690 160.608
11.5979 1 -0.0313087 1.24399 1.22555 0.707379 2.12228 -1.49119 -0.0803044 0 0 0 1 1 14700 160.717
11.6058 1 -0.0310483 1.24344 1.22588 0.693842 2.10825 -1.50398 -0.094288 0 0 0 1 1 14710 160.826
11.6137 1 -0.0307856 1.24289 1.2262 0.682501 2.09424 -1.51458 -0.108248 0 0 0 1 1 14720 160.935
11.6216 1 -0.0305207 1.24235 1.22651 0.673368 2.08027 -1.52296 -0.122163 0 0 0 1 1 14730 161.044
11.6295 1 -0.0302537 1.24181 1.22682 0.666423 2.06636 -1.52915 -0.136011 0 0 0 1 1 14740 161.153
11.6374 1 -0.0299846 1.24128 1.22712 0.661612 2.05253 -1.5332 -0.149772 0 0 0 1 1 14750 161.263
11.6453 1 -0.0297133 1.24075 1.22742 0.65885 2.03879 -1.5352 -0.163426 0 0 0 1 1 14760 161.372
11.6532 1 -0.0294399 1.24022 1.22771 0.658023 2.02518 -1.53526 -0.176954 0 0 0 1 1 14770 161.481
11.6611 1 -0.0291644 1.23969 1.228 0.658985 2.0117 -1.53354 -0.19034 0 0 0 1 1 14780 161.59
11.6689 1 -0.0288869 1.23918 1.22828 0.661563 1.99838 -1.5302 -0.203568 0 0 0 1 1 14790 161.699
11.6768 1 -0.0286073 1.23866 1.22856 0.665561 1.98522 -1.52545 -0.216625 0 0 0 1 1 14800 161.809
11.6847 1 -0.0283257 1.23815 1.22883 0.670759 1.97223 -1.5195 -0.2295 0 0 0 1 1 14810 161.919
11.6926 1 -0.0280421 1.23764 1.2291 0.676921 1.95943 -1.51258 -0.242183 0 0 0 1 1 14820 162.028
11.7005 1 -0.0277565 1.23714 1.22936 0.683794 1.94682 -1.50496 -0.254669 0 0 0 1 1 14830 162.137
11.7084 1 -0.0274689 1.23664 1.22961 0.691116 1.93441 -1.4969 -0.266954 0 0 0 1 1 14840 162.246
11.7163 1 -0.0271794 1.23615 1.22986 0.698618 1.92219 -1.48865 -0.279038 0 0 0 1 1 14850 162.356
11.7242 1 -0.026888 1.23566 1.23011 0.706029 1.91016 -1.48051 -0.290921 0 0 0 1 1 14860 162.465
11.7321 1 -0.0265946 1.23517 1.23035 0.713078 1.89833 -1.47273 -0.302608 0 0 0 1 1 14870 162.574
11.7399 1 -0.0262993 1.23469 1.23058 0.719503 1.88668 -1.46557 -0.314107 0 0 0 1 1 14880 162.683
11.7478 1 -0.0260022 1.23422 1.23081 0.72505 1.8752 -1.4593 -0.325427 0 0 0 1 1 14890 162.792
11.7557 1 -0.0257032 1.23375 1.23103 0.729481 1.86388 -1.45415 -0.336578 0 0 0 1 1 14900 162.901
11.7636 1 -0.0254023 1.23328 1.23125 0.732576 1.85271 -1.45033 -0.347576 0 0 0 1 1 14910 163.01
11.7715 1 -0.0250997 1.23282 1.23146 0.734137 1.84168 -1.44806 -0.358437 0 0 0 1 1 14920 163.119
11.7794 1 -0.0247952 1.23237 1.23167 0.733991 1.83076 -1.44748 -0.369177 0 0 0 1 1 14930 163.228
11.7873 1 -0.024489 1.23192 1.23187 0.731995 1.81993 -1.44876 -0.379815 0 0 0 1 1 14940 163.338
11.7952 1 -0.0241811 1.23148 1.23207 0.728033 1.80918 -1.452 -0.390371 0 0 0 1 1 14950 163.447
11.8031 1 -0.0238714 1.23104 1.23226 0.722024 1.79849 -1.45729 -0.400867 0 0 0 1 1 14960 163.556
11.811 1 -0.02356 1.23061 1.23245 0.713921 1.78784 -1.46467 -0.411322 0 0 0 1 1 14970 163.665
11.8188 1 -0.0232469 1.23018 1.23263 0.703708 1.77719 -1.47416 -0.421759 0 0 0 1 1 14980 163.774
11.8267 1 -0.0229321 1.22976 1.2328 0.691407 1.76654 -1.48572 -0.432197 0 0 0 1 1 14990 163.883
11.8346 1 -0.0226158 1.22934 1.23297 0.67707 1.75586 -1.49932 -0.442658 0 0 0 1 1 15000 163.992
11.8425 1 -0.0222978 1.22893 1.23314 0.660784 1.74514 -1.51486 -0.45316 0 0 0 1 1 15010 164.101
11.8504 1 -0.0219783 1.22853 1.2333 0.642663 1.73435 -1.53222 -0.463722 0 0 0 1 1 15020 164.21
11.8583 1 -0.0216572 1.22813 1.23345 0.62285 1.72348 -1.55127 -0.474361 0 0 0 1 1 15030 164.32
11.8662 1 -0.0213346 1.22774 1.2336 0.601515 1.71251 -1.57183 -0.48509 0 0 0 1 1 15040 164.429
11.8741 1 -0.0210105 1.22736 1.23374 0.578845 1.70143 -1.59372 -0.495924 0 0 0 1 1 15050 164.538
11.882 1 -0.020685 1.22698 1.23388 0.555049 1.69024 -1.61672 -0.506873 0 0 0 1 1 15060 164.647
11.8899 1 -0.020358 1.2266 1.23401 0.530348 1.67891 -1.64061 -0.517946 0 0 0 1 1 15070 164.757
11.8977 1 -0.0200296 1.22624 1.23414 0.504975 1.66745 -1.66516 -0.529149 0 0 0 1 1 15080 164.866
11.9056 1 -0.0196998 1.22588 1.23426 0.47917 1.65584 -1.69014 -0.540487 0 0 0 1 1 15090 164.975
11.9135 1 -0.0193687 1.22553 1.23437 0.453175 1.6441 -1.71529 -0.55196 0 0 0 1 1 15100 165.084
11.9214 1 -0.0190363 1.22518 1.23448 0.427236 1.63221 -1.74037 -0.563567 0 0 0 1 1 15110 165.193
11.9293 1 -0.0187026 1.22484 1.23458 0.401593 1.62019 -1.76514 -0.575306 0 0 0 1 1 15120 165.302
11.9372 1 -0.0183676 1.22451 1.23468 0.376483 1.60804 -1.78937 -0.587171 0 0 0 1 1 15130 165.411
11.9451 1 -0.0180314 1.22418 1.23477 0.352136 1.59576 -1.81282 -0.599154 0 0 0 1 1 15140 165.521
11.953 1 -0.017694 1.22386 1.23485 0.328773 1.58337 -1.83528 -0.611244 0 0 0 1 1 15150 165.63
11.9609 1 -0.0173554 1.22355 1.23493 0.306604 1.57088 -1.85653 -0.623431 0 0 0 1 1 15160 165.739
11.9688 1 -0.0170157 1.22325 1.235 0.285826 1.5583 -1.87639 -0.635699 0 0 0 1 1 15170 165.848
11.9766 1 -0.0166749 1.22295 1.23506 0.266625 1.54565 -1.89465 -0.648033 0 0 0 1 1 15180 165.957
11.9845 1 -0.016333 1.22266 1.23512 0.24917 1.53294 -1.91116 -0.660417 0 0 0 1 1 15190 166.066
11.9924 1 -0.01599 1.22237 1.23517 0.233615 1.52019 -1.92577 -0.672831 0 0 0 1 1 15200 166.175
12.0003 1 -0.015646 1.2221 1.23521 0.220098 1.50743 -1.93833 -0.685256 0 0 0 1 1 15210 166.285
12.0082 1 -0.0153009 1.22183 1.23525 0.20874 1.49467 -1.94872 -0.697671 0 0 0 1 1 15220 166.394
12.0161 1 -0.0149549 1.22157 1.23528 0.19964 1.48194 -1.95685 -0.710053 0 0 0 1 1 15230 166.503
12.024 1 -0.0146079 1.22131 1.2353 0.192878 1.46926 -1.96264 -0.72238 0 0 0 1 1 15240 166.612
12.0319 1 -0.01426 1.22107 1.23532 0.188512 1.45665 -1.96603 -0.734631 0 0 0 1 1 15250 166.721
12.0398 1 -0.0139112 1.22083 1.23532 0.186576 1.44413 -1.967 -0.74678 0 0 0 1 1 15260 166.83
12.0476 1 -0.0135614 1.22059 1.23532 0.187081 1.43173 -1.96552 -0.758807 0 0 0 1 1 15270 166.939
12.0555 1 -0.0132108 1.22037 1.23532 0.190008 1.41947 -1.96161 -0.770686 0 0 0 1 1 15280 167.049
12.0634 1 -0.0128594 1.22015 1.2353 0.195316 1.40737 -1.95534 -0.782398 0 0 0 1 1 15290 167.158
12.0713 1 -0.0125071 1.21994 1.23528 0.202931 1.39546 -1.94675 -0.793919 0 0 0 1 1 15300 167.267
12.0792 1 -0.012154 1.21974 1.23525 0.212751 1.38375 -1.93597 -0.80523 0 0 0 1 1 15310 167.376
12.0871 1 -0.0118001 1.21955 1.23522 0.224649 1.37227 -1.92312 -0.816311 0 0 0 1 1 15320 167.485
12.095 1 -0.0114454 1.21936 1.23517 0.238464 1.36103 -1.90835 -0.827147 0 0 0 1 1 15330 167.637
12.1029 1 -0.0110899 1.21918 1.23512 0.254012 1.35004 -1.89186 -0.83772 0 0 0 1 1 15340 167.746
12.1108 1 -0.0107338 1.21901 1.23506 0.271081 1.33933 -1.87386 -0.848018 0 0 0 1 1 15350 167.855
12.1187 1 -0.0103768 1.21885 1.235 0.289435 1.32889 -1.85458 -0.85803 0 0 0 1 1 15360 167.965
12.1265 1 -0.0100192 1.21869 1.23493 0.308819 1.31875 -1.83429 -0.867747 0 0 0 1 1 15370 168.074
12.1344 1 -0.0096609 1.21854 1.23484 0.32896 1.3089 -1.81324 -0.877164 0 0 0 1 1 15380 168.183
12.1423 1 -0.0093019 1.2184 1.23476 0.34957 1.29935 -1.79174 -0.886278 0 0 0 1 1 15390 168.292
12.1502 1 -0.00894224 1.21827 1.23466 0.370355 1.29009 -1.77007 -0.895088 0 0 0 1 1 15400 168.401
12.1581 1 -0.00858193 1.21814 1.23456 0.391013 1.28114 -1.74854 -0.903599 0 0 0 1 1 15410 168.511
12.166 1 -0.00822099 1.21802 1.23445 0.411247 1.27247 -1.72745 -0.911816 0 0 0 1 1 15420 168.62
12.1739 1 -0.00785942 1.21791 1.23433 0.430763 1.26408 -1.70708 -0.919747 0 0 0 1 1 15430 168.729
12.1818 1 -0.00749726 1.21781 1.2342 0.449277 1.25597 -1.68772 -0.927405 0 0 0 1 1 15440 168.838
12.1897 1 -0.00713451 1.21772 1.23407 0.466524 1.24811 -1.66965 -0.934803 0 0 0 1 1 15450 168.947
12.1976 1 -0.00677119 1.21763 1.23393 0.482258 1.24049 -1.65309 -0.941958 0 0 0 1 1 15460 169.056
12.2054 1 -0.00640732 1.21755 1.23378 0.496257 1.23309 -1.63828 -0.948888 0 0 0 1 1 15470 169.166
12.2133 1 -0.00604292 1.21748 1.23363 0.508329 1.22589 -1.62539 -0.955614 0 0 0 1 1 15480 169.275
12.2212 1 -0.00567801 1.21742 1.23347 0.518313 1.21887 -1.61461 -0.962158 0 0 0 1 1 15490 169.384
12.2291 1 -0.00531259 1.21736 1.2333 0.526086 1.21201 -1.60604 -0.968543 0 0 0 1 1 15500 169.493
12.237 1 -0.00494671 1.21732 1.23312 0.531557 1.20527 -1.59977 -0.974794 0 0 0 1 1 15510 169.602
12.2449 1 -0.00458037 1.21728 1.23294 0.534677 1.19865 -1.59586 -0.980933 0 0 0 1 1 15520 169.712
12.2528 1 -0.00421359 1.21724 1.23275 0.535433 1.19211 -1.59431 -0.986986 0 0 0 1 1 15530 169.821
12.2607 1 -0.00384641 1.21722 1.23255 0.533851 1.18563 -1.5951 -0.992978 0 0 0 1 1 15540 169.93
12.2686 1 -0.00347884 1.2172 1.23234 0.529996 1.17918 -1.59817 -0.99893 0 0 0 1 1 15550 170.039
12.2765 1 -0.00311091 1.21719 1.23213 0.523966 1.17275 -1.6034 -1.00487 0 0 0 1 1 15560 170.148
12.2843 1 -0.00274265 1.21719 1.23191 0.515893 1.16631 -1.61068 -1.01081 0 0 0 1 1 15570 170.258
12.2922 1 -0.00237407 1.2172 1.23168 0.50594 1.15984 -1.61983 -1.01677 0 0 0 1 1 15580 170.367
12.3001 1 -0.00200522 1.21721 1.23145 0.494296 1.15333 -1.63067 -1.02277 0 0 0 1 1 15590 170.476
12.308 1 -0.0016361 1.21723 1.2312 0.481173 1.14676 -1.64298 -1.02883 0 0 0 1 1 15600 170.586
12.3159 1 -0.00126676 1.21726 1.23096 0.466802 1.14012 -1.65654 -1.03496 0 0 0 1 1 15610 170.695
12.3238 1 -0.000897218 1.21729 1.2307 0.451428 1.1334 -1.67108 -1.04117 0 0 0 1 1 15620 170.805
12.3317 1 -0.000527504 1.21734 1.23044 0.435305 1.12659 -1.68637 -1.04746 0 0 0 1 1 15630 170.914
12.3396 1 -0.000157648 1.21739 1.23017 0.418694 1.11968 -1.70215 -1.05385 0 0 0 1 1 15640 171.023
12.3475 1 0.000212321 1.21744 1.22989 0.401853 1.11268 -1.71814 -1.06033 0 0 0 1 1 15650 171.132
12.3553 1 0.000582374 1.21751 1.22961 0.38504 1.10558 -1.7341 -1.0669 0 0 0 1 1 15660 171.242
12.3632 1 0.000952482 1.21758 1.22932 0.368499 1.09838 -1.74977 -1.07357 0 0 0 1 1 15670 171.351
12.3711 1 0.00132261 1.21766 1.22903 0.352468 1.0911 -1.76493 -1.08032 0 0 0 1 1 15680 171.46
12.379 1 0.00169274 1.21775 1.22873 0.337165 1.08373 -1.77936 -1.08715 0 0 0 1 1 15690 171.569
12.3869 1 0.00206284 1.21784 1.22842 0.32279 1.07629 -1.79284 -1.09405 0 0 0 1 1 15700 171.678
12.3948 1 0.00243288 1.21794 1.2281 0.309522 1.06879 -1.80522 -1.101 0 0 0 1 1 15710 171.787
12.4027 1 0.00280282 1.21805 1.22778 0.297514 1.06123 -1.81633 -1.10801 0 0 0 1 1 15720 171.897
12.4106 1 0.00317266 1.21816 1.22746 0.286895 1.05364 -1.82605 -1.11505 0 0 0 1 1 15730 172.006
12.4185 1 0.00354234 1.21828 1.22712 0.277767 1.04603 -1.83427 -1.12211 0 0 0 1 1 15740 172.115
12.4264 1 0.00391186 1.21841 1.22678 0.270203 1.03842 -1.84092 -1.12917 0 0 0 1 1 15750 172.225
12.4342 1 0.00428118 1.21854 1.22644 0.26425 1.03081 -1.84596 -1.13621 0 0 0 1 1 15760 172.334
12.4421 1 0.00465028 1.21869 1.22609 0.259925 1.02322 -1.84937 -1.14323 0 0 0 1 1 15770 172.443
12.45 1 0.00501913 1.21883 1.22573 0.257222 1.01568 -1.85115 -1.15021 0 0 0 1 1 15780 172.552
12.4579 1 0.00538771 1.21899 1.22537 0.256104 1.00819 -1.85135 -1.15712 0 0 0 1 1 15790 172.661
12.4658 1 0.00575599 1.21915 1.225 0.256516 1.00078 -1.85002 -1.16396 0 0 0 1 1 15800 172.771
12.4737 1 0.00612395 1.21931 1.22463 0.258374 0.993449 -1.84725 -1.17071 0 0 0 1 1 15810 172.88
12.4816 1 0.00649158 1.21948 1.22425 0.26158 0.986217 -1.84313 -1.17736 0 0 0 1 1 15820 172.989
12.4895 1 0.00685884 1.21966 1.22386 0.266015 0.979095 -1.83778 -1.1839 0 0 0 1 1 15830 173.098
12.4974 1 0.00722571 1.21985 1.22347 0.271545 0.972092 -1.83134 -1.19031 0 0 0 1 1 15840 173.208
12.5053 1 0.00759218 1.22004 1.22308 0.278025 0.965219 -1.82396 -1.19659 0 0 0 1 1 15850 173.317
12.5131 1 0.00795822 1.22023 1.22268 0.2853 0.958482 -1.81578 -1.20273 0 0 0 1 1 15860 173.426
12.521 1 0.00832381 1.22044 1.22227 0.293207 0.951886 -1.80697 -1.20873 0 0 0 1 1 15870 173.535
12.5289 1 0.00868893 1.22064 1.22186 0.30158 0.945436 -1.79771 -1.21458 0 0 0 1 1 15880 173.644
12.5368 1 0.00905357 1.22086 1.22145 0.310254 0.939134 -1.78815 -1.22028 0 0 0 1 1 15890 173.754
12.5447 1 0.00941769 1.22108 1.22103 0.319061 0.932981 -1.77845 -1.22583 0 0 0 1 1 15900 173.863
12.5526 1 0.00978129 1.2213 1.22061 0.327841 0.926975 -1.7688 -1.23122 0 0 0 1 1 15910 173.972
12.5605 1 0.0101443 1.22153 1.22018 0.336437 0.921114 -1.75933 -1.23647 0 0 0 1 1 15920 174.081
12.5684 1 0.0105068 1.22176 1.21975 0.344702 0.915394 -1.75019 -1.24158 0 0 0 1 1 15930 174.191
12.5763 1 0.0108687 1.222 1.21931 0.352498 0.909809 -1.74153 -1.24655 0 0 0 1 1 15940 174.3
12.5842 1 0.01123 1.22225 1.21887 0.359698 0.904353 -1.73347 -1.25138 0 0 0 1 1 15950 174.409
12.592 1 0.0115906 1.2225 1.21842 0.366189 0.899019 -1.72612 -1.2561 0 0 0 1 1 15960 174.519
12.5999 1 0.0119506 1.22275 1.21797 0.371869 0.893796 -1.71959 -1.26069 0 0 0 1 1 15970 174.628
12.6078 1 0.01231 1.22301 1.21752 0.376651 0.888676 -1.71395 -1.26519 0 0 0 1 1 15980 174.737
12.6157 1 0.0126686 1.22328 1.21707 0.380461 0.883649 -1.7093 -1.26959 0 0 0 1 1 15990 174.847
12.6236 1 0.0130265 1.22354 1.2166 0.383242 0.878703 -1.70567 -1.2739 0 0 0 1 1 16000 174.956
12.6315 1 0.0133837 1.22382 1.21614 0.384948 0.873828 -1.70312 -1.27814 0 0 0 1 1 16010 175.065
12.6394 1 0.0137402 1.22409 1.21567 0.385547 0.869011 -1.70167 -1.28233 0 0 0 1 1 16020 175.175
12.6473 1 0.0140958 1.22438 1.2152 0.385021 0.864242 -1.70136 -1.28646 0 0 0 1 1 16030 175.284
12.6552 1 0.0144507 1.22466 1.21473 0.383364 0.859508 -1.70217 -1.29055 0 0 0 1 1 16040 175.393
12.663 1 0.0148047 1.22495 1.21425 0.380581 0.854799 -1.70411 -1.29462 0 0 0 1 1 16050 175.503
12.6709 1 0.015158 1.22524 1.21377 0.37669 0.850103 -1.70715 -1.29868 0 0 0 1 1 16060 175.612
12.6788 1 0.0155103 1.22554 1.21329 0.371717 0.845408 -1.71128 -1.30273 0 0 0 1 1 16070 175.721
12.6867 1 0.0158617 1.22584 1.2128 0.365698 0.840705 -1.71645 -1.30678 0 0 0 1 1 16080 175.83
12.6946 1 0.0162123 1.22615 1.21231 0.35868 0.835984 -1.72262 -1.31085 0 0 0 1 1 16090 175.939
12.7025 1 0.0165619 1.22645 1.21182 0.350714 0.831235 -1.72972 -1.31495 0 0 0 1 1 16100 176.049
12.7104 1 0.0169105 1.22676 1.21132 0.341864 0.82645 -1.73772 -1.31908 0 0 0 1 1 16110 176.158
12.7183 1 0.0172582 1.22708 1.21083 0.332196 0.821619 -1.74652 -1.32326 0 0 0 1 1 16120 176.267
12.7262 1 0.0176048 1.2274 1.21033 0.321787 0.816737 -1.75606 -1.32748 0 0 0 1 1 16130 176.376
12.7341 1 0.0179505 1.22772 1.20982 0.310719 0.811797 -1.76626 -1.33177 0 0 0 1 1 16140 176.485
12.7419 1 0.018295 1.22804 1.20932 0.299079 0.806793 -1.77702 -1.33611 0 0 0 1 1 16150 176.595
12.7498 1 0.0186385 1.22837 1.20881 0.286961 0.801721 -1.78825 -1.34052 0 0 0 1 1 16160 176.704
12.7577 1 0.0189809 1.2287 1.2083 0.274464 0.796578 -1.79986 -1.34499 0 0 0 1 1 16170 176.813
12.7656 1 0.0193221 1.22903 1.20779 0.261693 0.79136 -1.81173 -1.34954 0 0 0 1 1 16180 176.922
12.7735 1 0.0196622 1.22936 1.20728 0.248755 0.786067 -1.82377 -1.35417 0 0 0 1 1 16190 177.032
12.7814 1 0.0200011 1.2297 1.20676 0.235763 0.780698 -1.83585 -1.35886 0 0 0 1 1 16200 177.141
12.7893 1 0.0203388 1.23004 1.20624 0.222832 0.775255 -1.84787 -1.36363 0 0 0 1 1 16210 177.25
12.7972 1 0.0206752 1.23038 1.20572 0.210077 0.769738 -1.85971 -1.36847 0 0 0 1 1 16220 177.36
12.8051 1 0.0210105 1.23072 1.2052 0.197617 0.764151 -1.87124 -1.37338 0 0 0 1 1 16230 177.469
12.813 1 0.0213444 1.23107 1.20468 0.185567 0.758499 -1.88236 -1.37835 0 0 0 1 1 16240 177.578
12.8208 1 0.021677 1.23141 1.20415 0.174041 0.752786 -1.89295 -1.38338 0 0 0 1 1 16250 177.687
12.8287 1 0.0220083 1.23176 1.20363 0.16315 0.74702 -1.9029 -1.38846 0 0 0 1 1 16260 177.797
12.8366 1 0.0223383 1.23211 1.2031 0.152997 0.741207 -1.91211 -1.39358 0 0 0 1 1 16270 177.906
12.8445 1 0.0226668 1.23246 1.20257 0.143682 0.735355 -1.92047 -1.39874 0 0 0 1 1 16280 178.016
12.8524 1 0.022994 1.23282 1.20204 0.135291 0.729475 -1.92791 -1.40392 0 0 0 1 1 16290 178.125
12.8603 1 0.0233198 1.23317 1.20151 0.127904 0.723575 -1.93434 -1.40913 0 0 0 1 1 16300 178.234
12.8682 1 0.0236441 1.23353 1.20098 0.121587 0.717666 -1.9397 -1.41434 0 0 0 1 1 16310 178.343
12.8761 1 0.0239669 1.23388 1.20045 0.116394 0.711759 -1.94393 -1.41954 0 0 0 1 1 16320 178.452
12.884 1 0.0242883 1.23424 1.19991 0.112363 0.705865 -1.94699 -1.42473 0 0 0 1 1 16330 178.561
12.8919 1 0.0246082 1.2346 1.19938 0.109518 0.699996 -1.94887 -1.42989 0 0 0 1 1 16340 178.671
12.8997 1 0.0249265 1.23496 1.19885 0.10787 0.694164 -1.94956 -1.43501 0 0 0 1 1 16350 178.78
12.9076 1 0.0252433 1.23532 1.19831 0.107409 0.688379 -1.94905 -1.44008 0 0 0 1 1 16360 178.889
12.9155 1 0.0255585 1.23567 1.19778 0.108116 0.682653 -1.94738 -1.44509 0 0 0 1 1 16370 178.998
12.9234 1 0.0258722 1.23603 1.19724 0.109951 0.676997 -1.94458 -1.45003 0 0 0 1 1 16380 179.107
12.9313 1 0.0261842 1.23639 1.1967 0.112864 0.671421 -1.9407 -1.45489 0 0 0 1 1 16390 179.217
12.9392 1 0.0264947 1.23676 1.19617 0.116791 0.665933 -1.93581 -1.45965 0 0 0 1 1 16400 179.326
12.9471 1 0.0268035 1.23712 1.19563 0.121656 0.660544 -1.92999 -1.46432 0 0 0 1 1 16410 179.435
12.955 1 0.0271106 1.23748 1.1951 0.127373 0.655261 -1.92332 -1.46887 0 0 0 1 1 16420 179.545
12.9629 1 0.0274161 1.23784 1.19456 0.133848 0.65009 -1.91589 -1.47332 0 0 0 1 1 16430 179.654
12.9707 1 0.0277199 1.23819 1.19402 0.14098 0.645038 -1.90781 -1.47764 0 0 0 1 1 16440 179.763
12.9786 1 0.028022 1.23855 1.19349 0.148665 0.640109 -1.89918 -1.48183 0 0 0 1 1 16450 179.872
12.9865 1 0.0283224 1.23891 1.19295 0.156795 0.635306 -1.89011 -1.4859 0 0 0 1 1 16460 179.982
12.9944 1 0.0286211 1.23927 1.19242 0.165263 0.630634 -1.88071 -1.48983 0 0 0 1 1 16470 180.091
13.0023 1 0.028918 1.23963 1.19189 0.173962 0.626092 -1.87108 -1.49364 0 0 0 1 1 16480 180.2
13.0102 1 0.0292132 1.23998 1.19135 0.18279 0.621682 -1.86133 -1.4973 0 0 0 1 1 16490 180.309
13.0181 1 0.0295066 1.24034 1.19082 0.191647 0.617402 -1.85155 -1.50084 0 0 0 1 1 16500 180.418
13.026 1 0.0297982 1.24069 1.19029 0.200442 0.613252 -1.84184 -1.50425 0 0 0 1 1 16510 180.528
13.0339 1 0.0300881 1.24104 1.18976 0.209089 0.609228 -1.83229 -1.50752 0 0 0 1 1 16520 180.637
13.0418 1 0.0303761 1.24139 1.18923 0.217511 0.605328 -1.82296 -1.51067 0 0 0 1 1 16530 180.746
13.0496 1 0.0306623 1.24174 1.1887 0.225639 0.601549 -1.81393 -1.5137 0 0 0 1 1 16540 180.855
13.0575 1 0.0309466 1.24209 1.18818 0.233413 0.597884 -1.80526 -1.51662 0 0 0 1 1 16550 180.964
13.0654 1 0.0312291 1.24244 1.18765 0.240784 0.594331 -1.79699 -1.51942 0 0 0 1 1 16560 181.074
13.0733 1 0.0315097 1.24278 1.18713 0.247709 0.590883 -1.78918 -1.52211 0 0 0 1 1 16570 181.183
13.0812 1 0.0317885 1.24313 1.18661 0.254158 0.587534 -1.78185 -1.52471 0 0 0 1 1 16580 181.292
13.0891 1 0.0320653 1.24347 1.18609 0.260104 0.584279 -1.77502 -1.5272 0 0 0 1 1 16590 181.401
13.097 1 0.0323403 1.24381 1.18557 0.265533 0.581113 -1.76871 -1.52961 0 0 0 1 1 16600 181.511
13.1049 1 0.0326133 1.24414 1.18505 0.270434 0.578028 -1.76294 -1.53194 0 0 0 1 1 16610 181.62
13.1128 1 0.0328843 1.24448 1.18454 0.274805 0.575019 -1.75769 -1.53419 0 0 0 1 1 16620 181.729
13.1207 1 0.0331534 1.24481 1.18403 0.278647 0.57208 -1.75298 -1.53637 0 0 0 1 1 16630 181.838
13.1285 1 0.0334205 1.24514 1.18352 0.281967 0.569205 -1.74879 -1.53848 0 0 0 1 1 16640 181.947
13.1364 1 0.0336857 1.24546 1.18301 0.284774 0.566388 -1.74512 -1.54053 0 0 0 1 1 16650 182.057
13.1443 1 0.0339488 1.24579 1.18251 0.287079 0.563624 -1.74195 -1.54253 0 0 0 1 1 16660 182.166
13.1522 1 0.0342099 1.24611 1.18201 0.288897 0.560908 -1.73927 -1.54448 0 0 0 1 1 16670 182.275
13.1601 1 0.034469 1.24643 1.18151 0.290241 0.558233 -1.73706 -1.54639 0 0 0 1 1 16680 182.384
13.168 1 0.0347261 1.24674 1.18102 0.291126 0.555596 -1.73532 -1.54826 0 0 0 1 1 16690 182.494
13.1759 1 0.0349811 1.24705 1.18052 0.291566 0.552991 -1.73402 -1.5501 0 0 0 1 1 16700 182.603
13.1838 1 0.0352339 1.24736 1.18004 0.291574 0.550413 -1.73315 -1.55191 0 0 0 1 1 16710 182.712
13.1917 1 0.0354848 1.24767 1.17955 0.291161 0.547859 -1.73271 -1.55369 0 0 0 1 1 16720 182.821
13.1996 1 0.0357334 1.24797 1.17907 0.290339 0.545324 -1.73267 -1.55546 0 0 0 1 1 16730 182.93
13.2074 1 0.03598 1.24827 1.17859 0.289117 0.542803 -1.73303 -1.55721 0 0 0 1 1 16740 183.04
13.2153 1 0.0362244 1.24857 1.17812 0.287503 0.540293 -1.73379 -1.55894 0 0 0 1 1 16750 183.149
13.2232 1 0.0364667 1.24886 1.17765 0.285506 0.53779 -1.73492 -1.56067 0 0 0 1 1 16760 183.258
13.2311 1 0.0367068 1.24915 1.17718 0.283131 0.535289 -1.73644 -1.5624 0 0 0 1 1 16770 183.367
13.239 1 0.0369447 1.24943 1.17672 0.280387 0.532788 -1.73832 -1.56413 0 0 0 1 1 16780 183.477
13.2469 1 0.0371804 1.24971 1.17627 0.277282 0.530283 -1.74056 -1.56585 0 0 0 1 1 16790 183.586
13.2548 1 0.0374139 1.24999 1.17581 0.273823 0.52777 -1.74316 -1.56759 0 0 0 1 1 16800 183.695
13.2627 1 0.0376452 1.25026 1.17536 0.270022 0.525245 -1.7461 -1.56934 0 0 0 1 1 16810 183.804
13.2706 1 0.0378742 1.25053 1.17492 0.265891 0.522706 -1.74936 -1.5711 0 0 0 1 1 16820 183.914
13.2784 1 0.038101 1.25079 1.17448 0.261447 0.52015 -1.75294 -1.57288 0 0 0 1 1 16830 184.023
13.2863 1 0.0383255 1.25105 1.17404 0.256709 0.517574 -1.7568 -1.57467 0 0 0 1 1 16840 184.132
13.2942 1 0.0385477 1.2513 1.17361 0.251699 0.514974 -1.76094 -1.57649 0 0 0 1 1 16850 184.241
13.3021 1 0.0387676 1.25155 1.17319 0.246446 0.51235 -1.76532 -1.57833 0 0 0 1 1 16860 184.351
13.31 1 0.0389851 1.2518 1.17277 0.240981 0.509698 -1.76991 -1.5802 0 0 0 1 1 16870 184.46
13.3179 1 0.0392004 1.25204 1.17235 0.23534 0.507018 -1.77467 -1.5821 0 0 0 1 1 16880 184.569
13.3258 1 0.0394133 1.25228 1.17194 0.229564 0.504308 -1.77957 -1.58402 0 0 0 1 1 16890 184.678
13.3337 1 0.0396238 1.25251 1.17154 0.223696 0.501567 -1.78455 -1.58598 0 0 0 1 1 16900 184.788
13.3416 1 0.039832 1.25274 1.17114 0.217787 0.498795 -1.78957 -1.58796 0 0 0 1 1 16910 184.897
13.3495 1 0.0400377 1.25296 1.17074 0.211886 0.495992 -1.79459 -1.58998 0 0 0 1 1 16920 185.006
13.3573 1 0.0402411 1.25317 1.17035 0.206048 0.493159 -1.79953 -1.59202 0 0 0 1 1 16930 185.115
13.3652 1 0.0404421 1.25339 1.16997 0.200328 0.490296 -1.80436 -1.5941 0 0 0 1 1 16940 185.225
13.3731 1 0.0406406 1.25359 1.16959 0.194782 0.487407 -1.80901 -1.59619 0 0 0 1 1 16950 185.334
13.381 1 0.0408367 1.25379 1.16922 0.189465 0.484492 -1.81343 -1.59832 0 0 0 1 1 16960 185.443
13.3889 1 0.0410303 1.25399 1.16885 0.184432 0.481555 -1.81756 -1.60046 0 0 0 1 1 16970 185.552
13.3968 1 0.0412215 1.25418 1.16849 0.179734 0.4786 -1.82136 -1.60262 0 0 0 1 1 16980 185.662
13.4047 1 0.0414102 1.25436 1.16814 0.175418 0.475629 -1.82477 -1.6048 0 0 0 1 1 16990 185.771
13.4126 1 0.0415964 1.25454 1.16779 0.171526 0.472647 -1.82776 -1.60698 0 0 0 1 1 17000 185.88
13.4205 1 0.0417801 1.25472 1.16745 0.168095 0.469659 -1.83028 -1.60918 0 0 0 1 1 17010 185.989
13.4284 1 0.0419613 1.25489 1.16711 0.165154 0.466669 -1.83231 -1.61137 0 0 0 1 1 17020 186.098
13.4362 1 0.04214 1.25505 1.16678 0.162725 0.463682 -1.83383 -1.61355 0 0 0 1 1 17030 186.207
13.4441 1 0.0423161 1.25521 1.16645 0.16082 0.460704 -1.83483 -1.61573 0 0 0 1 1 17040 186.317
13.452 1 0.0424898 1.25536 1.16613 0.159442 0.457739 -1.8353 -1.6179 0 0 0 1 1 17050 186.426
13.4599 1 0.0426608 1.2555 1.16582 0.158587 0.454792 -1.83524 -1.62004 0 0 0 1 1 17060 186.535
13.4678 1 0.0428293 1.25564 1.16551 0.158239 0.451869 -1.83468 -1.62216 0 0 0 1 1 17070 186.644
13.4757 1 0.0429953 1.25577 1.16521 0.158374 0.448974 -1.83364 -1.62425 0 0 0 1 1 17080 186.754
13.4836 1 0.0431587 1.2559 1.16492 0.158959 0.446111 -1.83214 -1.62631 0 0 0 1 1 17090 186.863
13.4915 1 0.0433194 1.25602 1.16463 0.15995 0.443285 -1.83024 -1.62833 0 0 0 1 1 17100 186.972
13.4994 1 0.0434776 1.25614 1.16435 0.161299 0.440498 -1.82799 -1.63031 0 0 0 1 1 17110 187.081
13.5073 1 0.0436332 1.25625 1.16407 0.162949 0.437754 -1.82543 -1.63224 0 0 0 1 1 17120 187.191
13.5151 1 0.0437862 1.25635 1.16381 0.164837 0.435054 -1.82264 -1.63413 0 0 0 1 1 17130 187.3
13.523 1 0.0439366 1.25645 1.16354 0.166897 0.432401 -1.81968 -1.63597 0 0 0 1 1 17140 187.409
13.5309 1 0.0440844 1.25654 1.16329 0.169058 0.429794 -1.81662 -1.63777 0 0 0 1 1 17150 187.518
13.5388 1 0.0442295 1.25662 1.16304 0.17125 0.427235 -1.81352 -1.63952 0 0 0 1 1 17160 187.628
13.5467 1 0.0443721 1.2567 1.1628 0.1734 0.424723 -1.81048 -1.64121 0 0 0 1 1 17170 187.737
13.5546 1 0.0445119 1.25677 1.16256 0.175436 0.422256 -1.80754 -1.64287 0 0 0 1 1 17180 187.846
13.5625 1 0.0446492 1.25684 1.16233 0.177292 0.419832 -1.80479 -1.64448 0 0 0 1 1 17190 187.955
13.5704 1 0.0447837 1.25689 1.16211 0.178903 0.417449 -1.80229 -1.64604 0 0 0 1 1 17200 188.064
13.5783 1 0.0449157 1.25695 1.16189 0.180209 0.415104 -1.80009 -1.64757 0 0 0 1 1 17210 188.174
13.5861 1 0.0450449 1.25699 1.16168 0.181159 0.412794 -1.79825 -1.64907 0 0 0 1 1 17220 188.283
13.594 1 0.0451715 1.25703 1.16148 0.181708 0.410513 -1.79681 -1.65053 0 0 0 1 1 17230 188.392
13.6019 1 0.0452955 1.25706 1.16129 0.181819 0.408258 -1.79581 -1.65196 0 0 0 1 1 17240 188.501
13.6098 1 0.0454167 1.25709 1.1611 0.181463 0.406023 -1.79527 -1.65338 0 0 0 1 1 17250 188.61
13.6177 1 0.0455353 1.25711 1.16092 0.180623 0.403805 -1.79522 -1.65478 0 0 0 1 1 17260 188.72
13.6256 1 0.0456511 1.25712 1.16074 0.179289 0.401597 -1.79567 -1.65617 0 0 0 1 1 17270 188.829
13.6335 1 0.0457643 1.25713 1.16057 0.177462 0.399396 -1.7966 -1.65755 0 0 0 1 1 17280 188.938
13.6414 1 0.0458748 1.25713 1.16041 0.175153 0.397195 -1.79802 -1.65892 0 0 0 1 1 17290 189.047
13.6493 1 0.0459825 1.25712 1.16026 0.172379 0.394991 -1.7999 -1.66031 0 0 0 1 1 17300 189.156
13.6572 1 0.0460876 1.25711 1.16011 0.169169 0.392779 -1.80222 -1.66169 0 0 0 1 1 17310 189.266
13.665 1 0.0461899 1.25709 1.15997 0.165557 0.390554 -1.80494 -1.66309 0 0 0 1 1 17320 189.375
13.6729 1 0.0462895 1.25706 1.15984 0.161587 0.388315 -1.80801 -1.66451 0 0 0 1 1 17330 189.484
13.6808 1 0.0463863 1.25703 1.15971 0.157305 0.386056 -1.8114 -1.66594 0 0 0 1 1 17340 189.593
13.6887 1 0.0464805 1.25699 1.1596 0.152766 0.383776 -1.81504 -1.6674 0 0 0 1 1 17350 189.703
13.6966 1 0.0465718 1.25694 1.15948 0.148026 0.381472 -1.81888 -1.66887 0 0 0 1 1 17360 189.812
13.7045 1 0.0466604 1.25689 1.15938 0.143146 0.379144 -1.82285 -1.67037 0 0 0 1 1 17370 189.921
13.7124 1 0.0467463 1.25683 1.15928 0.138187 0.37679 -1.82691 -1.6719 0 0 0 1 1 17380 190.03
13.7203 1 0.0468294 1.25676 1.15919 0.133211 0.37441 -1.83098 -1.67345 0 0 0 1 1 17390 190.14
13.7282 1 0.0469097 1.25669 1.15911 0.128281 0.372005 -1.835 -1.67503 0 0 0 1 1 17400 190.249
13.7361 1 0.0469872 1.25661 1.15903 0.123459 0.369575 -1.83891 -1.67662 0 0 0 1 1 17410 190.358
13.7439 1 0.047062 1.25653 1.15897 0.118802 0.367123 -1.84265 -1.67824 0 0 0 1 1 17420 190.467
13.7518 1 0.047134 1.25643 1.1589 0.114369 0.36465 -1.84617 -1.67989 0 0 0 1 1 17430 190.577
13.7597 1 0.0472032 1.25633 1.15885 0.110211 0.362159 -1.84941 -1.68154 0 0 0 1 1 17440 190.686
13.7676 1 0.0472696 1.25623 1.1588 0.106378 0.359654 -1.85233 -1.68321 0 0 0 1 1 17450 190.796
13.7755 1 0.0473332 1.25611 1.15876 0.102914 0.357137 -1.85487 -1.6849 0 0 0 1 1 17460 190.905
13.7834 1 0.047394 1.25599 1.15873 0.0998613 0.354613 -1.85701 -1.68658 0 0 0 1 1 17470 191.014
13.7913 1 0.0474519 1.25587 1.1587 0.0972537 0.352087 -1.85869 -1.68827 0 0 0 1 1 17480 191.123
13.7992 1 0.0475071 1.25573 1.15868 0.095122 0.349562 -1.8599 -1.68996 0 0 0 1 1 17490 191.232
13.8071 1 0.0475595 1.25559 1.15867 0.0934914 0.347044 -1.86061 -1.69164 0 0 0 1 1 17500 191.341
13.815 1 0.0476091 1.25545 1.15866 0.092382 0.344537 -1.8608 -1.69331 0 0 0 1 1 17510 191.451
13.8228 1 0.0476558 1.2553 1.15866 0.0918091 0.342047 -1.86045 -1.69496 0 0 0 1 1 17520 191.56
13.8307 1 0.0476997 1.25514 1.15867 0.0917824 0.339579 -1.85955 -1.69659 0 0 0 1 1 17530 191.669
13.8386 1 0.0477409 1.25497 1.15868 0.0923072 0.337138 -1.85811 -1.69819 0 0 0 1 1 17540 191.778
13.8465 1 0.0477791 1.2548 1.1587 0.0933837 0.334729 -1.85611 -1.69975 0 0 0 1 1 17550 191.887
13.8544 1 0.0478146 1.25462 1.15873 0.0950074 0.332358 -1.85357 -1.70128 0 0 0 1 1 17560 191.996
13.8623 1 0.0478473 1.25444 1.15876 0.0971692 0.330029 -1.85049 -1.70277 0 0 0 1 1 17570 192.106
13.8702 1 0.0478771 1.25425 1.1588 0.0998556 0.327747 -1.84688 -1.7042 0 0 0 1 1 17580 192.215
13.8781 1 0.0479041 1.25405 1.15885 0.103049 0.325516 -1.84278 -1.70559 0 0 0 1 1 17590 192.324
13.886 1 0.0479283 1.25384 1.1589 0.106726 0.323342 -1.83819 -1.70692 0 0 0 1 1 17600 192.433
13.8938 1 0.0479497 1.25363 1.15896 0.110861 0.321228 -1.83314 -1.70818 0 0 0 1 1 17610 192.543
13.9017 1 0.0479683 1.25342 1.15902 0.115424 0.319178 -1.82767 -1.70939 0 0 0 1 1 17620 192.652
13.9096 1 0.0479841 1.2532 1.15909 0.12038 0.317196 -1.82181 -1.71052 0 0 0 1 1 17630 192.761
13.9175 1 0.047997 1.25297 1.15917 0.12569 0.315284 -1.8156 -1.71159 0 0 0 1 1 17640 192.87
13.9254 1 0.0480072 1.25273 1.15926 0.131314 0.313444 -1.80908 -1.71258 0 0 0 1 1 17650 192.979
13.9333 1 0.0480145 1.25249 1.15935 0.137205 0.31168 -1.80229 -1.71349 0 0 0 1 1 17660 193.089
13.9412 1 0.0480191 1.25224 1.15944 0.143316 0.309993 -1.79529 -1.71433 0 0 0 1 1 17670 193.198
13.9491 1 0.0480208 1.25199 1.15954 0.149593 0.308383 -1.78812 -1.71509 0 0 0 1 1 17680 193.307
13.957 1 0.0480197 1.25173 1.15965 0.155984 0.306852 -1.78085 -1.71577 0 0 0 1 1 17690 193.416
13.9649 1 0.0480159 1.25147 1.15976 0.162432 0.3054 -1.77352 -1.71637 0 0 0 1 1 17700 193.525
13.9727 1 0.0480093 1.2512 1.15988 0.168878 0.304025 -1.7662 -1.7169 0 0 0 1 1 17710 193.635
13.9806 1 0.0479998 1.25092 1.16001 0.175262 0.302727 -1.75894 -1.71734 0 0 0 1 1 17720 193.744
13.9885 1 0.0479876 1.25064 1.16014 0.181524 0.301504 -1.75181 -1.71771 0 0 0 1 1 17730 193.853
13.9964 1 0.0479727 1.25035 1.16028 0.187603 0.300354 -1.74486 -1.71801 0 0 0 1 1 17740 193.962
14.0043 1 0.0479549 1.25006 1.16042 0.193439 0.299274 -1.73816 -1.71824 0 0 0 1 1 17750 194.071
14.0122 1 0.0479344 1.24976 1.16057 0.198972 0.298261 -1.73177 -1.7184 0 0 0 1 1 17760 194.18
14.0201 1 0.0479111 1.24946 1.16072 0.204145 0.29731 -1.72574 -1.7185 0 0 0 1 1 17770 194.29
14.028 1 0.0478851 1.24915 1.16088 0.208902 0.296418 -1.72013 -1.71854 0 0 0 1 1 17780 194.4
14.0359 1 0.0478563 1.24883 1.16104 0.213194 0.295579 -1.71499 -1.71853 0 0 0 1 1 17790 194.509
14.0438 1 0.0478248 1.24851 1.16121 0.216971 0.294787 -1.71036 -1.71847 0 0 0 1 1 17800 194.619
14.0516 1 0.0477905 1.24818 1.16139 0.220193 0.294038 -1.70629 -1.71836 0 0 0 1 1 17810 194.728
14.0595 1 0.0477535 1.24785 1.16157 0.222822 0.293325 -1.70282 -1.71823 0 0 0 1 1 17820 194.838
14.0674 1 0.0477137 1.24752 1.16175 0.224828 0.292641 -1.69997 -1.71806 0 0 0 1 1 17830 194.947
14.0753 1 0.0476712 1.24718 1.16194 0.226189 0.29198 -1.69777 -1.71787 0 0 0 1 1 17840 195.056
14.0832 1 0.047626 1.24683 1.16213 0.226886 0.291336 -1.69623 -1.71766 0 0 0 1 1 17850 195.165
14.0911 1 0.047578 1.24648 1.16233 0.226914 0.290701 -1.69536 -1.71744 0 0 0 1 1 17860 195.274
14.099 1 0.0475274 1.24612 1.16254 0.226272 0.290069 -1.69516 -1.71722 0 0 0 1 1 17870 195.384
14.1069 1 0.047474 1.24576 1.16275 0.224968 0.289433 -1.69562 -1.71701 0 0 0 1 1 17880 195.493
14.1148 1 0.0474179 1.2454 1.16296 0.223019 0.288787 -1.69673 -1.7168 0 0 0 1 1 17890 195.602
14.1227 1 0.0473591 1.24503 1.16318 0.220452 0.288125 -1.69846 -1.71661 0 0 0 1 1 17900 195.711
14.1305 1 0.0472976 1.24465 1.1634 0.2173 0.287442 -1.70077 -1.71645 0 0 0 1 1 17910 195.82
14.1384 1 0.0472334 1.24427 1.16363 0.213603 0.28673 -1.70362 -1.71631 0 0 0 1 1 17920 195.929
14.1463 1 0.0471665 1.24389 1.16386 0.209412 0.285987 -1.70697 -1.7162 0 0 0 1 1 17930 196.039
14.1542 1 0.0470969 1.2435 1.16409 0.204781 0.285207 -1.71075 -1.71613 0 0 0 1 1 17940 196.148
14.1621 1 0.0470247 1.24311 1.16433 0.199773 0.284387 -1.71491 -1.7161 0 0 0 1 1 17950 196.257
14.17 1 0.0469497 1.24271 1.16457 0.194453 0.283524 -1.71938 -1.71611 0 0 0 1 1 17960 196.366
14.1779 1 0.0468721 1.24231 1.16482 0.188894 0.282616 -1.72408 -1.71617 0 0 0 1 1 17970 196.475
14.1858 1 0.0467918 1.24191 1.16507 0.183168 0.28166 -1.72895 -1.71627 0 0 0 1 1 17980 196.585
14.1937 1 0.0467088 1.2415 1.16532 0.177352 0.280658 -1.73391 -1.71642 0 0 0 1 1 17990 196.694
14.2016 1 0.0466232 1.24109 1.16558 0.171523 0.279607 -1.73888 -1.71662 0 0 0 1 1 18000 196.803
14.2094 1 0.0465349 1.24067 1.16584 0.165758 0.27851 -1.74378 -1.71687 0 0 0 1 1 18010 196.912
14.2173 1 0.046444 1.24025 1.16611 0.160132 0.277368 -1.74854 -1.71716 0 0 0 1 1 18020 197.021
14.2252 1 0.0463504 1.23983 1.16637 0.154717 0.276182 -1.75309 -1.7175 0 0 0 1 1 18030 197.131
14.2331 1 0.0462542 1.2394 1.16664 0.149583 0.274956 -1.75735 -1.71787 0 0 0 1 1 18040 197.24
14.241 1 0.0461553 1.23897 1.16692 0.144793 0.273693 -1.76127 -1.71828 0 0 0 1 1 18050 197.349
14.2489 1 0.0460538 1.23853 1.16719 0.140406 0.272398 -1.76478 -1.71872 0 0 0 1 1 18060 197.458
14.2568 1 0.0459497 1.2381 1.16747 0.136474 0.271075 -1.76784 -1.7192 0 0 0 1 1 18070 197.568
14.2647 1 0.0458429 1.23766 1.16775 0.133042 0.269729 -1.77039 -1.71969 0 0 0 1 1 18080 197.677
14.2726 1 0.0457336 1.23721 1.16803 0.130147 0.268365 -1.77241 -1.7202 0 0 0 1 1 18090 197.787
14.2804 1 0.0456216 1.23677 1.16832 0.127818 0.266989 -1.77386 -1.72072 0 0 0 1 1 18100 197.897
14.2883 1 0.0455071 1.23632 1.16861 0.126074 0.265606 -1.77472 -1.72125 0 0 0 1 1 18110 198.007
14.2962 1 0.0453899 1.23587 1.1689 0.124927 0.264224 -1.77499 -1.72178 0 0 0 1 1 18120 198.116
14.3041 1 0.0452702 1.23541 1.16919 0.124378 0.262847 -1.77466 -1.72231 0 0 0 1 1 18130 198.226
14.312 1 0.0451479 1.23495 1.16948 0.124422 0.261481 -1.77374 -1.72282 0 0 0 1 1 18140 198.335
14.3199 1 0.0450231 1.23449 1.16978 0.125043 0.260132 -1.77224 -1.72331 0 0 0 1 1 18150 198.445
14.3278 1 0.0448957 1.23403 1.17007 0.12622 0.258806 -1.77018 -1.72378 0 0 0 1 1 18160 198.554
14.3357 1 0.0447658 1.23357 1.17037 0.12792 0.257508 -1.7676 -1.72423 0 0 0 1 1 18170 198.663
14.3436 1 0.0446333 1.2331 1.17067 0.130107 0.256241 -1.76454 -1.72464 0 0 0 1 1 18180 198.772
14.3515 1 0.0444983 1.23263 1.17097 0.132737 0.255012 -1.76104 -1.72501 0 0 0 1 1 18190 198.881
14.3593 1 0.0443608 1.23216 1.17128 0.135761 0.253822 -1.75714 -1.72535 0 0 0 1 1 18200 198.991
14.3672 1 0.0442208 1.23169 1.17158 0.139124 0.252676 -1.75291 -1.72564 0 0 0 1 1 18210 199.1
14.3751 1 0.0440783 1.23121 1.17188 0.14277 0.251576 -1.7484 -1.72588 0 0 0 1 1 18220 199.209
14.383 1 0.0439333 1.23073 1.17219 0.146638 0.250524 -1.74366 -1.72608 0 0 0 1 1 18230 199.318
14.3909 1 0.0437859 1.23026 1.17249 0.150666 0.249521 -1.73877 -1.72623 0 0 0 1 1 18240 199.427
14.3988 1 0.043636 1.22978 1.1728 0.154791 0.248569 -1.73379 -1.72632 0 0 0 1 1 18250 199.537
14.4067 1 0.0434837 1.2293 1.17311 0.158949 0.247667 -1.72877 -1.72637 0 0 0 1 1 18260 199.646
14.4146 1 0.043329 1.22881 1.17341 0.163078 0.246814 -1.72378 -1.72637 0 0 0 1 1 18270 199.755
14.4225 1 0.0431718 1.22833 1.17372 0.167118 0.246011 -1.71889 -1.72631 0 0 0 1 1 18280 199.864
14.4304 1 0.0430122 1.22784 1.17403 0.17101 0.245254 -1.71415 -1.72622 0 0 0 1 1 18290 199.973
14.4382 1 0.0428503 1.22736 1.17434 0.174699 0.244542 -1.70961 -1.72607 0 0 0 1 1 18300 200.082
14.4461 1 0.0426859 1.22687 1.17465 0.178135 0.243872 -1.70533 -1.72589 0 0 0 1 1 18310 200.192
14.454 1 0.0425192 1.22638 1.17495 0.18127 0.243241 -1.70135 -1.72566 0 0 0 1 1 18320 200.31
14.4619 1 0.0423501 1.2259 1.17526 0.184062 0.242646 -1.69771 -1.7254 0 0 0 1 1 18330 200.419
14.4698 1 0.0421787 1.22541 1.17557 0.186476 0.242081 -1.69446 -1.72511 0 0 0 1 1 18340 200.528
14.4777 1 0.042005 1.22492 1.17588 0.188479 0.241544 -1.69162 -1.72479 0 0 0 1 1 18350 200.637
14.4856 1 0.0418289 1.22443 1.17618 0.190046 0.24103 -1.68921 -1.72445 0 0 0 1 1 18360 200.747
14.4935 1 0.0416506 1.22394 1.17649 0.191159 0.240534 -1.68726 -1.72409 0 0 0 1 1 18370 200.856
14.5014 1 0.04147 1.22345 1.1768 0.191805 0.240051 -1.68578 -1.72372 0 0 0 1 1 18380 200.965
14.5093 1 0.041287 1.22296 1.1771 0.191976 0.239576 -1.68478 -1.72334 0 0 0 1 1 18390 201.074
14.5171 1 0.0411018 1.22247 1.1774 0.191671 0.239106 -1.68425 -1.72296 0 0 0 1 1 18400 201.184
14.525 1 0.0409144 1.22198 1.17771 0.190895 0.238634 -1.68419 -1.72258 0 0 0 1 1 18410 201.293
14.5329 1 0.0407247 1.22149 1.17801 0.189659 0.238157 -1.68459 -1.7222 0 0 0 1 1 18420 201.402
14.5408 1 0.0405328 1.221 1.17831 0.187979 0.23767 -1.68543 -1.72183 0 0 0 1 1 18430 201.511
14.5487 1 0.0403387 1.22051 1.17861 0.185875 0.237169 -1.6867 -1.72148 0 0 0 1 1 18440 201.621
14.5566 1 0.0401424 1.22002 1.17891 0.183374 0.23665 -1.68836 -1.72115 0 0 0 1 1 18450 201.73
14.5645 1 0.0399439 1.21953 1.17921 0.180506 0.236109 -1.69039 -1.72083 0 0 0 1 1 18460 201.839
14.5724 1 0.0397432 1.21905 1.17951 0.177306 0.235544 -1.69276 -1.72055 0 0 0 1 1 18470 201.949
14.5803 1 0.0395403 1.21856 1.1798 0.17381 0.234951 -1.69541 -1.72029 0 0 0 1 1 18480 202.058
14.5881 1 0.0393353 1.21808 1.18009 0.170061 0.234328 -1.69832 -1.72006 0 0 0 1 1 18490 202.167
14.596 1 0.0391282 1.21759 1.18038 0.166102 0.233673 -1.70144 -1.71986 0 0 0 1 1 18500 202.276
14.6039 1 0.0389189 1.21711 1.18067 0.161978 0.232984 -1.70472 -1.71969 0 0 0 1 1 18510 202.386
14.6118 1 0.0387076 1.21663 1.18096 0.157737 0.232261 -1.70811 -1.71957 0 0 0 1 1 18520 202.495
14.6197 1 0.0384941 1.21615 1.18125 0.153427 0.231503 -1.71157 -1.71947 0 0 0 1 1 18530 202.604
14.6276 1 0.0382786 1.21567 1.18153 0.149096 0.230709 -1.71505 -1.71941 0 0 0 1 1 18540 202.713
14.6355 1 0.0380609 1.21519 1.18181 0.144794 0.229881 -1.71851 -1.71939 0 0 0 1 1 18550 202.822
14.6434 1 0.0378413 1.21472 1.18209 0.140568 0.229019 -1.72188 -1.7194 0 0 0 1 1 18560 202.931
14.6513 1 0.0376195 1.21424 1.18237 0.136466 0.228124 -1.72513 -1.71944 0 0 0 1 1 18570 203.041
14.6592 1 0.0373958 1.21377 1.18264 0.132534 0.227199 -1.7282 -1.71951 0 0 0 1 1 18580 203.15
14.667 1 0.03717 1.2133 1.18291 0.128814 0.226245 -1.73106 -1.71961 0 0 0 1 1 18590 203.259
14.6749 1 0.0369422 1.21284 1.18318 0.125348 0.225265 -1.73367 -1.71974 0 0 0 1 1 18600 203.368
14.6828 1 0.0367125 1.21237 1.18345 0.122174 0.224263 -1.73599 -1.71989 0 0 0 1 1 18610 203.477
14.6907 1 0.0364808 1.21191 1.18371 0.119325 0.22324 -1.73797 -1.72006 0 0 0 1 1 18620 203.587
14.6986 1 0.0362471 1.21145 1.18397 0.116834 0.222202 -1.7396 -1.72025 0 0 0 1 1 18630 203.696
14.7065 1 0.0360115 1.21099 1.18423 0.114726 0.221151 -1.74085 -1.72045 0 0 0 1 1 18640 203.805
14.7144 1 0.0357739 1.21053 1.18448 0.113023 0.220092 -1.74169 -1.72065 0 0 0 1 1 18650 203.914
14.7223 1 0.0355345 1.21008 1.18474 0.111743 0.219029 -1.7421 -1.72086 0 0 0 1 1 18660 204.023
14.7302 1 0.0352932 1.20963 1.18498 0.110898 0.217966 -1.74209 -1.72107 0 0 0 1 1 18670 204.133
14.7381 1 0.0350499 1.20918 1.18523 0.110495 0.216908 -1.74162 -1.72128 0 0 0 1 1 18680 204.242
14.7459 1 0.0348049 1.20874 1.18547 0.110537 0.215858 -1.74072 -1.72147 0 0 0 1 1 18690 204.351
14.7538 1 0.034558 1.2083 1.18571 0.111021 0.214822 -1.73937 -1.72166 0 0 0 1 1 18700 204.46
14.7617 1 0.0343092 1.20786 1.18594 0.111937 0.213803 -1.7376 -1.72182 0 0 0 1 1 18710 204.569
14.7696 1 0.0340587 1.20742 1.18617 0.113274 0.212806 -1.7354 -1.72196 0 0 0 1 1 18720 204.678
14.7775 1 0.0338063 1.20699 1.1864 0.115012 0.211833 -1.7328 -1.72208 0 0 0 1 1 18730 204.788
14.7854 1 0.0335522 1.20656 1.18662 0.117129 0.21089 -1.72982 -1.72217 0 0 0 1 1 18740 204.897
14.7933 1 0.0332964 1.20614 1.18684 0.119598 0.209978 -1.7265 -1.72223 0 0 0 1 1 18750 205.006
14.8012 1 0.0330388 1.20572 1.18705 0.122386 0.209102 -1.72286 -1.72225 0 0 0 1 1 18760 205.115
14.8091 1 0.0327795 1.2053 1.18726 0.125459 0.208263 -1.71893 -1.72224 0 0 0 1 1 18770 205.224
14.817 1 0.0325185 1.20489 1.18747 0.128779 0.207465 -1.71476 -1.72218 0 0 0 1 1 18780 205.333
14.8248 1 0.0322558 1.20448 1.18768 0.132305 0.206708 -1.71038 -1.72209 0 0 0 1 1 18790 205.443
14.8327 1 0.0319915 1.20407 1.18787 0.135993 0.205994 -1.70585 -1.72195 0 0 0 1 1 18800 205.552
14.8406 1 0.0317255 1.20367 1.18807 0.139797 0.205324 -1.7012 -1.72176 0 0 0 1 1 18810 205.661
14.8485 1 0.0314579 1.20327 1.18826 0.143673 0.204699 -1.69648 -1.72153 0 0 0 1 1 18820 205.77
14.8564 1 0.0311887 1.20288 1.18845 0.147574 0.204119 -1.69174 -1.72126 0 0 0 1 1 18830 205.879
14.8643 1 0.0309179 1.20249 1.18863 0.151453 0.203582 -1.68703 -1.72094 0 0 0 1 1 18840 205.988
14.8722 1 0.0306456 1.20211 1.1888 0.155265 0.203089 -1.68238 -1.72058 0 0 0 1 1 18850 206.097
14.8801 1 0.0303717 1.20173 1.18898 0.158964 0.202638 -1.67785 -1.72018 0 0 0 1 1 18860 206.207
14.888 1 0.0300963 1.20135 1.18915 0.16251 0.202226 -1.67347 -1.71974 0 0 0 1 1 18870 206.316
14.8958 1 0.0298194 1.20098 1.18931 0.165861 0.201853 -1.66929 -1.71926 0 0 0 1 1 18880 206.425
14.9037 1 0.029541 1.20061 1.18947 0.16898 0.201515 -1.66535 -1.71875 0 0 0 1 1 18890 206.534
14.9116 1 0.0292611 1.20025 1.18962 0.171835 0.20121 -1.66167 -1.7182 0 0 0 1 1 18900 206.643
14.9195 1 0.0289798 1.19989 1.18977 0.174395 0.200935 -1.65828 -1.71763 0 0 0 1 1 18910 206.752
14.9274 1 0.0286971 1.19954 1.18992 0.176634 0.200685 -1.65522 -1.71702 0 0 0 1 1 18920 206.862
14.9353 1 0.028413 1.1992 1.19006 0.178532 0.200459 -1.65251 -1.7164 0 0 0 1 1 18930 206.971
14.9432 1 0.0281275 1.19885 1.1902 0.180072 0.200251 -1.65015 -1.71576 0 0 0 1 1 18940 207.08
14.9511 1 0.0278406 1.19852 1.19033 0.181243 0.200059 -1.64816 -1.7151 0 0 0 1 1 18950 207.189
14.959 1 0.0275523 1.19818 1.19045 0.182038 0.199878 -1.64655 -1.71443 0 0 0 1 1 18960 207.299
14.9669 1 0.0272628 1.19786 1.19057 0.182456 0.199705 -1.64531 -1.71375 0 0 0 1 1 18970 207.408
14.9747 1 0.0269719 1.19754 1.19069 0.182501 0.199535 -1.64445 -1.71307 0 0 0 1 1 18980 207.517
14.9826 1 0.0266798 1.19722 1.1908 0.182181 0.199366 -1.64396 -1.71239 0 0 0 1 1 18990 207.626
14.9905 1 0.0263863 1.19691 1.1909 0.18151 0.199193 -1.64381 -1.71172 0 0 0 1 1 19000 207.736
14.9984 1 0.0260916 1.19661 1.19101 0.180504 0.199013 -1.64401 -1.71105 0 0 0 1 1 19010 207.845
15.0063 1 0.0257957 1.19631 1.1911 0.179186 0.198824 -1.64451 -1.71039 0 0 0 1 1 19020 207.954
15.0142 1 0.0254986 1.19601 1.19119 0.177582 0.198622 -1.6453 -1.70974 0 0 0 1 1 19030 208.063
15.0221 1 0.0252003 1.19573 1.19128 0.17572 0.198404 -1.64634 -1.70911 0 0 0 1 1 19040 208.173
15.03 1 0.0249008 1.19544 1.19136 0.173632 0.19817 -1.64761 -1.7085 0 0 0 1 1 19050 208.282
15.0379 1 0.0246001 1.19517 1.19143 0.171352 0.197915 -1.64908 -1.70791 0 0 0 1 1 19060 208.391
15.0458 1 0.0242983 1.1949 1.1915 0.168917 0.19764 -1.65069 -1.70734 0 0 0 1 1 19070 208.5
15.0536 1 0.0239954 1.19463 1.19156 0.166364 0.197343 -1.65243 -1.70679 0 0 0 1 1 19080 208.61
15.0615 1 0.0236914 1.19437 1.19162 0.163731 0.197024 -1.65424 -1.70626 0 0 0 1 1 19090 208.719
15.0694 1 0.0233863 1.19412 1.19167 0.161058 0.196681 -1.65609 -1.70576 0 0 0 1 1 19100 208.828
15.0773 1 0.0230801 1.19387 1.19172 0.158381 0.196315 -1.65795 -1.70528 0 0 0 1 1 19110 208.937
15.0852 1 0.0227729 1.19363 1.19176 0.155739 0.195927 -1.65977 -1.70482 0 0 0 1 1 19120 209.047
15.0931 1 0.0224647 1.1934 1.1918 0.153167 0.195516 -1.66152 -1.70439 0 0 0 1 1 19130 209.156
15.101 1 0.0221554 1.19317 1.19183 0.150701 0.195085 -1.66316 -1.70397 0 0 0 1 1 19140 209.265
15.1089 1 0.0218452 1.19294 1.19185 0.148371 0.194635 -1.66466 -1.70358 0 0 0 1 1 19150 209.375
15.1168 1 0.021534 1.19273 1.19187 0.146208 0.194167 -1.666 -1.7032 0 0 0 1 1 19160 209.484
15.1247 1 0.0212218 1.19252 1.19188 0.144239 0.193683 -1.66715 -1.70284 0 0 0 1 1 19170 209.593
15.1325 1 0.0209087 1.19231 1.19189 0.142485 0.193186 -1.66807 -1.7025 0 0 0 1 1 19180 209.702
15.1404 1 0.0205947 1.19211 1.19189 0.140967 0.192677 -1.66876 -1.70216 0 0 0 1 1 19190 209.811
15.1483 1 0.0202798 1.19192 1.19189 0.1397 0.19216 -1.6692 -1.70183 0 0 0 1 1 19200 209.921
15.1562 1 0.019964 1.19174 1.19188 0.138697 0.191637 -1.66938 -1.70151 0 0 0 1 1 19210 210.03
15.1641 1 0.0196473 1.19156 1.19186 0.137964 0.191111 -1.66928 -1.7012 0 0 0 1 1 19220 210.139
15.172 1 0.0193299 1.19139 1.19184 0.137507 0.190584 -1.66891 -1.70088 0 0 0 1 1 19230 210.248
15.1799 1 0.0190116 1.19122 1.19181 0.137324 0.19006 -1.66827 -1.70056 0 0 0 1 1 19240 210.357
15.1878 1 0.0186925 1.19106 1.19178 0.137413 0.18954 -1.66735 -1.70024 0 0 0 1 1 19250 210.466
15.1957 1 0.0183726 1.19091 1.19174 0.137764 0.189028 -1.66618 -1.69991 0 0 0 1 1 19260 210.576
15.2035 1 0.018052 1.19076 1.19169 0.138367 0.188525 -1.66475 -1.69957 0 0 0 1 1 19270 210.685
15.2114 1 0.0177307 1.19062 1.19164 0.139208 0.188035 -1.66308 -1.69922 0 0 0 1 1 19280 210.794
15.2193 1 0.0174086 1.19048 1.19158 0.140268 0.187559 -1.6612 -1.69885 0 0 0 1 1 19290 210.903
15.2272 1 0.0170858 1.19036 1.19152 0.141527 0.187099 -1.65912 -1.69847 0 0 0 1 1 19300 211.012
15.2351 1 0.0167624 1.19024 1.19145 0.142963 0.186658 -1.65686 -1.69807 0 0 0 1 1 19310 211.122
15.243 1 0.0164383 1.19012 1.19138 0.14455 0.186235 -1.65445 -1.69765 0 0 0 1 1 19320 211.231
15.2509 1 0.0161136 1.19001 1.1913 0.146263 0.185834 -1.65192 -1.69721 0 0 0 1 1 19330 211.34
15.2588 1 0.0157882 1.18991 1.19121 0.148074 0.185453 -1.64929 -1.69675 0 0 0 1 1 19340 211.449
15.2667 1 0.0154623 1.18982 1.19112 0.149954 0.185095 -1.64659 -1.69626 0 0 0 1 1 19350 211.559
15.2746 1 0.0151358 1.18973 1.19102 0.151876 0.184759 -1.64385 -1.69576 0 0 0 1 1 19360 211.668
15.2824 1 0.0148087 1.18964 1.19091 0.153809 0.184445 -1.64111 -1.69523 0 0 0 1 1 19370 211.777
15.2903 1 0.0144812 1.18957 1.1908 0.155727 0.184153 -1.63838 -1.69468 0 0 0 1 1 19380 211.886
15.2982 1 0.0141531 1.1895 1.19069 0.157601 0.183883 -1.63569 -1.69411 0 0 0 1 1 19390 211.996
15.3061 1 0.0138245 1.18944 1.19057 0.159405 0.183634 -1.63308 -1.69352 0 0 0 1 1 19400 212.105
15.314 1 0.0134955 1.18938 1.19044 0.161114 0.183404 -1.63056 -1.69291 0 0 0 1 1 19410 212.214
15.3219 1 0.013166 1.18933 1.19031 0.162706 0.183193 -1.62816 -1.69229 0 0 0 1 1 19420 212.323
15.3298 1 0.0128361 1.18929 1.19017 0.164159 0.182999 -1.6259 -1.69164 0 0 0 1 1 19430 212.432
15.3377 1 0.0125057 1.18925 1.19002 0.165455 0.182821 -1.6238 -1.69098 0 0 0 1 1 19440 212.541
15.3456 1 0.012175 1.18922 1.18987 0.166577 0.182656 -1.62187 -1.69031 0 0 0 1 1 19450 212.651
15.3535 1 0.011844 1.1892 1.18972 0.167512 0.182502 -1.62013 -1.68962 0 0 0 1 1 19460 212.76
15.3613 1 0.0115126 1.18918 1.18955 0.168248 0.182359 -1.61859 -1.68893 0 0 0 1 1 19470 212.869
15.3692 1 0.0111809 1.18917 1.18939 0.168779 0.182223 -1.61726 -1.68823 0 0 0 1 1 19480 212.978
15.3771 1 0.0108489 1.18916 1.18921 0.169099 0.182092 -1.61614 -1.68752 0 0 0 1 1 19490 213.087
15.385 1 0.0105166 1.18916 1.18904 0.169205 0.181965 -1.61523 -1.68681 0 0 0 1 1 19500 213.196
15.3929 1 0.010184 1.18917 1.18885 0.169098 0.181838 -1.61454 -1.6861 0 0 0 1 1 19510 213.306
15.4008 1 0.00985126 1.18918 1.18866 0.168781 0.181711 -1.61406 -1.6854 0 0 0 1 1 19520 213.415
15.4087 1 0.00951826 1.1892 1.18847 0.16826 0.181581 -1.61378 -1.68469 0 0 0 1 1 19530 213.524
15.4166 1 0.00918507 1.18923 1.18827 0.167542 0.181446 -1.6137 -1.68399 0 0 0 1 1 19540 213.633
15.4245 1 0.0088517 1.18926 1.18806 0.166639 0.181304 -1.6138 -1.6833 0 0 0 1 1 19550 213.742
15.4324 1 0.00851818 1.1893 1.18785 0.165562 0.181154 -1.61408 -1.68261 0 0 0 1 1 19560 213.852
15.4402 1 0.00818453 1.18935 1.18763 0.164326 0.180993 -1.61451 -1.68194 0 0 0 1 1 19570 213.961
15.4481 1 0.00785077 1.1894 1.18741 0.162946 0.180822 -1.61509 -1.68128 0 0 0 1 1 19580 214.071
15.456 1 0.00751691 1.18945 1.18718 0.161439 0.180637 -1.6158 -1.68063 0 0 0 1 1 19590 214.18
15.4639 1 0.00718298 1.18952 1.18695 0.159824 0.180439 -1.61661 -1.68 0 0 0 1 1 19600 214.29
15.4718 1 0.006849 1.18959 1.18671 0.158119 0.180227 -1.61751 -1.67938 0 0 0 1 1 19610 214.399
15.4797 1 0.00651499 1.18966 1.18647 0.156343 0.179999 -1.61849 -1.67877 0 0 0 1 1 19620 214.508
15.4876 1 0.00618096 1.18974 1.18622 0.154516 0.179756 -1.61951 -1.67818 0 0 0 1 1 19630 214.617
15.4955 1 0.00584695 1.18983 1.18596 0.152656 0.179497 -1.62057 -1.67761 0 0 0 1 1 19640 214.726
15.5034 1 0.00551296 1.18992 1.18571 0.150784 0.179222 -1.62164 -1.67705 0 0 0 1 1 19650 214.836
15.5112 1 0.00517903 1.19002 1.18544 0.148918 0.178932 -1.6227 -1.67651 0 0 0 1 1 19660 214.945
15.5191 1 0.00484516 1.19012 1.18517 0.147076 0.178626 -1.62374 -1.67599 0 0 0 1 1 19670 215.054
15.527 1 0.00451139 1.19023 1.1849 0.145275 0.178305 -1.62473 -1.67548 0 0 0 1 1 19680 215.163
15.5349 1 0.00417772 1.19034 1.18462 0.14353 0.17797 -1.62567 -1.67498 0 0 0 1 1 19690 215.272
15.5428 1 0.00384419 1.19046 1.18434 0.141856 0.177621 -1.62654 -1.6745 0 0 0 1 1 19700 215.381
15.5507 1 0.0035108 1.19059 1.18405 0.140267 0.177259 -1.62732 -1.67403 0 0 0 1 1 19710 215.491
15.5586 1 0.00317759 1.19072 1.18376 0.138775 0.176886 -1.62801 -1.67357 0 0 0 1 1 19720 215.6
15.5665 1 0.00284457 1.19086 1.18346 0.137389 0.176503 -1.62859 -1.67313 0 0 0 1 1 19730 215.709
15.5744 1 0.00251176 1.191 1.18316 0.136119 0.17611 -1.62905 -1.67269 0 0 0 1 1 19740 215.818
15.5823 1 0.00217918 1.19114 1.18285 0.134972 0.17571 -1.62939 -1.67226 0 0 0 1 1 19750 215.928
15.5901 1 0.00184685 1.19129 1.18254 0.133954 0.175302 -1.6296 -1.67184 0 0 0 1 1 19760 216.037
15.598 1 0.0015148 1.19145 1.18222 0.133069 0.17489 -1.62968 -1.67143 0 0 0 1 1 19770 216.146
15.6059 1 0.00118304 1.19161 1.1819 0.13232 0.174473 -1.62962 -1.67101 0 0 0 1 1 19780 216.255
15.6138 1 0.000851587 1.19178 1.18158 0.131707 0.174054 -1.62942 -1.67061 0 0 0 1 1 19790 216.365
15.6217 1 0.000520472 1.19195 1.18125 0.131231 0.173634 -1.62909 -1.6702 0 0 0 1 1 19800 216.474
15.6296 1 0.000189711 1.19213 1.18092 0.13089 0.173214 -1.62862 -1.66979 0 0 0 1 1 19810 216.583
15.6375 1 -0.000140676 1.19231 1.18058 0.130682 0.172795 -1.62802 -1.66938 0 0 0 1 1 19820 216.692
15.6454 1 -0.000470668 1.19249 1.18024 0.130604 0.172379 -1.6273 -1.66897 0 0 0 1 1 19830 216.802
15.6533 1 -0.000800246 1.19268 1.17989 0.13065 0.171968 -1.62644 -1.66855 0 0 0 1 1 19840 216.911
15.6612 1 -0.00112939 1.19288 1.17954 0.130816 0.171561 -1.62547 -1.66813 0 0 0 1 1 19850 217.02
15.669 1 -0.00145807 1.19308 1.17919 0.131096 0.171161 -1.62439 -1.66771 0 0 0 1 1 19860 217.129
15.6769 1 -0.00178628 1.19328 1.17883 0.131482 0.170768 -1.62319 -1.66727 0 0 0 1 1 19870 217.238
15.6848 1 -0.002114 1.19349 1.17847 0.131968 0.170383 -1.6219 -1.66683 0 0 0 1 1 19880 217.348
15.6927 1 -0.00244119 1.1937 1.17811 0.132547 0.170007 -1.62052 -1.66638 0 0 0 1 1 19890 217.457
15.7006 1 -0.00276785 1.19392 1.17774 0.133211 0.169641 -1.61905 -1.66592 0 0 0 1 1 19900 217.566
15.7085 1 -0.00309396 1.19414 1.17737 0.133952 0.169286 -1.61751 -1.66545 0 0 0 1 1 19910 217.675
15.7164 1 -0.00341948 1.19436 1.17699 0.134762 0.168942 -1.6159 -1.66497 0 0 0 1 1 19920 217.784
15.7243 1 -0.00374441 1.19459 1.17662 0.135633 0.168609 -1.61423 -1.66448 0 0 0 1 1 19930 217.894
15.7322 1 -0.00406872 1.19482 1.17623 0.136557 0.168289 -1.61251 -1.66397 0 0 0 1 1 19940 218.003
15.7401 1 -0.00439239 1.19506 1.17585 0.137526 0.167982 -1.61074 -1.66345 0 0 0 1 1 19950 218.112
15.7479 1 -0.0047154 1.1953 1.17546 0.138532 0.167687 -1.60893 -1.66292 0 0 0 1 1 19960 218.221
15.7558 1 -0.00503773 1.19554 1.17507 0.139569 0.167405 -1.6071 -1.66238 0 0 0 1 1 19970 218.33
15.7637 1 -0.00535937 1.19578 1.17468 0.140627 0.167136 -1.60524 -1.66183 0 0 0 1 1 19980 218.439
15.7716 1 -0.00568029 1.19603 1.17428 0.1417 0.166881 -1.60338 -1.66126 0 0 0 1 1 19990 218.549
15.7795 1 -0.00600047 1.19629 1.17388 0.142781 0.166638 -1.6015 -1.66068 0 0 0 1 1 20000 218.658
15.7874 1 -0.00631989 1.19654 1.17348 0.143862 0.166409 -1.59963 -1.66008 0 0 0 1 1 20010 218.767
15.7953 1 -0.00663853 1.1968 1.17307 0.144937 0.166192 -1.59776 -1.65948 0 0 0 1 1 20020 218.876
15.8032 1 -0.00695638 1.19706 1.17266 0.145999 0.165988 -1.59591 -1.65886 0 0 0 1 1 20030 218.985
15.8111 1 -0.00727341 1.19733 1.17225 0.147042 0.165797 -1.59407 -1.65823 0 0 0 1 1 20040 219.095
15.8189 1 -0.0075896 1.1976 1.17184 0.148058 0.165618 -1.59227 -1.65759 0 0 0 1 1 20050 219.204
15.8268 1 -0.00790494 1.19787 1.17143 0.149041 0.16545 -1.59049 -1.65693 0 0 0 1 1 20060 219.313
15.8347 1 -0.0082194 1.19814 1.17101 0.149986 0.165293 -1.58876 -1.65627 0 0 0 1 1 20070 219.422
15.8426 1 -0.00853297 1.19841 1.17059 0.150886 0.165147 -1.58707 -1.65559 0 0 0 1 1 20080 219.531
15.8505 1 -0.00884563 1.19869 1.17017 0.151734 0.165011 -1.58544 -1.65491 0 0 0 1 1 20090 219.64
15.8584 1 -0.00915735 1.19897 1.16975 0.152525 0.164885 -1.58386 -1.65421 0 0 0 1 1 20100 219.75
15.8663 1 -0.00946813 1.19926 1.16932 0.153254 0.164767 -1.58235 -1.65351 0 0 0 1 1 20110 219.859
15.8742 1 -0.00977793 1.19954 1.16889 0.153914 0.164657 -1.58091 -1.6528 0 0 0 1 1 20120 219.968
15.8821 1 -0.0100867 1.19983 1.16846 0.1545 0.164554 -1.57954 -1.65209 0 0 0 1 1 20130 220.077
15.89 1 -0.0103945 1.20012 1.16803 0.155007 0.164458 -1.57825 -1.65136 0 0 0 1 1 20140 220.186
15.8978 1 -0.0107013 1.20041 1.1676 0.155429 0.164367 -1.57704 -1.65064 0 0 0 1 1 20150 220.295
15.9057 1 -0.0110071 1.2007 1.16717 0.155762 0.164281 -1.57593 -1.6499 0 0 0 1 1 20160 220.405
15.9136 1 -0.0113117 1.20099 1.16673 0.156003 0.164198 -1.57491 -1.64917 0 0 0 1 1 20170 220.514
15.9215 1 -0.0116153 1.20129 1.16629 0.156145 0.164118 -1.57398 -1.64843 0 0 0 1 1 20180 220.623
15.9294 1 -0.0119178 1.20159 1.16586 0.156188 0.16404 -1.57316 -1.64769 0 0 0 1 1 20190 220.732
15.9373 1 -0.0122192 1.20189 1.16542 0.156127 0.163962 -1.57244 -1.64695 0 0 0 1 1 20200 220.842
15.9452 1 -0.0125194 1.20219 1.16498 0.15596 0.163884 -1.57183 -1.64622 0 0 0 1 1 20210 220.951
15.9531 1 -0.0128185 1.20249 1.16453 0.155686 0.163805 -1.57133 -1.64548 0 0 0 1 1 20220 221.06
15.961 1 -0.0131165 1.20279 1.16409 0.155303 0.163723 -1.57093 -1.64475 0 0 0 1 1 20230 221.169
15.9689 1 -0.0134132 1.20309 1.16365 0.154813 0.163637 -1.57064 -1.64402 0 0 0 1 1 20240 221.278
15.9767 1 -0.0137087 1.2034 1.1632 0.154215 0.163547 -1.57046 -1.64329 0 0 0 1 1 20250 221.387
15.9846 1 -0.014003 1.2037 1.16276 0.153511 0.163451 -1.57039 -1.64257 0 0 0 1 1 20260 221.497
15.9925 1 -0.0142961 1.20401 1.16231 0.152704 0.163349 -1.57041 -1.64186 0 0 0 1 1 20270 221.606
16.0004 1 -0.0145879 1.20431 1.16187 0.151797 0.163239 -1.57054 -1.64116 0 0 0 1 1 20280 221.715
16.0083 1 -0.0148785 1.20462 1.16142 0.150794 0.163121 -1.57077 -1.64046 0 0 0 1 1 20290 221.824
16.0162 1 -0.0151677 1.20493 1.16098 0.149702 0.162993 -1.57108 -1.63978 0 0 0 1 1 20300 221.934
16.0241 1 -0.0154557 1.20524 1.16053 0.148526 0.162856 -1.57148 -1.6391 0 0 0 1 1 20310 222.043
16.032 1 -0.0157423 1.20554 1.16008 0.147273 0.162708 -1.57195 -1.63844 0 0 0 1 1 20320 222.152
16.0399 1 -0.0160276 1.20585 1.15964 0.145952 0.162549 -1.57249 -1.63779 0 0 0 1 1 20330 222.261
16.0478 1 -0.0163115 1.20616 1.15919 0.144571 0.162377 -1.57309 -1.63714 0 0 0 1 1 20340 222.371
16.0556 1 -0.0165941 1.20647 1.15874 0.143139 0.162194 -1.57375 -1.63652 0 0 0 1 1 20350 222.48
16.0635 1 -0.0168752 1.20678 1.1583 0.141669 0.161998 -1.57444 -1.6359 0 0 0 1 1 20360 222.589
16.0714 1 -0.017155 1.20709 1.15785 0.140169 0.16179 -1.57515 -1.6353 0 0 0 1 1 20370 222.698
16.0793 1 -0.0174334 1.20739 1.1574 0.138651 0.161568 -1.57589 -1.63471 0 0 0 1 1 20380 222.807
16.0872 1 -0.0177103 1.2077 1.15696 0.137128 0.161334 -1.57663 -1.63413 0 0 0 1 1 20390 222.916
16.0951 1 -0.0179857 1.20801 1.15651 0.135611 0.161087 -1.57737 -1.63357 0 0 0 1 1 20400 223.026
16.103 1 -0.0182597 1.20831 1.15607 0.134111 0.160828 -1.57809 -1.63302 0 0 0 1 1 20410 223.135
16.1109 1 -0.0185323 1.20862 1.15563 0.132642 0.160556 -1.57877 -1.63248 0 0 0 1 1 20420 223.244
16.1188 1 -0.0188033 1.20892 1.15518 0.131215 0.160273 -1.57942 -1.63196 0 0 0 1 1 20430 223.353
16.1266 1 -0.0190728 1.20922 1.15474 0.129841 0.159979 -1.58001 -1.63144 0 0 0 1 1 20440 223.463
16.1345 1 -0.0193408 1.20953 1.1543 0.128532 0.159675 -1.58053 -1.63094 0 0 0 1 1 20450 223.572
16.1424 1 -0.0196072 1.20983 1.15386 0.127298 0.159361 -1.58098 -1.63044 0 0 0 1 1 20460 223.681
16.1503 1 -0.0198721 1.21013 1.15343 0.126148 0.159038 -1.58135 -1.62996 0 0 0 1 1 20470 223.791
16.1582 1 -0.0201354 1.21043 1.15299 0.125092 0.158708 -1.58162 -1.62948 0 0 0 1 1 20480 223.9
16.1661 1 -0.0203971 1.21072 1.15255 0.124138 0.158372 -1.58179 -1.62901 0 0 0 1 1 20490 224.009
16.174 1 -0.0206572 1.21102 1.15212 0.123291 0.158029 -1.58185 -1.62854 0 0 0 1 1 20500 224.119
16.1819 1 -0.0209157 1.21131 1.15169 0.122558 0.157683 -1.5818 -1.62808 0 0 0 1 1 20510 224.228
16.1898 1 -0.0211726 1.21161 1.15126 0.121944 0.157333 -1.58163 -1.62763 0 0 0 1 1 20520 224.337
16.1977 1 -0.0214278 1.2119 1.15083 0.121449 0.156981 -1.58134 -1.62717 0 0 0 1 1 20530 224.446
16.2055 1 -0.0216814 1.21219 1.1504 0.121077 0.156629 -1.58093 -1.62672 0 0 0 1 1 20540 224.556
16.2134 1 -0.0219333 1.21247 1.14998 0.120827 0.156277 -1.5804 -1.62626 0 0 0 1 1 20550 224.665
16.2213 1 -0.0221835 1.21276 1.14955 0.120698 0.155926 -1.57975 -1.62581 0 0 0 1 1 20560 224.774
16.2292 1 -0.0224319 1.21304 1.14913 0.120685 0.155579 -1.57897 -1.62535 0 0 0 1 1 20570 224.884
16.2371 1 -0.0226787 1.21332 1.14871 0.120786 0.155235 -1.57809 -1.62489 0 0 0 1 1 20580 224.993
16.245 1 -0.0229237 1.2136 1.1483 0.120993 0.154896 -1.5771 -1.62442 0 0 0 1 1 20590 225.102
16.2529 1 -0.023167 1.21388 1.14788 0.1213 0.154564 -1.57601 -1.62395 0 0 0 1 1 20600 225.212
16.2608 1 -0.0234085 1.21415 1.14747 0.121697 0.154238 -1.57484 -1.62347 0 0 0 1 1 20610 225.321
16.2687 1 -0.0236483 1.21442 1.14706 0.122174 0.15392 -1.57358 -1.62298 0 0 0 1 1 20620 225.43
16.2766 1 -0.0238862 1.21469 1.14666 0.122722 0.153609 -1.57225 -1.62249 0 0 0 1 1 20630 225.54
16.2844 1 -0.0241223 1.21496 1.14625 0.123327 0.153308 -1.57087 -1.62198 0 0 0 1 1 20640 225.649
16.2923 1 -0.0243567 1.21522 1.14585 0.123977 0.153016 -1.56944 -1.62147 0 0 0 1 1 20650 225.758
16.3002 1 -0.0245891 1.21548 1.14545 0.124658 0.152733 -1.56798 -1.62095 0 0 0 1 1 20660 225.867
16.3081 1 -0.0248198 1.21574 1.14506 0.125357 0.15246 -1.5665 -1.62042 0 0 0 1 1 20670 225.976
16.316 1 -0.0250485 1.216 1.14467 0.12606 0.152197 -1.56502 -1.61988 0 0 0 1 1 20680 226.086
16.3239 1 -0.0252754 1.21625 1.14428 0.126752 0.151943 -1.56356 -1.61933 0 0 0 1 1 20690 226.195
16.3318 1 -0.0255005 1.2165 1.14389 0.127419 0.151698 -1.56212 -1.61878 0 0 0 1 1 20700 226.304
16.3397 1 -0.0257236 1.21674 1.14351 0.128047 0.151462 -1.56071 -1.61821 0 0 0 1 1 20710 226.413
16.3476 1 -0.0259448 1.21698 1.14313 0.128623 0.151234 -1.55936 -1.61763 0 0 0 1 1 20720 226.523
16.3555 1 -0.026164 1.21722 1.14276 0.129135 0.151014 -1.55808 -1.61705 0 0 0 1 1 20730 226.632
16.3633 1 -0.0263813 1.21746 1.14238 0.12957 0.150801 -1.55687 -1.61646 0 0 0 1 1 20740 226.741
16.3712 1 -0.0265967 1.21769 1.14202 0.129919 0.150594 -1.55575 -1.61587 0 0 0 1 1 20750 226.85
16.3791 1 -0.0268101 1.21792 1.14165 0.130171 0.150391 -1.55473 -1.61527 0 0 0 1 1 20760 226.96
16.387 1 -0.0270215 1.21814 1.14129 0.130319 0.150193 -1.55381 -1.61467 0 0 0 1 1 20770 227.069
16.3949 1 -0.027231 1.21836 1.14093 0.130356 0.149997 -1.553 -1.61407 0 0 0 1 1 20780 227.178
16.4028 1 -0.0274384 1.21858 1.14058 0.130277 0.149803 -1.55231 -1.61346 0 0 0 1 1 20790 227.287
16.4107 1 -0.0276438 1.21879 1.14023 0.130079 0.149609 -1.55174 -1.61285 0 0 0 1 1 20800 227.397
16.4186 1 -0.0278472 1.219 1.13989 0.129761 0.149415 -1.55129 -1.61225 0 0 0 1 1 20810 227.506
16.4265 1 -0.0280486 1.21921 1.13955 0.129324 0.149219 -1.55096 -1.61165 0 0 0 1 1 20820 227.615
16.4343 1 -0.0282479 1.21941 1.13921 0.128769 0.14902 -1.55074 -1.61105 0 0 0 1 1 20830 227.724
16.4422 1 -0.0284451 1.2196 1.13888 0.128101 0.148817 -1.55064 -1.61045 0 0 0 1 1 20840 227.833
16.4501 1 -0.0286403 1.2198 1.13855 0.127327 0.148608 -1.55065 -1.60986 0 0 0 1 1 20850 227.943
16.458 1 -0.0288334 1.21999 1.13823 0.126454 0.148394 -1.55075 -1.60928 0 0 0 1 1 20860 228.052
16.4659 1 -0.0290243 1.22017 1.13791 0.125492 0.148172 -1.55095 -1.6087 0 0 0 1 1 20870 228.161
16.4738 1 -0.0292132 1.22035 1.13759 0.124451 0.147943 -1.55122 -1.60813 0 0 0 1 1 20880 228.27
16.4817 1 -0.0294 1.22053 1.13728 0.123346 0.147706 -1.55155 -1.60757 0 0 0 1 1 20890 228.38
16.4896 1 -0.0295846 1.2207 1.13698 0.12219 0.147459 -1.55194 -1.60702 0 0 0 1 1 20900 228.489
16.4975 1 -0.0297671 1.22086 1.13668 0.120998 0.147204 -1.55236 -1.60648 0 0 0 1 1 20910 228.598
16.5054 1 -0.0299475 1.22103 1.13638 0.119787 0.146939 -1.55281 -1.60595 0 0 0 1 1 20920 228.707
16.5132 1 -0.0301257 1.22118 1.13609 0.118573 0.146664 -1.55325 -1.60543 0 0 0 1 1 20930 228.816
16.5211 1 -0.0303017 1.22134 1.13581 0.117374 0.146381 -1.55368 -1.60492 0 0 0 1 1 20940 228.925
16.529 1 -0.0304756 1.22148 1.13553 0.116209 0.146088 -1.55407 -1.60441 0 0 0 1 1 20950 229.035
16.5369 1 -0.0306473 1.22163 1.13525 0.115094 0.145788 -1.55442 -1.60392 0 0 0 1 1 20960 229.144
16.5448 1 -0.0308168 1.22177 1.13498 0.114049 0.145479 -1.55469 -1.60343 0 0 0 1 1 20970 229.253
16.5527 1 -0.030984 1.2219 1.13471 0.113091 0.145164 -1.55488 -1.60295 0 0 0 1 1 20980 229.362
16.5606 1 -0.0311491 1.22203 1.13445 0.112236 0.144843 -1.55496 -1.60248 0 0 0 1 1 20990 229.472
16.5685 1 -0.0313119 1.22215 1.1342 0.1115 0.144517 -1.55493 -1.60201 0 0 0 1 1 21000 229.581
16.5764 1 -0.0314725 1.22227 1.13395 0.1109 0.144188 -1.55476 -1.60155 0 0 0 1 1 21010 229.69
16.5843 1 -0.0316309 1.22239 1.1337 0.110447 0.143858 -1.55444 -1.60108 0 0 0 1 1 21020 229.8
16.5921 1 -0.031787 1.22249 1.13346 0.110155 0.143526 -1.55396 -1.60062 0 0 0 1 1 21030 229.909
16.6 1 -0.0319409 1.2226 1.13323 0.110034 0.143197 -1.55331 -1.60016 0 0 0 1 1 21040 230.018
16.6079 1 -0.0320925 1.2227 1.133 0.110094 0.14287 -1.55248 -1.59969 0 0 0 1 1 21050 230.127
16.6158 1 -0.0322418 1.22279 1.13277 0.110339 0.142548 -1.55147 -1.59922 0 0 0 1 1 21060 230.237
16.6237 1 -0.0323889 1.22288 1.13256 0.110776 0.142232 -1.55026 -1.59874 0 0 0 1 1 21070 230.346
16.6316 1 -0.0325336 1.22296 1.13234 0.111407 0.141925 -1.54886 -1.59826 0 0 0 1 1 21080 230.455
16.6395 1 -0.032676 1.22304 1.13214 0.112232 0.141629 -1.54727 -1.59776 0 0 0 1 1 21090 230.564
16.6474 1 -0.0328162 1.22311 1.13194 0.113249 0.141344 -1.54549 -1.59726 0 0 0 1 1 21100 230.673
16.6553 1 -0.032954 1.22318 1.13174 0.114453 0.141074 -1.54352 -1.59673 0 0 0 1 1 21110 230.783
16.6632 1 -0.0330895 1.22324 1.13155 0.115839 0.140819 -1.54137 -1.5962 0 0 0 1 1 21120 230.892
16.671 1 -0.0332227 1.2233 1.13136 0.117397 0.140581 -1.53905 -1.59564 0 0 0 1 1 21130 231.001
16.6789 1 -0.0333535 1.22335 1.13119 0.119117 0.140361 -1.53656 -1.59507 0 0 0 1 1 21140 231.11
16.6868 1 -0.033482 1.22339 1.13101 0.120985 0.140162 -1.53393 -1.59448 0 0 0 1 1 21150 231.219
16.6947 1 -0.0336081 1.22343 1.13084 0.122987 0.139983 -1.53117 -1.59387 0 0 0 1 1 21160 231.329
16.7026 1 -0.0337319 1.22347 1.13068 0.125106 0.139827 -1.5283 -1.59324 0 0 0 1 1 21170 231.438
16.7105 1 -0.0338533 1.2235 1.13053 0.127324 0.139694 -1.52532 -1.59258 0 0 0 1 1 21180 231.547
16.7184 1 -0.0339723 1.22352 1.13038 0.129622 0.139584 -1.52227 -1.5919 0 0 0 1 1 21190 231.656
16.7263 1 -0.0340889 1.22354 1.13023 0.131978 0.139499 -1.51916 -1.5912 0 0 0 1 1 21200 231.765
16.7342 1 -0.0342031 1.22355 1.13009 0.134372 0.139438 -1.51601 -1.59047 0 0 0 1 1 21210 231.874
16.742 1 -0.034315 1.22356 1.12996 0.136781 0.139401 -1.51285 -1.58972 0 0 0 1 1 21220 231.984
16.7499 1 -0.0344244 1.22356 1.12983 0.139183 0.139388 -1.5097 -1.58894 0 0 0 1 1 21230 232.093
16.7578 1 -0.0345314 1.22356 1.12971 0.141556 0.139399 -1.50658 -1.58814 0 0 0 1 1 21240 232.202
16.7657 1 -0.034636 1.22355 1.1296 0.143876 0.139433 -1.50351 -1.58732 0 0 0 1 1 21250 232.311
16.7736 1 -0.0347382 1.22353 1.12949 0.146122 0.139489 -1.50052 -1.58648 0 0 0 1 1 21260 232.421
16.7815 1 -0.034838 1.22351 1.12938 0.148272 0.139566 -1.49763 -1.58562 0 0 0 1 1 21270 232.53
16.7894 1 -0.0349353 1.22348 1.12929 0.150308 0.139663 -1.49485 -1.58473 0 0 0 1 1 21280 232.639
16.7973 1 -0.0350302 1.22345 1.12919 0.152208 0.139779 -1.49221 -1.58383 0 0 0 1 1 21290 232.748
16.8052 1 -0.0351226 1.22341 1.12911 0.153957 0.139911 -1.48972 -1.58292 0 0 0 1 1 21300 232.857
16.8131 1 -0.0352126 1.22337 1.12903 0.155538 0.140058 -1.48741 -1.58199 0 0 0 1 1 21310 232.966
16.8209 1 -0.0353001 1.22332 1.12895 0.156938 0.140218 -1.48527 -1.58104 0 0 0 1 1 21320 233.075
16.8288 1 -0.0353852 1.22327 1.12889 0.158145 0.14039 -1.48333 -1.58009 0 0 0 1 1 21330 233.185
16.8367 1 -0.0354678 1.22321 1.12882 0.15915 0.140571 -1.48159 -1.57912 0 0 0 1 1 21340 233.294
16.8446 1 -0.0355479 1.22314 1.12877 0.159946 0.140758 -1.48006 -1.57815 0 0 0 1 1 21350 233.403
16.8525 1 -0.0356255 1.22307 1.12872 0.160529 0.140951 -1.47874 -1.57718 0 0 0 1 1 21360 233.512
16.8604 1 -0.0357007 1.22299 1.12867 0.160898 0.141146 -1.47764 -1.5762 0 0 0 1 1 21370 233.621
16.8683 1 -0.0357734 1.22291 1.12863 0.161054 0.141342 -1.47675 -1.57522 0 0 0 1 1 21380 233.731
16.8762 1 -0.0358436 1.22282 1.1286 0.161 0.141536 -1.47607 -1.57425 0 0 0 1 1 21390 233.84
16.8841 1 -0.0359113 1.22273 1.12857 0.160744 0.141727 -1.4756 -1.57328 0 0 0 1 1 21400 233.949
16.892 1 -0.0359765 1.22263 1.12855 0.160296 0.141912 -1.47531 -1.57231 0 0 0 1 1 21410 234.058
16.8998 1 -0.0360393 1.22253 1.12853 0.159666 0.14209 -1.47521 -1.57136 0 0 0 1 1 21420 234.167
16.9077 1 -0.0360995 1.22242 1.12852 0.158871 0.142259 -1.47528 -1.57041 0 0 0 1 1 21430 234.277
16.9156 1 -0.0361572 1.2223 1.12852 0.157926 0.142418 -1.47549 -1.56947 0 0 0 1 1 21440 234.386
16.9235 1 -0.0362125 1.22218 1.12852 0.156852 0.142565 -1.47583 -1.56855 0 0 0 1 1 21450 234.495
16.9314 1 -0.0362652 1.22205 1.12853 0.155669 0.1427 -1.47628 -1.56763 0 0 0 1 1 21460 234.604
16.9393 1 -0.0363154 1.22192 1.12854 0.1544 0.142821 -1.47682 -1.56674 0 0 0 1 1 21470 234.714
16.9472 1 -0.0363631 1.22178 1.12856 0.15307 0.142928 -1.47742 -1.56585 0 0 0 1 1 21480 234.823
16.9551 1 -0.0364084 1.22164 1.12858 0.151705 0.14302 -1.47805 -1.56498 0 0 0 1 1 21490 234.932
16.963 1 -0.0364511 1.22149 1.12861 0.150332 0.143099 -1.47869 -1.56413 0 0 0 1 1 21500 235.041
16.9709 1 -0.0364912 1.22134 1.12864 0.148977 0.143163 -1.47931 -1.56329 0 0 0 1 1 21510 235.151
16.9787 1 -0.0365289 1.22118 1.12868 0.147668 0.143213 -1.47989 -1.56247 0 0 0 1 1 21520 235.26
16.9866 1 -0.0365641 1.22102 1.12873 0.146433 0.14325 -1.48039 -1.56165 0 0 0 1 1 21530 235.37
16.9945 1 -0.0365968 1.22085 1.12878 0.145299 0.143275 -1.48079 -1.56086 0 0 0 1 1 21540 235.479
17.0024 1 -0.0366269 1.22067 1.12883 0.144292 0.143289 -1.48106 -1.56007 0 0 0 1 1 21550 235.588
17.0103 1 -0.0366545 1.22049 1.1289 0.143439 0.143295 -1.48118 -1.55929 0 0 0 1 1 21560 235.697
17.0182 1 -0.0366797 1.22031 1.12896 0.142763 0.143292 -1.48112 -1.55852 0 0 0 1 1 21570 235.806
17.0261 1 -0.0367023 1.22012 1.12903 0.142286 0.143284 -1.48086 -1.55775 0 0 0 1 1 21580 235.916
17.034 1 -0.0367224 1.21992 1.12911 0.14203 0.143273 -1.48039 -1.55699 0 0 0 1 1 21590 236.025
17.0419 1 -0.0367399 1.21972 1.12919 0.142012 0.14326 -1.47967 -1.55623 0 0 0 1 1 21600 236.134
17.0497 1 -0.036755 1.21951 1.12928 0.142248 0.143249 -1.4787 -1.55547 0 0 0 1 1 21610 236.244
17.0576 1 -0.0367676 1.2193 1.12937 0.142752 0.143242 -1.47747 -1.55471 0 0 0 1 1 21620 236.353
17.0655 1 -0.0367776 1.21909 1.12946 0.143533 0.143241 -1.47595 -1.55394 0 0 0 1 1 21630 236.462
17.0734 1 -0.0367851 1.21887 1.12956 0.1446 0.143249 -1.47415 -1.55316 0 0 0 1 1 21640 236.572
17.0813 1 -0.0367902 1.21864 1.12967 0.145954 0.14327 -1.47207 -1.55237 0 0 0 1 1 21650 236.681
17.0892 1 -0.0367927 1.21841 1.12978 0.147599 0.143305 -1.4697 -1.55157 0 0 0 1 1 21660 236.79
17.0971 1 -0.0367927 1.21818 1.12989 0.149531 0.143357 -1.46704 -1.55075 0 0 0 1 1 21670 236.899
17.105 1 -0.0367902 1.21794 1.13001 0.151745 0.14343 -1.4641 -1.54991 0 0 0 1 1 21680 237.008
17.1129 1 -0.0367852 1.21769 1.13014 0.154231 0.143525 -1.46088 -1.54904 0 0 0 1 1 21690 237.118
17.1208 1 -0.0367776 1.21745 1.13027 0.156978 0.143646 -1.45741 -1.54815 0 0 0 1 1 21700 237.227
17.1286 1 -0.0367676 1.21719 1.1304 0.159971 0.143793 -1.4537 -1.54724 0 0 0 1 1 21710 237.336
17.1365 1 -0.0367551 1.21693 1.13054 0.163193 0.14397 -1.44976 -1.5463 0 0 0 1 1 21720 237.446
17.1444 1 -0.03674 1.21667 1.13068 0.166622 0.144178 -1.44561 -1.54532 0 0 0 1 1 21730 237.555
17.1523 1 -0.0367225 1.2164 1.13082 0.170236 0.144419 -1.44128 -1.54432 0 0 0 1 1 21740 237.664
17.1602 1 -0.0367025 1.21613 1.13097 0.174011 0.144694 -1.43679 -1.54327 0 0 0 1 1 21750 237.773
17.1681 1 -0.0366799 1.21586 1.13113 0.17792 0.145004 -1.43217 -1.5422 0 0 0 1 1 21760 237.883
17.176 1 -0.0366549 1.21558 1.13129 0.181936 0.14535 -1.42745 -1.54109 0 0 0 1 1 21770 237.992
17.1839 1 -0.0366273 1.21529 1.13145 0.186028 0.145733 -1.42265 -1.53994 0 0 0 1 1 21780 238.101
17.1918 1 -0.0365973 1.215 1.13161 0.190169 0.146153 -1.41781 -1.53876 0 0 0 1 1 21790 238.21
17.1997 1 -0.0365647 1.21471 1.13178 0.194327 0.14661 -1.41295 -1.53754 0 0 0 1 1 21800 238.319
17.2075 1 -0.0365297 1.21441 1.13196 0.198473 0.147103 -1.4081 -1.53629 0 0 0 1 1 21810 238.429
17.2154 1 -0.0364922 1.21411 1.13214 0.202577 0.147632 -1.4033 -1.535 0 0 0 1 1 21820 238.538
17.2233 1 -0.0364522 1.21381 1.13232 0.206612 0.148195 -1.39857 -1.53367 0 0 0 1 1 21830 238.647
17.2312 1 -0.0364097 1.2135 1.1325 0.210549 0.148793 -1.39394 -1.53231 0 0 0 1 1 21840 238.756
17.2391 1 -0.0363647 1.21319 1.13269 0.214362 0.149423 -1.38944 -1.53093 0 0 0 1 1 21850 238.866
17.247 1 -0.0363173 1.21287 1.13288 0.218029 0.150083 -1.38509 -1.52951 0 0 0 1 1 21860 238.975
17.2549 1 -0.0362673 1.21255 1.13308 0.221527 0.150772 -1.3809 -1.52806 0 0 0 1 1 21870 239.084
17.2628 1 -0.0362149 1.21223 1.13328 0.224837 0.151488 -1.37691 -1.52659 0 0 0 1 1 21880 239.193
17.2707 1 -0.03616 1.2119 1.13348 0.227942 0.152228 -1.37312 -1.52509 0 0 0 1 1 21890 239.303
17.2786 1 -0.0361027 1.21157 1.13368 0.230831 0.152991 -1.36955 -1.52357 0 0 0 1 1 21900 239.412
17.2864 1 -0.0360429 1.21124 1.13389 0.233491 0.153773 -1.36621 -1.52203 0 0 0 1 1 21910 239.521
17.2943 1 -0.0359806 1.2109 1.1341 0.235916 0.154572 -1.36311 -1.52048 0 0 0 1 1 21920 239.631
17.3022 1 -0.0359159 1.21056 1.13431 0.238103 0.155387 -1.36025 -1.51891 0 0 0 1 1 21930 239.74
17.3101 1 -0.0358487 1.21022 1.13453 0.24005 0.156213 -1.35763 -1.51733 0 0 0 1 1 21940 239.849
17.318 1 -0.0357791 1.20987 1.13475 0.241762 0.157049 -1.35525 -1.51575 0 0 0 1 1 21950 239.958
17.3259 1 -0.035707 1.20952 1.13497 0.243244 0.157893 -1.35309 -1.51415 0 0 0 1 1 21960 240.068
17.3338 1 -0.0356325 1.20917 1.1352 0.244505 0.158741 -1.35116 -1.51255 0 0 0 1 1 21970 240.177
17.3417 1 -0.0355556 1.20881 1.13542 0.245559 0.159593 -1.34944 -1.51095 0 0 0 1 1 21980 240.286
17.3496 1 -0.0354762 1.20845 1.13565 0.246421 0.160446 -1.34791 -1.50935 0 0 0 1 1 21990 240.395
17.3575 1 -0.0353944 1.20809 1.13588 0.247109 0.161297 -1.34655 -1.50775 0 0 0 1 1 22000 240.505
17.3653 1 -0.0353102 1.20773 1.13612 0.247643 0.162146 -1.34535 -1.50616 0 0 0 1 1 22010 240.614
17.3732 1 -0.0352236 1.20736 1.13635 0.248046 0.162992 -1.34428 -1.50456 0 0 0 1 1 22020 240.723
17.3811 1 -0.0351346 1.20699 1.13659 0.248341 0.163832 -1.34332 -1.50298 0 0 0 1 1 22030 240.833
17.389 1 -0.0350432 1.20662 1.13683 0.248555 0.164667 -1.34244 -1.5014 0 0 0 1 1 22040 240.942
17.3969 1 -0.0349494 1.20625 1.13707 0.248713 0.165495 -1.34162 -1.49983 0 0 0 1 1 22050 241.051
17.4048 1 -0.0348533 1.20587 1.13732 0.248844 0.166316 -1.34082 -1.49826 0 0 0 1 1 22060 241.161
17.4127 1 -0.0347547 1.20549 1.13756 0.248974 0.16713 -1.34003 -1.49671 0 0 0 1 1 22070 241.27
17.4206 1 -0.0346538 1.20511 1.13781 0.249131 0.167938 -1.33921 -1.49516 0 0 0 1 1 22080 241.379
17.4285 1 -0.0345505 1.20473 1.13806 0.249341 0.16874 -1.33833 -1.49361 0 0 0 1 1 22090 241.489
17.4363 1 -0.0344449 1.20435 1.13831 0.24963 0.169536 -1.33738 -1.49208 0 0 0 1 1 22100 241.598
17.4442 1 -0.0343369 1.20396 1.13856 0.250022 0.170328 -1.33633 -1.49055 0 0 0 1 1 22110 241.707
17.4521 1 -0.0342266 1.20357 1.13881 0.250542 0.171117 -1.33514 -1.48902 0 0 0 1 1 22120 241.816
17.46 1 -0.0341139 1.20318 1.13907 0.251209 0.171903 -1.33382 -1.4875 0 0 0 1 1 22130 241.925
17.4679 1 -0.033999 1.20279 1.13932 0.252042 0.17269 -1.33232 -1.48597 0 0 0 1 1 22140 242.035
17.4758 1 -0.0338817 1.2024 1.13958 0.253058 0.173478 -1.33065 -1.48445 0 0 0 1 1 22150 242.144
17.4837 1 -0.0337621 1.202 1.13984 0.25427 0.174269 -1.32877 -1.48292 0 0 0 1 1 22160 242.253
17.4916 1 -0.0336402 1.20161 1.14009 0.255689 0.175065 -1.3267 -1.48139 0 0 0 1 1 22170 242.362
17.4995 1 -0.0335159 1.20121 1.14035 0.257322 0.175869 -1.32441 -1.47985 0 0 0 1 1 22180 242.472
17.5074 1 -0.0333895 1.20081 1.14061 0.259176 0.176682 -1.3219 -1.47831 0 0 0 1 1 22190 242.581
17.5152 1 -0.0332607 1.20042 1.14087 0.261249 0.177506 -1.31917 -1.47675 0 0 0 1 1 22200 242.69
17.5231 1 -0.0331297 1.20001 1.14113 0.263542 0.178344 -1.31622 -1.47518 0 0 0 1 1 22210 242.799
17.531 1 -0.0329964 1.19961 1.14139 0.266049 0.179198 -1.31306 -1.4736 0 0 0 1 1 22220 242.908
17.5389 1 -0.0328608 1.19921 1.14165 0.268762 0.180069 -1.3097 -1.47199 0 0 0 1 1 22230 243.018
17.5468 1 -0.032723 1.19881 1.14192 0.27167 0.180959 -1.30615 -1.47037 0 0 0 1 1 22240 243.127
17.5547 1 -0.032583 1.19841 1.14218 0.27476 0.18187 -1.30241 -1.46874 0 0 0 1 1 22250 243.236
17.5626 1 -0.0324407 1.198 1.14244 0.278014 0.182804 -1.29851 -1.46707 0 0 0 1 1 22260 243.346
17.5705 1 -0.0322962 1.1976 1.1427 0.281415 0.183761 -1.29447 -1.46539 0 0 0 1 1 22270 243.455
17.5784 1 -0.0321495 1.19719 1.14296 0.284941 0.184743 -1.2903 -1.46368 0 0 0 1 1 22280 243.564
17.5863 1 -0.0320006 1.19679 1.14322 0.288569 0.185751 -1.28603 -1.46195 0 0 0 1 1 22290 243.673
17.5941 1 -0.0318495 1.19638 1.14348 0.292275 0.186785 -1.28169 -1.46019 0 0 0 1 1 22300 243.782
17.602 1 -0.0316962 1.19598 1.14374 0.296034 0.187845 -1.2773 -1.45841 0 0 0 1 1 22310 243.891
17.6099 1 -0.0315407 1.19557 1.144 0.299818 0.188933 -1.27288 -1.4566 0 0 0 1 1 22320 244.001
17.6178 1 -0.0313831 1.19516 1.14426 0.3036 0.190047 -1.26847 -1.45476 0 0 0 1 1 22330 244.11
17.6257 1 -0.0312233 1.19476 1.14452 0.307352 0.191187 -1.26409 -1.4529 0 0 0 1 1 22340 244.219
17.6336 1 -0.0310613 1.19435 1.14478 0.311048 0.192352 -1.25977 -1.45102 0 0 0 1 1 22350 244.328
17.6415 1 -0.0308972 1.19395 1.14504 0.31466 0.193542 -1.25553 -1.44911 0 0 0 1 1 22360 244.437
17.6494 1 -0.030731 1.19354 1.14529 0.318162 0.194756 -1.25141 -1.44718 0 0 0 1 1 22370 244.547
17.6573 1 -0.0305627 1.19314 1.14555 0.321529 0.195991 -1.24742 -1.44522 0 0 0 1 1 22380 244.656
17.6652 1 -0.0303922 1.19273 1.1458 0.324737 0.197247 -1.2436 -1.44325 0 0 0 1 1 22390 244.765
17.673 1 -0.0302196 1.19233 1.14606 0.327765 0.19852 -1.23996 -1.44126 0 0 0 1 1 22400 244.874
17.6809 1 -0.030045 1.19193 1.14631 0.330591 0.19981 -1.23652 -1.43926 0 0 0 1 1 22410 244.984
17.6888 1 -0.0298683 1.19153 1.14656 0.3332 0.201114 -1.23329 -1.43724 0 0 0 1 1 22420 245.093
17.6967 1 -0.0296894 1.19113 1.14681 0.335575 0.20243 -1.23031 -1.43521 0 0 0 1 1 22430 245.202
17.7046 1 -0.0295086 1.19073 1.14706 0.337704 0.203754 -1.22757 -1.43318 0 0 0 1 1 22440 245.311
17.7125 1 -0.0293257 1.19033 1.14731 0.339577 0.205086 -1.22509 -1.43114 0 0 0 1 1 22450 245.42
17.7204 1 -0.0291407 1.18993 1.14755 0.341188 0.206421 -1.22287 -1.42909 0 0 0 1 1 22460 245.53
17.7283 1 -0.0289537 1.18954 1.1478 0.342533 0.207757 -1.22092 -1.42705 0 0 0 1 1 22470 245.639
17.7362 1 -0.0287647 1.18914 1.14804 0.343612 0.209092 -1.21924 -1.42501 0 0 0 1 1 22480 245.748
17.744 1 -0.0285737 1.18875 1.14828 0.344427 0.210423 -1.21782 -1.42297 0 0 0 1 1 22490 245.857
17.7519 1 -0.0283807 1.18836 1.14852 0.344986 0.211748 -1.21666 -1.42094 0 0 0 1 1 22500 245.966
17.7598 1 -0.0281858 1.18797 1.14875 0.345296 0.213064 -1.21574 -1.41892 0 0 0 1 1 22510 246.075
17.7677 1 -0.0279888 1.18758 1.14899 0.345371 0.214368 -1.21507 -1.41691 0 0 0 1 1 22520 246.185
17.7756 1 -0.0277899 1.18719 1.14922 0.345225 0.215659 -1.21461 -1.41492 0 0 0 1 1 22530 246.294
17.7835 1 -0.0275891 1.18681 1.14945 0.344876 0.216935 -1.21436 -1.41294 0 0 0 1 1 22540 246.403
17.7914 1 -0.0273863 1.18642 1.14968 0.344347 0.218194 -1.21428 -1.41099 0 0 0 1 1 22550 246.512
17.7993 1 -0.0271817 1.18604 1.14991 0.343658 0.219434 -1.21437 -1.40905 0 0 0 1 1 22560 246.621
17.8072 1 -0.0269751 1.18566 1.15013 0.342837 0.220655 -1.21459 -1.40713 0 0 0 1 1 22570 246.73
17.8151 1 -0.0267666 1.18529 1.15035 0.34191 0.221855 -1.21491 -1.40523 0 0 0 1 1 22580 246.84
17.8229 1 -0.0265563 1.18491 1.15057 0.340907 0.223033 -1.21532 -1.40336 0 0 0 1 1 22590 246.949
17.8308 1 -0.0263441 1.18454 1.15079 0.339858 0.22419 -1.21576 -1.40151 0 0 0 1 1 22600 247.058
17.8387 1 -0.0261301 1.18417 1.151 0.338794 0.225325 -1.21622 -1.39968 0 0 0 1 1 22610 247.168
17.8466 1 -0.0259142 1.1838 1.15121 0.337747 0.226438 -1.21667 -1.39787 0 0 0 1 1 22620 247.277
17.8545 1 -0.0256965 1.18344 1.15142 0.33675 0.22753 -1.21706 -1.39608 0 0 0 1 1 22630 247.386
17.8624 1 -0.025477 1.18308 1.15163 0.335834 0.228602 -1.21737 -1.39432 0 0 0 1 1 22640 247.495
17.8703 1 -0.0252557 1.18272 1.15183 0.335033 0.229655 -1.21757 -1.39258 0 0 0 1 1 22650 247.605
17.8782 1 -0.0250327 1.18236 1.15203 0.334376 0.23069 -1.21762 -1.39085 0 0 0 1 1 22660 247.714
17.8861 1 -0.0248078 1.18201 1.15222 0.333894 0.23171 -1.2175 -1.38914 0 0 0 1 1 22670 247.823
17.894 1 -0.0245813 1.18166 1.15242 0.333614 0.232716 -1.21718 -1.38745 0 0 0 1 1 22680 247.932
17.9018 1 -0.024353 1.18131 1.15261 0.333564 0.23371 -1.21663 -1.38577 0 0 0 1 1 22690 248.041
17.9097 1 -0.024123 1.18097 1.1528 0.333766 0.234696 -1.21582 -1.3841 0 0 0 1 1 22700 248.151
17.9176 1 -0.0238913 1.18063 1.15298 0.334243 0.235675 -1.21474 -1.38243 0 0 0 1 1 22710 248.26
17.9255 1 -0.0236579 1.18029 1.15316 0.335013 0.236651 -1.21337 -1.38077 0 0 0 1 1 22720 248.369
17.9334 1 -0.0234228 1.17996 1.15334 0.336091 0.237626 -1.21169 -1.37911 0 0 0 1 1 22730 248.478
17.9413 1 -0.0231861 1.17962 1.15351 0.33749 0.238605 -1.20969 -1.37745 0 0 0 1 1 22740 248.587
17.9492 1 -0.0229477 1.1793 1.15368 0.339217 0.239589 -1.20737 -1.37578 0 0 0 1 1 22750 248.697
17.9571 1 -0.0227077 1.17897 1.15385 0.341278 0.240582 -1.20471 -1.37411 0 0 0 1 1 22760 248.806
17.965 1 -0.0224661 1.17865 1.15401 0.343674 0.241588 -1.20171 -1.37242 0 0 0 1 1 22770 248.915
17.9729 1 -0.0222229 1.17834 1.15417 0.346401 0.242609 -1.19839 -1.37072 0 0 0 1 1 22780 249.024
17.9807 1 -0.0219781 1.17802 1.15433 0.349454 0.243649 -1.19475 -1.369 0 0 0 1 1 22790 249.133
17.9886 1 -0.0217317 1.17772 1.15448 0.352822 0.24471 -1.19079 -1.36726 0 0 0 1 1 22800 249.243
17.9965 1 -0.0214838 1.17741 1.15463 0.356489 0.245796 -1.18653 -1.3655 0 0 0 1 1 22810 249.352
18.0044 1 -0.0212343 1.17711 1.15477 0.36044 0.246909 -1.18199 -1.36371 0 0 0 1 1 22820 249.461
18.0123 1 -0.0209834 1.17681 1.15491 0.364652 0.248051 -1.1772 -1.36189 0 0 0 1 1 22830 249.57
18.0202 1 -0.0207309 1.17652 1.15505 0.369101 0.249225 -1.17216 -1.36004 0 0 0 1 1 22840 249.68
18.0281 1 -0.0204769 1.17623 1.15518 0.373761 0.250432 -1.16692 -1.35816 0 0 0 1 1 22850 249.789
18.036 1 -0.0202214 1.17594 1.15531 0.378603 0.251674 -1.16151 -1.35625 0 0 0 1 1 22860 249.898
18.0439 1 -0.0199644 1.17566 1.15544 0.383593 0.252953 -1.15594 -1.3543 0 0 0 1 1 22870 250.008
18.0517 1 -0.0197061 1.17539 1.15556 0.388701 0.254269 -1.15026 -1.35231 0 0 0 1 1 22880 250.117
18.0596 1 -0.0194462 1.17512 1.15568 0.393891 0.255622 -1.1445 -1.35029 0 0 0 1 1 22890 250.226
18.0675 1 -0.019185 1.17485 1.15579 0.399129 0.257014 -1.1387 -1.34823 0 0 0 1 1 22900 250.347
18.0754 1 -0.0189223 1.17458 1.1559 0.404379 0.258444 -1.13289 -1.34613 0 0 0 1 1 22910 250.457
18.0833 1 -0.0186582 1.17433 1.156 0.409607 0.259911 -1.1271 -1.34399 0 0 0 1 1 22920 250.566
18.0912 1 -0.0183928 1.17407 1.1561 0.414779 0.261416 -1.12137 -1.34182 0 0 0 1 1 22930 250.675
18.0991 1 -0.018126 1.17382 1.1562 0.419862 0.262956 -1.11573 -1.33962 0 0 0 1 1 22940 250.784
18.107 1 -0.0178578 1.17358 1.15629 0.424826 0.26453 -1.11022 -1.33738 0 0 0 1 1 22950 250.893
18.1149 1 -0.0175884 1.17334 1.15638 0.429641 0.266137 -1.10485 -1.33511 0 0 0 1 1 22960 251.002
18.1228 1 -0.0173176 1.1731 1.15647 0.434283 0.267775 -1.09966 -1.33281 0 0 0 1 1 22970 251.111
18.1306 1 -0.0170455 1.17287 1.15655 0.438728 0.269441 -1.09468 -1.33049 0 0 0 1 1 22980 251.22
18.1385 1 -0.0167721 1.17265 1.15662 0.442958 0.271133 -1.0899 -1.32814 0 0 0 1 1 22990 251.329
18.1464 1 -0.0164974 1.17242 1.15669 0.446958 0.272849 -1.08537 -1.32576 0 0 0 1 1 23000 251.438
18.1543 1 -0.0162215 1.17221 1.15676 0.450715 0.274587 -1.08107 -1.32337 0 0 0 1 1 23010 251.548
18.1622 1 -0.0159443 1.172 1.15682 0.454224 0.276343 -1.07703 -1.32096 0 0 0 1 1 23020 251.657
18.1701 1 -0.015666 1.17179 1.15688 0.457482 0.278115 -1.07324 -1.31853 0 0 0 1 1 23030 251.766
18.178 1 -0.0153864 1.17159 1.15693 0.460491 0.2799 -1.0697 -1.31609 0 0 0 1 1 23040 251.875
18.1859 1 -0.0151056 1.1714 1.15698 0.463258 0.281696 -1.0664 -1.31364 0 0 0 1 1 23050 251.984
18.1938 1 -0.0148237 1.1712 1.15703 0.465794 0.2835 -1.06334 -1.31119 0 0 0 1 1 23060 252.093
18.2017 1 -0.0145406 1.17102 1.15707 0.468114 0.285311 -1.06049 -1.30873 0 0 0 1 1 23070 252.202
18.2095 1 -0.0142563 1.17084 1.1571 0.470238 0.287125 -1.05784 -1.30627 0 0 0 1 1 23080 252.311
18.2174 1 -0.013971 1.17066 1.15713 0.472189 0.288941 -1.05537 -1.3038 0 0 0 1 1 23090 252.42
18.2253 1 -0.0136845 1.17049 1.15716 0.473994 0.290758 -1.05304 -1.30134 0 0 0 1 1 23100 252.529
18.2332 1 -0.0133969 1.17033 1.15718 0.475684 0.292574 -1.05083 -1.29888 0 0 0 1 1 23110 252.638
18.2411 1 -0.0131083 1.17017 1.1572 0.47729 0.294389 -1.0487 -1.29642 0 0 0 1 1 23120 252.747
18.249 1 -0.0128187 1.17001 1.15721 0.478849 0.296201 -1.04662 -1.29397 0 0 0 1 1 23130 252.856
18.2569 1 -0.0125279 1.16987 1.15722 0.480395 0.29801 -1.04456 -1.29152 0 0 0 1 1 23140 252.965
18.2648 1 -0.0122362 1.16972 1.15722 0.481967 0.299817 -1.04247 -1.28907 0 0 0 1 1 23150 253.074
18.2727 1 -0.0119435 1.16958 1.15722 0.483604 0.301622 -1.04032 -1.28663 0 0 0 1 1 23160 253.183
18.2806 1 -0.0116498 1.16945 1.15721 0.485343 0.303426 -1.03806 -1.28419 0 0 0 1 1 23170 253.293
18.2884 1 -0.0113552 1.16932 1.1572 0.487221 0.30523 -1.03567 -1.28175 0 0 0 1 1 23180 253.402
18.2963 1 -0.0110595 1.1692 1.15719 0.489276 0.307035 -1.0331 -1.27931 0 0 0 1 1 23190 253.512
18.3042 1 -0.010763 1.16909 1.15716 0.49154 0.308844 -1.03033 -1.27687 0 0 0 1 1 23200 253.621
18.3121 1 -0.0104656 1.16897 1.15714 0.494047 0.310659 -1.02731 -1.27442 0 0 0 1 1 23210 253.73
18.32 1 -0.0101672 1.16887 1.15711 0.496825 0.312482 -1.02402 -1.27196 0 0 0 1 1 23220 253.84
18.3279 1 -0.00986804 1.16877 1.15708 0.4999 0.314317 -1.02044 -1.2695 0 0 0 1 1 23230 253.949
18.3358 1 -0.00956798 1.16867 1.15704 0.503294 0.316165 -1.01654 -1.26702 0 0 0 1 1 23240 254.058
18.3437 1 -0.00926708 1.16858 1.15699 0.507025 0.31803 -1.01231 -1.26453 0 0 0 1 1 23250 254.167
18.3516 1 -0.00896536 1.1685 1.15694 0.511106 0.319915 -1.00773 -1.26202 0 0 0 1 1 23260 254.276
18.3594 1 -0.00866284 1.16842 1.15689 0.515545 0.321825 -1.00279 -1.25949 0 0 0 1 1 23270 254.385
18.3673 1 -0.00835954 1.16835 1.15683 0.520347 0.323761 -0.997494 -1.25693 0 0 0 1 1 23280 254.495
18.3752 1 -0.00805547 1.16828 1.15677 0.525509 0.325727 -0.991839 -1.25434 0 0 0 1 1 23290 254.604
18.3831 1 -0.00775065 1.16822 1.1567 0.531025 0.327726 -0.985833 -1.25172 0 0 0 1 1 23300 254.713
18.391 1 -0.00744509 1.16816 1.15663 0.536883 0.329763 -0.979487 -1.24906 0 0 0 1 1 23310 254.822
18.3989 1 -0.00713882 1.16811 1.15655 0.543067 0.331838 -0.972819 -1.24637 0 0 0 1 1 23320 254.931
18.4068 1 -0.00683185 1.16807 1.15647 0.549556 0.333956 -0.96585 -1.24363 0 0 0 1 1 23330 255.04
18.4147 1 -0.0065242 1.16803 1.15639 0.556323 0.336119 -0.958606 -1.24085 0 0 0 1 1 23340 255.15
18.4226 1 -0.00621588 1.168 1.1563 0.563339 0.338328 -0.951117 -1.23803 0 0 0 1 1 23350 255.259
18.4305 1 -0.00590691 1.16797 1.1562 0.57057 0.340586 -0.943417 -1.23516 0 0 0 1 1 23360 255.368
18.4383 1 -0.00559732 1.16794 1.1561 0.577977 0.342894 -0.935544 -1.23224 0 0 0 1 1 23370 255.477
18.4462 1 -0.00528711 1.16793 1.156 0.585521 0.345253 -0.927539 -1.22927 0 0 0 1 1 23380 255.586
18.4541 1 -0.0049763 1.16791 1.15589 0.593159 0.347663 -0.919443 -1.22625 0 0 0 1 1 23390 255.695
18.462 1 -0.00466491 1.16791 1.15577 0.600846 0.350126 -0.911303 -1.22318 0 0 0 1 1 23400 255.804
18.4699 1 -0.00435295 1.1679 1.15565 0.608535 0.35264 -0.903164 -1.22006 0 0 0 1 1 23410 255.914
18.4778 1 -0.00404045 1.16791 1.15553 0.616181 0.355205 -0.895072 -1.21689 0 0 0 1 1 23420 256.023
18.4857 1 -0.00372742 1.16792 1.1554 0.623736 0.357819 -0.887076 -1.21368 0 0 0 1 1 23430 256.132
18.4936 1 -0.00341387 1.16793 1.15527 0.631153 0.360482 -0.879222 -1.21041 0 0 0 1 1 23440 256.241
18.5015 1 -0.00309983 1.16795 1.15514 0.638387 0.36319 -0.871554 -1.20711 0 0 0 1 1 23450 256.35
18.5094 1 -0.00278531 1.16798 1.15499 0.645394 0.365942 -0.864117 -1.20376 0 0 0 1 1 23460 256.459
18.5172 1 -0.00247033 1.16801 1.15485 0.652133 0.368735 -0.856951 -1.20037 0 0 0 1 1 23470 256.569
18.5251 1 -0.0021549 1.16804 1.1547 0.658565 0.371564 -0.850096 -1.19694 0 0 0 1 1 23480 256.678
18.533 1 -0.00183904 1.16808 1.15455 0.664656 0.374428 -0.843586 -1.19349 0 0 0 1 1 23490 256.787
18.5409 1 -0.00152277 1.16813 1.15439 0.670373 0.377321 -0.837452 -1.19 0 0 0 1 1 23500 256.896
18.5488 1 -0.00120612 1.16818 1.15422 0.67569 0.38024 -0.831722 -1.1865 0 0 0 1 1 23510 257.005
18.5567 1 -0.000889082 1.16824 1.15406 0.680584 0.38318 -0.826417 -1.18297 0 0 0 1 1 23520 257.114
18.5646 1 -0.000571693 1.1683 1.15389 0.685039 0.386137 -0.821553 -1.17943 0 0 0 1 1 23530 257.224
18.5725 1 -0.000253965 1.16837 1.15371 0.689043 0.389107 -0.817143 -1.17587 0 0 0 1 1 23540 257.333
18.5804 1 6.40828e-05 1.16844 1.15353 0.69259 0.392084 -0.813192 -1.17231 0 0 0 1 1 23550 257.442
18.5883 1 0.000382431 1.16851 1.15335 0.69568 0.395064 -0.8097 -1.16875 0 0 0 1 1 23560 257.551
18.5961 1 0.000701062 1.1686 1.15316 0.698319 0.398043 -0.806661 -1.1652 0 0 0 1 1 23570 257.661
18.604 1 0.00101996 1.16868 1.15297 0.700518 0.401017 -0.804063 -1.16165 0 0 0 1 1 23580 257.77
18.6119 1 0.0013391 1.16877 1.15277 0.702295 0.40398 -0.801888 -1.15811 0 0 0 1 1 23590 257.879
18.6198 1 0.00165846 1.16887 1.15257 0.703673 0.406929 -0.800112 -1.15459 0 0 0 1 1 23600 257.988
18.6277 1 0.00197803 1.16897 1.15236 0.704682 0.409861 -0.798707 -1.15108 0 0 0 1 1 23610 258.097
18.6356 1 0.00229778 1.16908 1.15216 0.705356 0.412772 -0.797637 -1.1476 0 0 0 1 1 23620 258.206
18.6435 1 0.0026177 1.16919 1.15194 0.705735 0.41566 -0.796863 -1.14415 0 0 0 1 1 23630 258.316
18.6514 1 0.00293777 1.1693 1.15173 0.705863 0.418521 -0.796341 -1.14072 0 0 0 1 1 23640 258.425
18.6593 1 0.00325796 1.16942 1.15151 0.705788 0.421354 -0.796021 -1.13732 0 0 0 1 1 23650 258.534
18.6671 1 0.00357826 1.16955 1.15128 0.705562 0.424158 -0.795852 -1.13395 0 0 0 1 1 23660 258.643
18.675 1 0.00389865 1.16968 1.15105 0.705241 0.426931 -0.795779 -1.13062 0 0 0 1 1 23670 258.753
18.6829 1 0.0042191 1.16981 1.15082 0.704882 0.429673 -0.795743 -1.12732 0 0 0 1 1 23680 258.862
18.6908 1 0.00453959 1.16995 1.15059 0.704545 0.432385 -0.795686 -1.12405 0 0 0 1 1 23690 258.971
18.6987 1 0.00486011 1.17009 1.15035 0.70429 0.435067 -0.795546 -1.12081 0 0 0 1 1 23700 259.08
18.7066 1 0.00518064 1.17024 1.1501 0.704179 0.437721 -0.795263 -1.1176 0 0 0 1 1 23710 259.189
18.7145 1 0.00550115 1.17039 1.14986 0.704272 0.440349 -0.794776 -1.11442 0 0 0 1 1 23720 259.298
18.7224 1 0.00582163 1.17054 1.14961 0.704629 0.442953 -0.794025 -1.11126 0 0 0 1 1 23730 259.408
18.7303 1 0.00614205 1.1707 1.14935 0.705307 0.445537 -0.792953 -1.10813 0 0 0 1 1 23740 259.517
18.7382 1 0.0064624 1.17087 1.1491 0.706362 0.448104 -0.791506 -1.10502 0 0 0 1 1 23750 259.626
18.746 1 0.00678265 1.17103 1.14884 0.707846 0.450658 -0.789631 -1.10191 0 0 0 1 1 23760 259.735
18.7539 1 0.00710279 1.17121 1.14857 0.709805 0.453204 -0.78728 -1.09882 0 0 0 1 1 23770 259.844
18.7618 1 0.00742279 1.17138 1.14831 0.712283 0.455748 -0.784413 -1.09574 0 0 0 1 1 23780 259.954
18.7697 1 0.00774264 1.17156 1.14804 0.715318 0.458293 -0.78099 -1.09265 0 0 0 1 1 23790 260.063
18.7776 1 0.00806232 1.17174 1.14776 0.718941 0.460847 -0.776981 -1.08955 0 0 0 1 1 23800 260.172
18.7855 1 0.00838181 1.17193 1.14749 0.723178 0.463414 -0.77236 -1.08645 0 0 0 1 1 23810 260.281
18.7934 1 0.00870109 1.17212 1.14721 0.728047 0.466002 -0.76711 -1.08332 0 0 0 1 1 23820 260.391
18.8013 1 0.00902014 1.17232 1.14693 0.73356 0.468615 -0.761218 -1.08017 0 0 0 1 1 23830 260.5
18.8092 1 0.00933895 1.17251 1.14664 0.739722 0.471261 -0.75468 -1.07699 0 0 0 1 1 23840 260.609
18.8171 1 0.0096575 1.17271 1.14635 0.746529 0.473944 -0.747501 -1.07377 0 0 0 1 1 23850 260.718
18.8249 1 0.00997576 1.17292 1.14606 0.753972 0.476672 -0.739689 -1.07052 0 0 0 1 1 23860 260.828
18.8328 1 0.0102937 1.17313 1.14577 0.762032 0.47945 -0.731265 -1.06721 0 0 0 1 1 23870 260.937
18.8407 1 0.0106114 1.17334 1.14547 0.770686 0.482283 -0.722251 -1.06385 0 0 0 1 1 23880 261.046
18.8486 1 0.0109287 1.17355 1.14518 0.779901 0.485176 -0.712681 -1.06043 0 0 0 1 1 23890 261.155
18.8565 1 0.0112457 1.17377 1.14488 0.789639 0.488135 -0.702592 -1.05694 0 0 0 1 1 23900 261.264
18.8644 1 0.0115623 1.17399 1.14457 0.799858 0.491163 -0.692027 -1.05339 0 0 0 1 1 23910 261.373
18.8723 1 0.0118785 1.17421 1.14427 0.810508 0.494265 -0.681037 -1.04977 0 0 0 1 1 23920 261.483
18.8802 1 0.0121944 1.17444 1.14396 0.821536 0.497443 -0.669675 -1.04607 0 0 0 1 1 23930 261.592
18.8881 1 0.0125098 1.17467 1.14365 0.832884 0.5007 -0.657998 -1.0423 0 0 0 1 1 23940 261.701
18.896 1 0.0128248 1.1749 1.14334 0.844492 0.504038 -0.646067 -1.03844 0 0 0 1 1 23950 261.81
18.9038 1 0.0131393 1.17513 1.14303 0.856298 0.507459 -0.633944 -1.03451 0 0 0 1 1 23960 261.919
18.9117 1 0.0134534 1.17537 1.14272 0.868239 0.510964 -0.621693 -1.03049 0 0 0 1 1 23970 262.029
18.9196 1 0.0137671 1.17561 1.1424 0.880249 0.514552 -0.609377 -1.02639 0 0 0 1 1 23980 262.138
18.9275 1 0.0140802 1.17585 1.14208 0.892268 0.518223 -0.59706 -1.02222 0 0 0 1 1 23990 262.247
18.9354 1 0.0143929 1.1761 1.14176 0.904233 0.521977 -0.584802 -1.01796 0 0 0 1 1 24000 262.356
18.9433 1 0.014705 1.17634 1.14144 0.916086 0.525811 -0.572662 -1.01362 0 0 0 1 1 24010 262.465
18.9512 1 0.0150166 1.17659 1.14112 0.927772 0.529723 -0.560695 -1.00921 0 0 0 1 1 24020 262.574
18.9591 1 0.0153277 1.17684 1.1408 0.939242 0.53371 -0.548951 -1.00472 0 0 0 1 1 24030 262.684
18.967 1 0.0156382 1.1771 1.14047 0.950449 0.53777 -0.537475 -1.00016 0 0 0 1 1 24040 262.793
18.9748 1 0.0159481 1.17735 1.14015 0.961356 0.541899 -0.526305 -0.995539 0 0 0 1 1 24050 262.902
18.9827 1 0.0162574 1.17761 1.13982 0.971929 0.546093 -0.515474 -0.990853 0 0 0 1 1 24060 263.011
18.9906 1 0.0165661 1.17787 1.13949 0.982146 0.550348 -0.505005 -0.986108 0 0 0 1 1 24070 263.12
18.9985 1 0.0168743 1.17813 1.13917 0.991988 0.554659 -0.494915 -0.981309 0 0 0 1 1 24080 263.229
19.0064 1 0.0171817 1.17839 1.13884 1.00145 0.559023 -0.485213 -0.97646 0 0 0 1 1 24090 263.338
19.0143 1 0.0174886 1.17865 1.13851 1.01052 0.563435 -0.475899 -0.971565 0 0 0 1 1 24100 263.448
19.0222 1 0.0177948 1.17892 1.13818 1.01922 0.567892 -0.466965 -0.966628 0 0 0 1 1 24110 263.557
19.0301 1 0.0181002 1.17919 1.13785 1.02757 0.572388 -0.458393 -0.961655 0 0 0 1 1 24120 263.666
19.038 1 0.018405 1.17945 1.13752 1.03558 0.57692 -0.450158 -0.956647 0 0 0 1 1 24130 263.775
19.0459 1 0.0187091 1.17972 1.13718 1.04329 0.581485 -0.442227 -0.951609 0 0 0 1 1 24140 263.884
19.0537 1 0.0190125 1.17999 1.13685 1.05074 0.586079 -0.43456 -0.946545 0 0 0 1 1 24150 263.994
19.0616 1 0.0193151 1.18027 1.13652 1.05797 0.5907 -0.427109 -0.941456 0 0 0 1 1 24160 264.103
19.0695 1 0.019617 1.18054 1.13619 1.06505 0.595346 -0.419819 -0.936344 0 0 0 1 1 24170 264.212
19.0774 1 0.0199181 1.18081 1.13586 1.07204 0.600016 -0.412631 -0.931212 0 0 0 1 1 24180 264.321
19.0853 1 0.0202184 1.18109 1.13552 1.07898 0.604708 -0.405481 -0.926059 0 0 0 1 1 24190 264.431
19.0932 1 0.020518 1.18136 1.13519 1.08596 0.609423 -0.398301 -0.920887 0 0 0 1 1 24200 264.54
19.1011 1 0.0208167 1.18164 1.13486 1.09305 0.61416 -0.39102 -0.915694 0 0 0 1 1 24210 264.649
19.109 1 0.0211146 1.18192 1.13453 1.10031 0.618922 -0.383565 -0.910481 0 0 0 1 1 24220 264.758
19.1169 1 0.0214116 1.1822 1.1342 1.10783 0.623709 -0.375864 -0.905243 0 0 0 1 1 24230 264.868
19.1248 1 0.0217078 1.18248 1.13387 1.11566 0.628525 -0.367844 -0.89998 0 0 0 1 1 24240 264.977
19.1326 1 0.0220031 1.18275 1.13354 1.12389 0.633373 -0.359435 -0.894687 0 0 0 1 1 24250 265.086
19.1405 1 0.0222975 1.18303 1.13321 1.13258 0.638257 -0.350569 -0.889362 0 0 0 1 1 24260 265.195
19.1484 1 0.022591 1.18331 1.13288 1.1418 0.643181 -0.341181 -0.883998 0 0 0 1 1 24270 265.304
19.1563 1 0.0228836 1.18359 1.13255 1.1516 0.64815 -0.331213 -0.878592 0 0 0 1 1 24280 265.414
19.1642 1 0.0231752 1.18387 1.13222 1.16204 0.65317 -0.320611 -0.873137 0 0 0 1 1 24290 265.523
19.1721 1 0.023466 1.18415 1.13189 1.17317 0.658248 -0.309329 -0.867628 0 0 0 1 1 24300 265.632
19.18 1 0.0237557 1.18443 1.13157 1.18502 0.663389 -0.297327 -0.862059 0 0 0 1 1 24310 265.741
19.1879 1 0.0240445 1.18471 1.13124 1.19763 0.668601 -0.284574 -0.856421 0 0 0 1 1 24320 265.85
19.1958 1 0.0243323 1.18499 1.13092 1.21102 0.67389 -0.271048 -0.85071 0 0 0 1 1 24330 265.959
19.2037 1 0.0246192 1.18527 1.1306 1.2252 0.679262 -0.256735 -0.844917 0 0 0 1 1 24340 266.068
19.2115 1 0.024905 1.18555 1.13028 1.24018 0.684726 -0.241631 -0.839035 0 0 0 1 1 24350 266.178
19.2194 1 0.0251898 1.18583 1.12996 1.25595 0.690289 -0.225742 -0.833059 0 0 0 1 1 24360 266.287
19.2273 1 0.0254735 1.18611 1.12964 1.2725 0.695956 -0.209083 -0.82698 0 0 0 1 1 24370 266.396
19.2352 1 0.0257563 1.18638 1.12932 1.28981 0.701734 -0.191678 -0.820794 0 0 0 1 1 24380 266.505
19.2431 1 0.026038 1.18666 1.129 1.30784 0.70763 -0.17356 -0.814492 0 0 0 1 1 24390 266.614
19.251 1 0.0263186 1.18694 1.12869 1.32654 0.71365 -0.154773 -0.808071 0 0 0 1 1 24400 266.723
19.2589 1 0.0265982 1.18721 1.12838 1.34588 0.719798 -0.135367 -0.801524 0 0 0 1 1 24410 266.832
19.2668 1 0.0268766 1.18749 1.12807 1.36578 0.726079 -0.115399 -0.794847 0 0 0 1 1 24420 266.941
19.2747 1 0.0271541 1.18776 1.12776 1.3862 0.732498 -0.0949367 -0.788036 0 0 0 1 1 24430 267.05
19.2825 1 0.0274304 1.18803 1.12745 1.40704 0.739057 -0.0740501 -0.781089 0 0 0 1 1 24440 267.16
19.2904 1 0.0277056 1.1883 1.12715 1.42824 0.745758 -0.0528165 -0.774002 0 0 0 1 1 24450 267.269
19.2983 1 0.0279797 1.18857 1.12685 1.44972 0.752605 -0.0313169 -0.766774 0 0 0 1 1 24460 267.378
19.3062 1 0.0282527 1.18884 1.12655 1.47139 0.759596 -0.00963577 -0.759404 0 0 0 1 1 24470 267.487
19.3141 1 0.0285245 1.18911 1.12625 1.49317 0.766733 0.0121403 -0.751893 0 0 0 1 1 24480 267.596
19.322 1 0.0287953 1.18938 1.12596 1.51497 0.774015 0.0339237 -0.74424 0 0 0 1 1 24490 267.705
19.3299 1 0.0290648 1.18964 1.12566 1.53669 0.781439 0.0556266 -0.736449 0 0 0 1 1 24500 267.815
19.3378 1 0.0293333 1.18991 1.12537 1.55826 0.789004 0.0771626 -0.728522 0 0 0 1 1 24510 267.924
19.3457 1 0.0296006 1.19017 1.12509 1.57959 0.796705 0.0984473 -0.720461 0 0 0 1 1 24520 268.033
19.3536 1 0.0298667 1.19043 1.1248 1.6006 0.80454 0.1194 -0.712272 0 0 0 1 1 24530 268.142
19.3614 1 0.0301316 1.19069 1.12452 1.62121 0.812502 0.139944 -0.703959 0 0 0 1 1 24540 268.251
19.3693 1 0.0303954 1.19094 1.12424 1.64135 0.820586 0.160008 -0.695528 0 0 0 1 1 24550 268.36
19.3772 1 0.030658 1.1912 1.12396 1.66095 0.828786 0.179528 -0.686986 0 0 0 1 1 24560 268.469
19.3851 1 0.0309194 1.19145 1.12369 1.67996 0.837095 0.198448 -0.678338 0 0 0 1 1 24570 268.578
19.393 1 0.0311796 1.1917 1.12342 1.69834 0.845507 0.216717 -0.669592 0 0 0 1 1 24580 268.687
19.4009 1 0.0314386 1.19195 1.12315 1.71603 0.854013 0.234296 -0.660757 0 0 0 1 1 24590 268.797
19.4088 1 0.0316964 1.1922 1.12289 1.73301 0.862606 0.251155 -0.651839 0 0 0 1 1 24600 268.906
19.4167 1 0.0319529 1.19245 1.12262 1.74926 0.871278 0.267274 -0.642846 0 0 0 1 1 24610 269.015
19.4246 1 0.0322083 1.19269 1.12237 1.76476 0.88002 0.282643 -0.633788 0 0 0 1 1 24620 269.124
19.4325 1 0.0324623 1.19293 1.12211 1.77953 0.888825 0.297265 -0.624671 0 0 0 1 1 24630 269.233
19.4403 1 0.0327152 1.19317 1.12186 1.79357 0.897685 0.311153 -0.615504 0 0 0 1 1 24640 269.342
19.4482 1 0.0329667 1.1934 1.12161 1.8069 0.906592 0.324331 -0.606295 0 0 0 1 1 24650 269.452
19.4561 1 0.033217 1.19364 1.12137 1.81957 0.915539 0.336836 -0.59705 0 0 0 1 1 24660 269.561
19.464 1 0.033466 1.19387 1.12113 1.83162 0.924519 0.348714 -0.587776 0 0 0 1 1 24670 269.67
19.4719 1 0.0337138 1.1941 1.12089 1.84311 0.933527 0.360025 -0.578479 0 0 0 1 1 24680 269.779
19.4798 1 0.0339602 1.19432 1.12065 1.8541 0.942556 0.370838 -0.569166 0 0 0 1 1 24690 269.888
19.4877 1 0.0342053 1.19455 1.12042 1.86468 0.951602 0.381232 -0.55984 0 0 0 1 1 24700 269.997
19.4956 1 0.0344491 1.19477 1.1202 1.87494 0.960662 0.391297 -0.550506 0 0 0 1 1 24710 270.106
19.5035 1 0.0346916 1.19499 1.11997 1.88497 0.969732 0.40113 -0.541165 0 0 0 1 1 24720 270.216
19.5114 1 0.0349328 1.1952 1.11975 1.89488 0.97881 0.410836 -0.531821 0 0 0 1 1 24730 270.325
19.5192 1 0.0351726 1.19541 1.11954 1.90478 0.987897 0.420529 -0.522473 0 0 0 1 1 24740 270.434
19.5271 1 0.035411 1.19562 1.11933 1.91478 0.996992 0.430325 -0.513121 0 0 0 1 1 24750 270.543
19.535 1 0.0356481 1.19583 1.11912 1.92502 1.0061 0.440349 -0.503764 0 0 0 1 1 24760 270.652
19.5429 1 0.0358837 1.19603 1.11892 1.93562 1.01522 0.450725 -0.494398 0 0 0 1 1 24770 270.761
19.5508 1 0.036118 1.19623 1.11872 1.9467 1.02435 0.46158 -0.48502 0 0 0 1 1 24780 270.871
19.5587 1 0.0363509 1.19643 1.11852 1.95839 1.03351 0.473042 -0.475624 0 0 0 1 1 24790 270.98
19.5666 1 0.0365824 1.19662 1.11833 1.97083 1.0427 0.485237 -0.466204 0 0 0 1 1 24800 271.089
19.5745 1 0.0368125 1.19681 1.11815 1.98412 1.05192 0.498288 -0.456752 0 0 0 1 1 24810 271.198
19.5824 1 0.0370412 1.197 1.11796 1.9984 1.06119 0.512313 -0.44726 0 0 0 1 1 24820 271.307
19.5902 1 0.0372684 1.19719 1.11779 2.01377 1.07051 0.527426 -0.437716 0 0 0 1 1 24830 271.416
19.5981 1 0.0374942 1.19737 1.11761 2.03034 1.0799 0.543731 -0.428112 0 0 0 1 1 24840 271.526
19.606 1 0.0377185 1.19755 1.11745 2.04821 1.08937 0.561325 -0.418434 0 0 0 1 1 24850 271.635
19.6139 1 0.0379414 1.19772 1.11728 2.06746 1.09893 0.580292 -0.408671 0 0 0 1 1 24860 271.744
19.6218 1 0.0381628 1.19789 1.11712 2.08817 1.10859 0.600708 -0.39881 0 0 0 1 1 24870 271.853
19.6297 1 0.0383828 1.19806 1.11697 2.1104 1.11837 0.622632 -0.388836 0 0 0 1 1 24880 271.962
19.6376 1 0.0386013 1.19822 1.11682 2.13419 1.12828 0.646114 -0.378736 0 0 0 1 1 24890 272.071
19.6455 1 0.0388183 1.19838 1.11668 2.15959 1.13834 0.671185 -0.368495 0 0 0 1 1 24900 272.18
19.6534 1 0.0390339 1.19854 1.11654 2.18661 1.14855 0.697863 -0.3581 0 0 0 1 1 24910 272.289
19.6613 1 0.0392479 1.19869 1.11641 2.21525 1.15894 0.726149 -0.347535 0 0 0 1 1 24920 272.399
19.6691 1 0.0394605 1.19884 1.11628 2.2455 1.16952 0.756029 -0.336787 0 0 0 1 1 24930 272.508
19.677 1 0.0396716 1.19898 1.11616 2.27732 1.1803 0.787472 -0.325841 0 0 0 1 1 24940 272.617
19.6849 1 0.0398812 1.19912 1.11604 2.31068 1.1913 0.820433 -0.314685 0 0 0 1 1 24950 272.726
19.6928 1 0.0400894 1.19926 1.11593 2.34551 1.20253 0.854848 -0.303306 0 0 0 1 1 24960 272.835
19.7007 1 0.0402961 1.19939 1.11583 2.38174 1.21399 0.89064 -0.291693 0 0 0 1 1 24970 272.944
19.7086 1 0.0405012 1.19952 1.11573 2.41927 1.22571 0.927718 -0.279834 0 0 0 1 1 24980 273.054
19.7165 1 0.0407049 1.19965 1.11564 2.458 1.23769 0.965977 -0.26772 0 0 0 1 1 24990 273.163
19.7244 1 0.0409072 1.19977 1.11555 2.49781 1.24994 1.0053 -0.255342 0 0 0 1 1 25000 273.272
19.7323 1 0.041108 1.19989 1.11547 2.53858 1.26246 1.04556 -0.242693 0 0 0 1 1 25010 273.381
19.7402 1 0.0413073 1.2 1.11539 2.58017 1.27527 1.08662 -0.229767 0 0 0 1 1 25020 273.49
19.748 1 0.0415051 1.20011 1.11533 2.62244 1.28837 1.12834 -0.216561 0 0 0 1 1 25030 273.599
19.7559 1 0.0417015 1.20022 1.11526 2.66524 1.30175 1.17057 -0.20307 0 0 0 1 1 25040 273.708
19.7638 1 0.0418964 1.20032 1.11521 2.70841 1.31543 1.21315 -0.189294 0 0 0 1 1 25050 273.818
19.7717 1 0.0420899 1.20042 1.11516 2.7518 1.3294 1.25593 -0.175233 0 0 0 1 1 25060 273.927
19.7796 1 0.042282 1.20051 1.11512 2.79527 1.34367 1.29876 -0.160888 0 0 0 1 1 25070 274.036
19.7875 1 0.0424726 1.2006 1.11508 2.83864 1.35822 1.34148 -0.146263 0 0 0 1 1 25080 274.145
19.7954 1 0.0426618 1.20069 1.11505 2.88179 1.37305 1.38395 -0.131361 0 0 0 1 1 25090 274.254
19.8033 1 0.0428496 1.20077 1.11503 2.92457 1.38816 1.42603 -0.116191 0 0 0 1 1 25100 274.364
19.8112 1 0.0430359 1.20085 1.11501 2.96684 1.40354 1.46758 -0.100757 0 0 0 1 1 25110 274.473
19.8191 1 0.0432209 1.20092 1.11501 3.00849 1.41918 1.5085 -0.0850693 0 0 0 1 1 25120 274.582
19.8269 1 0.0434044 1.20099 1.115 3.04942 1.43508 1.54866 -0.0691368 0 0 0 1 1 25130 274.691
19.8348 1 0.0435866 1.20106 1.11501 3.08951 1.45121 1.58798 -0.0529699 0 0 0 1 1 25140 274.8
19.8427 1 0.0437673 1.20112 1.11502 3.12871 1.46758 1.62638 -0.0365797 0 0 0 1 1 25150 274.909
19.8506 1 0.0439467 1.20117 1.11504 3.16695 1.48417 1.6638 -0.0199777 0 0 0 1 1 25160 275.018
19.8585 1 0.0441247 1.20123 1.11506 3.20417 1.50097 1.70019 -0.00317596 0 0 0 1 1 25170 275.128
19.8664 1 0.0443014 1.20128 1.1151 3.24037 1.51796 1.73553 0.0138132 0 0 0 1 1 25180 275.237
19.8743 1 0.0444767 1.20132 1.11513 3.27553 1.53513 1.76982 0.0309777 0 0 0 1 1 25190 275.346
19.8822 1 0.0446506 1.20136 1.11518 3.30966 1.55248 1.80307 0.0483053 0 0 0 1 1 25200 275.457
19.8901 1 0.0448231 1.2014 1.11523 3.34281 1.56999 1.83531 0.0657845 0 0 0 1 1 25210 275.566
19.8979 1 0.0449943 1.20143 1.11529 3.37502 1.58765 1.86661 0.083404 0 0 0 1 1 25220 275.675
19.9058 1 0.0451642 1.20146 1.11536 3.40636 1.60544 1.89702 0.101153 0 0 0 1 1 25230 275.785
19.9137 1 0.0453327 1.20148 1.11543 3.43693 1.62337 1.92664 0.119023 0 0 0 1 1 25240 275.894
19.9216 1 0.0454999 1.20151 1.11551 3.46682 1.64141 1.95557 0.137005 0 0 0 1 1 25250 276.003
19.9295 1 0.0456657 1.20152 1.1156 3.49616 1.65957 1.98393 0.155092 0 0 0 1 1 25260 276.112
19.9374 1 0.0458302 1.20153 1.11569 3.52508 1.67784 2.01185 0.173278 0 0 0 1 1 25270 276.222
19.9453 1 0.0459934 1.20154 1.11579 3.55371 1.69621 2.03948 0.191558 0 0 0 1 1 25280 276.331
19.9532 1 0.0461552 1.20155 1.1159 3.58222 1.71468 2.06697 0.209929 0 0 0 1 1 25290 276.44
19.9611 1 0.0463157 1.20155 1.11601 3.61075 1.73325 2.09447 0.22839 0 0 0 1 1 25300 276.549
19.969 1 0.0464749 1.20155 1.11613 3.63947 1.75192 2.12214 0.246941 0 0 0 1 1 25310 276.658
19.9768 1 0.0466328 1.20154 1.11626 3.66854 1.77069 2.15015 0.265583 0 0 0 1 1 25320 276.768
19.9847 1 0.0467894 1.20153 1.11639 3.69812 1.78957 2.17866 0.284321 0 0 0 1 1 25330 276.877
19.9926 1 0.0469446 1.20151 1.11653 3.72836 1.80855 2.20781 0.303158 0 0 0 1 1 25340 276.986
20.0005 1 0.0470986 1.20149 1.11667 3.75942 1.82765 2.23777 0.322101 0 0 0 1 1 25350 277.095
20.0084 1 0.0472513 1.20147 1.11683 3.79143 1.84687 2.26866 0.341158 0 0 0 1 1 25360 277.204
20.0163 1 0.0474026 1.20145 1.11698 3.82453 1.86622 2.30062 0.360337 0 0 0 1 1 25370 277.314
20.0242 1 0.0475527 1.20142 1.11715 3.85882 1.88572 2.33376 0.379649 0 0 0 1 1 25380 277.423
20.0321 1 0.0477015 1.20138 1.11732 3.8944 1.90537 2.36819 0.399104 0 0 0 1 1 25390 277.532
20.04 1 0.0478491 1.20135 1.1175 3.93137 1.92518 2.40397 0.418714 0 0 0 1 1 25400 277.641
20.0479 1 0.0479953 1.2013 1.11768 3.96978 1.94517 2.44118 0.43849 0 0 0 1 1 25410 277.751
20.0557 1 0.0481403 1.20126 1.11787 4.00967 1.96535 2.47985 0.458447 0 0 0 1 1 25420 277.86
20.0636 1 0.0482841 1.20121 1.11806 4.05108 1.98573 2.52002 0.478597 0 0 0 1 1 25430 277.969
20.0715 1 0.0484266 1.20116 1.11826 4.094 2.00633 2.56167 0.498952 0 0 0 1 1 25440 278.078
20.0794 1 0.0485679 1.2011 1.11847 4.13841 2.02715 2.60481 0.519524 0 0 0 1 1 25450 278.187
20.0873 1 0.048708 1.20105 1.11868 4.18429 2.04822 2.64938 0.540328 0 0 0 1 1 25460 278.297
20.0952 1 0.0488468 1.20098 1.1189 4.23156 2.06954 2.69532 0.561373 0 0 0 1 1 25470 278.406
20.1031 1 0.0489845 1.20092 1.11913 4.28015 2.09112 2.74256 0.582671 0 0 0 1 1 25480 278.515
20.111 1 0.049121 1.20085 1.11936 4.32996 2.11298 2.791 0.604231 0 0 0 1 1 25490 278.624
20.1189 1 0.0492563 1.20078 1.11959 4.38088 2.13511 2.84053 0.626062 0 0 0 1 1 25500 278.733
20.1268 1 0.0493904 1.2007 1.11983 4.43278 2.15754 2.891 0.648172 0 0 0 1 1 25510 278.843
20.1346 1 0.0495234 1.20062 1.12008 4.48552 2.18026 2.94229 0.670566 0 0 0 1 1 25520 278.952
20.1425 1 0.0496553 1.20054 1.12033 4.53894 2.20328 2.99424 0.693248 0 0 0 1 1 25530 279.061
20.1504 1 0.049786 1.20045 1.12059 4.59287 2.22661 3.04668 0.716222 0 0 0 1 1 25540 279.17
20.1583 1 0.0499157 1.20036 1.12085 4.64715 2.25023 3.09943 0.739488 0 0 0 1 1 25550 279.28
20.1662 1 0.0500442 1.20027 1.12112 4.70159 2.27416 3.15232 0.763046 0 0 0 1 1 25560 279.389
20.1741 1 0.0501717 1.20018 1.12139 4.75602 2.2984 3.20517 0.786893 0 0 0 1 1 25570 279.498
20.182 1 0.0502982 1.20008 1.12167 4.81025 2.32292 3.2578 0.811025 0 0 0 1 1 25580 279.607
20.1899 1 0.0504235 1.19998 1.12195 4.8641 2.34774 3.31002 0.835436 0 0 0 1 1 25590 279.716
20.1978 1 0.0505479 1.19988 1.12224 4.91739 2.37285 3.36166 0.860118 0 0 0 1 1 25600 279.826
20.2056 1 0.0506712 1.19977 1.12254 4.96996 2.39822 3.41255 0.885062 0 0 0 1 1 25610 279.935
20.2135 1 0.0507936 1.19966 1.12283 5.02164 2.42387 3.46252 0.910257 0 0 0 1 1 25620 280.044
20.2214 1 0.0509149 1.19955 1.12314 5.07229 2.44976 3.51144 0.935691 0 0 0 1 1 25630 280.153
20.2293 1 0.0510353 1.19944 1.12344 5.12175 2.47589 3.55915 0.96135 0 0 0 1 1 25640 280.262
20.2372 1 0.0511548 1.19932 1.12375 5.16991 2.50224 3.60553 0.987219 0 0 0 1 1 25650 280.372
20.2451 1 0.0512732 1.1992 1.12407 5.21666 2.5288 3.65048 1.01328 0 0 0 1 1 25660 280.481
20.253 1 0.0513908 1.19908 1.12439 5.26191 2.55555 3.69391 1.03952 0 0 0 1 1 25670 280.59
20.2609 1 0.0515074 1.19895 1.12471 5.30558 2.58248 3.73574 1.06593 0 0 0 1 1 25680 280.699
20.2688 1 0.0516231 1.19883 1.12504 5.34764 2.60956 3.77593 1.09247 0 0 0 1 1 25690 280.809
20.2767 1 0.0517379 1.1987 1.12538 5.38804 2.63678 3.81445 1.11914 0 0 0 1 1 25700 280.918
20.2845 1 0.0518518 1.19857 1.12571 5.42678 2.66412 3.85129 1.14592 0 0 0 1 1 25710 281.027
20.2924 1 0.0519649 1.19843 1.12605 5.46388 2.69156 3.88647 1.17279 0 0 0 1 1 25720 281.136
20.3003 1 0.052077 1.1983 1.1264 5.49939 2.71909 3.92004 1.19973 0 0 0 1 1 25730 281.246
20.3082 1 0.0521883 1.19816 1.12675 5.53335 2.7467 3.95205 1.22673 0 0 0 1 1 25740 281.355
20.3161 1 0.0522987 1.19802 1.1271 5.56587 2.77435 3.9826 1.25377 0 0 0 1 1 25750 281.464
20.324 1 0.0524083 1.19788 1.12745 5.59704 2.80205 4.0118 1.28084 0 0 0 1 1 25760 281.573
20.3319 1 0.052517 1.19774 1.12781 5.62701 2.82977 4.03976 1.30792 0 0 0 1 1 25770 281.682
20.3398 1 0.0526249 1.19759 1.12817 5.65591 2.85751 4.06665 1.33501 0 0 0 1 1 25780 281.791
20.3477 1 0.0527319 1.19745 1.12854 5.68391 2.88526 4.09264 1.36209 0 0 0 1 1 25790 281.9
20.3556 1 0.0528381 1.1973 1.1289 5.71121 2.91301 4.1179 1.38915 0 0 0 1 1 25800 282.01
20.3634 1 0.0529435 1.19715 1.12927 5.73799 2.94074 4.14263 1.41619 0 0 0 1 1 25810 282.119
20.3713 1 0.053048 1.197 1.12965 5.76447 2.96847 4.16704 1.44321 0 0 0 1 1 25820 282.228
20.3792 1 0.0531517 1.19684 1.13003 5.79085 2.99618 4.19135 1.4702 0 0 0 1 1 25830 282.337
20.3871 1 0.0532546 1.19669 1.1304 5.81735 3.02389 4.21577 1.49717 0 0 0 1 1 25840 282.446
20.395 1 0.0533567 1.19653 1.13079 5.8442 3.05158 4.24052 1.52411 0 0 0 1 1 25850 282.555
20.4029 1 0.0534579 1.19637 1.13117 5.87161 3.07926 4.26582 1.55103 0 0 0 1 1 25860 282.664
20.4108 1 0.0535583 1.19622 1.13156 5.89979 3.10695 4.29188 1.57794 0 0 0 1 1 25870 282.774
20.4187 1 0.0536579 1.19606 1.13195 5.92893 3.13465 4.31889 1.60485 0 0 0 1 1 25880 282.883
20.4266 1 0.0537567 1.19589 1.13234 5.95923 3.16236 4.34704 1.63176 0 0 0 1 1 25890 282.992
20.4345 1 0.0538548 1.19573 1.13274 5.99084 3.19011 4.37649 1.65869 0 0 0 1 1 25900 283.101
20.4423 1 0.053952 1.19557 1.13314 6.02393 3.21791 4.4074 1.68566 0 0 0 1 1 25910 283.21
20.4502 1 0.0540484 1.1954 1.13354 6.0586 3.24576 4.43988 1.71267 0 0 0 1 1 25920 283.319
20.4581 1 0.054144 1.19524 1.13394 6.09497 3.2737 4.47403 1.73975 0 0 0 1 1 25930 283.428
20.466 1 0.0542388 1.19507 1.13435 6.13309 3.30172 4.50992 1.76691 0 0 0 1 1 25940 283.538
20.4739 1 0.0543329 1.1949 1.13476 6.17301 3.32986 4.5476 1.79416 0 0 0 1 1 25950 283.647
20.4818 1 0.0544261 1.19474 1.13517 6.21473 3.35812 4.58706 1.82152 0 0 0 1 1 25960 283.756
20.4897 1 0.0545187 1.19457 1.13558 6.25825 3.38652 4.62829 1.84901 0 0 0 1 1 25970 283.865
20.4976 1 0.0546104 1.1944 1.136 6.30349 3.41508 4.67123 1.87665 0 0 0 1 1 25980 283.974
20.5055 1 0.0547014 1.19423 1.13641 6.35038 3.44382 4.71579 1.90445 0 0 0 1 1 25990 284.084
20.5133 1 0.0547917 1.19406 1.13683 6.3988 3.47274 4.76186 1.93242 0 0 0 1 1 26000 284.193
20.5212 1 0.0548813 1.19389 1.13726 6.44861 3.50186 4.80929 1.96058 0 0 0 1 1 26010 284.302
20.5291 1 0.0549701 1.19371 1.13768 6.49962 3.5312 4.85791 1.98893 0 0 0 1 1 26020 284.411
20.537 1 0.0550583 1.19354 1.13811 6.55165 3.56075 4.90751 2.01749 0 0 0 1 1 26030 284.52
20.5449 1 0.0551457 1.19337 1.13854 6.60446 3.59053 4.95788 2.04626 0 0 0 1 1 26040 284.629
20.5528 1 0.0552325 1.1932 1.13898 6.65781 3.62054 5.00876 2.07525 0 0 0 1 1 26050 284.739
20.5607 1 0.0553186 1.19302 1.13941 6.71144 3.65078 5.0599 2.10445 0 0 0 1 1 26060 284.848
20.5686 1 0.0554041 1.19285 1.13985 6.76508 3.68125 5.11101 2.13387 0 0 0 1 1 26070 284.957
20.5765 1 0.0554889 1.19268 1.14029 6.81845 3.71195 5.16183 2.1635 0 0 0 1 1 26080 285.066
20.5844 1 0.0555731 1.1925 1.14073 6.87124 3.74287 5.21204 2.19334 0 0 0 1 1 26090 285.176
20.5922 1 0.0556567 1.19233 1.14118 6.92316 3.774 5.26137 2.22338 0 0 0 1 1 26100 285.285
20.6001 1 0.0557397 1.19216 1.14162 6.97393 3.80533 5.30952 2.2536 0 0 0 1 1 26110 285.4
20.608 1 0.0558222 1.19199 1.14207 7.02325 3.83684 5.3562 2.28399 0 0 0 1 1 26120 285.509
20.6159 1 0.055904 1.19182 1.14252 7.07086 3.86852 5.40114 2.31453 0 0 0 1 1 26130 285.618
20.6238 1 0.0559853 1.19164 1.14298 7.11649 3.90035 5.44408 2.3452 0 0 0 1 1 26140 285.727
20.6317 1 0.0560661 1.19147 1.14343 7.1599 3.9323 5.48478 2.37598 0 0 0 1 1 26150 285.837
20.6396 1 0.0561463 1.1913 1.14389 7.20089 3.96435 5.52303 2.40684 0 0 0 1 1 26160 285.946
20.6475 1 0.056226 1.19113 1.14434 7.23924 3.99648 5.55864 2.43776 0 0 0 1 1 26170 286.056
20.6554 1 0.0563052 1.19097 1.1448 7.27483 4.02865 5.59146 2.46872 0 0 0 1 1 26180 286.165
20.6633 1 0.0563839 1.1908 1.14527 7.30751 4.06084 5.62136 2.49968 0 0 0 1 1 26190 286.274
20.6711 1 0.0564621 1.19063 1.14573 7.33721 4.09301 5.64827 2.53061 0 0 0 1 1 26200 286.383
20.679 1 0.0565398 1.19047 1.14619 7.36389 4.12515 5.67215 2.56148 0 0 0 1 1 26210 286.493
20.6869 1 0.056617 1.1903 1.14666 7.38756 4.15722 5.693 2.59227 0 0 0 1 1 26220 286.602
20.6948 1 0.0566938 1.19014 1.14712 7.40826 4.18919 5.71087 2.62295 0 0 0 1 1 26230 286.711
20.7027 1 0.0567701 1.18998 1.14759 7.42609 4.22103 5.72586 2.65348 0 0 0 1 1 26240 286.821
20.7106 1 0.0568459 1.18982 1.14805 7.44119 4.25272 5.73813 2.68384 0 0 0 1 1 26250 286.93
20.7185 1 0.0569212 1.18966 1.14852 7.45377 4.28423 5.74785 2.71402 0 0 0 1 1 26260 287.039
20.7264 1 0.0569961 1.1895 1.14899 7.46405 4.31554 5.75528 2.74397 0 0 0 1 1 26270 287.149
20.7343 1 0.0570706 1.18935 1.14946 7.47232 4.34663 5.7607 2.7737 0 0 0 1 1 26280 287.258
20.7422 1 0.0571445 1.18919 1.14993 7.47889 4.37749 5.76442 2.80317 0 0 0 1 1 26290 287.368
20.75 1 0.057218 1.18904 1.1504 7.48414 4.4081 5.76681 2.83239 0 0 0 1 1 26300 287.477
20.7579 1 0.0572911 1.18889 1.15087 7.48845 4.43846 5.76825 2.86133 0 0 0 1 1 26310 287.586
20.7658 1 0.0573636 1.18874 1.15133 7.49223 4.46855 5.76918 2.89 0 0 0 1 1 26320 287.696
20.7737 1 0.0574357 1.1886 1.1518 7.49594 4.49839 5.77002 2.9184 0 0 0 1 1 26330 287.805
20.7816 1 0.0575074 1.18846 1.15227 7.50001 4.52797 5.77123 2.94652 0 0 0 1 1 26340 287.914
20.7895 1 0.0575786 1.18831 1.15274 7.50491 4.5573 5.77327 2.97438 0 0 0 1 1 26350 288.024
20.7974 1 0.0576493 1.18818 1.15321 7.51109 4.5864 5.77659 3.002 0 0 0 1 1 26360 288.133
20.8053 1 0.0577196 1.18804 1.15368 7.519 4.61528 5.78164 3.02939 0 0 0 1 1 26370 288.242
20.8132 1 0.0577893 1.18791 1.15414 7.52908 4.64397 5.78885 3.05656 0 0 0 1 1 26380 288.352
20.8211 1 0.0578587 1.18778 1.15461 7.54172 4.67248 5.79862 3.08355 0 0 0 1 1 26390 288.461
20.8289 1 0.0579276 1.18765 1.15507 7.55731 4.70086 5.81133 3.11039 0 0 0 1 1 26400 288.57
20.8368 1 0.057996 1.18752 1.15554 7.57618 4.72912 5.82731 3.13711 0 0 0 1 1 26410 288.679
20.8447 1 0.0580639 1.1874 1.156 7.59862 4.75732 5.84686 3.16374 0 0 0 1 1 26420 288.788
20.8526 1 0.0581315 1.18728 1.15647 7.62488 4.78547 5.87022 3.19032 0 0 0 1 1 26430 288.898
20.8605 1 0.0581986 1.18717 1.15693 7.65515 4.81363 5.89757 3.21689 0 0 0 1 1 26440 289.007
20.8684 1 0.0582652 1.18705 1.15739 7.68955 4.84184 5.92904 3.24349 0 0 0 1 1 26450 289.116
20.8763 1 0.0583315 1.18695 1.15785 7.72817 4.87012 5.9647 3.27017 0 0 0 1 1 26460 289.225
20.8842 1 0.0583974 1.18684 1.15831 7.771 4.89853 6.00457 3.29695 0 0 0 1 1 26470 289.335
20.8921 1 0.0584628 1.18674 1.15877 7.81801 4.92711 6.04859 3.32388 0 0 0 1 1 26480 289.444
20.8999 1 0.0585279 1.18664 1.15922 7.86906 4.95589 6.09663 3.35101 0 0 0 1 1 26490 289.553
20.9078 1 0.0585927 1.18654 1.15968 7.924 4.98491 6.14854 3.37836 0 0 0 1 1 26500 289.663
20.9157 1 0.0586571 1.18645 1.16013 7.98259 5.01421 6.20406 3.40598 0 0 0 1 1 26510 289.772
20.9236 1 0.0587212 1.18636 1.16058 8.04453 5.04381 6.2629 3.43388 0 0 0 1 1 26520 289.881
20.9315 1 0.0587851 1.18628 1.16103 8.10947 5.07375 6.32473 3.46211 0 0 0 1 1 26530 289.99
20.9394 1 0.0588486 1.1862 1.16148 8.17704 5.10405 6.38914 3.49069 0 0 0 1 1 26540 290.1
20.9473 1 0.0589119 1.18612 1.16192 8.24677 5.13473 6.45569 3.51963 0 0 0 1 1 26550 290.209
20.9552 1 0.058975 1.18605 1.16237 8.3182 5.1658 6.5239 3.54895 0 0 0 1 1 26560 290.318
20.9631 1 0.059038 1.18598 1.16281 8.39081 5.19728 6.59326 3.57866 0 0 0 1 1 26570 290.427
20.971 1 0.0591007 1.18592 1.16325 8.46404 5.22917 6.6632 3.60877 0 0 0 1 1 26580 290.537
20.9788 1 0.0591633 1.18586 1.16368 8.53733 5.26147 6.73317 3.63927 0 0 0 1 1 26590 290.646
20.9867 1 0.0592258 1.1858 1.16412 8.61008 5.29417 6.80256 3.67015 0 0 0 1 1 26600 290.755
20.9946 1 0.0592882 1.18575 1.16455 8.68168 5.32725 6.87077 3.70141 0 0 0 1 1 26610 290.864
21.0025 1 0.0593506 1.1857 1.16497 8.75153 5.36071 6.93719 3.73303 0 0 0 1 1 26620 290.974
21.0104 1 0.0594129 1.18566 1.16539 8.819 5.39451 7.0012 3.76497 0 0 0 1 1 26630 291.083
21.0183 1 0.0594752 1.18562 1.16581 8.88348 5.42864 7.0622 3.79722 0 0 0 1 1 26640 291.192
21.0262 1 0.0595375 1.18559 1.16623 8.94439 5.46304 7.11959 3.82973 0 0 0 1 1 26650 291.302
21.0341 1 0.0595998 1.18556 1.16664 9.00114 5.49768 7.1728 3.86246 0 0 0 1 1 26660 291.411
21.042 1 0.0596621 1.18554 1.16704 9.05317 5.53251 7.22127 3.89537 0 0 0 1 1 26670 291.52
21.0499 1 0.0597246 1.18552 1.16744 9.09999 5.56749 7.26448 3.9284 0 0 0 1 1 26680 291.629
21.0577 1 0.0597871 1.18551 1.16784 9.14109 5.60255 7.30198 3.96151 0 0 0 1 1 26690 291.738
21.0656 1 0.0598497 1.1855 1.16823 9.17606 5.63763 7.33332 3.99462 0 0 0 1 1 26700 291.848
21.0735 1 0.0599124 1.1855 1.16861 9.20452 5.67269 7.35814 4.02769 0 0 0 1 1 26710 291.957
21.0814 1 0.0599752 1.18551 1.16899 9.22615 5.70763 7.37612 4.06063 0 0 0 1 1 26720 292.067
21.0893 1 0.0600381 1.18551 1.16936 9.24072 5.74241 7.38702 4.09339 0 0 0 1 1 26730 292.177
21.0972 1 0.0601011 1.18553 1.16973 9.24803 5.77696 7.39068 4.12589 0 0 0 1 1 26740 292.286
21.1051 1 0.0601642 1.18555 1.17009 9.24801 5.81119 7.38699 4.15807 0 0 0 1 1 26750 292.395
21.113 1 0.0602274 1.18557 1.17044 9.24064 5.84504 7.37596 4.18986 0 0 0 1 1 26760 292.505
21.1209 1 0.0602907 1.1856 1.17079 9.22599 5.87845 7.35766 4.22118 0 0 0 1 1 26770 292.614
21.1288 1 0.0603541 1.18564 1.17112 9.20423 5.91135 7.33225 4.25198 0 0 0 1 1 26780 292.723
21.1366 1 0.0604175 1.18568 1.17145 9.17559 5.94367 7.29999 4.28218 0 0 0 1 1 26790 292.832
21.1445 1 0.060481 1.18572 1.17177 9.1404 5.97535 7.26119 4.31173 0 0 0 1 1 26800 292.942
21.1524 1 0.0605445 1.18577 1.17209 9.09909 6.00634 7.21629 4.34058 0 0 0 1 1 26810 293.051
21.1603 1 0.060608 1.18583 1.17239 9.05213 6.03659 7.16577 4.36866 0 0 0 1 1 26820 293.16
21.1682 1 0.0606715 1.18589 1.17269 9.00009 6.06605 7.11019 4.39595 0 0 0 1 1 26830 293.269
21.1761 1 0.0607349 1.18596 1.17298 8.94358 6.09467 7.05017 4.42239 0 0 0 1 1 26840 293.379
21.184 1 0.0607982 1.18603 1.17326 8.88327 6.12244 6.98638 4.44796 0 0 0 1 1 26850 293.488
21.1919 1 0.0608614 1.18611 1.17353 8.81988 6.14932 6.91955 4.47263 0 0 0 1 1 26860 293.597
21.1998 1 0.0609245 1.1862 1.17379 8.75414 6.1753 6.8504 4.49638 0 0 0 1 1 26870 293.706
21.2076 1 0.0609873 1.18629 1.17405 8.68683 6.20037 6.77971 4.51921 0 0 0 1 1 26880 293.815
21.2155 1 0.0610499 1.18638 1.17429 8.61871 6.22451 6.70825 4.54111 0 0 0 1 1 26890 293.925
21.2234 1 0.0611122 1.18648 1.17453 8.55055 6.24775 6.63678 4.56209 0 0 0 1 1 26900 294.034
21.2313 1 0.0611743 1.18659 1.17476 8.48309 6.27009 6.56606 4.58217 0 0 0 1 1 26910 294.143
21.2392 1 0.0612359 1.1867 1.17498 8.41707 6.29155 6.4968 4.60135 0 0 0 1 1 26920 294.253
21.2471 1 0.0612972 1.18682 1.17519 8.35318 6.31216 6.4297 4.61967 0 0 0 1 1 26930 294.362
21.255 1 0.0613581 1.18694 1.1754 8.29206 6.33196 6.36541 4.63717 0 0 0 1 1 26940 294.471
21.2629 1 0.0614185 1.18707 1.1756 8.23432 6.35097 6.30454 4.65388 0 0 0 1 1 26950 294.581
21.2708 1 0.0614784 1.1872 1.17579 8.1805 6.36924 6.24761 4.66984 0 0 0 1 1 26960 294.69
21.2787 1 0.0615378 1.18734 1.17597 8.13109 6.38683 6.19512 4.68511 0 0 0 1 1 26970 294.799
21.2865 1 0.0615966 1.18748 1.17614 8.08651 6.40378 6.14748 4.69974 0 0 0 1 1 26980 294.909
21.2944 1 0.0616548 1.18763 1.17631 8.04712 6.42016 6.10505 4.71378 0 0 0 1 1 26990 295.018
21.3023 1 0.0617123 1.18778 1.17647 8.01321 6.43601 6.06812 4.72729 0 0 0 1 1 27000 295.127
21.3102 1 0.0617693 1.18794 1.17662 7.98499 6.45141 6.03691 4.74034 0 0 0 1 1 27010 295.236
21.3181 1 0.0618255 1.1881 1.17677 7.96262 6.4664 6.01155 4.75298 0 0 0 1 1 27020 295.345
21.326 1 0.0618811 1.18827 1.17691 7.94619 6.48106 5.99215 4.76528 0 0 0 1 1 27030 295.455
21.3339 1 0.0619359 1.18844 1.17705 7.9357 6.49545 5.97869 4.7773 0 0 0 1 1 27040 295.564
21.3418 1 0.06199 1.18862 1.17718 7.93112 6.50962 5.97115 4.7891 0 0 0 1 1 27050 295.673
21.3497 1 0.0620433 1.1888 1.17731 7.93231 6.52364 5.96938 4.80075 0 0 0 1 1 27060 295.782
21.3576 1 0.0620959 1.18899 1.17743 7.93911 6.53756 5.97322 4.81229 0 0 0 1 1 27070 295.891
21.3654 1 0.0621477 1.18918 1.17755 7.95126 6.55144 5.98241 4.82378 0 0 0 1 1 27080 296
21.3733 1 0.0621988 1.18937 1.17766 7.96846 6.56534 5.99664 4.83528 0 0 0 1 1 27090 296.11
21.3812 1 0.062249 1.18957 1.17777 7.99034 6.57929 6.01554 4.84683 0 0 0 1 1 27100 296.219
21.3891 1 0.0622985 1.18978 1.17787 8.01648 6.59334 6.03869 4.85847 0 0 0 1 1 27110 296.328
21.397 1 0.0623472 1.18999 1.17798 8.04639 6.60753 6.0656 4.87026 0 0 0 1 1 27120 296.437
21.4049 1 0.0623951 1.19021 1.17807 8.07952 6.6219 6.09572 4.8822 0 0 0 1 1 27130 296.546
21.4128 1 0.0624422 1.19043 1.17817 8.1153 6.63646 6.12847 4.89435 0 0 0 1 1 27140 296.656
21.4207 1 0.0624886 1.19065 1.17826 8.15309 6.65125 6.1632 4.9067 0 0 0 1 1 27150 296.765
21.4286 1 0.0625342 1.19088 1.17836 8.1922 6.66627 6.19925 4.91929 0 0 0 1 1 27160 296.874
21.4365 1 0.062579 1.19112 1.17844 8.23193 6.68153 6.2359 4.93211 0 0 0 1 1 27170 296.983
21.4443 1 0.0626231 1.19136 1.17853 8.27155 6.69704 6.27242 4.94516 0 0 0 1 1 27180 297.092
21.4522 1 0.0626665 1.1916 1.17861 8.3103 6.71277 6.30804 4.95845 0 0 0 1 1 27190 297.202
21.4601 1 0.0627091 1.19185 1.1787 8.34742 6.72873 6.34203 4.97194 0 0 0 1 1 27200 297.311
21.468 1 0.0627511 1.1921 1.17878 8.38219 6.74488 6.37365 4.98562 0 0 0 1 1 27210 297.421
21.4759 1 0.0627923 1.19236 1.17885 8.41388 6.7612 6.40217 4.99947 0 0 0 1 1 27220 297.53
21.4838 1 0.0628328 1.19262 1.17893 8.44181 6.77765 6.42692 5.01344 0 0 0 1 1 27230 297.639
21.4917 1 0.0628726 1.19289 1.179 8.46539 6.7942 6.44731 5.02749 0 0 0 1 1 27240 297.749
21.4996 1 0.0629118 1.19316 1.17907 8.48407 6.81078 6.46279 5.04158 0 0 0 1 1 27250 297.858
21.5075 1 0.0629503 1.19344 1.17914 8.49741 6.82736 6.47292 5.05565 0 0 0 1 1 27260 297.967
21.5153 1 0.0629881 1.19372 1.17921 8.50507 6.84387 6.47737 5.06966 0 0 0 1 1 27270 298.076
21.5232 1 0.0630252 1.19401 1.17927 8.50685 6.86027 6.47594 5.08353 0 0 0 1 1 27280 298.185
21.5311 1 0.0630617 1.1943 1.17933 8.50266 6.87649 6.46854 5.09723 0 0 0 1 1 27290 298.295
21.539 1 0.0630975 1.19459 1.17939 8.49256 6.89247 6.45524 5.11068 0 0 0 1 1 27300 298.404
21.5469 1 0.0631326 1.19489 1.17944 8.47675 6.90817 6.43624 5.12384 0 0 0 1 1 27310 298.514
21.5548 1 0.0631671 1.1952 1.17949 8.45557 6.92352 6.41186 5.13666 0 0 0 1 1 27320 298.623
21.5627 1 0.0632008 1.1955 1.17954 8.42947 6.93849 6.3826 5.14908 0 0 0 1 1 27330 298.732
21.5706 1 0.0632339 1.19582 1.17959 8.39908 6.95303 6.34905 5.16106 0 0 0 1 1 27340 298.841
21.5785 1 0.0632663 1.19614 1.17963 8.36508 6.96711 6.31192 5.17258 0 0 0 1 1 27350 298.95
21.5864 1 0.0632979 1.19646 1.17967 8.32829 6.9807 6.272 5.1836 0 0 0 1 1 27360 299.059
21.5942 1 0.0633289 1.19679 1.1797 8.28958 6.99378 6.2302 5.1941 0 0 0 1 1 27370 299.168
21.6021 1 0.0633591 1.19712 1.17973 8.24989 7.00634 6.18743 5.20409 0 0 0 1 1 27380 299.278
21.61 1 0.0633885 1.19745 1.17976 8.21019 7.01838 6.14467 5.21355 0 0 0 1 1 27390 299.387
21.6179 1 0.0634172 1.19779 1.17979 8.17146 7.02993 6.10292 5.2225 0 0 0 1 1 27400 299.496
21.6258 1 0.0634451 1.19814 1.17981 8.13469 7.04098 6.06313 5.23097 0 0 0 1 1 27410 299.605
21.6337 1 0.0634722 1.19848 1.17983 8.10083 7.05158 6.02627 5.23897 0 0 0 1 1 27420 299.714
21.6416 1 0.0634985 1.19884 1.17985 8.07078 7.06176 5.99324 5.24655 0 0 0 1 1 27430 299.824
21.6495 1 0.063524 1.19919 1.17986 8.04538 7.07157 5.96488 5.25376 0 0 0 1 1 27440 299.933
21.6574 1 0.0635486 1.19955 1.17987 8.02542 7.08105 5.94197 5.26064 0 0 0 1 1 27450 300.042
21.6653 1 0.0635725 1.19992 1.17988 8.01157 7.09029 5.92518 5.26726 0 0 0 1 1 27460 300.151
21.6731 1 0.0635955 1.20029 1.17989 8.00442 7.09933 5.91509 5.27369 0 0 0 1 1 27470 300.26
21.681 1 0.0636177 1.20066 1.17989 8.00445 7.10825 5.9122 5.27999 0 0 0 1 1 27480 300.38
21.6889 1 0.063639 1.20103 1.17989 8.01205 7.11712 5.91686 5.28624 0 0 0 1 1 27490 300.489
21.6968 1 0.0636595 1.20141 1.17989 8.02746 7.12602 5.92934 5.29252 0 0 0 1 1 27500 300.599
21.7047 1 0.0636792 1.2018 1.17988 8.05084 7.13503 5.94977 5.29891 0 0 0 1 1 27510 300.709
21.7126 1 0.0636982 1.20218 1.17988 8.0822 7.14422 5.97817 5.30547 0 0 0 1 1 27520 300.818
21.7205 1 0.0637163 1.20257 1.17987 8.12144 7.15368 6.01445 5.3123 0 0 0 1 1 27530 300.927
21.7284 1 0.0637336 1.20297 1.17986 8.16837 7.16347 6.05837 5.31945 0 0 0 1 1 27540 301.036
21.7363 1 0.0637502 1.20336 1.17984 8.22264 7.17367 6.10963 5.32701 0 0 0 1 1 27550 301.145
21.7442 1 0.063766 1.20376 1.17983 8.28382 7.18434 6.16776 5.33504 0 0 0 1 1 27560 301.255
21.752 1 0.0637812 1.20417 1.17981 8.35136 7.19554 6.23223 5.3436 0 0 0 1 1 27570 301.364
21.7599 1 0.0637956 1.20458 1.17979 8.42462 7.20733 6.30239 5.35274 0 0 0 1 1 27580 301.473
21.7678 1 0.0638094 1.20499 1.17977 8.50286 7.21976 6.37748 5.3625 0 0 0 1 1 27590 301.582
21.7757 1 0.0638226 1.2054 1.17974 8.58525 7.23285 6.45669 5.37294 0 0 0 1 1 27600 301.692
21.7836 1 0.0638352 1.20582 1.17972 8.67088 7.24665 6.53909 5.38407 0 0 0 1 1 27610 301.801
21.7915 1 0.0638473 1.20624 1.17969 8.75878 7.26117 6.62373 5.39592 0 0 0 1 1 27620 301.91
21.7994 1 0.0638588 1.20666 1.17965 8.84791 7.27642 6.70955 5.40849 0 0 0 1 1 27630 302.019
21.8073 1 0.0638699 1.20709 1.17962 8.93719 7.29241 6.79549 5.42179 0 0 0 1 1 27640 302.128
21.8152 1 0.0638805 1.20752 1.17958 9.02552 7.3091 6.88042 5.4358 0 0 0 1 1 27650 302.237
21.823 1 0.0638908 1.20796 1.17954 9.11176 7.3265 6.96322 5.45049 0 0 0 1 1 27660 302.347
21.8309 1 0.0639006 1.20839 1.17949 9.19475 7.34456 7.04274 5.46584 0 0 0 1 1 27670 302.456
21.8388 1 0.0639101 1.20883 1.17945 9.27337 7.36323 7.11785 5.48181 0 0 0 1 1 27680 302.565
21.8467 1 0.0639194 1.20928 1.17939 9.34648 7.38247 7.18742 5.49832 0 0 0 1 1 27690 302.674
21.8546 1 0.0639283 1.20973 1.17934 9.41301 7.4022 7.25037 5.51532 0 0 0 1 1 27700 302.784
21.8625 1 0.063937 1.21018 1.17928 9.47191 7.42236 7.30566 5.53274 0 0 0 1 1 27710 302.893
21.8704 1 0.0639455 1.21063 1.17921 9.52222 7.44285 7.35233 5.55048 0 0 0 1 1 27720 303.002
21.8783 1 0.0639538 1.21108 1.17914 9.56302 7.46358 7.38947 5.56846 0 0 0 1 1 27730 303.111
21.8862 1 0.0639619 1.21154 1.17907 9.59352 7.48446 7.41631 5.58657 0 0 0 1 1 27740 303.22
21.8941 1 0.0639699 1.21201 1.17899 9.61303 7.50537 7.43213 5.60471 0 0 0 1 1 27750 303.329
21.9019 1 0.0639777 1.21247 1.1789 9.62098 7.52621 7.43639 5.62276 0 0 0 1 1 27760 303.439
21.9098 1 0.0639854 1.21294 1.17881 9.61693 7.54685 7.42866 5.64061 0 0 0 1 1 27770 303.548
21.9177 1 0.0639929 1.21341 1.17871 9.60062 7.56718 7.40867 5.65815 0 0 0 1 1 27780 303.657
21.9256 1 0.0640003 1.21388 1.1786 9.57192 7.58709 7.37631 5.67524 0 0 0 1 1 27790 303.766
21.9335 1 0.0640075 1.21436 1.17849 9.5309 7.60645 7.33165 5.69178 0 0 0 1 1 27800 303.876
21.9414 1 0.0640145 1.21484 1.17837 9.47779 7.62515 7.27492 5.70765 0 0 0 1 1 27810 303.985
21.9493 1 0.0640213 1.21532 1.17824 9.413 7.64307 7.20653 5.72275 0 0 0 1 1 27820 304.094
21.9572 1 0.0640279 1.2158 1.1781 9.33711 7.66012 7.12709 5.73696 0 0 0 1 1 27830 304.203
21.9651 1 0.0640343 1.21629 1.17796 9.25087 7.6762 7.03735 5.75018 0 0 0 1 1 27840 304.312
21.973 1 0.0640404 1.21678 1.17781 9.15519 7.69121 6.9382 5.76234 0 0 0 1 1 27850 304.422
21.9808 1 0.0640461 1.21727 1.17765 9.05109 7.70509 6.8307 5.77336 0 0 0 1 1 27860 304.531
21.9887 1 0.0640515 1.21776 1.17748 8.93974 7.71776 6.71599 5.78317 0 0 0 1 1 27870 304.64
21.9966 1 0.0640565 1.21825 1.17731 8.82237 7.72918 6.59532 5.79172 0 0 0 1 1 27880 304.75
22.0045 1 0.064061 1.21875 1.17713 8.70027 7.7393 6.46999 5.79896 0 0 0 1 1 27890 304.859
22.0124 1 0.064065 1.21924 1.17694 8.57479 7.7481 6.34134 5.80488 0 0 0 1 1 27900 304.969
22.0203 1 0.0640685 1.21974 1.17674 8.44727 7.75556 6.2107 5.80947 0 0 0 1 1 27910 305.078
22.0282 1 0.0640713 1.22024 1.17654 8.31901 7.76168 6.07941 5.81271 0 0 0 1 1 27920 305.187
22.0361 1 0.0640735 1.22074 1.17633 8.19131 7.76648 5.94873 5.81463 0 0 0 1 1 27930 305.296
22.044 1 0.064075 1.22124 1.17611 8.06537 7.76998 5.81988 5.81525 0 0 0 1 1 27940 305.406
22.0519 1 0.0640756 1.22175 1.17589 7.94232 7.77223 5.69397 5.81461 0 0 0 1 1 27950 305.515
22.0597 1 0.0640755 1.22225 1.17566 7.82319 7.77325 5.57205 5.81275 0 0 0 1 1 27960 305.624
22.0676 1 0.0640744 1.22275 1.17543 7.70889 7.77312 5.45502 5.80974 0 0 0 1 1 27970 305.733
22.0755 1 0.0640724 1.22325 1.17518 7.60024 7.77189 5.3437 5.80563 0 0 0 1 1 27980 305.842
22.0834 1 0.0640694 1.22376 1.17494 7.49792 7.76964 5.23876 5.8005 0 0 0 1 1 27990 305.951
22.0913 1 0.0640654 1.22426 1.17469 7.4025 7.76643 5.14077 5.79442 0 0 0 1 1 28000 306.06
22.0992 1 0.0640603 1.22476 1.17443 7.31445 7.76236 5.05019 5.78748 0 0 0 1 1 28010 306.169
22.1071 1 0.0640541 1.22527 1.17417 7.2341 7.7575 4.96736 5.77975 0 0 0 1 1 28020 306.278
22.115 1 0.0640467 1.22577 1.17391 7.16169 7.75194 4.89251 5.77133 0 0 0 1 1 28030 306.387
22.1229 1 0.0640381 1.22627 1.17364 7.09738 7.74576 4.8258 5.76229 0 0 0 1 1 28040 306.496
22.1307 1 0.0640282 1.22677 1.17338 7.04123 7.73906 4.76727 5.75274 0 0 0 1 1 28050 306.605
22.1386 1 0.0640171 1.22727 1.1731 6.99322 7.73191 4.71691 5.74274 0 0 0 1 1 28060 306.714
22.1465 1 0.0640047 1.22777 1.17283 6.95327 7.7244 4.67464 5.73239 0 0 0 1 1 28070 306.823
22.1544 1 0.0639909 1.22826 1.17256 6.92124 7.71662 4.6403 5.72176 0 0 0 1 1 28080 306.932
22.1623 1 0.0639758 1.22876 1.17228 6.89694 7.70864 4.6137 5.71095 0 0 0 1 1 28090 307.042
22.1702 1 0.0639593 1.22925 1.17201 6.88013 7.70054 4.59461 5.70002 0 0 0 1 1 28100 307.151
22.1781 1 0.0639414 1.22974 1.17173 6.87055 7.69239 4.58276 5.68905 0 0 0 1 1 28110 307.26
22.186 1 0.0639222 1.23023 1.17146 6.8679 7.68427 4.57784 5.67811 0 0 0 1 1 28120 307.369
22.1939 1 0.0639015 1.23072 1.17118 6.87188 7.67623 4.57954 5.66726 0 0 0 1 1 28130 307.478
22.2018 1 0.0638793 1.23121 1.17091 6.88212 7.66835 4.58752 5.65658 0 0 0 1 1 28140 307.587
22.2096 1 0.0638558 1.23169 1.17064 6.89828 7.66068 4.6014 5.6461 0 0 0 1 1 28150 307.696
22.2175 1 0.0638308 1.23217 1.17038 6.91998 7.65328 4.62081 5.6359 0 0 0 1 1 28160 307.805
22.2254 1 0.0638044 1.23265 1.17011 6.94679 7.64619 4.64533 5.62602 0 0 0 1 1 28170 307.914
22.2333 1 0.0637765 1.23312 1.16985 6.9783 7.63946 4.67453 5.61651 0 0 0 1 1 28180 308.023
22.2412 1 0.0637473 1.2336 1.1696 7.01405 7.63313 4.70795 5.6074 0 0 0 1 1 28190 308.132
22.2491 1 0.0637166 1.23407 1.16935 7.05353 7.62724 4.74509 5.59873 0 0 0 1 1 28200 308.242
22.257 1 0.0636845 1.23453 1.1691 7.09622 7.62181 4.78541 5.59053 0 0 0 1 1 28210 308.351
22.2649 1 0.063651 1.235 1.16887 7.14152 7.61687 4.82833 5.58282 0 0 0 1 1 28220 308.46
22.2728 1 0.0636161 1.23546 1.16863 7.1888 7.61244 4.8732 5.57562 0 0 0 1 1 28230 308.569
22.2807 1 0.0635799 1.23592 1.1684 7.23737 7.60853 4.91934 5.56895 0 0 0 1 1 28240 308.678
22.2885 1 0.0635424 1.23638 1.16818 7.28648 7.60513 4.96601 5.56279 0 0 0 1 1 28250 308.787
22.2964 1 0.0635035 1.23683 1.16797 7.33534 7.60226 5.01238 5.55716 0 0 0 1 1 28260 308.896
22.3043 1 0.0634633 1.23728 1.16776 7.38307 7.59988 5.05762 5.55204 0 0 0 1 1 28270 309.006
22.3122 1 0.0634218 1.23773 1.16756 7.4288 7.598 5.10083 5.5474 0 0 0 1 1 28280 309.115
22.3201 1 0.063379 1.23817 1.16736 7.47158 7.59656 5.14108 5.54322 0 0 0 1 1 28290 309.224
22.328 1 0.063335 1.23861 1.16717 7.5105 7.59555 5.17743 5.53945 0 0 0 1 1 28300 309.333
22.3359 1 0.0632898 1.23904 1.16699 7.54461 7.5949 5.20896 5.53606 0 0 0 1 1 28310 309.442
22.3438 1 0.0632434 1.23948 1.16681 7.57302 7.59456 5.23479 5.53298 0 0 0 1 1 28320 309.551
22.3517 1 0.0631958 1.23991 1.16664 7.59493 7.59447 5.25409 5.53015 0 0 0 1 1 28330 309.66
22.3596 1 0.063147 1.24033 1.16647 7.60958 7.59456 5.26614 5.5275 0 0 0 1 1 28340 309.769
22.3674 1 0.0630971 1.24076 1.16631 7.61638 7.59475 5.27033 5.52495 0 0 0 1 1 28350 309.879
22.3753 1 0.063046 1.24118 1.16616 7.61487 7.59497 5.26621 5.52242 0 0 0 1 1 28360 309.988
22.3832 1 0.0629937 1.24159 1.16601 7.60479 7.59511 5.25352 5.51983 0 0 0 1 1 28370 310.097
22.3911 1 0.0629404 1.242 1.16586 7.58604 7.59512 5.23217 5.5171 0 0 0 1 1 28380 310.206
22.399 1 0.0628859 1.24241 1.16572 7.55876 7.59488 5.2023 5.51413 0 0 0 1 1 28390 310.316
22.4069 1 0.0628303 1.24282 1.16559 7.5233 7.59434 5.16427 5.51086 0 0 0 1 1 28400 310.425
22.4148 1 0.0627736 1.24322 1.16545 7.4802 7.59341 5.11862 5.5072 0 0 0 1 1 28410 310.535
22.4227 1 0.0627157 1.24361 1.16533 7.43022 7.59203 5.06612 5.50309 0 0 0 1 1 28420 310.644
22.4306 1 0.0626567 1.24401 1.1652 7.37429 7.59014 5.0077 5.49847 0 0 0 1 1 28430 310.753
22.4384 1 0.0625965 1.2444 1.16508 7.3135 7.58768 4.94444 5.49329 0 0 0 1 1 28440 310.863
22.4463 1 0.0625352 1.24478 1.16497 7.24906 7.58463 4.87757 5.48751 0 0 0 1 1 28450 310.972
22.4542 1 0.0624727 1.24516 1.16486 7.18228 7.58096 4.80839 5.48112 0 0 0 1 1 28460 311.081
22.4621 1 0.062409 1.24554 1.16475 7.1145 7.57666 4.73824 5.47411 0 0 0 1 1 28470 311.19
22.47 1 0.0623441 1.24591 1.16465 7.0471 7.57174 4.66852 5.46647 0 0 0 1 1 28480 311.299
22.4779 1 0.062278 1.24628 1.16455 6.98146 7.5662 4.60058 5.45824 0 0 0 1 1 28490 311.408
22.4858 1 0.0622106 1.24664 1.16446 6.9189 7.5601 4.53576 5.44942 0 0 0 1 1 28500 311.517
22.4937 1 0.062142 1.247 1.16437 6.86069 7.55345 4.47531 5.44008 0 0 0 1 1 28510 311.627
22.5016 1 0.0620722 1.24735 1.16428 6.80799 7.54633 4.42041 5.43026 0 0 0 1 1 28520 311.736
22.5095 1 0.062001 1.2477 1.1642 6.76188 7.53879 4.37213 5.42004 0 0 0 1 1 28530 311.845
22.5173 1 0.0619286 1.24805 1.16413 6.72331 7.53092 4.3314 5.40948 0 0 0 1 1 28540 311.954
22.5252 1 0.0618549 1.24838 1.16406 6.69311 7.52278 4.29906 5.39866 0 0 0 1 1 28550 312.063
22.5331 1 0.06178 1.24872 1.16399 6.67195 7.51448 4.27578 5.38769 0 0 0 1 1 28560 312.173
22.541 1 0.0617037 1.24905 1.16393 6.6604 7.5061 4.26211 5.37664 0 0 0 1 1 28570 312.282
22.5489 1 0.0616262 1.24937 1.16388 6.65886 7.49774 4.25846 5.36562 0 0 0 1 1 28580 312.391
22.5568 1 0.0615474 1.24969 1.16383 6.66761 7.48951 4.26509 5.35473 0 0 0 1 1 28590 312.5
22.5647 1 0.0614673 1.25 1.16378 6.68677 7.4815 4.28214 5.34407 0 0 0 1 1 28600 312.609
22.5726 1 0.061386 1.25031 1.16374 6.71635 7.47382 4.30959 5.33374 0 0 0 1 1 28610 312.718
22.5805 1 0.0613034 1.25062 1.16371 6.75621 7.46656 4.3473 5.32384 0 0 0 1 1 28620 312.827
22.5884 1 0.0612197 1.25091 1.16368 6.80608 7.45982 4.395 5.31446 0 0 0 1 1 28630 312.936
22.5962 1 0.0611348 1.25121 1.16366 6.86557 7.45368 4.4523 5.3057 0 0 0 1 1 28640 313.046
22.6041 1 0.0610487 1.25149 1.16364 6.93416 7.44825 4.51867 5.29764 0 0 0 1 1 28650 313.155
22.612 1 0.0609615 1.25177 1.16364 7.01124 7.44359 4.59348 5.29036 0 0 0 1 1 28660 313.264
22.6199 1 0.0608733 1.25205 1.16363 7.09605 7.43978 4.67599 5.28393 0 0 0 1 1 28670 313.373
22.6278 1 0.060784 1.25232 1.16364 7.18776 7.43689 4.76536 5.27841 0 0 0 1 1 28680 313.482
22.6357 1 0.0606937 1.25259 1.16364 7.28542 7.43496 4.86063 5.27387 0 0 0 1 1 28690 313.591
22.6436 1 0.0606024 1.25285 1.16366 7.38802 7.43404 4.96079 5.27033 0 0 0 1 1 28700 313.7
22.6515 1 0.0605103 1.2531 1.16368 7.49445 7.43416 5.06474 5.26784 0 0 0 1 1 28710 313.81
22.6594 1 0.0604173 1.25335 1.16371 7.60354 7.43534 5.17129 5.26642 0 0 0 1 1 28720 313.919
22.6673 1 0.0603235 1.2536 1.16374 7.71408 7.4376 5.27924 5.26606 0 0 0 1 1 28730 314.028
22.6751 1 0.0602289 1.25384 1.16378 7.8248 7.44093 5.38731 5.26678 0 0 0 1 1 28740 314.137
22.683 1 0.0601336 1.25407 1.16383 7.93442 7.44531 5.49424 5.26855 0 0 0 1 1 28750 314.246
22.6909 1 0.0600377 1.2543 1.16388 8.04165 7.45072 5.59871 5.27135 0 0 0 1 1 28760 314.355
22.6988 1 0.0599412 1.25452 1.16394 8.14519 7.45711 5.69944 5.27513 0 0 0 1 1 28770 314.464
22.7067 1 0.0598441 1.25474 1.164 8.24377 7.46444 5.79517 5.27983 0 0 0 1 1 28780 314.573
22.7146 1 0.0597465 1.25496 1.16407 8.33615 7.47263 5.88466 5.28541 0 0 0 1 1 28790 314.683
22.7225 1 0.0596484 1.25517 1.16414 8.42116 7.48161 5.96673 5.29177 0 0 0 1 1 28800 314.792
22.7304 1 0.0595499 1.25537 1.16422 8.49767 7.4913 6.04026 5.29883 0 0 0 1 1 28810 314.901
22.7383 1 0.0594511 1.25557 1.1643 8.56465 7.5016 6.10423 5.3065 0 0 0 1 1 28820 315.01
22.7461 1 0.0593519 1.25576 1.16439 8.62116 7.51239 6.15769 5.31466 0 0 0 1 1 28830 315.119
22.754 1 0.0592524 1.25595 1.16448 8.66635 7.52358 6.19982 5.32321 0 0 0 1 1 28840 315.228
22.7619 1 0.0591526 1.25614 1.16457 8.69951 7.53504 6.2299 5.33203 0 0 0 1 1 28850 315.337
22.7698 1 0.0590526 1.25632 1.16467 8.72005 7.54665 6.24735 5.34099 0 0 0 1 1 28860 315.446
22.7777 1 0.0589523 1.25649 1.16477 8.72755 7.55827 6.25174 5.34996 0 0 0 1 1 28870 315.555
22.7856 1 0.0588518 1.25666 1.16487 8.7217 7.56978 6.2428 5.35882 0 0 0 1 1 28880 315.664
22.7935 1 0.0587511 1.25683 1.16498 8.70239 7.58104 6.2204 5.36742 0 0 0 1 1 28890 315.773
22.8014 1 0.0586502 1.25699 1.16509 8.66969 7.59193 6.18462 5.37565 0 0 0 1 1 28900 315.883
22.8093 1 0.0585491 1.25714 1.16519 8.62382 7.60232 6.1357 5.38337 0 0 0 1 1 28910 315.992
22.8172 1 0.0584478 1.25729 1.16531 8.56521 7.61208 6.07407 5.39047 0 0 0 1 1 28920 316.101
22.825 1 0.0583462 1.25744 1.16542 8.49446 7.62111 6.00033 5.39682 0 0 0 1 1 28930 316.21
22.8329 1 0.0582445 1.25758 1.16553 8.41237 7.62928 5.91528 5.40231 0 0 0 1 1 28940 316.319
22.8408 1 0.0581425 1.25772 1.16565 8.31988 7.63651 5.81988 5.40686 0 0 0 1 1 28950 316.428
22.8487 1 0.0580402 1.25785 1.16576 8.21808 7.6427 5.71523 5.41037 0 0 0 1 1 28960 316.537
22.8566 1 0.0579376 1.25798 1.16588 8.10821 7.64779 5.60256 5.41277 0 0 0 1 1 28970 316.646
22.8645 1 0.0578347 1.2581 1.166 7.99158 7.6517 5.48318 5.414 0 0 0 1 1 28980 316.755
22.8724 1 0.0577315 1.25822 1.16612 7.86957 7.65439 5.35849 5.41401 0 0 0 1 1 28990 316.864
22.8803 1 0.0576278 1.25833 1.16624 7.7436 7.65583 5.22989 5.41277 0 0 0 1 1 29000 316.973
22.8882 1 0.0575237 1.25844 1.16636 7.61507 7.656 5.09881 5.41025 0 0 0 1 1 29010 317.083
22.8961 1 0.0574191 1.25854 1.16649 7.48536 7.65489 4.96661 5.40646 0 0 0 1 1 29020 317.192
22.9039 1 0.057314 1.25864 1.16661 7.35575 7.65252 4.83458 5.40141 0 0 0 1 1 29030 317.301
22.9118 1 0.0572084 1.25873 1.16673 7.22746 7.64889 4.70392 5.39511 0 0 0 1 1 29040 317.41
22.9197 1 0.0571022 1.25882 1.16686 7.10156 7.64405 4.57573 5.38759 0 0 0 1 1 29050 317.519
22.9276 1 0.0569953 1.2589 1.16699 6.97901 7.63803 4.45094 5.37891 0 0 0 1 1 29060 317.628
22.9355 1 0.0568878 1.25898 1.16712 6.86062 7.63089 4.33037 5.3691 0 0 0 1 1 29070 317.737
22.9434 1 0.0567795 1.25905 1.16725 6.74705 7.62267 4.21469 5.35822 0 0 0 1 1 29080 317.846
22.9513 1 0.0566705 1.25912 1.16738 6.63885 7.61344 4.10443 5.34634 0 0 0 1 1 29090 317.955
22.9592 1 0.0565607 1.25918 1.16751 6.5364 7.60327 3.99998 5.33353 0 0 0 1 1 29100 318.064
22.9671 1 0.0564501 1.25923 1.16765 6.44001 7.59222 3.90163 5.31984 0 0 0 1 1 29110 318.174
22.975 1 0.0563386 1.25928 1.16778 6.34983 7.58037 3.80955 5.30535 0 0 0 1 1 29120 318.283
22.9828 1 0.0562263 1.25932 1.16792 6.26598 7.56777 3.72382 5.29013 0 0 0 1 1 29130 318.392
22.9907 1 0.056113 1.25936 1.16806 6.18845 7.55451 3.64447 5.27425 0 0 0 1 1 29140 318.501
22.9986 1 0.0559988 1.25939 1.1682 6.11723 7.54065 3.57146 5.25777 0 0 0 1 1 29150 318.61
23.0065 1 0.0558836 1.25941 1.16835 6.05223 7.52625 3.50471 5.24078 0 0 0 1 1 29160 318.72
23.0144 1 0.0557673 1.25943 1.1685 5.99335 7.51139 3.44412 5.22332 0 0 0 1 1 29170 318.83
23.0223 1 0.0556501 1.25945 1.16864 5.9405 7.49613 3.38958 5.20548 0 0 0 1 1 29180 318.94
23.0302 1 0.0555319 1.25945 1.1688 5.89357 7.48053 3.34098 5.1873 0 0 0 1 1 29190 319.05
23.0381 1 0.0554125 1.25946 1.16895 5.85246 7.46466 3.29822 5.16886 0 0 0 1 1 29200 319.159
23.046 1 0.0552921 1.25945 1.16911 5.81709 7.44856 3.26123 5.15021 0 0 0 1 1 29210 319.268
23.0538 1 0.0551706 1.25944 1.16927 5.78741 7.43231 3.22994 5.13141 0 0 0 1 1 29220 319.377
23.0617 1 0.055048 1.25942 1.16944 5.76337 7.41595 3.2043 5.11251 0 0 0 1 1 29230 319.486
23.0696 1 0.0549242 1.2594 1.16961 5.74496 7.39955 3.18431 5.09359 0 0 0 1 1 29240 319.596
23.0775 1 0.0547993 1.25937 1.16979 5.73218 7.38316 3.16995 5.07468 0 0 0 1 1 29250 319.706
23.0854 1 0.0546733 1.25934 1.16997 5.72504 7.36684 3.16124 5.05584 0 0 0 1 1 29260 319.815
23.0933 1 0.0545461 1.2593 1.17016 5.72355 7.35064 3.15819 5.03714 0 0 0 1 1 29270 319.924
23.1012 1 0.0544177 1.25925 1.17035 5.72772 7.33461 3.16079 5.01862 0 0 0 1 1 29280 320.034
23.1091 1 0.0542882 1.2592 1.17055 5.73753 7.31882 3.16904 5.00034 0 0 0 1 1 29290 320.143
23.117 1 0.0541576 1.25914 1.17076 5.75294 7.3033 3.18287 4.98235 0 0 0 1 1 29300 320.252
23.1249 1 0.0540258 1.25907 1.17097 5.77386 7.28813 3.20221 4.96471 0 0 0 1 1 29310 320.361
23.1327 1 0.0538928 1.259 1.1712 5.80013 7.27333 3.22689 4.94746 0 0 0 1 1 29320 320.471
23.1406 1 0.0537587 1.25893 1.17143 5.83154 7.25897 3.25669 4.93065 0 0 0 1 1 29330 320.58
23.1485 1 0.0536235 1.25885 1.17167 5.86778 7.24509 3.2913 4.91433 0 0 0 1 1 29340 320.689
23.1564 1 0.0534872 1.25876 1.17192 5.90844 7.23173 3.33032 4.89853 0 0 0 1 1 29350 320.798
23.1643 1 0.0533498 1.25867 1.17217 5.95304 7.21892 3.37326 4.8833 0 0 0 1 1 29360 320.907
23.1722 1 0.0532114 1.25857 1.17244 6.00097 7.20669 3.4195 4.86866 0 0 0 1 1 29370 321.016
23.1801 1 0.0530719 1.25846 1.17271 6.05153 7.19507 3.46835 4.85463 0 0 0 1 1 29380 321.125
23.188 1 0.0529313 1.25836 1.173 6.10393 7.18408 3.51902 4.84124 0 0 0 1 1 29390 321.235
23.1959 1 0.0527898 1.25824 1.17329 6.15729 7.17372 3.57062 4.82848 0 0 0 1 1 29400 321.344
23.2038 1 0.0526474 1.25812 1.17359 6.21068 7.16399 3.62223 4.81636 0 0 0 1 1 29410 321.453
23.2116 1 0.052504 1.258 1.1739 6.26312 7.15487 3.67287 4.80486 0 0 0 1 1 29420 321.562
23.2195 1 0.0523597 1.25787 1.17422 6.31363 7.14636 3.72154 4.79396 0 0 0 1 1 29430 321.671
23.2274 1 0.0522145 1.25773 1.17454 6.36123 7.13841 3.76728 4.78364 0 0 0 1 1 29440 321.78
23.2353 1 0.0520685 1.25759 1.17488 6.40501 7.13098 3.80918 4.77385 0 0 0 1 1 29450 321.889
23.2432 1 0.0519217 1.25745 1.17522 6.44412 7.12404 3.84639 4.76454 0 0 0 1 1 29460 321.999
23.2511 1 0.0517741 1.2573 1.17557 6.47786 7.11753 3.87821 4.75567 0 0 0 1 1 29470 322.108
23.259 1 0.0516258 1.25715 1.17592 6.50564 7.11137 3.90406 4.74716 0 0 0 1 1 29480 322.217
23.2669 1 0.0514767 1.25699 1.17629 6.52705 7.10552 3.92354 4.73896 0 0 0 1 1 29490 322.326
23.2748 1 0.051327 1.25683 1.17666 6.54186 7.0999 3.9364 4.73099 0 0 0 1 1 29500 322.435
23.2827 1 0.0511765 1.25666 1.17703 6.55003 7.09445 3.94262 4.7232 0 0 0 1 1 29510 322.544
23.2905 1 0.0510254 1.25649 1.17742 6.55171 7.0891 3.94234 4.7155 0 0 0 1 1 29520 322.653
23.2984 1 0.0508737 1.25631 1.1778 6.54722 7.08378 3.93589 4.70785 0 0 0 1 1 29530 322.763
23.3063 1 0.0507214 1.25613 1.1782 6.53705 7.07844 3.92378 4.70017 0 0 0 1 1 29540 322.872
23.3142 1 0.0505684 1.25595 1.1786 6.52185 7.07302 3.90664 4.69243 0 0 0 1 1 29550 322.981
23.3221 1 0.0504148 1.25576 1.179 6.50238 7.06748 3.88524 4.68457 0 0 0 1 1 29560 323.09
23.33 1 0.0502607 1.25556 1.17941 6.4795 7.06179 3.86044 4.67655 0 0 0 1 1 29570 323.199
23.3379 1 0.050106 1.25537 1.17983 6.45415 7.05591 3.83318 4.66836 0 0 0 1 1 29580 323.308
23.3458 1 0.0499506 1.25517 1.18024 6.42729 7.04983 3.80443 4.65997 0 0 0 1 1 29590 323.417
23.3537 1 0.0497948 1.25496 1.18067 6.39991 7.04354 3.77517 4.65137 0 0 0 1 1 29600 323.527
23.3615 1 0.0496383 1.25475 1.18109 6.37299 7.03705 3.74639 4.64258 0 0 0 1 1 29610 323.636
23.3694 1 0.0494813 1.25454 1.18152 6.34748 7.03036 3.71903 4.63359 0 0 0 1 1 29620 323.745
23.3773 1 0.0493238 1.25433 1.18196 6.32429 7.0235 3.694 4.62443 0 0 0 1 1 29630 323.854
23.3852 1 0.0491657 1.25411 1.1824 6.30428 7.01649 3.67217 4.61514 0 0 0 1 1 29640 323.963
23.3931 1 0.049007 1.25388 1.18284 6.28824 7.00938 3.65431 4.60574 0 0 0 1 1 29650 324.072
23.401 1 0.0488479 1.25365 1.18328 6.27688 7.0022 3.64114 4.59628 0 0 0 1 1 29660 324.181
23.4089 1 0.0486882 1.25342 1.18373 6.27085 6.99501 3.63331 4.58682 0 0 0 1 1 29670 324.291
23.4168 1 0.0485279 1.25319 1.18418 6.27071 6.98787 3.63137 4.5774 0 0 0 1 1 29680 324.4
23.4247 1 0.0483672 1.25295 1.18464 6.27693 6.98082 3.63579 4.56809 0 0 0 1 1 29690 324.509
23.4326 1 0.048206 1.25271 1.18509 6.28991 6.97395 3.64696 4.55895 0 0 0 1 1 29700 324.618
23.4404 1 0.0480443 1.25247 1.18555 6.30995 6.96731 3.66519 4.55005 0 0 0 1 1 29710 324.727
23.4483 1 0.0478821 1.25222 1.18602 6.33726 6.96097 3.69068 4.54146 0 0 0 1 1 29720 324.836
23.4562 1 0.0477195 1.25197 1.18648 6.37196 6.955 3.72354 4.53324 0 0 0 1 1 29730 324.945
23.4641 1 0.0475565 1.25171 1.18695 6.41407 6.94947 3.76379 4.52547 0 0 0 1 1 29740 325.054
23.472 1 0.0473931 1.25146 1.18742 6.46351 6.94446 3.81136 4.51821 0 0 0 1 1 29750 325.163
23.4799 1 0.0472293 1.2512 1.18789 6.52011 6.94002 3.86605 4.51153 0 0 0 1 1 29760 325.273
23.4878 1 0.0470652 1.25094 1.18836 6.58355 6.93621 3.92756 4.5055 0 0 0 1 1 29770 325.382
23.4957 1 0.0469008 1.25067 1.18884 6.65345 6.93311 3.99549 4.50016 0 0 0 1 1 29780 325.491
23.5036 1 0.0467361 1.25041 1.18932 6.72926 6.93076 4.06931 4.49558 0 0 0 1 1 29790 325.6
23.5115 1 0.0465712 1.25014 1.1898 6.81036 6.92921 4.14837 4.4918 0 0 0 1 1 29800 325.709
23.5193 1 0.0464061 1.24987 1.19028 6.89599 6.9285 4.23191 4.48887 0 0 0 1 1 29810 325.818
23.5272 1 0.0462409 1.2496 1.19076 6.98527 6.92866 4.31907 4.4868 0 0 0 1 1 29820 325.927
23.5351 1 0.0460755 1.24932 1.19125 7.07722 6.92972 4.40886 4.48564 0 0 0 1 1 29830 326.036
23.543 1 0.0459101 1.24905 1.19173 7.17076 6.93168 4.50018 4.48537 0 0 0 1 1 29840 326.145
23.5509 1 0.0457447 1.24877 1.19222 7.2647 6.93455 4.59187 4.48602 0 0 0 1 1 29850 326.255
23.5588 1 0.0455794 1.24849 1.19271 7.35779 6.93831 4.68266 4.48756 0 0 0 1 1 29860 326.364
23.5667 1 0.0454141 1.24821 1.1932 7.44871 6.94294 4.77123 4.48996 0 0 0 1 1 29870 326.473
23.5746 1 0.045249 1.24793 1.19369 7.53608 6.94841 4.85621 4.4932 0 0 0 1 1 29880 326.583
23.5825 1 0.045084 1.24765 1.19417 7.61852 6.95465 4.93623 4.49722 0 0 0 1 1 29890 326.692
23.5904 1 0.0449193 1.24737 1.19466 7.69464 6.96162 5.00988 4.50196 0 0 0 1 1 29900 326.801
23.5982 1 0.0447548 1.24708 1.19515 7.76308 6.96923 5.07581 4.50733 0 0 0 1 1 29910 326.91
23.6061 1 0.0445907 1.2468 1.19564 7.82252 6.97738 5.13272 4.51325 0 0 0 1 1 29920 327.019
23.614 1 0.0444269 1.24652 1.19613 7.87174 6.98599 5.17939 4.51962 0 0 0 1 1 29930 327.128
23.6219 1 0.0442635 1.24624 1.19661 7.90965 6.99494 5.21472 4.52633 0 0 0 1 1 29940 327.238
23.6298 1 0.0441005 1.24595 1.19709 7.93526 7.00411 5.23774 4.53325 0 0 0 1 1 29950 327.347
23.6377 1 0.0439379 1.24567 1.19757 7.9478 7.01337 5.24768 4.54026 0 0 0 1 1 29960 327.456
23.6456 1 0.0437758 1.24539 1.19805 7.94669 7.02259 5.24396 4.54723 0 0 0 1 1 29970 327.565
23.6535 1 0.0436142 1.24511 1.19852 7.93155 7.03163 5.22623 4.55402 0 0 0 1 1 29980 327.674
23.6614 1 0.0434531 1.24482 1.19899 7.90227 7.04036 5.19436 4.56048 0 0 0 1 1 29990 327.783
23.6693 1 0.0432925 1.24454 1.19946 7.85898 7.04864 5.14851 4.5665 0 0 0 1 1 30000 327.892
23.6771 1 0.0431323 1.24426 1.19992 7.80207 7.05633 5.08906 4.57192 0 0 0 1 1 30010 328.001
23.685 1 0.0429727 1.24398 1.20038 7.73217 7.06331 5.01666 4.57664 0 0 0 1 1 30020 328.111
23.6929 1 0.0428136 1.24371 1.20084 7.65015 7.06947 4.93218 4.58053 0 0 0 1 1 30030 328.22
23.7008 1 0.0426549 1.24343 1.20129 7.55708 7.0747 4.83669 4.58349 0 0 0 1 1 30040 328.329
23.7087 1 0.0424967 1.24315 1.20173 7.45418 7.07891 4.73142 4.58542 0 0 0 1 1 30050 328.438
23.7166 1 0.0423389 1.24288 1.20218 7.34282 7.08201 4.61775 4.58625 0 0 0 1 1 30060 328.547
23.7245 1 0.0421815 1.2426 1.20261 7.22443 7.08394 4.4971 4.58591 0 0 0 1 1 30070 328.656
23.7324 1 0.0420245 1.24233 1.20304 7.10048 7.08466 4.37095 4.58435 0 0 0 1 1 30080 328.766
23.7403 1 0.0418678 1.24205 1.20347 6.97241 7.08412 4.24075 4.58154 0 0 0 1 1 30090 328.876
23.7481 1 0.0417115 1.24178 1.20389 6.8416 7.08231 4.10788 4.57746 0 0 0 1 1 30100 328.986
23.756 1 0.0415554 1.24151 1.2043 6.70936 7.07922 3.97364 4.5721 0 0 0 1 1 30110 329.095
23.7639 1 0.0413996 1.24124 1.20471 6.57687 7.07485 3.83921 4.56547 0 0 0 1 1 30120 329.205
23.7718 1 0.0412439 1.24098 1.20511 6.44516 7.06923 3.70563 4.55758 0 0 0 1 1 30130 329.314
23.7797 1 0.0410884 1.24071 1.20551 6.31513 7.06236 3.5738 4.54846 0 0 0 1 1 30140 329.423
23.7876 1 0.0409331 1.24044 1.2059 6.18754 7.0543 3.44448 4.53815 0 0 0 1 1 30150 329.533
23.7955 1 0.0407778 1.24018 1.20629 6.06304 7.04507 3.3183 4.52668 0 0 0 1 1 30160 329.642
23.8034 1 0.0406226 1.23992 1.20667 5.94212 7.03473 3.19577 4.51409 0 0 0 1 1 30170 329.751
23.8113 1 0.0404673 1.23965 1.20704 5.8252 7.02332 3.07731 4.50045 0 0 0 1 1 30180 329.86
23.8192 1 0.0403121 1.23939 1.20741 5.71264 7.01089 2.96325 4.48579 0 0 0 1 1 30190 329.97
23.827 1 0.0401567 1.23914 1.20777 5.60472 6.9975 2.8539 4.47018 0 0 0 1 1 30200 330.079
23.8349 1 0.0400013 1.23888 1.20813 5.50171 6.9832 2.74949 4.45367 0 0 0 1 1 30210 330.188
23.8428 1 0.0398457 1.23862 1.20848 5.40383 6.96806 2.65028 4.43632 0 0 0 1 1 30220 330.297
23.8507 1 0.0396899 1.23837 1.20882 5.31136 6.95213 2.55652 4.4182 0 0 0 1 1 30230 330.406
23.8586 1 0.039534 1.23811 1.20916 5.22453 6.93547 2.46845 4.39936 0 0 0 1 1 30240 330.515
23.8665 1 0.0393778 1.23786 1.20949 5.14365 6.91815 2.38637 4.37987 0 0 0 1 1 30250 330.624
23.8744 1 0.0392213 1.23761 1.20982 5.06901 6.90025 2.31057 4.35979 0 0 0 1 1 30260 330.734
23.8823 1 0.0390645 1.23736 1.21014 5.00095 6.88181 2.24138 4.3392 0 0 0 1 1 30270 330.843
23.8902 1 0.0389074 1.23711 1.21046 4.93982 6.86293 2.17916 4.31817 0 0 0 1 1 30280 330.952
23.8981 1 0.03875 1.23686 1.21077 4.88597 6.84367 2.12424 4.29678 0 0 0 1 1 30290 331.061
23.9059 1 0.0385922 1.23662 1.21109 4.83975 6.82411 2.07698 4.27509 0 0 0 1 1 30300 331.17
23.9138 1 0.038434 1.23638 1.21139 4.80148 6.80432 2.03769 4.2532 0 0 0 1 1 30310 331.28
23.9217 1 0.0382754 1.23614 1.2117 4.77144 6.7844 2.00665 4.23117 0 0 0 1 1 30320 331.389
23.9296 1 0.0381163 1.2359 1.212 4.74985 6.76443 1.98407 4.20911 0 0 0 1 1 30330 331.498
23.9375 1 0.0379569 1.23566 1.21229 4.73682 6.74449 1.97006 4.18709 0 0 0 1 1 30340 331.607
23.9454 1 0.037797 1.23543 1.21259 4.73239 6.72466 1.96466 4.16519 0 0 0 1 1 30350 331.717
23.9533 1 0.0376367 1.23519 1.21288 4.73644 6.70503 1.96774 4.1435 0 0 0 1 1 30360 331.827
23.9612 1 0.037476 1.23496 1.21318 4.74874 6.68568 1.97905 4.1221 0 0 0 1 1 30370 331.936
23.9691 1 0.0373148 1.23474 1.21347 4.76887 6.66668 1.9982 4.10107 0 0 0 1 1 30380 332.045
23.977 1 0.0371532 1.23451 1.21376 4.79628 6.64811 2.02461 4.08047 0 0 0 1 1 30390 332.154
23.9848 1 0.0369912 1.23429 1.21405 4.83025 6.63003 2.05757 4.06037 0 0 0 1 1 30400 332.264
23.9927 1 0.0368289 1.23407 1.21434 4.86993 6.6125 2.09622 4.04083 0 0 0 1 1 30410 332.373
24.0006 1 0.0366661 1.23385 1.21462 4.91431 6.59555 2.13955 4.02188 0 0 0 1 1 30420 332.482
24.0085 1 0.036503 1.23364 1.21491 4.96229 6.57923 2.18645 4.00357 0 0 0 1 1 30430 332.591
24.0164 1 0.0363396 1.23342 1.2152 5.01268 6.56356 2.23574 3.98592 0 0 0 1 1 30440 332.7
24.0243 1 0.0361759 1.23322 1.21548 5.06425 6.54854 2.28619 3.96894 0 0 0 1 1 30450 332.81
24.0322 1 0.036012 1.23301 1.21577 5.11577 6.53419 2.33657 3.95262 0 0 0 1 1 30460 332.919
24.0401 1 0.0358478 1.23281 1.21605 5.16604 6.52048 2.38567 3.93695 0 0 0 1 1 30470 333.028
24.048 1 0.0356834 1.23261 1.21633 5.21395 6.50738 2.43238 3.92191 0 0 0 1 1 30480 333.137
24.0558 1 0.0355188 1.23242 1.21661 5.25848 6.49487 2.47569 3.90746 0 0 0 1 1 30490 333.246
24.0637 1 0.0353541 1.23223 1.21689 5.29876 6.48291 2.51474 3.89356 0 0 0 1 1 30500 333.356
24.0716 1 0.0351893 1.23204 1.21717 5.3341 6.47142 2.54882 3.88015 0 0 0 1 1 30510 333.465
24.0795 1 0.0350244 1.23186 1.21745 5.36396 6.46038 2.57741 3.86718 0 0 0 1 1 30520 333.574
24.0874 1 0.0348594 1.23168 1.21772 5.388 6.4497 2.60016 3.85459 0 0 0 1 1 30530 333.683
24.0953 1 0.0346943 1.2315 1.21799 5.40601 6.43933 2.61688 3.84232 0 0 0 1 1 30540 333.792
24.1032 1 0.0345293 1.23133 1.21826 5.41798 6.42922 2.62755 3.8303 0 0 0 1 1 30550 333.901
24.1111 1 0.0343642 1.23116 1.21853 5.42401 6.41928 2.63228 3.81847 0 0 0 1 1 30560 334.011
24.119 1 0.0341992 1.23099 1.2188 5.42431 6.40947 2.63127 3.80677 0 0 0 1 1 30570 334.12
24.1269 1 0.0340342 1.23083 1.21906 5.41918 6.39974 2.62484 3.79515 0 0 0 1 1 30580 334.229
24.1347 1 0.0338693 1.23068 1.21932 5.40899 6.39002 2.61335 3.78355 0 0 0 1 1 30590 334.338
24.1426 1 0.0337044 1.23052 1.21958 5.39415 6.38026 2.59722 3.77193 0 0 0 1 1 30600 334.447
24.1505 1 0.0335395 1.23038 1.21983 5.37509 6.37044 2.57688 3.76024 0 0 0 1 1 30610 334.556
24.1584 1 0.0333748 1.23023 1.22008 5.3523 6.3605 2.55281 3.74844 0 0 0 1 1 30620 334.666
24.1663 1 0.0332101 1.23009 1.22032 5.32624 6.35042 2.5255 3.73651 0 0 0 1 1 30630 334.775
24.1742 1 0.0330456 1.22996 1.22057 5.29745 6.34017 2.49546 3.7244 0 0 0 1 1 30640 334.884
24.1821 1 0.0328811 1.22983 1.2208 5.26644 6.32972 2.46322 3.71211 0 0 0 1 1 30650 334.993
24.19 1 0.0327167 1.2297 1.22104 5.23379 6.31906 2.42936 3.69961 0 0 0 1 1 30660 335.102
24.1979 1 0.0325524 1.22958 1.22127 5.20009 6.30818 2.39446 3.6869 0 0 0 1 1 30670 335.211
24.2058 1 0.0323882 1.22946 1.22149 5.16597 6.29706 2.35917 3.67396 0 0 0 1 1 30680 335.321
24.2136 1 0.0322241 1.22935 1.22171 5.13211 6.28573 2.32415 3.66081 0 0 0 1 1 30690 335.43
24.2215 1 0.03206 1.22924 1.22192 5.0992 6.27417 2.2901 3.64744 0 0 0 1 1 30700 335.539
24.2294 1 0.0318961 1.22913 1.22213 5.06797 6.26241 2.25774 3.63388 0 0 0 1 1 30710 335.648
24.2373 1 0.0317323 1.22903 1.22233 5.03915 6.25048 2.22781 3.62015 0 0 0 1 1 30720 335.757
24.2452 1 0.0315686 1.22894 1.22252 5.01347 6.23839 2.20104 3.60627 0 0 0 1 1 30730 335.866
24.2531 1 0.0314049 1.22885 1.22272 4.99165 6.22619 2.17812 3.59228 0 0 0 1 1 30740 335.976
24.261 1 0.0312414 1.22876 1.2229 4.97434 6.21392 2.15974 3.57824 0 0 0 1 1 30750 336.085
24.2689 1 0.0310779 1.22868 1.22308 4.96216 6.20163 2.14649 3.56417 0 0 0 1 1 30760 336.194
24.2768 1 0.0309146 1.2286 1.22325 4.95562 6.18936 2.13889 3.55015 0 0 0 1 1 30770 336.303
24.2847 1 0.0307514 1.22853 1.22342 4.95513 6.17719 2.13735 3.53622 0 0 0 1 1 30780 336.412
24.2925 1 0.0305883 1.22847 1.22358 4.96099 6.16517 2.14215 3.52244 0 0 0 1 1 30790 336.521
24.3004 1 0.0304254 1.2284 1.22374 4.97332 6.15335 2.15341 3.50889 0 0 0 1 1 30800 336.631
24.3083 1 0.0302626 1.22835 1.22389 4.99211 6.14181 2.17113 3.49561 0 0 0 1 1 30810 336.74
24.3162 1 0.0301 1.2283 1.22403 5.01715 6.13061 2.19509 3.48268 0 0 0 1 1 30820 336.849
24.3241 1 0.0299376 1.22825 1.22417 5.04808 6.11979 2.22492 3.47014 0 0 0 1 1 30830 336.958
24.332 1 0.0297754 1.22821 1.22431 5.08435 6.10942 2.26008 3.45805 0 0 0 1 1 30840 337.067
24.3399 1 0.0296134 1.22818 1.22443 5.12523 6.09953 2.29982 3.44645 0 0 0 1 1 30850 337.176
24.3478 1 0.0294518 1.22815 1.22456 5.16982 6.09016 2.34326 3.43537 0 0 0 1 1 30860 337.286
24.3557 1 0.0292904 1.22813 1.22467 5.21708 6.08134 2.38935 3.42485 0 0 0 1 1 30870 337.395
24.3635 1 0.0291294 1.22811 1.22478 5.26585 6.07308 2.43692 3.4149 0 0 0 1 1 30880 337.504
24.3714 1 0.0289688 1.2281 1.22489 5.31486 6.06539 2.48471 3.40552 0 0 0 1 1 30890 337.613
24.3793 1 0.0288085 1.22809 1.22498 5.36277 6.05825 2.53138 3.39669 0 0 0 1 1 30900 337.722
24.3872 1 0.0286487 1.22809 1.22507 5.40823 6.05164 2.57557 3.3884 0 0 0 1 1 30910 337.832
24.3951 1 0.0284894 1.22809 1.22516 5.44989 6.04553 2.61594 3.38061 0 0 0 1 1 30920 337.941
24.403 1 0.0283305 1.2281 1.22524 5.48648 6.03986 2.65123 3.37327 0 0 0 1 1 30930 338.05
24.4109 1 0.0281723 1.22812 1.22531 5.51682 6.03457 2.68024 3.36631 0 0 0 1 1 30940 338.159
24.4188 1 0.0280145 1.22814 1.22537 5.5399 6.0296 2.70199 3.35967 0 0 0 1 1 30950 338.268
24.4267 1 0.0278574 1.22817 1.22543 5.55489 6.02486 2.71564 3.35326 0 0 0 1 1 30960 338.378
24.4346 1 0.0277008 1.22821 1.22548 5.5612 6.02026 2.7206 3.34701 0 0 0 1 1 30970 338.487
24.4424 1 0.0275449 1.22825 1.22552 5.5585 6.01573 2.71655 3.34082 0 0 0 1 1 30980 338.596
24.4503 1 0.0273896 1.22829 1.22556 5.54671 6.01116 2.70342 3.3346 0 0 0 1 1 30990 338.705
24.4582 1 0.027235 1.22835 1.22559 5.52603 6.00648 2.6814 3.32826 0 0 0 1 1 31000 338.815
24.4661 1 0.027081 1.22841 1.22561 5.49692 6.00159 2.65097 3.32173 0 0 0 1 1 31010 338.924
24.474 1 0.0269276 1.22847 1.22562 5.46005 5.99642 2.6128 3.31491 0 0 0 1 1 31020 339.033
24.4819 1 0.026775 1.22854 1.22563 5.41631 5.9909 2.56777 3.30775 0 0 0 1 1 31030 339.142
24.4898 1 0.026623 1.22862 1.22562 5.3667 5.98497 2.51691 3.30018 0 0 0 1 1 31040 339.251
24.4977 1 0.0264716 1.2287 1.22561 5.31234 5.97858 2.46131 3.29216 0 0 0 1 1 31050 339.361
24.5056 1 0.0263209 1.22879 1.2256 5.25437 5.9717 2.40213 3.28365 0 0 0 1 1 31060 339.47
24.5135 1 0.0261708 1.22888 1.22557 5.1939 5.9643 2.3405 3.27462 0 0 0 1 1 31070 339.579
24.5213 1 0.0260213 1.22898 1.22554 5.13202 5.95636 2.27747 3.26507 0 0 0 1 1 31080 339.688
24.5292 1 0.0258724 1.22908 1.2255 5.06967 5.9479 2.214 3.25498 0 0 0 1 1 31090 339.798
24.5371 1 0.0257241 1.22919 1.22545 5.00768 5.9389 2.15094 3.24438 0 0 0 1 1 31100 339.907
24.545 1 0.0255763 1.22931 1.22539 4.94675 5.92939 2.08895 3.23326 0 0 0 1 1 31110 340.016
24.5529 1 0.0254291 1.22943 1.22533 4.88738 5.91937 2.02856 3.22164 0 0 0 1 1 31120 340.125
24.5608 1 0.0252825 1.22955 1.22526 4.82994 5.90888 1.97014 3.20956 0 0 0 1 1 31130 340.234
24.5687 1 0.0251364 1.22968 1.22518 4.77465 5.89794 1.91389 3.19703 0 0 0 1 1 31140 340.344
24.5766 1 0.0249907 1.22982 1.22509 4.72161 5.88657 1.85991 3.18408 0 0 0 1 1 31150 340.453
24.5845 1 0.0248456 1.22996 1.22499 4.67079 5.87481 1.80819 3.17074 0 0 0 1 1 31160 340.562
24.5924 1 0.0247009 1.2301 1.22489 4.6221 5.86267 1.75861 3.15704 0 0 0 1 1 31170 340.671
24.6002 1 0.0245567 1.23025 1.22478 4.57538 5.85018 1.71104 3.14299 0 0 0 1 1 31180 340.781
24.6081 1 0.0244129 1.23041 1.22466 4.53045 5.83737 1.66527 3.12862 0 0 0 1 1 31190 340.89
24.616 1 0.0242696 1.23057 1.22454 4.48711 5.82424 1.62112 3.11395 0 0 0 1 1 31200 340.999
24.6239 1 0.0241266 1.23073 1.22441 4.44518 5.81083 1.57839 3.09899 0 0 0 1 1 31210 341.109
24.6318 1 0.0239841 1.2309 1.22427 4.4045 5.79714 1.53694 3.08377 0 0 0 1 1 31220 341.218
24.6397 1 0.0238419 1.23107 1.22413 4.36496 5.78319 1.49665 3.0683 0 0 0 1 1 31230 341.328
24.6476 1 0.0237001 1.23125 1.22398 4.32649 5.769 1.45745 3.05259 0 0 0 1 1 31240 341.437
24.6555 1 0.0235586 1.23143 1.22382 4.28909 5.75457 1.41934 3.03665 0 0 0 1 1 31250 341.546
24.6634 1 0.0234174 1.23161 1.22366 4.25278 5.73992 1.38234 3.0205 0 0 0 1 1 31260 341.655
24.6712 1 0.0232766 1.2318 1.22349 4.21765 5.72507 1.34653 3.00415 0 0 0 1 1 31270 341.765
24.6791 1 0.023136 1.23199 1.22332 4.18381 5.71002 1.31203 2.98762 0 0 0 1 1 31280 341.874
24.687 1 0.0229957 1.23219 1.22315 4.15139 5.69479 1.27897 2.97092 0 0 0 1 1 31290 341.983
24.6949 1 0.0228557 1.23239 1.22297 4.12052 5.6794 1.24748 2.95406 0 0 0 1 1 31300 342.092
24.7028 1 0.022716 1.23259 1.22279 4.09133 5.66387 1.21768 2.93707 0 0 0 1 1 31310 342.202
24.7107 1 0.0225765 1.2328 1.2226 4.06391 5.64821 1.18966 2.91996 0 0 0 1 1 31320 342.311
24.7186 1 0.0224372 1.23301 1.22242 4.0383 5.63245 1.16347 2.90275 0 0 0 1 1 31330 342.42
24.7265 1 0.0222982 1.23322 1.22222 4.0145 5.6166 1.1391 2.88547 0 0 0 1 1 31340 342.53
24.7344 1 0.0221593 1.23344 1.22203 3.99243 5.60068 1.11647 2.86813 0 0 0 1 1 31350 342.639
24.7423 1 0.0220207 1.23366 1.22183 3.97194 5.58471 1.09543 2.85074 0 0 0 1 1 31360 342.748
24.7501 1 0.0218823 1.23389 1.22164 3.95282 5.5687 1.07578 2.83332 0 0 0 1 1 31370 342.857
24.758 1 0.0217441 1.23412 1.22144 3.9348 5.55267 1.05722 2.81589 0 0 0 1 1 31380 342.966
24.7659 1 0.0216061 1.23435 1.22123 3.91754 5.53662 1.03945 2.79845 0 0 0 1 1 31390 343.076
24.7738 1 0.0214682 1.23459 1.22103 3.90071 5.52057 1.0221 2.78101 0 0 0 1 1 31400 343.185
24.7817 1 0.0213306 1.23483 1.22082 3.88393 5.5045 1.00482 2.76357 0 0 0 1 1 31410 343.294
24.7896 1 0.0211932 1.23507 1.22061 3.86688 5.48843 0.987281 2.74614 0 0 0 1 1 31420 343.404
24.7975 1 0.021056 1.23532 1.2204 3.84927 5.47234 0.969184 2.72869 0 0 0 1 1 31430 343.513
24.8054 1 0.020919 1.23557 1.22018 3.83088 5.45624 0.95032 2.71124 0 0 0 1 1 31440 343.622
24.8133 1 0.0207821 1.23582 1.21996 3.8116 5.44011 0.93057 2.69377 0 0 0 1 1 31450 343.731
24.8212 1 0.0206455 1.23608 1.21974 3.79141 5.42394 0.909929 2.67627 0 0 0 1 1 31460 343.84
24.829 1 0.0205091 1.23634 1.21952 3.77044 5.40773 0.888517 2.65874 0 0 0 1 1 31470 343.95
24.8369 1 0.0203729 1.2366 1.2193 3.74894 5.39147 0.866579 2.64117 0 0 0 1 1 31480 344.059
24.8448 1 0.020237 1.23687 1.21907 3.72727 5.37516 0.844481 2.62355 0 0 0 1 1 31490 344.168
24.8527 1 0.0201012 1.23714 1.21884 3.70589 5.35879 0.822692 2.60589 0 0 0 1 1 31500 344.277
24.8606 1 0.0199656 1.23741 1.2186 3.68536 5.34238 0.801763 2.58819 0 0 0 1 1 31510 344.386
24.8685 1 0.0198303 1.23769 1.21837 3.66629 5.32593 0.782301 2.57047 0 0 0 1 1 31520 344.496
24.8764 1 0.0196952 1.23796 1.21813 3.64931 5.30947 0.764935 2.55274 0 0 0 1 1 31530 344.605
24.8843 1 0.0195603 1.23824 1.21789 3.63503 5.29302 0.750283 2.53503 0 0 0 1 1 31540 344.714
24.8922 1 0.0194257 1.23853 1.21765 3.62404 5.27661 0.738918 2.51736 0 0 0 1 1 31550 344.824
24.9001 1 0.0192913 1.23881 1.2174 3.61683 5.26027 0.731343 2.49978 0 0 0 1 1 31560 344.933
24.9079 1 0.0191572 1.2391 1.21715 3.61381 5.24405 0.727962 2.48232 0 0 0 1 1 31570 345.042
24.9158 1 0.0190233 1.23939 1.2169 3.61527 5.22798 0.729066 2.46502 0 0 0 1 1 31580 345.151
24.9237 1 0.0188897 1.23969 1.21665 3.62139 5.21211 0.734817 2.44793 0 0 0 1 1 31590 345.26
24.9316 1 0.0187564 1.23998 1.2164 3.63218 5.19647 0.745249 2.43109 0 0 0 1 1 31600 345.37
24.9395 1 0.0186234 1.24028 1.21614 3.64757 5.18113 0.760265 2.41455 0 0 0 1 1 31610 345.479
24.9474 1 0.0184907 1.24058 1.21588 3.66734 5.16611 0.77965 2.39834 0 0 0 1 1 31620 345.588
24.9553 1 0.0183584 1.24088 1.21562 3.69117 5.15146 0.803082 2.3825 0 0 0 1 1 31630 345.697
24.9632 1 0.0182264 1.24118 1.21536 3.71864 5.13721 0.83015 2.36707 0 0 0 1 1 31640 345.806
24.9711 1 0.0180948 1.24149 1.21509 3.74928 5.12338 0.860369 2.35208 0 0 0 1 1 31650 345.915
24.9789 1 0.0179635 1.2418 1.21483 3.78255 5.11001 0.893203 2.33754 0 0 0 1 1 31660 346.025
24.9868 1 0.0178327 1.24211 1.21456 3.81788 5.09711 0.928083 2.32349 0 0 0 1 1 31670 346.134
24.9947 1 0.0177023 1.24242 1.21429 3.85469 5.0847 0.96442 2.30993 0 0 0 1 1 31680 346.243
25.0026 1 0.0175724 1.24273 1.21401 3.89238 5.07277 1.00162 2.29686 0 0 0 1 1 31690 346.352
25.0105 1 0.017443 1.24305 1.21373 3.93038 5.06134 1.03912 2.28429 0 0 0 1 1 31700 346.461
25.0184 1 0.0173141 1.24336 1.21346 3.96812 5.05039 1.07634 2.27222 0 0 0 1 1 31710 346.571
25.0263 1 0.0171857 1.24368 1.21317 4.00507 5.03992 1.11274 2.26062 0 0 0 1 1 31720 346.68
25.0342 1 0.0170578 1.244 1.21289 4.04072 5.02991 1.14783 2.2495 0 0 0 1 1 31730 346.789
25.0421 1 0.0169306 1.24432 1.2126 4.07459 5.02034 1.18112 2.23882 0 0 0 1 1 31740 346.898
25.05 1 0.0168039 1.24464 1.21232 4.10624 5.01119 1.21217 2.22856 0 0 0 1 1 31750 347.008
25.0578 1 0.0166778 1.24496 1.21203 4.13524 5.00243 1.24056 2.21869 0 0 0 1 1 31760 347.117
25.0657 1 0.0165524 1.24529 1.21173 4.1612 4.99402 1.26591 2.20919 0 0 0 1 1 31770 347.226
25.0736 1 0.0164276 1.24561 1.21144 4.18378 4.98593 1.28785 2.20001 0 0 0 1 1 31780 347.335
25.0815 1 0.0163035 1.24594 1.21114 4.20262 4.97813 1.30605 2.19111 0 0 0 1 1 31790 347.444
25.0894 1 0.0161801 1.24626 1.21085 4.21743 4.97057 1.3202 2.18247 0 0 0 1 1 31800 347.554
25.0973 1 0.0160573 1.24659 1.21055 4.22791 4.9632 1.33003 2.17402 0 0 0 1 1 31810 347.663
25.1052 1 0.0159353 1.24692 1.21025 4.23383 4.95599 1.33529 2.16573 0 0 0 1 1 31820 347.772
25.1131 1 0.015814 1.24725 1.20994 4.23495 4.94887 1.33575 2.15755 0 0 0 1 1 31830 347.881
25.121 1 0.0156935 1.24758 1.20964 4.23109 4.94182 1.33123 2.14943 0 0 0 1 1 31840 347.99
25.1289 1 0.0155737 1.24792 1.20933 4.22212 4.93477 1.3216 2.14131 0 0 0 1 1 31850 348.1
25.1367 1 0.0154546 1.24825 1.20903 4.20793 4.92767 1.30676 2.13315 0 0 0 1 1 31860 348.209
25.1446 1 0.0153363 1.24858 1.20872 4.18849 4.92047 1.28668 2.1249 0 0 0 1 1 31870 348.318
25.1525 1 0.0152188 1.24892 1.20841 4.16383 4.91312 1.26138 2.1165 0 0 0 1 1 31880 348.427
25.1604 1 0.0151021 1.24925 1.2081 4.13402 4.90557 1.23095 2.1079 0 0 0 1 1 31890 348.536
25.1683 1 0.0149861 1.24959 1.20778 4.09925 4.89778 1.19558 2.09907 0 0 0 1 1 31900 348.645
25.1762 1 0.0148708 1.24992 1.20747 4.05976 4.8897 1.15552 2.08995 0 0 0 1 1 31910 348.755
25.1841 1 0.0147564 1.25026 1.20715 4.01591 4.88128 1.1111 2.08049 0 0 0 1 1 31920 348.864
25.192 1 0.0146427 1.2506 1.20684 3.96813 4.87249 1.06278 2.07068 0 0 0 1 1 31930 348.973
25.1999 1 0.0145298 1.25094 1.20652 3.91695 4.86329 1.01109 2.06046 0 0 0 1 1 31940 349.082
25.2078 1 0.0144176 1.25127 1.2062 3.86298 4.85367 0.956639 2.04982 0 0 0 1 1 31950 349.191
25.2156 1 0.0143062 1.25161 1.20588 3.80694 4.8436 0.90014 2.03873 0 0 0 1 1 31960 349.3
25.2235 1 0.0141955 1.25195 1.20556 3.7496 4.83307 0.842367 2.02719 0 0 0 1 1 31970 349.409
25.2314 1 0.0140855 1.25229 1.20524 3.69179 4.82207 0.784157 2.01519 0 0 0 1 1 31980 349.518
25.2393 1 0.0139763 1.25262 1.20491 3.63439 4.81061 0.726383 2.00274 0 0 0 1 1 31990 349.628
25.2472 1 0.0138677 1.25296 1.20459 3.57829 4.79871 0.669938 1.98985 0 0 0 1 1 32000 349.737
25.2551 1 0.0137599 1.2533 1.20426 3.52438 4.78638 0.615705 1.97653 0 0 0 1 1 32010 349.846
25.263 1 0.0136527 1.25364 1.20393 3.4735 4.77365 0.564539 1.96283 0 0 0 1 1 32020 349.955
25.2709 1 0.0135463 1.25397 1.2036 3.42646 4.76057 0.517232 1.94879 0 0 0 1 1 32030 350.064
25.2788 1 0.0134405 1.25431 1.20327 3.38397 4.74718 0.474496 1.93443 0 0 0 1 1 32040 350.173
25.2866 1 0.0133354 1.25464 1.20294 3.34664 4.73354 0.436938 1.91983 0 0 0 1 1 32050 350.282
25.2945 1 0.0132309 1.25498 1.2026 3.31494 4.71968 0.405038 1.90503 0 0 0 1 1 32060 350.4
25.3024 1 0.0131271 1.25531 1.20226 3.28924 4.70569 0.379141 1.89009 0 0 0 1 1 32070 350.509
25.3103 1 0.013024 1.25564 1.20193 3.26972 4.69161 0.359442 1.87508 0 0 0 1 1 32080 350.618
25.3182 1 0.0129215 1.25597 1.20159 3.25644 4.67751 0.345983 1.86006 0 0 0 1 1 32090 350.727
25.3261 1 0.0128196 1.2563 1.20125 3.24928 4.66345 0.338658 1.84508 0 0 0 1 1 32100 350.837
25.334 1 0.0127185 1.25663 1.20091 3.248 4.6495 0.33721 1.83022 0 0 0 1 1 32110 350.946
25.3419 1 0.0126179 1.25696 1.20056 3.25221 4.6357 0.341251 1.81551 0 0 0 1 1 32120 351.055
25.3498 1 0.0125181 1.25728 1.20022 3.2614 4.6221 0.350269 1.80102 0 0 0 1 1 32130 351.164
25.3577 1 0.0124189 1.2576 1.19988 3.27496 4.60875 0.363649 1.78678 0 0 0 1 1 32140 351.273
25.3655 1 0.0123204 1.25792 1.19953 3.29218 4.59569 0.380689 1.77284 0 0 0 1 1 32150 351.383
25.3734 1 0.0122226 1.25824 1.19919 3.31231 4.58295 0.400623 1.75922 0 0 0 1 1 32160 351.492
25.3813 1 0.0121255 1.25856 1.19884 3.33454 4.57054 0.422644 1.74594 0 0 0 1 1 32170 351.601
25.3892 1 0.0120291 1.25887 1.19849 3.35803 4.55847 0.445921 1.73302 0 0 0 1 1 32180 351.711
25.3971 1 0.0119333 1.25918 1.19815 3.38196 4.54677 0.469622 1.72045 0 0 0 1 1 32190 351.82
25.405 1 0.0118383 1.25949 1.1978 3.40551 4.53541 0.492936 1.70825 0 0 0 1 1 32200 351.929
25.4129 1 0.011744 1.2598 1.19745 3.42791 4.52439 0.515087 1.69639 0 0 0 1 1 32210 352.038
25.4208 1 0.0116505 1.2601 1.19711 3.44844 4.51369 0.535351 1.68485 0 0 0 1 1 32220 352.148
25.4287 1 0.0115577 1.2604 1.19677 3.46643 4.50329 0.55307 1.67361 0 0 0 1 1 32230 352.257
25.4366 1 0.0114656 1.26069 1.19643 3.48129 4.49315 0.567659 1.66265 0 0 0 1 1 32240 352.366
25.4444 1 0.0113742 1.26099 1.19609 3.49254 4.48323 0.57862 1.65191 0 0 0 1 1 32250 352.476
25.4523 1 0.0112836 1.26128 1.19575 3.49975 4.47351 0.585539 1.64137 0 0 0 1 1 32260 352.585
25.4602 1 0.0111937 1.26156 1.19542 3.50259 4.46392 0.588094 1.63097 0 0 0 1 1 32270 352.694
25.4681 1 0.0111045 1.26185 1.19509 3.50084 4.45444 0.58605 1.62068 0 0 0 1 1 32280 352.803
25.476 1 0.0110161 1.26213 1.19476 3.49434 4.44501 0.579257 1.61045 0 0 0 1 1 32290 352.912
25.4839 1 0.0109283 1.2624 1.19444 3.48301 4.43557 0.567647 1.60022 0 0 0 1 1 32300 353.022
25.4918 1 0.0108413 1.26268 1.19412 3.46686 4.4261 0.551222 1.58995 0 0 0 1 1 32310 353.131
25.4997 1 0.010755 1.26294 1.19381 3.44596 4.41653 0.530051 1.5796 0 0 0 1 1 32320 353.24
25.5076 1 0.0106694 1.26321 1.1935 3.42042 4.40682 0.504259 1.56911 0 0 0 1 1 32330 353.349
25.5155 1 0.0105844 1.26347 1.1932 3.39042 4.39694 0.474016 1.55845 0 0 0 1 1 32340 353.459
25.5233 1 0.0105002 1.26373 1.1929 3.35616 4.38683 0.439532 1.54758 0 0 0 1 1 32350 353.568
25.5312 1 0.0104165 1.26398 1.19261 3.31789 4.37646 0.40105 1.53644 0 0 0 1 1 32360 353.677
25.5391 1 0.0103336 1.26423 1.19233 3.27586 4.3658 0.358833 1.52502 0 0 0 1 1 32370 353.786
25.547 1 0.0102512 1.26447 1.19205 3.23036 4.35481 0.31317 1.51328 0 0 0 1 1 32380 353.896
25.5549 1 0.0101695 1.26471 1.19177 3.1817 4.34346 0.264362 1.50118 0 0 0 1 1 32390 354.005
25.5628 1 0.0100884 1.26495 1.1915 3.13018 4.33172 0.212731 1.48871 0 0 0 1 1 32400 354.114
25.5707 1 0.0100078 1.26518 1.19124 3.07615 4.31958 0.158613 1.47583 0 0 0 1 1 32410 354.223
25.5786 1 0.00992783 1.26541 1.19098 3.01997 4.30702 0.102365 1.46254 0 0 0 1 1 32420 354.332
25.5865 1 0.0098484 1.26563 1.19073 2.96201 4.29401 0.0443677 1.44881 0 0 0 1 1 32430 354.442
25.5943 1 0.00976951 1.26585 1.19048 2.90268 4.28056 -0.0149709 1.43464 0 0 0 1 1 32440 354.551
25.6022 1 0.00969114 1.26607 1.19024 2.84241 4.26664 -0.0752112 1.42002 0 0 0 1 1 32450 354.66
25.6101 1 0.00961328 1.26628 1.19 2.78169 4.25227 -0.135877 1.40495 0 0 0 1 1 32460 354.77
25.618 1 0.00953591 1.26648 1.18977 2.72103 4.23744 -0.196454 1.38943 0 0 0 1 1 32470 354.879
25.6259 1 0.00945902 1.26668 1.18955 2.66098 4.22216 -0.256389 1.37346 0 0 0 1 1 32480 354.988
25.6338 1 0.00938259 1.26688 1.18932 2.60214 4.20645 -0.315086 1.35707 0 0 0 1 1 32490 355.097
25.6417 1 0.00930661 1.26707 1.18911 2.54514 4.19031 -0.371916 1.34027 0 0 0 1 1 32500 355.206
25.6496 1 0.00923108 1.26726 1.18889 2.49064 4.17379 -0.426221 1.32309 0 0 0 1 1 32510 355.316
25.6575 1 0.00915597 1.26744 1.18869 2.43931 4.15691 -0.47732 1.30556 0 0 0 1 1 32520 355.425
25.6654 1 0.00908127 1.26762 1.18848 2.39186 4.13972 -0.524522 1.28772 0 0 0 1 1 32530 355.534
25.6732 1 0.00900699 1.26779 1.18828 2.34897 4.12224 -0.567139 1.26962 0 0 0 1 1 32540 355.643
25.6811 1 0.00893311 1.26796 1.18809 2.31131 4.10455 -0.604505 1.2513 0 0 0 1 1 32550 355.752
25.689 1 0.00885963 1.26812 1.1879 2.27952 4.08669 -0.635989 1.23282 0 0 0 1 1 32560 355.861
25.6969 1 0.00878654 1.26828 1.18771 2.25418 4.06873 -0.661011 1.21425 0 0 0 1 1 32570 355.97
25.7048 1 0.00871384 1.26844 1.18753 2.23579 4.05073 -0.679067 1.19566 0 0 0 1 1 32580 356.08
25.7127 1 0.00864155 1.26859 1.18735 2.22478 4.03277 -0.689739 1.17711 0 0 0 1 1 32590 356.189
25.7206 1 0.00856965 1.26873 1.18718 2.22146 4.01491 -0.692715 1.15868 0 0 0 1 1 32600 356.298
25.7285 1 0.00849815 1.26887 1.18701 2.22603 3.99725 -0.687803 1.14044 0 0 0 1 1 32610 356.407
25.7364 1 0.00842707 1.269 1.18685 2.23855 3.97984 -0.674938 1.12248 0 0 0 1 1 32620 356.516
25.7443 1 0.00835642 1.26913 1.18669 2.25897 3.96278 -0.654194 1.10486 0 0 0 1 1 32630 356.626
25.7521 1 0.00828621 1.26925 1.18653 2.28706 3.94612 -0.625789 1.08766 0 0 0 1 1 32640 356.735
25.76 1 0.00821646 1.26937 1.18638 2.32246 3.92995 -0.590081 1.07095 0 0 0 1 1 32650 356.844
25.7679 1 0.00814718 1.26948 1.18624 2.36469 3.91432 -0.54757 1.0548 0 0 0 1 1 32660 356.953
25.7758 1 0.0080784 1.26959 1.1861 2.41312 3.8993 -0.498884 1.03926 0 0 0 1 1 32670 357.063
25.7837 1 0.00801014 1.26969 1.18596 2.467 3.88493 -0.444776 1.02438 0 0 0 1 1 32680 357.173
25.7916 1 0.00794243 1.26979 1.18583 2.52547 3.87127 -0.386102 1.01021 0 0 0 1 1 32690 357.283
25.7995 1 0.00787529 1.26988 1.18571 2.58759 3.85833 -0.323806 0.996777 0 0 0 1 1 32700 357.393
25.8074 1 0.00780875 1.26996 1.18559 2.65235 3.84615 -0.258901 0.984106 0 0 0 1 1 32710 357.502
25.8153 1 0.00774283 1.27004 1.18547 2.71869 3.83474 -0.192447 0.972209 0 0 0 1 1 32720 357.611
25.8232 1 0.00767757 1.27012 1.18536 2.78554 3.8241 -0.125525 0.961088 0 0 0 1 1 32730 357.721
25.831 1 0.00761299 1.27019 1.18525 2.8518 3.81422 -0.0592188 0.950735 0 0 0 1 1 32740 357.83
25.8389 1 0.00754912 1.27025 1.18515 2.91642 3.80508 0.00541175 0.941128 0 0 0 1 1 32750 357.939
25.8468 1 0.00748599 1.27031 1.18506 2.97838 3.79666 0.0673504 0.932241 0 0 0 1 1 32760 358.049
25.8547 1 0.00742362 1.27036 1.18496 3.03672 3.78891 0.125645 0.924032 0 0 0 1 1 32770 358.158
25.8626 1 0.00736203 1.27041 1.18488 3.09058 3.78179 0.179425 0.916456 0 0 0 1 1 32780 358.268
25.8705 1 0.00730126 1.27045 1.1848 3.13917 3.77524 0.227916 0.909456 0 0 0 1 1 32790 358.377
25.8784 1 0.00724131 1.27049 1.18472 3.18183 3.7692 0.270454 0.902972 0 0 0 1 1 32800 358.486
25.8863 1 0.00718222 1.27052 1.18465 3.21802 3.76361 0.306492 0.896936 0 0 0 1 1 32810 358.596
25.8942 1 0.00712398 1.27055 1.18458 3.24729 3.7584 0.335607 0.891278 0 0 0 1 1 32820 358.705
25.902 1 0.00706662 1.27057 1.18452 3.26936 3.75348 0.357503 0.885923 0 0 0 1 1 32830 358.814
25.9099 1 0.00701015 1.27058 1.18447 3.28405 3.7488 0.37201 0.880797 0 0 0 1 1 32840 358.923
25.9178 1 0.00695458 1.27059 1.18442 3.29131 3.74426 0.379081 0.875825 0 0 0 1 1 32850 359.032
25.9257 1 0.0068999 1.2706 1.18437 3.2912 3.7398 0.378788 0.870931 0 0 0 1 1 32860 359.141
25.9336 1 0.00684613 1.2706 1.18433 3.28391 3.73534 0.371311 0.866043 0 0 0 1 1 32870 359.251
25.9415 1 0.00679326 1.27059 1.1843 3.26971 3.73082 0.356931 0.861092 0 0 0 1 1 32880 359.36
25.9494 1 0.0067413 1.27058 1.18427 3.24897 3.72616 0.33602 0.856012 0 0 0 1 1 32890 359.469
25.9573 1 0.00669023 1.27056 1.18425 3.22214 3.72132 0.309025 0.850743 0 0 0 1 1 32900 359.578
25.9652 1 0.00664006 1.27054 1.18423 3.18972 3.71622 0.276459 0.845229 0 0 0 1 1 32910 359.687
25.9731 1 0.00659077 1.27052 1.18422 3.15227 3.71083 0.238892 0.83942 0 0 0 1 1 32920 359.797
25.9809 1 0.00654236 1.27048 1.18421 3.11042 3.7051 0.19693 0.833274 0 0 0 1 1 32930 359.906
25.9888 1 0.00649481 1.27045 1.1842 3.06479 3.69899 0.151215 0.826753 0 0 0 1 1 32940 360.015
25.9967 1 0.00644812 1.27041 1.18421 3.01604 3.69247 0.102405 0.819829 0 0 0 1 1 32950 360.124
26.0046 1 0.00640227 1.27036 1.18421 2.96485 3.68553 0.051172 0.812478 0 0 0 1 1 32960 360.233
26.0125 1 0.00635725 1.27031 1.18423 2.91188 3.67814 -0.00180936 0.804685 0 0 0 1 1 32970 360.342
26.0204 1 0.00631305 1.27025 1.18424 2.8578 3.67029 -0.0558679 0.796439 0 0 0 1 1 32980 360.452
26.0283 1 0.00626965 1.27019 1.18426 2.80328 3.66198 -0.110342 0.787739 0 0 0 1 1 32990 360.561
26.0362 1 0.00622704 1.27012 1.18429 2.74897 3.65322 -0.164585 0.778588 0 0 0 1 1 33000 360.67
26.0441 1 0.0061852 1.27005 1.18432 2.69549 3.64401 -0.21797 0.768997 0 0 0 1 1 33010 360.779
26.052 1 0.00614413 1.26998 1.18435 2.64344 3.63437 -0.269895 0.758981 0 0 0 1 1 33020 360.888
26.0598 1 0.00610381 1.2699 1.18439 2.5934 3.62433 -0.319787 0.748563 0 0 0 1 1 33030 360.998
26.0677 1 0.00606422 1.26981 1.18443 2.54591 3.6139 -0.367109 0.737769 0 0 0 1 1 33040 361.107
26.0756 1 0.00602537 1.26972 1.18447 2.50146 3.60312 -0.411364 0.726631 0 0 0 1 1 33050 361.216
26.0835 1 0.00598722 1.26962 1.18452 2.46051 3.59204 -0.452101 0.715185 0 0 0 1 1 33060 361.325
26.0914 1 0.00594979 1.26952 1.18457 2.42345 3.58067 -0.488925 0.703472 0 0 0 1 1 33070 361.434
26.0993 1 0.00591306 1.26942 1.18463 2.39063 3.56908 -0.521498 0.691533 0 0 0 1 1 33080 361.543
26.1072 1 0.00587702 1.26931 1.18468 2.36231 3.5573 -0.549552 0.679416 0 0 0 1 1 33090 361.653
26.1151 1 0.00584167 1.26919 1.18474 2.33869 3.54539 -0.572891 0.667167 0 0 0 1 1 33100 361.762
26.123 1 0.005807 1.26907 1.1848 2.31989 3.53338 -0.591399 0.654834 0 0 0 1 1 33110 361.871
26.1309 1 0.00577301 1.26895 1.18487 2.30595 3.52134 -0.605041 0.642468 0 0 0 1 1 33120 361.98
26.1387 1 0.00573971 1.26882 1.18494 2.29682 3.5093 -0.613869 0.630115 0 0 0 1 1 33130 362.089
26.1466 1 0.00570708 1.26869 1.18501 2.29236 3.49732 -0.618023 0.617822 0 0 0 1 1 33140 362.199
26.1545 1 0.00567513 1.26855 1.18508 2.29235 3.48543 -0.617727 0.605633 0 0 0 1 1 33150 362.308
26.1624 1 0.00564387 1.26841 1.18515 2.29649 3.47368 -0.613288 0.593591 0 0 0 1 1 33160 362.417
26.1703 1 0.00561329 1.26826 1.18523 2.30438 3.46212 -0.605088 0.581732 0 0 0 1 1 33170 362.526
26.1782 1 0.00558339 1.26811 1.18531 2.31559 3.45076 -0.59358 0.570089 0 0 0 1 1 33180 362.636
26.1861 1 0.00555419 1.26795 1.18539 2.32961 3.43964 -0.579278 0.55869 0 0 0 1 1 33190 362.745
26.194 1 0.00552568 1.26779 1.18548 2.34586 3.42878 -0.562743 0.547557 0 0 0 1 1 33200 362.854
26.2019 1 0.00549788 1.26762 1.18556 2.36375 3.4182 -0.544575 0.536707 0 0 0 1 1 33210 362.963
26.2097 1 0.00547078 1.26745 1.18565 2.38266 3.4079 -0.525399 0.526148 0 0 0 1 1 33220 363.072
26.2176 1 0.00544438 1.26727 1.18575 2.40195 3.3979 -0.505852 0.515885 0 0 0 1 1 33230 363.181
26.2255 1 0.00541871 1.26709 1.18584 2.42099 3.38818 -0.48657 0.505915 0 0 0 1 1 33240 363.291
26.2334 1 0.00539374 1.2669 1.18594 2.43915 3.37874 -0.468177 0.49623 0 0 0 1 1 33250 363.4
26.2413 1 0.0053695 1.26671 1.18604 2.45583 3.36957 -0.451271 0.486813 0 0 0 1 1 33260 363.509
26.2492 1 0.00534598 1.26652 1.18614 2.47046 3.36064 -0.436415 0.477646 0 0 0 1 1 33270 363.618
26.2571 1 0.00532318 1.26632 1.18625 2.48254 3.35193 -0.424128 0.468701 0 0 0 1 1 33280 363.727
26.265 1 0.0053011 1.26611 1.18636 2.49158 3.34341 -0.414878 0.45995 0 0 0 1 1 33290 363.837
26.2729 1 0.00527973 1.2659 1.18647 2.49718 3.33504 -0.409071 0.451358 0 0 0 1 1 33300 363.946
26.2808 1 0.00525909 1.26569 1.18659 2.499 3.3268 -0.407054 0.442888 0 0 0 1 1 33310 364.055
26.2886 1 0.00523915 1.26547 1.18671 2.49674 3.31862 -0.409106 0.434499 0 0 0 1 1 33320 364.164
26.2965 1 0.00521991 1.26525 1.18684 2.49021 3.31049 -0.415438 0.42615 0 0 0 1 1 33330 364.273
26.3044 1 0.00520137 1.26502 1.18697 2.47924 3.30234 -0.426194 0.417796 0 0 0 1 1 33340 364.383
26.3123 1 0.00518352 1.26479 1.1871 2.46377 3.29415 -0.441451 0.409395 0 0 0 1 1 33350 364.492
26.3202 1 0.00516634 1.26455 1.18724 2.44377 3.28585 -0.461225 0.400901 0 0 0 1 1 33360 364.601
26.3281 1 0.00514983 1.26431 1.18739 2.41929 3.27742 -0.485468 0.392272 0 0 0 1 1 33370 364.71
26.336 1 0.00513396 1.26406 1.18753 2.39044 3.26881 -0.514074 0.383465 0 0 0 1 1 33380 364.819
26.3439 1 0.00511873 1.26381 1.18769 2.35736 3.25997 -0.546888 0.37444 0 0 0 1 1 33390 364.929
26.3518 1 0.00510412 1.26356 1.18784 2.32027 3.25087 -0.583704 0.365158 0 0 0 1 1 33400 365.038
26.3597 1 0.00509011 1.2633 1.18801 2.2794 3.24147 -0.624271 0.355584 0 0 0 1 1 33410 365.147
26.3675 1 0.00507669 1.26303 1.18817 2.23504 3.23175 -0.668303 0.345686 0 0 0 1 1 33420 365.256
26.3754 1 0.00506383 1.26277 1.18835 2.18753 3.22167 -0.715474 0.335433 0 0 0 1 1 33430 365.365
26.3833 1 0.00505152 1.2625 1.18852 2.1372 3.2112 -0.765432 0.324801 0 0 0 1 1 33440 365.475
26.3912 1 0.00503974 1.26222 1.1887 2.08445 3.20032 -0.817794 0.313768 0 0 0 1 1 33450 365.584
26.3991 1 0.00502847 1.26194 1.18889 2.02966 3.18902 -0.872159 0.302316 0 0 0 1 1 33460 365.693
26.407 1 0.00501769 1.26166 1.18908 1.97327 3.17729 -0.928101 0.290433 0 0 0 1 1 33470 365.802
26.4149 1 0.00500738 1.26137 1.18927 1.91572 3.1651 -0.985183 0.278108 0 0 0 1 1 33480 365.911
26.4228 1 0.00499752 1.26108 1.18947 1.85744 3.15246 -1.04295 0.265337 0 0 0 1 1 33490 366.02
26.4307 1 0.00498808 1.26078 1.18968 1.79892 3.13938 -1.10095 0.252122 0 0 0 1 1 33500 366.13
26.4386 1 0.00497907 1.26049 1.18988 1.74061 3.12584 -1.15869 0.238465 0 0 0 1 1 33510 366.239
26.4464 1 0.00497044 1.26018 1.19009 1.68298 3.11187 -1.21573 0.224378 0 0 0 1 1 33520 366.348
26.4543 1 0.00496219 1.25988 1.19031 1.62652 3.09747 -1.27157 0.209873 0 0 0 1 1 33530 366.457
26.4622 1 0.00495431 1.25957 1.19052 1.57169 3.08267 -1.32575 0.194969 0 0 0 1 1 33540 366.566
26.4701 1 0.00494676 1.25926 1.19074 1.51896 3.06748 -1.37782 0.179689 0 0 0 1 1 33550 366.676
26.478 1 0.00493954 1.25894 1.19097 1.46877 3.05194 -1.42731 0.16406 0 0 0 1 1 33560 366.785
26.4859 1 0.00493264 1.25862 1.19119 1.42157 3.03607 -1.47379 0.148113 0 0 0 1 1 33570 366.894
26.4938 1 0.00492604 1.2583 1.19142 1.37777 3.0199 -1.51684 0.131883 0 0 0 1 1 33580 367.003
26.5017 1 0.00491973 1.25798 1.19165 1.33777 3.00349 -1.55608 0.115409 0 0 0 1 1 33590 367.112
26.5096 1 0.0049137 1.25765 1.19188 1.30193 2.98687 -1.59114 0.098733 0 0 0 1 1 33600 367.221
26.5174 1 0.00490795 1.25732 1.19211 1.27058 2.97008 -1.62169 0.0818999 0 0 0 1 1 33610 367.331
26.5253 1 0.00490245 1.25699 1.19235 1.24401 2.95317 -1.64746 0.0649574 0 0 0 1 1 33620 367.44
26.5332 1 0.00489722 1.25665 1.19259 1.22245 2.9362 -1.66819 0.0479549 0 0 0 1 1 33630 367.549
26.5411 1 0.00489225 1.25631 1.19283 1.20609 2.91921 -1.68372 0.0309439 0 0 0 1 1 33640 367.658
26.549 1 0.00488753 1.25597 1.19307 1.19506 2.90225 -1.69391 0.0139763 0 0 0 1 1 33650 367.768
26.5569 1 0.00488307 1.25563 1.19331 1.18942 2.88538 -1.69871 -0.00289511 0 0 0 1 1 33660 367.877
26.5648 1 0.00487887 1.25528 1.19355 1.18917 2.86865 -1.69812 -0.0196182 0 0 0 1 1 33670 367.986
26.5727 1 0.00487492 1.25493 1.19379 1.19422 2.85211 -1.69223 -0.0361417 0 0 0 1 1 33680 368.096
26.5806 1 0.00487124 1.25458 1.19404 1.20442 2.83582 -1.68119 -0.0524161 0 0 0 1 1 33690 368.205
26.5885 1 0.00486784 1.25422 1.19428 1.21954 2.81981 -1.66524 -0.0683942 0 0 0 1 1 33700 368.314
26.5963 1 0.00486471 1.25387 1.19453 1.23927 2.80413 -1.64469 -0.0840322 0 0 0 1 1 33710 368.423
26.6042 1 0.00486187 1.25351 1.19477 1.26323 2.78883 -1.61992 -0.0992901 0 0 0 1 1 33720 368.533
26.6121 1 0.00485933 1.25315 1.19502 1.29097 2.77393 -1.59138 -0.114132 0 0 0 1 1 33730 368.642
26.62 1 0.00485711 1.25279 1.19527 1.32198 2.75948 -1.55959 -0.128529 0 0 0 1 1 33740 368.751
26.6279 1 0.00485521 1.25242 1.19552 1.35569 2.74548 -1.52512 -0.142455 0 0 0 1 1 33750 368.86
26.6358 1 0.00485365 1.25206 1.19576 1.39149 2.73197 -1.48858 -0.155892 0 0 0 1 1 33760 368.969
26.6437 1 0.00485244 1.25169 1.19601 1.42872 2.71895 -1.45062 -0.168828 0 0 0 1 1 33770 369.079
26.6516 1 0.00485159 1.25132 1.19626 1.46672 2.70644 -1.41191 -0.181257 0 0 0 1 1 33780 369.188
26.6595 1 0.00485113 1.25095 1.19651 1.50481 2.69442 -1.37313 -0.193182 0 0 0 1 1 33790 369.297
26.6674 1 0.00485106 1.25058 1.19676 1.54231 2.68289 -1.33496 -0.204609 0 0 0 1 1 33800 369.406
26.6752 1 0.00485139 1.25021 1.197 1.57857 2.67185 -1.29806 -0.215553 0 0 0 1 1 33810 369.515
26.6831 1 0.00485214 1.24983 1.19725 1.61294 2.66125 -1.26305 -0.226035 0 0 0 1 1 33820 369.624
26.691 1 0.00485333 1.24945 1.1975 1.64483 2.65109 -1.23054 -0.236082 0 0 0 1 1 33830 369.734
26.6989 1 0.00485496 1.24908 1.19775 1.67371 2.64133 -1.20106 -0.245725 0 0 0 1 1 33840 369.843
26.7068 1 0.00485704 1.2487 1.19799 1.69909 2.63193 -1.17509 -0.255002 0 0 0 1 1 33850 369.952
26.7147 1 0.00485957 1.24832 1.19824 1.72055 2.62285 -1.15306 -0.263951 0 0 0 1 1 33860 370.061
26.7226 1 0.00486258 1.24794 1.19849 1.73774 2.61405 -1.1353 -0.272618 0 0 0 1 1 33870 370.171
26.7305 1 0.00486605 1.24756 1.19873 1.7504 2.60548 -1.12208 -0.281049 0 0 0 1 1 33880 370.28
26.7384 1 0.00487 1.24718 1.19898 1.75833 2.5971 -1.1136 -0.289293 0 0 0 1 1 33890 370.389
26.7463 1 0.00487443 1.24679 1.19923 1.76141 2.58885 -1.10996 -0.297397 0 0 0 1 1 33900 370.498
26.7541 1 0.00487933 1.24641 1.19947 1.75961 2.58068 -1.11121 -0.305412 0 0 0 1 1 33910 370.608
26.762 1 0.00488471 1.24603 1.19971 1.75297 2.57255 -1.1173 -0.313387 0 0 0 1 1 33920 370.717
26.7699 1 0.00489056 1.24564 1.19996 1.74159 2.56441 -1.12813 -0.321369 0 0 0 1 1 33930 370.826
26.7778 1 0.00489687 1.24526 1.2002 1.72563 2.55622 -1.14352 -0.329405 0 0 0 1 1 33940 370.935
26.7857 1 0.00490365 1.24488 1.20044 1.70534 2.54792 -1.16323 -0.337536 0 0 0 1 1 33950 371.044
26.7936 1 0.00491087 1.24449 1.20068 1.681 2.53948 -1.18699 -0.345804 0 0 0 1 1 33960 371.154
26.8015 1 0.00491854 1.24411 1.20092 1.65295 2.53087 -1.21445 -0.354245 0 0 0 1 1 33970 371.263
26.8094 1 0.00492664 1.24373 1.20116 1.62154 2.52204 -1.24525 -0.362892 0 0 0 1 1 33980 371.372
26.8173 1 0.00493517 1.24334 1.2014 1.5872 2.51298 -1.27896 -0.371773 0 0 0 1 1 33990 371.481
26.8252 1 0.0049441 1.24296 1.20164 1.55035 2.50365 -1.31516 -0.380914 0 0 0 1 1 34000 371.59
26.833 1 0.00495342 1.24258 1.20187 1.51146 2.49404 -1.3534 -0.390332 0 0 0 1 1 34010 371.7
26.8409 1 0.00496313 1.24219 1.2021 1.47099 2.48413 -1.39319 -0.400044 0 0 0 1 1 34020 371.809
26.8488 1 0.00497321 1.24181 1.20233 1.42941 2.47392 -1.43406 -0.410058 0 0 0 1 1 34030 371.918
26.8567 1 0.00498364 1.24143 1.20256 1.38722 2.46339 -1.47553 -0.420381 0 0 0 1 1 34040 372.027
26.8646 1 0.0049944 1.24105 1.20279 1.34489 2.45255 -1.51712 -0.431011 0 0 0 1 1 34050 372.137
26.8725 1 0.0050055 1.24067 1.20302 1.30289 2.4414 -1.55835 -0.441945 0 0 0 1 1 34060 372.246
26.8804 1 0.0050169 1.2403 1.20324 1.26169 2.42995 -1.59877 -0.453174 0 0 0 1 1 34070 372.355
26.8883 1 0.0050286 1.23992 1.20346 1.22172 2.41821 -1.63794 -0.464685 0 0 0 1 1 34080 372.464
26.8962 1 0.00504058 1.23954 1.20368 1.1834 2.4062 -1.67543 -0.476459 0 0 0 1 1 34090 372.573
26.904 1 0.00505283 1.23917 1.20389 1.14713 2.39394 -1.71086 -0.488476 0 0 0 1 1 34100 372.682
26.9119 1 0.00506534 1.2388 1.20411 1.11326 2.38146 -1.74388 -0.500711 0 0 0 1 1 34110 372.792
26.9198 1 0.0050781 1.23842 1.20432 1.08212 2.36879 -1.77415 -0.513136 0 0 0 1 1 34120 372.901
26.9277 1 0.00509109 1.23805 1.20452 1.05398 2.35594 -1.8014 -0.525721 0 0 0 1 1 34130 373.01
26.9356 1 0.00510431 1.23769 1.20473 1.02908 2.34297 -1.8254 -0.538433 0 0 0 1 1 34140 373.119
26.9435 1 0.00511774 1.23732 1.20493 1.0076 2.32989 -1.84597 -0.551238 0 0 0 1 1 34150 373.229
26.9514 1 0.00513138 1.23695 1.20512 0.989678 2.31675 -1.86297 -0.5641 0 0 0 1 1 34160 373.339
26.9593 1 0.00514523 1.23659 1.20532 0.975386 2.30359 -1.87633 -0.576984 0 0 0 1 1 34170 373.449
26.9672 1 0.00515927 1.23623 1.20551 0.964749 2.29043 -1.88604 -0.589852 0 0 0 1 1 34180 373.558
26.9751 1 0.0051735 1.23587 1.20569 0.95773 2.27732 -1.89212 -0.602669 0 0 0 1 1 34190 373.668
26.9829 1 0.00518792 1.23551 1.20587 0.954239 2.26428 -1.89467 -0.615401 0 0 0 1 1 34200 373.777
26.9908 1 0.00520253 1.23515 1.20605 0.954132 2.25136 -1.89384 -0.628014 0 0 0 1 1 34210 373.886
26.9987 1 0.00521733 1.2348 1.20623 0.957212 2.23858 -1.88982 -0.640476 0 0 0 1 1 34220 373.995
27.0066 1 0.0052323 1.23445 1.2064 0.963235 2.22598 -1.88287 -0.65276 0 0 0 1 1 34230 374.105
27.0145 1 0.00524746 1.2341 1.20657 0.971912 2.21357 -1.87326 -0.66484 0 0 0 1 1 34240 374.214
27.0224 1 0.0052628 1.23375 1.20673 0.982918 2.20139 -1.86133 -0.676692 0 0 0 1 1 34250 374.323
27.0303 1 0.00527833 1.2334 1.20689 0.995892 2.18944 -1.84743 -0.6883 0 0 0 1 1 34260 374.432
27.0382 1 0.00529404 1.23306 1.20705 1.01045 2.17775 -1.83196 -0.699647 0 0 0 1 1 34270 374.541
27.0461 1 0.00530994 1.23272 1.2072 1.02618 2.16632 -1.81533 -0.710723 0 0 0 1 1 34280 374.651
27.054 1 0.00532603 1.23238 1.20735 1.04268 2.15517 -1.79793 -0.721521 0 0 0 1 1 34290 374.76
27.0618 1 0.0053423 1.23204 1.2075 1.05951 2.14429 -1.78022 -0.732039 0 0 0 1 1 34300 374.869
27.0697 1 0.00535878 1.23171 1.20764 1.07626 2.13369 -1.76259 -0.742279 0 0 0 1 1 34310 374.979
27.0776 1 0.00537544 1.23137 1.20778 1.0925 2.12335 -1.74548 -0.752246 0 0 0 1 1 34320 375.088
27.0855 1 0.00539231 1.23105 1.20791 1.10784 2.11327 -1.72928 -0.761951 0 0 0 1 1 34330 375.198
27.0934 1 0.00540937 1.23072 1.20805 1.12189 2.10343 -1.71438 -0.771408 0 0 0 1 1 34340 375.307
27.1013 1 0.00542662 1.23039 1.20818 1.13429 2.09382 -1.70113 -0.780632 0 0 0 1 1 34350 375.416
27.1092 1 0.00544408 1.23007 1.2083 1.14472 2.08442 -1.68986 -0.789646 0 0 0 1 1 34360 375.526
27.1171 1 0.00546173 1.22975 1.20843 1.15288 2.0752 -1.68086 -0.798472 0 0 0 1 1 34370 375.635
27.125 1 0.00547957 1.22944 1.20855 1.15852 2.06614 -1.6744 -0.807136 0 0 0 1 1 34380 375.744
27.1329 1 0.0054976 1.22913 1.20867 1.16141 2.0572 -1.67068 -0.815665 0 0 0 1 1 34390 375.854
27.1407 1 0.00551583 1.22882 1.20878 1.16138 2.04837 -1.66988 -0.824089 0 0 0 1 1 34400 375.964
27.1486 1 0.00553424 1.22851 1.20889 1.1583 2.03961 -1.67213 -0.832439 0 0 0 1 1 34410 376.073
27.1565 1 0.00555282 1.22821 1.209 1.15208 2.03089 -1.67752 -0.840746 0 0 0 1 1 34420 376.182
27.1644 1 0.00557158 1.2279 1.20911 1.14269 2.02218 -1.68607 -0.849041 0 0 0 1 1 34430 376.292
27.1723 1 0.0055905 1.22761 1.20921 1.13013 2.01344 -1.6978 -0.857356 0 0 0 1 1 34440 376.401
27.1802 1 0.00560959 1.22731 1.20932 1.11444 2.00465 -1.71264 -0.865721 0 0 0 1 1 34450 376.51
27.1881 1 0.00562882 1.22702 1.20942 1.09571 1.99577 -1.73051 -0.874167 0 0 0 1 1 34460 376.619
27.196 1 0.00564819 1.22673 1.20951 1.07409 1.98678 -1.75127 -0.882722 0 0 0 1 1 34470 376.728
27.2039 1 0.00566769 1.22645 1.20961 1.04973 1.97765 -1.77476 -0.891412 0 0 0 1 1 34480 376.838
27.2117 1 0.00568731 1.22617 1.2097 1.02284 1.96835 -1.80076 -0.900261 0 0 0 1 1 34490 376.947
27.2196 1 0.00570704 1.22589 1.20979 0.993669 1.95887 -1.82903 -0.909293 0 0 0 1 1 34500 377.056
27.2275 1 0.00572686 1.22562 1.20988 0.962469 1.94919 -1.85932 -0.918525 0 0 0 1 1 34510 377.165
27.2354 1 0.00574677 1.22534 1.20996 0.92954 1.93928 -1.89132 -0.927975 0 0 0 1 1 34520 377.274
27.2433 1 0.00576675 1.22508 1.21004 0.895195 1.92914 -1.92472 -0.937654 0 0 0 1 1 34530 377.384
27.2512 1 0.00578679 1.22481 1.21012 0.859768 1.91875 -1.95918 -0.947574 0 0 0 1 1 34540 377.493
27.2591 1 0.00580687 1.22455 1.21019 0.823607 1.90811 -1.99436 -0.957739 0 0 0 1 1 34550 377.602
27.267 1 0.00582699 1.2243 1.21027 0.78707 1.89722 -2.0299 -0.968154 0 0 0 1 1 34560 377.711
27.2749 1 0.00584712 1.22405 1.21033 0.750525 1.88608 -2.06543 -0.978817 0 0 0 1 1 34570 377.82
27.2828 1 0.00586726 1.2238 1.2104 0.714341 1.87468 -2.10058 -0.989723 0 0 0 1 1 34580 377.93
27.2906 1 0.0058874 1.22355 1.21046 0.678889 1.86305 -2.13498 -1.00086 0 0 0 1 1 34590 378.039
27.2985 1 0.00590752 1.22331 1.21052 0.644535 1.85118 -2.16826 -1.01223 0 0 0 1 1 34600 378.148
27.3064 1 0.00592761 1.22308 1.21057 0.611639 1.8391 -2.20008 -1.0238 0 0 0 1 1 34610 378.257
27.3143 1 0.00594766 1.22284 1.21063 0.580547 1.82683 -2.23007 -1.03557 0 0 0 1 1 34620 378.367
27.3222 1 0.00596766 1.22262 1.21067 0.551593 1.81438 -2.25791 -1.0475 0 0 0 1 1 34630 378.476
27.3301 1 0.00598761 1.22239 1.21072 0.525092 1.80178 -2.28329 -1.05957 0 0 0 1 1 34640 378.585
27.338 1 0.00600749 1.22217 1.21075 0.501334 1.78906 -2.30591 -1.07177 0 0 0 1 1 34650 378.694
27.3459 1 0.00602729 1.22196 1.21079 0.480584 1.77625 -2.32551 -1.08404 0 0 0 1 1 34660 378.803
27.3538 1 0.00604702 1.22174 1.21082 0.463075 1.76338 -2.34186 -1.09638 0 0 0 1 1 34670 378.913
27.3617 1 0.00606666 1.22154 1.21085 0.449004 1.75047 -2.35476 -1.10873 0 0 0 1 1 34680 379.022
27.3695 1 0.0060862 1.22133 1.21087 0.438532 1.73758 -2.36407 -1.12107 0 0 0 1 1 34690 379.131
27.3774 1 0.00610566 1.22113 1.21089 0.431774 1.72473 -2.36965 -1.13336 0 0 0 1 1 34700 379.24
27.3853 1 0.00612502 1.22094 1.2109 0.428802 1.71196 -2.37145 -1.14557 0 0 0 1 1 34710 379.349
27.3932 1 0.00614429 1.22075 1.21091 0.429636 1.69931 -2.36944 -1.15765 0 0 0 1 1 34720 379.458
27.4011 1 0.00616346 1.22056 1.21091 0.434249 1.68681 -2.36365 -1.16957 0 0 0 1 1 34730 379.568
27.409 1 0.00618255 1.22038 1.21091 0.442557 1.6745 -2.35418 -1.18129 0 0 0 1 1 34740 379.677
27.4169 1 0.00620154 1.22021 1.21091 0.454428 1.66242 -2.34114 -1.19279 0 0 0 1 1 34750 379.786
27.4248 1 0.00622045 1.22003 1.21089 0.469673 1.65059 -2.32474 -1.20403 0 0 0 1 1 34760 379.895
27.4327 1 0.00623928 1.21987 1.21088 0.488055 1.63904 -2.30521 -1.21497 0 0 0 1 1 34770 380.004
27.4406 1 0.00625804 1.2197 1.21086 0.509286 1.6278 -2.28284 -1.22561 0 0 0 1 1 34780 380.114
27.4484 1 0.00627673 1.21954 1.21083 0.533034 1.6169 -2.25797 -1.2359 0 0 0 1 1 34790 380.223
27.4563 1 0.00629537 1.21939 1.2108 0.558927 1.60635 -2.23096 -1.24583 0 0 0 1 1 34800 380.332
27.4642 1 0.00631395 1.21924 1.21077 0.586555 1.59617 -2.20224 -1.25539 0 0 0 1 1 34810 380.441
27.4721 1 0.0063325 1.21909 1.21073 0.615482 1.58637 -2.17223 -1.26456 0 0 0 1 1 34820 380.55
27.48 1 0.00635102 1.21895 1.21069 0.645247 1.57696 -2.14139 -1.27335 0 0 0 1 1 34830 380.659
27.4879 1 0.00636952 1.21882 1.21064 0.675377 1.56794 -2.11021 -1.28174 0 0 0 1 1 34840 380.769
27.4958 1 0.00638801 1.21869 1.21058 0.70539 1.5593 -2.07916 -1.28974 0 0 0 1 1 34850 380.878
27.5037 1 0.0064065 1.21856 1.21052 0.734806 1.55104 -2.04872 -1.29736 0 0 0 1 1 34860 380.987
27.5116 1 0.00642499 1.21844 1.21046 0.763156 1.54315 -2.01937 -1.30461 0 0 0 1 1 34870 381.096
27.5194 1 0.00644351 1.21832 1.21039 0.789985 1.5356 -1.99154 -1.3115 0 0 0 1 1 34880 381.205
27.5273 1 0.00646205 1.21821 1.21031 0.814868 1.52839 -1.96568 -1.31806 0 0 0 1 1 34890 381.315
27.5352 1 0.00648063 1.2181 1.21024 0.837406 1.52148 -1.94217 -1.32432 0 0 0 1 1 34900 381.424
27.5431 1 0.00649924 1.218 1.21015 0.857244 1.51484 -1.92138 -1.3303 0 0 0 1 1 34910 381.533
27.551 1 0.00651791 1.2179 1.21006 0.874068 1.50845 -1.90361 -1.33603 0 0 0 1 1 34920 381.642
27.5589 1 0.00653662 1.21781 1.20997 0.887614 1.50227 -1.88912 -1.34154 0 0 0 1 1 34930 381.752
27.5668 1 0.00655539 1.21772 1.20987 0.897671 1.49627 -1.87813 -1.34688 0 0 0 1 1 34940 381.861
27.5747 1 0.00657421 1.21763 1.20977 0.904086 1.4904 -1.87079 -1.35207 0 0 0 1 1 34950 381.97
27.5826 1 0.0065931 1.21755 1.20966 0.90676 1.48464 -1.86719 -1.35717 0 0 0 1 1 34960 382.079
27.5905 1 0.00661204 1.21748 1.20954 0.905656 1.47894 -1.86737 -1.36219 0 0 0 1 1 34970 382.189
27.5983 1 0.00663104 1.21741 1.20942 0.900796 1.47326 -1.8713 -1.36719 0 0 0 1 1 34980 382.298
27.6062 1 0.00665008 1.21734 1.2093 0.892256 1.46757 -1.87891 -1.3722 0 0 0 1 1 34990 382.407
27.6141 1 0.00666918 1.21728 1.20917 0.880171 1.46184 -1.89006 -1.37726 0 0 0 1 1 35000 382.516
27.622 1 0.00668832 1.21723 1.20904 0.864727 1.45602 -1.90456 -1.38239 0 0 0 1 1 35010 382.625
27.6299 1 0.00670749 1.21718 1.2089 0.846157 1.45009 -1.92218 -1.38763 0 0 0 1 1 35020 382.735
27.6378 1 0.0067267 1.21713 1.20876 0.824741 1.44402 -1.94264 -1.39301 0 0 0 1 1 35030 382.844
27.6457 1 0.00674592 1.21709 1.20861 0.800794 1.43779 -1.96562 -1.39855 0 0 0 1 1 35040 382.953
27.6536 1 0.00676515 1.21705 1.20846 0.774667 1.43137 -1.99077 -1.40428 0 0 0 1 1 35050 383.062
27.6615 1 0.00678438 1.21702 1.20831 0.746736 1.42474 -2.0177 -1.41021 0 0 0 1 1 35060 383.171
27.6694 1 0.00680359 1.21699 1.20814 0.717396 1.4179 -2.04603 -1.41635 0 0 0 1 1 35070 383.28
27.6772 1 0.00682279 1.21697 1.20798 0.687058 1.41082 -2.07535 -1.42272 0 0 0 1 1 35080 383.39
27.6851 1 0.00684194 1.21695 1.20781 0.65614 1.40352 -2.10523 -1.42932 0 0 0 1 1 35090 383.499
27.693 1 0.00686105 1.21694 1.20763 0.625057 1.39598 -2.13526 -1.43615 0 0 0 1 1 35100 383.608
27.7009 1 0.0068801 1.21693 1.20745 0.594222 1.38821 -2.16503 -1.4432 0 0 0 1 1 35110 383.717
27.7088 1 0.00689907 1.21693 1.20727 0.564032 1.38022 -2.19414 -1.45048 0 0 0 1 1 35120 383.826
27.7167 1 0.00691796 1.21693 1.20708 0.534869 1.37201 -2.22221 -1.45796 0 0 0 1 1 35130 383.935
27.7246 1 0.00693675 1.21693 1.20689 0.507089 1.3636 -2.24888 -1.46565 0 0 0 1 1 35140 384.045
27.7325 1 0.00695544 1.21694 1.20669 0.481022 1.35501 -2.27382 -1.47351 0 0 0 1 1 35150 384.154
27.7404 1 0.00697401 1.21696 1.20648 0.456964 1.34626 -2.29675 -1.48153 0 0 0 1 1 35160 384.263
27.7483 1 0.00699245 1.21698 1.20628 0.435175 1.33737 -2.31739 -1.48968 0 0 0 1 1 35170 384.372
27.7561 1 0.00701075 1.217 1.20607 0.415877 1.32837 -2.33554 -1.49794 0 0 0 1 1 35180 384.481
27.764 1 0.00702892 1.21703 1.20585 0.39925 1.31928 -2.351 -1.50629 0 0 0 1 1 35190 384.591
27.7719 1 0.00704692 1.21706 1.20563 0.385431 1.31013 -2.36365 -1.51469 0 0 0 1 1 35200 384.7
27.7798 1 0.00706477 1.21709 1.2054 0.374514 1.30095 -2.37339 -1.52311 0 0 0 1 1 35210 384.809
27.7877 1 0.00708246 1.21713 1.20517 0.366547 1.29177 -2.38018 -1.53154 0 0 0 1 1 35220 384.919
27.7956 1 0.00709998 1.21718 1.20494 0.361538 1.28262 -2.38401 -1.53993 0 0 0 1 1 35230 385.028
27.8035 1 0.00711733 1.21723 1.2047 0.359448 1.27352 -2.38492 -1.54826 0 0 0 1 1 35240 385.137
27.8114 1 0.0071345 1.21728 1.20446 0.360201 1.26451 -2.38298 -1.5565 0 0 0 1 1 35250 385.246
27.8193 1 0.0071515 1.21733 1.20422 0.363678 1.25561 -2.37833 -1.56463 0 0 0 1 1 35260 385.355
27.8271 1 0.00716833 1.21739 1.20397 0.369727 1.24684 -2.3711 -1.57261 0 0 0 1 1 35270 385.465
27.835 1 0.00718497 1.21746 1.20371 0.378162 1.23824 -2.36149 -1.58044 0 0 0 1 1 35280 385.574
27.8429 1 0.00720145 1.21753 1.20345 0.388765 1.22981 -2.34972 -1.58808 0 0 0 1 1 35290 385.683
27.8508 1 0.00721775 1.2176 1.20319 0.401293 1.22159 -2.33603 -1.59551 0 0 0 1 1 35300 385.792
27.8587 1 0.00723388 1.21768 1.20293 0.415482 1.21357 -2.32069 -1.60273 0 0 0 1 1 35310 385.901
27.8666 1 0.00724984 1.21775 1.20266 0.431047 1.20579 -2.30398 -1.60972 0 0 0 1 1 35320 386.011
27.8745 1 0.00726564 1.21784 1.20239 0.44769 1.19824 -2.2862 -1.61647 0 0 0 1 1 35330 386.12
27.8824 1 0.00728128 1.21792 1.20211 0.465105 1.19093 -2.26765 -1.62298 0 0 0 1 1 35340 386.229
27.8903 1 0.00729676 1.21802 1.20184 0.482979 1.18387 -2.24866 -1.62923 0 0 0 1 1 35350 386.338
27.8982 1 0.00731209 1.21811 1.20155 0.500998 1.17706 -2.22953 -1.63524 0 0 0 1 1 35360 386.447
27.906 1 0.00732728 1.21821 1.20127 0.518852 1.17049 -2.21058 -1.64099 0 0 0 1 1 35370 386.557
27.9139 1 0.00734232 1.21831 1.20098 0.536237 1.16416 -2.1921 -1.64651 0 0 0 1 1 35380 386.666
27.9218 1 0.00735722 1.21841 1.20069 0.552862 1.15806 -2.1744 -1.65179 0 0 0 1 1 35390 386.775
27.9297 1 0.00737198 1.21852 1.2004 0.568448 1.15218 -2.15774 -1.65685 0 0 0 1 1 35400 386.884
27.9376 1 0.00738661 1.21863 1.20011 0.582738 1.1465 -2.14238 -1.66171 0 0 0 1 1 35410 386.993
27.9455 1 0.00740111 1.21874 1.19981 0.595493 1.14101 -2.12857 -1.66637 0 0 0 1 1 35420 387.102
27.9534 1 0.00741549 1.21886 1.19951 0.6065 1.13569 -2.11651 -1.67086 0 0 0 1 1 35430 387.212
27.9613 1 0.00742974 1.21898 1.19921 0.615569 1.13052 -2.10639 -1.6752 0 0 0 1 1 35440 387.321
27.9692 1 0.00744387 1.2191 1.1989 0.622543 1.12549 -2.09838 -1.67941 0 0 0 1 1 35450 387.43
27.9771 1 0.00745788 1.21923 1.1986 0.62729 1.12055 -2.09259 -1.6835 0 0 0 1 1 35460 387.54
27.9849 1 0.00747176 1.21936 1.19829 0.629712 1.11571 -2.08914 -1.68752 0 0 0 1 1 35470 387.649
27.9928 1 0.00748553 1.21949 1.19798 0.62974 1.11092 -2.08807 -1.69147 0 0 0 1 1 35480 387.758
28.0007 1 0.00749917 1.21962 1.19766 0.627341 1.10616 -2.08944 -1.69539 0 0 0 1 1 35490 387.867
28.0086 1 0.00751268 1.21976 1.19735 0.622509 1.10141 -2.09323 -1.69929 0 0 0 1 1 35500 387.976
28.0165 1 0.00752606 1.2199 1.19703 0.615274 1.09665 -2.09943 -1.70321 0 0 0 1 1 35510 388.086
28.0244 1 0.00753932 1.22004 1.19672 0.605693 1.09186 -2.10796 -1.70716 0 0 0 1 1 35520 388.195
28.0323 1 0.00755243 1.22019 1.1964 0.593856 1.087 -2.11875 -1.71117 0 0 0 1 1 35530 388.304
28.0402 1 0.00756541 1.22033 1.19608 0.579881 1.08206 -2.13168 -1.71525 0 0 0 1 1 35540 388.413
28.0481 1 0.00757824 1.22048 1.19575 0.563912 1.07703 -2.14658 -1.71944 0 0 0 1 1 35550 388.522
28.056 1 0.00759091 1.22063 1.19543 0.546119 1.07187 -2.16331 -1.72374 0 0 0 1 1 35560 388.632
28.0638 1 0.00760343 1.22079 1.1951 0.526696 1.06658 -2.18165 -1.72817 0 0 0 1 1 35570 388.741
28.0717 1 0.00761578 1.22094 1.19478 0.505856 1.06115 -2.20141 -1.73275 0 0 0 1 1 35580 388.85
28.0796 1 0.00762796 1.2211 1.19445 0.483834 1.05555 -2.22233 -1.73749 0 0 0 1 1 35590 388.959
28.0875 1 0.00763995 1.22126 1.19412 0.460878 1.04979 -2.24418 -1.74239 0 0 0 1 1 35600 389.068
28.0954 1 0.00765176 1.22143 1.19379 0.437249 1.04386 -2.26669 -1.74746 0 0 0 1 1 35610 389.178
28.1033 1 0.00766336 1.22159 1.19345 0.413222 1.03775 -2.28959 -1.7527 0 0 0 1 1 35620 389.287
28.1112 1 0.00767476 1.22176 1.19312 0.389074 1.03146 -2.31259 -1.75812 0 0 0 1 1 35630 389.396
28.1191 1 0.00768594 1.22193 1.19278 0.365089 1.02499 -2.33543 -1.76371 0 0 0 1 1 35640 389.505
28.127 1 0.0076969 1.2221 1.19245 0.341549 1.01836 -2.3578 -1.76947 0 0 0 1 1 35650 389.614
28.1348 1 0.00770763 1.22227 1.19211 0.318734 1.01156 -2.37944 -1.77539 0 0 0 1 1 35660 389.724
28.1427 1 0.00771812 1.22244 1.19177 0.296916 1.00461 -2.40008 -1.78146 0 0 0 1 1 35670 389.833
28.1506 1 0.00772836 1.22262 1.19143 0.276354 0.997515 -2.41944 -1.78767 0 0 0 1 1 35680 389.942
28.1585 1 0.00773835 1.2228 1.19109 0.257295 0.990299 -2.4373 -1.79399 0 0 0 1 1 35690 390.052
28.1664 1 0.00774808 1.22298 1.19074 0.239966 0.982975 -2.45341 -1.80043 0 0 0 1 1 35700 390.161
28.1743 1 0.00775754 1.22316 1.1904 0.224571 0.975563 -2.46759 -1.80694 0 0 0 1 1 35710 390.27
28.1822 1 0.00776673 1.22334 1.19005 0.211289 0.968084 -2.47964 -1.81352 0 0 0 1 1 35720 390.38
28.1901 1 0.00777564 1.22352 1.18971 0.200269 0.96056 -2.48943 -1.82015 0 0 0 1 1 35730 390.489
28.198 1 0.00778428 1.2237 1.18936 0.191631 0.953014 -2.49683 -1.82679 0 0 0 1 1 35740 390.598
28.2059 1 0.00779263 1.22389 1.18901 0.185458 0.945471 -2.50177 -1.83343 0 0 0 1 1 35750 390.707
28.2137 1 0.0078007 1.22407 1.18866 0.1818 0.937955 -2.50418 -1.84003 0 0 0 1 1 35760 390.817
28.2216 1 0.00780848 1.22426 1.18831 0.180668 0.93049 -2.50407 -1.84658 0 0 0 1 1 35770 390.926
28.2295 1 0.00781598 1.22445 1.18796 0.182037 0.923102 -2.50147 -1.85305 0 0 0 1 1 35780 391.035
28.2374 1 0.0078232 1.22464 1.18761 0.185845 0.915813 -2.49642 -1.85942 0 0 0 1 1 35790 391.144
28.2453 1 0.00783013 1.22483 1.18726 0.191992 0.908647 -2.48904 -1.86566 0 0 0 1 1 35800 391.253
28.2532 1 0.00783679 1.22502 1.1869 0.200345 0.901624 -2.47945 -1.87176 0 0 0 1 1 35810 391.363
28.2611 1 0.00784316 1.22521 1.18655 0.210738 0.894763 -2.46783 -1.87769 0 0 0 1 1 35820 391.472
28.269 1 0.00784927 1.2254 1.18619 0.222974 0.888083 -2.45438 -1.88344 0 0 0 1 1 35830 391.581
28.2769 1 0.00785511 1.22559 1.18584 0.236832 0.881599 -2.43931 -1.88899 0 0 0 1 1 35840 391.69
28.2848 1 0.00786069 1.22578 1.18548 0.252066 0.875323 -2.42287 -1.89433 0 0 0 1 1 35850 391.8
28.2926 1 0.00786601 1.22597 1.18513 0.268414 0.869265 -2.40532 -1.89944 0 0 0 1 1 35860 391.909
28.3005 1 0.00787107 1.22617 1.18477 0.2856 0.863433 -2.38695 -1.90433 0 0 0 1 1 35870 392.018
28.3084 1 0.0078759 1.22636 1.18442 0.303338 0.857831 -2.36803 -1.90899 0 0 0 1 1 35880 392.127
28.3163 1 0.00788049 1.22655 1.18406 0.321342 0.852461 -2.34886 -1.91341 0 0 0 1 1 35890 392.237
28.3242 1 0.00788485 1.22675 1.1837 0.339323 0.847322 -2.32972 -1.9176 0 0 0 1 1 35900 392.346
28.3321 1 0.00788898 1.22694 1.18335 0.357002 0.842409 -2.31089 -1.92156 0 0 0 1 1 35910 392.455
28.34 1 0.0078929 1.22713 1.18299 0.37411 0.837716 -2.29264 -1.9253 0 0 0 1 1 35920 392.564
28.3479 1 0.0078966 1.22732 1.18263 0.390393 0.833234 -2.27523 -1.92883 0 0 0 1 1 35930 392.674
28.3558 1 0.0079001 1.22752 1.18227 0.405616 0.828951 -2.25888 -1.93216 0 0 0 1 1 35940 392.783
28.3637 1 0.0079034 1.22771 1.18192 0.419569 0.824853 -2.24381 -1.93529 0 0 0 1 1 35950 392.892
28.3715 1 0.0079065 1.2279 1.18156 0.432065 0.820926 -2.23021 -1.93826 0 0 0 1 1 35960 393.001
28.3794 1 0.00790941 1.22809 1.1812 0.442949 0.817152 -2.21822 -1.94107 0 0 0 1 1 35970 393.111
28.3873 1 0.00791214 1.22828 1.18085 0.452093 0.813513 -2.20798 -1.94375 0 0 0 1 1 35980 393.22
28.3952 1 0.00791468 1.22848 1.18049 0.459402 0.809991 -2.19958 -1.94631 0 0 0 1 1 35990 393.329
28.4031 1 0.00791704 1.22867 1.18014 0.464814 0.806564 -2.19308 -1.94877 0 0 0 1 1 36000 393.438
28.411 1 0.00791921 1.22886 1.17978 0.468297 0.803215 -2.18851 -1.95115 0 0 0 1 1 36010 393.548
28.4189 1 0.00792121 1.22904 1.17943 0.469853 0.799923 -2.18587 -1.95348 0 0 0 1 1 36020 393.657
28.4268 1 0.00792304 1.22923 1.17908 0.469511 0.796667 -2.18513 -1.95576 0 0 0 1 1 36030 393.766
28.4347 1 0.00792468 1.22942 1.17872 0.467333 0.793431 -2.18622 -1.95803 0 0 0 1 1 36040 393.876
28.4425 1 0.00792614 1.22961 1.17837 0.463404 0.790196 -2.18907 -1.96029 0 0 0 1 1 36050 393.985
28.4504 1 0.00792742 1.22979 1.17802 0.457836 0.786944 -2.19355 -1.96257 0 0 0 1 1 36060 394.095
28.4583 1 0.00792851 1.22998 1.17767 0.45076 0.783662 -2.19954 -1.96488 0 0 0 1 1 36070 394.204
28.4662 1 0.00792942 1.23016 1.17733 0.442327 0.780334 -2.20688 -1.96723 0 0 0 1 1 36080 394.313
28.4741 1 0.00793014 1.23034 1.17698 0.432702 0.77695 -2.21541 -1.96964 0 0 0 1 1 36090 394.422
28.482 1 0.00793066 1.23052 1.17663 0.422064 0.773498 -2.22494 -1.97212 0 0 0 1 1 36100 394.531
28.4899 1 0.00793098 1.2307 1.17629 0.410599 0.769971 -2.2353 -1.97466 0 0 0 1 1 36110 394.641
28.4978 1 0.0079311 1.23088 1.17595 0.398497 0.766362 -2.24629 -1.97729 0 0 0 1 1 36120 394.75
28.5057 1 0.00793101 1.23106 1.1756 0.385952 0.762667 -2.25772 -1.98001 0 0 0 1 1 36130 394.859
28.5136 1 0.00793071 1.23123 1.17526 0.373157 0.758883 -2.2694 -1.98281 0 0 0 1 1 36140 394.968
28.5214 1 0.00793019 1.23141 1.17493 0.360298 0.75501 -2.28113 -1.9857 0 0 0 1 1 36150 395.077
28.5293 1 0.00792944 1.23158 1.17459 0.347557 0.751048 -2.29273 -1.98868 0 0 0 1 1 36160 395.186
28.5372 1 0.00792847 1.23175 1.17425 0.335106 0.747002 -2.30404 -1.99174 0 0 0 1 1 36170 395.296
28.5451 1 0.00792727 1.23192 1.17392 0.323106 0.742874 -2.3149 -1.99487 0 0 0 1 1 36180 395.405
28.553 1 0.00792582 1.23208 1.17359 0.311704 0.738673 -2.32515 -1.99809 0 0 0 1 1 36190 395.514
28.5609 1 0.00792414 1.23225 1.17326 0.301033 0.734404 -2.33467 -2.00136 0 0 0 1 1 36200 395.623
28.5688 1 0.00792221 1.23241 1.17293 0.29121 0.730076 -2.34333 -2.0047 0 0 0 1 1 36210 395.732
28.5767 1 0.00792003 1.23257 1.17261 0.282336 0.7257 -2.35104 -2.00808 0 0 0 1 1 36220 395.842
28.5846 1 0.0079176 1.23273 1.17228 0.274493 0.721285 -2.35772 -2.0115 0 0 0 1 1 36230 395.951
28.5925 1 0.00791491 1.23289 1.17196 0.267748 0.716841 -2.36329 -2.01494 0 0 0 1 1 36240 396.06
28.6003 1 0.00791197 1.23305 1.17164 0.262149 0.712382 -2.36772 -2.0184 0 0 0 1 1 36250 396.169
28.6082 1 0.00790876 1.2332 1.17133 0.257726 0.707917 -2.37096 -2.02187 0 0 0 1 1 36260 396.278
28.6161 1 0.00790529 1.23335 1.17101 0.254494 0.703459 -2.37302 -2.02532 0 0 0 1 1 36270 396.387
28.624 1 0.00790155 1.2335 1.1707 0.252451 0.69902 -2.37389 -2.02876 0 0 0 1 1 36280 396.497
28.6319 1 0.00789756 1.23364 1.17039 0.251579 0.694611 -2.37358 -2.03216 0 0 0 1 1 36290 396.606
28.6398 1 0.00789329 1.23379 1.17008 0.251847 0.690243 -2.37214 -2.03552 0 0 0 1 1 36300 396.715
28.6477 1 0.00788877 1.23393 1.16978 0.253209 0.685926 -2.3696 -2.03882 0 0 0 1 1 36310 396.824
28.6556 1 0.00788397 1.23407 1.16948 0.255607 0.681672 -2.36603 -2.04207 0 0 0 1 1 36320 396.933
28.6635 1 0.00787892 1.2342 1.16918 0.258973 0.677488 -2.36149 -2.04524 0 0 0 1 1 36330 397.042
28.6714 1 0.0078736 1.23434 1.16888 0.263228 0.673384 -2.35607 -2.04833 0 0 0 1 1 36340 397.151
28.6792 1 0.00786802 1.23447 1.16859 0.268283 0.669366 -2.34985 -2.05133 0 0 0 1 1 36350 397.261
28.6871 1 0.00786219 1.23459 1.1683 0.274044 0.665442 -2.34292 -2.05424 0 0 0 1 1 36360 397.37
28.695 1 0.0078561 1.23472 1.16801 0.280409 0.661616 -2.3354 -2.05704 0 0 0 1 1 36370 397.479
28.7029 1 0.00784975 1.23484 1.16773 0.28727 0.657894 -2.32738 -2.05974 0 0 0 1 1 36380 397.589
28.7108 1 0.00784315 1.23496 1.16745 0.294516 0.654279 -2.31898 -2.06234 0 0 0 1 1 36390 397.698
28.7187 1 0.00783631 1.23507 1.16717 0.302031 0.650772 -2.31032 -2.06482 0 0 0 1 1 36400 397.807
28.7266 1 0.00782922 1.23519 1.16689 0.3097 0.647375 -2.30151 -2.06719 0 0 0 1 1 36410 397.916
28.7345 1 0.00782189 1.2353 1.16662 0.317404 0.644087 -2.29267 -2.06946 0 0 0 1 1 36420 398.025
28.7424 1 0.00781432 1.2354 1.16636 0.325026 0.640907 -2.28391 -2.07161 0 0 0 1 1 36430 398.135
28.7502 1 0.00780652 1.23551 1.16609 0.332449 0.637833 -2.27536 -2.07366 0 0 0 1 1 36440 398.244
28.7581 1 0.00779848 1.23561 1.16583 0.339557 0.63486 -2.26712 -2.0756 0 0 0 1 1 36450 398.353
28.766 1 0.00779022 1.2357 1.16558 0.346241 0.631985 -2.25932 -2.07745 0 0 0 1 1 36460 398.462
28.7739 1 0.00778173 1.2358 1.16532 0.352392 0.629201 -2.25205 -2.0792 0 0 0 1 1 36470 398.571
28.7818 1 0.00777302 1.23589 1.16507 0.357909 0.626502 -2.24542 -2.08087 0 0 0 1 1 36480 398.68
28.7897 1 0.00776409 1.23597 1.16483 0.362695 0.623881 -2.23952 -2.08246 0 0 0 1 1 36490 398.79
28.7976 1 0.00775494 1.23606 1.16459 0.366662 0.621327 -2.23444 -2.08398 0 0 0 1 1 36500 398.899
28.8055 1 0.00774558 1.23614 1.16435 0.36973 0.618834 -2.23027 -2.08544 0 0 0 1 1 36510 399.008
28.8134 1 0.00773601 1.23621 1.16412 0.371828 0.616389 -2.22707 -2.08685 0 0 0 1 1 36520 399.117
28.8213 1 0.00772622 1.23629 1.16389 0.372895 0.613985 -2.2249 -2.08822 0 0 0 1 1 36530 399.226
28.8291 1 0.00771623 1.23636 1.16366 0.372881 0.611608 -2.22381 -2.08956 0 0 0 1 1 36540 399.335
28.837 1 0.00770603 1.23642 1.16344 0.37175 0.609249 -2.22384 -2.09088 0 0 0 1 1 36550 399.445
28.8449 1 0.00769562 1.23648 1.16322 0.369476 0.606896 -2.22501 -2.0922 0 0 0 1 1 36560 399.554
28.8528 1 0.00768501 1.23654 1.16301 0.366051 0.604537 -2.22733 -2.09352 0 0 0 1 1 36570 399.663
28.8607 1 0.00767419 1.2366 1.1628 0.361476 0.602161 -2.2308 -2.09486 0 0 0 1 1 36580 399.772
28.8686 1 0.00766316 1.23665 1.16259 0.35577 0.599758 -2.2354 -2.09622 0 0 0 1 1 36590 399.881
28.8765 1 0.00765193 1.2367 1.16239 0.348967 0.597316 -2.24109 -2.09762 0 0 0 1 1 36600 399.99
28.8844 1 0.00764048 1.23674 1.16219 0.341115 0.594825 -2.24783 -2.09907 0 0 0 1 1 36610 400.099
28.8923 1 0.00762883 1.23678 1.16199 0.332276 0.592276 -2.25555 -2.10058 0 0 0 1 1 36620 400.209
28.9002 1 0.00761696 1.23682 1.1618 0.322529 0.58966 -2.26418 -2.10216 0 0 0 1 1 36630 400.318
28.908 1 0.00760488 1.23685 1.16162 0.311965 0.586969 -2.27362 -2.10381 0 0 0 1 1 36640 400.484
28.9159 1 0.00759258 1.23688 1.16144 0.300688 0.584197 -2.28377 -2.10553 0 0 0 1 1 36650 400.593
28.9238 1 0.00758006 1.2369 1.16126 0.288817 0.581337 -2.2945 -2.10735 0 0 0 1 1 36660 400.702
28.9317 1 0.00756732 1.23692 1.16108 0.276477 0.578386 -2.3057 -2.10926 0 0 0 1 1 36670 400.812
28.9396 1 0.00755436 1.23694 1.16091 0.263807 0.57534 -2.31723 -2.11126 0 0 0 1 1 36680 400.921
28.9475 1 0.00754116 1.23695 1.16075 0.250949 0.572199 -2.32893 -2.11335 0 0 0 1 1 36690 401.03
28.9554 1 0.00752773 1.23696 1.16058 0.238055 0.568961 -2.34067 -2.11554 0 0 0 1 1 36700 401.139
28.9633 1 0.00751406 1.23696 1.16043 0.225276 0.565628 -2.35228 -2.11782 0 0 0 1 1 36710 401.248
28.9712 1 0.00750016 1.23697 1.16027 0.212765 0.562204 -2.36363 -2.1202 0 0 0 1 1 36720 401.357
28.9791 1 0.00748601 1.23696 1.16012 0.200676 0.558692 -2.37454 -2.12266 0 0 0 1 1 36730 401.467
28.9869 1 0.00747161 1.23696 1.15998 0.189156 0.555099 -2.38488 -2.1252 0 0 0 1 1 36740 401.576
28.9948 1 0.00745696 1.23694 1.15984 0.178347 0.551431 -2.3945 -2.12781 0 0 0 1 1 36750 401.685
29.0027 1 0.00744207 1.23693 1.1597 0.168382 0.547697 -2.40328 -2.13049 0 0 0 1 1 36760 401.794
29.0106 1 0.00742692 1.23691 1.15957 0.159382 0.543907 -2.41109 -2.13322 0 0 0 1 1 36770 401.903
29.0185 1 0.00741151 1.23689 1.15944 0.151455 0.540072 -2.41782 -2.136 0 0 0 1 1 36780 402.012
29.0264 1 0.00739584 1.23686 1.15931 0.144695 0.536202 -2.42338 -2.13881 0 0 0 1 1 36790 402.121
29.0343 1 0.00737991 1.23683 1.15919 0.139179 0.53231 -2.42769 -2.14164 0 0 0 1 1 36800 402.23
29.0422 1 0.00736373 1.23679 1.15908 0.134964 0.52841 -2.4307 -2.14448 0 0 0 1 1 36810 402.34
29.0501 1 0.00734728 1.23675 1.15896 0.132089 0.524513 -2.43237 -2.14731 0 0 0 1 1 36820 402.449
29.0579 1 0.00733058 1.23671 1.15886 0.130573 0.520635 -2.43268 -2.15012 0 0 0 1 1 36830 402.558
29.0658 1 0.00731361 1.23666 1.15875 0.130416 0.516786 -2.43163 -2.15291 0 0 0 1 1 36840 402.667
29.0737 1 0.00729639 1.23661 1.15865 0.131595 0.512982 -2.42925 -2.15564 0 0 0 1 1 36850 402.776
29.0816 1 0.00727891 1.23655 1.15856 0.134071 0.509233 -2.42557 -2.15832 0 0 0 1 1 36860 402.886
29.0895 1 0.00726118 1.23649 1.15847 0.137784 0.505553 -2.42065 -2.16093 0 0 0 1 1 36870 402.995
29.0974 1 0.00724319 1.23643 1.15838 0.142657 0.501952 -2.41458 -2.16346 0 0 0 1 1 36880 403.105
29.1053 1 0.00722496 1.23636 1.1583 0.148599 0.498441 -2.40745 -2.1659 0 0 0 1 1 36890 403.214
29.1132 1 0.00720648 1.23629 1.15822 0.155502 0.495028 -2.39935 -2.16824 0 0 0 1 1 36900 403.323
29.1211 1 0.00718777 1.23621 1.15815 0.163248 0.491721 -2.39042 -2.17047 0 0 0 1 1 36910 403.432
29.129 1 0.00716882 1.23613 1.15808 0.17171 0.488528 -2.38077 -2.17258 0 0 0 1 1 36920 403.542
29.1368 1 0.00714964 1.23604 1.15801 0.180753 0.485453 -2.37055 -2.17458 0 0 0 1 1 36930 403.651
29.1447 1 0.00713023 1.23595 1.15795 0.190237 0.482499 -2.3599 -2.17646 0 0 0 1 1 36940 403.76
29.1526 1 0.0071106 1.23586 1.15789 0.200019 0.47967 -2.34895 -2.17821 0 0 0 1 1 36950 403.869
29.1605 1 0.00709076 1.23576 1.15784 0.209958 0.476967 -2.33785 -2.17983 0 0 0 1 1 36960 403.979
29.1684 1 0.00707071 1.23566 1.15779 0.219916 0.474388 -2.32673 -2.18133 0 0 0 1 1 36970 404.088
29.1763 1 0.00705045 1.23556 1.15774 0.229757 0.471932 -2.31574 -2.1827 0 0 0 1 1 36980 404.197
29.1842 1 0.00702999 1.23545 1.1577 0.239354 0.469597 -2.305 -2.18396 0 0 0 1 1 36990 404.306
29.1921 1 0.00700934 1.23533 1.15766 0.248588 0.467377 -2.29463 -2.18509 0 0 0 1 1 37000 404.415
29.2 1 0.0069885 1.23522 1.15763 0.257352 0.465267 -2.28473 -2.18612 0 0 0 1 1 37010 404.524
29.2079 1 0.00696748 1.23509 1.1576 0.265548 0.463262 -2.2754 -2.18704 0 0 0 1 1 37020 404.634
29.2157 1 0.00694628 1.23497 1.15758 0.273093 0.461354 -2.26673 -2.18786 0 0 0 1 1 37030 404.743
29.2236 1 0.0069249 1.23484 1.15755 0.279916 0.459535 -2.25879 -2.1886 0 0 0 1 1 37040 404.852
29.2315 1 0.00690335 1.2347 1.15754 0.285961 0.457798 -2.25162 -2.18925 0 0 0 1 1 37050 404.961
29.2394 1 0.00688164 1.23457 1.15752 0.291185 0.456132 -2.24529 -2.18983 0 0 0 1 1 37060 405.071
29.2473 1 0.00685976 1.23443 1.15751 0.29556 0.45453 -2.2398 -2.19035 0 0 0 1 1 37070 405.18
29.2552 1 0.00683772 1.23428 1.15751 0.299072 0.452982 -2.23518 -2.19081 0 0 0 1 1 37080 405.289
29.2631 1 0.00681553 1.23413 1.15751 0.301719 0.45148 -2.23142 -2.19122 0 0 0 1 1 37090 405.398
29.271 1 0.00679318 1.23398 1.15751 0.303511 0.450014 -2.22853 -2.1916 0 0 0 1 1 37100 405.507
29.2789 1 0.00677067 1.23382 1.15751 0.304473 0.448575 -2.22646 -2.19196 0 0 0 1 1 37110 405.616
29.2868 1 0.00674802 1.23366 1.15752 0.304635 0.447155 -2.22519 -2.19229 0 0 0 1 1 37120 405.725
29.2946 1 0.00672522 1.23349 1.15754 0.304041 0.445747 -2.22469 -2.19261 0 0 0 1 1 37130 405.835
29.3025 1 0.00670227 1.23333 1.15755 0.30274 0.444344 -2.22488 -2.19293 0 0 0 1 1 37140 405.944
29.3104 1 0.00667918 1.23315 1.15757 0.300789 0.442937 -2.22573 -2.19325 0 0 0 1 1 37150 406.053
29.3183 1 0.00665593 1.23298 1.1576 0.298249 0.441522 -2.22717 -2.19357 0 0 0 1 1 37160 406.162
29.3262 1 0.00663255 1.2328 1.15763 0.295187 0.440093 -2.22913 -2.19392 0 0 0 1 1 37170 406.271
29.3341 1 0.00660902 1.23262 1.15766 0.291671 0.438645 -2.23154 -2.19428 0 0 0 1 1 37180 406.38
29.342 1 0.00658534 1.23243 1.15769 0.287773 0.437175 -2.23433 -2.19466 0 0 0 1 1 37190 406.489
29.3499 1 0.00656152 1.23224 1.15773 0.283563 0.435679 -2.23743 -2.19507 0 0 0 1 1 37200 406.598
29.3578 1 0.00653756 1.23204 1.15777 0.279111 0.434155 -2.24077 -2.1955 0 0 0 1 1 37210 406.708
29.3656 1 0.00651345 1.23185 1.15782 0.274487 0.432602 -2.24428 -2.19597 0 0 0 1 1 37220 406.817
29.3735 1 0.0064892 1.23165 1.15787 0.26976 0.431017 -2.2479 -2.19646 0 0 0 1 1 37230 406.926
29.3814 1 0.0064648 1.23144 1.15792 0.264992 0.429401 -2.25155 -2.19699 0 0 0 1 1 37240 407.035
29.3893 1 0.00644025 1.23123 1.15798 0.260246 0.427754 -2.25518 -2.19755 0 0 0 1 1 37250 407.144
29.3972 1 0.00641556 1.23102 1.15803 0.255581 0.426077 -2.25872 -2.19813 0 0 0 1 1 37260 407.253
29.4051 1 0.00639073 1.23081 1.1581 0.251048 0.424371 -2.26214 -2.19875 0 0 0 1 1 37270 407.362
29.413 1 0.00636574 1.23059 1.15816 0.2467 0.422638 -2.26536 -2.19939 0 0 0 1 1 37280 407.472
29.4209 1 0.00634061 1.23037 1.15823 0.24258 0.42088 -2.26836 -2.20006 0 0 0 1 1 37290 407.581
29.4288 1 0.00631533 1.23015 1.1583 0.238729 0.419101 -2.27108 -2.20075 0 0 0 1 1 37300 407.69
29.4367 1 0.00628991 1.22992 1.15837 0.235185 0.417303 -2.2735 -2.20146 0 0 0 1 1 37310 407.799
29.4445 1 0.00626434 1.22969 1.15845 0.231979 0.415489 -2.27558 -2.20218 0 0 0 1 1 37320 407.908
29.4524 1 0.00623862 1.22945 1.15853 0.229138 0.413664 -2.27729 -2.20291 0 0 0 1 1 37330 408.018
29.4603 1 0.00621276 1.22922 1.15862 0.226686 0.411831 -2.27861 -2.20365 0 0 0 1 1 37340 408.127
29.4682 1 0.00618675 1.22898 1.1587 0.22464 0.409994 -2.27953 -2.2044 0 0 0 1 1 37350 408.236
29.4761 1 0.0061606 1.22874 1.15879 0.223014 0.408157 -2.28003 -2.20514 0 0 0 1 1 37360 408.345
29.484 1 0.0061343 1.22849 1.15888 0.221818 0.406325 -2.28009 -2.20588 0 0 0 1 1 37370 408.455
29.4919 1 0.00610786 1.22824 1.15898 0.221057 0.404501 -2.27972 -2.20661 0 0 0 1 1 37380 408.564
29.4998 1 0.00608128 1.22799 1.15908 0.22073 0.40269 -2.27892 -2.20733 0 0 0 1 1 37390 408.674
29.5077 1 0.00605456 1.22774 1.15918 0.220834 0.400896 -2.27769 -2.20803 0 0 0 1 1 37400 408.783
29.5156 1 0.0060277 1.22748 1.15928 0.22136 0.399123 -2.27603 -2.2087 0 0 0 1 1 37410 408.892
29.5234 1 0.00600071 1.22722 1.15938 0.222294 0.397375 -2.27397 -2.20936 0 0 0 1 1 37420 409.001
29.5313 1 0.00597358 1.22696 1.15949 0.223619 0.395655 -2.27152 -2.20998 0 0 0 1 1 37430 409.111
29.5392 1 0.00594632 1.22669 1.1596 0.225311 0.393967 -2.2687 -2.21057 0 0 0 1 1 37440 409.22
29.5471 1 0.00591893 1.22642 1.15972 0.227344 0.392315 -2.26554 -2.21113 0 0 0 1 1 37450 409.329
29.555 1 0.00589142 1.22615 1.15983 0.229685 0.390701 -2.26208 -2.21165 0 0 0 1 1 37460 409.438
29.5629 1 0.00586378 1.22588 1.15995 0.232298 0.389127 -2.25835 -2.21213 0 0 0 1 1 37470 409.547
29.5708 1 0.00583602 1.22561 1.16007 0.235143 0.387596 -2.25438 -2.21256 0 0 0 1 1 37480 409.656
29.5787 1 0.00580814 1.22533 1.16019 0.238177 0.386109 -2.25023 -2.21295 0 0 0 1 1 37490 409.765
29.5866 1 0.00578015 1.22505 1.16032 0.24135 0.384667 -2.24595 -2.21329 0 0 0 1 1 37500 409.874
29.5945 1 0.00575205 1.22477 1.16044 0.244614 0.383272 -2.24157 -2.21359 0 0 0 1 1 37510 409.983
29.6023 1 0.00572384 1.22448 1.16057 0.247914 0.381923 -2.23716 -2.21384 0 0 0 1 1 37520 410.093
29.6102 1 0.00569552 1.22419 1.1607 0.251196 0.380619 -2.23277 -2.21405 0 0 0 1 1 37530 410.202
29.6181 1 0.0056671 1.22391 1.16084 0.254404 0.37936 -2.22846 -2.21421 0 0 0 1 1 37540 410.311
29.626 1 0.00563858 1.22361 1.16097 0.257481 0.378145 -2.22428 -2.21433 0 0 0 1 1 37550 410.42
29.6339 1 0.00560997 1.22332 1.16111 0.260372 0.376971 -2.22028 -2.21441 0 0 0 1 1 37560 410.529
29.6418 1 0.00558127 1.22303 1.16125 0.263022 0.375836 -2.21653 -2.21444 0 0 0 1 1 37570 410.638
29.6497 1 0.00555247 1.22273 1.16139 0.265378 0.374737 -2.21308 -2.21444 0 0 0 1 1 37580 410.747
29.6576 1 0.00552359 1.22243 1.16153 0.267392 0.373669 -2.20997 -2.21441 0 0 0 1 1 37590 410.857
29.6655 1 0.00549463 1.22213 1.16167 0.269019 0.372631 -2.20725 -2.21435 0 0 0 1 1 37600 410.966
29.6733 1 0.00546559 1.22183 1.16182 0.270217 0.371616 -2.20496 -2.21427 0 0 0 1 1 37610 411.075
29.6812 1 0.00543647 1.22153 1.16196 0.270955 0.37062 -2.20313 -2.21417 0 0 0 1 1 37620 411.184
29.6891 1 0.00540728 1.22122 1.16211 0.271202 0.369639 -2.20179 -2.21405 0 0 0 1 1 37630 411.293
29.697 1 0.00537801 1.22091 1.16226 0.27094 0.368668 -2.20096 -2.21393 0 0 0 1 1 37640 411.402
29.7049 1 0.00534867 1.2206 1.16241 0.270155 0.3677 -2.20065 -2.2138 0 0 0 1 1 37650 411.511
29.7128 1 0.00531926 1.22029 1.16256 0.268843 0.366732 -2.20087 -2.21367 0 0 0 1 1 37660 411.621
29.7207 1 0.00528979 1.21998 1.16271 0.267007 0.365757 -2.20162 -2.21355 0 0 0 1 1 37670 411.73
29.7286 1 0.00526024 1.21967 1.16286 0.264662 0.364771 -2.20287 -2.21343 0 0 0 1 1 37680 411.839
29.7365 1 0.00523064 1.21936 1.16302 0.261826 0.363769 -2.20461 -2.21334 0 0 0 1 1 37690 411.948
29.7444 1 0.00520097 1.21904 1.16317 0.258532 0.362746 -2.20682 -2.21327 0 0 0 1 1 37700 412.057
29.7522 1 0.00517123 1.21873 1.16333 0.254815 0.361698 -2.20944 -2.21322 0 0 0 1 1 37710 412.167
29.7601 1 0.00514143 1.21841 1.16348 0.250721 0.360622 -2.21244 -2.21319 0 0 0 1 1 37720 412.276
29.768 1 0.00511157 1.21809 1.16364 0.246301 0.359515 -2.21576 -2.2132 0 0 0 1 1 37730 412.385
29.7759 1 0.00508165 1.21777 1.16379 0.241614 0.358373 -2.21935 -2.21325 0 0 0 1 1 37740 412.494
29.7838 1 0.00505166 1.21745 1.16395 0.236722 0.357196 -2.22314 -2.21333 0 0 0 1 1 37750 412.604
29.7917 1 0.00502162 1.21713 1.16411 0.231692 0.35598 -2.22706 -2.21345 0 0 0 1 1 37760 412.713
29.7996 1 0.00499151 1.21681 1.16427 0.226592 0.354727 -2.23106 -2.2136 0 0 0 1 1 37770 412.822
29.8075 1 0.00496133 1.21649 1.16442 0.221494 0.353436 -2.23505 -2.2138 0 0 0 1 1 37780 412.931
29.8154 1 0.0049311 1.21617 1.16458 0.216468 0.352107 -2.23897 -2.21403 0 0 0 1 1 37790 413.04
29.8233 1 0.0049008 1.21584 1.16474 0.211583 0.350743 -2.24274 -2.21429 0 0 0 1 1 37800 413.15
29.8311 1 0.00487044 1.21552 1.1649 0.206908 0.349346 -2.2463 -2.21459 0 0 0 1 1 37810 413.259
29.839 1 0.00484001 1.21519 1.16506 0.202507 0.347917 -2.24959 -2.21493 0 0 0 1 1 37820 413.368
29.8469 1 0.00480952 1.21487 1.16522 0.198437 0.346461 -2.25254 -2.21528 0 0 0 1 1 37830 413.477
29.8548 1 0.00477898 1.21455 1.16537 0.194753 0.344981 -2.25511 -2.21567 0 0 0 1 1 37840 413.586
29.8627 1 0.00474836 1.21422 1.16553 0.191501 0.343481 -2.25724 -2.21607 0 0 0 1 1 37850 413.695
29.8706 1 0.00471769 1.2139 1.16569 0.188721 0.341967 -2.2589 -2.21648 0 0 0 1 1 37860 413.805
29.8785 1 0.00468696 1.21357 1.16585 0.186444 0.340443 -2.26006 -2.21691 0 0 0 1 1 37870 413.914
29.8864 1 0.00465616 1.21325 1.16601 0.184692 0.338915 -2.26069 -2.21734 0 0 0 1 1 37880 414.023
29.8943 1 0.00462531 1.21292 1.16616 0.183481 0.337387 -2.26078 -2.21776 0 0 0 1 1 37890 414.132
29.9022 1 0.0045944 1.2126 1.16632 0.182814 0.335865 -2.26033 -2.21819 0 0 0 1 1 37900 414.241
29.91 1 0.00456344 1.21227 1.16648 0.18269 0.334355 -2.25933 -2.2186 0 0 0 1 1 37910 414.351
29.9179 1 0.00453242 1.21195 1.16663 0.183097 0.332861 -2.25781 -2.21899 0 0 0 1 1 37920 414.46
29.9258 1 0.00450136 1.21162 1.16679 0.184015 0.331389 -2.25577 -2.21936 0 0 0 1 1 37930 414.569
29.9337 1 0.00447024 1.2113 1.16694 0.185416 0.329943 -2.25325 -2.21971 0 0 0 1 1 37940 414.678
29.9416 1 0.00443908 1.21097 1.1671 0.187268 0.328528 -2.25028 -2.22002 0 0 0 1 1 37950 414.788
29.9495 1 0.00440788 1.21065 1.16725 0.18953 0.327147 -2.24691 -2.2203 0 0 0 1 1 37960 414.897
29.9574 1 0.00437664 1.21033 1.1674 0.192159 0.325804 -2.24316 -2.22055 0 0 0 1 1 37970 415.006
29.9653 1 0.00434536 1.21001 1.16755 0.195106 0.324502 -2.23911 -2.22075 0 0 0 1 1 37980 415.116
29.9732 1 0.00431405 1.20969 1.1677 0.19832 0.323243 -2.23478 -2.22091 0 0 0 1 1 37990 415.225
29.981 1 0.00428271 1.20936 1.16785 0.201746 0.32203 -2.23025 -2.22102 0 0 0 1 1 38000 415.334
29.9889 1 0.00425135 1.20905 1.168 0.205331 0.320863 -2.22556 -2.22108 0 0 0 1 1 38010 415.443
29.9968 1 0.00421996 1.20873 1.16815 0.209021 0.319744 -2.22077 -2.2211 0 0 0 1 1 38020 415.552
30.0047 1 0.00418856 1.20841 1.1683 0.212761 0.318672 -2.21593 -2.22107 0 0 0 1 1 38030 415.662
30.0126 1 0.00415714 1.20809 1.16844 0.216501 0.317648 -2.21109 -2.221 0 0 0 1 1 38040 415.771
30.0205 1 0.00412572 1.20778 1.16858 0.220191 0.316671 -2.20631 -2.22087 0 0 0 1 1 38050 415.88
30.0284 1 0.00409429 1.20746 1.16873 0.223785 0.315739 -2.20162 -2.2207 0 0 0 1 1 38060 415.989
30.0363 1 0.00406286 1.20715 1.16887 0.227242 0.314851 -2.19707 -2.22049 0 0 0 1 1 38070 416.099
30.0442 1 0.00403143 1.20683 1.16901 0.230524 0.314005 -2.1927 -2.22023 0 0 0 1 1 38080 416.208
30.0521 1 0.004 1.20652 1.16914 0.233598 0.313199 -2.18854 -2.21994 0 0 0 1 1 38090 416.317
30.0599 1 0.00396859 1.20621 1.16928 0.236435 0.31243 -2.18462 -2.21961 0 0 0 1 1 38100 416.426
30.0678 1 0.00393719 1.2059 1.16942 0.239013 0.311695 -2.18096 -2.21924 0 0 0 1 1 38110 416.536
30.0757 1 0.00390581 1.2056 1.16955 0.241313 0.310991 -2.17758 -2.21885 0 0 0 1 1 38120 416.645
30.0836 1 0.00387445 1.20529 1.16968 0.243322 0.310315 -2.1745 -2.21842 0 0 0 1 1 38130 416.754
30.0915 1 0.00384312 1.20499 1.16981 0.245032 0.309664 -2.17171 -2.21798 0 0 0 1 1 38140 416.863
30.0994 1 0.00381181 1.20469 1.16994 0.246439 0.309034 -2.16923 -2.21751 0 0 0 1 1 38150 416.972
30.1073 1 0.00378053 1.20439 1.17006 0.247544 0.308423 -2.16705 -2.21702 0 0 0 1 1 38160 417.082
30.1152 1 0.00374929 1.20409 1.17019 0.24835 0.307828 -2.16517 -2.21651 0 0 0 1 1 38170 417.191
30.1231 1 0.00371808 1.20379 1.17031 0.248867 0.307244 -2.16358 -2.216 0 0 0 1 1 38180 417.3
30.131 1 0.00368692 1.2035 1.17043 0.249104 0.30667 -2.16227 -2.21547 0 0 0 1 1 38190 417.409
30.1388 1 0.00365579 1.2032 1.17055 0.249075 0.306102 -2.16122 -2.21494 0 0 0 1 1 38200 417.519
30.1467 1 0.00362471 1.20291 1.17066 0.248796 0.305539 -2.16043 -2.21441 0 0 0 1 1 38210 417.628
30.1546 1 0.00359368 1.20262 1.17077 0.248286 0.304977 -2.15987 -2.21387 0 0 0 1 1 38220 417.737
30.1625 1 0.00356269 1.20234 1.17089 0.247562 0.304414 -2.15952 -2.21334 0 0 0 1 1 38230 417.846
30.1704 1 0.00353176 1.20205 1.17099 0.246646 0.303848 -2.15937 -2.21281 0 0 0 1 1 38240 417.955
30.1783 1 0.00350088 1.20177 1.1711 0.245558 0.303279 -2.15939 -2.21228 0 0 0 1 1 38250 418.065
30.1862 1 0.00347006 1.20149 1.1712 0.244319 0.302703 -2.15956 -2.21176 0 0 0 1 1 38260 418.174
30.1941 1 0.00343929 1.20121 1.17131 0.242951 0.30212 -2.15985 -2.21125 0 0 0 1 1 38270 418.283
30.202 1 0.00340858 1.20094 1.17141 0.241475 0.301528 -2.16026 -2.21074 0 0 0 1 1 38280 418.392
30.2099 1 0.00337793 1.20066 1.1715 0.239911 0.300928 -2.16075 -2.21025 0 0 0 1 1 38290 418.501
30.2177 1 0.00334735 1.20039 1.1716 0.238281 0.300317 -2.16131 -2.20976 0 0 0 1 1 38300 418.611
30.2256 1 0.00331683 1.20012 1.17169 0.236603 0.299696 -2.16192 -2.20929 0 0 0 1 1 38310 418.72
30.2335 1 0.00328637 1.19986 1.17178 0.234897 0.299065 -2.16255 -2.20882 0 0 0 1 1 38320 418.829
30.2414 1 0.00325598 1.1996 1.17186 0.233181 0.298423 -2.16319 -2.20837 0 0 0 1 1 38330 418.938
30.2493 1 0.00322565 1.19934 1.17195 0.231473 0.29777 -2.16383 -2.20793 0 0 0 1 1 38340 419.047
30.2572 1 0.0031954 1.19908 1.17203 0.229788 0.297107 -2.16444 -2.2075 0 0 0 1 1 38350 419.156
30.2651 1 0.00316521 1.19882 1.1721 0.228142 0.296435 -2.16502 -2.20708 0 0 0 1 1 38360 419.265
30.273 1 0.0031351 1.19857 1.17218 0.22655 0.295753 -2.16553 -2.20666 0 0 0 1 1 38370 419.375
30.2809 1 0.00310506 1.19832 1.17225 0.225025 0.295062 -2.16599 -2.20626 0 0 0 1 1 38380 419.484
30.2888 1 0.0030751 1.19808 1.17232 0.22358 0.294363 -2.16636 -2.20587 0 0 0 1 1 38390 419.593
30.2966 1 0.00304521 1.19784 1.17239 0.222226 0.293658 -2.16664 -2.20548 0 0 0 1 1 38400 419.702
30.3045 1 0.00301539 1.1976 1.17245 0.220974 0.292947 -2.16681 -2.2051 0 0 0 1 1 38410 419.812
30.3124 1 0.00298566 1.19736 1.17251 0.219834 0.292231 -2.16688 -2.20472 0 0 0 1 1 38420 419.921
30.3203 1 0.00295601 1.19713 1.17257 0.218812 0.291511 -2.16683 -2.20435 0 0 0 1 1 38430 420.03
30.3282 1 0.00292643 1.19689 1.17263 0.217916 0.290789 -2.16665 -2.20398 0 0 0 1 1 38440 420.139
30.3361 1 0.00289694 1.19667 1.17268 0.217152 0.290066 -2.16634 -2.20361 0 0 0 1 1 38450 420.249
30.344 1 0.00286754 1.19644 1.17273 0.216524 0.289344 -2.16589 -2.20324 0 0 0 1 1 38460 420.358
30.3519 1 0.00283822 1.19622 1.17277 0.216034 0.288623 -2.16531 -2.20286 0 0 0 1 1 38470 420.467
30.3598 1 0.00280898 1.196 1.17282 0.215683 0.287905 -2.16459 -2.20249 0 0 0 1 1 38480 420.576
30.3676 1 0.00277984 1.19579 1.17286 0.215472 0.287192 -2.16373 -2.20211 0 0 0 1 1 38490 420.686
30.3755 1 0.00275079 1.19558 1.17289 0.215398 0.286484 -2.16273 -2.20173 0 0 0 1 1 38500 420.795
30.3834 1 0.00272183 1.19537 1.17293 0.215456 0.285783 -2.1616 -2.20134 0 0 0 1 1 38510 420.904
30.3913 1 0.00269296 1.19517 1.17296 0.215643 0.285091 -2.16034 -2.20094 0 0 0 1 1 38520 421.013
30.3992 1 0.00266419 1.19497 1.17298 0.215949 0.284408 -2.15896 -2.20053 0 0 0 1 1 38530 421.122
30.4071 1 0.00263552 1.19477 1.17301 0.216367 0.283735 -2.15748 -2.20011 0 0 0 1 1 38540 421.232
30.415 1 0.00260695 1.19457 1.17303 0.216885 0.283073 -2.15589 -2.19968 0 0 0 1 1 38550 421.341
30.4229 1 0.00257848 1.19438 1.17305 0.217492 0.282424 -2.15421 -2.19924 0 0 0 1 1 38560 421.45
30.4308 1 0.00255011 1.1942 1.17306 0.218174 0.281787 -2.15246 -2.19879 0 0 0 1 1 38570 421.559
30.4387 1 0.00252185 1.19401 1.17307 0.218915 0.281164 -2.15066 -2.19832 0 0 0 1 1 38580 421.668
30.4465 1 0.0024937 1.19383 1.17308 0.2197 0.280554 -2.14881 -2.19784 0 0 0 1 1 38590 421.778
30.4544 1 0.00246566 1.19366 1.17308 0.220513 0.279959 -2.14693 -2.19735 0 0 0 1 1 38600 421.887
30.4623 1 0.00243772 1.19349 1.17308 0.221334 0.279377 -2.14504 -2.19684 0 0 0 1 1 38610 421.996
30.4702 1 0.00240991 1.19332 1.17308 0.222148 0.278809 -2.14317 -2.19632 0 0 0 1 1 38620 422.105
30.4781 1 0.00238221 1.19315 1.17308 0.222934 0.278255 -2.14132 -2.19579 0 0 0 1 1 38630 422.214
30.486 1 0.00235462 1.19299 1.17307 0.223676 0.277713 -2.13952 -2.19524 0 0 0 1 1 38640 422.324
30.4939 1 0.00232716 1.19283 1.17305 0.224357 0.277184 -2.13777 -2.19468 0 0 0 1 1 38650 422.433
30.5018 1 0.00229982 1.19268 1.17304 0.224959 0.276666 -2.13611 -2.19411 0 0 0 1 1 38660 422.542
30.5097 1 0.0022726 1.19253 1.17302 0.225466 0.276159 -2.13455 -2.19353 0 0 0 1 1 38670 422.651
30.5176 1 0.0022455 1.19238 1.17299 0.225866 0.275662 -2.13309 -2.19294 0 0 0 1 1 38680 422.76
30.5254 1 0.00221854 1.19224 1.17297 0.226145 0.275172 -2.13175 -2.19234 0 0 0 1 1 38690 422.87
30.5333 1 0.0021917 1.1921 1.17294 0.226292 0.27469 -2.13055 -2.19174 0 0 0 1 1 38700 422.979
30.5412 1 0.00216499 1.19197 1.1729 0.2263 0.274213 -2.12949 -2.19113 0 0 0 1 1 38710 423.088
30.5491 1 0.00213842 1.19184 1.17287 0.226161 0.27374 -2.12857 -2.19052 0 0 0 1 1 38720 423.197
30.557 1 0.00211197 1.19171 1.17283 0.225871 0.273269 -2.1278 -2.1899 0 0 0 1 1 38730 423.306
30.5649 1 0.00208567 1.19159 1.17278 0.22543 0.272799 -2.12719 -2.18929 0 0 0 1 1 38740 423.416
30.5728 1 0.00205949 1.19147 1.17273 0.224838 0.272329 -2.12673 -2.18867 0 0 0 1 1 38750 423.525
30.5807 1 0.00203346 1.19135 1.17268 0.224099 0.271857 -2.12641 -2.18806 0 0 0 1 1 38760 423.634
30.5886 1 0.00200756 1.19124 1.17263 0.22322 0.271381 -2.12624 -2.18745 0 0 0 1 1 38770 423.743
30.5965 1 0.0019818 1.19113 1.17257 0.222208 0.270901 -2.1262 -2.18685 0 0 0 1 1 38780 423.853
30.6043 1 0.00195618 1.19103 1.1725 0.221075 0.270415 -2.12628 -2.18625 0 0 0 1 1 38790 423.962
30.6122 1 0.00193071 1.19093 1.17244 0.219834 0.269922 -2.12646 -2.18566 0 0 0 1 1 38800 424.071
30.6201 1 0.00190537 1.19083 1.17237 0.218501 0.269421 -2.12674 -2.18508 0 0 0 1 1 38810 424.18
30.628 1 0.00188017 1.19074 1.17229 0.217091 0.268911 -2.1271 -2.1845 0 0 0 1 1 38820 424.289
30.6359 1 0.00185512 1.19065 1.17222 0.215624 0.268392 -2.12751 -2.18394 0 0 0 1 1 38830 424.399
30.6438 1 0.00183021 1.19057 1.17214 0.214118 0.267864 -2.12796 -2.18338 0 0 0 1 1 38840 424.508
30.6517 1 0.00180545 1.19049 1.17205 0.212594 0.267325 -2.12843 -2.18284 0 0 0 1 1 38850 424.617
30.6596 1 0.00178083 1.19041 1.17196 0.211073 0.266777 -2.1289 -2.18231 0 0 0 1 1 38860 424.726
30.6675 1 0.00175636 1.19034 1.17187 0.209574 0.26622 -2.12934 -2.18178 0 0 0 1 1 38870 424.836
30.6753 1 0.00173203 1.19028 1.17178 0.20812 0.265653 -2.12974 -2.18127 0 0 0 1 1 38880 424.945
30.6832 1 0.00170785 1.19021 1.17168 0.206729 0.265079 -2.13007 -2.18076 0 0 0 1 1 38890 425.054
30.6911 1 0.00168382 1.19015 1.17157 0.205421 0.264496 -2.13032 -2.18026 0 0 0 1 1 38900 425.163
30.699 1 0.00165993 1.19009 1.17147 0.204214 0.263907 -2.13048 -2.17977 0 0 0 1 1 38910 425.272
30.7069 1 0.00163619 1.19004 1.17136 0.203125 0.263312 -2.13051 -2.17929 0 0 0 1 1 38920 425.382
30.7148 1 0.0016126 1.18999 1.17124 0.202168 0.262713 -2.13041 -2.1788 0 0 0 1 1 38930 425.491
30.7227 1 0.00158917 1.18995 1.17113 0.201358 0.262112 -2.13016 -2.17833 0 0 0 1 1 38940 425.6
30.7306 1 0.00156588 1.18991 1.17101 0.200705 0.261509 -2.12976 -2.17785 0 0 0 1 1 38950 425.709
30.7385 1 0.00154274 1.18987 1.17088 0.200217 0.260907 -2.12919 -2.17737 0 0 0 1 1 38960 425.818
30.7464 1 0.00151976 1.18984 1.17075 0.199903 0.260306 -2.12845 -2.17689 0 0 0 1 1 38970 425.928
30.7542 1 0.00149693 1.18981 1.17062 0.199766 0.25971 -2.12753 -2.17641 0 0 0 1 1 38980 426.037
30.7621 1 0.00147426 1.18979 1.17049 0.199808 0.259119 -2.12644 -2.17592 0 0 0 1 1 38990 426.146
30.77 1 0.00145174 1.18977 1.17035 0.200029 0.258535 -2.12516 -2.17543 0 0 0 1 1 39000 426.255
30.7779 1 0.00142938 1.18975 1.17021 0.200427 0.25796 -2.12371 -2.17492 0 0 0 1 1 39010 426.364
30.7858 1 0.00140718 1.18974 1.17007 0.200998 0.257396 -2.12209 -2.17441 0 0 0 1 1 39020 426.474
30.7937 1 0.00138514 1.18973 1.16992 0.201734 0.256844 -2.1203 -2.17388 0 0 0 1 1 39030 426.583
30.8016 1 0.00136327 1.18972 1.16977 0.202626 0.256305 -2.11836 -2.17335 0 0 0 1 1 39040 426.692
30.8095 1 0.00134156 1.18972 1.16961 0.203666 0.255781 -2.11627 -2.17279 0 0 0 1 1 39050 426.801
30.8174 1 0.00132001 1.18972 1.16945 0.20484 0.255274 -2.11405 -2.17222 0 0 0 1 1 39060 426.91
30.8253 1 0.00129863 1.18972 1.16929 0.206136 0.254783 -2.1117 -2.17164 0 0 0 1 1 39070 427.02
30.8331 1 0.00127742 1.18973 1.16913 0.207539 0.254311 -2.10925 -2.17103 0 0 0 1 1 39080 427.129
30.841 1 0.00125638 1.18975 1.16896 0.209033 0.253858 -2.10671 -2.17041 0 0 0 1 1 39090 427.238
30.8489 1 0.00123552 1.18976 1.16879 0.210604 0.253424 -2.1041 -2.16977 0 0 0 1 1 39100 427.347
30.8568 1 0.00121483 1.18978 1.16861 0.212235 0.253011 -2.10143 -2.16911 0 0 0 1 1 39110 427.457
30.8647 1 0.00119431 1.18981 1.16844 0.213908 0.252618 -2.09871 -2.16842 0 0 0 1 1 39120 427.566
30.8726 1 0.00117398 1.18983 1.16825 0.215607 0.252245 -2.09597 -2.16772 0 0 0 1 1 39130 427.675
30.8805 1 0.00115383 1.18986 1.16807 0.217315 0.251893 -2.09323 -2.167 0 0 0 1 1 39140 427.784
30.8884 1 0.00113386 1.1899 1.16788 0.219015 0.251562 -2.09049 -2.16626 0 0 0 1 1 39150 427.893
30.8963 1 0.00111408 1.18993 1.16769 0.220693 0.25125 -2.08778 -2.16549 0 0 0 1 1 39160 428.002
30.9042 1 0.00109449 1.18998 1.1675 0.222331 0.250957 -2.0851 -2.16471 0 0 0 1 1 39170 428.112
30.912 1 0.00107508 1.19002 1.1673 0.223916 0.250684 -2.08249 -2.16391 0 0 0 1 1 39180 428.221
30.9199 1 0.00105587 1.19007 1.1671 0.225434 0.250428 -2.07994 -2.1631 0 0 0 1 1 39190 428.33
30.9278 1 0.00103685 1.19012 1.1669 0.226871 0.25019 -2.07747 -2.16226 0 0 0 1 1 39200 428.439
30.9357 1 0.00101803 1.19017 1.1667 0.228217 0.249967 -2.07509 -2.16141 0 0 0 1 1 39210 428.548
30.9436 1 0.000999405 1.19023 1.16649 0.22946 0.249759 -2.07282 -2.16055 0 0 0 1 1 39220 428.658
30.9515 1 0.000980979 1.19029 1.16628 0.230591 0.249566 -2.07067 -2.15967 0 0 0 1 1 39230 428.767
30.9594 1 0.000962755 1.19036 1.16606 0.231602 0.249384 -2.06863 -2.15879 0 0 0 1 1 39240 428.876
30.9673 1 0.000944733 1.19042 1.16585 0.232486 0.249214 -2.06672 -2.15789 0 0 0 1 1 39250 428.985
30.9752 1 0.000926916 1.19049 1.16563 0.233237 0.249053 -2.06494 -2.15698 0 0 0 1 1 39260 429.094
30.983 1 0.000909305 1.19057 1.16541 0.233851 0.2489 -2.06331 -2.15606 0 0 0 1 1 39270 429.203
30.9909 1 0.000891901 1.19064 1.16518 0.234325 0.248755 -2.06181 -2.15514 0 0 0 1 1 39280 429.313
30.9988 1 0.000874706 1.19072 1.16495 0.234657 0.248614 -2.06046 -2.15421 0 0 0 1 1 39290 429.422
31.0067 1 0.000857722 1.19081 1.16472 0.234846 0.248478 -2.05925 -2.15328 0 0 0 1 1 39300 429.531
31.0146 1 0.000840948 1.19089 1.16449 0.234894 0.248344 -2.05818 -2.15235 0 0 0 1 1 39310 429.64
31.0225 1 0.000824388 1.19098 1.16426 0.234803 0.248211 -2.05725 -2.15141 0 0 0 1 1 39320 429.749
31.0304 1 0.00080804 1.19107 1.16402 0.234576 0.248077 -2.05646 -2.15048 0 0 0 1 1 39330 429.858
31.0383 1 0.000791908 1.19117 1.16378 0.234216 0.247942 -2.0558 -2.14955 0 0 0 1 1 39340 429.967
31.0462 1 0.00077599 1.19126 1.16354 0.233731 0.247804 -2.05526 -2.14862 0 0 0 1 1 39350 430.076
31.0541 1 0.000760289 1.19136 1.16329 0.233126 0.247663 -2.05485 -2.1477 0 0 0 1 1 39360 430.186
31.0619 1 0.000744804 1.19146 1.16304 0.232409 0.247515 -2.05455 -2.14678 0 0 0 1 1 39370 430.295
31.0698 1 0.000729537 1.19157 1.16279 0.231588 0.247362 -2.05435 -2.14587 0 0 0 1 1 39380 430.404
31.0777 1 0.000714488 1.19168 1.16254 0.230674 0.247202 -2.05425 -2.14497 0 0 0 1 1 39390 430.513
31.0856 1 0.000699657 1.19179 1.16229 0.229675 0.247033 -2.05423 -2.14407 0 0 0 1 1 39400 430.622
31.0935 1 0.000685045 1.1919 1.16203 0.228604 0.246856 -2.05428 -2.14319 0 0 0 1 1 39410 430.731
31.1014 1 0.000670653 1.19201 1.16177 0.22747 0.24667 -2.05439 -2.14231 0 0 0 1 1 39420 430.841
31.1093 1 0.00065648 1.19213 1.16151 0.226287 0.246475 -2.05456 -2.14144 0 0 0 1 1 39430 430.95
31.1172 1 0.000642527 1.19225 1.16125 0.225067 0.246269 -2.05476 -2.14059 0 0 0 1 1 39440 431.059
31.1251 1 0.000628793 1.19237 1.16098 0.223822 0.246053 -2.05499 -2.13974 0 0 0 1 1 39450 431.168
31.133 1 0.00061528 1.1925 1.16072 0.222566 0.245827 -2.05523 -2.13891 0 0 0 1 1 39460 431.277
31.1408 1 0.000601987 1.19262 1.16045 0.22131 0.245591 -2.05546 -2.13809 0 0 0 1 1 39470 431.386
31.1487 1 0.000588914 1.19275 1.16018 0.220068 0.245345 -2.05568 -2.13727 0 0 0 1 1 39480 431.496
31.1566 1 0.000576062 1.19288 1.15991 0.218853 0.245089 -2.05588 -2.13647 0 0 0 1 1 39490 431.605
31.1645 1 0.00056343 1.19301 1.15963 0.217676 0.244824 -2.05604 -2.13567 0 0 0 1 1 39500 431.714
31.1724 1 0.000551019 1.19315 1.15936 0.21655 0.24455 -2.05615 -2.13489 0 0 0 1 1 39510 431.823
31.1803 1 0.000538828 1.19329 1.15908 0.215485 0.244268 -2.05619 -2.13411 0 0 0 1 1 39520 431.932
31.1882 1 0.000526858 1.19342 1.1588 0.214493 0.243979 -2.05616 -2.13335 0 0 0 1 1 39530 432.041
31.1961 1 0.000515109 1.19356 1.15852 0.213582 0.243683 -2.05606 -2.13258 0 0 0 1 1 39540 432.15
31.204 1 0.000503581 1.19371 1.15824 0.212762 0.243381 -2.05586 -2.13183 0 0 0 1 1 39550 432.259
31.2119 1 0.000492273 1.19385 1.15796 0.212039 0.243076 -2.05556 -2.13108 0 0 0 1 1 39560 432.369
31.2197 1 0.000481186 1.19399 1.15768 0.211421 0.242766 -2.05516 -2.13033 0 0 0 1 1 39570 432.478
31.2276 1 0.00047032 1.19414 1.15739 0.210912 0.242454 -2.05465 -2.12959 0 0 0 1 1 39580 432.587
31.2355 1 0.000459676 1.19429 1.1571 0.210516 0.242141 -2.05403 -2.12884 0 0 0 1 1 39590 432.696
31.2434 1 0.000449253 1.19444 1.15682 0.210236 0.241827 -2.05329 -2.1281 0 0 0 1 1 39600 432.805
31.2513 1 0.000439051 1.19459 1.15653 0.210073 0.241515 -2.05243 -2.12736 0 0 0 1 1 39610 432.914
31.2592 1 0.000429071 1.19474 1.15624 0.210026 0.241204 -2.05146 -2.12662 0 0 0 1 1 39620 433.023
31.2671 1 0.000419314 1.1949 1.15595 0.210093 0.240897 -2.05038 -2.12587 0 0 0 1 1 39630 433.133
31.275 1 0.000409778 1.19505 1.15565 0.210271 0.240594 -2.04919 -2.12512 0 0 0 1 1 39640 433.242
31.2829 1 0.000400466 1.19521 1.15536 0.210555 0.240297 -2.04789 -2.12436 0 0 0 1 1 39650 433.351
31.2907 1 0.000391376 1.19536 1.15507 0.21094 0.240006 -2.04649 -2.1236 0 0 0 1 1 39660 433.46
31.2986 1 0.00038251 1.19552 1.15477 0.211417 0.239722 -2.045 -2.12283 0 0 0 1 1 39670 433.569
31.3065 1 0.000373868 1.19568 1.15448 0.211978 0.239445 -2.04342 -2.12206 0 0 0 1 1 39680 433.679
31.3144 1 0.00036545 1.19584 1.15418 0.212614 0.239178 -2.04177 -2.12127 0 0 0 1 1 39690 433.788
31.3223 1 0.000357257 1.196 1.15389 0.213315 0.23892 -2.04006 -2.12048 0 0 0 1 1 39700 433.897
31.3302 1 0.000349289 1.19617 1.15359 0.214068 0.238671 -2.0383 -2.11968 0 0 0 1 1 39710 434.006
31.3381 1 0.000341546 1.19633 1.15329 0.214863 0.238433 -2.03649 -2.11887 0 0 0 1 1 39720 434.115
31.346 1 0.00033403 1.19649 1.15299 0.215686 0.238205 -2.03466 -2.11804 0 0 0 1 1 39730 434.224
31.3539 1 0.00032674 1.19666 1.1527 0.216527 0.237988 -2.03281 -2.11721 0 0 0 1 1 39740 434.333
31.3618 1 0.000319677 1.19682 1.1524 0.21737 0.237781 -2.03096 -2.11637 0 0 0 1 1 39750 434.443
31.3696 1 0.000312841 1.19698 1.1521 0.218206 0.237584 -2.02912 -2.11552 0 0 0 1 1 39760 434.552
31.3775 1 0.000306234 1.19715 1.1518 0.219021 0.237397 -2.0273 -2.11465 0 0 0 1 1 39770 434.661
31.3854 1 0.000299854 1.19732 1.1515 0.219804 0.23722 -2.02551 -2.11378 0 0 0 1 1 39780 434.77
31.3933 1 0.000293703 1.19748 1.1512 0.220544 0.237053 -2.02377 -2.1129 0 0 0 1 1 39790 434.879
31.4012 1 0.000287782 1.19765 1.1509 0.221231 0.236894 -2.02208 -2.11202 0 0 0 1 1 39800 434.988
31.4091 1 0.000282089 1.19782 1.1506 0.221856 0.236743 -2.02045 -2.11112 0 0 0 1 1 39810 435.098
31.417 1 0.000276626 1.19798 1.1503 0.222412 0.236599 -2.01889 -2.11022 0 0 0 1 1 39820 435.207
31.4249 1 0.000271393 1.19815 1.15 0.222893 0.236462 -2.01741 -2.10931 0 0 0 1 1 39830 435.316
31.4328 1 0.00026639 1.19832 1.1497 0.223293 0.23633 -2.01601 -2.10839 0 0 0 1 1 39840 435.425
31.4407 1 0.000261617 1.19848 1.14941 0.223609 0.236203 -2.0147 -2.10748 0 0 0 1 1 39850 435.534
31.4485 1 0.000257074 1.19865 1.14911 0.223841 0.23608 -2.01347 -2.10655 0 0 0 1 1 39860 435.643
31.4564 1 0.000252762 1.19882 1.14881 0.223988 0.235961 -2.01232 -2.10563 0 0 0 1 1 39870 435.752
31.4643 1 0.000248679 1.19898 1.14851 0.224051 0.235843 -2.01126 -2.1047 0 0 0 1 1 39880 435.861
31.4722 1 0.000244828 1.19915 1.14821 0.224035 0.235727 -2.01028 -2.10378 0 0 0 1 1 39890 435.971
31.4801 1 0.000241206 1.19932 1.14792 0.223945 0.235611 -2.00937 -2.10285 0 0 0 1 1 39900 436.08
31.488 1 0.000237815 1.19948 1.14762 0.223788 0.235495 -2.00854 -2.10192 0 0 0 1 1 39910 436.189
31.4959 1 0.000234653 1.19965 1.14732 0.223571 0.235379 -2.00776 -2.101 0 0 0 1 1 39920 436.298
31.5038 1 0.000231721 1.19981 1.14703 0.223306 0.235261 -2.00703 -2.10008 0 0 0 1 1 39930 436.407
31.5117 1 0.000229019 1.19998 1.14674 0.223002 0.235141 -2.00634 -2.09915 0 0 0 1 1 39940 436.516
31.5196 1 0.000226546 1.20014 1.14644 0.222674 0.23502 -2.00567 -2.09824 0 0 0 1 1 39950 436.626
31.5274 1 0.000224303 1.2003 1.14615 0.222332 0.234896 -2.00502 -2.09732 0 0 0 1 1 39960 436.735
31.5353 1 0.000222288 1.20047 1.14586 0.221993 0.23477 -2.00436 -2.09641 0 0 0 1 1 39970 436.844
31.5432 1 0.000220501 1.20063 1.14557 0.22167 0.234643 -2.00369 -2.09549 0 0 0 1 1 39980 436.953
31.5511 1 0.000218943 1.20079 1.14528 0.221379 0.234513 -2.00299 -2.09459 0 0 0 1 1 39990 437.062
31.559 1 0.000217613 1.20095 1.14499 0.221134 0.234382 -2.00224 -2.09368 0 0 0 1 1 40000 437.172
31.5669 1 0.000216511 1.20111 1.1447 0.22095 0.234251 -2.00143 -2.09277 0 0 0 1 1 40010 437.282
31.5748 1 0.000215636 1.20127 1.14441 0.220842 0.234119 -2.00055 -2.09187 0 0 0 1 1 40020 437.391
31.5827 1 0.000214988 1.20142 1.14413 0.220825 0.233988 -1.99958 -2.09096 0 0 0 1 1 40030 437.5
31.5906 1 0.000214568 1.20158 1.14385 0.220911 0.233858 -1.9985 -2.09005 0 0 0 1 1 40040 437.609
31.5984 1 0.000214374 1.20173 1.14356 0.221112 0.233732 -1.99731 -2.08914 0 0 0 1 1 40050 437.719
31.6063 1 0.000214407 1.20189 1.14328 0.22144 0.233609 -1.99599 -2.08823 0 0 0 1 1 40060 437.828
31.6142 1 0.000214667 1.20204 1.143 0.221905 0.233491 -1.99454 -2.08731 0 0 0 1 1 40070 437.937
31.6221 1 0.000215154 1.20219 1.14272 0.222514 0.23338 -1.99294 -2.08639 0 0 0 1 1 40080 438.046
31.63 1 0.000215868 1.20234 1.14245 0.223275 0.233277 -1.99119 -2.08546 0 0 0 1 1 40090 438.155
31.6379 1 0.000216809 1.20249 1.14217 0.224191 0.233183 -1.98929 -2.08452 0 0 0 1 1 40100 438.265
31.6458 1 0.000217976 1.20264 1.1419 0.225265 0.2331 -1.98723 -2.08357 0 0 0 1 1 40110 438.374
31.6537 1 0.000219372 1.20278 1.14163 0.226499 0.23303 -1.98501 -2.08261 0 0 0 1 1 40120 438.483
31.6616 1 0.000220994 1.20292 1.14136 0.227892 0.232973 -1.98263 -2.08163 0 0 0 1 1 40130 438.592
31.6695 1 0.000222845 1.20307 1.14109 0.22944 0.232931 -1.9801 -2.08064 0 0 0 1 1 40140 438.701
31.6773 1 0.000224924 1.20321 1.14082 0.231138 0.232906 -1.97742 -2.07964 0 0 0 1 1 40150 438.811
31.6852 1 0.000227232 1.20335 1.14056 0.232979 0.232898 -1.9746 -2.07861 0 0 0 1 1 40160 438.92
31.6931 1 0.00022977 1.20348 1.1403 0.234955 0.232909 -1.97165 -2.07757 0 0 0 1 1 40170 439.029
31.701 1 0.000232537 1.20362 1.14003 0.237055 0.232941 -1.96857 -2.07651 0 0 0 1 1 40180 439.138
31.7089 1 0.000235535 1.20375 1.13978 0.239267 0.232993 -1.96539 -2.07543 0 0 0 1 1 40190 439.248
31.7168 1 0.000238764 1.20388 1.13952 0.241577 0.233068 -1.9621 -2.07433 0 0 0 1 1 40200 439.357
31.7247 1 0.000242226 1.20401 1.13927 0.243971 0.233165 -1.95874 -2.0732 0 0 0 1 1 40210 439.466
31.7326 1 0.000245919 1.20414 1.13901 0.246433 0.233284 -1.9553 -2.07206 0 0 0 1 1 40220 439.575
31.7405 1 0.000249847 1.20426 1.13876 0.248946 0.233428 -1.95182 -2.07089 0 0 0 1 1 40230 439.684
31.7484 1 0.000254008 1.20439 1.13852 0.251492 0.233595 -1.94831 -2.06969 0 0 0 1 1 40240 439.793
31.7562 1 0.000258404 1.20451 1.13827 0.254054 0.233785 -1.94478 -2.06848 0 0 0 1 1 40250 439.903
31.7641 1 0.000263036 1.20463 1.13803 0.256613 0.233999 -1.94126 -2.06724 0 0 0 1 1 40260 440.012
31.772 1 0.000267904 1.20474 1.13779 0.25915 0.234235 -1.93776 -2.06598 0 0 0 1 1 40270 440.121
31.7799 1 0.00027301 1.20486 1.13755 0.261649 0.234495 -1.9343 -2.06469 0 0 0 1 1 40280 440.23
31.7878 1 0.000278353 1.20497 1.13732 0.264091 0.234776 -1.9309 -2.06339 0 0 0 1 1 40290 440.339
31.7957 1 0.000283934 1.20508 1.13708 0.26646 0.235078 -1.92758 -2.06206 0 0 0 1 1 40300 440.448
31.8036 1 0.000289755 1.20519 1.13685 0.268738 0.2354 -1.92435 -2.06072 0 0 0 1 1 40310 440.558
31.8115 1 0.000295816 1.20529 1.13662 0.270912 0.23574 -1.92122 -2.05936 0 0 0 1 1 40320 440.667
31.8194 1 0.000302117 1.20539 1.1364 0.272966 0.236098 -1.91821 -2.05798 0 0 0 1 1 40330 440.776
31.8273 1 0.000308658 1.20549 1.13618 0.27489 0.236473 -1.91534 -2.05659 0 0 0 1 1 40340 440.885
31.8351 1 0.000315441 1.20559 1.13596 0.27667 0.236861 -1.91261 -2.05518 0 0 0 1 1 40350 440.994
31.843 1 0.000322465 1.20569 1.13574 0.278299 0.237263 -1.91003 -2.05376 0 0 0 1 1 40360 441.104
31.8509 1 0.000329731 1.20578 1.13553 0.279768 0.237675 -1.90762 -2.05233 0 0 0 1 1 40370 441.213
31.8588 1 0.000337238 1.20587 1.13531 0.281072 0.238098 -1.90537 -2.05089 0 0 0 1 1 40380 441.322
31.8667 1 0.000344988 1.20596 1.13511 0.282207 0.238528 -1.90329 -2.04944 0 0 0 1 1 40390 441.431
31.8746 1 0.000352979 1.20604 1.1349 0.283171 0.238964 -1.90138 -2.04799 0 0 0 1 1 40400 441.541
31.8825 1 0.000361213 1.20612 1.1347 0.283963 0.239404 -1.89965 -2.04654 0 0 0 1 1 40410 441.65
31.8904 1 0.000369688 1.2062 1.1345 0.284586 0.239847 -1.89809 -2.04508 0 0 0 1 1 40420 441.759
31.8983 1 0.000378404 1.20628 1.1343 0.285045 0.240291 -1.89669 -2.04362 0 0 0 1 1 40430 441.868
31.9061 1 0.000387361 1.20635 1.13411 0.285343 0.240734 -1.89545 -2.04217 0 0 0 1 1 40440 441.977
31.914 1 0.000396559 1.20642 1.13391 0.285491 0.241175 -1.89436 -2.04071 0 0 0 1 1 40450 442.086
31.9219 1 0.000405997 1.20649 1.13373 0.285495 0.241612 -1.89342 -2.03926 0 0 0 1 1 40460 442.195
31.9298 1 0.000415675 1.20655 1.13354 0.285369 0.242044 -1.89261 -2.03782 0 0 0 1 1 40470 442.305
31.9377 1 0.000425591 1.20661 1.13336 0.285125 0.24247 -1.89191 -2.03639 0 0 0 1 1 40480 442.414
31.9456 1 0.000435745 1.20667 1.13318 0.284775 0.242889 -1.89132 -2.03496 0 0 0 1 1 40490 442.523
31.9535 1 0.000446137 1.20673 1.13301 0.284337 0.2433 -1.89082 -2.03354 0 0 0 1 1 40500 442.632
31.9614 1 0.000456765 1.20678 1.13283 0.283826 0.243701 -1.8904 -2.03213 0 0 0 1 1 40510 442.741
31.9693 1 0.000467629 1.20683 1.13266 0.283259 0.244094 -1.89003 -2.03073 0 0 0 1 1 40520 442.851
31.9772 1 0.000478728 1.20687 1.1325 0.282654 0.244477 -1.8897 -2.02934 0 0 0 1 1 40530 442.96
31.985 1 0.00049006 1.20692 1.13233 0.28203 0.24485 -1.88938 -2.02796 0 0 0 1 1 40540 443.069
31.9929 1 0.000501624 1.20696 1.13218 0.281406 0.245213 -1.88907 -2.02659 0 0 0 1 1 40550 443.179
32.0008 1 0.000513421 1.20699 1.13202 0.280801 0.245567 -1.88874 -2.02524 0 0 0 1 1 40560 443.288
32.0087 1 0.000525448 1.20703 1.13187 0.280232 0.245911 -1.88837 -2.02389 0 0 0 1 1 40570 443.398
32.0166 1 0.000537704 1.20706 1.13172 0.27972 0.246247 -1.88795 -2.02255 0 0 0 1 1 40580 443.507
32.0245 1 0.000550189 1.20709 1.13157 0.279282 0.246574 -1.88745 -2.02122 0 0 0 1 1 40590 443.616
32.0324 1 0.000562902 1.20711 1.13143 0.278934 0.246895 -1.88686 -2.0199 0 0 0 1 1 40600 443.726
32.0403 1 0.000575841 1.20713 1.13129 0.278695 0.247209 -1.88617 -2.01858 0 0 0 1 1 40610 443.835
32.0482 1 0.000589006 1.20715 1.13115 0.278578 0.247519 -1.88535 -2.01727 0 0 0 1 1 40620 443.944
32.0561 1 0.000602395 1.20716 1.13102 0.278598 0.247825 -1.88439 -2.01597 0 0 0 1 1 40630 444.053
32.0639 1 0.000616008 1.20717 1.13089 0.278768 0.24813 -1.88329 -2.01466 0 0 0 1 1 40640 444.162
32.0718 1 0.000629845 1.20718 1.13076 0.279099 0.248433 -1.88203 -2.01336 0 0 0 1 1 40650 444.272
32.0797 1 0.000643903 1.20719 1.13064 0.279599 0.248738 -1.88059 -2.01206 0 0 0 1 1 40660 444.381
32.0876 1 0.000658183 1.20719 1.13052 0.280277 0.249046 -1.87898 -2.01075 0 0 0 1 1 40670 444.49
32.0955 1 0.000672683 1.20719 1.13041 0.281137 0.249359 -1.87719 -2.00944 0 0 0 1 1 40680 444.599
32.1034 1 0.000687404 1.20718 1.1303 0.282185 0.249678 -1.87522 -2.00813 0 0 0 1 1 40690 444.708
32.1113 1 0.000702344 1.20717 1.13019 0.28342 0.250005 -1.87305 -2.00681 0 0 0 1 1 40700 444.818
32.1192 1 0.000717504 1.20716 1.13009 0.284843 0.250342 -1.8707 -2.00548 0 0 0 1 1 40710 444.927
32.1271 1 0.000732882 1.20714 1.12998 0.286451 0.250691 -1.86817 -2.00413 0 0 0 1 1 40720 445.036
32.135 1 0.000748479 1.20712 1.12989 0.288239 0.251053 -1.86545 -2.00278 0 0 0 1 1 40730 445.145
32.1428 1 0.000764294 1.2071 1.12979 0.290202 0.25143 -1.86257 -2.00141 0 0 0 1 1 40740 445.255
32.1507 1 0.000780326 1.20707 1.1297 0.29233 0.251824 -1.85951 -2.00002 0 0 0 1 1 40750 445.364
32.1586 1 0.000796577 1.20704 1.12962 0.294614 0.252235 -1.85631 -1.99862 0 0 0 1 1 40760 445.473
32.1665 1 0.000813045 1.20701 1.12953 0.297043 0.252666 -1.85296 -1.9972 0 0 0 1 1 40770 445.583
32.1744 1 0.000829731 1.20698 1.12945 0.299602 0.253118 -1.84949 -1.99576 0 0 0 1 1 40780 445.692
32.1823 1 0.000846634 1.20694 1.12938 0.302278 0.253591 -1.84589 -1.9943 0 0 0 1 1 40790 445.801
32.1902 1 0.000863755 1.20689 1.12931 0.305055 0.254086 -1.8422 -1.99281 0 0 0 1 1 40800 445.91
32.1981 1 0.000881093 1.20685 1.12924 0.307917 0.254604 -1.83843 -1.99131 0 0 0 1 1 40810 446.019
32.206 1 0.000898649 1.2068 1.12917 0.310848 0.255145 -1.83459 -1.98978 0 0 0 1 1 40820 446.129
32.2138 1 0.000916423 1.20674 1.12911 0.313829 0.255711 -1.8307 -1.98823 0 0 0 1 1 40830 446.238
32.2217 1 0.000934415 1.20669 1.12906 0.316844 0.2563 -1.82678 -1.98665 0 0 0 1 1 40840 446.347
32.2296 1 0.000952625 1.20662 1.129 0.319876 0.256914 -1.82284 -1.98505 0 0 0 1 1 40850 446.456
32.2375 1 0.000971053 1.20656 1.12895 0.322907 0.257551 -1.81891 -1.98343 0 0 0 1 1 40860 446.566
32.2454 1 0.0009897 1.20649 1.1289 0.325923 0.258212 -1.81499 -1.98179 0 0 0 1 1 40870 446.675
32.2533 1 0.00100856 1.20642 1.12886 0.328907 0.258896 -1.81111 -1.98012 0 0 0 1 1 40880 446.784
32.2612 1 0.00102765 1.20635 1.12882 0.331847 0.259602 -1.80727 -1.97844 0 0 0 1 1 40890 446.893
32.2691 1 0.00104695 1.20627 1.12879 0.334729 0.26033 -1.80349 -1.97673 0 0 0 1 1 40900 447.003
32.277 1 0.00106647 1.20619 1.12875 0.337543 0.261079 -1.79979 -1.975 0 0 0 1 1 40910 447.112
32.2849 1 0.00108621 1.20611 1.12872 0.340279 0.261848 -1.79616 -1.97325 0 0 0 1 1 40920 447.221
32.2927 1 0.00110616 1.20602 1.1287 0.342932 0.262636 -1.79262 -1.97149 0 0 0 1 1 40930 447.331
32.3006 1 0.00112634 1.20593 1.12868 0.345495 0.263442 -1.78916 -1.9697 0 0 0 1 1 40940 447.44
32.3085 1 0.00114673 1.20583 1.12866 0.347967 0.264264 -1.78581 -1.96791 0 0 0 1 1 40950 447.549
32.3164 1 0.00116734 1.20574 1.12864 0.350347 0.265103 -1.78254 -1.96609 0 0 0 1 1 40960 447.659
32.3243 1 0.00118817 1.20564 1.12863 0.352636 0.265956 -1.77937 -1.96426 0 0 0 1 1 40970 447.768
32.3322 1 0.00120921 1.20553 1.12863 0.354839 0.266823 -1.77629 -1.96242 0 0 0 1 1 40980 447.877
32.3401 1 0.00123048 1.20542 1.12862 0.356963 0.267702 -1.77328 -1.96057 0 0 0 1 1 40990 447.987
32.348 1 0.00125195 1.20531 1.12862 0.359016 0.268593 -1.77035 -1.95871 0 0 0 1 1 41000 448.097
32.3559 1 0.00127365 1.2052 1.12862 0.361009 0.269496 -1.76748 -1.95684 0 0 0 1 1 41010 448.206
32.3638 1 0.00129556 1.20508 1.12863 0.362955 0.270409 -1.76466 -1.95495 0 0 0 1 1 41020 448.315
32.3716 1 0.00131768 1.20496 1.12864 0.364868 0.271332 -1.76187 -1.95306 0 0 0 1 1 41030 448.424
32.3795 1 0.00134002 1.20484 1.12865 0.366765 0.272265 -1.7591 -1.95116 0 0 0 1 1 41040 448.534
32.3874 1 0.00136257 1.20471 1.12867 0.368664 0.273207 -1.75633 -1.94925 0 0 0 1 1 41050 448.643
32.3953 1 0.00138533 1.20458 1.12868 0.370583 0.274158 -1.75355 -1.94734 0 0 0 1 1 41060 448.752
32.4032 1 0.00140831 1.20445 1.12871 0.372541 0.27512 -1.75072 -1.94541 0 0 0 1 1 41070 448.863
32.4111 1 0.0014315 1.20431 1.12873 0.374558 0.276091 -1.74783 -1.94347 0 0 0 1 1 41080 448.972
32.419 1 0.00145489 1.20417 1.12876 0.376655 0.277074 -1.74487 -1.94153 0 0 0 1 1 41090 449.081
32.4269 1 0.0014785 1.20403 1.12879 0.378852 0.278067 -1.74181 -1.93957 0 0 0 1 1 41100 449.19
32.4348 1 0.00150232 1.20388 1.12883 0.381169 0.279074 -1.73863 -1.93761 0 0 0 1 1 41110 449.3
32.4427 1 0.00152635 1.20374 1.12887 0.383624 0.280094 -1.73531 -1.93563 0 0 0 1 1 41120 449.409
32.4505 1 0.00155059 1.20358 1.12891 0.386236 0.281129 -1.73184 -1.93363 0 0 0 1 1 41130 449.519
32.4584 1 0.00157503 1.20343 1.12895 0.389021 0.28218 -1.7282 -1.93162 0 0 0 1 1 41140 449.628
32.4663 1 0.00159969 1.20327 1.129 0.391995 0.283249 -1.72437 -1.9296 0 0 0 1 1 41150 449.737
32.4742 1 0.00162455 1.20311 1.12905 0.395171 0.284339 -1.72034 -1.92755 0 0 0 1 1 41160 449.848
32.4821 1 0.00164962 1.20295 1.12911 0.398559 0.28545 -1.7161 -1.92549 0 0 0 1 1 41170 449.957
32.49 1 0.00167489 1.20278 1.12916 0.40217 0.286585 -1.71164 -1.9234 0 0 0 1 1 41180 450.066
32.4979 1 0.00170037 1.20261 1.12922 0.40601 0.287745 -1.70695 -1.92128 0 0 0 1 1 41190 450.175
32.5058 1 0.00172606 1.20244 1.12929 0.410083 0.288933 -1.70204 -1.91914 0 0 0 1 1 41200 450.285
32.5137 1 0.00175196 1.20227 1.12935 0.41439 0.290151 -1.69689 -1.91697 0 0 0 1 1 41210 450.394
32.5215 1 0.00177806 1.20209 1.12942 0.41893 0.291401 -1.69151 -1.91478 0 0 0 1 1 41220 450.512
32.5294 1 0.00180437 1.20191 1.12949 0.4237 0.292684 -1.6859 -1.91254 0 0 0 1 1 41230 450.621
32.5373 1 0.00183089 1.20173 1.12956 0.428692 0.294003 -1.68007 -1.91028 0 0 0 1 1 41240 450.73
32.5452 1 0.00185762 1.20154 1.12964 0.433899 0.295359 -1.67404 -1.90797 0 0 0 1 1 41250 450.839
32.5531 1 0.00188456 1.20136 1.12972 0.439307 0.296754 -1.6678 -1.90563 0 0 0 1 1 41260 450.948
32.561 1 0.0019117 1.20117 1.1298 0.444903 0.29819 -1.66138 -1.90325 0 0 0 1 1 41270 451.057
32.5689 1 0.00193906 1.20097 1.12989 0.450671 0.299668 -1.65479 -1.90083 0 0 0 1 1 41280 451.167
32.5768 1 0.00196662 1.20078 1.12997 0.456593 0.301189 -1.64805 -1.89837 0 0 0 1 1 41290 451.276
32.5847 1 0.0019944 1.20058 1.13006 0.462649 0.302754 -1.64118 -1.89587 0 0 0 1 1 41300 451.385
32.5926 1 0.00202238 1.20038 1.13015 0.468816 0.304364 -1.6342 -1.89332 0 0 0 1 1 41310 451.494
32.6004 1 0.00205058 1.20018 1.13025 0.475073 0.30602 -1.62713 -1.89072 0 0 0 1 1 41320 451.603
32.6083 1 0.002079 1.19998 1.13034 0.481394 0.307721 -1.62001 -1.88808 0 0 0 1 1 41330 451.712
32.6162 1 0.00210762 1.19977 1.13044 0.487757 0.309468 -1.61284 -1.8854 0 0 0 1 1 41340 451.821
32.6241 1 0.00213646 1.19956 1.13054 0.494136 0.311261 -1.60567 -1.88268 0 0 0 1 1 41350 451.93
32.632 1 0.00216552 1.19935 1.13065 0.500507 0.313099 -1.5985 -1.87991 0 0 0 1 1 41360 452.04
32.6399 1 0.00219479 1.19914 1.13075 0.506843 0.314981 -1.59138 -1.87709 0 0 0 1 1 41370 452.149
32.6478 1 0.00222428 1.19892 1.13086 0.513122 0.316907 -1.58431 -1.87424 0 0 0 1 1 41380 452.258
32.6557 1 0.00225399 1.1987 1.13097 0.51932 0.318876 -1.57733 -1.87134 0 0 0 1 1 41390 452.367
32.6636 1 0.00228392 1.19848 1.13108 0.525415 0.320886 -1.57045 -1.8684 0 0 0 1 1 41400 452.476
32.6715 1 0.00231406 1.19826 1.13119 0.531386 0.322935 -1.5637 -1.86543 0 0 0 1 1 41410 452.585
32.6793 1 0.00234442 1.19804 1.13131 0.537215 0.325022 -1.5571 -1.86242 0 0 0 1 1 41420 452.694
32.6872 1 0.00237501 1.19781 1.13143 0.542883 0.327146 -1.55066 -1.85937 0 0 0 1 1 41430 452.803
32.6951 1 0.00240581 1.19759 1.13154 0.548376 0.329303 -1.5444 -1.85629 0 0 0 1 1 41440 452.912
32.703 1 0.00243683 1.19736 1.13167 0.553681 0.331492 -1.53834 -1.85318 0 0 0 1 1 41450 453.021
32.7109 1 0.00246807 1.19713 1.13179 0.558788 0.333711 -1.53247 -1.85005 0 0 0 1 1 41460 453.131
32.7188 1 0.00249954 1.19689 1.13191 0.56369 0.335957 -1.52681 -1.84689 0 0 0 1 1 41470 453.24
32.7267 1 0.00253122 1.19666 1.13204 0.56838 0.338228 -1.52136 -1.8437 0 0 0 1 1 41480 453.349
32.7346 1 0.00256312 1.19642 1.13216 0.572856 0.340522 -1.51613 -1.84049 0 0 0 1 1 41490 453.458
32.7425 1 0.00259524 1.19619 1.13229 0.57712 0.342837 -1.51112 -1.83727 0 0 0 1 1 41500 453.567
32.7504 1 0.00262758 1.19595 1.13242 0.581175 0.345169 -1.50632 -1.83402 0 0 0 1 1 41510 453.676
32.7582 1 0.00266014 1.19571 1.13255 0.585025 0.347517 -1.50172 -1.83077 0 0 0 1 1 41520 453.786
32.7661 1 0.00269292 1.19547 1.13269 0.588681 0.349879 -1.49732 -1.8275 0 0 0 1 1 41530 453.895
32.774 1 0.00272591 1.19522 1.13282 0.592153 0.352253 -1.49311 -1.82422 0 0 0 1 1 41540 454.004
32.7819 1 0.00275913 1.19498 1.13295 0.595455 0.354637 -1.48907 -1.82093 0 0 0 1 1 41550 454.113
32.7898 1 0.00279255 1.19473 1.13309 0.598603 0.357028 -1.48518 -1.81764 0 0 0 1 1 41560 454.222
32.7977 1 0.00282619 1.19449 1.13323 0.601615 0.359427 -1.48144 -1.81434 0 0 0 1 1 41570 454.331
32.8056 1 0.00286005 1.19424 1.13337 0.604512 0.361831 -1.47781 -1.81104 0 0 0 1 1 41580 454.44
32.8135 1 0.00289412 1.19399 1.13351 0.607315 0.364239 -1.47427 -1.80773 0 0 0 1 1 41590 454.549
32.8214 1 0.0029284 1.19374 1.13365 0.610047 0.366651 -1.47081 -1.80443 0 0 0 1 1 41600 454.658
32.8292 1 0.00296289 1.19349 1.13379 0.612733 0.369066 -1.46739 -1.80112 0 0 0 1 1 41610 454.767
32.8371 1 0.00299758 1.19324 1.13393 0.615399 0.371483 -1.464 -1.79781 0 0 0 1 1 41620 454.876
32.845 1 0.00303249 1.19299 1.13407 0.618069 0.373903 -1.46061 -1.7945 0 0 0 1 1 41630 454.986
32.8529 1 0.00306761 1.19273 1.13422 0.620771 0.376325 -1.45718 -1.79119 0 0 0 1 1 41640 455.095
32.8608 1 0.00310292 1.19248 1.13436 0.62353 0.37875 -1.4537 -1.78788 0 0 0 1 1 41650 455.204
32.8687 1 0.00313845 1.19222 1.13451 0.626373 0.381179 -1.45014 -1.78456 0 0 0 1 1 41660 455.313
32.8766 1 0.00317418 1.19197 1.13465 0.629325 0.383613 -1.44647 -1.78124 0 0 0 1 1 41670 455.422
32.8845 1 0.00321011 1.19171 1.1348 0.632409 0.386053 -1.44267 -1.77792 0 0 0 1 1 41680 455.531
32.8924 1 0.00324624 1.19145 1.13495 0.63565 0.388499 -1.43871 -1.77459 0 0 0 1 1 41690 455.64
32.9003 1 0.00328257 1.1912 1.13509 0.639069 0.390955 -1.43458 -1.77126 0 0 0 1 1 41700 455.749
32.9081 1 0.0033191 1.19094 1.13524 0.642685 0.393421 -1.43026 -1.76792 0 0 0 1 1 41710 455.859
32.916 1 0.00335583 1.19068 1.13539 0.646517 0.395899 -1.42572 -1.76456 0 0 0 1 1 41720 455.968
32.9239 1 0.00339276 1.19042 1.13554 0.650579 0.398393 -1.42095 -1.7612 0 0 0 1 1 41730 456.077
32.9318 1 0.00342989 1.19016 1.13569 0.654886 0.400902 -1.41594 -1.75781 0 0 0 1 1 41740 456.186
32.9397 1 0.00346721 1.1899 1.13584 0.659447 0.403431 -1.41068 -1.75441 0 0 0 1 1 41750 456.295
32.9476 1 0.00350473 1.18964 1.13599 0.66427 0.405982 -1.40516 -1.75099 0 0 0 1 1 41760 456.404
32.9555 1 0.00354245 1.18939 1.13614 0.669361 0.408556 -1.39937 -1.74755 0 0 0 1 1 41770 456.513
32.9634 1 0.00358036 1.18913 1.13629 0.674722 0.411157 -1.39332 -1.74409 0 0 0 1 1 41780 456.622
32.9713 1 0.00361847 1.18887 1.13644 0.680351 0.413786 -1.387 -1.74059 0 0 0 1 1 41790 456.732
32.9792 1 0.00365678 1.18861 1.13659 0.686246 0.416447 -1.38042 -1.73707 0 0 0 1 1 41800 456.841
32.987 1 0.00369528 1.18835 1.13674 0.6924 0.41914 -1.37358 -1.73352 0 0 0 1 1 41810 456.95
32.9949 1 0.00373399 1.18809 1.13689 0.698803 0.421869 -1.3665 -1.72993 0 0 0 1 1 41820 457.059
33.0028 1 0.00377289 1.18783 1.13704 0.705445 0.424636 -1.35918 -1.72631 0 0 0 1 1 41830 457.168
33.0107 1 0.00381198 1.18757 1.13719 0.712311 0.427442 -1.35165 -1.72265 0 0 0 1 1 41840 457.277
33.0186 1 0.00385128 1.18731 1.13735 0.719385 0.430289 -1.3439 -1.71895 0 0 0 1 1 41850 457.386
33.0265 1 0.00389078 1.18705 1.1375 0.726649 0.433179 -1.33598 -1.71521 0 0 0 1 1 41860 457.496
33.0344 1 0.00393047 1.18679 1.13765 0.734084 0.436113 -1.32788 -1.71142 0 0 0 1 1 41870 457.605
33.0423 1 0.00397037 1.18654 1.1378 0.741668 0.439093 -1.31964 -1.7076 0 0 0 1 1 41880 457.715
33.0502 1 0.00401047 1.18628 1.13794 0.74938 0.442118 -1.31128 -1.70372 0 0 0 1 1 41890 457.824
33.0581 1 0.00405078 1.18602 1.13809 0.757197 0.44519 -1.30281 -1.69981 0 0 0 1 1 41900 457.933
33.0659 1 0.00409129 1.18577 1.13824 0.765095 0.44831 -1.29427 -1.69585 0 0 0 1 1 41910 458.042
33.0738 1 0.00413201 1.18551 1.13839 0.773052 0.451477 -1.28567 -1.69184 0 0 0 1 1 41920 458.151
33.0817 1 0.00417293 1.18526 1.13854 0.781046 0.454691 -1.27705 -1.68779 0 0 0 1 1 41930 458.26
33.0896 1 0.00421406 1.185 1.13869 0.789055 0.457952 -1.26841 -1.68369 0 0 0 1 1 41940 458.37
33.0975 1 0.0042554 1.18475 1.13883 0.797057 0.461261 -1.25978 -1.67955 0 0 0 1 1 41950 458.479
33.1054 1 0.00429695 1.1845 1.13898 0.805035 0.464615 -1.25118 -1.67536 0 0 0 1 1 41960 458.588
33.1133 1 0.00433871 1.18425 1.13913 0.81297 0.468015 -1.24262 -1.67114 0 0 0 1 1 41970 458.697
33.1212 1 0.00438068 1.184 1.13927 0.820848 0.47146 -1.23413 -1.66686 0 0 0 1 1 41980 458.806
33.1291 1 0.00442287 1.18375 1.13941 0.828654 0.474947 -1.22572 -1.66255 0 0 0 1 1 41990 458.915
33.1369 1 0.00446527 1.1835 1.13956 0.83638 0.478477 -1.21739 -1.6582 0 0 0 1 1 42000 459.024
33.1448 1 0.00450789 1.18326 1.1397 0.844016 0.482048 -1.20915 -1.65381 0 0 0 1 1 42010 459.133
33.1527 1 0.00455072 1.18301 1.13984 0.851558 0.485658 -1.20101 -1.64938 0 0 0 1 1 42020 459.242
33.1606 1 0.00459377 1.18277 1.13998 0.859004 0.489307 -1.19297 -1.64491 0 0 0 1 1 42030 459.352
33.1685 1 0.00463703 1.18252 1.14012 0.866356 0.492992 -1.18503 -1.64041 0 0 0 1 1 42040 459.461
33.1764 1 0.00468052 1.18228 1.14026 0.873616 0.496713 -1.17718 -1.63588 0 0 0 1 1 42050 459.57
33.1843 1 0.00472422 1.18204 1.1404 0.880791 0.500469 -1.16943 -1.63131 0 0 0 1 1 42060 459.679
33.1922 1 0.00476815 1.1818 1.14053 0.887892 0.504258 -1.16175 -1.62672 0 0 0 1 1 42070 459.788
33.2001 1 0.00481229 1.18157 1.14067 0.894931 0.508079 -1.15414 -1.62209 0 0 0 1 1 42080 459.897
33.208 1 0.00485666 1.18133 1.1408 0.901923 0.511932 -1.14657 -1.61744 0 0 0 1 1 42090 460.006
33.2158 1 0.00490124 1.1811 1.14094 0.908883 0.515815 -1.13905 -1.61275 0 0 0 1 1 42100 460.116
33.2237 1 0.00494605 1.18087 1.14107 0.915833 0.519729 -1.13153 -1.60804 0 0 0 1 1 42110 460.225
33.2316 1 0.00499108 1.18064 1.1412 0.922791 0.523672 -1.12402 -1.6033 0 0 0 1 1 42120 460.334
33.2395 1 0.00503633 1.18041 1.14133 0.929781 0.527646 -1.11647 -1.59853 0 0 0 1 1 42130 460.443
33.2474 1 0.0050818 1.18018 1.14146 0.936825 0.531649 -1.10888 -1.59374 0 0 0 1 1 42140 460.552
33.2553 1 0.0051275 1.17996 1.14158 0.943946 0.535683 -1.10121 -1.58892 0 0 0 1 1 42150 460.661
33.2632 1 0.00517342 1.17973 1.14171 0.951167 0.539748 -1.09344 -1.58407 0 0 0 1 1 42160 460.771
33.2711 1 0.00521956 1.17951 1.14183 0.958513 0.543845 -1.08556 -1.57919 0 0 0 1 1 42170 460.88
33.279 1 0.00526593 1.17929 1.14196 0.966006 0.547974 -1.07753 -1.57427 0 0 0 1 1 42180 460.989
33.2869 1 0.00531252 1.17908 1.14208 0.973668 0.552138 -1.06933 -1.56933 0 0 0 1 1 42190 461.098
33.2947 1 0.00535934 1.17886 1.1422 0.981518 0.556337 -1.06096 -1.56436 0 0 0 1 1 42200 461.207
33.3026 1 0.00540639 1.17865 1.14231 0.989575 0.560573 -1.05238 -1.55935 0 0 0 1 1 42210 461.316
33.3105 1 0.00545366 1.17844 1.14243 0.997856 0.564848 -1.04358 -1.5543 0 0 0 1 1 42220 461.426
33.3184 1 0.00550115 1.17823 1.14254 1.00638 0.569164 -1.03454 -1.54921 0 0 0 1 1 42230 461.535
33.3263 1 0.00554888 1.17803 1.14266 1.01514 0.573523 -1.02526 -1.54409 0 0 0 1 1 42240 461.644
33.3342 1 0.00559683 1.17782 1.14277 1.02417 0.577926 -1.01573 -1.53892 0 0 0 1 1 42250 461.753
33.3421 1 0.00564502 1.17762 1.14288 1.03346 0.582377 -1.00594 -1.53371 0 0 0 1 1 42260 461.862
33.35 1 0.00569343 1.17743 1.14298 1.04301 0.586876 -0.995893 -1.52845 0 0 0 1 1 42270 461.971
33.3579 1 0.00574208 1.17723 1.14309 1.05283 0.591427 -0.985584 -1.52314 0 0 0 1 1 42280 462.08
33.3658 1 0.00579095 1.17704 1.14319 1.06291 0.596032 -0.97502 -1.51779 0 0 0 1 1 42290 462.19
33.3736 1 0.00584007 1.17685 1.14329 1.07324 0.600691 -0.964209 -1.51237 0 0 0 1 1 42300 462.299
33.3815 1 0.00588941 1.17666 1.14339 1.08381 0.605408 -0.953162 -1.50691 0 0 0 1 1 42310 462.408
33.3894 1 0.005939 1.17647 1.14349 1.09461 0.610184 -0.941892 -1.50139 0 0 0 1 1 42320 462.517
33.3973 1 0.00598882 1.17629 1.14359 1.10562 0.61502 -0.930418 -1.49581 0 0 0 1 1 42330 462.626
33.4052 1 0.00603889 1.17611 1.14368 1.11682 0.619919 -0.918758 -1.49017 0 0 0 1 1 42340 462.735
33.4131 1 0.00608919 1.17593 1.14377 1.12819 0.62488 -0.906936 -1.48447 0 0 0 1 1 42350 462.845
33.421 1 0.00613974 1.17576 1.14386 1.13971 0.629906 -0.894975 -1.47871 0 0 0 1 1 42360 462.954
33.4289 1 0.00619053 1.17559 1.14395 1.15134 0.634996 -0.882904 -1.47289 0 0 0 1 1 42370 463.063
33.4368 1 0.00624157 1.17542 1.14403 1.16306 0.640151 -0.870749 -1.46701 0 0 0 1 1 42380 463.173
33.4447 1 0.00629285 1.17525 1.14411 1.17484 0.645371 -0.858542 -1.46106 0 0 0 1 1 42390 463.283
33.4525 1 0.00634439 1.17509 1.14419 1.18664 0.650656 -0.846314 -1.45505 0 0 0 1 1 42400 463.392
33.4604 1 0.00639617 1.17493 1.14427 1.19845 0.656005 -0.834094 -1.44898 0 0 0 1 1 42410 463.501
33.4683 1 0.00644821 1.17477 1.14435 1.21021 0.661418 -0.821916 -1.44286 0 0 0 1 1 42420 463.61
33.4762 1 0.0065005 1.17462 1.14442 1.22192 0.666893 -0.809811 -1.43667 0 0 0 1 1 42430 463.719
33.4841 1 0.00655305 1.17447 1.14449 1.23352 0.672429 -0.797809 -1.43042 0 0 0 1 1 42440 463.829
33.492 1 0.00660586 1.17432 1.14456 1.24499 0.678024 -0.785941 -1.42412 0 0 0 1 1 42450 463.938
33.4999 1 0.00665892 1.17417 1.14462 1.25631 0.683677 -0.774236 -1.41776 0 0 0 1 1 42460 464.048
33.5078 1 0.00671224 1.17403 1.14469 1.26745 0.689384 -0.76272 -1.41135 0 0 0 1 1 42470 464.157
33.5157 1 0.00676582 1.17389 1.14475 1.27838 0.695144 -0.751417 -1.4049 0 0 0 1 1 42480 464.266
33.5235 1 0.00681966 1.17376 1.1448 1.28907 0.700953 -0.740352 -1.39839 0 0 0 1 1 42490 464.376
33.5314 1 0.00687376 1.17363 1.14486 1.29952 0.706809 -0.729542 -1.39184 0 0 0 1 1 42500 464.485
33.5393 1 0.00692812 1.1735 1.14491 1.3097 0.712709 -0.719005 -1.38526 0 0 0 1 1 42510 464.594
33.5472 1 0.00698274 1.17337 1.14496 1.3196 0.71865 -0.708753 -1.37863 0 0 0 1 1 42520 464.703
33.5551 1 0.00703763 1.17325 1.14501 1.3292 0.724628 -0.698796 -1.37197 0 0 0 1 1 42530 464.812
33.563 1 0.00709278 1.17313 1.14505 1.33852 0.730641 -0.68914 -1.36528 0 0 0 1 1 42540 464.922
33.5709 1 0.00714819 1.17302 1.14509 1.34753 0.736684 -0.679787 -1.35856 0 0 0 1 1 42550 465.031
33.5788 1 0.00720386 1.17291 1.14513 1.35625 0.742755 -0.670734 -1.35182 0 0 0 1 1 42560 465.14
33.5867 1 0.00725979 1.1728 1.14517 1.36468 0.74885 -0.661974 -1.34505 0 0 0 1 1 42570 465.249
33.5946 1 0.00731599 1.17269 1.1452 1.37283 0.754967 -0.653498 -1.33827 0 0 0 1 1 42580 465.358
33.6024 1 0.00737244 1.17259 1.14523 1.38072 0.761103 -0.645289 -1.33148 0 0 0 1 1 42590 465.468
33.6103 1 0.00742915 1.17249 1.14526 1.38836 0.767254 -0.63733 -1.32467 0 0 0 1 1 42600 465.578
33.6182 1 0.00748612 1.1724 1.14528 1.39578 0.773419 -0.629595 -1.31785 0 0 0 1 1 42610 465.688
33.6261 1 0.00754335 1.17231 1.1453 1.403 0.779596 -0.622059 -1.31102 0 0 0 1 1 42620 465.797
33.634 1 0.00760083 1.17222 1.14532 1.41007 0.785781 -0.614691 -1.30418 0 0 0 1 1 42630 465.907
33.6419 1 0.00765856 1.17214 1.14534 1.417 0.791975 -0.607455 -1.29735 0 0 0 1 1 42640 466.016
33.6498 1 0.00771655 1.17205 1.14535 1.42384 0.798175 -0.600315 -1.2905 0 0 0 1 1 42650 466.125
33.6577 1 0.00777478 1.17198 1.14536 1.43063 0.804382 -0.593231 -1.28366 0 0 0 1 1 42660 466.234
33.6656 1 0.00783327 1.1719 1.14537 1.43741 0.810594 -0.58616 -1.27681 0 0 0 1 1 42670 466.344
33.6735 1 0.00789201 1.17183 1.14537 1.44422 0.816812 -0.579056 -1.26996 0 0 0 1 1 42680 466.453
33.6813 1 0.00795099 1.17177 1.14538 1.45112 0.823036 -0.571874 -1.26311 0 0 0 1 1 42690 466.562
33.6892 1 0.00801021 1.1717 1.14538 1.45814 0.829267 -0.564567 -1.25626 0 0 0 1 1 42700 466.671
33.6971 1 0.00806968 1.17164 1.14537 1.46535 0.835507 -0.557086 -1.2494 0 0 0 1 1 42710 466.78
33.705 1 0.00812939 1.17159 1.14537 1.47278 0.841758 -0.549385 -1.24253 0 0 0 1 1 42720 466.889
33.7129 1 0.00818934 1.17154 1.14536 1.48047 0.848022 -0.541415 -1.23565 0 0 0 1 1 42730 466.999
33.7208 1 0.00824953 1.17149 1.14535 1.48849 0.854302 -0.53313 -1.22876 0 0 0 1 1 42740 467.108
33.7287 1 0.00830995 1.17144 1.14533 1.49687 0.8606 -0.524487 -1.22185 0 0 0 1 1 42750 467.218
33.7366 1 0.00837061 1.1714 1.14532 1.50566 0.866922 -0.515444 -1.21493 0 0 0 1 1 42760 467.327
33.7445 1 0.00843151 1.17136 1.1453 1.51489 0.87327 -0.50596 -1.20798 0 0 0 1 1 42770 467.437
33.7524 1 0.00849265 1.17133 1.14528 1.5246 0.879649 -0.495999 -1.201 0 0 0 1 1 42780 467.546
33.7602 1 0.00855402 1.1713 1.14525 1.53483 0.886064 -0.48553 -1.194 0 0 0 1 1 42790 467.656
33.7681 1 0.00861562 1.17127 1.14523 1.5456 0.892519 -0.474523 -1.18695 0 0 0 1 1 42800 467.767
33.776 1 0.00867746 1.17125 1.1452 1.55693 0.89902 -0.462956 -1.17986 0 0 0 1 1 42810 467.876
33.7839 1 0.00873954 1.17123 1.14517 1.56886 0.905572 -0.450809 -1.17273 0 0 0 1 1 42820 467.985
33.7918 1 0.00880185 1.17121 1.14513 1.58138 0.91218 -0.438068 -1.16554 0 0 0 1 1 42830 468.094
33.7997 1 0.0088644 1.1712 1.1451 1.5945 0.91885 -0.424725 -1.1583 0 0 0 1 1 42840 468.203
33.8076 1 0.00892719 1.17119 1.14506 1.60825 0.925586 -0.410778 -1.15099 0 0 0 1 1 42850 468.313
33.8155 1 0.00899021 1.17118 1.14502 1.6226 0.932395 -0.396228 -1.14361 0 0 0 1 1 42860 468.423
33.8234 1 0.00905348 1.17118 1.14497 1.63755 0.939282 -0.381085 -1.13616 0 0 0 1 1 42870 468.533
33.8312 1 0.00911699 1.17118 1.14493 1.65309 0.946251 -0.365361 -1.12863 0 0 0 1 1 42880 468.642
33.8391 1 0.00918075 1.17119 1.14488 1.66919 0.953308 -0.349077 -1.12101 0 0 0 1 1 42890 468.751
33.847 1 0.00924475 1.1712 1.14483 1.68585 0.960457 -0.332255 -1.11331 0 0 0 1 1 42900 468.86
33.8549 1 0.009309 1.17121 1.14478 1.70301 0.967703 -0.314927 -1.10551 0 0 0 1 1 42910 468.97
33.8628 1 0.00937351 1.17122 1.14473 1.72067 0.975049 -0.297124 -1.09762 0 0 0 1 1 42920 469.079
33.8707 1 0.00943827 1.17124 1.14467 1.73876 0.982499 -0.278885 -1.08963 0 0 0 1 1 42930 469.189
33.8786 1 0.0095033 1.17126 1.14461 1.75726 0.990057 -0.260251 -1.08153 0 0 0 1 1 42940 469.298
33.8865 1 0.00956858 1.17129 1.14455 1.77613 0.997724 -0.241266 -1.07333 0 0 0 1 1 42950 469.408
33.8944 1 0.00963414 1.17132 1.14449 1.7953 1.0055 -0.221977 -1.06502 0 0 0 1 1 42960 469.517
33.9023 1 0.00969996 1.17135 1.14443 1.81474 1.0134 -0.202432 -1.05661 0 0 0 1 1 42970 469.626
33.9101 1 0.00976606 1.17139 1.14436 1.8344 1.02141 -0.182682 -1.04808 0 0 0 1 1 42980 469.736
33.918 1 0.00983244 1.17143 1.14429 1.85422 1.02953 -0.162776 -1.03943 0 0 0 1 1 42990 469.845
33.9259 1 0.0098991 1.17147 1.14422 1.87415 1.03777 -0.142764 -1.03068 0 0 0 1 1 43000 469.954
33.9338 1 0.00996604 1.17152 1.14415 1.89416 1.04613 -0.122696 -1.02182 0 0 0 1 1 43010 470.063
33.9417 1 0.0100333 1.17157 1.14408 1.91418 1.0546 -0.102619 -1.01284 0 0 0 1 1 43020 470.173
33.9496 1 0.0101008 1.17162 1.144 1.93417 1.06318 -0.0825778 -1.00376 0 0 0 1 1 43030 470.282
33.9575 1 0.0101686 1.17168 1.14392 1.9541 1.07188 -0.0626151 -0.994565 0 0 0 1 1 43040 470.391
33.9654 1 0.0102368 1.17174 1.14384 1.97392 1.08069 -0.0427694 -0.985268 0 0 0 1 1 43050 470.5
33.9733 1 0.0103052 1.1718 1.14376 1.9936 1.0896 -0.0230753 -0.975867 0 0 0 1 1 43060 470.609
33.9812 1 0.010374 1.17186 1.14368 2.0131 1.09862 -0.00356278 -0.966365 0 0 0 1 1 43070 470.719
33.989 1 0.010443 1.17193 1.1436 2.03241 1.10774 0.0157432 -0.956766 0 0 0 1 1 43080 470.828
33.9969 1 0.0105124 1.17201 1.14351 2.05151 1.11696 0.0348231 -0.947073 0 0 0 1 1 43090 470.937
34.0048 1 0.0105821 1.17208 1.14342 2.07037 1.12628 0.053663 -0.937288 0 0 0 1 1 43100 471.046
34.0127 1 0.0106521 1.17216 1.14333 2.08899 1.13569 0.0722551 -0.927416 0 0 0 1 1 43110 471.155
34.0206 1 0.0107225 1.17224 1.14324 2.10738 1.14519 0.0905972 -0.917458 0 0 0 1 1 43120 471.264
34.0285 1 0.0107932 1.17233 1.14315 2.12552 1.15478 0.108693 -0.90742 0 0 0 1 1 43130 471.373
34.0364 1 0.0108642 1.17242 1.14306 2.14344 1.16445 0.126553 -0.897303 0 0 0 1 1 43140 471.482
34.0443 1 0.0109356 1.17251 1.14296 2.16115 1.1742 0.144193 -0.887111 0 0 0 1 1 43150 471.591
34.0522 1 0.0110073 1.17261 1.14287 2.17866 1.18403 0.161632 -0.876847 0 0 0 1 1 43160 471.7
34.0601 1 0.0110793 1.1727 1.14277 2.19601 1.19393 0.178898 -0.866513 0 0 0 1 1 43170 471.809
34.0679 1 0.0111517 1.17281 1.14267 2.21323 1.2039 0.19602 -0.856111 0 0 0 1 1 43180 471.918
34.0758 1 0.0112245 1.17291 1.14257 2.23035 1.21395 0.213034 -0.845644 0 0 0 1 1 43190 472.028
34.0837 1 0.0112976 1.17302 1.14246 2.2474 1.22406 0.229977 -0.835113 0 0 0 1 1 43200 472.137
34.0916 1 0.011371 1.17313 1.14236 2.26443 1.23425 0.24689 -0.824518 0 0 0 1 1 43210 472.246
34.0995 1 0.0114448 1.17324 1.14226 2.28148 1.2445 0.263815 -0.813861 0 0 0 1 1 43220 472.355
34.1074 1 0.011519 1.17336 1.14215 2.2986 1.25482 0.280797 -0.803143 0 0 0 1 1 43230 472.464
34.1153 1 0.0115936 1.17347 1.14204 2.31583 1.2652 0.297879 -0.792362 0 0 0 1 1 43240 472.573
34.1232 1 0.0116685 1.1736 1.14193 2.33321 1.27566 0.315107 -0.781518 0 0 0 1 1 43250 472.682
34.1311 1 0.0117437 1.17372 1.14182 2.35078 1.28618 0.332523 -0.77061 0 0 0 1 1 43260 472.791
34.1389 1 0.0118194 1.17385 1.14171 2.3686 1.29677 0.350168 -0.759636 0 0 0 1 1 43270 472.9
34.1468 1 0.0118954 1.17398 1.1416 2.38669 1.30744 0.36808 -0.748596 0 0 0 1 1 43280 473.009
34.1547 1 0.0119718 1.17411 1.14149 2.40509 1.31818 0.386295 -0.737486 0 0 0 1 1 43290 473.118
34.1626 1 0.0120485 1.17425 1.14137 2.42383 1.329 0.404843 -0.726304 0 0 0 1 1 43300 473.227
34.1705 1 0.0121257 1.17439 1.14126 2.44295 1.3399 0.42375 -0.715048 0 0 0 1 1 43310 473.337
34.1784 1 0.0122032 1.17453 1.14114 2.46245 1.35088 0.443038 -0.703714 0 0 0 1 1 43320 473.446
34.1863 1 0.0122811 1.17467 1.14102 2.48236 1.36195 0.462721 -0.6923 0 0 0 1 1 43330 473.555
34.1942 1 0.0123594 1.17482 1.1409 2.50268 1.37311 0.482809 -0.680802 0 0 0 1 1 43340 473.664
34.2021 1 0.0124381 1.17496 1.14078 2.52342 1.38436 0.503303 -0.669217 0 0 0 1 1 43350 473.773
34.21 1 0.0125172 1.17512 1.14066 2.54457 1.39571 0.5242 -0.657542 0 0 0 1 1 43360 473.882
34.2178 1 0.0125968 1.17527 1.14054 2.56613 1.40715 0.545488 -0.645774 0 0 0 1 1 43370 473.991
34.2257 1 0.0126767 1.17543 1.14041 2.58806 1.4187 0.56715 -0.633909 0 0 0 1 1 43380 474.1
34.2336 1 0.012757 1.17558 1.14029 2.61036 1.43035 0.589161 -0.621947 0 0 0 1 1 43390 474.209
34.2415 1 0.0128377 1.17574 1.14016 2.63299 1.44211 0.611489 -0.609884 0 0 0 1 1 43400 474.318
34.2494 1 0.0129189 1.17591 1.14004 2.65591 1.45398 0.634098 -0.597717 0 0 0 1 1 43410 474.427
34.2573 1 0.0130004 1.17607 1.13991 2.67907 1.46596 0.656943 -0.585447 0 0 0 1 1 43420 474.537
34.2652 1 0.0130825 1.17624 1.13978 2.70244 1.47804 0.679976 -0.573071 0 0 0 1 1 43430 474.646
34.2731 1 0.0131649 1.17641 1.13965 2.72595 1.49025 0.703143 -0.560589 0 0 0 1 1 43440 474.755
34.281 1 0.0132477 1.17658 1.13952 2.74955 1.50256 0.726386 -0.548002 0 0 0 1 1 43450 474.864
34.2889 1 0.013331 1.17676 1.13939 2.77317 1.51498 0.749642 -0.535309 0 0 0 1 1 43460 474.974
34.2967 1 0.0134148 1.17693 1.13926 2.79675 1.52752 0.772849 -0.522513 0 0 0 1 1 43470 475.083
34.3046 1 0.013499 1.17711 1.13913 2.82023 1.54016 0.795938 -0.509614 0 0 0 1 1 43480 475.192
34.3125 1 0.0135836 1.17729 1.13899 2.84354 1.55291 0.818844 -0.496616 0 0 0 1 1 43490 475.301
34.3204 1 0.0136687 1.17748 1.13886 2.8666 1.56576 0.841498 -0.483521 0 0 0 1 1 43500 475.41
34.3283 1 0.0137543 1.17766 1.13872 2.88936 1.57871 0.863834 -0.470334 0 0 0 1 1 43510 475.519
34.3362 1 0.0138403 1.17785 1.13859 2.91175 1.59176 0.885788 -0.457058 0 0 0 1 1 43520 475.628
34.3441 1 0.0139268 1.17803 1.13845 2.93371 1.60489 0.907298 -0.4437 0 0 0 1 1 43530 475.738
34.352 1 0.0140137 1.17822 1.13831 2.95517 1.61811 0.928308 -0.430263 0 0 0 1 1 43540 475.847
34.3599 1 0.0141011 1.17841 1.13817 2.97609 1.63141 0.948764 -0.416755 0 0 0 1 1 43550 475.956
34.3678 1 0.014189 1.17861 1.13803 2.99643 1.64478 0.968621 -0.403182 0 0 0 1 1 43560 476.065
34.3756 1 0.0142773 1.1788 1.13789 3.01613 1.65822 0.98784 -0.38955 0 0 0 1 1 43570 476.174
34.3835 1 0.0143662 1.179 1.13775 3.03518 1.67171 1.00639 -0.375867 0 0 0 1 1 43580 476.283
34.3914 1 0.0144555 1.1792 1.13761 3.05354 1.68526 1.02425 -0.362139 0 0 0 1 1 43590 476.392
34.3993 1 0.0145452 1.1794 1.13747 3.0712 1.69885 1.0414 -0.348375 0 0 0 1 1 43600 476.501
34.4072 1 0.0146355 1.1796 1.13733 3.08817 1.71247 1.05785 -0.334581 0 0 0 1 1 43610 476.61
34.4151 1 0.0147262 1.1798 1.13718 3.10444 1.72613 1.07359 -0.320764 0 0 0 1 1 43620 476.72
34.423 1 0.0148174 1.18 1.13704 3.12005 1.7398 1.08866 -0.306933 0 0 0 1 1 43630 476.83
34.4309 1 0.0149091 1.18021 1.1369 3.135 1.75349 1.10307 -0.293092 0 0 0 1 1 43640 476.939
34.4388 1 0.0150012 1.18042 1.13675 3.14936 1.7672 1.11688 -0.27925 0 0 0 1 1 43650 477.048
34.4466 1 0.0150939 1.18062 1.13661 3.16317 1.7809 1.13013 -0.265411 0 0 0 1 1 43660 477.157
34.4545 1 0.015187 1.18083 1.13646 3.17649 1.7946 1.14288 -0.25158 0 0 0 1 1 43670 477.266
34.4624 1 0.0152805 1.18104 1.13632 3.1894 1.8083 1.15522 -0.237762 0 0 0 1 1 43680 477.375
34.4703 1 0.0153745 1.18125 1.13617 3.20197 1.82199 1.16722 -0.223961 0 0 0 1 1 43690 477.485
34.4782 1 0.015469 1.18146 1.13603 3.21432 1.83566 1.17898 -0.210179 0 0 0 1 1 43700 477.594
34.4861 1 0.015564 1.18168 1.13588 3.22652 1.84932 1.1906 -0.196418 0 0 0 1 1 43710 477.703
34.494 1 0.0156594 1.18189 1.13574 3.2387 1.86297 1.20219 -0.182678 0 0 0 1 1 43720 477.812
34.5019 1 0.0157553 1.18211 1.13559 3.25096 1.8766 1.21385 -0.168959 0 0 0 1 1 43730 477.921
34.5098 1 0.0158516 1.18232 1.13545 3.26343 1.89022 1.22571 -0.155259 0 0 0 1 1 43740 478.03
34.5177 1 0.0159483 1.18254 1.13531 3.27622 1.90383 1.23789 -0.141576 0 0 0 1 1 43750 478.139
34.5255 1 0.0160455 1.18275 1.13516 3.28945 1.91743 1.25051 -0.127905 0 0 0 1 1 43760 478.248
34.5334 1 0.0161432 1.18297 1.13502 3.30325 1.93104 1.26368 -0.114242 0 0 0 1 1 43770 478.358
34.5413 1 0.0162413 1.18319 1.13488 3.31774 1.94465 1.27754 -0.10058 0 0 0 1 1 43780 478.467
34.5492 1 0.0163398 1.18341 1.13474 3.33302 1.95827 1.29219 -0.086912 0 0 0 1 1 43790 478.577
34.5571 1 0.0164388 1.18363 1.1346 3.34922 1.97191 1.30774 -0.0732294 0 0 0 1 1 43800 478.686
34.565 1 0.0165382 1.18385 1.13446 3.36644 1.98559 1.3243 -0.059523 0 0 0 1 1 43810 478.795
34.5729 1 0.0166381 1.18406 1.13432 3.38476 1.9993 1.34197 -0.0457825 0 0 0 1 1 43820 478.904
34.5808 1 0.0167383 1.18428 1.13419 3.40428 2.01307 1.36081 -0.0319969 0 0 0 1 1 43830 479.013
34.5887 1 0.0168391 1.1845 1.13405 3.42506 2.0269 1.38092 -0.0181547 0 0 0 1 1 43840 479.122
34.5966 1 0.0169402 1.18473 1.13392 3.44717 2.0408 1.40234 -0.00424362 0 0 0 1 1 43850 479.231
34.6044 1 0.0170418 1.18495 1.13379 3.47066 2.0548 1.42512 0.00974891 0 0 0 1 1 43860 479.34
34.6123 1 0.0171438 1.18517 1.13366 3.49555 2.06889 1.4493 0.0238357 0 0 0 1 1 43870 479.45
34.6202 1 0.0172462 1.18539 1.13353 3.52187 2.0831 1.4749 0.0380296 0 0 0 1 1 43880 479.56
34.6281 1 0.0173491 1.18561 1.1334 3.54961 2.09744 1.5019 0.0523437 0 0 0 1 1 43890 479.67
34.636 1 0.0174525 1.18583 1.13328 3.57876 2.11192 1.5303 0.0667904 0 0 0 1 1 43900 479.78
34.6439 1 0.0175563 1.18605 1.13316 3.60929 2.12655 1.56006 0.0813822 0 0 0 1 1 43910 479.889
34.6518 1 0.0176605 1.18627 1.13304 3.64116 2.14134 1.59114 0.0961308 0 0 0 1 1 43920 479.999
34.6597 1 0.0177652 1.18649 1.13292 3.67429 2.15631 1.62347 0.111047 0 0 0 1 1 43930 480.108
34.6676 1 0.0178703 1.18671 1.1328 3.70861 2.17146 1.65698 0.126142 0 0 0 1 1 43940 480.217
34.6755 1 0.017976 1.18693 1.13269 3.74403 2.18681 1.69157 0.141424 0 0 0 1 1 43950 480.326
34.6833 1 0.0180821 1.18714 1.13258 3.78045 2.20236 1.72714 0.156902 0 0 0 1 1 43960 480.435
34.6912 1 0.0181886 1.18736 1.13247 3.81774 2.21812 1.76357 0.172583 0 0 0 1 1 43970 480.545
34.6991 1 0.0182957 1.18758 1.13237 3.85577 2.2341 1.80072 0.188472 0 0 0 1 1 43980 480.655
34.707 1 0.0184033 1.1878 1.13227 3.89442 2.2503 1.83847 0.204575 0 0 0 1 1 43990 480.764
34.7149 1 0.0185113 1.18802 1.13217 3.93354 2.26673 1.87666 0.220893 0 0 0 1 1 44000 480.874
34.7228 1 0.0186199 1.18823 1.13207 3.97297 2.28338 1.91515 0.237429 0 0 0 1 1 44010 480.984
34.7307 1 0.018729 1.18845 1.13198 4.01256 2.30025 1.95377 0.254182 0 0 0 1 1 44020 481.093
34.7386 1 0.0188386 1.18866 1.13189 4.05215 2.31735 1.99239 0.271151 0 0 0 1 1 44030 481.203
34.7465 1 0.0189488 1.18888 1.1318 4.0916 2.33467 2.03084 0.288333 0 0 0 1 1 44040 481.313
34.7543 1 0.0190595 1.18909 1.13172 4.13074 2.35221 2.06897 0.305723 0 0 0 1 1 44050 481.422
34.7622 1 0.0191708 1.1893 1.13164 4.16944 2.36996 2.10663 0.323315 0 0 0 1 1 44060 481.532
34.7701 1 0.0192826 1.18952 1.13156 4.20756 2.38791 2.14369 0.341101 0 0 0 1 1 44070 481.642
34.778 1 0.019395 1.18973 1.13148 4.24496 2.40606 2.18003 0.359074 0 0 0 1 1 44080 481.751
34.7859 1 0.019508 1.18994 1.13141 4.28154 2.42439 2.21551 0.377223 0 0 0 1 1 44090 481.861
34.7938 1 0.0196215 1.19015 1.13135 4.31718 2.4429 2.25005 0.395539 0 0 0 1 1 44100 481.97
34.8017 1 0.0197357 1.19036 1.13128 4.35181 2.46157 2.28355 0.414008 0 0 0 1 1 44110 482.079
34.8096 1 0.0198505 1.19056 1.13122 4.38535 2.48039 2.31595 0.43262 0 0 0 1 1 44120 482.188
34.8175 1 0.0199658 1.19077 1.13116 4.41776 2.49935 2.3472 0.451362 0 0 0 1 1 44130 482.298
34.8254 1 0.0200818 1.19098 1.13111 4.449 2.51844 2.37727 0.47022 0 0 0 1 1 44140 482.407
34.8332 1 0.0201984 1.19118 1.13106 4.47907 2.53764 2.40615 0.489183 0 0 0 1 1 44150 482.516
34.8411 1 0.0203156 1.19139 1.13101 4.50797 2.55694 2.43386 0.508237 0 0 0 1 1 44160 482.625
34.849 1 0.0204335 1.19159 1.13097 4.53576 2.57633 2.46043 0.52737 0 0 0 1 1 44170 482.735
34.8569 1 0.020552 1.19179 1.13093 4.56247 2.5958 2.48591 0.546571 0 0 0 1 1 44180 482.844
34.8648 1 0.0206711 1.19199 1.13089 4.58819 2.61533 2.51039 0.565828 0 0 0 1 1 44190 482.953
34.8727 1 0.0207909 1.19219 1.13086 4.61302 2.63492 2.53397 0.585131 0 0 0 1 1 44200 483.063
34.8806 1 0.0209113 1.19239 1.13083 4.63706 2.65456 2.55675 0.604473 0 0 0 1 1 44210 483.172
34.8885 1 0.0210324 1.19259 1.1308 4.66047 2.67424 2.57889 0.623844 0 0 0 1 1 44220 483.281
34.8964 1 0.0211541 1.19278 1.13078 4.68338 2.69395 2.60051 0.64324 0 0 0 1 1 44230 483.39
34.9043 1 0.0212764 1.19298 1.13076 4.70595 2.71369 2.62179 0.662656 0 0 0 1 1 44240 483.499
34.9121 1 0.0213995 1.19317 1.13075 4.72837 2.73345 2.6429 0.682089 0 0 0 1 1 44250 483.608
34.92 1 0.0215231 1.19336 1.13073 4.7508 2.75325 2.66402 0.701539 0 0 0 1 1 44260 483.717
34.9279 1 0.0216475 1.19355 1.13073 4.77344 2.77307 2.68533 0.721006 0 0 0 1 1 44270 483.826
34.9358 1 0.0217725 1.19374 1.13072 4.79647 2.79292 2.70703 0.740493 0 0 0 1 1 44280 483.935
34.9437 1 0.0218981 1.19393 1.13072 4.82008 2.8128 2.72929 0.760004 0 0 0 1 1 44290 484.044
34.9516 1 0.0220245 1.19412 1.13072 4.84445 2.83272 2.7523 0.779547 0 0 0 1 1 44300 484.154
34.9595 1 0.0221515 1.1943 1.13073 4.86976 2.8527 2.77624 0.799129 0 0 0 1 1 44310 484.263
34.9674 1 0.0222791 1.19449 1.13074 4.89617 2.87273 2.80126 0.81876 0 0 0 1 1 44320 484.372
34.9753 1 0.0224075 1.19467 1.13076 4.92384 2.89283 2.82754 0.83845 0 0 0 1 1 44330 484.481
34.9832 1 0.0225365 1.19485 1.13077 4.9529 2.91302 2.85519 0.858213 0 0 0 1 1 44340 484.59
34.991 1 0.0226662 1.19503 1.1308 4.98348 2.9333 2.88434 0.878062 0 0 0 1 1 44350 484.699
34.9989 1 0.0227966 1.19521 1.13082 5.01567 2.95369 2.9151 0.898011 0 0 0 1 1 44360 484.808
35.0068 1 0.0229277 1.19539 1.13085 5.04956 2.9742 2.94753 0.918075 0 0 0 1 1 44370 484.917
35.0147 1 0.0230595 1.19556 1.13088 5.0852 2.99486 2.98171 0.938272 0 0 0 1 1 44380 485.026
35.0226 1 0.023192 1.19573 1.13092 5.12264 3.01567 3.01765 0.958615 0 0 0 1 1 44390 485.135
35.0305 1 0.0233252 1.19591 1.13096 5.16187 3.03666 3.05538 0.979122 0 0 0 1 1 44400 485.245
35.0384 1 0.0234591 1.19608 1.131 5.20289 3.05784 3.09487 0.999808 0 0 0 1 1 44410 485.354
35.0463 1 0.0235937 1.19625 1.13105 5.24564 3.07922 3.13608 1.02069 0 0 0 1 1 44420 485.463
35.0542 1 0.0237291 1.19642 1.1311 5.29008 3.10082 3.17895 1.04178 0 0 0 1 1 44430 485.572
35.062 1 0.0238653 1.19658 1.13116 5.3361 3.12266 3.22338 1.06309 0 0 0 1 1 44440 485.681
35.0699 1 0.0240022 1.19675 1.13121 5.38359 3.14474 3.26926 1.08464 0 0 0 1 1 44450 485.79
35.0778 1 0.0241398 1.19691 1.13128 5.43242 3.16708 3.31645 1.10644 0 0 0 1 1 44460 485.899
35.0857 1 0.0242783 1.19707 1.13134 5.48242 3.18969 3.3648 1.1285 0 0 0 1 1 44470 486.008
35.0936 1 0.0244175 1.19723 1.13141 5.53342 3.21257 3.41412 1.15081 0 0 0 1 1 44480 486.117
35.1015 1 0.0245576 1.19739 1.13148 5.58521 3.23574 3.46421 1.1734 0 0 0 1 1 44490 486.226
35.1094 1 0.0246984 1.19755 1.13156 5.63759 3.25919 3.51486 1.19627 0 0 0 1 1 44500 486.335
35.1173 1 0.0248401 1.1977 1.13164 5.69033 3.28293 3.56583 1.21941 0 0 0 1 1 44510 486.444
35.1252 1 0.0249827 1.19786 1.13172 5.74318 3.30696 3.6169 1.24282 0 0 0 1 1 44520 486.553
35.1331 1 0.025126 1.19801 1.1318 5.7959 3.33127 3.66781 1.26651 0 0 0 1 1 44530 486.662
35.1409 1 0.0252703 1.19816 1.13189 5.84822 3.35585 3.71831 1.29046 0 0 0 1 1 44540 486.772
35.1488 1 0.0254154 1.19831 1.13199 5.8999 3.38071 3.76813 1.31467 0 0 0 1 1 44550 486.881
35.1567 1 0.0255614 1.19845 1.13208 5.95066 3.40583 3.81701 1.33913 0 0 0 1 1 44560 486.99
35.1646 1 0.0257083 1.1986 1.13218 6.00026 3.43119 3.8647 1.36383 0 0 0 1 1 44570 487.099
35.1725 1 0.0258562 1.19874 1.13228 6.04844 3.45679 3.91095 1.38874 0 0 0 1 1 44580 487.208
35.1804 1 0.0260049 1.19889 1.13238 6.09495 3.4826 3.95552 1.41385 0 0 0 1 1 44590 487.317
35.1883 1 0.0261546 1.19903 1.13249 6.13958 3.5086 3.99817 1.43915 0 0 0 1 1 44600 487.426
35.1962 1 0.0263052 1.19917 1.1326 6.1821 3.53478 4.0387 1.4646 0 0 0 1 1 44610 487.535
35.2041 1 0.0264567 1.1993 1.13271 6.22233 3.5611 4.07691 1.4902 0 0 0 1 1 44620 487.644
35.212 1 0.0266092 1.19944 1.13282 6.26008 3.58755 4.11264 1.5159 0 0 0 1 1 44630 487.753
35.2198 1 0.0267626 1.19957 1.13294 6.29523 3.6141 4.14574 1.54169 0 0 0 1 1 44640 487.862
35.2277 1 0.026917 1.19971 1.13306 6.32765 3.64071 4.17609 1.56753 0 0 0 1 1 44650 487.971
35.2356 1 0.0270724 1.19984 1.13318 6.35725 3.66737 4.20361 1.59341 0 0 0 1 1 44660 488.08
35.2435 1 0.0272287 1.19997 1.1333 6.38398 3.69404 4.22825 1.61928 0 0 0 1 1 44670 488.189
35.2514 1 0.027386 1.2001 1.13343 6.40782 3.7207 4.24999 1.64513 0 0 0 1 1 44680 488.298
35.2593 1 0.0275442 1.20022 1.13356 6.4288 3.74731 4.26886 1.67092 0 0 0 1 1 44690 488.408
35.2672 1 0.0277033 1.20035 1.13369 6.44695 3.77386 4.28489 1.69662 0 0 0 1 1 44700 488.517
35.2751 1 0.0278634 1.20047 1.13382 6.46237 3.8003 4.29818 1.72222 0 0 0 1 1 44710 488.626
35.283 1 0.0280245 1.20059 1.13396 6.47518 3.82662 4.30885 1.74768 0 0 0 1 1 44720 488.735
35.2909 1 0.0281865 1.20071 1.13409 6.48553 3.8528 4.31707 1.77298 0 0 0 1 1 44730 488.844
35.2987 1 0.0283494 1.20083 1.13423 6.4936 3.8788 4.323 1.7981 0 0 0 1 1 44740 488.953
35.3066 1 0.0285132 1.20094 1.13437 6.49962 3.90462 4.32687 1.82302 0 0 0 1 1 44750 489.062
35.3145 1 0.0286779 1.20106 1.13451 6.5038 3.93023 4.32891 1.84773 0 0 0 1 1 44760 489.171
35.3224 1 0.0288435 1.20117 1.13466 6.50642 3.95563 4.32938 1.8722 0 0 0 1 1 44770 489.28
35.3303 1 0.02901 1.20128 1.1348 6.50774 3.98079 4.32856 1.89642 0 0 0 1 1 44780 489.389
35.3382 1 0.0291773 1.20139 1.13495 6.50805 4.00571 4.32672 1.9204 0 0 0 1 1 44790 489.498
35.3461 1 0.0293455 1.2015 1.1351 6.50765 4.03038 4.32417 1.94411 0 0 0 1 1 44800 489.607
35.354 1 0.0295145 1.2016 1.13526 6.50682 4.0548 4.3212 1.96756 0 0 0 1 1 44810 489.716
35.3619 1 0.0296844 1.20171 1.13541 6.50586 4.07898 4.3181 1.99075 0 0 0 1 1 44820 489.825
35.3697 1 0.029855 1.20181 1.13557 6.50506 4.1029 4.31516 2.01369 0 0 0 1 1 44830 489.934
35.3776 1 0.0300265 1.20191 1.13572 6.5047 4.12659 4.31266 2.03637 0 0 0 1 1 44840 490.043
35.3855 1 0.0301987 1.20201 1.13589 6.50503 4.15004 4.31086 2.0588 0 0 0 1 1 44850 490.153
35.3934 1 0.0303716 1.2021 1.13605 6.5063 4.17327 4.30999 2.081 0 0 0 1 1 44860 490.262
35.4013 1 0.0305453 1.2022 1.13621 6.50874 4.19628 4.31029 2.10298 0 0 0 1 1 44870 490.371
35.4092 1 0.0307197 1.20229 1.13638 6.51253 4.21911 4.31195 2.12476 0 0 0 1 1 44880 490.48
35.4171 1 0.0308949 1.20238 1.13655 6.51786 4.24175 4.31513 2.14634 0 0 0 1 1 44890 490.589
35.425 1 0.0310707 1.20247 1.13672 6.52485 4.26423 4.31999 2.16775 0 0 0 1 1 44900 490.698
35.4329 1 0.0312472 1.20256 1.1369 6.53364 4.28657 4.32663 2.18901 0 0 0 1 1 44910 490.807
35.4408 1 0.0314244 1.20264 1.13707 6.54428 4.30878 4.33513 2.21013 0 0 0 1 1 44920 490.916
35.4486 1 0.0316022 1.20272 1.13725 6.55685 4.33089 4.34555 2.23114 0 0 0 1 1 44930 491.025
35.4565 1 0.0317807 1.2028 1.13744 6.57136 4.35292 4.3579 2.25206 0 0 0 1 1 44940 491.135
35.4644 1 0.0319598 1.20288 1.13762 6.58779 4.37488 4.37216 2.2729 0 0 0 1 1 44950 491.244
35.4723 1 0.0321396 1.20296 1.13781 6.60611 4.3968 4.38831 2.29368 0 0 0 1 1 44960 491.353
35.4802 1 0.0323199 1.20304 1.138 6.62625 4.41869 4.40627 2.31443 0 0 0 1 1 44970 491.462
35.4881 1 0.0325009 1.20311 1.1382 6.6481 4.44058 4.42593 2.33517 0 0 0 1 1 44980 491.571
35.496 1 0.0326825 1.20318 1.1384 6.67154 4.46247 4.44718 2.3559 0 0 0 1 1 44990 491.68
35.5039 1 0.0328646 1.20325 1.1386 6.69643 4.48439 4.46985 2.37664 0 0 0 1 1 45000 491.789
35.5118 1 0.0330474 1.20332 1.1388 6.72258 4.50634 4.49378 2.39741 0 0 0 1 1 45010 491.898
35.5197 1 0.0332308 1.20338 1.13901 6.74981 4.52834 4.51877 2.41822 0 0 0 1 1 45020 492.007
35.5275 1 0.0334147 1.20344 1.13922 6.7779 4.5504 4.54461 2.43907 0 0 0 1 1 45030 492.116
35.5354 1 0.0335992 1.20351 1.13943 6.80661 4.57252 4.57107 2.45998 0 0 0 1 1 45040 492.225
35.5433 1 0.0337843 1.20357 1.13965 6.83572 4.59471 4.5979 2.48094 0 0 0 1 1 45050 492.334
35.5512 1 0.0339699 1.20362 1.13987 6.86495 4.61696 4.62485 2.50196 0 0 0 1 1 45060 492.443
35.5591 1 0.0341561 1.20368 1.1401 6.89406 4.63929 4.65166 2.52304 0 0 0 1 1 45070 492.552
35.567 1 0.0343429 1.20373 1.14032 6.92278 4.66168 4.67806 2.54417 0 0 0 1 1 45080 492.661
35.5749 1 0.0345302 1.20379 1.14056 6.95084 4.68413 4.70379 2.56535 0 0 0 1 1 45090 492.771
35.5828 1 0.0347181 1.20384 1.14079 6.97798 4.70663 4.7286 2.58658 0 0 0 1 1 45100 492.88
35.5907 1 0.0349066 1.20389 1.14103 7.00396 4.72917 4.75223 2.60783 0 0 0 1 1 45110 492.989
35.5986 1 0.0350956 1.20393 1.14127 7.02855 4.75173 4.77445 2.62909 0 0 0 1 1 45120 493.098
35.6064 1 0.0352852 1.20398 1.14151 7.05151 4.77431 4.79505 2.65036 0 0 0 1 1 45130 493.207
35.6143 1 0.0354753 1.20402 1.14176 7.07267 4.79688 4.81382 2.67161 0 0 0 1 1 45140 493.316
35.6222 1 0.0356659 1.20407 1.14202 7.09186 4.81943 4.83062 2.69283 0 0 0 1 1 45150 493.425
35.6301 1 0.0358571 1.20411 1.14227 7.10895 4.84193 4.84531 2.71399 0 0 0 1 1 45160 493.534
35.638 1 0.0360489 1.20415 1.14253 7.12385 4.86437 4.85781 2.73508 0 0 0 1 1 45170 493.643
35.6459 1 0.0362411 1.20419 1.14279 7.13651 4.88672 4.86806 2.75607 0 0 0 1 1 45180 493.752
35.6538 1 0.0364339 1.20422 1.14305 7.14694 4.90896 4.87607 2.77694 0 0 0 1 1 45190 493.861
35.6617 1 0.0366272 1.20426 1.14332 7.15518 4.93108 4.88189 2.79767 0 0 0 1 1 45200 493.97
35.6696 1 0.036821 1.20429 1.14359 7.16133 4.95304 4.88562 2.81824 0 0 0 1 1 45210 494.079
35.6774 1 0.0370153 1.20433 1.14387 7.16555 4.97484 4.88741 2.83864 0 0 0 1 1 45220 494.189
35.6853 1 0.0372101 1.20436 1.14414 7.16803 4.99646 4.88747 2.85884 0 0 0 1 1 45230 494.298
35.6932 1 0.0374054 1.20439 1.14442 7.16903 5.01788 4.88605 2.87884 0 0 0 1 1 45240 494.407
35.7011 1 0.0376012 1.20442 1.1447 7.16885 5.03909 4.88345 2.89862 0 0 0 1 1 45250 494.516
35.709 1 0.0377974 1.20445 1.14499 7.16784 5.06009 4.88002 2.91817 0 0 0 1 1 45260 494.625
35.7169 1 0.0379941 1.20447 1.14528 7.16636 5.08086 4.87613 2.9375 0 0 0 1 1 45270 494.734
35.7248 1 0.0381912 1.2045 1.14557 7.16484 5.10142 4.87219 2.95659 0 0 0 1 1 45280 494.843
35.7327 1 0.0383887 1.20452 1.14586 7.16371 5.12176 4.86864 2.97546 0 0 0 1 1 45290 494.952
35.7406 1 0.0385867 1.20455 1.14616 7.16342 5.14189 4.86594 2.99412 0 0 0 1 1 45300 495.061
35.7485 1 0.0387851 1.20457 1.14646 7.16443 5.16183 4.86453 3.01256 0 0 0 1 1 45310 495.17
35.7563 1 0.0389838 1.20459 1.14676 7.1672 5.18159 4.86489 3.03083 0 0 0 1 1 45320 495.279
35.7642 1 0.039183 1.20462 1.14706 7.17218 5.20119 4.86746 3.04892 0 0 0 1 1 45330 495.388
35.7721 1 0.0393825 1.20464 1.14737 7.1798 5.22067 4.87267 3.06688 0 0 0 1 1 45340 495.497
35.78 1 0.0395825 1.20466 1.14768 7.19048 5.24004 4.88094 3.08473 0 0 0 1 1 45350 495.606
35.7879 1 0.0397827 1.20468 1.14799 7.2046 5.25935 4.89263 3.1025 0 0 0 1 1 45360 495.715
35.7958 1 0.0399834 1.2047 1.1483 7.22249 5.27862 4.90809 3.12024 0 0 0 1 1 45370 495.824
35.8037 1 0.0401844 1.20471 1.14862 7.24446 5.29791 4.92762 3.13797 0 0 0 1 1 45380 495.933
35.8116 1 0.0403857 1.20473 1.14894 7.27074 5.31724 4.95145 3.15574 0 0 0 1 1 45390 496.043
35.8195 1 0.0405874 1.20475 1.14926 7.30153 5.33667 4.97978 3.1736 0 0 0 1 1 45400 496.152
35.8274 1 0.0407895 1.20476 1.14958 7.33698 5.35623 5.01275 3.19158 0 0 0 1 1 45410 496.261
35.8352 1 0.0409919 1.20478 1.14991 7.37716 5.37598 5.05043 3.20974 0 0 0 1 1 45420 496.37
35.8431 1 0.0411947 1.2048 1.15024 7.42208 5.39595 5.09284 3.22812 0 0 0 1 1 45430 496.479
35.851 1 0.0413979 1.20481 1.15057 7.47171 5.4162 5.13993 3.24676 0 0 0 1 1 45440 496.588
35.8589 1 0.0416014 1.20483 1.1509 7.52594 5.43675 5.1916 3.2657 0 0 0 1 1 45450 496.697
35.8668 1 0.0418053 1.20484 1.15124 7.5846 5.45767 5.24767 3.285 0 0 0 1 1 45460 496.806
35.8747 1 0.0420097 1.20485 1.15157 7.64746 5.47898 5.30792 3.30467 0 0 0 1 1 45470 496.915
35.8826 1 0.0422144 1.20487 1.15191 7.71423 5.50072 5.37204 3.32477 0 0 0 1 1 45480 497.024
35.8905 1 0.0424196 1.20488 1.15225 7.78456 5.52293 5.43969 3.34532 0 0 0 1 1 45490 497.133
35.8984 1 0.0426252 1.2049 1.1526 7.85805 5.54563 5.51046 3.36636 0 0 0 1 1 45500 497.242
35.9063 1 0.0428312 1.20491 1.15294 7.93422 5.56884 5.58388 3.3879 0 0 0 1 1 45510 497.351
35.9141 1 0.0430378 1.20493 1.15329 8.01258 5.59259 5.65945 3.40996 0 0 0 1 1 45520 497.46
35.922 1 0.0432448 1.20494 1.15363 8.09255 5.61689 5.7366 3.43256 0 0 0 1 1 45530 497.569
35.9299 1 0.0434524 1.20495 1.15398 8.17353 5.64174 5.81471 3.4557 0 0 0 1 1 45540 497.678
35.9378 1 0.0436605 1.20497 1.15433 8.25487 5.66714 5.89315 3.47939 0 0 0 1 1 45550 497.787
35.9457 1 0.0438691 1.20499 1.15468 8.3359 5.6931 5.97123 3.50362 0 0 0 1 1 45560 497.897
35.9536 1 0.0440783 1.205 1.15503 8.41588 5.7196 6.04824 3.52837 0 0 0 1 1 45570 498.006
35.9615 1 0.0442881 1.20502 1.15539 8.4941 5.74661 6.12344 3.55363 0 0 0 1 1 45580 498.115
35.9694 1 0.0444986 1.20503 1.15574 8.56981 5.77412 6.19609 3.57936 0 0 0 1 1 45590 498.224
35.9773 1 0.0447096 1.20505 1.15609 8.64224 5.80208 6.26543 3.60554 0 0 0 1 1 45600 498.374
35.9851 1 0.0449213 1.20507 1.15644 8.71065 5.83046 6.33071 3.63213 0 0 0 1 1 45610 498.483
35.993 1 0.0451337 1.20509 1.15679 8.77428 5.85921 6.39119 3.65907 0 0 0 1 1 45620 498.592
36.0009 1 0.0453467 1.20511 1.15714 8.83243 5.88828 6.44615 3.68632 0 0 0 1 1 45630 498.701
36.0088 1 0.0455604 1.20513 1.15749 8.88439 5.9176 6.4949 3.7138 0 0 0 1 1 45640 498.811
36.0167 1 0.0457748 1.20515 1.15784 8.92952 5.9471 6.53681 3.74146 0 0 0 1 1 45650 498.92
36.0246 1 0.0459899 1.20517 1.15818 8.96724 5.97672 6.57128 3.76922 0 0 0 1 1 45660 499.029
36.0325 1 0.0462058 1.20519 1.15852 8.99703 6.00638 6.59779 3.797 0 0 0 1 1 45670 499.138
36.0404 1 0.0464223 1.20522 1.15887 9.01843 6.03599 6.61592 3.82472 0 0 0 1 1 45680 499.247
36.0483 1 0.0466394 1.20524 1.1592 9.03109 6.06548 6.6253 3.8523 0 0 0 1 1 45690 499.356
36.0562 1 0.0468573 1.20527 1.15954 9.03476 6.09475 6.62568 3.87966 0 0 0 1 1 45700 499.466
36.064 1 0.0470759 1.2053 1.15987 9.02929 6.12372 6.61693 3.90669 0 0 0 1 1 45710 499.575
36.0719 1 0.0472951 1.20533 1.1602 9.01463 6.15229 6.599 3.93333 0 0 0 1 1 45720 499.684
36.0798 1 0.0475149 1.20536 1.16052 8.99088 6.1804 6.57198 3.95947 0 0 0 1 1 45730 499.793
36.0877 1 0.0477354 1.20539 1.16084 8.95823 6.20794 6.53608 3.98505 0 0 0 1 1 45740 499.902
36.0956 1 0.0479564 1.20542 1.16116 8.91699 6.23484 6.49162 4.00997 0 0 0 1 1 45750 500.011
36.1035 1 0.048178 1.20546 1.16147 8.86761 6.26103 6.43903 4.03416 0 0 0 1 1 45760 500.12
36.1114 1 0.0484001 1.20549 1.16178 8.81061 6.28643 6.37886 4.05755 0 0 0 1 1 45770 500.229
36.1193 1 0.0486227 1.20553 1.16208 8.74665 6.31098 6.31175 4.08008 0 0 0 1 1 45780 500.339
36.1272 1 0.0488458 1.20557 1.16237 8.67644 6.33462 6.23844 4.10169 0 0 0 1 1 45790 500.448
36.1351 1 0.0490692 1.20561 1.16266 8.6008 6.3573 6.15972 4.12234 0 0 0 1 1 45800 500.566
36.1429 1 0.0492929 1.20565 1.16295 8.52058 6.37899 6.07647 4.14198 0 0 0 1 1 45810 500.675
36.1508 1 0.049517 1.20569 1.16323 8.43668 6.39966 5.98958 4.16059 0 0 0 1 1 45820 500.784
36.1587 1 0.0497413 1.20574 1.1635 8.35004 6.41928 5.89999 4.17814 0 0 0 1 1 45830 500.894
36.1666 1 0.0499658 1.20578 1.16377 8.26159 6.43783 5.80865 4.19462 0 0 0 1 1 45840 501.003
36.1745 1 0.0501904 1.20583 1.16403 8.17228 6.45533 5.71648 4.21004 0 0 0 1 1 45850 501.112
36.1824 1 0.0504152 1.20588 1.16429 8.08301 6.47178 5.62441 4.22439 0 0 0 1 1 45860 501.221
36.1903 1 0.0506399 1.20592 1.16454 7.99467 6.48719 5.5333 4.2377 0 0 0 1 1 45870 501.33
36.1982 1 0.0508646 1.20597 1.16479 7.90809 6.50158 5.444 4.24999 0 0 0 1 1 45880 501.439
36.2061 1 0.0510892 1.20603 1.16503 7.82404 6.51499 5.35727 4.26129 0 0 0 1 1 45890 501.549
36.214 1 0.0513137 1.20608 1.16527 7.74323 6.52745 5.27383 4.27164 0 0 0 1 1 45900 501.658
36.2218 1 0.051538 1.20613 1.1655 7.66631 6.53902 5.19433 4.28109 0 0 0 1 1 45910 501.767
36.2297 1 0.0517621 1.20619 1.16573 7.59385 6.54974 5.11931 4.28968 0 0 0 1 1 45920 501.876
36.2376 1 0.0519859 1.20624 1.16595 7.52633 6.55967 5.04927 4.29748 0 0 0 1 1 45930 501.985
36.2455 1 0.0522093 1.2063 1.16617 7.46417 6.56886 4.98462 4.30454 0 0 0 1 1 45940 502.094
36.2534 1 0.0524323 1.20636 1.16638 7.40769 6.57737 4.92569 4.31092 0 0 0 1 1 45950 502.203
36.2613 1 0.0526549 1.20642 1.16659 7.35716 6.58528 4.87273 4.31669 0 0 0 1 1 45960 502.312
36.2692 1 0.052877 1.20648 1.1668 7.31275 6.59265 4.82592 4.32191 0 0 0 1 1 45970 502.422
36.2771 1 0.0530986 1.20654 1.167 7.27458 6.59953 4.78537 4.32665 0 0 0 1 1 45980 502.531
36.285 1 0.0533196 1.2066 1.1672 7.24269 6.60601 4.75112 4.33099 0 0 0 1 1 45990 502.64
36.2929 1 0.05354 1.20667 1.16739 7.21706 6.61215 4.72313 4.33497 0 0 0 1 1 46000 502.749
36.3007 1 0.0537599 1.20673 1.16759 7.19759 6.618 4.70133 4.33868 0 0 0 1 1 46010 502.858
36.3086 1 0.053979 1.2068 1.16778 7.18415 6.62364 4.68557 4.34216 0 0 0 1 1 46020 502.968
36.3165 1 0.0541975 1.20687 1.16797 7.17654 6.62912 4.67564 4.34549 0 0 0 1 1 46030 503.077
36.3244 1 0.0544152 1.20693 1.16815 7.1745 6.6345 4.67128 4.34872 0 0 0 1 1 46040 503.186
36.3323 1 0.0546322 1.207 1.16834 7.17774 6.63984 4.6722 4.3519 0 0 0 1 1 46050 503.295
36.3402 1 0.0548485 1.20707 1.16852 7.18588 6.64518 4.67803 4.35508 0 0 0 1 1 46060 503.404
36.3481 1 0.055064 1.20714 1.1687 7.19854 6.65058 4.68836 4.35832 0 0 0 1 1 46070 503.513
36.356 1 0.0552787 1.20721 1.16889 7.21525 6.65607 4.70275 4.36165 0 0 0 1 1 46080 503.623
36.3639 1 0.0554926 1.20729 1.16907 7.23552 6.66169 4.72068 4.36511 0 0 0 1 1 46090 503.732
36.3717 1 0.0557057 1.20736 1.16925 7.2588 6.66747 4.74162 4.36873 0 0 0 1 1 46100 503.841
36.3796 1 0.055918 1.20744 1.16943 7.28452 6.67344 4.76497 4.37253 0 0 0 1 1 46110 503.95
36.3875 1 0.0561294 1.20751 1.16961 7.31203 6.67962 4.79012 4.37653 0 0 0 1 1 46120 504.059
36.3954 1 0.05634 1.20759 1.1698 7.34068 6.68601 4.81638 4.38075 0 0 0 1 1 46130 504.168
36.4033 1 0.0565498 1.20767 1.16998 7.36977 6.69262 4.84309 4.3852 0 0 0 1 1 46140 504.277
36.4112 1 0.0567587 1.20775 1.17016 7.39861 6.69946 4.86951 4.38985 0 0 0 1 1 46150 504.386
36.4191 1 0.0569668 1.20783 1.17034 7.42645 6.7065 4.89493 4.39472 0 0 0 1 1 46160 504.496
36.427 1 0.057174 1.20791 1.17053 7.45258 6.71375 4.91863 4.39979 0 0 0 1 1 46170 504.605
36.4349 1 0.0573803 1.20799 1.17071 7.4763 6.72116 4.93991 4.40502 0 0 0 1 1 46180 504.714
36.4428 1 0.0575858 1.20808 1.17089 7.49693 6.72872 4.95808 4.4104 0 0 0 1 1 46190 504.823
36.4506 1 0.0577905 1.20817 1.17108 7.51383 6.73639 4.97252 4.41588 0 0 0 1 1 46200 504.932
36.4585 1 0.0579942 1.20825 1.17126 7.52646 6.74413 4.98268 4.42143 0 0 0 1 1 46210 505.041
36.4664 1 0.0581971 1.20834 1.17145 7.53433 6.75189 4.98808 4.42699 0 0 0 1 1 46220 505.15
36.4743 1 0.0583991 1.20843 1.17163 7.53706 6.75963 4.98834 4.43253 0 0 0 1 1 46230 505.26
36.4822 1 0.0586003 1.20853 1.17182 7.5344 6.76728 4.9832 4.43799 0 0 0 1 1 46240 505.369
36.4901 1 0.0588005 1.20862 1.172 7.5262 6.77481 4.97254 4.44331 0 0 0 1 1 46250 505.478
36.498 1 0.0589998 1.20872 1.17218 7.51248 6.78215 4.95636 4.44845 0 0 0 1 1 46260 505.587
36.5059 1 0.0591981 1.20881 1.17237 7.49338 6.78925 4.93481 4.45334 0 0 0 1 1 46270 505.697
36.5138 1 0.0593956 1.20891 1.17255 7.46917 6.79606 4.90816 4.45795 0 0 0 1 1 46280 505.806
36.5217 1 0.059592 1.20901 1.17273 7.44029 6.80255 4.87685 4.46222 0 0 0 1 1 46290 505.915
36.5295 1 0.0597875 1.20912 1.17291 7.40727 6.80866 4.84142 4.46612 0 0 0 1 1 46300 506.024
36.5374 1 0.059982 1.20922 1.17309 7.37078 6.81437 4.80254 4.46961 0 0 0 1 1 46310 506.133
36.5453 1 0.0601754 1.20933 1.17327 7.33157 6.81964 4.76096 4.47267 0 0 0 1 1 46320 506.243
36.5532 1 0.0603679 1.20943 1.17345 7.29048 6.82447 4.71753 4.47528 0 0 0 1 1 46330 506.352
36.5611 1 0.0605592 1.20954 1.17363 7.24841 6.82884 4.67313 4.47743 0 0 0 1 1 46340 506.461
36.569 1 0.0607495 1.20965 1.17381 7.20627 6.83274 4.62868 4.47912 0 0 0 1 1 46350 506.57
36.5769 1 0.0609387 1.20977 1.17398 7.16501 6.8362 4.58515 4.48035 0 0 0 1 1 46360 506.679
36.5848 1 0.0611267 1.20988 1.17416 7.12557 6.83923 4.54344 4.48116 0 0 0 1 1 46370 506.788
36.5927 1 0.0613135 1.21 1.17433 7.08885 6.84185 4.50448 4.48156 0 0 0 1 1 46380 506.898
36.6006 1 0.0614992 1.21012 1.1745 7.05573 6.8441 4.46914 4.48159 0 0 0 1 1 46390 507.007
36.6084 1 0.0616837 1.21024 1.17467 7.02701 6.84603 4.43821 4.48129 0 0 0 1 1 46400 507.116
36.6163 1 0.061867 1.21036 1.17484 7.00344 6.84768 4.41245 4.48073 0 0 0 1 1 46410 507.225
36.6242 1 0.062049 1.21048 1.17501 6.98569 6.84912 4.39252 4.47994 0 0 0 1 1 46420 507.334
36.6321 1 0.0622298 1.21061 1.17518 6.97435 6.8504 4.379 4.479 0 0 0 1 1 46430 507.443
36.64 1 0.0624094 1.21073 1.17535 6.96991 6.85159 4.37239 4.47797 0 0 0 1 1 46440 507.553
36.6479 1 0.0625877 1.21086 1.17551 6.97276 6.85276 4.37308 4.47693 0 0 0 1 1 46450 507.662
36.6558 1 0.0627647 1.21099 1.17567 6.98322 6.854 4.38137 4.47594 0 0 0 1 1 46460 507.771
36.6637 1 0.0629404 1.21112 1.17584 7.00148 6.85537 4.39745 4.47509 0 0 0 1 1 46470 507.881
36.6716 1 0.0631149 1.21126 1.176 7.02765 6.85694 4.42143 4.47445 0 0 0 1 1 46480 507.99
36.6794 1 0.063288 1.21139 1.17616 7.06172 6.8588 4.45331 4.47409 0 0 0 1 1 46490 508.1
36.6873 1 0.0634599 1.21153 1.17632 7.1036 6.86103 4.49296 4.4741 0 0 0 1 1 46500 508.209
36.6952 1 0.0636306 1.21167 1.17648 7.15306 6.86368 4.54019 4.47453 0 0 0 1 1 46510 508.318
36.7031 1 0.0638 1.21181 1.17663 7.2098 6.86684 4.59466 4.47547 0 0 0 1 1 46520 508.428
36.711 1 0.0639681 1.21195 1.17679 7.27339 6.87056 4.65596 4.47697 0 0 0 1 1 46530 508.571
36.7189 1 0.0641351 1.2121 1.17694 7.34332 6.87491 4.72356 4.4791 0 0 0 1 1 46540 508.68
36.7268 1 0.0643008 1.21224 1.1771 7.41896 6.87993 4.79683 4.4819 0 0 0 1 1 46550 508.789
36.7347 1 0.0644653 1.21239 1.17725 7.49958 6.88568 4.87506 4.48543 0 0 0 1 1 46560 508.899
36.7426 1 0.0646287 1.21254 1.1774 7.58437 6.89219 4.95741 4.48972 0 0 0 1 1 46570 509.008
36.7505 1 0.064791 1.2127 1.17755 7.67243 6.89949 5.04299 4.49479 0 0 0 1 1 46580 509.118
36.7583 1 0.0649522 1.21285 1.1777 7.76276 6.9076 5.1308 4.50067 0 0 0 1 1 46590 509.227
36.7662 1 0.0651122 1.21301 1.17785 7.8543 6.91653 5.21977 4.50737 0 0 0 1 1 46600 509.336
36.7741 1 0.0652713 1.21317 1.17799 7.94592 6.92628 5.30878 4.51488 0 0 0 1 1 46610 509.445
36.782 1 0.0654293 1.21333 1.17813 8.03644 6.93682 5.39664 4.52319 0 0 0 1 1 46620 509.554
36.7899 1 0.0655863 1.21349 1.17827 8.12464 6.94815 5.48214 4.53227 0 0 0 1 1 46630 509.664
36.7978 1 0.0657423 1.21366 1.17841 8.20927 6.96021 5.56403 4.54208 0 0 0 1 1 46640 509.773
36.8057 1 0.0658974 1.21382 1.17855 8.28908 6.97297 5.64107 4.55258 0 0 0 1 1 46650 509.882
36.8136 1 0.0660516 1.21399 1.17868 8.36283 6.98635 5.712 4.5637 0 0 0 1 1 46660 509.991
36.8215 1 0.0662049 1.21417 1.17881 8.42929 7.00029 5.77561 4.57538 0 0 0 1 1 46670 510.1
36.8294 1 0.0663573 1.21434 1.17893 8.48731 7.01471 5.83075 4.58752 0 0 0 1 1 46680 510.21
36.8372 1 0.0665089 1.21452 1.17906 8.53578 7.0295 5.87631 4.60004 0 0 0 1 1 46690 510.319
36.8451 1 0.0666596 1.2147 1.17917 8.5737 7.04457 5.91131 4.61282 0 0 0 1 1 46700 510.428
36.853 1 0.0668095 1.21488 1.17929 8.60018 7.0598 5.93485 4.62576 0 0 0 1 1 46710 510.537
36.8609 1 0.0669586 1.21507 1.17939 8.61447 7.07507 5.9462 4.63874 0 0 0 1 1 46720 510.646
36.8688 1 0.0671068 1.21526 1.1795 8.61596 7.09027 5.94475 4.65164 0 0 0 1 1 46730 510.755
36.8767 1 0.0672542 1.21545 1.17959 8.60425 7.10526 5.93009 4.66432 0 0 0 1 1 46740 510.864
36.8846 1 0.0674008 1.21564 1.17969 8.57909 7.11992 5.902 4.67666 0 0 0 1 1 46750 510.974
36.8925 1 0.0675465 1.21583 1.17977 8.54047 7.13411 5.86046 4.68853 0 0 0 1 1 46760 511.083
36.9004 1 0.0676913 1.21603 1.17985 8.48857 7.14771 5.80567 4.6998 0 0 0 1 1 46770 511.192
36.9083 1 0.0678353 1.21623 1.17992 8.4238 7.16059 5.73804 4.71034 0 0 0 1 1 46780 511.301
36.9161 1 0.0679782 1.21644 1.17999 8.34678 7.17263 5.65819 4.72005 0 0 0 1 1 46790 511.41
36.924 1 0.0681203 1.21664 1.18004 8.25832 7.18374 5.56696 4.72882 0 0 0 1 1 46800 511.519
36.9319 1 0.0682613 1.21685 1.18009 8.15946 7.19381 5.46536 4.73654 0 0 0 1 1 46810 511.629
36.9398 1 0.0684013 1.21706 1.18014 8.05136 7.20275 5.35458 4.74313 0 0 0 1 1 46820 511.738
36.9477 1 0.0685401 1.21728 1.18017 7.93534 7.21049 5.23594 4.74852 0 0 0 1 1 46830 511.847
36.9556 1 0.0686778 1.21749 1.1802 7.81282 7.21698 5.11086 4.75265 0 0 0 1 1 46840 511.958
36.9635 1 0.0688143 1.21771 1.18022 7.68532 7.22217 4.98086 4.75548 0 0 0 1 1 46850 512.068
36.9714 1 0.0689495 1.21793 1.18024 7.55435 7.22602 4.84746 4.75698 0 0 0 1 1 46860 512.177
36.9793 1 0.0690834 1.21815 1.18024 7.42146 7.22854 4.7122 4.75714 0 0 0 1 1 46870 512.287
36.9871 1 0.0692159 1.21837 1.18024 7.28815 7.22972 4.57659 4.75596 0 0 0 1 1 46880 512.397
36.995 1 0.069347 1.2186 1.18024 7.15585 7.22957 4.44206 4.75346 0 0 0 1 1 46890 512.507
37.0029 1 0.0694765 1.21882 1.18022 7.02591 7.22814 4.30996 4.74967 0 0 0 1 1 46900 512.616
37.0108 1 0.0696044 1.21905 1.1802 6.89956 7.22546 4.18151 4.74463 0 0 0 1 1 46910 512.725
37.0187 1 0.0697308 1.21928 1.18018 6.77791 7.22158 4.05782 4.7384 0 0 0 1 1 46920 512.834
37.0266 1 0.0698554 1.21951 1.18014 6.66192 7.21657 3.93985 4.73105 0 0 0 1 1 46930 512.944
37.0345 1 0.0699783 1.21975 1.18011 6.55239 7.2105 3.8284 4.72263 0 0 0 1 1 46940 513.053
37.0424 1 0.0700993 1.21998 1.18006 6.45 7.20345 3.72414 4.71324 0 0 0 1 1 46950 513.162
37.0503 1 0.0702185 1.22022 1.18001 6.35527 7.1955 3.62758 4.70296 0 0 0 1 1 46960 513.271
37.0582 1 0.0703358 1.22045 1.17996 6.26856 7.18673 3.5391 4.69187 0 0 0 1 1 46970 513.381
37.066 1 0.0704512 1.22069 1.1799 6.19014 7.17725 3.45895 4.68006 0 0 0 1 1 46980 513.49
37.0739 1 0.0705645 1.22093 1.17984 6.12013 7.16713 3.38724 4.66762 0 0 0 1 1 46990 513.599
37.0818 1 0.0706758 1.22116 1.17977 6.05856 7.15646 3.32401 4.65465 0 0 0 1 1 47000 513.709
37.0897 1 0.070785 1.2214 1.1797 6.00535 7.14534 3.26917 4.64122 0 0 0 1 1 47010 513.818
37.0976 1 0.0708921 1.22164 1.17962 5.96036 7.13385 3.22257 4.62743 0 0 0 1 1 47020 513.928
37.1055 1 0.070997 1.22188 1.17954 5.92337 7.12207 3.18399 4.61336 0 0 0 1 1 47030 514.037
37.1134 1 0.0710998 1.22212 1.17946 5.89411 7.11008 3.15317 4.59909 0 0 0 1 1 47040 514.146
37.1213 1 0.0712003 1.22236 1.17938 5.87228 7.09797 3.12978 4.5847 0 0 0 1 1 47050 514.256
37.1292 1 0.0712986 1.2226 1.17929 5.85752 7.0858 3.11347 4.57026 0 0 0 1 1 47060 514.365
37.1371 1 0.0713946 1.22284 1.17921 5.84948 7.07363 3.10389 4.55584 0 0 0 1 1 47070 514.474
37.1449 1 0.0714884 1.22309 1.17912 5.84776 7.06155 3.10064 4.5415 0 0 0 1 1 47080 514.583
37.1528 1 0.0715799 1.22333 1.17903 5.85197 7.0496 3.10331 4.5273 0 0 0 1 1 47090 514.693
37.1607 1 0.071669 1.22357 1.17894 5.86169 7.03784 3.11149 4.5133 0 0 0 1 1 47100 514.803
37.1686 1 0.0717559 1.22381 1.17885 5.87651 7.02632 3.12476 4.49955 0 0 0 1 1 47110 514.914
37.1765 1 0.0718404 1.22405 1.17876 5.89597 7.01508 3.14267 4.48608 0 0 0 1 1 47120 515.023
37.1844 1 0.0719226 1.22429 1.17868 5.91963 7.00417 3.16477 4.47295 0 0 0 1 1 47130 515.133
37.1923 1 0.0720025 1.22453 1.17859 5.94701 6.99362 3.19057 4.46019 0 0 0 1 1 47140 515.242
37.2002 1 0.07208 1.22477 1.1785 5.97761 6.98347 3.21958 4.44783 0 0 0 1 1 47150 515.351
37.2081 1 0.0721552 1.22501 1.17842 6.01089 6.97373 3.25125 4.43588 0 0 0 1 1 47160 515.46
37.216 1 0.072228 1.22524 1.17834 6.04627 6.96442 3.28501 4.42439 0 0 0 1 1 47170 515.57
37.2238 1 0.0722986 1.22548 1.17826 6.08314 6.95557 3.32025 4.41334 0 0 0 1 1 47180 515.679
37.2317 1 0.0723668 1.22572 1.17819 6.12085 6.94717 3.3563 4.40276 0 0 0 1 1 47190 515.788
37.2396 1 0.0724327 1.22596 1.17812 6.15868 6.93923 3.39246 4.39264 0 0 0 1 1 47200 515.898
37.2475 1 0.0724963 1.22619 1.17805 6.1959 6.93173 3.42799 4.38297 0 0 0 1 1 47210 516.007
37.2554 1 0.0725575 1.22643 1.17798 6.23174 6.92467 3.46211 4.37374 0 0 0 1 1 47220 516.117
37.2633 1 0.0726165 1.22667 1.17792 6.26539 6.91803 3.49404 4.36492 0 0 0 1 1 47230 516.227
37.2712 1 0.0726732 1.2269 1.17786 6.29607 6.91176 3.52298 4.3565 0 0 0 1 1 47240 516.336
37.2791 1 0.0727277 1.22714 1.1778 6.32299 6.90584 3.54815 4.34842 0 0 0 1 1 47250 516.445
37.287 1 0.0727799 1.22737 1.17774 6.34541 6.90022 3.5688 4.34064 0 0 0 1 1 47260 516.555
37.2948 1 0.0728298 1.22761 1.17769 6.36264 6.89484 3.58425 4.33312 0 0 0 1 1 47270 516.664
37.3027 1 0.0728774 1.22784 1.17764 6.37408 6.88966 3.59392 4.32579 0 0 0 1 1 47280 516.773
37.3106 1 0.0729229 1.22808 1.1776 6.37927 6.88461 3.59733 4.3186 0 0 0 1 1 47290 516.882
37.3185 1 0.0729661 1.22831 1.17755 6.37786 6.87963 3.59413 4.31148 0 0 0 1 1 47300 516.992
37.3264 1 0.073007 1.22854 1.17751 6.36966 6.87464 3.58415 4.30435 0 0 0 1 1 47310 517.101
37.3343 1 0.0730457 1.22877 1.17747 6.35464 6.86959 3.56736 4.29717 0 0 0 1 1 47320 517.211
37.3422 1 0.0730822 1.229 1.17743 6.33298 6.8644 3.54394 4.28985 0 0 0 1 1 47330 517.32
37.3501 1 0.0731164 1.22924 1.1774 6.305 6.85901 3.51421 4.28234 0 0 0 1 1 47340 517.429
37.358 1 0.0731484 1.22947 1.17736 6.27122 6.85337 3.4787 4.27457 0 0 0 1 1 47350 517.539
37.3659 1 0.0731781 1.2297 1.17733 6.23229 6.84742 3.43806 4.26651 0 0 0 1 1 47360 517.648
37.3737 1 0.0732056 1.22992 1.1773 6.18902 6.84112 3.39309 4.2581 0 0 0 1 1 47370 517.757
37.3816 1 0.0732307 1.23015 1.17727 6.1423 6.83444 3.3447 4.24931 0 0 0 1 1 47380 517.867
37.3895 1 0.0732536 1.23038 1.17725 6.09314 6.82735 3.2939 4.24011 0 0 0 1 1 47390 517.977
37.3974 1 0.0732742 1.23061 1.17722 6.04257 6.81984 3.24171 4.2305 0 0 0 1 1 47400 518.086
37.4053 1 0.0732925 1.23083 1.17719 5.99166 6.81189 3.18921 4.22046 0 0 0 1 1 47410 518.195
37.4132 1 0.0733084 1.23106 1.17717 5.94148 6.80353 3.13746 4.21001 0 0 0 1 1 47420 518.305
37.4211 1 0.073322 1.23128 1.17715 5.89307 6.79477 3.08751 4.19916 0 0 0 1 1 47430 518.414
37.429 1 0.0733333 1.2315 1.17713 5.84741 6.78563 3.04033 4.18794 0 0 0 1 1 47440 518.523
37.4369 1 0.0733421 1.23173 1.17711 5.80543 6.77614 2.99686 4.17639 0 0 0 1 1 47450 518.632
37.4448 1 0.0733487 1.23195 1.17709 5.76797 6.76636 2.95792 4.16454 0 0 0 1 1 47460 518.742
37.4526 1 0.0733528 1.23217 1.17707 5.73578 6.75634 2.92428 4.15246 0 0 0 1 1 47470 518.851
37.4605 1 0.0733545 1.23238 1.17706 5.70954 6.74613 2.8966 4.14019 0 0 0 1 1 47480 518.961
37.4684 1 0.0733538 1.2326 1.17704 5.68982 6.73579 2.87544 4.12781 0 0 0 1 1 47490 519.071
37.4763 1 0.0733508 1.23282 1.17703 5.67708 6.7254 2.86128 4.11538 0 0 0 1 1 47500 519.181
37.4842 1 0.0733453 1.23303 1.17702 5.6717 6.71503 2.85449 4.10297 0 0 0 1 1 47510 519.29
37.4921 1 0.0733374 1.23324 1.17701 5.67398 6.70475 2.85535 4.09065 0 0 0 1 1 47520 519.4
37.5 1 0.0733272 1.23345 1.177 5.6841 6.69463 2.86405 4.07851 0 0 0 1 1 47530 519.51
37.5079 1 0.0733145 1.23366 1.17699 5.70217 6.68476 2.8807 4.06662 0 0 0 1 1 47540 519.62
37.5158 1 0.0732995 1.23387 1.17698 5.72819 6.67521 2.90529 4.05505 0 0 0 1 1 47550 519.729
37.5237 1 0.0732822 1.23408 1.17698 5.76211 6.66605 2.93775 4.04389 0 0 0 1 1 47560 519.839
37.5315 1 0.0732625 1.23428 1.17697 5.80375 6.65735 2.97793 4.03319 0 0 0 1 1 47570 519.949
37.5394 1 0.0732404 1.23449 1.17697 5.85287 6.6492 3.02556 4.02304 0 0 0 1 1 47580 520.059
37.5473 1 0.0732161 1.23469 1.17697 5.90915 6.64165 3.08032 4.0135 0 0 0 1 1 47590 520.169
37.5552 1 0.0731895 1.23489 1.17697 5.97215 6.63476 3.14179 4.00462 0 0 0 1 1 47600 520.278
37.5631 1 0.0731606 1.23509 1.17697 6.04139 6.6286 3.20945 3.99648 0 0 0 1 1 47610 520.388
37.571 1 0.0731296 1.23529 1.17697 6.11628 6.62321 3.28272 3.98911 0 0 0 1 1 47620 520.497
37.5789 1 0.0730963 1.23548 1.17697 6.19614 6.61864 3.36093 3.98257 0 0 0 1 1 47630 520.606
37.5868 1 0.0730609 1.23568 1.17698 6.28022 6.61493 3.44333 3.97688 0 0 0 1 1 47640 520.716
37.5947 1 0.0730234 1.23587 1.17698 6.3677 6.6121 3.52908 3.97208 0 0 0 1 1 47650 520.825
37.6025 1 0.0729838 1.23606 1.17699 6.45766 6.61018 3.61727 3.96819 0 0 0 1 1 47660 520.934
37.6104 1 0.0729422 1.23625 1.177 6.54914 6.60917 3.70692 3.96522 0 0 0 1 1 47670 521.044
37.6183 1 0.0728985 1.23644 1.17702 6.64108 6.60908 3.79701 3.96316 0 0 0 1 1 47680 521.153
37.6262 1 0.0728529 1.23663 1.17703 6.73241 6.60989 3.88643 3.96201 0 0 0 1 1 47690 521.263
37.6341 1 0.0728054 1.23681 1.17705 6.82199 6.61159 3.97405 3.96174 0 0 0 1 1 47700 521.372
37.642 1 0.0727561 1.237 1.17706 6.90864 6.61413 4.05871 3.96232 0 0 0 1 1 47710 521.482
37.6499 1 0.0727048 1.23718 1.17708 6.99118 6.61749 4.13922 3.96372 0 0 0 1 1 47720 521.591
37.6578 1 0.0726518 1.23736 1.1771 7.06842 6.6216 4.21439 3.96586 0 0 0 1 1 47730 521.7
37.6657 1 0.0725971 1.23755 1.17712 7.13919 6.6264 4.28305 3.96869 0 0 0 1 1 47740 521.809
37.6736 1 0.0725406 1.23773 1.17714 7.20237 6.6318 4.34409 3.97213 0 0 0 1 1 47750 521.919
37.6814 1 0.0724824 1.2379 1.17716 7.25686 6.63773 4.39641 3.97609 0 0 0 1 1 47760 522.028
37.6893 1 0.0724226 1.23808 1.17718 7.30169 6.64409 4.43905 3.98047 0 0 0 1 1 47770 522.137
37.6972 1 0.0723611 1.23826 1.17721 7.33594 6.65077 4.47109 3.98518 0 0 0 1 1 47780 522.247
37.7051 1 0.072298 1.23843 1.17723 7.35888 6.65766 4.4918 3.99009 0 0 0 1 1 47790 522.356
37.713 1 0.0722334 1.23861 1.17725 7.36987 6.66464 4.50057 3.99509 0 0 0 1 1 47800 522.465
37.7209 1 0.0721671 1.23878 1.17727 7.36849 6.6716 4.49695 4.00007 0 0 0 1 1 47810 522.574
37.7288 1 0.0720993 1.23896 1.17729 7.35448 6.6784 4.48072 4.00489 0 0 0 1 1 47820 522.683
37.7367 1 0.07203 1.23913 1.17731 7.32782 6.68494 4.45185 4.00944 0 0 0 1 1 47830 522.793
37.7446 1 0.071959 1.2393 1.17733 7.28868 6.69107 4.41051 4.01358 0 0 0 1 1 47840 522.902
37.7525 1 0.0718866 1.23947 1.17735 7.23747 6.6967 4.35713 4.01722 0 0 0 1 1 47850 523.011
37.7603 1 0.0718125 1.23964 1.17736 7.17481 6.7017 4.29233 4.02023 0 0 0 1 1 47860 523.121
37.7682 1 0.0717369 1.2398 1.17738 7.10154 6.70597 4.21695 4.02251 0 0 0 1 1 47870 523.23
37.7761 1 0.0716597 1.23997 1.17739 7.01868 6.70943 4.13202 4.02397 0 0 0 1 1 47880 523.339
37.784 1 0.0715809 1.24013 1.1774 6.92742 6.71199 4.03874 4.02454 0 0 0 1 1 47890 523.448
37.7919 1 0.0715004 1.2403 1.17741 6.82909 6.71359 3.93843 4.02414 0 0 0 1 1 47900 523.558
37.7998 1 0.0714183 1.24046 1.17742 6.7251 6.71417 3.83252 4.02272 0 0 0 1 1 47910 523.667
37.8077 1 0.0713344 1.24062 1.17742 6.61693 6.71369 3.72248 4.02025 0 0 0 1 1 47920 523.776
37.8156 1 0.0712489 1.24078 1.17743 6.50607 6.71213 3.6098 4.0167 0 0 0 1 1 47930 523.886
37.8235 1 0.0711616 1.24094 1.17743 6.39396 6.70949 3.49594 4.01207 0 0 0 1 1 47940 523.995
37.8314 1 0.0710725 1.24109 1.17743 6.28201 6.70577 3.38228 4.00637 0 0 0 1 1 47950 524.104
37.8392 1 0.0709815 1.24125 1.17743 6.1715 6.70099 3.27013 3.9996 0 0 0 1 1 47960 524.214
37.8471 1 0.0708888 1.2414 1.17743 6.0636 6.69518 3.16063 3.99181 0 0 0 1 1 47970 524.323
37.855 1 0.0707941 1.24155 1.17743 5.95931 6.68839 3.05481 3.98304 0 0 0 1 1 47980 524.432
37.8629 1 0.0706975 1.2417 1.17742 5.85951 6.68065 2.95352 3.97333 0 0 0 1 1 47990 524.541
37.8708 1 0.0705989 1.24185 1.17742 5.76487 6.67203 2.85744 3.96275 0 0 0 1 1 48000 524.65
37.8787 1 0.0704984 1.24199 1.17741 5.67591 6.6626 2.76709 3.95135 0 0 0 1 1 48010 524.76
37.8866 1 0.0703958 1.24213 1.17741 5.59299 6.65242 2.68282 3.93921 0 0 0 1 1 48020 524.869
37.8945 1 0.0702912 1.24227 1.1774 5.51632 6.64155 2.60484 3.92639 0 0 0 1 1 48030 524.978
37.9024 1 0.0701846 1.24241 1.17739 5.44597 6.63007 2.53322 3.91297 0 0 0 1 1 48040 525.087
37.9102 1 0.0700759 1.24254 1.17738 5.38191 6.61804 2.46792 3.899 0 0 0 1 1 48050 525.197
37.9181 1 0.069965 1.24268 1.17738 5.32399 6.60553 2.4088 3.88457 0 0 0 1 1 48060 525.306
37.926 1 0.0698521 1.24281 1.17737 5.272 6.5926 2.35563 3.86972 0 0 0 1 1 48070 525.415
37.9339 1 0.069737 1.24293 1.17736 5.22568 6.57933 2.30816 3.85453 0 0 0 1 1 48080 525.525
37.9418 1 0.0696197 1.24306 1.17735 5.18473 6.56575 2.26608 3.83905 0 0 0 1 1 48090 525.634
37.9497 1 0.0695003 1.24318 1.17734 5.14883 6.55193 2.22906 3.82333 0 0 0 1 1 48100 525.743
37.9576 1 0.0693786 1.2433 1.17734 5.11766 6.53793 2.19679 3.80743 0 0 0 1 1 48110 525.852
37.9655 1 0.0692548 1.24341 1.17733 5.09092 6.52377 2.16897 3.7914 0 0 0 1 1 48120 525.962
37.9734 1 0.0691288 1.24352 1.17732 5.06833 6.50952 2.14532 3.77527 0 0 0 1 1 48130 526.071
37.9813 1 0.0690006 1.24363 1.17732 5.04966 6.4952 2.12559 3.75908 0 0 0 1 1 48140 526.18
37.9891 1 0.0688701 1.24374 1.17732 5.03469 6.48086 2.10957 3.74289 0 0 0 1 1 48150 526.29
37.997 1 0.0687374 1.24384 1.17732 5.02326 6.46654 2.09709 3.72671 0 0 0 1 1 48160 526.399
38.0049 1 0.0686025 1.24394 1.17732 5.01523 6.45226 2.08803 3.71059 0 0 0 1 1 48170 526.508
38.0128 1 0.0684653 1.24403 1.17733 5.01053 6.43806 2.08229 3.69455 0 0 0 1 1 48180 526.617
38.0207 1 0.0683259 1.24413 1.17734 5.00907 6.42397 2.0798 3.67864 0 0 0 1 1 48190 526.726
38.0286 1 0.0681843 1.24422 1.17735 5.0108 6.41003 2.08051 3.66288 0 0 0 1 1 48200 526.835
38.0365 1 0.0680404 1.2443 1.17737 5.01569 6.39626 2.08436 3.64729 0 0 0 1 1 48210 526.944
38.0444 1 0.0678943 1.24438 1.17739 5.02369 6.38268 2.09132 3.63191 0 0 0 1 1 48220 527.054
38.0523 1 0.0677459 1.24446 1.17742 5.03471 6.36934 2.1013 3.61678 0 0 0 1 1 48230 527.163
38.0602 1 0.0675953 1.24454 1.17745 5.04866 6.35625 2.11421 3.6019 0 0 0 1 1 48240 527.272
38.068 1 0.0674425 1.24461 1.17748 5.06541 6.34345 2.1299 3.58731 0 0 0 1 1 48250 527.381
38.0759 1 0.0672875 1.24468 1.17753 5.08474 6.33095 2.14818 3.57304 0 0 0 1 1 48260 527.491
38.0838 1 0.0671303 1.24475 1.17757 5.10642 6.31878 2.16878 3.5591 0 0 0 1 1 48270 527.6
38.0917 1 0.0669709 1.24481 1.17763 5.13011 6.30695 2.1914 3.54551 0 0 0 1 1 48280 527.709
38.0996 1 0.0668094 1.24487 1.17768 5.15545 6.29548 2.21564 3.53229 0 0 0 1 1 48290 527.818
38.1075 1 0.0666456 1.24493 1.17775 5.18198 6.28438 2.24107 3.51944 0 0 0 1 1 48300 527.928
38.1154 1 0.0664798 1.24499 1.17782 5.20923 6.27366 2.2672 3.50698 0 0 0 1 1 48310 528.037
38.1233 1 0.0663118 1.24504 1.1779 5.23668 6.26331 2.29351 3.4949 0 0 0 1 1 48320 528.146
38.1312 1 0.0661418 1.24509 1.17798 5.26377 6.25334 2.31946 3.48319 0 0 0 1 1 48330 528.255
38.1391 1 0.0659696 1.24513 1.17807 5.28997 6.24372 2.34451 3.47185 0 0 0 1 1 48340 528.364
38.1469 1 0.0657954 1.24517 1.17816 5.31476 6.23445 2.36813 3.46087 0 0 0 1 1 48350 528.473
38.1548 1 0.0656192 1.24521 1.17826 5.33768 6.22551 2.38987 3.45021 0 0 0 1 1 48360 528.583
38.1627 1 0.065441 1.24525 1.17836 5.35831 6.21687 2.40931 3.43986 0 0 0 1 1 48370 528.692
38.1706 1 0.0652608 1.24528 1.17847 5.37633 6.20851 2.42613 3.4298 0 0 0 1 1 48380 528.801
38.1785 1 0.0650786 1.24532 1.17859 5.39152 6.20038 2.44012 3.41998 0 0 0 1 1 48390 528.91
38.1864 1 0.0648945 1.24534 1.17871 5.40377 6.19248 2.45115 3.41038 0 0 0 1 1 48400 529.019
38.1943 1 0.0647085 1.24537 1.17883 5.41307 6.18475 2.45923 3.40096 0 0 0 1 1 48410 529.129
38.2022 1 0.0645206 1.24539 1.17896 5.41952 6.17718 2.46447 3.39171 0 0 0 1 1 48420 529.238
38.2101 1 0.0643308 1.24541 1.1791 5.42334 6.16973 2.46706 3.38258 0 0 0 1 1 48430 529.348
38.2179 1 0.0641391 1.24543 1.17924 5.42481 6.16238 2.46731 3.37356 0 0 0 1 1 48440 529.457
38.2258 1 0.0639457 1.24544 1.17938 5.42431 6.15511 2.46558 3.36461 0 0 0 1 1 48450 529.566
38.2337 1 0.0637503 1.24545 1.17953 5.42223 6.14789 2.46229 3.35573 0 0 0 1 1 48460 529.676
38.2416 1 0.0635532 1.24546 1.17968 5.41904 6.14072 2.45787 3.3469 0 0 0 1 1 48470 529.785
38.2495 1 0.0633543 1.24547 1.17984 5.41519 6.13358 2.45281 3.3381 0 0 0 1 1 48480 529.895
38.2574 1 0.0631537 1.24547 1.18 5.41114 6.12648 2.44754 3.32935 0 0 0 1 1 48490 530.004
38.2653 1 0.0629512 1.24547 1.18016 5.40734 6.1194 2.44253 3.32062 0 0 0 1 1 48500 530.114
38.2732 1 0.0627471 1.24547 1.18033 5.40419 6.11236 2.43817 3.31194 0 0 0 1 1 48510 530.223
38.2811 1 0.0625412 1.24547 1.1805 5.40208 6.10537 2.43485 3.30331 0 0 0 1 1 48520 530.333
38.289 1 0.0623336 1.24546 1.18068 5.40136 6.09843 2.43293 3.29473 0 0 0 1 1 48530 530.442
38.2968 1 0.0621244 1.24545 1.18085 5.40236 6.09156 2.43272 3.28623 0 0 0 1 1 48540 530.552
38.3047 1 0.0619135 1.24543 1.18104 5.40534 6.08478 2.43449 3.27782 0 0 0 1 1 48550 530.661
38.3126 1 0.0617009 1.24542 1.18122 5.41058 6.0781 2.43852 3.26953 0 0 0 1 1 48560 530.77
38.3205 1 0.0614868 1.2454 1.18141 5.4183 6.07156 2.44504 3.26136 0 0 0 1 1 48570 530.88
38.3284 1 0.061271 1.24538 1.1816 5.42874 6.06517 2.45426 3.25336 0 0 0 1 1 48580 530.989
38.3363 1 0.0610536 1.24535 1.18179 5.44209 6.05897 2.46639 3.24555 0 0 0 1 1 48590 531.098
38.3442 1 0.0608347 1.24533 1.18198 5.45854 6.05297 2.48161 3.23794 0 0 0 1 1 48600 531.207
38.3521 1 0.0606142 1.2453 1.18218 5.47827 6.04721 2.50011 3.23058 0 0 0 1 1 48610 531.317
38.36 1 0.0603922 1.24527 1.18238 5.50145 6.04173 2.52204 3.2235 0 0 0 1 1 48620 531.426
38.3679 1 0.0601687 1.24523 1.18258 5.52821 6.03654 2.54754 3.21672 0 0 0 1 1 48630 531.535
38.3757 1 0.0599437 1.2452 1.18279 5.55866 6.03169 2.57673 3.21027 0 0 0 1 1 48640 531.645
38.3836 1 0.0597173 1.24516 1.183 5.59289 6.02721 2.60967 3.2042 0 0 0 1 1 48650 531.754
38.3915 1 0.0594895 1.24511 1.1832 5.63094 6.02313 2.64642 3.19853 0 0 0 1 1 48660 531.863
38.3994 1 0.0592602 1.24507 1.18342 5.67281 6.01949 2.68696 3.19331 0 0 0 1 1 48670 531.972
38.4073 1 0.0590297 1.24502 1.18363 5.71842 6.01631 2.73123 3.18855 0 0 0 1 1 48680 532.082
38.4152 1 0.0587978 1.24498 1.18384 5.76765 6.01364 2.7791 3.1843 0 0 0 1 1 48690 532.191
38.4231 1 0.0585646 1.24492 1.18406 5.82031 6.0115 2.83036 3.18058 0 0 0 1 1 48700 532.3
38.431 1 0.0583301 1.24487 1.18428 5.87612 6.00991 2.88476 3.17742 0 0 0 1 1 48710 532.409
38.4389 1 0.0580944 1.24482 1.1845 5.93474 6.00891 2.94193 3.17484 0 0 0 1 1 48720 532.518
38.4468 1 0.0578576 1.24476 1.18473 5.99573 6.00851 3.00144 3.17287 0 0 0 1 1 48730 532.628
38.4546 1 0.0576196 1.2447 1.18496 6.05859 6.00872 3.0628 3.17151 0 0 0 1 1 48740 532.737
38.4625 1 0.0573805 1.24464 1.18518 6.12273 6.00956 3.1254 3.17078 0 0 0 1 1 48750 532.846
38.4704 1 0.0571403 1.24458 1.18542 6.1875 6.01103 3.18861 3.17067 0 0 0 1 1 48760 532.955
38.4783 1 0.0568991 1.24451 1.18565 6.25218 6.01312 3.25169 3.17119 0 0 0 1 1 48770 533.065
38.4862 1 0.0566569 1.24445 1.18588 6.31599 6.01583 3.31387 3.17232 0 0 0 1 1 48780 533.174
38.4941 1 0.0564138 1.24438 1.18612 6.37811 6.01913 3.37433 3.17405 0 0 0 1 1 48790 533.283
38.502 1 0.0561698 1.24431 1.18636 6.43769 6.02299 3.43222 3.17634 0 0 0 1 1 48800 533.393
38.5099 1 0.055925 1.24424 1.1866 6.49387 6.02739 3.48668 3.17916 0 0 0 1 1 48810 533.502
38.5178 1 0.0556793 1.24417 1.18684 6.54578 6.03228 3.53685 3.18247 0 0 0 1 1 48820 533.611
38.5256 1 0.0554329 1.2441 1.18708 6.59259 6.0376 3.58189 3.18622 0 0 0 1 1 48830 533.72
38.5335 1 0.0551857 1.24402 1.18733 6.6335 6.0433 3.62102 3.19034 0 0 0 1 1 48840 533.83
38.5414 1 0.0549379 1.24395 1.18757 6.66778 6.04931 3.6535 3.19476 0 0 0 1 1 48850 533.939
38.5493 1 0.0546893 1.24388 1.18782 6.69481 6.05556 3.67871 3.19943 0 0 0 1 1 48860 534.048
38.5572 1 0.0544402 1.2438 1.18807 6.71405 6.06198 3.69612 3.20426 0 0 0 1 1 48870 534.157
38.5651 1 0.0541905 1.24372 1.18832 6.72512 6.06847 3.70535 3.20916 0 0 0 1 1 48880 534.267
38.573 1 0.0539402 1.24365 1.18856 6.72777 6.07497 3.70616 3.21407 0 0 0 1 1 48890 534.376
38.5809 1 0.0536893 1.24357 1.18881 6.72192 6.08138 3.69848 3.21889 0 0 0 1 1 48900 534.485
38.5888 1 0.053438 1.24349 1.18906 6.70768 6.08763 3.68241 3.22354 0 0 0 1 1 48910 534.594
38.5967 1 0.0531861 1.24341 1.18931 6.6853 6.09362 3.65821 3.22793 0 0 0 1 1 48920 534.704
38.6045 1 0.0529337 1.24333 1.18955 6.65523 6.0993 3.62634 3.23201 0 0 0 1 1 48930 534.813
38.6124 1 0.0526809 1.24325 1.1898 6.61806 6.10459 3.58738 3.23569 0 0 0 1 1 48940 534.922
38.6203 1 0.0524276 1.24317 1.19004 6.5745 6.10942 3.54206 3.23892 0 0 0 1 1 48950 535.031
38.6282 1 0.0521738 1.24309 1.19029 6.52539 6.11374 3.4912 3.24164 0 0 0 1 1 48960 535.141
38.6361 1 0.0519196 1.24301 1.19053 6.47161 6.11751 3.4357 3.2438 0 0 0 1 1 48970 535.25
38.644 1 0.0516649 1.24292 1.19077 6.41409 6.12069 3.3765 3.24537 0 0 0 1 1 48980 535.359
38.6519 1 0.0514098 1.24284 1.19101 6.35376 6.12326 3.31451 3.24633 0 0 0 1 1 48990 535.468
38.6598 1 0.0511542 1.24276 1.19124 6.29149 6.1252 3.25062 3.24666 0 0 0 1 1 49000 535.578
38.6677 1 0.0508982 1.24267 1.19148 6.2281 6.12649 3.18564 3.24634 0 0 0 1 1 49010 535.687
38.6756 1 0.0506416 1.24259 1.19171 6.16429 6.12715 3.12026 3.24539 0 0 0 1 1 49020 535.796
38.6834 1 0.0503847 1.24251 1.19194 6.10065 6.12717 3.05509 3.2438 0 0 0 1 1 49030 535.906
38.6913 1 0.0501272 1.24242 1.19217 6.03763 6.12657 2.99058 3.24159 0 0 0 1 1 49040 536.015
38.6992 1 0.0498693 1.24233 1.1924 5.97555 6.12535 2.92703 3.23877 0 0 0 1 1 49050 536.124
38.7071 1 0.0496108 1.24225 1.19262 5.91458 6.12354 2.86463 3.23536 0 0 0 1 1 49060 536.234
38.715 1 0.0493519 1.24216 1.19285 5.8548 6.12115 2.80345 3.23137 0 0 0 1 1 49070 536.343
38.7229 1 0.0490925 1.24207 1.19306 5.79616 6.11821 2.74343 3.22682 0 0 0 1 1 49080 536.452
38.7308 1 0.0488326 1.24199 1.19328 5.73853 6.11472 2.68446 3.22173 0 0 0 1 1 49090 536.562
38.7387 1 0.0485722 1.2419 1.19349 5.68173 6.1107 2.62634 3.21612 0 0 0 1 1 49100 536.671
38.7466 1 0.0483112 1.24181 1.1937 5.62552 6.10617 2.56885 3.20999 0 0 0 1 1 49110 536.781
38.7545 1 0.0480497 1.24172 1.19391 5.56969 6.10112 2.51176 3.20336 0 0 0 1 1 49120 536.89
38.7623 1 0.0477877 1.24163 1.19411 5.51402 6.09558 2.45485 3.19623 0 0 0 1 1 49130 536.999
38.7702 1 0.0475251 1.24153 1.19432 5.45833 6.08954 2.39796 3.18861 0 0 0 1 1 49140 537.108
38.7781 1 0.0472619 1.24144 1.19452 5.4025 6.08302 2.34097 3.1805 0 0 0 1 1 49150 537.218
38.786 1 0.0469982 1.24135 1.19471 5.34651 6.076 2.28382 3.17191 0 0 0 1 1 49160 537.327
38.7939 1 0.0467339 1.24125 1.19491 5.29037 6.0685 2.22657 3.16285 0 0 0 1 1 49170 537.436
38.8018 1 0.046469 1.24116 1.1951 5.23423 6.06053 2.16934 3.1533 0 0 0 1 1 49180 537.546
38.8097 1 0.0462035 1.24106 1.19529 5.17829 6.05207 2.11235 3.14329 0 0 0 1 1 49190 537.655
38.8176 1 0.0459373 1.24097 1.19548 5.12287 6.04316 2.05589 3.13282 0 0 0 1 1 49200 537.765
38.8255 1 0.0456705 1.24087 1.19567 5.06833 6.03378 2.00035 3.1219 0 0 0 1 1 49210 537.874
38.8333 1 0.0454031 1.24077 1.19586 5.01512 6.02397 1.94616 3.11054 0 0 0 1 1 49220 537.983
38.8412 1 0.0451349 1.24067 1.19604 4.96371 6.01374 1.8938 3.09877 0 0 0 1 1 49230 538.093
38.8491 1 0.0448661 1.24058 1.19623 4.91462 6.00312 1.84378 3.08662 0 0 0 1 1 49240 538.202
38.857 1 0.0445966 1.24048 1.19642 4.86835 5.99213 1.79661 3.0741 0 0 0 1 1 49250 538.311
38.8649 1 0.0443264 1.24038 1.19661 4.82538 5.98082 1.75277 3.06127 0 0 0 1 1 49260 538.42
38.8728 1 0.0440555 1.24028 1.19679 4.78617 5.96921 1.7127 3.04814 0 0 0 1 1 49270 538.53
38.8807 1 0.0437839 1.24017 1.19698 4.75107 5.95735 1.67676 3.03478 0 0 0 1 1 49280 538.639
38.8886 1 0.0435115 1.24007 1.19717 4.72037 5.94528 1.64524 3.02121 0 0 0 1 1 49290 538.748
38.8965 1 0.0432385 1.23997 1.19737 4.69427 5.93306 1.61832 3.00749 0 0 0 1 1 49300 538.857
38.9044 1 0.0429647 1.23987 1.19756 4.67282 5.92072 1.59608 2.99367 0 0 0 1 1 49310 538.966
38.9122 1 0.0426901 1.23977 1.19775 4.65598 5.90832 1.57846 2.97979 0 0 0 1 1 49320 539.075
38.9201 1 0.0424149 1.23967 1.19795 4.6436 5.8959 1.5653 2.96589 0 0 0 1 1 49330 539.185
38.928 1 0.042139 1.23956 1.19814 4.63541 5.88351 1.55634 2.95203 0 0 0 1 1 49340 539.294
38.9359 1 0.0418624 1.23946 1.19834 4.63105 5.87117 1.5512 2.93824 0 0 0 1 1 49350 539.403
38.9438 1 0.041585 1.23936 1.19854 4.63008 5.85894 1.54947 2.92455 0 0 0 1 1 49360 539.512
38.9517 1 0.0413071 1.23926 1.19874 4.63203 5.84683 1.55065 2.91099 0 0 0 1 1 49370 539.621
38.9596 1 0.0410285 1.23916 1.19894 4.6364 5.83487 1.55425 2.8976 0 0 0 1 1 49380 539.731
38.9675 1 0.0407492 1.23906 1.19915 4.64271 5.82309 1.55978 2.88438 0 0 0 1 1 49390 539.84
38.9754 1 0.0404694 1.23896 1.19935 4.65049 5.81149 1.56679 2.87136 0 0 0 1 1 49400 539.949
38.9833 1 0.040189 1.23886 1.19956 4.65934 5.80009 1.57487 2.85854 0 0 0 1 1 49410 540.058
38.9911 1 0.039908 1.23876 1.19976 4.66896 5.78889 1.5837 2.84592 0 0 0 1 1 49420 540.168
38.999 1 0.0396265 1.23866 1.19997 4.67911 5.7779 1.59306 2.83353 0 0 0 1 1 49430 540.277
39.0069 1 0.0393444 1.23856 1.20017 4.68965 5.76712 1.60281 2.82135 0 0 0 1 1 49440 540.386
39.0148 1 0.0390619 1.23846 1.20038 4.70053 5.75656 1.61289 2.80939 0 0 0 1 1 49450 540.495
39.0227 1 0.038779 1.23836 1.20058 4.71176 5.74621 1.62332 2.79765 0 0 0 1 1 49460 540.604
39.0306 1 0.0384956 1.23826 1.20079 4.72345 5.73607 1.6342 2.78613 0 0 0 1 1 49470 540.713
39.0385 1 0.0382117 1.23817 1.20099 4.73571 5.72615 1.64565 2.77483 0 0 0 1 1 49480 540.823
39.0464 1 0.0379276 1.23807 1.2012 4.74869 5.71645 1.65781 2.76376 0 0 0 1 1 49490 540.932
39.0543 1 0.037643 1.23798 1.20141 4.76251 5.70698 1.67081 2.75292 0 0 0 1 1 49500 541.041
39.0622 1 0.0373582 1.23788 1.20161 4.77729 5.69775 1.68475 2.74233 0 0 0 1 1 49510 541.15
39.07 1 0.037073 1.23779 1.20182 4.79308 5.68876 1.6997 2.73198 0 0 0 1 1 49520 541.259
39.0779 1 0.0367876 1.2377 1.20202 4.80989 5.68002 1.71567 2.72189 0 0 0 1 1 49530 541.369
39.0858 1 0.0365019 1.23761 1.20223 4.82769 5.67153 1.73261 2.71206 0 0 0 1 1 49540 541.478
39.0937 1 0.036216 1.23752 1.20243 4.84636 5.66331 1.75042 2.70249 0 0 0 1 1 49550 541.587
39.1016 1 0.0359299 1.23743 1.20263 4.86576 5.65536 1.76894 2.69321 0 0 0 1 1 49560 541.696
39.1095 1 0.0356437 1.23734 1.20283 4.8857 5.64768 1.788 2.6842 0 0 0 1 1 49570 541.805
39.1174 1 0.0353573 1.23725 1.20304 4.90599 5.64028 1.8074 2.67546 0 0 0 1 1 49580 541.915
39.1253 1 0.0350709 1.23717 1.20324 4.9264 5.63315 1.82691 2.66701 0 0 0 1 1 49590 542.024
39.1332 1 0.0347843 1.23708 1.20343 4.94676 5.62629 1.84636 2.65883 0 0 0 1 1 49600 542.133
39.141 1 0.0344978 1.237 1.20363 4.96689 5.6197 1.86557 2.65092 0 0 0 1 1 49610 542.242
39.1489 1 0.0342111 1.23691 1.20383 4.98666 5.61337 1.88441 2.64328 0 0 0 1 1 49620 542.352
39.1568 1 0.0339245 1.23683 1.20402 5.00598 5.6073 1.90279 2.6359 0 0 0 1 1 49630 542.461
39.1647 1 0.033638 1.23675 1.20421 5.02481 5.60147 1.92067 2.62877 0 0 0 1 1 49640 542.57
39.1726 1 0.0333514 1.23667 1.2044 5.04316 5.59588 1.93806 2.62188 0 0 0 1 1 49650 542.679
39.1805 1 0.033065 1.23659 1.20459 5.06107 5.59053 1.955 2.61523 0 0 0 1 1 49660 542.789
39.1884 1 0.0327786 1.23652 1.20478 5.0786 5.58541 1.97157 2.60881 0 0 0 1 1 49670 542.898
39.1963 1 0.0324924 1.23644 1.20497 5.09587 5.5805 1.98785 2.60262 0 0 0 1 1 49680 543.007
39.2042 1 0.0322063 1.23637 1.20515 5.11296 5.57582 2.00396 2.59664 0 0 0 1 1 49690 543.116
39.2121 1 0.0319204 1.23629 1.20533 5.12999 5.57135 2.01998 2.59088 0 0 0 1 1 49700 543.225
39.2199 1 0.0316348 1.23622 1.20551 5.14701 5.56709 2.036 2.58534 0 0 0 1 1 49710 543.335
39.2278 1 0.0313493 1.23615 1.20569 5.1641 5.56304 2.05207 2.58001 0 0 0 1 1 49720 543.444
39.2357 1 0.031064 1.23609 1.20586 5.18125 5.5592 2.06821 2.57489 0 0 0 1 1 49730 543.553
39.2436 1 0.0307791 1.23602 1.20604 5.19843 5.55556 2.08436 2.56999 0 0 0 1 1 49740 543.662
39.2515 1 0.0304944 1.23596 1.20621 5.21556 5.55213 2.10044 2.56528 0 0 0 1 1 49750 543.771
39.2594 1 0.0302101 1.2359 1.20638 5.23248 5.54891 2.11632 2.56079 0 0 0 1 1 49760 543.881
39.2673 1 0.0299261 1.23584 1.20655 5.249 5.54588 2.13179 2.55649 0 0 0 1 1 49770 543.99
39.2752 1 0.0296424 1.23578 1.20671 5.26486 5.54304 2.14659 2.55238 0 0 0 1 1 49780 544.099
39.2831 1 0.0293592 1.23572 1.20688 5.27977 5.54037 2.16043 2.54846 0 0 0 1 1 49790 544.208
39.291 1 0.0290764 1.23567 1.20704 5.29339 5.53788 2.17297 2.5447 0 0 0 1 1 49800 544.317
39.2988 1 0.0287941 1.23562 1.2072 5.30533 5.53554 2.18384 2.54109 0 0 0 1 1 49810 544.427
39.3067 1 0.0285122 1.23557 1.20736 5.31523 5.53332 2.19265 2.53762 0 0 0 1 1 49820 544.536
39.3146 1 0.0282308 1.23552 1.20751 5.32268 5.53121 2.19901 2.53426 0 0 0 1 1 49830 544.645
39.3225 1 0.02795 1.23548 1.20766 5.3273 5.52918 2.20254 2.53097 0 0 0 1 1 49840 544.755
39.3304 1 0.0276697 1.23544 1.20781 5.32875 5.5272 2.2029 2.52774 0 0 0 1 1 49850 544.864
39.3383 1 0.0273899 1.2354 1.20796 5.32672 5.52524 2.19978 2.52452 0 0 0 1 1 49860 544.974
39.3462 1 0.0271108 1.23536 1.20811 5.32097 5.52325 2.19294 2.52129 0 0 0 1 1 49870 545.083
39.3541 1 0.0268323 1.23533 1.20825 5.31136 5.52121 2.18224 2.51799 0 0 0 1 1 49880 545.192
39.362 1 0.0265545 1.23529 1.20838 5.29783 5.51907 2.16763 2.51461 0 0 0 1 1 49890 545.301
39.3699 1 0.0262773 1.23527 1.20852 5.28043 5.5168 2.14917 2.51109 0 0 0 1 1 49900 545.41
39.3777 1 0.0260007 1.23524 1.20865 5.25935 5.51436 2.12703 2.5074 0 0 0 1 1 49910 545.52
39.3856 1 0.0257249 1.23522 1.20878 5.2349 5.51171 2.10152 2.50351 0 0 0 1 1 49920 545.629
39.3935 1 0.0254498 1.2352 1.2089 5.20748 5.50883 2.07307 2.4994 0 0 0 1 1 49930 545.738
39.4014 1 0.0251753 1.23518 1.20902 5.17761 5.5057 2.04219 2.49503 0 0 0 1 1 49940 545.847
39.4093 1 0.0249016 1.23516 1.20914 5.14592 5.5023 2.00949 2.49039 0 0 0 1 1 49950 545.956
39.4172 1 0.0246287 1.23515 1.20925 5.11307 5.4986 1.97565 2.48546 0 0 0 1 1 49960 546.066
39.4251 1 0.0243565 1.23514 1.20935 5.07975 5.49462 1.94137 2.48025 0 0 0 1 1 49970 546.175
39.433 1 0.024085 1.23514 1.20945 5.04667 5.49035 1.90734 2.47475 0 0 0 1 1 49980 546.284
39.4409 1 0.0238143 1.23513 1.20955 5.01449 5.4858 1.87422 2.46897 0 0 0 1 1 49990 546.393
39.4488 1 0.0235444 1.23513 1.20964 4.98379 5.48098 1.8426 2.46294 0 0 0 1 1 50000 546.502
39.4566 1 0.0232753 1.23513 1.20973 4.95508 5.47592 1.81298 2.45666 0 0 0 1 1 50010 546.611
39.4645 1 0.0230069 1.23514 1.20981 4.92871 5.47064 1.78572 2.45016 0 0 0 1 1 50020 546.721
39.4724 1 0.0227393 1.23515 1.20989 4.90493 5.46517 1.76106 2.44347 0 0 0 1 1 50030 546.83
39.4803 1 0.0224726 1.23516 1.20996 4.88383 5.45953 1.73909 2.43662 0 0 0 1 1 50040 546.939
39.4882 1 0.0222066 1.23517 1.21002 4.86535 5.45375 1.71976 2.42963 0 0 0 1 1 50050 547.048
39.4961 1 0.0219414 1.23518 1.21008 4.8493 5.44786 1.70286 2.42254 0 0 0 1 1 50060 547.157
39.504 1 0.0216771 1.2352 1.21013 4.83537 5.44188 1.68809 2.41536 0 0 0 1 1 50070 547.266
39.5119 1 0.0214135 1.23522 1.21018 4.82313 5.43583 1.67501 2.40812 0 0 0 1 1 50080 547.376
39.5198 1 0.0211509 1.23525 1.21022 4.81208 5.42973 1.66314 2.40082 0 0 0 1 1 50090 547.485
39.5276 1 0.020889 1.23527 1.21026 4.80167 5.42358 1.65191 2.39349 0 0 0 1 1 50100 547.594
39.5355 1 0.020628 1.2353 1.21029 4.79132 5.41739 1.64074 2.38612 0 0 0 1 1 50110 547.703
39.5434 1 0.0203678 1.23533 1.21031 4.78044 5.41116 1.62905 2.3787 0 0 0 1 1 50120 547.813
39.5513 1 0.0201085 1.23536 1.21033 4.76846 5.40488 1.61626 2.37124 0 0 0 1 1 50130 547.922
39.5592 1 0.0198501 1.23539 1.21035 4.75486 5.39853 1.60187 2.36372 0 0 0 1 1 50140 548.031
39.5671 1 0.0195925 1.23543 1.21036 4.7392 5.3921 1.58542 2.35612 0 0 0 1 1 50150 548.14
39.575 1 0.0193357 1.23547 1.21036 4.72109 5.38556 1.56653 2.34842 0 0 0 1 1 50160 548.25
39.5829 1 0.0190798 1.23551 1.21036 4.70025 5.3789 1.54492 2.3406 0 0 0 1 1 50170 548.359
39.5908 1 0.0188248 1.23555 1.21036 4.67649 5.37208 1.5204 2.33262 0 0 0 1 1 50180 548.468
39.5987 1 0.0185706 1.23559 1.21035 4.64971 5.36508 1.49287 2.32446 0 0 0 1 1 50190 548.577
39.6065 1 0.0183173 1.23564 1.21034 4.61989 5.35787 1.46232 2.3161 0 0 0 1 1 50200 548.686
39.6144 1 0.0180648 1.23569 1.21032 4.58713 5.35041 1.42885 2.3075 0 0 0 1 1 50210 548.796
39.6223 1 0.0178131 1.23574 1.2103 4.55158 5.3427 1.39259 2.29864 0 0 0 1 1 50220 548.905
39.6302 1 0.0175623 1.23579 1.21028 4.51344 5.33469 1.35378 2.2895 0 0 0 1 1 50230 549.014
39.6381 1 0.0173122 1.23584 1.21026 4.47297 5.32637 1.31265 2.28005 0 0 0 1 1 50240 549.123
39.646 1 0.017063 1.2359 1.21024 4.43046 5.31773 1.2695 2.27028 0 0 0 1 1 50250 549.233
39.6539 1 0.0168145 1.23595 1.21021 4.38619 5.30874 1.22461 2.26017 0 0 0 1 1 50260 549.342
39.6618 1 0.0165669 1.23601 1.21018 4.34045 5.2994 1.17827 2.24971 0 0 0 1 1 50270 549.451
39.6697 1 0.01632 1.23607 1.21016 4.2935 5.28969 1.13075 2.23888 0 0 0 1 1 50280 549.56
39.6776 1 0.0160739 1.23614 1.21013 4.24557 5.2796 1.08228 2.22769 0 0 0 1 1 50290 549.67
39.6854 1 0.0158285 1.2362 1.2101 4.19687 5.26914 1.03305 2.21613 0 0 0 1 1 50300 549.779
39.6933 1 0.0155839 1.23627 1.21007 4.14755 5.2583 0.983233 2.2042 0 0 0 1 1 50310 549.888
39.7012 1 0.01534 1.23634 1.21003 4.09773 5.24708 0.932936 2.19188 0 0 0 1 1 50320 549.998
39.7091 1 0.0150969 1.23641 1.21 4.0475 5.23547 0.882257 2.1792 0 0 0 1 1 50330 550.107
39.717 1 0.0148545 1.23648 1.20997 3.99693 5.22349 0.831271 2.16613 0 0 0 1 1 50340 550.216
39.7249 1 0.0146128 1.23656 1.20993 3.94611 5.21111 0.780054 2.15269 0 0 0 1 1 50350 550.325
39.7328 1 0.0143718 1.23664 1.20989 3.89513 5.19836 0.728698 2.13888 0 0 0 1 1 50360 550.435
39.7407 1 0.0141315 1.23671 1.20986 3.84411 5.18524 0.67733 2.12469 0 0 0 1 1 50370 550.544
39.7486 1 0.013892 1.2368 1.20982 3.79323 5.17174 0.62613 2.11014 0 0 0 1 1 50380 550.662
39.7565 1 0.0136532 1.23688 1.20978 3.74275 5.15787 0.575348 2.09523 0 0 0 1 1 50390 550.771
39.7643 1 0.013415 1.23696 1.20973 3.69298 5.14364 0.525309 2.07997 0 0 0 1 1 50400 550.881
39.7722 1 0.0131776 1.23705 1.20969 3.64434 5.12907 0.476423 2.06437 0 0 0 1 1 50410 550.99
39.7801 1 0.0129409 1.23714 1.20964 3.59732 5.11418 0.429185 2.04846 0 0 0 1 1 50420 551.099
39.788 1 0.0127049 1.23723 1.20959 3.5525 5.09897 0.384162 2.03224 0 0 0 1 1 50430 551.209
39.7959 1 0.0124695 1.23732 1.20954 3.5105 5.08349 0.341984 2.01576 0 0 0 1 1 50440 551.318
39.8038 1 0.0122349 1.23742 1.20949 3.472 5.06777 0.303323 1.99904 0 0 0 1 1 50450 551.427
39.8117 1 0.0120011 1.23752 1.20944 3.43768 5.05184 0.268865 1.98213 0 0 0 1 1 50460 551.536
39.8196 1 0.0117679 1.23761 1.20938 3.40823 5.03576 0.239286 1.96507 0 0 0 1 1 50470 551.646
39.8275 1 0.0115354 1.23771 1.20932 3.38428 5.01958 0.215223 1.94792 0 0 0 1 1 50480 551.755
39.8353 1 0.0113037 1.23782 1.20926 3.3664 5.00335 0.197244 1.93073 0 0 0 1 1 50490 551.864
39.8432 1 0.0110728 1.23792 1.20919 3.35507 4.98714 0.185819 1.91357 0 0 0 1 1 50500 551.973
39.8511 1 0.0108426 1.23803 1.20913 3.35065 4.97102 0.181303 1.8965 0 0 0 1 1 50510 552.082
39.859 1 0.0106131 1.23813 1.20906 3.35334 4.95505 0.183913 1.8796 0 0 0 1 1 50520 552.192
39.8669 1 0.0103845 1.23824 1.20899 3.36324 4.93931 0.193715 1.86293 0 0 0 1 1 50530 552.301
39.8748 1 0.0101567 1.23836 1.20891 3.38025 4.92385 0.210623 1.84655 0 0 0 1 1 50540 552.41
39.8827 1 0.00992969 1.23847 1.20884 3.40413 4.90875 0.234393 1.83054 0 0 0 1 1 50550 552.52
39.8906 1 0.00970356 1.23858 1.20876 3.43449 4.89408 0.264631 1.81496 0 0 0 1 1 50560 552.629
39.8985 1 0.00947832 1.2387 1.20868 3.47081 4.87988 0.300804 1.79987 0 0 0 1 1 50570 552.738
39.9064 1 0.009254 1.23882 1.2086 3.51241 4.8662 0.342253 1.78531 0 0 0 1 1 50580 552.847
39.9142 1 0.00903063 1.23893 1.20851 3.55856 4.8531 0.388214 1.77133 0 0 0 1 1 50590 552.956
39.9221 1 0.00880823 1.23906 1.20843 3.60839 4.84061 0.437839 1.75795 0 0 0 1 1 50600 553.066
39.93 1 0.00858685 1.23918 1.20834 3.661 4.82874 0.490216 1.74522 0 0 0 1 1 50610 553.175
39.9379 1 0.00836651 1.2393 1.20825 3.71543 4.81752 0.544394 1.73314 0 0 0 1 1 50620 553.284
39.9458 1 0.00814725 1.23943 1.20816 3.77073 4.80695 0.599404 1.72171 0 0 0 1 1 50630 553.393
39.9537 1 0.0079291 1.23955 1.20806 3.82592 4.79703 0.654283 1.71095 0 0 0 1 1 50640 553.503
39.9616 1 0.0077121 1.23968 1.20796 3.88006 4.78775 0.708089 1.70082 0 0 0 1 1 50650 553.612
39.9695 1 0.00749628 1.23981 1.20786 3.93226 4.77909 0.759923 1.69131 0 0 0 1 1 50660 553.721
39.9774 1 0.00728167 1.23994 1.20776 3.98167 4.77101 0.80894 1.6824 0 0 0 1 1 50670 553.83
39.9853 1 0.0070683 1.24007 1.20765 4.02751 4.76348 0.854363 1.67404 0 0 0 1 1 50680 553.939
39.9931 1 0.00685621 1.24021 1.20755 4.06907 4.75645 0.895491 1.66618 0 0 0 1 1 50690 554.049
40.001 1 0.00664541 1.24034 1.20744 4.10574 4.74988 0.931708 1.65878 0 0 0 1 1 50700 554.158
40.0089 1 0.00643594 1.24048 1.20732 4.13699 4.7437 0.962485 1.65178 0 0 0 1 1 50710 554.267
40.0168 1 0.00622782 1.24062 1.20721 4.16237 4.73786 0.987384 1.64513 0 0 0 1 1 50720 554.376
40.0247 1 0.00602107 1.24076 1.20709 4.18154 4.73229 1.00606 1.63875 0 0 0 1 1 50730 554.485
40.0326 1 0.00581571 1.2409 1.20697 4.19423 4.72694 1.01824 1.63258 0 0 0 1 1 50740 554.595
40.0405 1 0.00561176 1.24104 1.20685 4.20027 4.72172 1.02378 1.62656 0 0 0 1 1 50750 554.704
40.0484 1 0.00540924 1.24118 1.20673 4.19957 4.71658 1.02257 1.62061 0 0 0 1 1 50760 554.813
40.0563 1 0.00520816 1.24133 1.20661 4.19212 4.71145 1.01462 1.61468 0 0 0 1 1 50770 554.922
40.0642 1 0.00500852 1.24148 1.20648 4.17799 4.70626 0.999988 1.60869 0 0 0 1 1 50780 555.031
40.072 1 0.00481035 1.24163 1.20635 4.15732 4.70094 0.978829 1.60258 0 0 0 1 1 50790 555.14
40.0799 1 0.00461364 1.24177 1.20622 4.13032 4.69544 0.951351 1.59628 0 0 0 1 1 50800 555.25
40.0878 1 0.0044184 1.24193 1.20609 4.09727 4.68969 0.917833 1.58974 0 0 0 1 1 50810 555.359
40.0957 1 0.00422463 1.24208 1.20596 4.05849 4.68364 0.878616 1.58291 0 0 0 1 1 50820 555.468
40.1036 1 0.00403234 1.24223 1.20582 4.01441 4.67724 0.834104 1.57573 0 0 0 1 1 50830 555.578
40.1115 1 0.00384152 1.24239 1.20569 3.96546 4.67045 0.784756 1.56815 0 0 0 1 1 50840 555.687
40.1194 1 0.00365218 1.24254 1.20555 3.91217 4.66321 0.731093 1.56014 0 0 0 1 1 50850 555.797
40.1273 1 0.0034643 1.2427 1.20541 3.85511 4.65549 0.673691 1.55165 0 0 0 1 1 50860 555.906
40.1352 1 0.00327789 1.24286 1.20526 3.79492 4.64728 0.613182 1.54267 0 0 0 1 1 50870 556.015
40.143 1 0.00309293 1.24302 1.20512 3.73228 4.63853 0.550249 1.53316 0 0 0 1 1 50880 556.124
40.1509 1 0.00290942 1.24318 1.20497 3.66791 4.62925 0.485626 1.52312 0 0 0 1 1 50890 556.234
40.1588 1 0.00272735 1.24335 1.20481 3.60259 4.61942 0.420087 1.51254 0 0 0 1 1 50900 556.343
40.1667 1 0.00254672 1.24351 1.20466 3.53714 4.60903 0.354443 1.50141 0 0 0 1 1 50910 556.452
40.1746 1 0.00236751 1.24368 1.2045 3.47238 4.59811 0.289524 1.48974 0 0 0 1 1 50920 556.561
40.1825 1 0.00218972 1.24385 1.20434 3.40915 4.58667 0.226171 1.47756 0 0 0 1 1 50930 556.671
40.1904 1 0.00201334 1.24401 1.20418 3.34829 4.57472 0.165215 1.46489 0 0 0 1 1 50940 556.78
40.1983 1 0.00183836 1.24418 1.20401 3.2906 4.56231 0.107461 1.45176 0 0 0 1 1 50950 556.889
40.2062 1 0.00166477 1.24435 1.20384 3.23685 4.54948 0.0536699 1.43821 0 0 0 1 1 50960 556.998
40.2141 1 0.00149256 1.24452 1.20367 3.18773 4.53626 0.00453336 1.42428 0 0 0 1 1 50970 557.107
40.2219 1 0.00132174 1.2447 1.2035 3.14384 4.52272 -0.0393407 1.41004 0 0 0 1 1 50980 557.217
40.2298 1 0.0011523 1.24487 1.20332 3.10571 4.50891 -0.0774473 1.39554 0 0 0 1 1 50990 557.326
40.2377 1 0.00098423 1.24504 1.20313 3.07371 4.4949 -0.109398 1.38083 0 0 0 1 1 51000 557.436
40.2456 1 0.000817535 1.24521 1.20295 3.04811 4.48074 -0.134935 1.36599 0 0 0 1 1 51010 557.545
40.2535 1 0.000652214 1.24539 1.20276 3.02904 4.4665 -0.153931 1.35109 0 0 0 1 1 51020 557.655
40.2614 1 0.000488268 1.24556 1.20256 3.01649 4.45226 -0.166403 1.33617 0 0 0 1 1 51030 557.764
40.2693 1 0.000325703 1.24574 1.20236 3.01031 4.43806 -0.172498 1.32132 0 0 0 1 1 51040 557.873
40.2772 1 0.000164522 1.24591 1.20216 3.01022 4.42398 -0.172499 1.30658 0 0 0 1 1 51050 557.982
40.2851 1 4.73255e-06 1.24609 1.20196 3.01583 4.41006 -0.166806 1.29202 0 0 0 1 1 51060 558.092
40.293 1 -0.000153658 1.24627 1.20175 3.02663 4.39637 -0.155933 1.27769 0 0 0 1 1 51070 558.201
40.3008 1 -0.000310641 1.24644 1.20154 3.042 4.38294 -0.140482 1.26364 0 0 0 1 1 51080 558.31
40.3087 1 -0.000466207 1.24662 1.20133 3.06128 4.36982 -0.121136 1.24989 0 0 0 1 1 51090 558.42
40.3166 1 -0.000620346 1.24679 1.20111 3.08373 4.35704 -0.0986366 1.2365 0 0 0 1 1 51100 558.529
40.3245 1 -0.000773047 1.24697 1.20089 3.10856 4.34461 -0.0737654 1.22346 0 0 0 1 1 51110 558.639
40.3324 1 -0.000924299 1.24714 1.20067 3.13497 4.33257 -0.0473271 1.21081 0 0 0 1 1 51120 558.748
40.3403 1 -0.00107409 1.24731 1.20045 3.16215 4.32091 -0.0201316 1.19856 0 0 0 1 1 51130 558.857
40.3482 1 -0.00122242 1.24749 1.20023 3.1893 4.30963 0.0070224 1.18669 0 0 0 1 1 51140 558.967
40.3561 1 -0.00136926 1.24766 1.2 3.21565 4.29873 0.0333626 1.1752 0 0 0 1 1 51150 559.076
40.364 1 -0.00151462 1.24783 1.19977 3.24047 4.28818 0.0581556 1.16408 0 0 0 1 1 51160 559.185
40.3719 1 -0.00165848 1.248 1.19955 3.26306 4.27798 0.0807187 1.15329 0 0 0 1 1 51170 559.294
40.3797 1 -0.00180084 1.24817 1.19932 3.28282 4.26808 0.100428 1.14283 0 0 0 1 1 51180 559.404
40.3876 1 -0.00194169 1.24834 1.19909 3.29917 4.25845 0.116727 1.13264 0 0 0 1 1 51190 559.513
40.3955 1 -0.00208103 1.24851 1.19886 3.31164 4.24907 0.129128 1.12269 0 0 0 1 1 51200 559.622
40.4034 1 -0.00221885 1.24868 1.19863 3.31979 4.23987 0.13722 1.11294 0 0 0 1 1 51210 559.731
40.4113 1 -0.00235516 1.24884 1.19841 3.32331 4.23082 0.140664 1.10335 0 0 0 1 1 51220 559.84
40.4192 1 -0.00248995 1.24901 1.19818 3.32191 4.22187 0.139197 1.09385 0 0 0 1 1 51230 559.95
40.4271 1 -0.00262322 1.24917 1.19796 3.31541 4.21296 0.132627 1.0844 0 0 0 1 1 51240 560.059
40.435 1 -0.00275499 1.24933 1.19774 3.30367 4.20405 0.120832 1.07496 0 0 0 1 1 51250 560.168
40.4429 1 -0.00288524 1.24949 1.19752 3.28665 4.19509 0.103756 1.06546 0 0 0 1 1 51260 560.277
40.4507 1 -0.003014 1.24965 1.1973 3.26435 4.18601 0.0814022 1.05586 0 0 0 1 1 51270 560.387
40.4586 1 -0.00314126 1.24981 1.19709 3.23681 4.17678 0.0538349 1.04611 0 0 0 1 1 51280 560.496
40.4665 1 -0.00326703 1.24997 1.19688 3.20416 4.16734 0.0211701 1.03615 0 0 0 1 1 51290 560.605
40.4744 1 -0.00339134 1.25012 1.19667 3.16657 4.15764 -0.0164251 1.02594 0 0 0 1 1 51300 560.714
40.4823 1 -0.00351417 1.25028 1.19647 3.12424 4.14764 -0.0587361 1.01544 0 0 0 1 1 51310 560.823
40.4902 1 -0.00363556 1.25043 1.19627 3.07743 4.1373 -0.105503 1.00459 0 0 0 1 1 51320 560.933
40.4981 1 -0.0037555 1.25058 1.19607 3.02645 4.12657 -0.15642 0.993374 0 0 0 1 1 51330 561.042
40.506 1 -0.00387402 1.25073 1.19587 2.97163 4.11543 -0.21114 0.981742 0 0 0 1 1 51340 561.151
40.5139 1 -0.00399113 1.25087 1.19568 2.91338 4.10384 -0.269271 0.969666 0 0 0 1 1 51350 561.261
40.5218 1 -0.00410684 1.25102 1.19549 2.85213 4.09177 -0.330377 0.95712 0 0 0 1 1 51360 561.37
40.5296 1 -0.00422117 1.25116 1.19531 2.78835 4.0792 -0.393978 0.944081 0 0 0 1 1 51370 561.479
40.5375 1 -0.00433413 1.2513 1.19512 2.72256 4.06612 -0.45955 0.930532 0 0 0 1 1 51380 561.588
40.5454 1 -0.00444574 1.25144 1.19494 2.65534 4.0525 -0.526524 0.916462 0 0 0 1 1 51390 561.697
40.5533 1 -0.00455602 1.25158 1.19476 2.58729 4.03836 -0.594291 0.901865 0 0 0 1 1 51400 561.806
40.5612 1 -0.00466498 1.25172 1.19459 2.51907 4.02368 -0.662199 0.886743 0 0 0 1 1 51410 561.916
40.5691 1 -0.00477263 1.25185 1.19441 2.45136 4.00847 -0.729563 0.871103 0 0 0 1 1 51420 562.025
40.577 1 -0.004879 1.25198 1.19424 2.38488 3.99276 -0.795664 0.854959 0 0 0 1 1 51430 562.134
40.5849 1 -0.0049841 1.25211 1.19407 2.32037 3.97655 -0.859766 0.838332 0 0 0 1 1 51440 562.243
40.5928 1 -0.00508793 1.25224 1.1939 2.25858 3.95988 -0.921114 0.821252 0 0 0 1 1 51450 562.353
40.6007 1 -0.00519051 1.25237 1.19374 2.20026 3.94278 -0.978955 0.803754 0 0 0 1 1 51460 562.462
40.6085 1 -0.00529186 1.25249 1.19357 2.14617 3.9253 -1.03255 0.78588 0 0 0 1 1 51470 562.571
40.6164 1 -0.00539198 1.25261 1.19341 2.09702 3.90749 -1.08117 0.767681 0 0 0 1 1 51480 562.68
40.6243 1 -0.00549087 1.25273 1.19325 2.05349 3.8894 -1.12415 0.749211 0 0 0 1 1 51490 562.79
40.6322 1 -0.00558855 1.25285 1.19309 2.0162 3.87108 -1.16087 0.730534 0 0 0 1 1 51500 562.899
40.6401 1 -0.00568502 1.25297 1.19293 1.98571 3.85262 -1.19079 0.711715 0 0 0 1 1 51510 563.008
40.648 1 -0.00578028 1.25308 1.19277 1.96247 3.83408 -1.21343 0.692826 0 0 0 1 1 51520 563.117
40.6559 1 -0.00587433 1.25319 1.19261 1.94684 3.81553 -1.22845 0.673941 0 0 0 1 1 51530 563.227
40.6638 1 -0.00596717 1.2533 1.19246 1.93908 3.79706 -1.2356 0.655137 0 0 0 1 1 51540 563.336
40.6717 1 -0.00605878 1.25341 1.19231 1.93931 3.77873 -1.23476 0.636491 0 0 0 1 1 51550 563.445
40.6796 1 -0.00614917 1.25351 1.19216 1.94751 3.76063 -1.22595 0.618081 0 0 0 1 1 51560 563.554
40.6874 1 -0.00623832 1.25361 1.19201 1.96355 3.74283 -1.20931 0.599981 0 0 0 1 1 51570 563.663
40.6953 1 -0.00632621 1.25371 1.19186 1.98714 3.72541 -1.18512 0.582266 0 0 0 1 1 51580 563.773
40.7032 1 -0.00641283 1.25381 1.19171 2.01788 3.70843 -1.1538 0.565003 0 0 0 1 1 51590 563.882
40.7111 1 -0.00649817 1.2539 1.19157 2.05523 3.69196 -1.11589 0.548255 0 0 0 1 1 51600 563.991
40.719 1 -0.0065822 1.254 1.19142 2.09854 3.67605 -1.07204 0.532079 0 0 0 1 1 51610 564.1
40.7269 1 -0.0066649 1.25409 1.19128 2.14705 3.66076 -1.02301 0.516524 0 0 0 1 1 51620 564.21
40.7348 1 -0.00674624 1.25417 1.19114 2.19992 3.64611 -0.96965 0.501629 0 0 0 1 1 51630 564.319
40.7427 1 -0.00682621 1.25426 1.191 2.25623 3.63216 -0.912869 0.487428 0 0 0 1 1 51640 564.428
40.7506 1 -0.00690478 1.25434 1.19087 2.31503 3.61891 -0.853634 0.47394 0 0 0 1 1 51650 564.537
40.7584 1 -0.00698192 1.25442 1.19073 2.37532 3.60638 -0.792941 0.461178 0 0 0 1 1 51660 564.646
40.7663 1 -0.0070576 1.25449 1.1906 2.43609 3.59457 -0.731795 0.449144 0 0 0 1 1 51670 564.756
40.7742 1 -0.0071318 1.25457 1.19047 2.49634 3.58347 -0.671191 0.437829 0 0 0 1 1 51680 564.865
40.7821 1 -0.00720449 1.25464 1.19034 2.55512 3.57307 -0.612095 0.427216 0 0 0 1 1 51690 564.974
40.79 1 -0.00727566 1.2547 1.19021 2.6115 3.56334 -0.555427 0.417277 0 0 0 1 1 51700 565.083
40.7979 1 -0.00734526 1.25477 1.19008 2.66463 3.55425 -0.502043 0.407979 0 0 0 1 1 51710 565.193
40.8058 1 -0.00741329 1.25483 1.18996 2.71371 3.54575 -0.452723 0.399277 0 0 0 1 1 51720 565.302
40.8137 1 -0.00747972 1.25489 1.18984 2.75807 3.53779 -0.408157 0.391122 0 0 0 1 1 51730 565.411
40.8216 1 -0.00754453 1.25495 1.18972 2.79709 3.53032 -0.368943 0.383458 0 0 0 1 1 51740 565.52
40.8295 1 -0.00760771 1.25501 1.1896 2.83029 3.52327 -0.335572 0.376225 0 0 0 1 1 51750 565.63
40.8373 1 -0.00766924 1.25506 1.18948 2.85727 3.51659 -0.308431 0.369358 0 0 0 1 1 51760 565.739
40.8452 1 -0.0077291 1.25511 1.18937 2.87775 3.5102 -0.287799 0.362792 0 0 0 1 1 51770 565.848
40.8531 1 -0.00778729 1.25515 1.18926 2.89156 3.50405 -0.273852 0.356458 0 0 0 1 1 51780 565.957
40.861 1 -0.00784381 1.2552 1.18915 2.89862 3.49805 -0.266661 0.350288 0 0 0 1 1 51790 566.066
40.8689 1 -0.00789864 1.25524 1.18904 2.89895 3.49215 -0.2662 0.344212 0 0 0 1 1 51800 566.175
40.8768 1 -0.00795178 1.25528 1.18894 2.89266 3.48627 -0.272354 0.338165 0 0 0 1 1 51810 566.285
40.8847 1 -0.00800323 1.25531 1.18883 2.87995 3.48035 -0.284924 0.332082 0 0 0 1 1 51820 566.394
40.8926 1 -0.00805299 1.25535 1.18873 2.86109 3.47434 -0.303635 0.325901 0 0 0 1 1 51830 566.503
40.9005 1 -0.00810106 1.25538 1.18864 2.83643 3.46816 -0.328148 0.319564 0 0 0 1 1 51840 566.612
40.9084 1 -0.00814746 1.25541 1.18854 2.80634 3.46177 -0.358064 0.313019 0 0 0 1 1 51850 566.721
40.9162 1 -0.00819219 1.25543 1.18845 2.77128 3.45512 -0.392936 0.306216 0 0 0 1 1 51860 566.831
40.9241 1 -0.00823525 1.25546 1.18836 2.73174 3.44817 -0.432275 0.299112 0 0 0 1 1 51870 566.94
40.932 1 -0.00827666 1.25548 1.18827 2.68823 3.44087 -0.475558 0.291668 0 0 0 1 1 51880 567.049
40.9399 1 -0.00831642 1.2555 1.18818 2.6413 3.4332 -0.522236 0.283851 0 0 0 1 1 51890 567.158
40.9478 1 -0.00835456 1.25551 1.18809 2.59153 3.42512 -0.571737 0.275636 0 0 0 1 1 51900 567.267
40.9557 1 -0.00839108 1.25552 1.18801 2.53949 3.41662 -0.623477 0.267001 0 0 0 1 1 51910 567.376
40.9636 1 -0.008426 1.25554 1.18793 2.48578 3.40768 -0.67686 0.257931 0 0 0 1 1 51920 567.486
40.9715 1 -0.00845933 1.25554 1.18785 2.43101 3.39829 -0.731287 0.248419 0 0 0 1 1 51930 567.595
40.9794 1 -0.00849109 1.25555 1.18777 2.37576 3.38845 -0.78616 0.23846 0 0 0 1 1 51940 567.704
40.9873 1 -0.0085213 1.25555 1.18769 2.32062 3.37817 -0.840887 0.228059 0 0 0 1 1 51950 567.813
40.9951 1 -0.00854996 1.25555 1.18761 2.26619 3.36744 -0.894888 0.217224 0 0 0 1 1 51960 567.922
41.003 1 -0.0085771 1.25555 1.18753 2.21302 3.35629 -0.947604 0.205971 0 0 0 1 1 51970 568.032
41.0109 1 -0.00860273 1.25555 1.18746 2.16164 3.34474 -0.998496 0.194317 0 0 0 1 1 51980 568.141
41.0188 1 -0.00862686 1.25554 1.18738 2.11257 3.3328 -1.04706 0.18229 0 0 0 1 1 51990 568.25
41.0267 1 -0.00864951 1.25553 1.18731 2.06626 3.32052 -1.09284 0.169916 0 0 0 1 1 52000 568.359
41.0346 1 -0.00867069 1.25552 1.18724 2.02315 3.30791 -1.1354 0.157231 0 0 0 1 1 52010 568.468
41.0425 1 -0.00869042 1.2555 1.18716 1.98359 3.29503 -1.17438 0.14427 0 0 0 1 1 52020 568.578
41.0504 1 -0.0087087 1.25549 1.18709 1.9479 3.2819 -1.20948 0.131073 0 0 0 1 1 52030 568.687
41.0583 1 -0.00872555 1.25547 1.18702 1.91631 3.26857 -1.24046 0.117682 0 0 0 1 1 52040 568.797
41.0661 1 -0.00874098 1.25544 1.18694 1.88902 3.25508 -1.26713 0.104142 0 0 0 1 1 52050 568.906
41.074 1 -0.00875499 1.25542 1.18687 1.8661 3.24148 -1.28941 0.0904954 0 0 0 1 1 52060 569.015
41.0819 1 -0.0087676 1.25539 1.1868 1.84761 3.22782 -1.30726 0.076788 0 0 0 1 1 52070 569.125
41.0898 1 -0.00877881 1.25536 1.18673 1.83347 3.21413 -1.32075 0.0630636 0 0 0 1 1 52080 569.234
41.0977 1 -0.00878862 1.25533 1.18666 1.82358 3.20046 -1.32998 0.0493647 0 0 0 1 1 52090 569.344
41.1056 1 -0.00879705 1.25529 1.18659 1.81773 3.18684 -1.33516 0.035732 0 0 0 1 1 52100 569.453
41.1135 1 -0.00880409 1.25525 1.18652 1.81568 3.17333 -1.33656 0.0222035 0 0 0 1 1 52110 569.563
41.1214 1 -0.00880976 1.25521 1.18645 1.8171 3.15995 -1.33447 0.00881381 0 0 0 1 1 52120 569.672
41.1293 1 -0.00881404 1.25516 1.18639 1.82162 3.14673 -1.3293 -0.00440619 0 0 0 1 1 52130 569.782
41.1372 1 -0.00881695 1.25511 1.18632 1.82881 3.1337 -1.32144 -0.0174299 0 0 0 1 1 52140 569.892
41.145 1 -0.00881848 1.25506 1.18625 1.83824 3.12088 -1.31137 -0.0302352 0 0 0 1 1 52150 570.001
41.1529 1 -0.00881864 1.25501 1.18619 1.8494 3.10829 -1.29955 -0.0428051 0 0 0 1 1 52160 570.11
41.1608 1 -0.00881742 1.25495 1.18613 1.86181 3.09595 -1.2865 -0.0551275 0 0 0 1 1 52170 570.22
41.1687 1 -0.00881484 1.25489 1.18606 1.87496 3.08385 -1.27273 -0.0671953 0 0 0 1 1 52180 570.329
41.1766 1 -0.00881089 1.25482 1.186 1.88832 3.072 -1.25874 -0.0790066 0 0 0 1 1 52190 570.439
41.1845 1 -0.00880556 1.25476 1.18595 1.9014 3.0604 -1.24503 -0.0905647 0 0 0 1 1 52200 570.548
41.1924 1 -0.00879888 1.25469 1.18589 1.91372 3.04904 -1.2321 -0.101878 0 0 0 1 1 52210 570.657
41.2003 1 -0.00879083 1.25461 1.18584 1.9248 3.0379 -1.22041 -0.112958 0 0 0 1 1 52220 570.767
41.2082 1 -0.00878142 1.25453 1.18579 1.93423 3.02698 -1.21039 -0.123822 0 0 0 1 1 52230 570.876
41.2161 1 -0.00877065 1.25445 1.18574 1.94158 3.01625 -1.20243 -0.134491 0 0 0 1 1 52240 570.986
41.2239 1 -0.00875853 1.25437 1.18569 1.94652 3.00568 -1.1969 -0.14499 0 0 0 1 1 52250 571.095
41.2318 1 -0.00874507 1.25428 1.18565 1.94872 2.99525 -1.19411 -0.155345 0 0 0 1 1 52260 571.204
41.2397 1 -0.00873027 1.25419 1.18561 1.94791 2.98493 -1.19432 -0.165586 0 0 0 1 1 52270 571.313
41.2476 1 -0.00871414 1.2541 1.18558 1.94388 2.97468 -1.19777 -0.175746 0 0 0 1 1 52280 571.422
41.2555 1 -0.00869669 1.254 1.18555 1.93644 2.96448 -1.20461 -0.185858 0 0 0 1 1 52290 571.532
41.2634 1 -0.00867792 1.2539 1.18552 1.92548 2.95429 -1.21497 -0.195957 0 0 0 1 1 52300 571.641
41.2713 1 -0.00865786 1.2538 1.18549 1.91093 2.94407 -1.22891 -0.206078 0 0 0 1 1 52310 571.75
41.2792 1 -0.0086365 1.25369 1.18548 1.89276 2.93378 -1.24647 -0.216257 0 0 0 1 1 52320 571.859
41.2871 1 -0.00861386 1.25358 1.18546 1.87099 2.9234 -1.26761 -0.226527 0 0 0 1 1 52330 571.969
41.295 1 -0.00858996 1.25347 1.18545 1.84571 2.91289 -1.29226 -0.236924 0 0 0 1 1 52340 572.078
41.3028 1 -0.00856481 1.25336 1.18544 1.81703 2.90222 -1.32029 -0.24748 0 0 0 1 1 52350 572.187
41.3107 1 -0.00853843 1.25324 1.18544 1.78511 2.89134 -1.35155 -0.258226 0 0 0 1 1 52360 572.296
41.3186 1 -0.00851083 1.25311 1.18544 1.75014 2.88025 -1.38583 -0.269191 0 0 0 1 1 52370 572.406
41.3265 1 -0.00848202 1.25299 1.18545 1.71238 2.8689 -1.4229 -0.280401 0 0 0 1 1 52380 572.516
41.3344 1 -0.00845202 1.25286 1.18546 1.67208 2.85728 -1.46249 -0.29188 0 0 0 1 1 52390 572.625
41.3423 1 -0.00842086 1.25273 1.18547 1.62956 2.84536 -1.50427 -0.303648 0 0 0 1 1 52400 572.735
41.3502 1 -0.00838855 1.25259 1.18549 1.58514 2.83314 -1.54793 -0.315723 0 0 0 1 1 52410 572.844
41.3581 1 -0.0083551 1.25245 1.18551 1.53919 2.82058 -1.5931 -0.328117 0 0 0 1 1 52420 572.954
41.366 1 -0.00832054 1.25231 1.18554 1.49208 2.80769 -1.63941 -0.340842 0 0 0 1 1 52430 573.063
41.3738 1 -0.00828488 1.25217 1.18557 1.44421 2.79446 -1.68645 -0.353902 0 0 0 1 1 52440 573.173
41.3817 1 -0.00824814 1.25202 1.1856 1.39599 2.78088 -1.73382 -0.367299 0 0 0 1 1 52450 573.282
41.3896 1 -0.00821034 1.25187 1.18564 1.34785 2.76696 -1.78109 -0.381031 0 0 0 1 1 52460 573.391
41.3975 1 -0.00817149 1.25172 1.18568 1.30022 2.75271 -1.82783 -0.395091 0 0 0 1 1 52470 573.501
41.4054 1 -0.00813162 1.25156 1.18573 1.25352 2.73813 -1.87361 -0.409468 0 0 0 1 1 52480 573.61
41.4133 1 -0.00809074 1.2514 1.18577 1.20819 2.72325 -1.918 -0.424148 0 0 0 1 1 52490 573.72
41.4212 1 -0.00804885 1.25124 1.18582 1.16466 2.70807 -1.96057 -0.439111 0 0 0 1 1 52500 573.829
41.4291 1 -0.00800599 1.25107 1.18588 1.12333 2.69262 -2.00091 -0.454335 0 0 0 1 1 52510 573.938
41.437 1 -0.00796216 1.25091 1.18593 1.08462 2.67694 -2.03862 -0.469792 0 0 0 1 1 52520 574.048
41.4449 1 -0.00791738 1.25074 1.18599 1.0489 2.66104 -2.07332 -0.485453 0 0 0 1 1 52530 574.157
41.4527 1 -0.00787166 1.25056 1.18605 1.01653 2.64496 -2.10465 -0.501284 0 0 0 1 1 52540 574.266
41.4606 1 -0.007825 1.25039 1.18611 0.987846 2.62875 -2.13229 -0.517247 0 0 0 1 1 52550 574.375
41.4685 1 -0.00777743 1.25021 1.18618 0.963127 2.61243 -2.15594 -0.533305 0 0 0 1 1 52560 574.485
41.4764 1 -0.00772894 1.25003 1.18624 0.942628 2.59605 -2.17537 -0.549414 0 0 0 1 1 52570 574.594
41.4843 1 -0.00767954 1.24985 1.18631 0.926554 2.57966 -2.19036 -0.565532 0 0 0 1 1 52580 574.703
41.4922 1 -0.00762925 1.24966 1.18638 0.915057 2.56329 -2.20077 -0.581614 0 0 0 1 1 52590 574.812
41.5001 1 -0.00757805 1.24947 1.18645 0.908234 2.547 -2.2065 -0.597615 0 0 0 1 1 52600 574.922
41.508 1 -0.00752597 1.24928 1.18653 0.906122 2.53082 -2.20751 -0.613489 0 0 0 1 1 52610 575.031
41.5159 1 -0.00747299 1.24909 1.1866 0.908696 2.51481 -2.20385 -0.629191 0 0 0 1 1 52620 575.14
41.5238 1 -0.00741912 1.24889 1.18668 0.915863 2.49901 -2.19559 -0.644677 0 0 0 1 1 52630 575.25
41.5316 1 -0.00736436 1.24869 1.18676 0.927468 2.48346 -2.1829 -0.659905 0 0 0 1 1 52640 575.359
41.5395 1 -0.0073087 1.24849 1.18684 0.943287 2.4682 -2.166 -0.674834 0 0 0 1 1 52650 575.468
41.5474 1 -0.00725214 1.24829 1.18692 0.963034 2.45326 -2.14519 -0.689428 0 0 0 1 1 52660 575.577
41.5553 1 -0.00719467 1.24809 1.187 0.986363 2.43869 -2.1208 -0.703653 0 0 0 1 1 52670 575.687
41.5632 1 -0.00713629 1.24788 1.18708 1.01287 2.42451 -2.09325 -0.71748 0 0 0 1 1 52680 575.796
41.5711 1 -0.00707699 1.24767 1.18717 1.04211 2.41075 -2.06298 -0.730884 0 0 0 1 1 52690 575.905
41.579 1 -0.00701677 1.24746 1.18726 1.07357 2.39742 -2.0305 -0.743844 0 0 0 1 1 52700 576.014
41.5869 1 -0.00695561 1.24724 1.18734 1.10675 2.38455 -1.99633 -0.756347 0 0 0 1 1 52710 576.124
41.5948 1 -0.00689351 1.24703 1.18743 1.14107 2.37213 -1.96103 -0.768383 0 0 0 1 1 52720 576.233
41.6027 1 -0.00683045 1.24681 1.18752 1.17597 2.36019 -1.92517 -0.779949 0 0 0 1 1 52730 576.342
41.6105 1 -0.00676644 1.24659 1.18761 1.21088 2.3487 -1.88931 -0.791047 0 0 0 1 1 52740 576.451
41.6184 1 -0.00670145 1.24637 1.1877 1.24523 2.33767 -1.85404 -0.801684 0 0 0 1 1 52750 576.56
41.6263 1 -0.00663549 1.24614 1.18779 1.27845 2.32707 -1.8199 -0.811875 0 0 0 1 1 52760 576.67
41.6342 1 -0.00656854 1.24592 1.18789 1.31002 2.31691 -1.78744 -0.821637 0 0 0 1 1 52770 576.779
41.6421 1 -0.0065006 1.24569 1.18798 1.33944 2.30714 -1.75714 -0.830994 0 0 0 1 1 52780 576.889
41.65 1 -0.00643167 1.24546 1.18808 1.36625 2.29775 -1.72947 -0.839973 0 0 0 1 1 52790 576.998
41.6579 1 -0.00636173 1.24523 1.18817 1.39004 2.28869 -1.70483 -0.848608 0 0 0 1 1 52800 577.107
41.6658 1 -0.00629079 1.24499 1.18827 1.41044 2.27995 -1.68359 -0.856933 0 0 0 1 1 52810 577.216
41.6737 1 -0.00621884 1.24476 1.18837 1.42716 2.27147 -1.66605 -0.864986 0 0 0 1 1 52820 577.325
41.6815 1 -0.00614589 1.24452 1.18846 1.43995 2.26321 -1.65243 -0.872808 0 0 0 1 1 52830 577.435
41.6894 1 -0.00607193 1.24429 1.18856 1.44864 2.25515 -1.64292 -0.88044 0 0 0 1 1 52840 577.544
41.6973 1 -0.00599696 1.24405 1.18866 1.45311 2.24722 -1.63764 -0.887927 0 0 0 1 1 52850 577.653
41.7052 1 -0.00592099 1.24381 1.18876 1.45333 2.23939 -1.63661 -0.89531 0 0 0 1 1 52860 577.763
41.7131 1 -0.00584403 1.24356 1.18886 1.4493 2.23162 -1.63983 -0.902634 0 0 0 1 1 52870 577.872
41.721 1 -0.00576607 1.24332 1.18897 1.44109 2.22387 -1.64722 -0.90994 0 0 0 1 1 52880 577.981
41.7289 1 -0.00568714 1.24308 1.18907 1.42886 2.21609 -1.65864 -0.917269 0 0 0 1 1 52890 578.09
41.7368 1 -0.00560723 1.24283 1.18917 1.41277 2.20824 -1.67389 -0.924659 0 0 0 1 1 52900 578.199
41.7447 1 -0.00552637 1.24258 1.18928 1.39308 2.20029 -1.69275 -0.932147 0 0 0 1 1 52910 578.309
41.7526 1 -0.00544456 1.24234 1.18938 1.37008 2.19221 -1.71491 -0.939765 0 0 0 1 1 52920 578.418
41.7604 1 -0.00536181 1.24209 1.18948 1.34407 2.18396 -1.74006 -0.947543 0 0 0 1 1 52930 578.527
41.7683 1 -0.00527815 1.24184 1.18959 1.31544 2.17553 -1.76782 -0.955506 0 0 0 1 1 52940 578.636
41.7762 1 -0.00519358 1.24159 1.18969 1.28456 2.16688 -1.79782 -0.963677 0 0 0 1 1 52950 578.746
41.7841 1 -0.00510812 1.24134 1.1898 1.25184 2.15801 -1.82963 -0.972074 0 0 0 1 1 52960 578.855
41.792 1 -0.00502179 1.24109 1.1899 1.21772 2.14889 -1.86284 -0.98071 0 0 0 1 1 52970 578.964
41.7999 1 -0.00493461 1.24083 1.19001 1.18264 2.13951 -1.89699 -0.989593 0 0 0 1 1 52980 579.073
41.8078 1 -0.00484659 1.24058 1.19011 1.14703 2.12989 -1.93165 -0.998728 0 0 0 1 1 52990 579.183
41.8157 1 -0.00475775 1.24033 1.19021 1.11133 2.12 -1.96638 -1.00812 0 0 0 1 1 53000 579.292
41.8236 1 -0.00466811 1.24007 1.19032 1.07598 2.10986 -2.00074 -1.01775 0 0 0 1 1 53010 579.401
41.8315 1 -0.00457768 1.23982 1.19042 1.0414 2.09948 -2.03432 -1.02763 0 0 0 1 1 53020 579.51
41.8393 1 -0.00448649 1.23956 1.19052 1.00799 2.08886 -2.06672 -1.03773 0 0 0 1 1 53030 579.62
41.8472 1 -0.00439454 1.2393 1.19063 0.976116 2.07803 -2.09756 -1.04805 0 0 0 1 1 53040 579.729
41.8551 1 -0.00430186 1.23905 1.19073 0.946126 2.067 -2.1265 -1.05856 0 0 0 1 1 53050 579.838
41.863 1 -0.00420847 1.23879 1.19083 0.918329 2.05579 -2.15324 -1.06923 0 0 0 1 1 53060 579.947
41.8709 1 -0.00411437 1.23854 1.19093 0.892997 2.04444 -2.17749 -1.08006 0 0 0 1 1 53070 580.057
41.8788 1 -0.00401958 1.23828 1.19103 0.870358 2.03296 -2.19905 -1.091 0 0 0 1 1 53080 580.166
41.8867 1 -0.00392412 1.23802 1.19112 0.850596 2.02138 -2.21771 -1.10203 0 0 0 1 1 53090 580.275
41.8946 1 -0.00382799 1.23776 1.19122 0.833846 2.00975 -2.23336 -1.11312 0 0 0 1 1 53100 580.384
41.9025 1 -0.00373121 1.23751 1.19132 0.820195 1.99807 -2.2459 -1.12423 0 0 0 1 1 53110 580.494
41.9104 1 -0.0036338 1.23725 1.19141 0.809681 1.9864 -2.2553 -1.13535 0 0 0 1 1 53120 580.603
41.9182 1 -0.00353575 1.23699 1.1915 0.802291 1.97475 -2.26157 -1.14643 0 0 0 1 1 53130 580.712
41.9261 1 -0.00343709 1.23673 1.1916 0.797965 1.96317 -2.26477 -1.15744 0 0 0 1 1 53140 580.821
41.934 1 -0.00333781 1.23648 1.19169 0.796593 1.95167 -2.26502 -1.16837 0 0 0 1 1 53150 580.931
41.9419 1 -0.00323792 1.23622 1.19178 0.798023 1.94028 -2.26247 -1.17917 0 0 0 1 1 53160 581.04
41.9498 1 -0.00313744 1.23596 1.19186 0.802061 1.92904 -2.25731 -1.18982 0 0 0 1 1 53170 581.149
41.9577 1 -0.00303636 1.2357 1.19195 0.808474 1.91796 -2.24978 -1.20031 0 0 0 1 1 53180 581.259
41.9656 1 -0.0029347 1.23545 1.19204 0.816997 1.90706 -2.24015 -1.21061 0 0 0 1 1 53190 581.368
41.9735 1 -0.00283246 1.23519 1.19212 0.827335 1.89637 -2.2287 -1.2207 0 0 0 1 1 53200 581.477
41.9814 1 -0.00272964 1.23493 1.19221 0.839171 1.88589 -2.21576 -1.23057 0 0 0 1 1 53210 581.586
41.9892 1 -0.00262624 1.23468 1.19229 0.852169 1.87564 -2.20167 -1.24021 0 0 0 1 1 53220 581.695
41.9971 1 -0.00252228 1.23442 1.19237 0.865981 1.86562 -2.18677 -1.24961 0 0 0 1 1 53230 581.805
42.005 1 -0.00241775 1.23416 1.19245 0.880253 1.85584 -2.17142 -1.25877 0 0 0 1 1 53240 581.914
42.0129 1 -0.00231265 1.23391 1.19253 0.894629 1.8463 -2.15597 -1.26768 0 0 0 1 1 53250 582.023
42.0208 1 -0.002207 1.23365 1.19261 0.908759 1.83699 -2.14078 -1.27636 0 0 0 1 1 53260 582.132
42.0287 1 -0.0021008 1.2334 1.19268 0.9223 1.82791 -2.12618 -1.2848 0 0 0 1 1 53270 582.242
42.0366 1 -0.00199405 1.23314 1.19276 0.934927 1.81905 -2.1125 -1.29302 0 0 0 1 1 53280 582.351
42.0445 1 -0.00188676 1.23289 1.19284 0.946333 1.8104 -2.10005 -1.30104 0 0 0 1 1 53290 582.46
42.0524 1 -0.00177892 1.23263 1.19291 0.956233 1.80193 -2.08911 -1.30885 0 0 0 1 1 53300 582.569
42.0603 1 -0.00167056 1.23238 1.19299 0.964372 1.79364 -2.07994 -1.3165 0 0 0 1 1 53310 582.679
42.0681 1 -0.00156167 1.23213 1.19306 0.970523 1.7855 -2.07276 -1.32398 0 0 0 1 1 53320 582.788
42.076 1 -0.00145226 1.23187 1.19313 0.974493 1.77749 -2.06776 -1.33134 0 0 0 1 1 53330 582.897
42.0839 1 -0.00134234 1.23162 1.19321 0.976123 1.76958 -2.06511 -1.33858 0 0 0 1 1 53340 583.006
42.0918 1 -0.00123192 1.23137 1.19328 0.97529 1.76175 -2.06492 -1.34575 0 0 0 1 1 53350 583.115
42.0997 1 -0.00112101 1.23112 1.19335 0.971909 1.75398 -2.06728 -1.35285 0 0 0 1 1 53360 583.225
42.1076 1 -0.00100962 1.23087 1.19343 0.965931 1.74624 -2.07223 -1.35992 0 0 0 1 1 53370 583.334
42.1155 1 -0.000897762 1.23062 1.1935 0.957345 1.7385 -2.07979 -1.36698 0 0 0 1 1 53380 583.443
42.1234 1 -0.000785443 1.23037 1.19357 0.946175 1.73074 -2.08992 -1.37406 0 0 0 1 1 53390 583.552
42.1313 1 -0.000672679 1.23013 1.19364 0.932481 1.72293 -2.10258 -1.38119 0 0 0 1 1 53400 583.662
42.1392 1 -0.000559483 1.22988 1.19371 0.916355 1.71505 -2.11766 -1.38838 0 0 0 1 1 53410 583.771
42.147 1 -0.000445869 1.22963 1.19378 0.897921 1.70708 -2.13504 -1.39566 0 0 0 1 1 53420 583.88
42.1549 1 -0.000331852 1.22939 1.19385 0.877331 1.69899 -2.15456 -1.40306 0 0 0 1 1 53430 583.989
42.1628 1 -0.000217447 1.22915 1.19392 0.854766 1.69076 -2.17605 -1.41059 0 0 0 1 1 53440 584.099
42.1707 1 -0.000102668 1.2289 1.19399 0.830427 1.68239 -2.19931 -1.41826 0 0 0 1 1 53450 584.208
42.1786 1 1.24664e-05 1.22866 1.19406 0.80454 1.67385 -2.2241 -1.42609 0 0 0 1 1 53460 584.317
42.1865 1 0.000127942 1.22842 1.19413 0.777346 1.66513 -2.25018 -1.4341 0 0 0 1 1 53470 584.427
42.1944 1 0.000243741 1.22818 1.19419 0.749104 1.65622 -2.2773 -1.4423 0 0 0 1 1 53480 584.536
42.2023 1 0.000359847 1.22795 1.19426 0.720085 1.64712 -2.30518 -1.45068 0 0 0 1 1 53490 584.645
42.2102 1 0.000476243 1.22771 1.19432 0.69057 1.63782 -2.33355 -1.45926 0 0 0 1 1 53500 584.754
42.2181 1 0.000592913 1.22748 1.19439 0.660848 1.62832 -2.36211 -1.46804 0 0 0 1 1 53510 584.864
42.2259 1 0.000709839 1.22724 1.19445 0.631214 1.61862 -2.39056 -1.47701 0 0 0 1 1 53520 584.973
42.2338 1 0.000827006 1.22701 1.19452 0.601963 1.60872 -2.41862 -1.48617 0 0 0 1 1 53530 585.082
42.2417 1 0.000944396 1.22678 1.19458 0.573393 1.59864 -2.44598 -1.49551 0 0 0 1 1 53540 585.191
42.2496 1 0.00106199 1.22655 1.19464 0.545798 1.58838 -2.47236 -1.50503 0 0 0 1 1 53550 585.301
42.2575 1 0.00117978 1.22632 1.19469 0.519468 1.57795 -2.49746 -1.51471 0 0 0 1 1 53560 585.41
42.2654 1 0.00129775 1.2261 1.19475 0.494682 1.56738 -2.521 -1.52453 0 0 0 1 1 53570 585.519
42.2733 1 0.00141588 1.22587 1.19481 0.471712 1.55668 -2.54271 -1.53447 0 0 0 1 1 53580 585.628
42.2812 1 0.00153416 1.22565 1.19486 0.450815 1.54586 -2.56234 -1.54452 0 0 0 1 1 53590 585.738
42.2891 1 0.00165257 1.22543 1.19491 0.43223 1.53496 -2.57965 -1.55465 0 0 0 1 1 53600 585.847
42.2969 1 0.00177111 1.22521 1.19496 0.416175 1.524 -2.59442 -1.56484 0 0 0 1 1 53610 585.956
42.3048 1 0.00188976 1.22499 1.19501 0.402846 1.513 -2.60646 -1.57506 0 0 0 1 1 53620 586.066
42.3127 1 0.00200851 1.22478 1.19505 0.392409 1.50199 -2.61561 -1.58529 0 0 0 1 1 53630 586.175
42.3206 1 0.00212735 1.22457 1.1951 0.385 1.49101 -2.62172 -1.59548 0 0 0 1 1 53640 586.284
42.3285 1 0.00224628 1.22435 1.19514 0.380719 1.48008 -2.6247 -1.60562 0 0 0 1 1 53650 586.393
42.3364 1 0.00236528 1.22414 1.19518 0.379628 1.46923 -2.62449 -1.61567 0 0 0 1 1 53660 586.503
42.3443 1 0.00248435 1.22394 1.19521 0.381749 1.45849 -2.62107 -1.6256 0 0 0 1 1 53670 586.612
42.3522 1 0.00260349 1.22373 1.19525 0.387058 1.4479 -2.61446 -1.63538 0 0 0 1 1 53680 586.721
42.3601 1 0.00272268 1.22353 1.19528 0.395489 1.43748 -2.60473 -1.64499 0 0 0 1 1 53690 586.83
42.368 1 0.00284193 1.22333 1.19531 0.406926 1.42727 -2.59201 -1.65438 0 0 0 1 1 53700 586.939
42.3758 1 0.00296123 1.22313 1.19534 0.42121 1.41728 -2.57644 -1.66355 0 0 0 1 1 53710 587.049
42.3837 1 0.00308059 1.22293 1.19536 0.438134 1.40755 -2.55825 -1.67245 0 0 0 1 1 53720 587.158
42.3916 1 0.00319999 1.22273 1.19538 0.457446 1.3981 -2.53767 -1.68108 0 0 0 1 1 53730 587.267
42.3995 1 0.00331945 1.22254 1.1954 0.478857 1.38893 -2.51501 -1.6894 0 0 0 1 1 53740 587.376
42.4074 1 0.00343896 1.22235 1.19542 0.502037 1.38008 -2.49059 -1.69741 0 0 0 1 1 53750 587.486
42.4153 1 0.00355853 1.22216 1.19544 0.526625 1.37156 -2.46477 -1.70509 0 0 0 1 1 53760 587.595
42.4232 1 0.00367815 1.22198 1.19545 0.552231 1.36337 -2.43795 -1.71244 0 0 0 1 1 53770 587.704
42.4311 1 0.00379783 1.22179 1.19546 0.578446 1.35551 -2.41054 -1.71945 0 0 0 1 1 53780 587.813
42.439 1 0.00391757 1.22161 1.19546 0.604848 1.34799 -2.38295 -1.72611 0 0 0 1 1 53790 587.923
42.4469 1 0.00403737 1.22143 1.19547 0.631005 1.34081 -2.35562 -1.73244 0 0 0 1 1 53800 588.032
42.4547 1 0.00415724 1.22125 1.19547 0.65649 1.33395 -2.32897 -1.73844 0 0 0 1 1 53810 588.141
42.4626 1 0.00427718 1.22108 1.19546 0.680882 1.3274 -2.30343 -1.74412 0 0 0 1 1 53820 588.251
42.4705 1 0.00439718 1.22091 1.19546 0.703777 1.32115 -2.2794 -1.74951 0 0 0 1 1 53830 588.36
42.4784 1 0.00451725 1.22074 1.19545 0.724795 1.31518 -2.25726 -1.75461 0 0 0 1 1 53840 588.47
42.4863 1 0.00463739 1.22057 1.19544 0.743587 1.30946 -2.23735 -1.75945 0 0 0 1 1 53850 588.579
42.4942 1 0.0047576 1.2204 1.19543 0.759841 1.30397 -2.22 -1.76407 0 0 0 1 1 53860 588.689
42.5021 1 0.00487787 1.22024 1.19541 0.773287 1.29868 -2.20545 -1.76849 0 0 0 1 1 53870 588.798
42.51 1 0.00499821 1.22008 1.19539 0.783703 1.29356 -2.19395 -1.77273 0 0 0 1 1 53880 588.907
42.5179 1 0.00511861 1.21992 1.19537 0.790917 1.28857 -2.18565 -1.77683 0 0 0 1 1 53890 589.017
42.5258 1 0.00523906 1.21977 1.19535 0.794813 1.28369 -2.18067 -1.78084 0 0 0 1 1 53900 589.126
42.5336 1 0.00535956 1.21962 1.19532 0.79533 1.27887 -2.17907 -1.78477 0 0 0 1 1 53910 589.235
42.5415 1 0.00548011 1.21947 1.19529 0.792462 1.27409 -2.18086 -1.78866 0 0 0 1 1 53920 589.344
42.5494 1 0.00560068 1.21932 1.19525 0.786262 1.26931 -2.18598 -1.79255 0 0 0 1 1 53930 589.454
42.5573 1 0.00572128 1.21918 1.19522 0.776835 1.2645 -2.19432 -1.79648 0 0 0 1 1 53940 589.563
42.5652 1 0.00584189 1.21904 1.19518 0.76434 1.25963 -2.20572 -1.80046 0 0 0 1 1 53950 589.673
42.5731 1 0.0059625 1.2189 1.19513 0.748983 1.25466 -2.21998 -1.80453 0 0 0 1 1 53960 589.782
42.581 1 0.0060831 1.21876 1.19509 0.731016 1.24958 -2.23685 -1.80872 0 0 0 1 1 53970 589.892
42.5889 1 0.00620366 1.21863 1.19504 0.71073 1.24436 -2.25602 -1.81304 0 0 0 1 1 53980 590.001
42.5968 1 0.00632419 1.2185 1.19499 0.688449 1.23898 -2.27717 -1.81752 0 0 0 1 1 53990 590.11
42.6046 1 0.00644466 1.21837 1.19494 0.664526 1.23342 -2.29996 -1.82218 0 0 0 1 1 54000 590.22
42.6125 1 0.00656505 1.21825 1.19488 0.639333 1.22767 -2.32401 -1.82702 0 0 0 1 1 54010 590.329
42.6204 1 0.00668536 1.21813 1.19482 0.613258 1.22173 -2.34892 -1.83205 0 0 0 1 1 54020 590.438
42.6283 1 0.00680556 1.21801 1.19476 0.586697 1.21559 -2.37432 -1.83729 0 0 0 1 1 54030 590.547
42.6362 1 0.00692563 1.21789 1.19469 0.560044 1.20924 -2.39978 -1.84272 0 0 0 1 1 54040 590.657
42.6441 1 0.00704556 1.21778 1.19462 0.533688 1.2027 -2.42494 -1.84835 0 0 0 1 1 54050 590.766
42.652 1 0.00716533 1.21767 1.19455 0.508006 1.19596 -2.44942 -1.85417 0 0 0 1 1 54060 590.875
42.6599 1 0.00728493 1.21756 1.19448 0.483357 1.18904 -2.47284 -1.86017 0 0 0 1 1 54070 590.985
42.6678 1 0.00740434 1.21746 1.1944 0.460075 1.18195 -2.49489 -1.86633 0 0 0 1 1 54080 591.094
42.6757 1 0.00752354 1.21736 1.19432 0.438466 1.17472 -2.51526 -1.87264 0 0 0 1 1 54090 591.203
42.6835 1 0.00764252 1.21726 1.19424 0.418802 1.16735 -2.53367 -1.87908 0 0 0 1 1 54100 591.312
42.6914 1 0.00776127 1.21716 1.19415 0.401319 1.15987 -2.5499 -1.88563 0 0 0 1 1 54110 591.422
42.6993 1 0.00787976 1.21707 1.19406 0.386215 1.15231 -2.56373 -1.89225 0 0 0 1 1 54120 591.531
42.7072 1 0.007998 1.21698 1.19397 0.373645 1.14468 -2.57503 -1.89894 0 0 0 1 1 54130 591.64
42.7151 1 0.00811596 1.21689 1.19388 0.363722 1.13702 -2.58367 -1.90565 0 0 0 1 1 54140 591.749
42.723 1 0.00823363 1.21681 1.19378 0.356516 1.12936 -2.5896 -1.91237 0 0 0 1 1 54150 591.859
42.7309 1 0.00835101 1.21672 1.19368 0.352055 1.12171 -2.59277 -1.91907 0 0 0 1 1 54160 591.968
42.7388 1 0.00846809 1.21665 1.19357 0.350324 1.11411 -2.59322 -1.92572 0 0 0 1 1 54170 592.077
42.7467 1 0.00858486 1.21657 1.19347 0.351267 1.10658 -2.59099 -1.93229 0 0 0 1 1 54180 592.186
42.7546 1 0.00870131 1.2165 1.19336 0.35479 1.09915 -2.58618 -1.93876 0 0 0 1 1 54190 592.296
42.7624 1 0.00881744 1.21643 1.19324 0.360763 1.09184 -2.57893 -1.94511 0 0 0 1 1 54200 592.405
42.7703 1 0.00893324 1.21636 1.19313 0.369023 1.08467 -2.56939 -1.95131 0 0 0 1 1 54210 592.514
42.7782 1 0.0090487 1.21629 1.19301 0.379377 1.07767 -2.55777 -1.95734 0 0 0 1 1 54220 592.623
42.7861 1 0.00916383 1.21623 1.19289 0.391606 1.07085 -2.54428 -1.96319 0 0 0 1 1 54230 592.733
42.794 1 0.00927862 1.21617 1.19277 0.40547 1.06423 -2.52916 -1.96884 0 0 0 1 1 54240 592.842
42.8019 1 0.00939307 1.21612 1.19264 0.420708 1.05781 -2.51267 -1.97428 0 0 0 1 1 54250 592.951
42.8098 1 0.00950717 1.21606 1.19251 0.437046 1.05162 -2.49509 -1.97949 0 0 0 1 1 54260 593.06
42.8177 1 0.00962092 1.21601 1.19238 0.454202 1.04565 -2.4767 -1.98447 0 0 0 1 1 54270 593.169
42.8256 1 0.00973433 1.21596 1.19224 0.471885 1.03992 -2.4578 -1.98923 0 0 0 1 1 54280 593.279
42.8335 1 0.00984739 1.21592 1.19211 0.489804 1.03441 -2.43866 -1.99374 0 0 0 1 1 54290 593.388
42.8413 1 0.00996009 1.21587 1.19197 0.507669 1.02914 -2.41959 -1.99803 0 0 0 1 1 54300 593.497
42.8492 1 0.0100725 1.21583 1.19183 0.525197 1.02409 -2.40087 -2.00208 0 0 0 1 1 54310 593.606
42.8571 1 0.0101845 1.2158 1.19168 0.542114 1.01926 -2.38277 -2.00591 0 0 0 1 1 54320 593.716
42.865 1 0.0102961 1.21576 1.19154 0.558157 1.01465 -2.36555 -2.00954 0 0 0 1 1 54330 593.825
42.8729 1 0.0104074 1.21573 1.19139 0.57308 1.01023 -2.34946 -2.01296 0 0 0 1 1 54340 593.934
42.8808 1 0.0105183 1.2157 1.19124 0.586655 1.00599 -2.33472 -2.0162 0 0 0 1 1 54350 594.043
42.8887 1 0.0106289 1.21567 1.19109 0.598675 1.00192 -2.32155 -2.01926 0 0 0 1 1 54360 594.153
42.8966 1 0.0107391 1.21565 1.19093 0.608954 0.998005 -2.31012 -2.02218 0 0 0 1 1 54370 594.262
42.9045 1 0.010849 1.21562 1.19078 0.617334 0.994216 -2.3006 -2.02497 0 0 0 1 1 54380 594.372
42.9124 1 0.0109585 1.21561 1.19062 0.623679 0.990536 -2.29312 -2.02764 0 0 0 1 1 54390 594.481
42.9202 1 0.0110676 1.21559 1.19046 0.627882 0.986943 -2.28778 -2.03023 0 0 0 1 1 54400 594.591
42.9281 1 0.0111763 1.21557 1.1903 0.629863 0.983415 -2.28466 -2.03275 0 0 0 1 1 54410 594.7
42.936 1 0.0112846 1.21556 1.19013 0.629573 0.979929 -2.28382 -2.03523 0 0 0 1 1 54420 594.809
42.9439 1 0.0113926 1.21555 1.18997 0.626987 0.976462 -2.28528 -2.03768 0 0 0 1 1 54430 594.919
42.9518 1 0.0115001 1.21554 1.1898 0.622112 0.972992 -2.28902 -2.04014 0 0 0 1 1 54440 595.028
42.9597 1 0.0116073 1.21554 1.18963 0.61498 0.969495 -2.29501 -2.04263 0 0 0 1 1 54450 595.138
42.9676 1 0.011714 1.21554 1.18946 0.605655 0.96595 -2.3032 -2.04516 0 0 0 1 1 54460 595.247
42.9755 1 0.0118203 1.21554 1.18929 0.594223 0.962337 -2.31349 -2.04776 0 0 0 1 1 54470 595.356
42.9834 1 0.0119261 1.21554 1.18912 0.580798 0.958636 -2.32576 -2.05045 0 0 0 1 1 54480 595.466
42.9912 1 0.0120315 1.21554 1.18894 0.56552 0.954828 -2.33988 -2.05324 0 0 0 1 1 54490 595.575
42.9991 1 0.0121365 1.21555 1.18876 0.548549 0.950899 -2.35569 -2.05615 0 0 0 1 1 54500 595.685
43.007 1 0.0122409 1.21556 1.18858 0.53007 0.946832 -2.373 -2.05919 0 0 0 1 1 54510 595.794
43.0149 1 0.0123449 1.21557 1.1884 0.510286 0.942616 -2.3916 -2.06239 0 0 0 1 1 54520 595.903
43.0228 1 0.0124484 1.21558 1.18822 0.489418 0.93824 -2.41127 -2.06574 0 0 0 1 1 54530 596.013
43.0307 1 0.0125514 1.2156 1.18804 0.467706 0.933697 -2.43179 -2.06926 0 0 0 1 1 54540 596.122
43.0386 1 0.0126538 1.21562 1.18785 0.445401 0.928981 -2.45288 -2.07295 0 0 0 1 1 54550 596.232
43.0465 1 0.0127557 1.21564 1.18766 0.422765 0.92409 -2.47429 -2.07681 0 0 0 1 1 54560 596.341
43.0544 1 0.0128571 1.21566 1.18747 0.400069 0.919023 -2.49576 -2.08085 0 0 0 1 1 54570 596.45
43.0623 1 0.0129579 1.21569 1.18728 0.37759 0.913784 -2.51699 -2.08505 0 0 0 1 1 54580 596.56
43.0701 1 0.0130581 1.21571 1.18709 0.355605 0.908377 -2.53772 -2.08942 0 0 0 1 1 54590 596.669
43.078 1 0.0131577 1.21574 1.1869 0.334391 0.90281 -2.55768 -2.09395 0 0 0 1 1 54600 596.778
43.0859 1 0.0132567 1.21577 1.1867 0.314219 0.897094 -2.57657 -2.09863 0 0 0 1 1 54610 596.888
43.0938 1 0.0133552 1.21581 1.1865 0.29535 0.891243 -2.59416 -2.10344 0 0 0 1 1 54620 596.997
43.1017 1 0.0134529 1.21584 1.1863 0.278033 0.885272 -2.61019 -2.10837 0 0 0 1 1 54630 597.106
43.1096 1 0.0135501 1.21588 1.1861 0.262497 0.879198 -2.62443 -2.11339 0 0 0 1 1 54640 597.216
43.1175 1 0.0136465 1.21592 1.1859 0.248952 0.873042 -2.63667 -2.1185 0 0 0 1 1 54650 597.325
43.1254 1 0.0137424 1.21596 1.1857 0.237581 0.866824 -2.64673 -2.12367 0 0 0 1 1 54660 597.435
43.1333 1 0.0138375 1.216 1.18549 0.228539 0.860568 -2.65446 -2.12887 0 0 0 1 1 54670 597.545
43.1412 1 0.013932 1.21604 1.18528 0.221947 0.854298 -2.65973 -2.13408 0 0 0 1 1 54680 597.654
43.149 1 0.0140257 1.21609 1.18507 0.217894 0.848039 -2.66246 -2.13928 0 0 0 1 1 54690 597.763
43.1569 1 0.0141188 1.21614 1.18486 0.216428 0.841815 -2.66261 -2.14444 0 0 0 1 1 54700 597.873
43.1648 1 0.0142112 1.21619 1.18465 0.217561 0.835652 -2.66016 -2.14954 0 0 0 1 1 54710 597.983
43.1727 1 0.0143029 1.21624 1.18444 0.221264 0.829576 -2.65514 -2.15455 0 0 0 1 1 54720 598.094
43.1806 1 0.0143939 1.21629 1.18422 0.227467 0.823609 -2.64762 -2.15945 0 0 0 1 1 54730 598.204
43.1885 1 0.0144842 1.21635 1.184 0.236063 0.817775 -2.63771 -2.16421 0 0 0 1 1 54740 598.314
43.1964 1 0.0145737 1.2164 1.18378 0.246904 0.812096 -2.62557 -2.16882 0 0 0 1 1 54750 598.424
43.2043 1 0.0146626 1.21646 1.18356 0.259811 0.806592 -2.61136 -2.17325 0 0 0 1 1 54760 598.534
43.2122 1 0.0147507 1.21652 1.18334 0.274568 0.801279 -2.59532 -2.17748 0 0 0 1 1 54770 598.644
43.2201 1 0.0148381 1.21658 1.18312 0.290933 0.796173 -2.57767 -2.1815 0 0 0 1 1 54780 598.753
43.2279 1 0.0149248 1.21664 1.1829 0.308639 0.791286 -2.55869 -2.18531 0 0 0 1 1 54790 598.863
43.2358 1 0.0150108 1.21671 1.18267 0.327399 0.786628 -2.53867 -2.18888 0 0 0 1 1 54800 598.973
43.2437 1 0.0150961 1.21677 1.18244 0.346911 0.782205 -2.5179 -2.19222 0 0 0 1 1 54810 599.083
43.2516 1 0.0151807 1.21684 1.18222 0.366866 0.778021 -2.49671 -2.19532 0 0 0 1 1 54820 599.193
43.2595 1 0.0152646 1.21691 1.18199 0.386949 0.774076 -2.47539 -2.19817 0 0 0 1 1 54830 599.302
43.2674 1 0.0153478 1.21698 1.18176 0.40685 0.770367 -2.45427 -2.20079 0 0 0 1 1 54840 599.412
43.2753 1 0.0154303 1.21705 1.18152 0.426266 0.766888 -2.43364 -2.20318 0 0 0 1 1 54850 599.522
43.2832 1 0.0155121 1.21712 1.18129 0.444907 0.763631 -2.4138 -2.20534 0 0 0 1 1 54860 599.631
43.2911 1 0.0155933 1.21719 1.18106 0.462499 0.760585 -2.39502 -2.20729 0 0 0 1 1 54870 599.74
43.2989 1 0.0156737 1.21727 1.18082 0.478795 0.757735 -2.37754 -2.20905 0 0 0 1 1 54880 599.85
43.3068 1 0.0157534 1.21734 1.18059 0.49357 0.755066 -2.36159 -2.21062 0 0 0 1 1 54890 599.959
43.3147 1 0.0158325 1.21742 1.18035 0.506632 0.75256 -2.34736 -2.21203 0 0 0 1 1 54900 600.069
43.3226 1 0.0159108 1.21749 1.18011 0.517819 0.750198 -2.33501 -2.2133 0 0 0 1 1 54910 600.178
43.3305 1 0.0159885 1.21757 1.17987 0.527004 0.747958 -2.32467 -2.21444 0 0 0 1 1 54920 600.288
43.3384 1 0.0160655 1.21765 1.17963 0.534097 0.745819 -2.31643 -2.21548 0 0 0 1 1 54930 600.398
43.3463 1 0.0161418 1.21773 1.17939 0.539042 0.74376 -2.31034 -2.21644 0 0 0 1 1 54940 600.508
43.3542 1 0.0162174 1.21781 1.17915 0.541821 0.741758 -2.30641 -2.21734 0 0 0 1 1 54950 600.617
43.3621 1 0.0162924 1.21789 1.1789 0.542449 0.739792 -2.30464 -2.21821 0 0 0 1 1 54960 600.736
43.37 1 0.0163666 1.21797 1.17866 0.540977 0.73784 -2.30497 -2.21906 0 0 0 1 1 54970 600.846
43.3778 1 0.0164401 1.21806 1.17842 0.537486 0.735881 -2.30732 -2.21992 0 0 0 1 1 54980 600.955
43.3857 1 0.0165129 1.21814 1.17817 0.532086 0.733897 -2.31158 -2.22081 0 0 0 1 1 54990 601.065
43.3936 1 0.016585 1.21822 1.17793 0.524914 0.731869 -2.3176 -2.22173 0 0 0 1 1 55000 601.174
43.4015 1 0.0166563 1.21831 1.17768 0.516129 0.729782 -2.32523 -2.22272 0 0 0 1 1 55010 601.283
43.4094 1 0.016727 1.21839 1.17744 0.505911 0.727621 -2.3343 -2.22378 0 0 0 1 1 55020 601.392
43.4173 1 0.0167969 1.21848 1.17719 0.494456 0.725373 -2.34459 -2.22492 0 0 0 1 1 55030 601.501
43.4252 1 0.016866 1.21857 1.17694 0.481968 0.723029 -2.35592 -2.22616 0 0 0 1 1 55040 601.611
43.4331 1 0.0169344 1.21865 1.1767 0.468665 0.720581 -2.36805 -2.22751 0 0 0 1 1 55050 601.72
43.441 1 0.017002 1.21874 1.17645 0.454764 0.718021 -2.38077 -2.22896 0 0 0 1 1 55060 601.829
43.4489 1 0.0170689 1.21883 1.1762 0.440487 0.715348 -2.39386 -2.23053 0 0 0 1 1 55070 601.938
43.4567 1 0.0171349 1.21892 1.17595 0.426053 0.71256 -2.40711 -2.23221 0 0 0 1 1 55080 602.047
43.4646 1 0.0172002 1.21901 1.1757 0.411672 0.709656 -2.42029 -2.23401 0 0 0 1 1 55090 602.157
43.4725 1 0.0172647 1.2191 1.17546 0.39755 0.706641 -2.43321 -2.23592 0 0 0 1 1 55100 602.266
43.4804 1 0.0173284 1.21919 1.17521 0.383879 0.703518 -2.44567 -2.23793 0 0 0 1 1 55110 602.375
43.4883 1 0.0173912 1.21927 1.17496 0.37084 0.700295 -2.4575 -2.24004 0 0 0 1 1 55120 602.484
43.4962 1 0.0174532 1.21936 1.17471 0.358597 0.696979 -2.46852 -2.24225 0 0 0 1 1 55130 602.593
43.5041 1 0.0175144 1.21945 1.17446 0.347298 0.69358 -2.47859 -2.24453 0 0 0 1 1 55140 602.702
43.512 1 0.0175748 1.21954 1.17421 0.337074 0.690109 -2.48758 -2.24689 0 0 0 1 1 55150 602.811
43.5199 1 0.0176343 1.21963 1.17396 0.328037 0.686578 -2.49538 -2.24931 0 0 0 1 1 55160 602.921
43.5278 1 0.0176929 1.21972 1.17371 0.32028 0.682999 -2.5019 -2.25177 0 0 0 1 1 55170 603.03
43.5356 1 0.0177506 1.21981 1.17347 0.313875 0.679387 -2.50707 -2.25427 0 0 0 1 1 55180 603.139
43.5435 1 0.0178075 1.2199 1.17322 0.308877 0.675754 -2.51082 -2.25678 0 0 0 1 1 55190 603.248
43.5514 1 0.0178636 1.21999 1.17297 0.305318 0.672116 -2.51313 -2.2593 0 0 0 1 1 55200 603.358
43.5593 1 0.0179187 1.22008 1.17272 0.303215 0.668487 -2.51399 -2.26181 0 0 0 1 1 55210 603.467
43.5672 1 0.017973 1.22017 1.17247 0.302564 0.66488 -2.5134 -2.26429 0 0 0 1 1 55220 603.576
43.5751 1 0.0180263 1.22026 1.17223 0.303344 0.66131 -2.51137 -2.26674 0 0 0 1 1 55230 603.685
43.583 1 0.0180788 1.22035 1.17198 0.305516 0.657791 -2.50795 -2.26914 0 0 0 1 1 55240 603.795
43.5909 1 0.0181304 1.22043 1.17174 0.309026 0.654336 -2.5032 -2.27147 0 0 0 1 1 55250 603.904
43.5988 1 0.0181811 1.22052 1.17149 0.313803 0.650956 -2.49718 -2.27372 0 0 0 1 1 55260 604.013
43.6066 1 0.0182309 1.22061 1.17125 0.319765 0.647662 -2.48999 -2.27588 0 0 0 1 1 55270 604.122
43.6145 1 0.0182797 1.22069 1.171 0.326813 0.644467 -2.48171 -2.27795 0 0 0 1 1 55280 604.232
43.6224 1 0.0183277 1.22078 1.17076 0.334839 0.641377 -2.47245 -2.27991 0 0 0 1 1 55290 604.341
43.6303 1 0.0183748 1.22087 1.17052 0.343721 0.638402 -2.46235 -2.28176 0 0 0 1 1 55300 604.45
43.6382 1 0.018421 1.22095 1.17027 0.353329 0.635548 -2.45152 -2.28348 0 0 0 1 1 55310 604.559
43.6461 1 0.0184663 1.22103 1.17003 0.363526 0.63282 -2.44011 -2.28507 0 0 0 1 1 55320 604.668
43.654 1 0.0185107 1.22112 1.16979 0.374164 0.630222 -2.42827 -2.28654 0 0 0 1 1 55330 604.777
43.6619 1 0.0185542 1.2212 1.16956 0.385093 0.627756 -2.41614 -2.28787 0 0 0 1 1 55340 604.887
43.6698 1 0.0185969 1.22128 1.16932 0.396157 0.625424 -2.40388 -2.28907 0 0 0 1 1 55350 604.996
43.6777 1 0.0186386 1.22136 1.16908 0.407197 0.623223 -2.39165 -2.29013 0 0 0 1 1 55360 605.105
43.6855 1 0.0186794 1.22144 1.16885 0.418054 0.621152 -2.37961 -2.29107 0 0 0 1 1 55370 605.214
43.6934 1 0.0187194 1.22152 1.16862 0.428567 0.619207 -2.36792 -2.29188 0 0 0 1 1 55380 605.323
43.7013 1 0.0187584 1.2216 1.16839 0.438581 0.617382 -2.35674 -2.29257 0 0 0 1 1 55390 605.47
43.7092 1 0.0187966 1.22167 1.16815 0.447942 0.61567 -2.34621 -2.29314 0 0 0 1 1 55400 605.579
43.7171 1 0.0188339 1.22175 1.16793 0.456504 0.614063 -2.33649 -2.29361 0 0 0 1 1 55410 605.689
43.725 1 0.0188703 1.22182 1.1677 0.464126 0.612552 -2.32771 -2.29399 0 0 0 1 1 55420 605.798
43.7329 1 0.0189058 1.2219 1.16747 0.470681 0.611125 -2.32001 -2.29428 0 0 0 1 1 55430 605.907
43.7408 1 0.0189405 1.22197 1.16725 0.476049 0.60977 -2.31349 -2.29449 0 0 0 1 1 55440 606.016
43.7487 1 0.0189742 1.22204 1.16703 0.480126 0.608475 -2.30827 -2.29465 0 0 0 1 1 55450 606.125
43.7566 1 0.0190071 1.22211 1.16681 0.482823 0.607225 -2.30443 -2.29476 0 0 0 1 1 55460 606.234
43.7644 1 0.0190391 1.22218 1.16659 0.484068 0.606006 -2.30204 -2.29484 0 0 0 1 1 55470 606.343
43.7723 1 0.0190703 1.22224 1.16637 0.483806 0.604804 -2.30116 -2.29491 0 0 0 1 1 55480 606.452
43.7802 1 0.0191005 1.22231 1.16615 0.482003 0.603602 -2.30182 -2.29497 0 0 0 1 1 55490 606.562
43.7881 1 0.0191299 1.22237 1.16594 0.478644 0.602386 -2.30404 -2.29505 0 0 0 1 1 55500 606.671
43.796 1 0.0191583 1.22244 1.16573 0.473736 0.60114 -2.30781 -2.29516 0 0 0 1 1 55510 606.78
43.8039 1 0.0191859 1.2225 1.16552 0.467309 0.59985 -2.31309 -2.29531 0 0 0 1 1 55520 606.889
43.8118 1 0.0192126 1.22256 1.16531 0.459414 0.598502 -2.31983 -2.29552 0 0 0 1 1 55530 606.998
43.8197 1 0.0192384 1.22262 1.1651 0.450125 0.597081 -2.32797 -2.29581 0 0 0 1 1 55540 607.107
43.8276 1 0.0192634 1.22268 1.1649 0.439537 0.595575 -2.3374 -2.29617 0 0 0 1 1 55550 607.216
43.8355 1 0.0192874 1.22273 1.16469 0.427766 0.593974 -2.34801 -2.29664 0 0 0 1 1 55560 607.326
43.8433 1 0.0193104 1.22278 1.16449 0.414945 0.592266 -2.35967 -2.29721 0 0 0 1 1 55570 607.435
43.8512 1 0.0193326 1.22284 1.16429 0.401229 0.590444 -2.37221 -2.29789 0 0 0 1 1 55580 607.544
43.8591 1 0.0193539 1.22289 1.16409 0.386786 0.5885 -2.38547 -2.29869 0 0 0 1 1 55590 607.653
43.867 1 0.0193742 1.22294 1.1639 0.371797 0.58643 -2.39928 -2.29962 0 0 0 1 1 55600 607.763
43.8749 1 0.0193936 1.22298 1.1637 0.356455 0.58423 -2.41342 -2.30068 0 0 0 1 1 55610 607.872
43.8828 1 0.0194121 1.22303 1.16351 0.340961 0.5819 -2.42772 -2.30187 0 0 0 1 1 55620 607.981
43.8907 1 0.0194296 1.22307 1.16332 0.325521 0.57944 -2.44195 -2.30319 0 0 0 1 1 55630 608.09
43.8986 1 0.0194462 1.22312 1.16313 0.310341 0.576854 -2.45592 -2.30463 0 0 0 1 1 55640 608.199
43.9065 1 0.0194618 1.22316 1.16295 0.295625 0.574145 -2.46941 -2.3062 0 0 0 1 1 55650 608.308
43.9143 1 0.0194765 1.22319 1.16276 0.281573 0.571322 -2.48223 -2.30788 0 0 0 1 1 55660 608.418
43.9222 1 0.0194902 1.22323 1.16258 0.268376 0.568392 -2.4942 -2.30966 0 0 0 1 1 55670 608.527
43.9301 1 0.0195029 1.22327 1.1624 0.256212 0.565367 -2.50512 -2.31154 0 0 0 1 1 55680 608.636
43.938 1 0.0195146 1.2233 1.16222 0.245246 0.562258 -2.51484 -2.31351 0 0 0 1 1 55690 608.745
43.9459 1 0.0195254 1.22333 1.16204 0.235621 0.559079 -2.52322 -2.31554 0 0 0 1 1 55700 608.854
43.9538 1 0.0195351 1.22336 1.16187 0.227465 0.555843 -2.53012 -2.31763 0 0 0 1 1 55710 608.963
43.9617 1 0.0195439 1.22339 1.1617 0.220878 0.552568 -2.53545 -2.31975 0 0 0 1 1 55720 609.072
43.9696 1 0.0195517 1.22341 1.16153 0.215941 0.549269 -2.53913 -2.3219 0 0 0 1 1 55730 609.182
43.9775 1 0.0195585 1.22343 1.16136 0.212707 0.545964 -2.54111 -2.32405 0 0 0 1 1 55740 609.291
43.9854 1 0.0195644 1.22345 1.1612 0.211201 0.542668 -2.54135 -2.3262 0 0 0 1 1 55750 609.4
43.9932 1 0.0195692 1.22347 1.16103 0.211426 0.539399 -2.53987 -2.32831 0 0 0 1 1 55760 609.509
44.0011 1 0.019573 1.22349 1.16087 0.213356 0.536174 -2.53668 -2.33038 0 0 0 1 1 55770 609.618
44.009 1 0.0195759 1.22351 1.16071 0.21694 0.533009 -2.53184 -2.33239 0 0 0 1 1 55780 609.727
44.0169 1 0.0195777 1.22352 1.16056 0.222103 0.529919 -2.52542 -2.33432 0 0 0 1 1 55790 609.837
44.0248 1 0.0195786 1.22353 1.1604 0.228748 0.526919 -2.51753 -2.33617 0 0 0 1 1 55800 609.946
44.0327 1 0.0195785 1.22354 1.16025 0.236758 0.524021 -2.50827 -2.33791 0 0 0 1 1 55810 610.055
44.0406 1 0.0195774 1.22354 1.1601 0.245998 0.521238 -2.49779 -2.33953 0 0 0 1 1 55820 610.164
44.0485 1 0.0195753 1.22355 1.15995 0.256315 0.518579 -2.48624 -2.34103 0 0 0 1 1 55830 610.273
44.0564 1 0.0195722 1.22355 1.15981 0.267548 0.516053 -2.47378 -2.34239 0 0 0 1 1 55840 610.382
44.0643 1 0.0195682 1.22355 1.15966 0.279523 0.513667 -2.46058 -2.34362 0 0 0 1 1 55850 610.492
44.0721 1 0.0195633 1.22354 1.15952 0.292062 0.511426 -2.44683 -2.3447 0 0 0 1 1 55860 610.601
44.08 1 0.0195573 1.22354 1.15938 0.304982 0.509333 -2.4327 -2.34563 0 0 0 1 1 55870 610.71
44.0879 1 0.0195505 1.22353 1.15925 0.3181 0.507389 -2.41838 -2.34641 0 0 0 1 1 55880 610.819
44.0958 1 0.0195426 1.22352 1.15911 0.331237 0.505594 -2.40405 -2.34704 0 0 0 1 1 55890 610.928
44.1037 1 0.0195339 1.22351 1.15898 0.34422 0.503946 -2.38987 -2.34753 0 0 0 1 1 55900 611.037
44.1116 1 0.0195242 1.2235 1.15885 0.356881 0.50244 -2.37603 -2.34787 0 0 0 1 1 55910 611.146
44.1195 1 0.0195136 1.22348 1.15873 0.369066 0.501071 -2.36267 -2.34807 0 0 0 1 1 55920 611.256
44.1274 1 0.0195021 1.22346 1.1586 0.380631 0.499833 -2.34994 -2.34815 0 0 0 1 1 55930 611.365
44.1353 1 0.0194897 1.22344 1.15848 0.391448 0.498717 -2.33796 -2.3481 0 0 0 1 1 55940 611.474
44.1432 1 0.0194763 1.22342 1.15836 0.401404 0.497714 -2.32685 -2.34794 0 0 0 1 1 55950 611.583
44.151 1 0.0194621 1.22339 1.15825 0.410401 0.496814 -2.3167 -2.34767 0 0 0 1 1 55960 611.692
44.1589 1 0.0194469 1.22336 1.15813 0.418361 0.496006 -2.3076 -2.34732 0 0 0 1 1 55970 611.801
44.1668 1 0.0194309 1.22333 1.15802 0.425222 0.495278 -2.29959 -2.34688 0 0 0 1 1 55980 611.91
44.1747 1 0.019414 1.2233 1.15791 0.430939 0.494619 -2.29274 -2.34638 0 0 0 1 1 55990 612.019
44.1826 1 0.0193962 1.22326 1.15781 0.435487 0.494017 -2.28706 -2.34582 0 0 0 1 1 56000 612.129
44.1905 1 0.0193775 1.22322 1.1577 0.438857 0.493459 -2.28255 -2.34521 0 0 0 1 1 56010 612.238
44.1984 1 0.0193579 1.22318 1.1576 0.441055 0.492934 -2.27922 -2.34457 0 0 0 1 1 56020 612.347
44.2063 1 0.0193375 1.22314 1.1575 0.442104 0.492429 -2.27705 -2.34392 0 0 0 1 1 56030 612.456
44.2142 1 0.0193162 1.22309 1.1574 0.442041 0.491933 -2.27598 -2.34325 0 0 0 1 1 56040 612.565
44.222 1 0.019294 1.22305 1.15731 0.440914 0.491436 -2.27598 -2.34259 0 0 0 1 1 56050 612.674
44.2299 1 0.0192709 1.223 1.15722 0.438787 0.490927 -2.27698 -2.34194 0 0 0 1 1 56060 612.784
44.2378 1 0.019247 1.22294 1.15713 0.435729 0.490397 -2.27891 -2.3413 0 0 0 1 1 56070 612.893
44.2457 1 0.0192223 1.22289 1.15704 0.431822 0.489837 -2.28168 -2.3407 0 0 0 1 1 56080 613.004
44.2536 1 0.0191966 1.22283 1.15696 0.427153 0.48924 -2.28522 -2.34014 0 0 0 1 1 56090 613.114
44.2615 1 0.0191701 1.22277 1.15687 0.421816 0.4886 -2.28942 -2.33962 0 0 0 1 1 56100 613.224
44.2694 1 0.0191427 1.22271 1.1568 0.415907 0.48791 -2.2942 -2.33915 0 0 0 1 1 56110 613.333
44.2773 1 0.0191145 1.22265 1.15672 0.409528 0.487165 -2.29944 -2.33874 0 0 0 1 1 56120 613.442
44.2852 1 0.0190853 1.22258 1.15664 0.402781 0.486363 -2.30504 -2.33838 0 0 0 1 1 56130 613.552
44.2931 1 0.0190554 1.22251 1.15657 0.395769 0.485501 -2.31091 -2.33808 0 0 0 1 1 56140 613.662
44.3009 1 0.0190245 1.22244 1.1565 0.388594 0.484578 -2.31694 -2.33785 0 0 0 1 1 56150 613.771
44.3088 1 0.0189928 1.22236 1.15643 0.381357 0.483592 -2.32303 -2.33767 0 0 0 1 1 56160 613.88
44.3167 1 0.0189602 1.22229 1.15637 0.374155 0.482544 -2.32907 -2.33756 0 0 0 1 1 56170 613.989
44.3246 1 0.0189268 1.22221 1.15631 0.367083 0.481437 -2.33499 -2.33751 0 0 0 1 1 56180 614.099
44.3325 1 0.0188925 1.22213 1.15625 0.36023 0.480272 -2.34068 -2.33752 0 0 0 1 1 56190 614.208
44.3404 1 0.0188573 1.22204 1.15619 0.353683 0.479053 -2.34607 -2.33758 0 0 0 1 1 56200 614.317
44.3483 1 0.0188212 1.22196 1.15613 0.347519 0.477782 -2.35107 -2.33769 0 0 0 1 1 56210 614.427
44.3562 1 0.0187843 1.22187 1.15608 0.341813 0.476467 -2.35561 -2.33785 0 0 0 1 1 56220 614.537
44.3641 1 0.0187465 1.22178 1.15603 0.33663 0.47511 -2.35962 -2.33804 0 0 0 1 1 56230 614.646
44.372 1 0.0187078 1.22169 1.15598 0.33203 0.473719 -2.36305 -2.33828 0 0 0 1 1 56240 614.755
44.3798 1 0.0186683 1.22159 1.15593 0.328064 0.4723 -2.36584 -2.33854 0 0 0 1 1 56250 614.865
44.3877 1 0.0186279 1.22149 1.15589 0.324777 0.470859 -2.36796 -2.33882 0 0 0 1 1 56260 614.975
44.3956 1 0.0185867 1.22139 1.15585 0.322203 0.469404 -2.36936 -2.33911 0 0 0 1 1 56270 615.084
44.4035 1 0.0185446 1.22129 1.15581 0.320368 0.467942 -2.37002 -2.33941 0 0 0 1 1 56280 615.194
44.4114 1 0.0185016 1.22119 1.15577 0.319292 0.46648 -2.36992 -2.33972 0 0 0 1 1 56290 615.303
44.4193 1 0.0184578 1.22108 1.15574 0.318981 0.465027 -2.36905 -2.34001 0 0 0 1 1 56300 615.413
44.4272 1 0.0184131 1.22097 1.1557 0.319438 0.463589 -2.36742 -2.34029 0 0 0 1 1 56310 615.522
44.4351 1 0.0183675 1.22086 1.15567 0.32065 0.462173 -2.36504 -2.34054 0 0 0 1 1 56320 615.631
44.443 1 0.0183211 1.22075 1.15565 0.3226 0.460788 -2.36192 -2.34077 0 0 0 1 1 56330 615.741
44.4509 1 0.0182739 1.22063 1.15562 0.32526 0.459439 -2.35809 -2.34096 0 0 0 1 1 56340 615.85
44.4587 1 0.0182258 1.22051 1.1556 0.328592 0.458133 -2.35359 -2.3411 0 0 0 1 1 56350 615.96
44.4666 1 0.0181769 1.22039 1.15558 0.33255 0.456877 -2.34846 -2.3412 0 0 0 1 1 56360 616.069
44.4745 1 0.0181272 1.22027 1.15556 0.337081 0.455675 -2.34277 -2.34124 0 0 0 1 1 56370 616.178
44.4824 1 0.0180766 1.22014 1.15554 0.342122 0.454533 -2.33657 -2.34122 0 0 0 1 1 56380 616.287
44.4903 1 0.0180252 1.22002 1.15553 0.347604 0.453454 -2.32993 -2.34114 0 0 0 1 1 56390 616.397
44.4982 1 0.017973 1.21989 1.15552 0.353451 0.452441 -2.32293 -2.34099 0 0 0 1 1 56400 616.507
44.5061 1 0.01792 1.21975 1.15551 0.359581 0.451498 -2.31565 -2.34077 0 0 0 1 1 56410 616.616
44.514 1 0.0178662 1.21962 1.1555 0.365908 0.450626 -2.30818 -2.34049 0 0 0 1 1 56420 616.726
44.5219 1 0.0178116 1.21948 1.1555 0.372342 0.449826 -2.3006 -2.34013 0 0 0 1 1 56430 616.835
44.5297 1 0.0177562 1.21935 1.1555 0.378789 0.449097 -2.29302 -2.33969 0 0 0 1 1 56440 616.944
44.5376 1 0.0177 1.21921 1.1555 0.385155 0.448438 -2.28552 -2.33919 0 0 0 1 1 56450 617.054
44.5455 1 0.017643 1.21906 1.1555 0.391346 0.447848 -2.27819 -2.33862 0 0 0 1 1 56460 617.163
44.5534 1 0.0175853 1.21892 1.1555 0.39727 0.447323 -2.27114 -2.33799 0 0 0 1 1 56470 617.272
44.5613 1 0.0175267 1.21877 1.15551 0.402835 0.44686 -2.26445 -2.33729 0 0 0 1 1 56480 617.383
44.5692 1 0.0174675 1.21862 1.15552 0.407956 0.446454 -2.25821 -2.33654 0 0 0 1 1 56490 617.492
44.5771 1 0.0174075 1.21847 1.15553 0.412551 0.4461 -2.2525 -2.33574 0 0 0 1 1 56500 617.602
44.585 1 0.0173467 1.21832 1.15554 0.416546 0.445792 -2.24739 -2.33489 0 0 0 1 1 56510 617.711
44.5929 1 0.0172852 1.21817 1.15555 0.419874 0.445522 -2.24295 -2.334 0 0 0 1 1 56520 617.821
44.6008 1 0.0172229 1.21801 1.15557 0.422479 0.445284 -2.23923 -2.33308 0 0 0 1 1 56530 617.93
44.6086 1 0.0171599 1.21785 1.15559 0.424313 0.445069 -2.23629 -2.33214 0 0 0 1 1 56540 618.039
44.6165 1 0.0170962 1.21769 1.15561 0.42534 0.444871 -2.23415 -2.33118 0 0 0 1 1 56550 618.148
44.6244 1 0.0170318 1.21753 1.15563 0.425536 0.44468 -2.23285 -2.33022 0 0 0 1 1 56560 618.258
44.6323 1 0.0169667 1.21737 1.15566 0.424888 0.444489 -2.23239 -2.32926 0 0 0 1 1 56570 618.367
44.6402 1 0.0169008 1.2172 1.15568 0.423398 0.444288 -2.23278 -2.3283 0 0 0 1 1 56580 618.476
44.6481 1 0.0168342 1.21703 1.15571 0.421078 0.44407 -2.23399 -2.32737 0 0 0 1 1 56590 618.585
44.656 1 0.016767 1.21686 1.15574 0.417956 0.443827 -2.236 -2.32645 0 0 0 1 1 56600 618.695
44.6639 1 0.016699 1.21669 1.15577 0.41407 0.443551 -2.23878 -2.32558 0 0 0 1 1 56610 618.804
44.6718 1 0.0166303 1.21652 1.1558 0.409471 0.443236 -2.24227 -2.32474 0 0 0 1 1 56620 618.913
44.6797 1 0.016561 1.21635 1.15583 0.404221 0.442875 -2.24641 -2.32395 0 0 0 1 1 56630 619.022
44.6875 1 0.0164909 1.21617 1.15587 0.398393 0.442463 -2.25112 -2.32321 0 0 0 1 1 56640 619.131
44.6954 1 0.0164202 1.21599 1.15591 0.392069 0.441994 -2.25632 -2.32253 0 0 0 1 1 56650 619.241
44.7033 1 0.0163488 1.21581 1.15595 0.38534 0.441466 -2.26193 -2.3219 0 0 0 1 1 56660 619.35
44.7112 1 0.0162766 1.21563 1.15599 0.378303 0.440874 -2.26785 -2.32134 0 0 0 1 1 56670 619.459
44.7191 1 0.0162039 1.21545 1.15603 0.371059 0.440218 -2.27397 -2.32085 0 0 0 1 1 56680 619.568
44.727 1 0.0161304 1.21527 1.15607 0.363715 0.439496 -2.28018 -2.32042 0 0 0 1 1 56690 619.678
44.7349 1 0.0160562 1.21508 1.15611 0.356379 0.438709 -2.28639 -2.32006 0 0 0 1 1 56700 619.787
44.7428 1 0.0159814 1.2149 1.15616 0.349157 0.437858 -2.29247 -2.31976 0 0 0 1 1 56710 619.896
44.7507 1 0.0159059 1.21471 1.1562 0.342156 0.436945 -2.29834 -2.31952 0 0 0 1 1 56720 620.005
44.7586 1 0.0158297 1.21452 1.15625 0.33548 0.435974 -2.30387 -2.31934 0 0 0 1 1 56730 620.114
44.7664 1 0.0157529 1.21433 1.1563 0.329225 0.434948 -2.30898 -2.31922 0 0 0 1 1 56740 620.224
44.7743 1 0.0156754 1.21414 1.15635 0.323485 0.433874 -2.31358 -2.31914 0 0 0 1 1 56750 620.333
44.7822 1 0.0155972 1.21394 1.1564 0.318342 0.432757 -2.31757 -2.31911 0 0 0 1 1 56760 620.442
44.7901 1 0.0155184 1.21375 1.15645 0.313872 0.431604 -2.32089 -2.31911 0 0 0 1 1 56770 620.552
44.798 1 0.0154389 1.21355 1.15651 0.310138 0.430423 -2.32347 -2.31915 0 0 0 1 1 56780 620.661
44.8059 1 0.0153588 1.21336 1.15656 0.307194 0.42922 -2.32527 -2.3192 0 0 0 1 1 56790 620.77
44.8138 1 0.015278 1.21316 1.15662 0.305082 0.428004 -2.32622 -2.31927 0 0 0 1 1 56800 620.879
44.8217 1 0.0151966 1.21296 1.15667 0.30383 0.426785 -2.32632 -2.31934 0 0 0 1 1 56810 620.989
44.8296 1 0.0151145 1.21276 1.15673 0.303456 0.42557 -2.32554 -2.3194 0 0 0 1 1 56820 621.098
44.8374 1 0.0150318 1.21256 1.15679 0.303962 0.424367 -2.32389 -2.31945 0 0 0 1 1 56830 621.207
44.8453 1 0.0149485 1.21236 1.15685 0.305342 0.423187 -2.32135 -2.31948 0 0 0 1 1 56840 621.317
44.8532 1 0.0148645 1.21215 1.15691 0.307573 0.422036 -2.31797 -2.31948 0 0 0 1 1 56850 621.426
44.8611 1 0.01478 1.21195 1.15697 0.310623 0.420924 -2.31378 -2.31945 0 0 0 1 1 56860 621.535
44.869 1 0.0146948 1.21175 1.15703 0.31445 0.419856 -2.3088 -2.31937 0 0 0 1 1 56870 621.644
44.8769 1 0.014609 1.21154 1.15709 0.318999 0.418841 -2.30311 -2.31923 0 0 0 1 1 56880 621.754
44.8848 1 0.0145226 1.21133 1.15715 0.32421 0.417884 -2.29676 -2.31904 0 0 0 1 1 56890 621.863
44.8927 1 0.0144357 1.21113 1.15722 0.330012 0.416992 -2.28982 -2.31878 0 0 0 1 1 56900 621.972
44.9006 1 0.0143481 1.21092 1.15728 0.336329 0.416168 -2.28237 -2.31846 0 0 0 1 1 56910 622.082
44.9085 1 0.01426 1.21071 1.15735 0.343079 0.415417 -2.27449 -2.31806 0 0 0 1 1 56920 622.191
44.9163 1 0.0141714 1.2105 1.15741 0.350176 0.414742 -2.26627 -2.31758 0 0 0 1 1 56930 622.301
44.9242 1 0.0140822 1.21029 1.15748 0.357532 0.414145 -2.25779 -2.31703 0 0 0 1 1 56940 622.41
44.9321 1 0.0139924 1.21008 1.15754 0.365057 0.413628 -2.24915 -2.3164 0 0 0 1 1 56950 622.519
44.94 1 0.0139021 1.20987 1.15761 0.372663 0.41319 -2.24043 -2.31569 0 0 0 1 1 56960 622.628
44.9479 1 0.0138113 1.20966 1.15768 0.380261 0.412832 -2.23173 -2.3149 0 0 0 1 1 56970 622.738
44.9558 1 0.0137199 1.20944 1.15775 0.387765 0.412551 -2.22312 -2.31403 0 0 0 1 1 56980 622.847
44.9637 1 0.0136281 1.20923 1.15781 0.395092 0.412347 -2.21469 -2.31309 0 0 0 1 1 56990 622.956
44.9716 1 0.0135358 1.20902 1.15788 0.402167 0.412215 -2.20652 -2.31208 0 0 0 1 1 57000 623.065
44.9795 1 0.0134429 1.20881 1.15795 0.408915 0.412153 -2.19868 -2.31099 0 0 0 1 1 57010 623.175
44.9874 1 0.0133496 1.20859 1.15802 0.415272 0.412156 -2.19124 -2.30984 0 0 0 1 1 57020 623.284
44.9952 1 0.0132559 1.20838 1.15809 0.421179 0.412219 -2.18424 -2.30864 0 0 0 1 1 57030 623.393
45.0031 1 0.0131616 1.20816 1.15816 0.426583 0.412337 -2.17776 -2.30737 0 0 0 1 1 57040 623.502
45.011 1 0.0130669 1.20795 1.15822 0.43144 0.412505 -2.17182 -2.30606 0 0 0 1 1 57050 623.612
45.0189 1 0.0129718 1.20774 1.15829 0.435715 0.412715 -2.16647 -2.30471 0 0 0 1 1 57060 623.721
45.0268 1 0.0128762 1.20752 1.15836 0.43938 0.412962 -2.16174 -2.30332 0 0 0 1 1 57070 623.83
45.0347 1 0.0127802 1.20731 1.15843 0.442415 0.41324 -2.15763 -2.3019 0 0 0 1 1 57080 623.939
45.0426 1 0.0126838 1.20709 1.1585 0.444808 0.413541 -2.15417 -2.30046 0 0 0 1 1 57090 624.048
45.0505 1 0.012587 1.20688 1.15857 0.446557 0.413859 -2.15135 -2.299 0 0 0 1 1 57100 624.158
45.0584 1 0.0124898 1.20666 1.15864 0.447664 0.414188 -2.14918 -2.29753 0 0 0 1 1 57110 624.267
45.0663 1 0.0123921 1.20645 1.15871 0.448142 0.414522 -2.14764 -2.29606 0 0 0 1 1 57120 624.376
45.0741 1 0.0122941 1.20623 1.15878 0.448008 0.414853 -2.14671 -2.29459 0 0 0 1 1 57130 624.486
45.082 1 0.0121957 1.20602 1.15884 0.447288 0.415176 -2.14636 -2.29313 0 0 0 1 1 57140 624.595
45.0899 1 0.012097 1.2058 1.15891 0.446011 0.415486 -2.14658 -2.29168 0 0 0 1 1 57150 624.704
45.0978 1 0.0119978 1.20559 1.15898 0.444215 0.415778 -2.14731 -2.29026 0 0 0 1 1 57160 624.813
45.1057 1 0.0118983 1.20537 1.15904 0.44194 0.416047 -2.14852 -2.28885 0 0 0 1 1 57170 624.923
45.1136 1 0.0117984 1.20516 1.15911 0.43923 0.416287 -2.15016 -2.28748 0 0 0 1 1 57180 625.032
45.1215 1 0.0116982 1.20495 1.15918 0.436135 0.416497 -2.15219 -2.28614 0 0 0 1 1 57190 625.141
45.1294 1 0.0115977 1.20474 1.15924 0.432705 0.416672 -2.15455 -2.28483 0 0 0 1 1 57200 625.25
45.1373 1 0.0114968 1.20452 1.15931 0.428996 0.416811 -2.15719 -2.28356 0 0 0 1 1 57210 625.36
45.1451 1 0.0113955 1.20431 1.15937 0.425061 0.41691 -2.16006 -2.28233 0 0 0 1 1 57220 625.469
45.153 1 0.011294 1.2041 1.15943 0.420958 0.416968 -2.16309 -2.28114 0 0 0 1 1 57230 625.578
45.1609 1 0.0111921 1.20389 1.1595 0.416743 0.416984 -2.16623 -2.27999 0 0 0 1 1 57240 625.687
45.1688 1 0.0110898 1.20368 1.15956 0.412473 0.416959 -2.16943 -2.27889 0 0 0 1 1 57250 625.796
45.1767 1 0.0109873 1.20347 1.15962 0.408205 0.416891 -2.17262 -2.27782 0 0 0 1 1 57260 625.906
45.1846 1 0.0108845 1.20326 1.15968 0.403992 0.416783 -2.17575 -2.2768 0 0 0 1 1 57270 626.015
45.1925 1 0.0107813 1.20305 1.15974 0.399888 0.416634 -2.17878 -2.27582 0 0 0 1 1 57280 626.124
45.2004 1 0.0106779 1.20284 1.1598 0.395943 0.416447 -2.18164 -2.27488 0 0 0 1 1 57290 626.233
45.2083 1 0.0105741 1.20264 1.15985 0.392205 0.416225 -2.1843 -2.27398 0 0 0 1 1 57300 626.343
45.2162 1 0.0104701 1.20243 1.15991 0.388717 0.415969 -2.1867 -2.27311 0 0 0 1 1 57310 626.452
45.224 1 0.0103658 1.20223 1.15997 0.385522 0.415682 -2.18881 -2.27227 0 0 0 1 1 57320 626.561
45.2319 1 0.0102612 1.20202 1.16002 0.382655 0.415369 -2.19059 -2.27145 0 0 0 1 1 57330 626.67
45.2398 1 0.0101563 1.20182 1.16008 0.380148 0.415033 -2.19202 -2.27066 0 0 0 1 1 57340 626.78
45.2477 1 0.0100512 1.20162 1.16013 0.378029 0.414677 -2.19305 -2.26989 0 0 0 1 1 57350 626.889
45.2556 1 0.00994582 1.20141 1.16018 0.376319 0.414306 -2.19367 -2.26914 0 0 0 1 1 57360 626.998
45.2635 1 0.00984017 1.20121 1.16023 0.375035 0.413924 -2.19387 -2.2684 0 0 0 1 1 57370 627.107
45.2714 1 0.00973427 1.20101 1.16028 0.37419 0.413536 -2.19362 -2.26766 0 0 0 1 1 57380 627.217
45.2793 1 0.00962813 1.20082 1.16033 0.373788 0.413145 -2.19294 -2.26693 0 0 0 1 1 57390 627.326
45.2872 1 0.00952174 1.20062 1.16038 0.37383 0.412757 -2.19181 -2.26619 0 0 0 1 1 57400 627.435
45.2951 1 0.00941513 1.20042 1.16042 0.374311 0.412375 -2.19024 -2.26545 0 0 0 1 1 57410 627.544
45.3029 1 0.0093083 1.20023 1.16047 0.375219 0.412004 -2.18825 -2.2647 0 0 0 1 1 57420 627.653
45.3108 1 0.00920124 1.20003 1.16051 0.376538 0.411649 -2.18585 -2.26393 0 0 0 1 1 57430 627.763
45.3187 1 0.00909398 1.19984 1.16055 0.378247 0.411311 -2.18305 -2.26315 0 0 0 1 1 57440 627.872
45.3266 1 0.00898651 1.19965 1.1606 0.38032 0.410996 -2.1799 -2.26234 0 0 0 1 1 57450 627.981
45.3345 1 0.00887885 1.19946 1.16064 0.382724 0.410707 -2.17642 -2.26151 0 0 0 1 1 57460 628.09
45.3424 1 0.008771 1.19927 1.16067 0.385424 0.410445 -2.17264 -2.26065 0 0 0 1 1 57470 628.2
45.3503 1 0.00866298 1.19908 1.16071 0.388382 0.410214 -2.1686 -2.25976 0 0 0 1 1 57480 628.309
45.3582 1 0.00855478 1.1989 1.16075 0.391555 0.410016 -2.16436 -2.25884 0 0 0 1 1 57490 628.418
45.3661 1 0.00844641 1.19871 1.16078 0.394897 0.409852 -2.15994 -2.25788 0 0 0 1 1 57500 628.527
45.374 1 0.00833789 1.19853 1.16082 0.398361 0.409723 -2.15541 -2.25689 0 0 0 1 1 57510 628.637
45.3818 1 0.00822922 1.19835 1.16085 0.401899 0.40963 -2.15081 -2.25587 0 0 0 1 1 57520 628.746
45.3897 1 0.00812041 1.19817 1.16088 0.40546 0.409574 -2.14618 -2.25481 0 0 0 1 1 57530 628.855
45.3976 1 0.00801147 1.19799 1.16091 0.408996 0.409552 -2.14158 -2.25371 0 0 0 1 1 57540 628.964
45.4055 1 0.00790241 1.19781 1.16094 0.412456 0.409566 -2.13706 -2.25258 0 0 0 1 1 57550 629.073
45.4134 1 0.00779323 1.19763 1.16097 0.415794 0.409612 -2.13266 -2.25142 0 0 0 1 1 57560 629.183
45.4213 1 0.00768394 1.19746 1.16099 0.418962 0.409691 -2.12844 -2.25022 0 0 0 1 1 57570 629.292
45.4292 1 0.00757456 1.19729 1.16102 0.421918 0.409798 -2.12443 -2.249 0 0 0 1 1 57580 629.401
45.4371 1 0.00746508 1.19712 1.16104 0.424621 0.409933 -2.12068 -2.24775 0 0 0 1 1 57590 629.51
45.445 1 0.00735552 1.19695 1.16106 0.427035 0.410091 -2.11721 -2.24648 0 0 0 1 1 57600 629.619
45.4528 1 0.00724589 1.19678 1.16108 0.429129 0.41027 -2.11407 -2.24519 0 0 0 1 1 57610 629.729
45.4607 1 0.00713618 1.19661 1.1611 0.430874 0.410465 -2.11128 -2.24388 0 0 0 1 1 57620 629.838
45.4686 1 0.00702642 1.19645 1.16111 0.43225 0.410674 -2.10885 -2.24256 0 0 0 1 1 57630 629.947
45.4765 1 0.0069166 1.19629 1.16113 0.433239 0.410893 -2.10682 -2.24123 0 0 0 1 1 57640 630.057
45.4844 1 0.00680674 1.19613 1.16114 0.433833 0.411117 -2.10518 -2.23989 0 0 0 1 1 57650 630.166
45.4923 1 0.00669684 1.19597 1.16115 0.434025 0.411342 -2.10395 -2.23856 0 0 0 1 1 57660 630.276
45.5002 1 0.00658691 1.19581 1.16116 0.433819 0.411565 -2.10311 -2.23723 0 0 0 1 1 57670 630.385
45.5081 1 0.00647695 1.19566 1.16117 0.433222 0.411781 -2.10266 -2.2359 0 0 0 1 1 57680 630.495
45.516 1 0.00636698 1.1955 1.16117 0.432248 0.411988 -2.1026 -2.23459 0 0 0 1 1 57690 630.604
45.5239 1 0.00625699 1.19535 1.16118 0.430917 0.412181 -2.10288 -2.23329 0 0 0 1 1 57700 630.714
45.5317 1 0.006147 1.1952 1.16118 0.429254 0.412357 -2.10351 -2.232 0 0 0 1 1 57710 630.824
45.5396 1 0.00603701 1.19506 1.16118 0.427289 0.412513 -2.10443 -2.23074 0 0 0 1 1 57720 630.934
45.5475 1 0.00592703 1.19491 1.16118 0.425058 0.412647 -2.10561 -2.2295 0 0 0 1 1 57730 631.043
45.5554 1 0.00581706 1.19477 1.16117 0.4226 0.412756 -2.10703 -2.22829 0 0 0 1 1 57740 631.152
45.5633 1 0.00570711 1.19463 1.16117 0.419958 0.412839 -2.10863 -2.2271 0 0 0 1 1 57750 631.262
45.5712 1 0.00559718 1.19449 1.16116 0.417178 0.412894 -2.11036 -2.22594 0 0 0 1 1 57760 631.371
45.5791 1 0.00548729 1.19435 1.16115 0.414308 0.412921 -2.11218 -2.22481 0 0 0 1 1 57770 631.48
45.587 1 0.00537743 1.19422 1.16114 0.411398 0.412919 -2.11405 -2.22371 0 0 0 1 1 57780 631.59
45.5949 1 0.00526761 1.19408 1.16113 0.4085 0.412888 -2.1159 -2.22264 0 0 0 1 1 57790 631.699
45.6028 1 0.00515784 1.19395 1.16111 0.405663 0.412829 -2.11768 -2.2216 0 0 0 1 1 57800 631.809
45.6106 1 0.00504812 1.19383 1.16109 0.402939 0.412743 -2.11936 -2.22058 0 0 0 1 1 57810 631.918
45.6185 1 0.00493846 1.1937 1.16107 0.400375 0.412633 -2.12087 -2.21959 0 0 0 1 1 57820 632.027
45.6264 1 0.00482887 1.19357 1.16105 0.398019 0.412499 -2.12217 -2.21863 0 0 0 1 1 57830 632.136
45.6343 1 0.00471934 1.19345 1.16103 0.395916 0.412344 -2.12322 -2.21768 0 0 0 1 1 57840 632.246
45.6422 1 0.0046099 1.19333 1.16101 0.394104 0.412172 -2.12398 -2.21675 0 0 0 1 1 57850 632.355
45.6501 1 0.00450053 1.19322 1.16098 0.392622 0.411986 -2.12441 -2.21584 0 0 0 1 1 57860 632.466
45.658 1 0.00439125 1.1931 1.16095 0.391501 0.411789 -2.12448 -2.21494 0 0 0 1 1 57870 632.576
45.6659 1 0.00428207 1.19299 1.16092 0.390768 0.411584 -2.12416 -2.21405 0 0 0 1 1 57880 632.685
45.6738 1 0.00417299 1.19288 1.16088 0.390446 0.411377 -2.12343 -2.21316 0 0 0 1 1 57890 632.795
45.6817 1 0.00406401 1.19277 1.16085 0.390551 0.411171 -2.12227 -2.21227 0 0 0 1 1 57900 632.904
45.6895 1 0.00395515 1.19266 1.16081 0.391094 0.41097 -2.12068 -2.21137 0 0 0 1 1 57910 633.013
45.6974 1 0.00384642 1.19256 1.16077 0.392078 0.410779 -2.11864 -2.21047 0 0 0 1 1 57920 633.122
45.7053 1 0.00373781 1.19245 1.16073 0.393504 0.410602 -2.11617 -2.20955 0 0 0 1 1 57930 633.232
45.7132 1 0.00362933 1.19235 1.16069 0.395364 0.410443 -2.11326 -2.20861 0 0 0 1 1 57940 633.344
45.7211 1 0.003521 1.19226 1.16064 0.397646 0.410306 -2.10993 -2.20765 0 0 0 1 1 57950 633.464
45.729 1 0.00341282 1.19216 1.16059 0.400331 0.410196 -2.1062 -2.20667 0 0 0 1 1 57960 633.573
45.7369 1 0.0033048 1.19207 1.16054 0.403395 0.410115 -2.10209 -2.20566 0 0 0 1 1 57970 633.683
45.7448 1 0.00319695 1.19198 1.16049 0.406812 0.410067 -2.09764 -2.20461 0 0 0 1 1 57980 633.792
45.7527 1 0.00308927 1.19189 1.16044 0.410548 0.410055 -2.09286 -2.20353 0 0 0 1 1 57990 633.901
45.7606 1 0.00298177 1.19181 1.16038 0.414567 0.410081 -2.08781 -2.20241 0 0 0 1 1 58000 634.011
45.7684 1 0.00287447 1.19172 1.16032 0.418829 0.410149 -2.08251 -2.20125 0 0 0 1 1 58010 634.12
45.7763 1 0.00276736 1.19164 1.16026 0.423292 0.410258 -2.07702 -2.20005 0 0 0 1 1 58020 634.23
45.7842 1 0.00266047 1.19156 1.1602 0.42791 0.410412 -2.07137 -2.19881 0 0 0 1 1 58030 634.34
45.7921 1 0.00255379 1.19149 1.16014 0.432638 0.41061 -2.06562 -2.19752 0 0 0 1 1 58040 634.45
45.8 1 0.00244734 1.19141 1.16007 0.437427 0.410853 -2.05981 -2.19619 0 0 0 1 1 58050 634.559
45.8079 1 0.00234112 1.19134 1.16 0.442231 0.411141 -2.05398 -2.19481 0 0 0 1 1 58060 634.668
45.8158 1 0.00223515 1.19127 1.15993 0.447 0.411474 -2.0482 -2.19339 0 0 0 1 1 58070 634.777
45.8237 1 0.00212943 1.1912 1.15986 0.451689 0.41185 -2.04249 -2.19193 0 0 0 1 1 58080 634.886
45.8316 1 0.00202397 1.19114 1.15978 0.456252 0.412267 -2.03692 -2.19043 0 0 0 1 1 58090 634.996
45.8394 1 0.00191877 1.19108 1.1597 0.460646 0.412725 -2.03152 -2.18888 0 0 0 1 1 58100 635.105
45.8473 1 0.00181386 1.19102 1.15962 0.464828 0.413221 -2.02633 -2.1873 0 0 0 1 1 58110 635.215
45.8552 1 0.00170923 1.19096 1.15954 0.468761 0.413751 -2.02139 -2.18569 0 0 0 1 1 58120 635.324
45.8631 1 0.0016049 1.19091 1.15946 0.47241 0.414313 -2.01674 -2.18404 0 0 0 1 1 58130 635.433
45.871 1 0.00150087 1.19085 1.15937 0.475743 0.414905 -2.01241 -2.18237 0 0 0 1 1 58140 635.543
45.8789 1 0.00139715 1.1908 1.15929 0.478732 0.415521 -2.00843 -2.18067 0 0 0 1 1 58150 635.652
45.8868 1 0.00129375 1.19075 1.1592 0.481355 0.416159 -2.00481 -2.17895 0 0 0 1 1 58160 635.761
45.8947 1 0.00119068 1.19071 1.1591 0.483592 0.416814 -2.00158 -2.17722 0 0 0 1 1 58170 635.871
45.9026 1 0.00108794 1.19067 1.15901 0.485428 0.417483 -1.99875 -2.17547 0 0 0 1 1 58180 635.98
45.9105 1 0.000985547 1.19062 1.15891 0.486855 0.418161 -1.99633 -2.17371 0 0 0 1 1 58190 636.089
45.9183 1 0.000883499 1.19059 1.15882 0.487866 0.418844 -1.99433 -2.17195 0 0 0 1 1 58200 636.199
45.9262 1 0.000781808 1.19055 1.15871 0.488462 0.419529 -1.99275 -2.17019 0 0 0 1 1 58210 636.308
45.9341 1 0.000680479 1.19052 1.15861 0.488645 0.42021 -1.99158 -2.16844 0 0 0 1 1 58220 636.417
45.942 1 0.000579519 1.19048 1.15851 0.488425 0.420884 -1.99081 -2.16669 0 0 0 1 1 58230 636.527
45.9499 1 0.000478935 1.19045 1.1584 0.487815 0.421547 -1.99044 -2.16495 0 0 0 1 1 58240 636.636
45.9578 1 0.000378732 1.19043 1.15829 0.486831 0.422195 -1.99043 -2.16323 0 0 0 1 1 58250 636.745
45.9657 1 0.000278918 1.1904 1.15818 0.485493 0.422825 -1.99078 -2.16153 0 0 0 1 1 58260 636.855
45.9736 1 0.000179497 1.19038 1.15807 0.483826 0.423435 -1.99146 -2.15985 0 0 0 1 1 58270 636.964
45.9815 1 8.04746e-05 1.19036 1.15795 0.481857 0.42402 -1.99245 -2.15819 0 0 0 1 1 58280 637.073
45.9894 1 -1.81428e-05 1.19034 1.15783 0.479618 0.424578 -1.9937 -2.15657 0 0 0 1 1 58290 637.182
45.9972 1 -0.00011635 1.19033 1.15771 0.477139 0.425107 -1.99519 -2.15497 0 0 0 1 1 58300 637.292
46.0051 1 -0.000214143 1.19031 1.15759 0.474457 0.425606 -1.99688 -2.1534 0 0 0 1 1 58310 637.401
46.013 1 -0.000311515 1.1903 1.15747 0.471609 0.426072 -1.99874 -2.15187 0 0 0 1 1 58320 637.51
46.0209 1 -0.000408463 1.19029 1.15734 0.468631 0.426505 -2.00072 -2.15037 0 0 0 1 1 58330 637.62
46.0288 1 -0.000504981 1.19028 1.15722 0.465564 0.426904 -2.0028 -2.1489 0 0 0 1 1 58340 637.729
46.0367 1 -0.000601064 1.19028 1.15709 0.462447 0.427268 -2.00492 -2.14747 0 0 0 1 1 58350 637.838
46.0446 1 -0.000696709 1.19028 1.15696 0.45932 0.427598 -2.00705 -2.14608 0 0 0 1 1 58360 637.947
46.0525 1 -0.000791911 1.19028 1.15682 0.456221 0.427894 -2.00916 -2.14472 0 0 0 1 1 58370 638.057
46.0604 1 -0.000886664 1.19028 1.15669 0.453189 0.428157 -2.01119 -2.1434 0 0 0 1 1 58380 638.166
46.0683 1 -0.000980966 1.19028 1.15655 0.450261 0.428388 -2.01312 -2.1421 0 0 0 1 1 58390 638.275
46.0761 1 -0.00107481 1.19029 1.15641 0.447473 0.428588 -2.01491 -2.14084 0 0 0 1 1 58400 638.384
46.084 1 -0.00116819 1.1903 1.15627 0.444859 0.42876 -2.01653 -2.13961 0 0 0 1 1 58410 638.493
46.0919 1 -0.00126111 1.19031 1.15613 0.442451 0.428906 -2.01794 -2.1384 0 0 0 1 1 58420 638.602
46.0998 1 -0.00135356 1.19032 1.15598 0.440276 0.429027 -2.01911 -2.13722 0 0 0 1 1 58430 638.712
46.1077 1 -0.00144553 1.19033 1.15584 0.43836 0.429127 -2.02002 -2.13606 0 0 0 1 1 58440 638.821
46.1156 1 -0.00153703 1.19035 1.15569 0.436728 0.429209 -2.02066 -2.13492 0 0 0 1 1 58450 638.93
46.1235 1 -0.00162804 1.19036 1.15554 0.435397 0.429276 -2.02099 -2.1338 0 0 0 1 1 58460 639.039
46.1314 1 -0.00171856 1.19038 1.15539 0.434382 0.429331 -2.021 -2.13268 0 0 0 1 1 58470 639.148
46.1393 1 -0.00180858 1.19041 1.15523 0.433697 0.429376 -2.02068 -2.13158 0 0 0 1 1 58480 639.257
46.1471 1 -0.00189811 1.19043 1.15508 0.433349 0.429417 -2.02003 -2.13048 0 0 0 1 1 58490 639.367
46.155 1 -0.00198714 1.19046 1.15492 0.433341 0.429455 -2.01903 -2.12939 0 0 0 1 1 58500 639.476
46.1629 1 -0.00207566 1.19048 1.15476 0.433674 0.429495 -2.0177 -2.12829 0 0 0 1 1 58510 639.585
46.1708 1 -0.00216366 1.19051 1.1546 0.434344 0.42954 -2.01603 -2.1272 0 0 0 1 1 58520 639.694
46.1787 1 -0.00225115 1.19054 1.15444 0.435341 0.429592 -2.01404 -2.12609 0 0 0 1 1 58530 639.803
46.1866 1 -0.00233811 1.19058 1.15428 0.436656 0.429656 -2.01172 -2.12497 0 0 0 1 1 58540 639.912
46.1945 1 -0.00242454 1.19061 1.15412 0.438271 0.429733 -2.00911 -2.12384 0 0 0 1 1 58550 640.021
46.2024 1 -0.00251044 1.19065 1.15395 0.440168 0.429828 -2.00622 -2.12269 0 0 0 1 1 58560 640.131
46.2103 1 -0.0025958 1.19068 1.15379 0.442326 0.429941 -2.00307 -2.12153 0 0 0 1 1 58570 640.24
46.2182 1 -0.0026806 1.19072 1.15362 0.444719 0.430076 -1.99968 -2.12034 0 0 0 1 1 58580 640.349
46.226 1 -0.00276486 1.19076 1.15345 0.44732 0.430234 -1.99609 -2.11913 0 0 0 1 1 58590 640.458
46.2339 1 -0.00284856 1.19081 1.15328 0.450098 0.430418 -1.99232 -2.1179 0 0 0 1 1 58600 640.567
46.2418 1 -0.00293169 1.19085 1.15311 0.453024 0.430628 -1.98841 -2.11664 0 0 0 1 1 58610 640.676
46.2497 1 -0.00301426 1.1909 1.15294 0.456063 0.430865 -1.98439 -2.11535 0 0 0 1 1 58620 640.786
46.2576 1 -0.00309625 1.19094 1.15276 0.459182 0.43113 -1.98029 -2.11404 0 0 0 1 1 58630 640.895
46.2655 1 -0.00317765 1.19099 1.15259 0.462348 0.431424 -1.97614 -2.1127 0 0 0 1 1 58640 641.004
46.2734 1 -0.00325847 1.19104 1.15241 0.465525 0.431746 -1.97198 -2.11133 0 0 0 1 1 58650 641.113
46.2813 1 -0.0033387 1.19109 1.15224 0.468681 0.432097 -1.96785 -2.10993 0 0 0 1 1 58660 641.222
46.2892 1 -0.00341832 1.19115 1.15206 0.471783 0.432474 -1.96378 -2.10851 0 0 0 1 1 58670 641.331
46.2971 1 -0.00349734 1.1912 1.15188 0.4748 0.432878 -1.95979 -2.10706 0 0 0 1 1 58680 641.44
46.3049 1 -0.00357575 1.19126 1.1517 0.477703 0.433308 -1.95591 -2.10559 0 0 0 1 1 58690 641.55
46.3128 1 -0.00365354 1.19131 1.15152 0.480465 0.433761 -1.95218 -2.10409 0 0 0 1 1 58700 641.659
46.3207 1 -0.00373071 1.19137 1.15134 0.483063 0.434235 -1.94862 -2.10257 0 0 0 1 1 58710 641.768
46.3286 1 -0.00380725 1.19143 1.15116 0.485475 0.43473 -1.94524 -2.10104 0 0 0 1 1 58720 641.877
46.3365 1 -0.00388316 1.19149 1.15097 0.487685 0.435243 -1.94207 -2.09948 0 0 0 1 1 58730 641.986
46.3444 1 -0.00395842 1.19155 1.15079 0.489678 0.435771 -1.93911 -2.09791 0 0 0 1 1 58740 642.096
46.3523 1 -0.00403305 1.19162 1.15061 0.491447 0.436312 -1.93638 -2.09633 0 0 0 1 1 58750 642.205
46.3602 1 -0.00410702 1.19168 1.15042 0.492984 0.436864 -1.93389 -2.09474 0 0 0 1 1 58760 642.314
46.3681 1 -0.00418034 1.19175 1.15023 0.49429 0.437425 -1.93162 -2.09314 0 0 0 1 1 58770 642.423
46.376 1 -0.004253 1.19181 1.15005 0.495367 0.437992 -1.92959 -2.09154 0 0 0 1 1 58780 642.532
46.3838 1 -0.004325 1.19188 1.14986 0.496225 0.438562 -1.92777 -2.08993 0 0 0 1 1 58790 642.641
46.3917 1 -0.00439633 1.19195 1.14967 0.496874 0.439135 -1.92617 -2.08833 0 0 0 1 1 58800 642.751
46.3996 1 -0.00446699 1.19202 1.14948 0.497331 0.439707 -1.92476 -2.08672 0 0 0 1 1 58810 642.86
46.4075 1 -0.00453697 1.19209 1.1493 0.497617 0.440276 -1.92352 -2.08511 0 0 0 1 1 58820 642.969
46.4154 1 -0.00460627 1.19216 1.14911 0.497756 0.440843 -1.92243 -2.08352 0 0 0 1 1 58830 643.078
46.4233 1 -0.00467489 1.19223 1.14892 0.497774 0.441404 -1.92146 -2.08192 0 0 0 1 1 58840 643.187
46.4312 1 -0.00474281 1.1923 1.14873 0.497704 0.44196 -1.92057 -2.08033 0 0 0 1 1 58850 643.297
46.4391 1 -0.00481005 1.19238 1.14854 0.497577 0.442509 -1.91975 -2.07875 0 0 0 1 1 58860 643.406
46.447 1 -0.00487658 1.19245 1.14834 0.497428 0.443051 -1.91895 -2.07718 0 0 0 1 1 58870 643.515
46.4548 1 -0.00494242 1.19253 1.14815 0.497296 0.443586 -1.91813 -2.07562 0 0 0 1 1 58880 643.624
46.4627 1 -0.00500755 1.1926 1.14796 0.497217 0.444115 -1.91726 -2.07406 0 0 0 1 1 58890 643.734
46.4706 1 -0.00507198 1.19268 1.14777 0.49723 0.444639 -1.91629 -2.07251 0 0 0 1 1 58900 643.843
46.4785 1 -0.00513569 1.19275 1.14758 0.497373 0.445158 -1.9152 -2.07096 0 0 0 1 1 58910 643.952
46.4864 1 -0.00519869 1.19283 1.14738 0.497685 0.445675 -1.91394 -2.06942 0 0 0 1 1 58920 644.062
46.4943 1 -0.00526097 1.19291 1.14719 0.498201 0.44619 -1.91247 -2.06788 0 0 0 1 1 58930 644.171
46.5022 1 -0.00532253 1.19299 1.147 0.498955 0.446707 -1.91077 -2.06634 0 0 0 1 1 58940 644.28
46.5101 1 -0.00538336 1.19307 1.14681 0.499981 0.447227 -1.9088 -2.06479 0 0 0 1 1 58950 644.389
46.518 1 -0.00544346 1.19315 1.14661 0.501307 0.447755 -1.90653 -2.06324 0 0 0 1 1 58960 644.498
46.5259 1 -0.00550283 1.19323 1.14642 0.50296 0.448291 -1.90393 -2.06168 0 0 0 1 1 58970 644.607
46.5337 1 -0.00556146 1.19331 1.14623 0.504962 0.448841 -1.90099 -2.06011 0 0 0 1 1 58980 644.717
46.5416 1 -0.00561935 1.19339 1.14603 0.50733 0.449407 -1.89768 -2.05853 0 0 0 1 1 58990 644.826
46.5495 1 -0.00567649 1.19347 1.14584 0.510077 0.449993 -1.89399 -2.05692 0 0 0 1 1 59000 644.935
46.5574 1 -0.00573288 1.19355 1.14565 0.513214 0.450602 -1.88991 -2.05529 0 0 0 1 1 59010 645.044
46.5653 1 -0.00578852 1.19363 1.14546 0.516743 0.451238 -1.88545 -2.05364 0 0 0 1 1 59020 645.153
46.5732 1 -0.0058434 1.19372 1.14526 0.520663 0.451905 -1.8806 -2.05195 0 0 0 1 1 59030 645.263
46.5811 1 -0.00589751 1.1938 1.14507 0.524968 0.452606 -1.87536 -2.05023 0 0 0 1 1 59040 645.372
46.589 1 -0.00595086 1.19388 1.14488 0.529645 0.453345 -1.86976 -2.04848 0 0 0 1 1 59050 645.481
46.5969 1 -0.00600343 1.19396 1.14469 0.53468 0.454124 -1.8638 -2.04669 0 0 0 1 1 59060 645.59
46.6048 1 -0.00605522 1.19404 1.1445 0.540049 0.454947 -1.8575 -2.04485 0 0 0 1 1 59070 645.7
46.6126 1 -0.00610624 1.19413 1.14431 0.545729 0.455817 -1.85091 -2.04296 0 0 0 1 1 59080 645.809
46.6205 1 -0.00615646 1.19421 1.14411 0.551687 0.456736 -1.84403 -2.04103 0 0 0 1 1 59090 645.918
46.6284 1 -0.00620589 1.19429 1.14392 0.557892 0.457706 -1.83691 -2.03905 0 0 0 1 1 59100 646.027
46.6363 1 -0.00625452 1.19437 1.14373 0.564304 0.458728 -1.82959 -2.03702 0 0 0 1 1 59110 646.136
46.6442 1 -0.00630235 1.19446 1.14354 0.570885 0.459805 -1.82211 -2.03493 0 0 0 1 1 59120 646.246
46.6521 1 -0.00634936 1.19454 1.14336 0.577591 0.460937 -1.8145 -2.03279 0 0 0 1 1 59130 646.355
46.66 1 -0.00639557 1.19462 1.14317 0.584377 0.462124 -1.80682 -2.0306 0 0 0 1 1 59140 646.464
46.6679 1 -0.00644095 1.1947 1.14298 0.591199 0.463366 -1.7991 -2.02835 0 0 0 1 1 59150 646.573
46.6758 1 -0.00648551 1.19478 1.14279 0.598009 0.464664 -1.7914 -2.02605 0 0 0 1 1 59160 646.682
46.6837 1 -0.00652924 1.19487 1.1426 0.60476 0.466016 -1.78376 -2.02369 0 0 0 1 1 59170 646.792
46.6915 1 -0.00657213 1.19495 1.14242 0.611407 0.46742 -1.77624 -2.02129 0 0 0 1 1 59180 646.901
46.6994 1 -0.00661419 1.19503 1.14223 0.617903 0.468875 -1.76886 -2.01883 0 0 0 1 1 59190 647.01
46.7073 1 -0.0066554 1.19511 1.14205 0.624206 0.470379 -1.76168 -2.01633 0 0 0 1 1 59200 647.119
46.7152 1 -0.00669576 1.19519 1.14186 0.630274 0.471929 -1.75474 -2.01378 0 0 0 1 1 59210 647.228
46.7231 1 -0.00673526 1.19527 1.14168 0.636069 0.473522 -1.74808 -2.01119 0 0 0 1 1 59220 647.338
46.731 1 -0.00677391 1.19535 1.1415 0.641554 0.475155 -1.74173 -2.00856 0 0 0 1 1 59230 647.447
46.7389 1 -0.00681169 1.19543 1.14131 0.646699 0.476824 -1.73572 -2.00589 0 0 0 1 1 59240 647.556
46.7468 1 -0.0068486 1.1955 1.14113 0.651475 0.478525 -1.73009 -2.0032 0 0 0 1 1 59250 647.665
46.7547 1 -0.00688465 1.19558 1.14095 0.655859 0.480255 -1.72485 -2.00048 0 0 0 1 1 59260 647.774
46.7625 1 -0.00691981 1.19566 1.14077 0.659832 0.482008 -1.72002 -1.99773 0 0 0 1 1 59270 647.884
46.7704 1 -0.00695411 1.19574 1.14059 0.663381 0.483782 -1.71562 -1.99497 0 0 0 1 1 59280 647.993
46.7783 1 -0.00698751 1.19581 1.14042 0.666497 0.48557 -1.71166 -1.99219 0 0 0 1 1 59290 648.102
46.7862 1 -0.00702004 1.19589 1.14024 0.669176 0.487369 -1.70813 -1.98941 0 0 0 1 1 59300 648.211
46.7941 1 -0.00705168 1.19596 1.14006 0.67142 0.489174 -1.70504 -1.98662 0 0 0 1 1 59310 648.32
46.802 1 -0.00708242 1.19604 1.13989 0.673237 0.490981 -1.70238 -1.98383 0 0 0 1 1 59320 648.429
46.8099 1 -0.00711228 1.19611 1.13971 0.674638 0.492786 -1.70013 -1.98104 0 0 0 1 1 59330 648.539
46.8178 1 -0.00714124 1.19618 1.13954 0.675642 0.494585 -1.69829 -1.97826 0 0 0 1 1 59340 648.648
46.8257 1 -0.00716931 1.19625 1.13937 0.676271 0.496374 -1.69682 -1.97549 0 0 0 1 1 59350 648.757
46.8336 1 -0.00719648 1.19632 1.1392 0.676551 0.49815 -1.6957 -1.97273 0 0 0 1 1 59360 648.866
46.8414 1 -0.00722275 1.19639 1.13902 0.676516 0.499909 -1.69489 -1.97 0 0 0 1 1 59370 648.975
46.8493 1 -0.00724812 1.19646 1.13886 0.676199 0.501649 -1.69437 -1.96728 0 0 0 1 1 59380 649.085
46.8572 1 -0.00727259 1.19653 1.13869 0.675641 0.503368 -1.69409 -1.96459 0 0 0 1 1 59390 649.194
46.8651 1 -0.00729616 1.1966 1.13852 0.674884 0.505062 -1.694 -1.96192 0 0 0 1 1 59400 649.303
46.873 1 -0.00731882 1.19666 1.13835 0.673974 0.506732 -1.69407 -1.95928 0 0 0 1 1 59410 649.412
46.8809 1 -0.00734059 1.19673 1.13819 0.672958 0.508376 -1.69425 -1.95667 0 0 0 1 1 59420 649.521
46.8888 1 -0.00736145 1.19679 1.13803 0.671886 0.509993 -1.69448 -1.95408 0 0 0 1 1 59430 649.63
46.8967 1 -0.0073814 1.19686 1.13786 0.670809 0.511583 -1.69472 -1.95152 0 0 0 1 1 59440 649.739
46.9046 1 -0.00740046 1.19692 1.1377 0.669779 0.513148 -1.69491 -1.94899 0 0 0 1 1 59450 649.849
46.9125 1 -0.00741861 1.19698 1.13754 0.668847 0.514687 -1.695 -1.94648 0 0 0 1 1 59460 649.958
46.9203 1 -0.00743586 1.19704 1.13739 0.668064 0.516203 -1.69494 -1.944 0 0 0 1 1 59470 650.067
46.9282 1 -0.0074522 1.1971 1.13723 0.667482 0.517697 -1.69469 -1.94155 0 0 0 1 1 59480 650.176
46.9361 1 -0.00746764 1.19715 1.13707 0.667148 0.519172 -1.69418 -1.93911 0 0 0 1 1 59490 650.285
46.944 1 -0.00748218 1.19721 1.13692 0.667108 0.520631 -1.69338 -1.93669 0 0 0 1 1 59500 650.394
46.9519 1 -0.00749581 1.19727 1.13677 0.667407 0.522076 -1.69224 -1.93429 0 0 0 1 1 59510 650.504
46.9598 1 -0.00750853 1.19732 1.13662 0.668085 0.523513 -1.69072 -1.93189 0 0 0 1 1 59520 650.613
46.9677 1 -0.00752035 1.19737 1.13647 0.669179 0.524944 -1.68879 -1.9295 0 0 0 1 1 59530 650.722
46.9756 1 -0.00753127 1.19742 1.13632 0.670721 0.526374 -1.68641 -1.92712 0 0 0 1 1 59540 650.841
46.9835 1 -0.00754128 1.19747 1.13618 0.67274 0.527808 -1.68356 -1.92473 0 0 0 1 1 59550 650.951
46.9914 1 -0.00755039 1.19752 1.13603 0.675258 0.52925 -1.68021 -1.92233 0 0 0 1 1 59560 651.06
46.9992 1 -0.00755858 1.19757 1.13589 0.678294 0.530706 -1.67634 -1.91992 0 0 0 1 1 59570 651.169
47.0071 1 -0.00756587 1.19761 1.13575 0.681859 0.532181 -1.67195 -1.9175 0 0 0 1 1 59580 651.279
47.015 1 -0.00757225 1.19766 1.13561 0.685962 0.533678 -1.66702 -1.91505 0 0 0 1 1 59590 651.388
47.0229 1 -0.00757771 1.1977 1.13547 0.690602 0.535205 -1.66155 -1.91258 0 0 0 1 1 59600 651.497
47.0308 1 -0.00758227 1.19774 1.13534 0.695776 0.536765 -1.65555 -1.91007 0 0 0 1 1 59610 651.606
47.0387 1 -0.00758591 1.19778 1.13521 0.701473 0.538363 -1.64904 -1.90752 0 0 0 1 1 59620 651.716
47.0466 1 -0.00758863 1.19782 1.13507 0.707677 0.540005 -1.64202 -1.90494 0 0 0 1 1 59630 651.825
47.0545 1 -0.00759044 1.19785 1.13495 0.714367 0.541694 -1.63452 -1.9023 0 0 0 1 1 59640 651.934
47.0624 1 -0.00759132 1.19789 1.13482 0.721516 0.543435 -1.62656 -1.89962 0 0 0 1 1 59650 652.043
47.0702 1 -0.00759128 1.19792 1.13469 0.729094 0.545232 -1.61818 -1.89688 0 0 0 1 1 59660 652.153
47.0781 1 -0.00759032 1.19795 1.13457 0.737064 0.547088 -1.60941 -1.89409 0 0 0 1 1 59670 652.262
47.086 1 -0.00758843 1.19798 1.13445 0.745387 0.549006 -1.60029 -1.89123 0 0 0 1 1 59680 652.371
47.0939 1 -0.00758561 1.19801 1.13433 0.75402 0.550989 -1.59087 -1.88831 0 0 0 1 1 59690 652.48
47.1018 1 -0.00758185 1.19804 1.13422 0.762917 0.55304 -1.58118 -1.88533 0 0 0 1 1 59700 652.589
47.1097 1 -0.00757716 1.19806 1.1341 0.77203 0.555159 -1.57129 -1.88227 0 0 0 1 1 59710 652.699
47.1176 1 -0.00757153 1.19808 1.13399 0.78131 0.557347 -1.56123 -1.87915 0 0 0 1 1 59720 652.808
47.1255 1 -0.00756496 1.19811 1.13388 0.790705 0.559607 -1.55107 -1.87596 0 0 0 1 1 59730 652.917
47.1334 1 -0.00755744 1.19813 1.13377 0.800165 0.561937 -1.54084 -1.8727 0 0 0 1 1 59740 653.026
47.1413 1 -0.00754898 1.19814 1.13367 0.809641 0.564337 -1.5306 -1.86938 0 0 0 1 1 59750 653.135
47.1491 1 -0.00753956 1.19816 1.13357 0.819083 0.566808 -1.52041 -1.86598 0 0 0 1 1 59760 653.245
47.157 1 -0.00752919 1.19817 1.13346 0.828444 0.569346 -1.51029 -1.86252 0 0 0 1 1 59770 653.354
47.1649 1 -0.00751787 1.19819 1.13337 0.837682 0.571951 -1.50031 -1.85899 0 0 0 1 1 59780 653.463
47.1728 1 -0.00750559 1.1982 1.13327 0.846754 0.574621 -1.4905 -1.8554 0 0 0 1 1 59790 653.572
47.1807 1 -0.00749234 1.19821 1.13318 0.855626 0.577353 -1.48089 -1.85175 0 0 0 1 1 59800 653.681
47.1886 1 -0.00747813 1.19821 1.13309 0.864264 0.580144 -1.47152 -1.84804 0 0 0 1 1 59810 653.79
47.1965 1 -0.00746296 1.19822 1.133 0.872642 0.582991 -1.46241 -1.84428 0 0 0 1 1 59820 653.9
47.2044 1 -0.00744681 1.19822 1.13291 0.88074 0.585892 -1.45359 -1.84046 0 0 0 1 1 59830 654.009
47.2123 1 -0.0074297 1.19822 1.13283 0.888541 0.588842 -1.44507 -1.8366 0 0 0 1 1 59840 654.118
47.2202 1 -0.00741162 1.19822 1.13275 0.896038 0.591838 -1.43686 -1.8327 0 0 0 1 1 59850 654.227
47.228 1 -0.00739256 1.19822 1.13267 0.903229 0.594877 -1.42896 -1.82875 0 0 0 1 1 59860 654.336
47.2359 1 -0.00737252 1.19822 1.13259 0.910117 0.597955 -1.42137 -1.82477 0 0 0 1 1 59870 654.446
47.2438 1 -0.00735151 1.19821 1.13252 0.916713 0.601069 -1.41407 -1.82075 0 0 0 1 1 59880 654.555
47.2517 1 -0.00732952 1.1982 1.13245 0.923036 0.604216 -1.40705 -1.8167 0 0 0 1 1 59890 654.664
47.2596 1 -0.00730656 1.19819 1.13238 0.929109 0.607393 -1.40028 -1.81262 0 0 0 1 1 59900 654.773
47.2675 1 -0.00728261 1.19818 1.13232 0.934961 0.610597 -1.39373 -1.80852 0 0 0 1 1 59910 654.883
47.2754 1 -0.00725768 1.19817 1.13225 0.940629 0.613827 -1.38738 -1.8044 0 0 0 1 1 59920 654.992
47.2833 1 -0.00723178 1.19815 1.13219 0.946153 0.617079 -1.38117 -1.80025 0 0 0 1 1 59930 655.101
47.2912 1 -0.00720489 1.19814 1.13213 0.951578 0.620354 -1.37506 -1.79609 0 0 0 1 1 59940 655.21
47.2991 1 -0.00717702 1.19812 1.13208 0.956952 0.623649 -1.369 -1.7919 0 0 0 1 1 59950 655.32
47.3069 1 -0.00714817 1.1981 1.13202 0.962328 0.626965 -1.36295 -1.7877 0 0 0 1 1 59960 655.429
47.3148 1 -0.00711834 1.19807 1.13197 0.967761 0.630301 -1.35684 -1.78348 0 0 0 1 1 59970 655.538
47.3227 1 -0.00708753 1.19805 1.13192 0.973305 0.633659 -1.35063 -1.77924 0 0 0 1 1 59980 655.647
47.3306 1 -0.00705574 1.19802 1.13188 0.979017 0.637039 -1.34425 -1.77498 0 0 0 1 1 59990 655.757
47.3385 1 -0.00702297 1.19799 1.13184 0.984954 0.640443 -1.33765 -1.77069 0 0 0 1 1 60000 655.867
47.3464 1 -0.00698921 1.19796 1.1318 0.991168 0.643874 -1.33077 -1.76639 0 0 0 1 1 60010 655.976
47.3543 1 -0.00695447 1.19793 1.13176 0.997714 0.647334 -1.32357 -1.76205 0 0 0 1 1 60020 656.085
47.3622 1 -0.00691875 1.1979 1.13172 1.00464 0.650826 -1.31599 -1.75769 0 0 0 1 1 60030 656.194
47.3701 1 -0.00688205 1.19786 1.13169 1.01199 0.654354 -1.30799 -1.75329 0 0 0 1 1 60040 656.303
47.3779 1 -0.00684437 1.19782 1.13166 1.01981 0.657923 -1.29952 -1.74885 0 0 0 1 1 60050 656.413
47.3858 1 -0.0068057 1.19778 1.13163 1.02813 0.661536 -1.29056 -1.74437 0 0 0 1 1 60060 656.522
47.3937 1 -0.00676605 1.19774 1.13161 1.03698 0.665199 -1.28107 -1.73985 0 0 0 1 1 60070 656.631
47.4016 1 -0.00672542 1.1977 1.13158 1.04639 0.668915 -1.27103 -1.73527 0 0 0 1 1 60080 656.74
47.4095 1 -0.0066838 1.19765 1.13156 1.05636 0.672691 -1.26043 -1.73063 0 0 0 1 1 60090 656.85
47.4174 1 -0.00664119 1.1976 1.13155 1.06691 0.676531 -1.24926 -1.72594 0 0 0 1 1 60100 656.959
47.4253 1 -0.0065976 1.19755 1.13153 1.07804 0.680441 -1.23751 -1.72117 0 0 0 1 1 60110 657.068
47.4332 1 -0.00655302 1.1975 1.13152 1.08974 0.684424 -1.2252 -1.71634 0 0 0 1 1 60120 657.177
47.4411 1 -0.00650744 1.19745 1.13151 1.102 0.688487 -1.21234 -1.71143 0 0 0 1 1 60130 657.287
47.449 1 -0.00646088 1.1974 1.1315 1.11479 0.692634 -1.19895 -1.70643 0 0 0 1 1 60140 657.396
47.4568 1 -0.00641332 1.19734 1.13149 1.12809 0.696868 -1.18507 -1.70135 0 0 0 1 1 60150 657.505
47.4647 1 -0.00636476 1.19728 1.13149 1.14185 0.701195 -1.17072 -1.69618 0 0 0 1 1 60160 657.614
47.4726 1 -0.0063152 1.19722 1.13149 1.15603 0.705617 -1.15596 -1.69092 0 0 0 1 1 60170 657.724
47.4805 1 -0.00626465 1.19716 1.13149 1.17059 0.710137 -1.14083 -1.68557 0 0 0 1 1 60180 657.833
47.4884 1 -0.00621309 1.19709 1.1315 1.18547 0.714758 -1.12539 -1.68011 0 0 0 1 1 60190 657.943
47.4963 1 -0.00616052 1.19703 1.1315 1.20061 0.719482 -1.1097 -1.67456 0 0 0 1 1 60200 658.052
47.5042 1 -0.00610695 1.19696 1.13151 1.21595 0.724309 -1.09382 -1.6689 0 0 0 1 1 60210 658.161
47.5121 1 -0.00605236 1.19689 1.13152 1.23141 0.729241 -1.07781 -1.66314 0 0 0 1 1 60220 658.27
47.52 1 -0.00599676 1.19682 1.13154 1.24694 0.734277 -1.06176 -1.65728 0 0 0 1 1 60230 658.379
47.5279 1 -0.00594015 1.19675 1.13155 1.26246 0.739417 -1.04571 -1.65132 0 0 0 1 1 60240 658.489
47.5357 1 -0.00588252 1.19667 1.13157 1.2779 0.744658 -1.02976 -1.64527 0 0 0 1 1 60250 658.598
47.5436 1 -0.00582386 1.1966 1.13159 1.2932 0.75 -1.01395 -1.63911 0 0 0 1 1 60260 658.707
47.5515 1 -0.00576419 1.19652 1.13161 1.30829 0.755438 -0.998369 -1.63286 0 0 0 1 1 60270 658.816
47.5594 1 -0.00570349 1.19644 1.13164 1.32309 0.76097 -0.983071 -1.62652 0 0 0 1 1 60280 658.926
47.5673 1 -0.00564177 1.19636 1.13166 1.33756 0.766592 -0.968117 -1.62009 0 0 0 1 1 60290 659.035
47.5752 1 -0.00557901 1.19628 1.13169 1.35164 0.772299 -0.953566 -1.61359 0 0 0 1 1 60300 659.144
47.5831 1 -0.00551523 1.19619 1.13172 1.36527 0.778086 -0.939468 -1.607 0 0 0 1 1 60310 659.253
47.591 1 -0.00545042 1.19611 1.13176 1.37841 0.783948 -0.925868 -1.60034 0 0 0 1 1 60320 659.362
47.5989 1 -0.00538458 1.19602 1.13179 1.39102 0.789879 -0.912804 -1.59362 0 0 0 1 1 60330 659.472
47.6068 1 -0.00531771 1.19593 1.13183 1.40306 0.795872 -0.900309 -1.58684 0 0 0 1 1 60340 659.581
47.6146 1 -0.0052498 1.19584 1.13187 1.41452 0.801922 -0.888405 -1.58001 0 0 0 1 1 60350 659.69
47.6225 1 -0.00518087 1.19575 1.13191 1.42538 0.808022 -0.877109 -1.57312 0 0 0 1 1 60360 659.8
47.6304 1 -0.00511091 1.19566 1.13195 1.43563 0.814166 -0.866427 -1.5662 0 0 0 1 1 60370 659.909
47.6383 1 -0.00503991 1.19556 1.13199 1.44527 0.820347 -0.856358 -1.55925 0 0 0 1 1 60380 660.018
47.6462 1 -0.00496789 1.19547 1.13204 1.45432 0.826559 -0.846892 -1.55226 0 0 0 1 1 60390 660.127
47.6541 1 -0.00489484 1.19537 1.13209 1.46278 0.832795 -0.83801 -1.54526 0 0 0 1 1 60400 660.236
47.662 1 -0.00482077 1.19527 1.13214 1.47069 0.839051 -0.829685 -1.53824 0 0 0 1 1 60410 660.346
47.6699 1 -0.00474567 1.19517 1.13219 1.47809 0.84532 -0.821881 -1.53121 0 0 0 1 1 60420 660.455
47.6778 1 -0.00466955 1.19507 1.13224 1.48501 0.851597 -0.814556 -1.52418 0 0 0 1 1 60430 660.564
47.6856 1 -0.00459242 1.19496 1.1323 1.49151 0.857879 -0.807656 -1.51714 0 0 0 1 1 60440 660.674
47.6935 1 -0.00451427 1.19486 1.13235 1.49764 0.864161 -0.801126 -1.51011 0 0 0 1 1 60450 660.783
47.7014 1 -0.00443511 1.19475 1.13241 1.50347 0.870439 -0.7949 -1.50308 0 0 0 1 1 60460 660.892
47.7093 1 -0.00435494 1.19464 1.13247 1.50907 0.876712 -0.788908 -1.49607 0 0 0 1 1 60470 661.002
47.7172 1 -0.00427377 1.19454 1.13253 1.51451 0.882977 -0.783076 -1.48906 0 0 0 1 1 60480 661.111
47.7251 1 -0.0041916 1.19443 1.1326 1.51988 0.889233 -0.777325 -1.48207 0 0 0 1 1 60490 661.22
47.733 1 -0.00410844 1.19431 1.13266 1.52524 0.895481 -0.771573 -1.47509 0 0 0 1 1 60500 661.33
47.7409 1 -0.00402428 1.1942 1.13273 1.5307 0.90172 -0.765737 -1.46812 0 0 0 1 1 60510 661.439
47.7488 1 -0.00393913 1.19409 1.1328 1.53633 0.907953 -0.759732 -1.46116 0 0 0 1 1 60520 661.548
47.7567 1 -0.003853 1.19397 1.13287 1.54221 0.914181 -0.753474 -1.45421 0 0 0 1 1 60530 661.657
47.7645 1 -0.00376589 1.19386 1.13294 1.54843 0.920407 -0.746879 -1.44727 0 0 0 1 1 60540 661.767
47.7724 1 -0.0036778 1.19374 1.13301 1.55508 0.926636 -0.739866 -1.44032 0 0 0 1 1 60550 661.876
47.7803 1 -0.00358874 1.19362 1.13309 1.56222 0.932871 -0.732358 -1.43338 0 0 0 1 1 60560 661.985
47.7882 1 -0.00349872 1.1935 1.13316 1.56994 0.939118 -0.724281 -1.42642 0 0 0 1 1 60570 662.095
47.7961 1 -0.00340772 1.19338 1.13324 1.57829 0.945383 -0.715567 -1.41945 0 0 0 1 1 60580 662.204
47.804 1 -0.00331577 1.19326 1.13332 1.58735 0.951673 -0.706154 -1.41246 0 0 0 1 1 60590 662.313
47.8119 1 -0.00322286 1.19314 1.1334 1.59717 0.957994 -0.695987 -1.40544 0 0 0 1 1 60600 662.422
47.8198 1 -0.00312899 1.19302 1.13348 1.6078 0.964354 -0.685021 -1.39838 0 0 0 1 1 60610 662.532
47.8277 1 -0.00303417 1.19289 1.13357 1.61927 0.97076 -0.673215 -1.39129 0 0 0 1 1 60620 662.677
47.8356 1 -0.0029384 1.19277 1.13365 1.63161 0.977221 -0.660542 -1.38414 0 0 0 1 1 60630 662.786
47.8434 1 -0.00284168 1.19264 1.13374 1.64485 0.983745 -0.646982 -1.37693 0 0 0 1 1 60640 662.895
47.8513 1 -0.00274402 1.19252 1.13383 1.65899 0.99034 -0.632524 -1.36965 0 0 0 1 1 60650 663.005
47.8592 1 -0.0026454 1.19239 1.13392 1.67403 0.997014 -0.617171 -1.3623 0 0 0 1 1 60660 663.114
47.8671 1 -0.00254585 1.19226 1.13401 1.68997 1.00378 -0.600932 -1.35487 0 0 0 1 1 60670 663.223
47.875 1 -0.00244534 1.19213 1.13411 1.70678 1.01063 -0.583828 -1.34734 0 0 0 1 1 60680 663.332
47.8829 1 -0.0023439 1.192 1.1342 1.72443 1.01759 -0.56589 -1.33972 0 0 0 1 1 60690 663.442
47.8908 1 -0.00224151 1.19187 1.1343 1.74289 1.02466 -0.547159 -1.33198 0 0 0 1 1 60700 663.551
47.8987 1 -0.00213818 1.19174 1.1344 1.7621 1.03185 -0.527684 -1.32414 0 0 0 1 1 60710 663.66
47.9066 1 -0.0020339 1.19161 1.1345 1.782 1.03916 -0.507523 -1.31618 0 0 0 1 1 60720 663.769
47.9145 1 -0.00192867 1.19147 1.1346 1.80254 1.04659 -0.486743 -1.30809 0 0 0 1 1 60730 663.878
47.9223 1 -0.0018225 1.19134 1.13471 1.82363 1.05416 -0.465415 -1.29988 0 0 0 1 1 60740 663.988
47.9302 1 -0.00171538 1.19121 1.13481 1.8452 1.06187 -0.44362 -1.29153 0 0 0 1 1 60750 664.097
47.9381 1 -0.00160731 1.19107 1.13492 1.86717 1.06971 -0.42144 -1.28305 0 0 0 1 1 60760 664.206
47.946 1 -0.00149829 1.19094 1.13503 1.88944 1.07769 -0.398964 -1.27443 0 0 0 1 1 60770 664.315
47.9539 1 -0.00138831 1.1908 1.13514 1.91193 1.08582 -0.376282 -1.26568 0 0 0 1 1 60780 664.424
47.9618 1 -0.00127738 1.19066 1.13525 1.93454 1.09409 -0.353486 -1.25678 0 0 0 1 1 60790 664.533
47.9697 1 -0.00116549 1.19053 1.13536 1.95719 1.1025 -0.330669 -1.24775 0 0 0 1 1 60800 664.643
47.9776 1 -0.00105264 1.19039 1.13547 1.97978 1.11105 -0.307922 -1.23858 0 0 0 1 1 60810 664.752
47.9855 1 -0.000938832 1.19025 1.13559 2.00222 1.11974 -0.285332 -1.22928 0 0 0 1 1 60820 664.861
47.9933 1 -0.000824059 1.19012 1.13571 2.02444 1.12856 -0.262986 -1.21985 0 0 0 1 1 60830 664.971
48.0012 1 -0.00070832 1.18998 1.13583 2.04633 1.13751 -0.240963 -1.2103 0 0 0 1 1 60840 665.08
48.0091 1 -0.000591615 1.18984 1.13595 2.06785 1.14659 -0.219338 -1.20062 0 0 0 1 1 60850 665.189
48.017 1 -0.000473942 1.1897 1.13607 2.0889 1.15579 -0.198177 -1.19083 0 0 0 1 1 60860 665.298
48.0249 1 -0.000355299 1.18956 1.13619 2.10945 1.1651 -0.17754 -1.18093 0 0 0 1 1 60870 665.408
48.0328 1 -0.000235686 1.18943 1.13631 2.12943 1.17453 -0.157475 -1.17093 0 0 0 1 1 60880 665.517
48.0407 1 -0.000115102 1.18929 1.13644 2.14881 1.18405 -0.138022 -1.16083 0 0 0 1 1 60890 665.626
48.0486 1 6.45289e-06 1.18915 1.13657 2.16756 1.19366 -0.119209 -1.15064 0 0 0 1 1 60900 665.735
48.0565 1 0.00012898 1.18901 1.13669 2.18566 1.20336 -0.101056 -1.14037 0 0 0 1 1 60910 665.845
48.0644 1 0.000252478 1.18887 1.13682 2.2031 1.21315 -0.0835669 -1.13003 0 0 0 1 1 60920 665.954
48.0722 1 0.000376948 1.18873 1.13695 2.2199 1.223 -0.0667371 -1.11961 0 0 0 1 1 60930 666.063
48.0801 1 0.000502388 1.18859 1.13708 2.23606 1.23292 -0.0505492 -1.10914 0 0 0 1 1 60940 666.172
48.088 1 0.000628797 1.18846 1.13721 2.25161 1.24289 -0.0349743 -1.09862 0 0 0 1 1 60950 666.281
48.0959 1 0.000756174 1.18832 1.13735 2.2666 1.25292 -0.0199723 -1.08805 0 0 0 1 1 60960 666.391
48.1038 1 0.000884517 1.18818 1.13748 2.28107 1.263 -0.00549244 -1.07744 0 0 0 1 1 60970 666.5
48.1117 1 0.00101383 1.18804 1.13762 2.29509 1.27311 0.00852582 -1.06679 0 0 0 1 1 60980 666.609
48.1196 1 0.0011441 1.1879 1.13775 2.30873 1.28326 0.0221522 -1.05612 0 0 0 1 1 60990 666.718
48.1275 1 0.00127533 1.18777 1.13789 2.32205 1.29345 0.0354645 -1.04541 0 0 0 1 1 61000 666.827
48.1354 1 0.00140751 1.18763 1.13803 2.33516 1.30366 0.0485472 -1.03468 0 0 0 1 1 61010 666.936
48.1433 1 0.00154065 1.18749 1.13816 2.34813 1.3139 0.0614904 -1.02393 0 0 0 1 1 61020 667.045
48.1511 1 0.00167475 1.18736 1.1383 2.36106 1.32417 0.0743881 -1.01316 0 0 0 1 1 61030 667.155
48.159 1 0.00180979 1.18722 1.13844 2.37405 1.33447 0.087337 -1.00236 0 0 0 1 1 61040 667.264
48.1669 1 0.00194578 1.18709 1.13858 2.38719 1.34479 0.100435 -0.991545 0 0 0 1 1 61050 667.373
48.1748 1 0.00208271 1.18695 1.13873 2.40059 1.35514 0.113779 -0.980706 0 0 0 1 1 61060 667.483
48.1827 1 0.00222059 1.18682 1.13887 2.41434 1.36552 0.127464 -0.969839 0 0 0 1 1 61070 667.592
48.1906 1 0.0023594 1.18669 1.13901 2.42852 1.37594 0.141581 -0.958943 0 0 0 1 1 61080 667.701
48.1985 1 0.00249914 1.18655 1.13915 2.44323 1.3864 0.156216 -0.948012 0 0 0 1 1 61090 667.81
48.2064 1 0.00263982 1.18642 1.1393 2.45854 1.39691 0.171447 -0.937041 0 0 0 1 1 61100 667.919
48.2143 1 0.00278143 1.18629 1.13944 2.47453 1.40746 0.187347 -0.926025 0 0 0 1 1 61110 668.029
48.2222 1 0.00292396 1.18616 1.13958 2.49126 1.41807 0.203976 -0.914956 0 0 0 1 1 61120 668.138
48.23 1 0.00306742 1.18603 1.13973 2.50877 1.42875 0.221385 -0.903829 0 0 0 1 1 61130 668.247
48.2379 1 0.00321181 1.1859 1.13987 2.52712 1.4395 0.239615 -0.892635 0 0 0 1 1 61140 668.357
48.2458 1 0.00335712 1.18578 1.14002 2.54632 1.45033 0.258693 -0.881368 0 0 0 1 1 61150 668.466
48.2537 1 0.00350335 1.18565 1.14016 2.56639 1.46124 0.278633 -0.870018 0 0 0 1 1 61160 668.575
48.2616 1 0.0036505 1.18552 1.14031 2.58734 1.47225 0.299438 -0.858579 0 0 0 1 1 61170 668.684
48.2695 1 0.00379857 1.1854 1.14046 2.60915 1.48337 0.321096 -0.847044 0 0 0 1 1 61180 668.794
48.2774 1 0.00394756 1.18527 1.1406 2.63181 1.49459 0.343584 -0.835403 0 0 0 1 1 61190 668.903
48.2853 1 0.00409746 1.18515 1.14075 2.65526 1.50593 0.366863 -0.823652 0 0 0 1 1 61200 669.012
48.2932 1 0.00424829 1.18503 1.14089 2.67947 1.51739 0.390885 -0.811783 0 0 0 1 1 61210 669.121
48.301 1 0.00440004 1.18491 1.14104 2.70437 1.52899 0.415586 -0.79979 0 0 0 1 1 61220 669.231
48.3089 1 0.00455271 1.18479 1.14119 2.7299 1.54072 0.440896 -0.787669 0 0 0 1 1 61230 669.34
48.3168 1 0.00470631 1.18467 1.14133 2.75596 1.55258 0.46673 -0.775414 0 0 0 1 1 61240 669.449
48.3247 1 0.00486082 1.18456 1.14148 2.78246 1.56459 0.492998 -0.763023 0 0 0 1 1 61250 669.559
48.3326 1 0.00501626 1.18444 1.14162 2.80932 1.57675 0.519599 -0.750494 0 0 0 1 1 61260 669.668
48.3405 1 0.00517262 1.18433 1.14177 2.83641 1.58905 0.546428 -0.737824 0 0 0 1 1 61270 669.777
48.3484 1 0.00532991 1.18422 1.14191 2.86363 1.6015 0.573373 -0.725014 0 0 0 1 1 61280 669.886
48.3563 1 0.00548813 1.1841 1.14206 2.89087 1.61409 0.600321 -0.712065 0 0 0 1 1 61290 669.996
48.3642 1 0.00564727 1.18399 1.1422 2.91801 1.62683 0.627155 -0.698978 0 0 0 1 1 61300 670.105
48.3721 1 0.00580735 1.18389 1.14234 2.94493 1.63971 0.653756 -0.685757 0 0 0 1 1 61310 670.214
48.3799 1 0.00596835 1.18378 1.14249 2.97152 1.65272 0.68001 -0.672405 0 0 0 1 1 61320 670.323
48.3878 1 0.00613028 1.18368 1.14263 2.99765 1.66587 0.705803 -0.658929 0 0 0 1 1 61330 670.432
48.3957 1 0.00629315 1.18357 1.14277 3.02323 1.67914 0.731025 -0.645334 0 0 0 1 1 61340 670.541
48.4036 1 0.00645694 1.18347 1.14291 3.04815 1.69253 0.755573 -0.631628 0 0 0 1 1 61350 670.651
48.4115 1 0.00662167 1.18337 1.14305 3.07231 1.70603 0.77935 -0.61782 0 0 0 1 1 61360 670.76
48.4194 1 0.00678732 1.18327 1.14319 3.09562 1.71963 0.802268 -0.603918 0 0 0 1 1 61370 670.869
48.4273 1 0.0069539 1.18318 1.14332 3.118 1.73332 0.824248 -0.589931 0 0 0 1 1 61380 670.978
48.4352 1 0.0071214 1.18308 1.14346 3.13939 1.74709 0.845222 -0.575872 0 0 0 1 1 61390 671.088
48.4431 1 0.00728983 1.18299 1.1436 3.15973 1.76093 0.865135 -0.56175 0 0 0 1 1 61400 671.197
48.451 1 0.00745918 1.1829 1.14373 3.17897 1.77483 0.883943 -0.547577 0 0 0 1 1 61410 671.306
48.4588 1 0.00762945 1.18281 1.14386 3.19709 1.78877 0.901617 -0.533364 0 0 0 1 1 61420 671.415
48.4667 1 0.00780063 1.18272 1.14399 3.21406 1.80275 0.918139 -0.519123 0 0 0 1 1 61430 671.524
48.4746 1 0.00797271 1.18263 1.14412 3.22989 1.81676 0.93351 -0.504866 0 0 0 1 1 61440 671.633
48.4825 1 0.0081457 1.18255 1.14425 3.24459 1.83077 0.947743 -0.490605 0 0 0 1 1 61450 671.743
48.4904 1 0.00831959 1.18247 1.14438 3.25819 1.84479 0.960866 -0.47635 0 0 0 1 1 61460 671.852
48.4983 1 0.00849436 1.18239 1.14451 3.27072 1.85879 0.972923 -0.462111 0 0 0 1 1 61470 671.961
48.5062 1 0.00867002 1.18231 1.14463 3.28226 1.87278 0.983972 -0.4479 0 0 0 1 1 61480 672.07
48.5141 1 0.00884655 1.18224 1.14476 3.29286 1.88674 0.994085 -0.433725 0 0 0 1 1 61490 672.179
48.522 1 0.00902396 1.18216 1.14488 3.30262 1.90066 1.00335 -0.419595 0 0 0 1 1 61500 672.289
48.5299 1 0.00920222 1.18209 1.145 3.31163 1.91453 1.01185 -0.405517 0 0 0 1 1 61510 672.398
48.5377 1 0.00938133 1.18202 1.14512 3.31999 1.92835 1.01972 -0.391498 0 0 0 1 1 61520 672.507
48.5456 1 0.00956128 1.18196 1.14524 3.32784 1.94212 1.02706 -0.377542 0 0 0 1 1 61530 672.617
48.5535 1 0.00974206 1.18189 1.14535 3.3353 1.95582 1.034 -0.363653 0 0 0 1 1 61540 672.726
48.5614 1 0.00992366 1.18183 1.14547 3.34249 1.96946 1.04068 -0.349835 0 0 0 1 1 61550 672.836
48.5693 1 0.0101061 1.18177 1.14558 3.34957 1.98304 1.04725 -0.336088 0 0 0 1 1 61560 672.945
48.5772 1 0.0102893 1.18171 1.14569 3.35668 1.99656 1.05383 -0.322412 0 0 0 1 1 61570 673.055
48.5851 1 0.0104733 1.18165 1.1458 3.36396 2.01001 1.06059 -0.308804 0 0 0 1 1 61580 673.164
48.593 1 0.0106581 1.1816 1.14591 3.37156 2.0234 1.06766 -0.295263 0 0 0 1 1 61590 673.273
48.6009 1 0.0108436 1.18155 1.14602 3.37962 2.03674 1.07519 -0.281783 0 0 0 1 1 61600 673.383
48.6087 1 0.0110299 1.1815 1.14612 3.38828 2.05002 1.08332 -0.268359 0 0 0 1 1 61610 673.492
48.6166 1 0.011217 1.18145 1.14623 3.39768 2.06327 1.09218 -0.254983 0 0 0 1 1 61620 673.602
48.6245 1 0.0114048 1.18141 1.14633 3.40795 2.07648 1.1019 -0.241647 0 0 0 1 1 61630 673.711
48.6324 1 0.0115933 1.18136 1.14643 3.41919 2.08967 1.11259 -0.228341 0 0 0 1 1 61640 673.82
48.6403 1 0.0117825 1.18132 1.14653 3.43151 2.10285 1.12435 -0.215056 0 0 0 1 1 61650 673.93
48.6482 1 0.0119725 1.18129 1.14663 3.445 2.11602 1.13729 -0.201779 0 0 0 1 1 61660 674.043
48.6561 1 0.0121631 1.18125 1.14673 3.45974 2.12921 1.15146 -0.188499 0 0 0 1 1 61670 674.153
48.664 1 0.0123545 1.18122 1.14683 3.47579 2.14241 1.16694 -0.175203 0 0 0 1 1 61680 674.263
48.6719 1 0.0125465 1.18118 1.14692 3.4932 2.15565 1.18376 -0.161878 0 0 0 1 1 61690 674.372
48.6798 1 0.0127392 1.18116 1.14702 3.51198 2.16894 1.20195 -0.148512 0 0 0 1 1 61700 674.481
48.6876 1 0.0129326 1.18113 1.14711 3.53216 2.1823 1.22152 -0.13509 0 0 0 1 1 61710 674.591
48.6955 1 0.0131266 1.1811 1.1472 3.55371 2.19572 1.24247 -0.1216 0 0 0 1 1 61720 674.7
48.7034 1 0.0133213 1.18108 1.1473 3.57661 2.20924 1.26475 -0.10803 0 0 0 1 1 61730 674.809
48.7113 1 0.0135167 1.18106 1.14739 3.60083 2.22285 1.28833 -0.0943661 0 0 0 1 1 61740 674.919
48.7192 1 0.0137127 1.18105 1.14748 3.62628 2.23658 1.31314 -0.080598 0 0 0 1 1 61750 675.028
48.7271 1 0.0139094 1.18103 1.14757 3.6529 2.25042 1.3391 -0.0667147 0 0 0 1 1 61760 675.137
48.735 1 0.0141066 1.18102 1.14765 3.68059 2.2644 1.36612 -0.0527064 0 0 0 1 1 61770 675.246
48.7429 1 0.0143046 1.18101 1.14774 3.70923 2.27852 1.39408 -0.0385647 0 0 0 1 1 61780 675.356
48.7508 1 0.0145031 1.181 1.14783 3.73871 2.29279 1.42286 -0.0242821 0 0 0 1 1 61790 675.466
48.7587 1 0.0147024 1.181 1.14791 3.76889 2.30721 1.45232 -0.00985281 0 0 0 1 1 61800 675.576
48.7665 1 0.0149022 1.18099 1.148 3.79962 2.32179 1.48232 0.00472781 0 0 0 1 1 61810 675.685
48.7744 1 0.0151027 1.18099 1.14809 3.83075 2.33653 1.5127 0.0194627 0 0 0 1 1 61820 675.794
48.7823 1 0.0153038 1.18099 1.14817 3.86211 2.35143 1.54331 0.0343532 0 0 0 1 1 61830 675.903
48.7902 1 0.0155055 1.181 1.14825 3.89355 2.3665 1.57397 0.0493992 0 0 0 1 1 61840 676.013
48.7981 1 0.0157079 1.18101 1.14834 3.92489 2.38173 1.60453 0.0645986 0 0 0 1 1 61850 676.122
48.806 1 0.0159109 1.18102 1.14842 3.95597 2.39712 1.63481 0.0799482 0 0 0 1 1 61860 676.231
48.8139 1 0.0161145 1.18103 1.1485 3.98663 2.41265 1.66465 0.0954427 0 0 0 1 1 61870 676.34
48.8218 1 0.0163187 1.18104 1.14858 4.01671 2.42834 1.6939 0.111076 0 0 0 1 1 61880 676.45
48.8297 1 0.0165236 1.18106 1.14866 4.04606 2.44416 1.7224 0.126839 0 0 0 1 1 61890 676.559
48.8376 1 0.0167291 1.18108 1.14874 4.07454 2.46011 1.75001 0.142723 0 0 0 1 1 61900 676.668
48.8454 1 0.0169352 1.1811 1.14882 4.10202 2.47618 1.77662 0.158717 0 0 0 1 1 61910 676.777
48.8533 1 0.0171419 1.18112 1.1489 4.12838 2.49236 1.80209 0.17481 0 0 0 1 1 61920 676.887
48.8612 1 0.0173493 1.18115 1.14898 4.15353 2.50863 1.82634 0.190989 0 0 0 1 1 61930 676.996
48.8691 1 0.0175572 1.18118 1.14906 4.17738 2.52498 1.84928 0.20724 0 0 0 1 1 61940 677.105
48.877 1 0.0177658 1.18121 1.14914 4.19989 2.5414 1.87086 0.223551 0 0 0 1 1 61950 677.214
48.8849 1 0.017975 1.18125 1.14921 4.221 2.55787 1.89105 0.239905 0 0 0 1 1 61960 677.323
48.8928 1 0.0181848 1.18128 1.14929 4.24071 2.57437 1.90981 0.256289 0 0 0 1 1 61970 677.433
48.9007 1 0.0183952 1.18132 1.14937 4.25901 2.5909 1.92716 0.27269 0 0 0 1 1 61980 677.542
48.9086 1 0.0186062 1.18137 1.14944 4.27595 2.60745 1.94314 0.289092 0 0 0 1 1 61990 677.651
48.9165 1 0.0188177 1.18141 1.14951 4.29157 2.62399 1.95779 0.305483 0 0 0 1 1 62000 677.76
48.9243 1 0.0190299 1.18146 1.14959 4.30595 2.64051 1.9712 0.321849 0 0 0 1 1 62010 677.87
48.9322 1 0.0192426 1.18151 1.14966 4.31919 2.657 1.98346 0.33818 0 0 0 1 1 62020 677.979
48.9401 1 0.0194559 1.18156 1.14973 4.33141 2.67346 1.99469 0.354466 0 0 0 1 1 62030 678.089
48.948 1 0.0196698 1.18162 1.1498 4.34275 2.68987 2.00504 0.370696 0 0 0 1 1 62040 678.198
48.9559 1 0.0198842 1.18168 1.14987 4.35337 2.70623 2.01466 0.386865 0 0 0 1 1 62050 678.307
48.9638 1 0.0200991 1.18174 1.14994 4.36344 2.72252 2.02373 0.402966 0 0 0 1 1 62060 678.416
48.9717 1 0.0203146 1.1818 1.15001 4.37316 2.73876 2.03244 0.418995 0 0 0 1 1 62070 678.526
48.9796 1 0.0205306 1.18187 1.15008 4.38271 2.75493 2.04099 0.434951 0 0 0 1 1 62080 678.635
48.9875 1 0.0207471 1.18193 1.15015 4.3923 2.77103 2.04956 0.450835 0 0 0 1 1 62090 678.744
48.9953 1 0.0209642 1.18201 1.15021 4.40214 2.78707 2.05839 0.466647 0 0 0 1 1 62100 678.853
49.0032 1 0.0211817 1.18208 1.15028 4.41244 2.80305 2.06766 0.482392 0 0 0 1 1 62110 678.963
49.0111 1 0.0213997 1.18216 1.15034 4.4234 2.81898 2.07759 0.498078 0 0 0 1 1 62120 679.072
49.019 1 0.0216182 1.18224 1.1504 4.43521 2.83486 2.08838 0.513711 0 0 0 1 1 62130 679.181
49.0269 1 0.0218372 1.18232 1.15047 4.44808 2.85071 2.1002 0.529301 0 0 0 1 1 62140 679.29
49.0348 1 0.0220566 1.1824 1.15053 4.46216 2.86654 2.11324 0.544861 0 0 0 1 1 62150 679.4
49.0427 1 0.0222766 1.18249 1.15059 4.47762 2.88236 2.12765 0.560403 0 0 0 1 1 62160 679.509
49.0506 1 0.0224969 1.18258 1.15065 4.4946 2.89818 2.14357 0.575943 0 0 0 1 1 62170 679.618
49.0585 1 0.0227177 1.18267 1.15071 4.51322 2.91402 2.16112 0.591495 0 0 0 1 1 62180 679.728
49.0664 1 0.022939 1.18277 1.15077 4.53356 2.9299 2.18039 0.607075 0 0 0 1 1 62190 679.837
49.0742 1 0.0231607 1.18287 1.15083 4.55571 2.94583 2.20145 0.622702 0 0 0 1 1 62200 679.946
49.0821 1 0.0233828 1.18297 1.15088 4.5797 2.96183 2.22434 0.638393 0 0 0 1 1 62210 680.055
49.09 1 0.0236053 1.18307 1.15094 4.60555 2.97793 2.24908 0.654164 0 0 0 1 1 62220 680.164
49.0979 1 0.0238283 1.18317 1.15099 4.63325 2.99412 2.27566 0.670034 0 0 0 1 1 62230 680.273
49.1058 1 0.0240517 1.18328 1.15105 4.66276 3.01045 2.30403 0.686019 0 0 0 1 1 62240 680.383
49.1137 1 0.0242755 1.18339 1.1511 4.69401 3.02691 2.33413 0.702136 0 0 0 1 1 62250 680.492
49.1216 1 0.0244998 1.18351 1.15115 4.72691 3.04352 2.36587 0.7184 0 0 0 1 1 62260 680.601
49.1295 1 0.0247244 1.18363 1.1512 4.76135 3.06031 2.39912 0.734824 0 0 0 1 1 62270 680.711
49.1374 1 0.0249495 1.18374 1.15125 4.79717 3.07728 2.43375 0.751422 0 0 0 1 1 62280 680.82
49.1453 1 0.025175 1.18387 1.1513 4.83422 3.09444 2.46958 0.768205 0 0 0 1 1 62290 680.929
49.1531 1 0.0254009 1.18399 1.15134 4.87231 3.1118 2.50643 0.785181 0 0 0 1 1 62300 681.038
49.161 1 0.0256273 1.18412 1.15139 4.91123 3.12937 2.54411 0.802358 0 0 0 1 1 62310 681.147
49.1689 1 0.0258541 1.18425 1.15144 4.95077 3.14715 2.58237 0.81974 0 0 0 1 1 62320 681.257
49.1768 1 0.0260813 1.18438 1.15148 4.99069 3.16515 2.621 0.837331 0 0 0 1 1 62330 681.366
49.1847 1 0.0263089 1.18451 1.15152 5.03074 3.18337 2.65974 0.855129 0 0 0 1 1 62340 681.475
49.1926 1 0.026537 1.18465 1.15156 5.07067 3.20181 2.69834 0.873134 0 0 0 1 1 62350 681.584
49.2005 1 0.0267655 1.18479 1.1516 5.11022 3.22045 2.73655 0.89134 0 0 0 1 1 62360 681.693
49.2084 1 0.0269945 1.18493 1.15164 5.14913 3.2393 2.77408 0.909739 0 0 0 1 1 62370 681.803
49.2163 1 0.0272239 1.18508 1.15167 5.18712 3.25834 2.81069 0.928323 0 0 0 1 1 62380 681.912
49.2242 1 0.0274537 1.18523 1.15171 5.22394 3.27756 2.84611 0.947078 0 0 0 1 1 62390 682.021
49.232 1 0.027684 1.18538 1.15174 5.25934 3.29694 2.88009 0.965989 0 0 0 1 1 62400 682.13
49.2399 1 0.0279147 1.18553 1.15177 5.29307 3.31648 2.91238 0.985041 0 0 0 1 1 62410 682.24
49.2478 1 0.0281459 1.18569 1.1518 5.32488 3.33614 2.94274 1.00421 0 0 0 1 1 62420 682.349
49.2557 1 0.0283775 1.18584 1.15183 5.35457 3.35592 2.97097 1.02348 0 0 0 1 1 62430 682.458
49.2636 1 0.0286095 1.186 1.15185 5.38194 3.37577 2.99685 1.04283 0 0 0 1 1 62440 682.567
49.2715 1 0.028842 1.18617 1.15188 5.40679 3.39569 3.02021 1.06223 0 0 0 1 1 62450 682.676
49.2794 1 0.0290749 1.18633 1.1519 5.42898 3.41565 3.0409 1.08165 0 0 0 1 1 62460 682.786
49.2873 1 0.0293082 1.1865 1.15192 5.44838 3.43561 3.05878 1.10107 0 0 0 1 1 62470 682.895
49.2952 1 0.0295419 1.18667 1.15193 5.46488 3.45555 3.07377 1.12045 0 0 0 1 1 62480 683.004
49.303 1 0.0297761 1.18684 1.15195 5.47842 3.47544 3.08578 1.13978 0 0 0 1 1 62490 683.113
49.3109 1 0.0300106 1.18702 1.15196 5.48897 3.49525 3.0948 1.15902 0 0 0 1 1 62500 683.223
49.3188 1 0.0302455 1.1872 1.15197 5.49652 3.51495 3.10081 1.17815 0 0 0 1 1 62510 683.332
49.3267 1 0.0304808 1.18738 1.15198 5.50112 3.53452 3.10387 1.19712 0 0 0 1 1 62520 683.441
49.3346 1 0.0307164 1.18756 1.15198 5.50284 3.55392 3.10405 1.21593 0 0 0 1 1 62530 683.55
49.3425 1 0.0309524 1.18774 1.15198 5.50178 3.57313 3.10146 1.23454 0 0 0 1 1 62540 683.659
49.3504 1 0.0311887 1.18793 1.15198 5.4981 3.59213 3.09624 1.25292 0 0 0 1 1 62550 683.768
49.3583 1 0.0314253 1.18812 1.15198 5.49198 3.6109 3.08859 1.27106 0 0 0 1 1 62560 683.878
49.3662 1 0.0316622 1.18831 1.15197 5.48364 3.6294 3.07872 1.28893 0 0 0 1 1 62570 683.987
49.3741 1 0.0318994 1.1885 1.15197 5.47332 3.64763 3.06687 1.30651 0 0 0 1 1 62580 684.096
49.3819 1 0.0321368 1.1887 1.15196 5.46129 3.66557 3.05333 1.3238 0 0 0 1 1 62590 684.205
49.3898 1 0.0323745 1.18889 1.15194 5.44786 3.68321 3.03838 1.34077 0 0 0 1 1 62600 684.314
49.3977 1 0.0326123 1.18909 1.15193 5.43333 3.70053 3.02236 1.35743 0 0 0 1 1 62610 684.424
49.4056 1 0.0328503 1.18929 1.15191 5.41805 3.71753 3.00558 1.37375 0 0 0 1 1 62620 684.533
49.4135 1 0.0330885 1.1895 1.15189 5.40235 3.73422 2.9884 1.38975 0 0 0 1 1 62630 684.642
49.4214 1 0.0333268 1.1897 1.15187 5.38658 3.75058 2.97115 1.40542 0 0 0 1 1 62640 684.751
49.4293 1 0.0335652 1.18991 1.15184 5.37108 3.76663 2.95419 1.42077 0 0 0 1 1 62650 684.86
49.4372 1 0.0338037 1.19012 1.15182 5.3562 3.78237 2.93785 1.4358 0 0 0 1 1 62660 684.97
49.4451 1 0.0340422 1.19032 1.15179 5.34227 3.79781 2.92246 1.45052 0 0 0 1 1 62670 685.079
49.453 1 0.0342807 1.19054 1.15176 5.3296 3.81297 2.90835 1.46496 0 0 0 1 1 62680 685.188
49.4608 1 0.0345193 1.19075 1.15173 5.31849 3.82786 2.8958 1.47912 0 0 0 1 1 62690 685.298
49.4687 1 0.0347578 1.19096 1.15169 5.30921 3.84251 2.88508 1.49303 0 0 0 1 1 62700 685.407
49.4766 1 0.0349963 1.19118 1.15166 5.302 3.85693 2.87645 1.50671 0 0 0 1 1 62710 685.516
49.4845 1 0.0352348 1.1914 1.15162 5.29709 3.87115 2.87011 1.52018 0 0 0 1 1 62720 685.626
49.4924 1 0.0354731 1.19161 1.15158 5.29465 3.8852 2.86625 1.53347 0 0 0 1 1 62730 685.735
49.5003 1 0.0357113 1.19183 1.15154 5.29483 3.89909 2.86501 1.5466 0 0 0 1 1 62740 685.844
49.5082 1 0.0359495 1.19205 1.1515 5.29775 3.91287 2.86651 1.55961 0 0 0 1 1 62750 685.953
49.5161 1 0.0361874 1.19228 1.15146 5.30349 3.92655 2.87083 1.57252 0 0 0 1 1 62760 686.063
49.524 1 0.0364252 1.1925 1.15142 5.31208 3.94018 2.87799 1.58536 0 0 0 1 1 62770 686.172
49.5319 1 0.0366628 1.19272 1.15138 5.32353 3.95376 2.88801 1.59816 0 0 0 1 1 62780 686.281
49.5397 1 0.0369002 1.19295 1.15134 5.33779 3.96735 2.90084 1.61094 0 0 0 1 1 62790 686.39
49.5476 1 0.0371374 1.19317 1.1513 5.35481 3.98095 2.91642 1.62374 0 0 0 1 1 62800 686.5
49.5555 1 0.0373744 1.1934 1.15125 5.37447 3.9946 2.93463 1.63659 0 0 0 1 1 62810 686.609
49.5634 1 0.0376112 1.19363 1.15121 5.39665 4.00833 2.95534 1.6495 0 0 0 1 1 62820 686.718
49.5713 1 0.0378477 1.19386 1.15117 5.42116 4.02215 2.97838 1.6625 0 0 0 1 1 62830 686.827
49.5792 1 0.0380839 1.19408 1.15113 5.44781 4.03609 3.00355 1.67561 0 0 0 1 1 62840 686.936
49.5871 1 0.0383199 1.19431 1.15109 5.47637 4.05016 3.03061 1.68885 0 0 0 1 1 62850 687.046
49.595 1 0.0385556 1.19454 1.15105 5.5066 4.06439 3.05933 1.70223 0 0 0 1 1 62860 687.155
49.6029 1 0.0387911 1.19478 1.15101 5.53821 4.07878 3.08942 1.71578 0 0 0 1 1 62870 687.264
49.6107 1 0.0390262 1.19501 1.15097 5.57093 4.09335 3.12059 1.72949 0 0 0 1 1 62880 687.373
49.6186 1 0.0392611 1.19524 1.15094 5.60443 4.1081 3.15254 1.74338 0 0 0 1 1 62890 687.483
49.6265 1 0.0394957 1.19547 1.1509 5.63841 4.12304 3.18495 1.75745 0 0 0 1 1 62900 687.592
49.6344 1 0.0397299 1.19571 1.15087 5.67252 4.13817 3.21748 1.7717 0 0 0 1 1 62910 687.701
49.6423 1 0.0399639 1.19594 1.15084 5.70645 4.15348 3.2498 1.78614 0 0 0 1 1 62920 687.81
49.6502 1 0.0401976 1.19617 1.15081 5.73986 4.16898 3.28159 1.80074 0 0 0 1 1 62930 687.919
49.6581 1 0.040431 1.19641 1.15078 5.77241 4.18464 3.31251 1.81551 0 0 0 1 1 62940 688.029
49.666 1 0.040664 1.19664 1.15075 5.8038 4.20047 3.34224 1.83044 0 0 0 1 1 62950 688.138
49.6739 1 0.0408968 1.19688 1.15072 5.83371 4.21644 3.37049 1.8455 0 0 0 1 1 62960 688.247
49.6818 1 0.0411292 1.19711 1.1507 5.86186 4.23255 3.39696 1.86068 0 0 0 1 1 62970 688.357
49.6896 1 0.0413613 1.19735 1.15068 5.88799 4.24876 3.42141 1.87597 0 0 0 1 1 62980 688.466
49.6975 1 0.0415931 1.19758 1.15066 5.91188 4.26505 3.44359 1.89133 0 0 0 1 1 62990 688.575
49.7054 1 0.0418246 1.19782 1.15064 5.93332 4.28141 3.46332 1.90674 0 0 0 1 1 63000 688.684
49.7133 1 0.0420557 1.19806 1.15062 5.95217 4.2978 3.48045 1.92219 0 0 0 1 1 63010 688.794
49.7212 1 0.0422865 1.19829 1.1506 5.96832 4.31421 3.49487 1.93763 0 0 0 1 1 63020 688.903
49.7291 1 0.042517 1.19853 1.15059 5.98171 4.33059 3.50652 1.95305 0 0 0 1 1 63030 689.012
49.737 1 0.042747 1.19877 1.15058 5.99233 4.34693 3.5154 1.96842 0 0 0 1 1 63040 689.121
49.7449 1 0.0429768 1.19901 1.15057 6.00023 4.3632 3.52155 1.98371 0 0 0 1 1 63050 689.231
49.7528 1 0.0432061 1.19924 1.15056 6.0055 4.37938 3.52508 1.9989 0 0 0 1 1 63060 689.34
49.7607 1 0.0434351 1.19948 1.15056 6.00832 4.39543 3.52615 2.01396 0 0 0 1 1 63070 689.449
49.7685 1 0.0436636 1.19972 1.15055 6.00888 4.41134 3.52496 2.02886 0 0 0 1 1 63080 689.558
49.7764 1 0.0438918 1.19996 1.15055 6.00746 4.42708 3.5218 2.0436 0 0 0 1 1 63090 689.668
49.7843 1 0.0441195 1.20019 1.15055 6.00436 4.44265 3.51695 2.05815 0 0 0 1 1 63100 689.777
49.7922 1 0.0443468 1.20043 1.15055 5.99993 4.45803 3.51078 2.0725 0 0 0 1 1 63110 689.886
49.8001 1 0.0445736 1.20067 1.15055 5.99457 4.4732 3.50369 2.08665 0 0 0 1 1 63120 689.995
49.808 1 0.0448 1.20091 1.15055 5.9887 4.48817 3.49608 2.10058 0 0 0 1 1 63130 690.105
49.8159 1 0.0450259 1.20114 1.15056 5.98276 4.50294 3.4884 2.1143 0 0 0 1 1 63140 690.214
49.8238 1 0.0452514 1.20138 1.15057 5.9772 4.5175 3.48112 2.12781 0 0 0 1 1 63150 690.323
49.8317 1 0.0454763 1.20162 1.15058 5.97248 4.53187 3.47468 2.14112 0 0 0 1 1 63160 690.432
49.8396 1 0.0457007 1.20186 1.15059 5.96908 4.54605 3.46955 2.15424 0 0 0 1 1 63170 690.541
49.8474 1 0.0459245 1.20209 1.1506 5.96743 4.56007 3.46618 2.16719 0 0 0 1 1 63180 690.651
49.8553 1 0.0461478 1.20233 1.15062 5.96796 4.57395 3.465 2.17999 0 0 0 1 1 63190 690.76
49.8632 1 0.0463706 1.20257 1.15063 5.97109 4.58771 3.46641 2.19266 0 0 0 1 1 63200 690.869
49.8711 1 0.0465928 1.2028 1.15065 5.97717 4.60138 3.47077 2.20524 0 0 0 1 1 63210 690.978
49.879 1 0.0468144 1.20304 1.15068 5.98655 4.615 3.47842 2.21776 0 0 0 1 1 63220 691.088
49.8869 1 0.0470355 1.20328 1.1507 5.9995 4.62859 3.48965 2.23025 0 0 0 1 1 63230 691.197
49.8948 1 0.047256 1.20351 1.15072 6.01628 4.6422 3.50469 2.24275 0 0 0 1 1 63240 691.306
49.9027 1 0.0474758 1.20375 1.15075 6.03706 4.65586 3.52373 2.25529 0 0 0 1 1 63250 691.415
49.9106 1 0.0476951 1.20398 1.15078 6.06198 4.66961 3.5469 2.26792 0 0 0 1 1 63260 691.524
49.9184 1 0.0479138 1.20422 1.15081 6.09113 4.68349 3.57428 2.28068 0 0 0 1 1 63270 691.634
49.9263 1 0.0481318 1.20445 1.15084 6.12453 4.69755 3.6059 2.2936 0 0 0 1 1 63280 691.743
49.9342 1 0.0483493 1.20468 1.15088 6.16214 4.71182 3.64171 2.30674 0 0 0 1 1 63290 691.852
49.9421 1 0.0485662 1.20492 1.15092 6.20387 4.72635 3.68163 2.32011 0 0 0 1 1 63300 691.961
49.95 1 0.0487825 1.20515 1.15095 6.2496 4.74116 3.72552 2.33377 0 0 0 1 1 63310 692.07
49.9579 1 0.0489982 1.20538 1.151 6.29911 4.7563 3.77318 2.34775 0 0 0 1 1 63320 692.179
49.9658 1 0.0492133 1.20561 1.15104 6.35217 4.7718 3.82435 2.36208 0 0 0 1 1 63330 692.289
49.9737 1 0.0494279 1.20584 1.15108 6.40847 4.78769 3.87874 2.3768 0 0 0 1 1 63340 692.398
49.9816 1 0.0496419 1.20608 1.15113 6.46768 4.80399 3.93601 2.39191 0 0 0 1 1 63350 692.507
49.9895 1 0.0498554 1.20631 1.15118 6.52941 4.82073 3.99577 2.40746 0 0 0 1 1 63360 692.616
49.9973 1 0.0500683 1.20654 1.15123 6.59322 4.83792 4.05759 2.42346 0 0 0 1 1 63370 692.726
50.0052 1 0.0502807 1.20677 1.15128 6.65865 4.85558 4.12099 2.43992 0 0 0 1 1 63380 692.835
50.0131 1 0.0504927 1.20699 1.15134 6.7252 4.87372 4.18548 2.45684 0 0 0 1 1 63390 692.944
50.021 1 0.0507041 1.20722 1.15139 6.79233 4.89234 4.25051 2.47424 0 0 0 1 1 63400 693.054
50.0289 1 0.050915 1.20745 1.15145 6.85948 4.91144 4.31554 2.49211 0 0 0 1 1 63410 693.163
50.0368 1 0.0511255 1.20768 1.15151 6.92608 4.93102 4.37998 2.51044 0 0 0 1 1 63420 693.273
50.0447 1 0.0513356 1.2079 1.15157 6.99152 4.95105 4.44323 2.52922 0 0 0 1 1 63430 693.382
50.0526 1 0.0515452 1.20813 1.15163 7.05518 4.97151 4.50468 2.54843 0 0 0 1 1 63440 693.492
50.0605 1 0.0517544 1.20836 1.15169 7.11647 4.99239 4.56371 2.56804 0 0 0 1 1 63450 693.601
50.0684 1 0.0519632 1.20858 1.15176 7.17476 5.01366 4.61972 2.58803 0 0 0 1 1 63460 693.71
50.0762 1 0.0521716 1.20881 1.15182 7.22944 5.03527 4.6721 2.60835 0 0 0 1 1 63470 693.82
50.0841 1 0.0523796 1.20903 1.15189 7.27994 5.05718 4.72027 2.62896 0 0 0 1 1 63480 693.929
50.092 1 0.0525873 1.20925 1.15195 7.32569 5.07935 4.76368 2.64983 0 0 0 1 1 63490 694.038
50.0999 1 0.0527946 1.20948 1.15202 7.36617 5.10173 4.80178 2.67088 0 0 0 1 1 63500 694.148
50.1078 1 0.0530015 1.2097 1.15209 7.4009 5.12425 4.83412 2.69207 0 0 0 1 1 63510 694.257
50.1157 1 0.0532081 1.20992 1.15215 7.42945 5.14686 4.86027 2.71334 0 0 0 1 1 63520 694.366
50.1236 1 0.0534143 1.21014 1.15222 7.45145 5.16949 4.87985 2.73463 0 0 0 1 1 63530 694.476
50.1315 1 0.0536202 1.21037 1.15229 7.46662 5.19208 4.8926 2.75585 0 0 0 1 1 63540 694.585
50.1394 1 0.0538257 1.21059 1.15235 7.47473 5.21456 4.89828 2.77696 0 0 0 1 1 63550 694.695
50.1473 1 0.0540308 1.21081 1.15242 7.47566 5.23686 4.89678 2.79788 0 0 0 1 1 63560 694.804
50.1551 1 0.0542356 1.21103 1.15248 7.46936 5.25891 4.88806 2.81853 0 0 0 1 1 63570 694.913
50.163 1 0.0544399 1.21125 1.15254 7.45591 5.28064 4.87219 2.83886 0 0 0 1 1 63580 695.023
50.1709 1 0.0546439 1.21146 1.15261 7.43544 5.30198 4.84931 2.85879 0 0 0 1 1 63590 695.132
50.1788 1 0.0548474 1.21168 1.15267 7.40822 5.32288 4.8197 2.87826 0 0 0 1 1 63600 695.241
50.1867 1 0.0550504 1.2119 1.15273 7.37459 5.34326 4.78368 2.89722 0 0 0 1 1 63610 695.35
50.1946 1 0.055253 1.21211 1.15278 7.33498 5.36308 4.74171 2.91559 0 0 0 1 1 63620 695.46
50.2025 1 0.055455 1.21233 1.15284 7.28991 5.38228 4.6943 2.93335 0 0 0 1 1 63630 695.569
50.2104 1 0.0556566 1.21254 1.15289 7.23996 5.40083 4.64205 2.95043 0 0 0 1 1 63640 695.678
50.2183 1 0.0558575 1.21276 1.15295 7.1858 5.41867 4.5856 2.96681 0 0 0 1 1 63650 695.787
50.2261 1 0.0560578 1.21297 1.153 7.12813 5.43579 4.52566 2.98245 0 0 0 1 1 63660 695.897
50.234 1 0.0562575 1.21318 1.15305 7.06767 5.45215 4.46298 2.99733 0 0 0 1 1 63670 696.006
50.2419 1 0.0564565 1.21339 1.1531 7.0052 5.46774 4.39832 3.01143 0 0 0 1 1 63680 696.115
50.2498 1 0.0566548 1.2136 1.15314 6.94148 5.48255 4.33243 3.02475 0 0 0 1 1 63690 696.224
50.2577 1 0.0568523 1.21381 1.15319 6.87728 5.49659 4.2661 3.03728 0 0 0 1 1 63700 696.333
50.2656 1 0.057049 1.21402 1.15323 6.81334 5.50986 4.20007 3.04904 0 0 0 1 1 63710 696.443
50.2735 1 0.0572449 1.21422 1.15327 6.75038 5.52237 4.13505 3.06004 0 0 0 1 1 63720 696.552
50.2814 1 0.0574398 1.21443 1.15331 6.68907 5.53414 4.07171 3.07029 0 0 0 1 1 63730 696.661
50.2893 1 0.0576339 1.21463 1.15335 6.63004 5.54521 4.01068 3.07983 0 0 0 1 1 63740 696.77
50.2972 1 0.0578269 1.21483 1.15338 6.57386 5.5556 3.95252 3.08869 0 0 0 1 1 63750 696.879
50.305 1 0.058019 1.21503 1.15342 6.52102 5.56535 3.89773 3.09691 0 0 0 1 1 63760 696.988
50.3129 1 0.05821 1.21523 1.15345 6.47196 5.5745 3.84676 3.10453 0 0 0 1 1 63770 697.098
50.3208 1 0.0583999 1.21543 1.15349 6.42706 5.58311 3.79996 3.11159 0 0 0 1 1 63780 697.207
50.3287 1 0.0585888 1.21563 1.15352 6.3866 5.5912 3.75763 3.11814 0 0 0 1 1 63790 697.316
50.3366 1 0.0587764 1.21582 1.15356 6.35081 5.59885 3.71998 3.12424 0 0 0 1 1 63800 697.425
50.3445 1 0.0589629 1.21601 1.15359 6.31985 5.60609 3.68719 3.12993 0 0 0 1 1 63810 697.535
50.3524 1 0.0591481 1.2162 1.15362 6.29381 5.61298 3.65933 3.13527 0 0 0 1 1 63820 697.644
50.3603 1 0.0593321 1.21639 1.15366 6.27273 5.61958 3.63644 3.14031 0 0 0 1 1 63830 697.753
50.3682 1 0.0595148 1.21657 1.15369 6.25657 5.62593 3.61849 3.1451 0 0 0 1 1 63840 697.862
50.3761 1 0.0596963 1.21676 1.15373 6.24526 5.63208 3.60538 3.14969 0 0 0 1 1 63850 697.972
50.3839 1 0.0598763 1.21694 1.15376 6.23866 5.63809 3.597 3.15414 0 0 0 1 1 63860 698.081
50.3918 1 0.0600551 1.21712 1.1538 6.2366 5.644 3.59316 3.15848 0 0 0 1 1 63870 698.19
50.3997 1 0.0602325 1.2173 1.15384 6.23887 5.64985 3.59365 3.16277 0 0 0 1 1 63880 698.299
50.4076 1 0.0604085 1.21747 1.15388 6.24521 5.65569 3.59821 3.16704 0 0 0 1 1 63890 698.409
50.4155 1 0.0605831 1.21764 1.15392 6.25534 5.66155 3.60655 3.17133 0 0 0 1 1 63900 698.518
50.4234 1 0.0607563 1.21782 1.15397 6.26893 5.66748 3.61835 3.17568 0 0 0 1 1 63910 698.627
50.4313 1 0.0609281 1.21798 1.15401 6.28566 5.6735 3.63328 3.18013 0 0 0 1 1 63920 698.736
50.4392 1 0.0610984 1.21815 1.15406 6.30514 5.67964 3.65095 3.18469 0 0 0 1 1 63930 698.845
50.4471 1 0.0612673 1.21831 1.15412 6.32698 5.68592 3.67098 3.18939 0 0 0 1 1 63940 698.954
50.455 1 0.0614348 1.21847 1.15417 6.35078 5.69237 3.69296 3.19426 0 0 0 1 1 63950 699.064
50.4628 1 0.0616007 1.21863 1.15423 6.3761 5.699 3.71644 3.1993 0 0 0 1 1 63960 699.173
50.4707 1 0.0617653 1.21879 1.1543 6.40249 5.70582 3.74098 3.20454 0 0 0 1 1 63970 699.282
50.4786 1 0.0619283 1.21894 1.15437 6.42948 5.71284 3.7661 3.20996 0 0 0 1 1 63980 699.391
50.4865 1 0.0620899 1.2191 1.15444 6.45659 5.72005 3.79134 3.21558 0 0 0 1 1 63990 699.501
50.4944 1 0.0622501 1.21925 1.15451 6.48334 5.72746 3.81621 3.2214 0 0 0 1 1 64000 699.61
50.5023 1 0.0624087 1.21939 1.15459 6.50923 5.73505 3.8402 3.22739 0 0 0 1 1 64010 699.719
50.5102 1 0.0625659 1.21954 1.15467 6.53378 5.74282 3.86284 3.23356 0 0 0 1 1 64020 699.828
50.5181 1 0.0627216 1.21968 1.15476 6.55651 5.75075 3.88365 3.23988 0 0 0 1 1 64030 699.937
50.526 1 0.0628759 1.21982 1.15485 6.57695 5.7588 3.90216 3.24633 0 0 0 1 1 64040 700.047
50.5338 1 0.0630286 1.21996 1.15495 6.59467 5.76697 3.91794 3.25289 0 0 0 1 1 64050 700.156
50.5417 1 0.0631799 1.2201 1.15505 6.60927 5.77521 3.9306 3.25951 0 0 0 1 1 64060 700.266
50.5496 1 0.0633297 1.22023 1.15515 6.62041 5.7835 3.93978 3.26618 0 0 0 1 1 64070 700.375
50.5575 1 0.063478 1.22036 1.15526 6.62778 5.7918 3.9452 3.27286 0 0 0 1 1 64080 700.484
50.5654 1 0.0636248 1.22049 1.15537 6.63118 5.80006 3.94664 3.2795 0 0 0 1 1 64090 700.594
50.5733 1 0.0637702 1.22062 1.15549 6.63046 5.80826 3.94396 3.28607 0 0 0 1 1 64100 700.703
50.5812 1 0.063914 1.22074 1.15561 6.62557 5.81634 3.93712 3.29252 0 0 0 1 1 64110 700.812
50.5891 1 0.0640563 1.22086 1.15573 6.61657 5.82428 3.92617 3.29882 0 0 0 1 1 64120 700.931
50.597 1 0.0641971 1.22098 1.15586 6.60359 5.83202 3.91125 3.30493 0 0 0 1 1 64130 701.04
50.6049 1 0.0643364 1.2211 1.15599 6.58688 5.83954 3.8926 3.31081 0 0 0 1 1 64140 701.15
50.6127 1 0.0644741 1.22122 1.15612 6.56678 5.8468 3.87059 3.31643 0 0 0 1 1 64150 701.259
50.6206 1 0.0646103 1.22133 1.15626 6.54375 5.85378 3.84564 3.32176 0 0 0 1 1 64160 701.368
50.6285 1 0.0647449 1.22144 1.1564 6.51829 5.86045 3.81828 3.32678 0 0 0 1 1 64170 701.478
50.6364 1 0.064878 1.22155 1.15654 6.49101 5.86679 3.78911 3.33147 0 0 0 1 1 64180 701.587
50.6443 1 0.0650094 1.22166 1.15669 6.46256 5.87279 3.7588 3.33582 0 0 0 1 1 64190 701.696
50.6522 1 0.0651393 1.22177 1.15683 6.43366 5.87845 3.72804 3.33982 0 0 0 1 1 64200 701.806
50.6601 1 0.0652675 1.22187 1.15699 6.40503 5.88377 3.69757 3.34348 0 0 0 1 1 64210 701.915
50.668 1 0.0653941 1.22197 1.15714 6.37743 5.88876 3.66815 3.34681 0 0 0 1 1 64220 702.024
50.6759 1 0.0655191 1.22207 1.1573 6.35161 5.89343 3.64052 3.34983 0 0 0 1 1 64230 702.133
50.6838 1 0.0656423 1.22217 1.15746 6.32829 5.89782 3.61539 3.35256 0 0 0 1 1 64240 702.242
50.6916 1 0.065764 1.22226 1.15763 6.30816 5.90195 3.59348 3.35503 0 0 0 1 1 64250 702.351
50.6995 1 0.0658839 1.22236 1.15779 6.29188 5.90587 3.57543 3.35728 0 0 0 1 1 64260 702.461
50.7074 1 0.0660021 1.22245 1.15796 6.28005 5.90961 3.56183 3.35935 0 0 0 1 1 64270 702.57
50.7153 1 0.0661187 1.22254 1.15813 6.2732 5.91322 3.55322 3.3613 0 0 0 1 1 64280 702.679
50.7232 1 0.0662335 1.22262 1.15831 6.27179 5.91675 3.55005 3.36317 0 0 0 1 1 64290 702.788
50.7311 1 0.0663466 1.22271 1.15849 6.27622 5.92027 3.55271 3.36502 0 0 0 1 1 64300 702.897
50.739 1 0.066458 1.22279 1.15867 6.28678 5.92384 3.56152 3.36691 0 0 0 1 1 64310 703.006
50.7469 1 0.0665677 1.22287 1.15885 6.30373 5.9275 3.57669 3.36891 0 0 0 1 1 64320 703.116
50.7548 1 0.0666757 1.22295 1.15904 6.3272 5.93133 3.59839 3.37107 0 0 0 1 1 64330 703.225
50.7627 1 0.066782 1.22302 1.15923 6.35728 5.9354 3.62667 3.37346 0 0 0 1 1 64340 703.335
50.7705 1 0.0668865 1.2231 1.15942 6.39396 5.93975 3.66155 3.37614 0 0 0 1 1 64350 703.444
50.7784 1 0.0669894 1.22317 1.15961 6.43716 5.94446 3.70291 3.37918 0 0 0 1 1 64360 703.553
50.7863 1 0.0670906 1.22324 1.15981 6.48671 5.94958 3.75062 3.38262 0 0 0 1 1 64370 703.662
50.7942 1 0.0671902 1.22331 1.16001 6.54238 5.95517 3.80442 3.38654 0 0 0 1 1 64380 703.771
50.8021 1 0.0672881 1.22338 1.16022 6.60387 5.96129 3.864 3.39098 0 0 0 1 1 64390 703.88
50.81 1 0.0673843 1.22344 1.16042 6.67079 5.96799 3.92899 3.39599 0 0 0 1 1 64400 703.99
50.8179 1 0.067479 1.2235 1.16063 6.74268 5.97531 3.99892 3.40162 0 0 0 1 1 64410 704.099
50.8258 1 0.0675721 1.22356 1.16084 6.81904 5.98328 4.07327 3.40791 0 0 0 1 1 64420 704.208
50.8337 1 0.0676637 1.22362 1.16105 6.89927 5.99196 4.15146 3.4149 0 0 0 1 1 64430 704.317
50.8415 1 0.0677537 1.22368 1.16127 6.98271 6.00136 4.23282 3.4226 0 0 0 1 1 64440 704.428
50.8494 1 0.0678422 1.22374 1.16149 7.06865 6.0115 4.31664 3.43104 0 0 0 1 1 64450 704.539
50.8573 1 0.0679292 1.22379 1.16171 7.15632 6.0224 4.40215 3.44024 0 0 0 1 1 64460 704.649
50.8652 1 0.0680148 1.22384 1.16193 7.2449 6.03406 4.48852 3.45019 0 0 0 1 1 64470 704.758
50.8731 1 0.0680991 1.2239 1.16216 7.3335 6.04648 4.57488 3.4609 0 0 0 1 1 64480 704.868
50.881 1 0.0681819 1.22395 1.16239 7.42123 6.05965 4.66031 3.47235 0 0 0 1 1 64490 704.978
50.8889 1 0.0682634 1.22399 1.16262 7.50712 6.07354 4.74387 3.48452 0 0 0 1 1 64500 705.088
50.8968 1 0.0683436 1.22404 1.16285 7.59021 6.08813 4.82459 3.49738 0 0 0 1 1 64510 705.198
50.9047 1 0.0684225 1.22409 1.16308 7.66952 6.10338 4.90148 3.51089 0 0 0 1 1 64520 705.308
50.9126 1 0.0685001 1.22413 1.16332 7.74406 6.11923 4.97357 3.52499 0 0 0 1 1 64530 705.418
50.9204 1 0.0685765 1.22418 1.16355 7.81286 6.13563 5.03988 3.53964 0 0 0 1 1 64540 705.527
50.9283 1 0.0686518 1.22422 1.16379 7.87496 6.15251 5.09947 3.55477 0 0 0 1 1 64550 705.637
50.9362 1 0.0687258 1.22426 1.16403 7.92946 6.1698 5.15143 3.57029 0 0 0 1 1 64560 705.747
50.9441 1 0.0687987 1.2243 1.16426 7.97551 6.18741 5.19492 3.58612 0 0 0 1 1 64570 705.856
50.952 1 0.0688705 1.22434 1.1645 8.01234 6.20525 5.22916 3.60218 0 0 0 1 1 64580 705.966
50.9599 1 0.0689411 1.22438 1.16474 8.03926 6.22322 5.25348 3.61836 0 0 0 1 1 64590 706.076
50.9678 1 0.0690106 1.22442 1.16497 8.0557 6.24123 5.26731 3.63457 0 0 0 1 1 64600 706.186
50.9757 1 0.0690791 1.22446 1.16521 8.06122 6.25916 5.27022 3.6507 0 0 0 1 1 64610 706.295
50.9836 1 0.0691464 1.2245 1.16544 8.0555 6.27691 5.26189 3.66663 0 0 0 1 1 64620 706.405
50.9915 1 0.0692126 1.22454 1.16568 8.0384 6.29436 5.24219 3.68226 0 0 0 1 1 64630 706.514
50.9993 1 0.0692777 1.22457 1.16591 8.00994 6.31141 5.21114 3.69748 0 0 0 1 1 64640 706.624
51.0072 1 0.0693417 1.22461 1.16614 7.97031 6.32796 5.16893 3.71219 0 0 0 1 1 64650 706.734
51.0151 1 0.0694046 1.22464 1.16636 7.91986 6.34389 5.11593 3.72627 0 0 0 1 1 64660 706.843
51.023 1 0.0694663 1.22468 1.16658 7.85912 6.3591 5.05268 3.73964 0 0 0 1 1 64670 706.952
51.0309 1 0.0695268 1.22471 1.1668 7.7888 6.37352 4.97987 3.7522 0 0 0 1 1 64680 707.061
51.0388 1 0.0695861 1.22475 1.16702 7.70973 6.38705 4.89835 3.76387 0 0 0 1 1 64690 707.17
51.0467 1 0.0696442 1.22478 1.16723 7.6229 6.39963 4.80912 3.77458 0 0 0 1 1 64700 707.28
51.0546 1 0.069701 1.22482 1.16744 7.52939 6.41119 4.71325 3.78426 0 0 0 1 1 64710 707.389
51.0625 1 0.0697565 1.22485 1.16765 7.43038 6.42168 4.61193 3.79288 0 0 0 1 1 64720 707.499
51.0704 1 0.0698107 1.22488 1.16785 7.32709 6.43107 4.50639 3.80038 0 0 0 1 1 64730 707.608
51.0782 1 0.0698634 1.22491 1.16805 7.22078 6.43933 4.39787 3.80676 0 0 0 1 1 64740 707.718
51.0861 1 0.0699148 1.22494 1.16825 7.11271 6.44645 4.28765 3.81199 0 0 0 1 1 64750 707.827
51.094 1 0.0699646 1.22497 1.16844 7.00409 6.45243 4.17694 3.81608 0 0 0 1 1 64760 707.937
51.1019 1 0.0700129 1.225 1.16863 6.89611 6.45728 4.06691 3.81904 0 0 0 1 1 64770 708.046
51.1098 1 0.0700597 1.22503 1.16881 6.78984 6.46103 3.95866 3.82089 0 0 0 1 1 64780 708.156
51.1177 1 0.0701048 1.22506 1.16899 6.6863 6.46371 3.85318 3.82168 0 0 0 1 1 64790 708.265
51.1256 1 0.0701483 1.22509 1.16917 6.58637 6.46536 3.75137 3.82143 0 0 0 1 1 64800 708.375
51.1335 1 0.0701901 1.22512 1.16934 6.49082 6.46603 3.65399 3.82021 0 0 0 1 1 64810 708.485
51.1414 1 0.0702301 1.22514 1.16952 6.40031 6.46578 3.56169 3.81806 0 0 0 1 1 64820 708.595
51.1492 1 0.0702683 1.22517 1.16968 6.31536 6.46466 3.475 3.81506 0 0 0 1 1 64830 708.705
51.1571 1 0.0703047 1.22519 1.16985 6.23636 6.46276 3.3943 3.81126 0 0 0 1 1 64840 708.814
51.165 1 0.0703393 1.22522 1.17001 6.16361 6.46013 3.31989 3.80674 0 0 0 1 1 64850 708.924
51.1729 1 0.0703719 1.22524 1.17017 6.09729 6.45684 3.25194 3.80157 0 0 0 1 1 64860 709.034
51.1808 1 0.0704026 1.22526 1.17032 6.03747 6.45296 3.19052 3.79581 0 0 0 1 1 64870 709.143
51.1887 1 0.0704313 1.22528 1.17048 5.98413 6.44857 3.13562 3.78954 0 0 0 1 1 64880 709.253
51.1966 1 0.070458 1.2253 1.17063 5.93721 6.44373 3.08716 3.78282 0 0 0 1 1 64890 709.362
51.2045 1 0.0704827 1.22532 1.17078 5.89655 6.43851 3.04498 3.77572 0 0 0 1 1 64900 709.472
51.2124 1 0.0705054 1.22533 1.17093 5.86195 6.43297 3.00888 3.76832 0 0 0 1 1 64910 709.581
51.2203 1 0.0705259 1.22535 1.17107 5.83316 6.42718 2.97861 3.76066 0 0 0 1 1 64920 709.691
51.2281 1 0.0705444 1.22537 1.17122 5.80993 6.42119 2.95391 3.75281 0 0 0 1 1 64930 709.8
51.236 1 0.0705607 1.22538 1.17137 5.79196 6.41506 2.93448 3.74482 0 0 0 1 1 64940 709.909
51.2439 1 0.070575 1.22539 1.17151 5.77894 6.40884 2.92001 3.73675 0 0 0 1 1 64950 710.022
51.2518 1 0.070587 1.2254 1.17165 5.77055 6.40258 2.91018 3.72864 0 0 0 1 1 64960 710.133
51.2597 1 0.070597 1.22541 1.1718 5.76648 6.39633 2.90467 3.72054 0 0 0 1 1 64970 710.243
51.2676 1 0.0706047 1.22542 1.17194 5.7664 6.39011 2.90314 3.71248 0 0 0 1 1 64980 710.353
51.2755 1 0.0706103 1.22543 1.17209 5.76998 6.38398 2.90528 3.70451 0 0 0 1 1 64990 710.462
51.2834 1 0.0706137 1.22544 1.17223 5.77688 6.37796 2.91074 3.69665 0 0 0 1 1 65000 710.573
51.2913 1 0.0706149 1.22544 1.17238 5.78676 6.37208 2.91918 3.68895 0 0 0 1 1 65010 710.691
51.2992 1 0.0706139 1.22545 1.17253 5.79926 6.36638 2.93023 3.68141 0 0 0 1 1 65020 710.8
51.307 1 0.0706107 1.22545 1.17268 5.81402 6.36086 2.94353 3.67408 0 0 0 1 1 65030 710.912
51.3149 1 0.0706054 1.22545 1.17284 5.83063 6.35556 2.95868 3.66696 0 0 0 1 1 65040 711.021
51.3228 1 0.0705978 1.22545 1.17299 5.84869 6.35048 2.97526 3.66006 0 0 0 1 1 65050 711.131
51.3307 1 0.0705881 1.22545 1.17315 5.86774 6.34564 2.99284 3.6534 0 0 0 1 1 65060 711.241
51.3386 1 0.0705762 1.22545 1.17331 5.88733 6.34103 3.01094 3.64699 0 0 0 1 1 65070 711.351
51.3465 1 0.0705621 1.22545 1.17347 5.90696 6.33666 3.02907 3.64081 0 0 0 1 1 65080 711.46
51.3544 1 0.0705458 1.22545 1.17364 5.9261 6.33253 3.04671 3.63488 0 0 0 1 1 65090 711.569
51.3623 1 0.0705274 1.22544 1.17381 5.94424 6.32862 3.06333 3.62917 0 0 0 1 1 65100 711.678
51.3702 1 0.0705068 1.22544 1.17398 5.96083 6.32492 3.0784 3.62367 0 0 0 1 1 65110 711.787
51.3781 1 0.0704841 1.22543 1.17415 5.97535 6.32141 3.09139 3.61837 0 0 0 1 1 65120 711.896
51.3859 1 0.0704593 1.22543 1.17433 5.98729 6.31807 3.10179 3.61323 0 0 0 1 1 65130 712.005
51.3938 1 0.0704323 1.22542 1.17451 5.99618 6.31486 3.10914 3.60823 0 0 0 1 1 65140 712.114
51.4017 1 0.0704031 1.22541 1.17469 6.00162 6.31175 3.11304 3.60333 0 0 0 1 1 65150 712.223
51.4096 1 0.0703719 1.22541 1.17487 6.00326 6.3087 3.11314 3.5985 0 0 0 1 1 65160 712.332
51.4175 1 0.0703386 1.2254 1.17506 6.00086 6.30568 3.1092 3.5937 0 0 0 1 1 65170 712.442
51.4254 1 0.0703031 1.22539 1.17524 5.99428 6.30264 3.10108 3.58888 0 0 0 1 1 65180 712.551
51.4333 1 0.0702656 1.22538 1.17543 5.98349 6.29955 3.08875 3.58401 0 0 0 1 1 65190 712.66
51.4412 1 0.0702259 1.22537 1.17563 5.96858 6.29635 3.07232 3.57904 0 0 0 1 1 65200 712.769
51.4491 1 0.0701842 1.22536 1.17582 5.94978 6.29302 3.05199 3.57393 0 0 0 1 1 65210 712.878
51.4569 1 0.0701404 1.22535 1.17601 5.92741 6.28952 3.02812 3.56866 0 0 0 1 1 65220 712.987
51.4648 1 0.0700944 1.22534 1.17621 5.90194 6.28581 3.00115 3.56319 0 0 0 1 1 65230 713.096
51.4727 1 0.0700464 1.22533 1.17641 5.8739 6.28187 2.97163 3.55748 0 0 0 1 1 65240 713.205
51.4806 1 0.0699963 1.22532 1.1766 5.84393 6.27769 2.9402 3.55154 0 0 0 1 1 65250 713.314
51.4885 1 0.0699441 1.22531 1.1768 5.81271 6.27324 2.90754 3.54533 0 0 0 1 1 65260 713.423
51.4964 1 0.0698898 1.2253 1.177 5.78099 6.26853 2.87438 3.53886 0 0 0 1 1 65270 713.532
51.5043 1 0.0698334 1.22529 1.1772 5.74952 6.26355 2.84149 3.53213 0 0 0 1 1 65280 713.642
51.5122 1 0.0697749 1.22528 1.1774 5.71904 6.25832 2.80961 3.52515 0 0 0 1 1 65290 713.751
51.5201 1 0.0697142 1.22527 1.17761 5.69029 6.25284 2.77948 3.51793 0 0 0 1 1 65300 713.86
51.528 1 0.0696515 1.22526 1.17781 5.66397 6.24715 2.75179 3.51049 0 0 0 1 1 65310 713.969
51.5358 1 0.0695866 1.22525 1.17801 5.64073 6.24127 2.72719 3.50288 0 0 0 1 1 65320 714.078
51.5437 1 0.0695197 1.22523 1.17821 5.62116 6.23524 2.70627 3.49511 0 0 0 1 1 65330 714.187
51.5516 1 0.0694506 1.22522 1.17842 5.60578 6.2291 2.68956 3.48724 0 0 0 1 1 65340 714.296
51.5595 1 0.0693795 1.22521 1.17862 5.59506 6.22289 2.67751 3.4793 0 0 0 1 1 65350 714.405
51.5674 1 0.0693062 1.2252 1.17882 5.58939 6.21666 2.67051 3.47135 0 0 0 1 1 65360 714.514
51.5753 1 0.0692309 1.22519 1.17903 5.58907 6.21047 2.66887 3.46344 0 0 0 1 1 65370 714.623
51.5832 1 0.0691534 1.22518 1.17923 5.59437 6.20437 2.67285 3.45563 0 0 0 1 1 65380 714.732
51.5911 1 0.0690739 1.22516 1.17943 5.60546 6.19841 2.68261 3.44795 0 0 0 1 1 65390 714.842
51.599 1 0.0689923 1.22515 1.17964 5.62245 6.19265 2.69827 3.44049 0 0 0 1 1 65400 714.951
51.6069 1 0.0689087 1.22514 1.17984 5.6454 6.18714 2.71987 3.43328 0 0 0 1 1 65410 715.06
51.6147 1 0.068823 1.22513 1.18004 5.67429 6.18195 2.74741 3.42639 0 0 0 1 1 65420 715.169
51.6226 1 0.0687353 1.22512 1.18024 5.70905 6.17713 2.7808 3.41987 0 0 0 1 1 65430 715.278
51.6305 1 0.0686457 1.22511 1.18044 5.74953 6.17273 2.81989 3.41378 0 0 0 1 1 65440 715.388
51.6384 1 0.068554 1.22509 1.18065 5.79554 6.16881 2.86449 3.40816 0 0 0 1 1 65450 715.497
51.6463 1 0.0684604 1.22508 1.18085 5.8468 6.1654 2.91432 3.40307 0 0 0 1 1 65460 715.606
51.6542 1 0.0683649 1.22507 1.18105 5.90299 6.16256 2.96904 3.39854 0 0 0 1 1 65470 715.715
51.6621 1 0.0682675 1.22506 1.18125 5.96368 6.16033 3.02825 3.39462 0 0 0 1 1 65480 715.824
51.67 1 0.0681683 1.22505 1.18145 6.02843 6.15873 3.09148 3.39135 0 0 0 1 1 65490 715.934
51.6779 1 0.0680672 1.22504 1.18164 6.09668 6.15782 3.15817 3.38875 0 0 0 1 1 65500 716.043
51.6858 1 0.0679643 1.22504 1.18184 6.16781 6.1576 3.22773 3.38686 0 0 0 1 1 65510 716.152
51.6936 1 0.0678597 1.22503 1.18204 6.24117 6.1581 3.29946 3.38567 0 0 0 1 1 65520 716.261
51.7015 1 0.0677533 1.22502 1.18224 6.31598 6.15932 3.37262 3.38522 0 0 0 1 1 65530 716.37
51.7094 1 0.0676453 1.22501 1.18243 6.39145 6.16128 3.44639 3.3855 0 0 0 1 1 65540 716.479
51.7173 1 0.0675356 1.22501 1.18263 6.46669 6.16395 3.51991 3.3865 0 0 0 1 1 65550 716.588
51.7252 1 0.0674243 1.225 1.18283 6.54079 6.16734 3.59224 3.38821 0 0 0 1 1 65560 716.697
51.7331 1 0.0673114 1.225 1.18302 6.61277 6.17142 3.66242 3.3906 0 0 0 1 1 65570 716.806
51.741 1 0.067197 1.22499 1.18321 6.68163 6.17615 3.72945 3.39365 0 0 0 1 1 65580 716.915
51.7489 1 0.0670811 1.22499 1.18341 6.74635 6.18149 3.7923 3.39731 0 0 0 1 1 65590 717.024
51.7568 1 0.0669638 1.22499 1.1836 6.80589 6.18739 3.84995 3.40152 0 0 0 1 1 65600 717.133
51.7646 1 0.066845 1.22499 1.18379 6.85923 6.19378 3.90136 3.40623 0 0 0 1 1 65610 717.242
51.7725 1 0.0667249 1.22499 1.18397 6.90538 6.2006 3.94556 3.41135 0 0 0 1 1 65620 717.351
51.7804 1 0.0666033 1.225 1.18416 6.94339 6.20776 3.98161 3.41682 0 0 0 1 1 65630 717.46
51.7883 1 0.0664805 1.225 1.18434 6.9724 6.21518 4.00864 3.42255 0 0 0 1 1 65640 717.569
51.7962 1 0.0663563 1.22501 1.18452 6.99164 6.22276 4.02589 3.42843 0 0 0 1 1 65650 717.678
51.8041 1 0.0662308 1.22502 1.1847 7.00047 6.2304 4.03272 3.43437 0 0 0 1 1 65660 717.787
51.812 1 0.0661041 1.22503 1.18487 6.99839 6.23799 4.02864 3.44025 0 0 0 1 1 65670 717.896
51.8199 1 0.0659761 1.22504 1.18504 6.98506 6.24542 4.01332 3.44598 0 0 0 1 1 65680 718.006
51.8278 1 0.0658469 1.22505 1.1852 6.96035 6.25259 3.98663 3.45144 0 0 0 1 1 65690 718.115
51.8357 1 0.0657164 1.22506 1.18537 6.92432 6.25939 3.94863 3.45652 0 0 0 1 1 65700 718.224
51.8435 1 0.0655847 1.22508 1.18552 6.87723 6.2657 3.89959 3.46112 0 0 0 1 1 65710 718.333
51.8514 1 0.0654518 1.2251 1.18568 6.81956 6.27142 3.84001 3.46512 0 0 0 1 1 65720 718.442
51.8593 1 0.0653175 1.22512 1.18582 6.75201 6.27647 3.77057 3.46845 0 0 0 1 1 65730 718.551
51.8672 1 0.065182 1.22514 1.18597 6.67545 6.28075 3.69216 3.47101 0 0 0 1 1 65740 718.66
51.8751 1 0.0650453 1.22516 1.1861 6.59093 6.28419 3.60583 3.47273 0 0 0 1 1 65750 718.769
51.883 1 0.0649072 1.22519 1.18624 6.49964 6.28672 3.51278 3.47354 0 0 0 1 1 65760 718.878
51.8909 1 0.0647678 1.22522 1.18637 6.40288 6.2883 3.41431 3.4734 0 0 0 1 1 65770 718.987
51.8988 1 0.0646271 1.22524 1.18649 6.30201 6.28888 3.31178 3.47226 0 0 0 1 1 65780 719.096
51.9067 1 0.0644849 1.22528 1.18661 6.19843 6.28845 3.20659 3.47011 0 0 0 1 1 65790 719.205
51.9146 1 0.0643414 1.22531 1.18672 6.09352 6.28699 3.10011 3.46693 0 0 0 1 1 65800 719.314
51.9224 1 0.0641965 1.22534 1.18682 5.9886 6.28452 2.99368 3.46274 0 0 0 1 1 65810 719.423
51.9303 1 0.06405 1.22538 1.18693 5.88492 6.28103 2.88855 3.45754 0 0 0 1 1 65820 719.533
51.9382 1 0.0639021 1.22541 1.18702 5.78362 6.27657 2.78584 3.45137 0 0 0 1 1 65830 719.642
51.9461 1 0.0637527 1.22545 1.18712 5.68569 6.27118 2.68656 3.44426 0 0 0 1 1 65840 719.751
51.954 1 0.0636017 1.22549 1.1872 5.59199 6.26489 2.59156 3.43627 0 0 0 1 1 65850 719.86
51.9619 1 0.0634491 1.22553 1.18729 5.50322 6.25777 2.50152 3.42745 0 0 0 1 1 65860 719.969
51.9698 1 0.063295 1.22557 1.18736 5.4199 6.24987 2.41698 3.41785 0 0 0 1 1 65870 720.078
51.9777 1 0.0631392 1.22561 1.18744 5.34242 6.24126 2.33833 3.40755 0 0 0 1 1 65880 720.187
51.9856 1 0.0629817 1.22566 1.18751 5.27102 6.23201 2.26579 3.39661 0 0 0 1 1 65890 720.296
51.9935 1 0.0628226 1.2257 1.18757 5.20581 6.22217 2.19948 3.38509 0 0 0 1 1 65900 720.405
52.0013 1 0.0626618 1.22575 1.18763 5.14679 6.21182 2.13938 3.37307 0 0 0 1 1 65910 720.514
52.0092 1 0.0624993 1.2258 1.18769 5.09384 6.20103 2.08539 3.36061 0 0 0 1 1 65920 720.623
52.0171 1 0.062335 1.22584 1.18774 5.0468 6.18985 2.03733 3.34777 0 0 0 1 1 65930 720.732
52.025 1 0.0621691 1.22589 1.18779 5.00543 6.17835 1.99496 3.33461 0 0 0 1 1 65940 720.841
52.0329 1 0.0620013 1.22594 1.18783 4.96945 6.16659 1.958 3.3212 0 0 0 1 1 65950 720.951
52.0408 1 0.0618318 1.22599 1.18788 4.93855 6.15461 1.92614 3.30758 0 0 0 1 1 65960 721.06
52.0487 1 0.0616605 1.22604 1.18792 4.91243 6.14247 1.89907 3.29381 0 0 0 1 1 65970 721.169
52.0566 1 0.0614875 1.22609 1.18795 4.89079 6.13022 1.87649 3.27993 0 0 0 1 1 65980 721.278
52.0645 1 0.0613126 1.22615 1.18799 4.87331 6.1179 1.8581 3.26598 0 0 0 1 1 65990 721.387
52.0724 1 0.061136 1.2262 1.18802 4.85974 6.10555 1.8436 3.25202 0 0 0 1 1 66000 721.496
52.0802 1 0.0609576 1.22625 1.18805 4.8498 6.09321 1.83276 3.23807 0 0 0 1 1 66010 721.605
52.0881 1 0.0607774 1.2263 1.18808 4.84327 6.08091 1.82532 3.22417 0 0 0 1 1 66020 721.714
52.096 1 0.0605954 1.22636 1.18811 4.83992 6.06869 1.82106 3.21035 0 0 0 1 1 66030 721.823
52.1039 1 0.0604116 1.22641 1.18814 4.83954 6.05657 1.81978 3.19664 0 0 0 1 1 66040 721.932
52.1118 1 0.060226 1.22647 1.18817 4.84194 6.04458 1.82128 3.18307 0 0 0 1 1 66050 722.041
52.1197 1 0.0600386 1.22652 1.1882 4.84693 6.03274 1.82536 3.16966 0 0 0 1 1 66060 722.15
52.1276 1 0.0598494 1.22658 1.18823 4.85427 6.02109 1.8318 3.15644 0 0 0 1 1 66070 722.259
52.1355 1 0.0596585 1.22664 1.18826 4.86376 6.00963 1.84038 3.14342 0 0 0 1 1 66080 722.368
52.1434 1 0.0594658 1.22669 1.18829 4.87513 5.99839 1.85083 3.13063 0 0 0 1 1 66090 722.477
52.1512 1 0.0592714 1.22675 1.18832 4.88808 5.98739 1.86286 3.11807 0 0 0 1 1 66100 722.586
52.1591 1 0.0590752 1.22681 1.18836 4.90228 5.97662 1.87614 3.10577 0 0 0 1 1 66110 722.695
52.167 1 0.0588773 1.22687 1.18839 4.91737 5.96611 1.89029 3.09372 0 0 0 1 1 66120 722.805
52.1749 1 0.0586777 1.22693 1.18843 4.93292 5.95585 1.9049 3.08193 0 0 0 1 1 66130 722.914
52.1828 1 0.0584764 1.22699 1.18846 4.94849 5.94585 1.91953 3.07041 0 0 0 1 1 66140 723.023
52.1907 1 0.0582734 1.22705 1.1885 4.96362 5.9361 1.93369 3.05913 0 0 0 1 1 66150 723.132
52.1986 1 0.0580687 1.22711 1.18854 4.9778 5.92659 1.94692 3.04811 0 0 0 1 1 66160 723.241
52.2065 1 0.0578624 1.22717 1.18859 4.99058 5.9173 1.95872 3.03732 0 0 0 1 1 66170 723.35
52.2144 1 0.0576545 1.22724 1.18863 5.00148 5.90823 1.96866 3.02674 0 0 0 1 1 66180 723.46
52.2223 1 0.057445 1.2273 1.18867 5.01012 5.89933 1.97631 3.01635 0 0 0 1 1 66190 723.569
52.2301 1 0.0572338 1.22737 1.18872 5.01612 5.8906 1.98134 3.00612 0 0 0 1 1 66200 723.678
52.238 1 0.0570211 1.22743 1.18877 5.01924 5.882 1.98347 2.99603 0 0 0 1 1 66210 723.787
52.2459 1 0.0568069 1.2275 1.18882 5.01931 5.87349 1.98256 2.98604 0 0 0 1 1 66220 723.896
52.2538 1 0.0565911 1.22757 1.18887 5.01627 5.86506 1.97853 2.97613 0 0 0 1 1 66230 724.005
52.2617 1 0.0563737 1.22763 1.18892 5.01018 5.85666 1.97146 2.96626 0 0 0 1 1 66240 724.114
52.2696 1 0.0561549 1.2277 1.18897 5.00121 5.84826 1.96152 2.95639 0 0 0 1 1 66250 724.223
52.2775 1 0.0559346 1.22777 1.18902 4.98965 5.83985 1.94899 2.94652 0 0 0 1 1 66260 724.332
52.2854 1 0.0557128 1.22784 1.18907 4.97588 5.83139 1.93426 2.9366 0 0 0 1 1 66270 724.441
52.2933 1 0.0554895 1.22792 1.18913 4.96036 5.82287 1.91778 2.92663 0 0 0 1 1 66280 724.55
52.3012 1 0.0552648 1.22799 1.18918 4.9436 5.81428 1.90008 2.91659 0 0 0 1 1 66290 724.659
52.309 1 0.0550387 1.22806 1.18924 4.92617 5.8056 1.88171 2.90646 0 0 0 1 1 66300 724.768
52.3169 1 0.0548111 1.22814 1.18929 4.90863 5.79683 1.86325 2.89626 0 0 0 1 1 66310 724.878
52.3248 1 0.0545821 1.22821 1.18934 4.89155 5.78798 1.84524 2.88597 0 0 0 1 1 66320 724.987
52.3327 1 0.0543517 1.22829 1.1894 4.87545 5.77905 1.82823 2.87562 0 0 0 1 1 66330 725.096
52.3406 1 0.05412 1.22836 1.18945 4.86081 5.77006 1.8127 2.86521 0 0 0 1 1 66340 725.205
52.3485 1 0.0538868 1.22844 1.18951 4.84808 5.76102 1.79907 2.85475 0 0 0 1 1 66350 725.314
52.3564 1 0.0536523 1.22852 1.18956 4.83762 5.75196 1.78772 2.84428 0 0 0 1 1 66360 725.423
52.3643 1 0.0534165 1.2286 1.18962 4.82972 5.7429 1.77894 2.83381 0 0 0 1 1 66370 725.532
52.3722 1 0.0531794 1.22868 1.18967 4.82464 5.73387 1.77298 2.82337 0 0 0 1 1 66380 725.641
52.3801 1 0.0529409 1.22876 1.18972 4.82255 5.72489 1.77001 2.813 0 0 0 1 1 66390 725.75
52.3879 1 0.0527012 1.22884 1.18977 4.82358 5.71599 1.77016 2.80271 0 0 0 1 1 66400 725.859
52.3958 1 0.0524602 1.22892 1.18982 4.82782 5.70721 1.77353 2.79254 0 0 0 1 1 66410 725.969
52.4037 1 0.0522179 1.229 1.18987 4.83532 5.69858 1.78015 2.78253 0 0 0 1 1 66420 726.078
52.4116 1 0.0519745 1.22909 1.18992 4.84611 5.69012 1.79005 2.7727 0 0 0 1 1 66430 726.187
52.4195 1 0.0517298 1.22917 1.18997 4.86019 5.68187 1.80324 2.76308 0 0 0 1 1 66440 726.296
52.4274 1 0.0514839 1.22925 1.19002 4.87755 5.67386 1.8197 2.7537 0 0 0 1 1 66450 726.405
52.4353 1 0.0512369 1.22934 1.19006 4.89815 5.66612 1.83939 2.74459 0 0 0 1 1 66460 726.514
52.4432 1 0.0509888 1.22942 1.19011 4.92196 5.65868 1.86228 2.73579 0 0 0 1 1 66470 726.623
52.4511 1 0.0507395 1.22951 1.19015 4.9489 5.65155 1.8883 2.72731 0 0 0 1 1 66480 726.732
52.4589 1 0.0504892 1.2296 1.19019 4.97891 5.64479 1.91736 2.7192 0 0 0 1 1 66490 726.841
52.4668 1 0.0502378 1.22968 1.19024 5.01186 5.6384 1.94935 2.71146 0 0 0 1 1 66500 726.95
52.4747 1 0.0499853 1.22977 1.19028 5.04762 5.63241 1.98414 2.70413 0 0 0 1 1 66510 727.059
52.4826 1 0.0497319 1.22986 1.19031 5.08601 5.62685 2.02153 2.69723 0 0 0 1 1 66520 727.168
52.4905 1 0.0494776 1.22995 1.19035 5.12681 5.62174 2.06132 2.69078 0 0 0 1 1 66530 727.277
52.4984 1 0.0492223 1.23004 1.19039 5.16974 5.61709 2.10322 2.6848 0 0 0 1 1 66540 727.386
52.5063 1 0.0489661 1.23013 1.19042 5.21449 5.61292 2.14691 2.67931 0 0 0 1 1 66550 727.495
52.5142 1 0.048709 1.23022 1.19046 5.26065 5.60924 2.19199 2.6743 0 0 0 1 1 66560 727.604
52.5221 1 0.0484511 1.23032 1.19049 5.30779 5.60606 2.23804 2.66979 0 0 0 1 1 66570 727.714
52.53 1 0.0481925 1.23041 1.19052 5.35541 5.60338 2.28453 2.66579 0 0 0 1 1 66580 727.823
52.5378 1 0.0479331 1.23051 1.19056 5.40293 5.60119 2.33091 2.66228 0 0 0 1 1 66590 727.932
52.5457 1 0.0476729 1.2306 1.19059 5.44975 5.59949 2.37656 2.65926 0 0 0 1 1 66600 728.041
52.5536 1 0.0474121 1.2307 1.19062 5.49519 5.59826 2.42081 2.65672 0 0 0 1 1 66610 728.15
52.5615 1 0.0471506 1.23079 1.19064 5.53857 5.59748 2.46298 2.65462 0 0 0 1 1 66620 728.259
52.5694 1 0.0468886 1.23089 1.19067 5.57914 5.59712 2.50232 2.65295 0 0 0 1 1 66630 728.368
52.5773 1 0.0466259 1.23099 1.1907 5.61618 5.59715 2.5381 2.65166 0 0 0 1 1 66640 728.477
52.5852 1 0.0463628 1.23109 1.19072 5.64894 5.59752 2.56959 2.65071 0 0 0 1 1 66650 728.587
52.5931 1 0.0460991 1.2312 1.19075 5.6767 5.59818 2.59608 2.65006 0 0 0 1 1 66660 728.696
52.601 1 0.045835 1.2313 1.19077 5.69881 5.59908 2.6169 2.64965 0 0 0 1 1 66670 728.805
52.6089 1 0.0455704 1.2314 1.19079 5.71466 5.60016 2.63144 2.64941 0 0 0 1 1 66680 728.914
52.6167 1 0.0453054 1.23151 1.19081 5.72372 5.60134 2.6392 2.64928 0 0 0 1 1 66690 729.023
52.6246 1 0.0450401 1.23162 1.19083 5.7256 5.60256 2.63977 2.64919 0 0 0 1 1 66700 729.132
52.6325 1 0.0447743 1.23172 1.19084 5.72001 5.60375 2.63287 2.64907 0 0 0 1 1 66710 729.241
52.6404 1 0.0445083 1.23183 1.19085 5.70683 5.60483 2.61839 2.64883 0 0 0 1 1 66720 729.35
52.6483 1 0.0442419 1.23194 1.19086 5.68608 5.60573 2.59635 2.64842 0 0 0 1 1 66730 729.459
52.6562 1 0.0439752 1.23205 1.19087 5.65797 5.60638 2.56696 2.64775 0 0 0 1 1 66740 729.568
52.6641 1 0.0437082 1.23217 1.19088 5.62286 5.6067 2.53058 2.64676 0 0 0 1 1 66750 729.677
52.672 1 0.0434409 1.23228 1.19088 5.58129 5.60664 2.48777 2.64539 0 0 0 1 1 66760 729.786
52.6799 1 0.0431734 1.2324 1.19088 5.53394 5.60614 2.4392 2.64358 0 0 0 1 1 66770 729.895
52.6878 1 0.0429056 1.23251 1.19087 5.48164 5.60515 2.3857 2.64127 0 0 0 1 1 66780 730.004
52.6956 1 0.0426375 1.23263 1.19087 5.4253 5.60362 2.3282 2.63845 0 0 0 1 1 66790 730.113
52.7035 1 0.0423691 1.23275 1.19086 5.36591 5.60155 2.26767 2.63506 0 0 0 1 1 66800 730.223
52.7114 1 0.0421005 1.23287 1.19085 5.30452 5.59889 2.20518 2.6311 0 0 0 1 1 66810 730.332
52.7193 1 0.0418316 1.23299 1.19083 5.24216 5.59565 2.14173 2.62655 0 0 0 1 1 66820 730.441
52.7272 1 0.0415624 1.23311 1.19081 5.17982 5.59182 2.07835 2.62143 0 0 0 1 1 66830 730.551
52.7351 1 0.0412929 1.23323 1.19079 5.11843 5.58743 2.01596 2.61573 0 0 0 1 1 66840 730.661
52.743 1 0.0410232 1.23335 1.19077 5.05885 5.58248 1.95539 2.60949 0 0 0 1 1 66850 730.77
52.7509 1 0.0407531 1.23348 1.19074 5.00177 5.577 1.89735 2.60272 0 0 0 1 1 66860 730.879
52.7588 1 0.0404828 1.2336 1.19071 4.94778 5.57103 1.84244 2.59546 0 0 0 1 1 66870 730.989
52.7666 1 0.0402121 1.23373 1.19068 4.89731 5.56461 1.79107 2.58776 0 0 0 1 1 66880 731.098
52.7745 1 0.0399412 1.23385 1.19064 4.85063 5.55777 1.74352 2.57964 0 0 0 1 1 66890 731.207
52.7824 1 0.0396699 1.23398 1.1906 4.80789 5.55056 1.69992 2.57116 0 0 0 1 1 66900 731.317
52.7903 1 0.0393983 1.2341 1.19056 4.76908 5.54303 1.66028 2.56235 0 0 0 1 1 66910 731.427
52.7982 1 0.0391265 1.23423 1.19051 4.73408 5.5352 1.62447 2.55325 0 0 0 1 1 66920 731.536
52.8061 1 0.0388543 1.23435 1.19047 4.70266 5.52713 1.59225 2.54392 0 0 0 1 1 66930 731.645
52.814 1 0.0385818 1.23448 1.19042 4.67451 5.51884 1.56332 2.53437 0 0 0 1 1 66940 731.754
52.8219 1 0.038309 1.2346 1.19036 4.64925 5.51038 1.53729 2.52465 0 0 0 1 1 66950 731.864
52.8298 1 0.0380359 1.23473 1.19031 4.62647 5.50176 1.51375 2.51479 0 0 0 1 1 66960 731.973
52.8377 1 0.0377625 1.23485 1.19025 4.60574 5.49302 1.49228 2.5048 0 0 0 1 1 66970 732.082
52.8455 1 0.0374888 1.23498 1.19019 4.58663 5.48416 1.47244 2.49471 0 0 0 1 1 66980 732.191
52.8534 1 0.0372148 1.2351 1.19013 4.56876 5.47522 1.45384 2.48452 0 0 0 1 1 66990 732.302
52.8613 1 0.0369405 1.23522 1.19007 4.55174 5.46618 1.43611 2.47426 0 0 0 1 1 67000 732.411
52.8692 1 0.0366659 1.23535 1.19001 4.53527 5.45708 1.41893 2.46393 0 0 0 1 1 67010 732.52
52.8771 1 0.036391 1.23547 1.18994 4.5191 5.4479 1.40206 2.45354 0 0 0 1 1 67020 732.629
52.885 1 0.0361159 1.23559 1.18988 4.50304 5.43865 1.38531 2.44308 0 0 0 1 1 67030 732.738
52.8929 1 0.0358404 1.23571 1.18982 4.48696 5.42934 1.36855 2.43256 0 0 0 1 1 67040 732.847
52.9008 1 0.0355647 1.23583 1.18975 4.4708 5.41996 1.35172 2.42197 0 0 0 1 1 67050 732.956
52.9087 1 0.0352886 1.23595 1.18969 4.45457 5.41051 1.33482 2.41133 0 0 0 1 1 67060 733.065
52.9166 1 0.0350123 1.23607 1.18963 4.4383 5.401 1.31789 2.40062 0 0 0 1 1 67070 733.174
52.9244 1 0.0347357 1.23619 1.18957 4.42209 5.39142 1.30103 2.38985 0 0 0 1 1 67080 733.283
52.9323 1 0.0344588 1.23631 1.18951 4.40604 5.38177 1.28434 2.37903 0 0 0 1 1 67090 733.393
52.9402 1 0.0341817 1.23643 1.18945 4.39027 5.37206 1.26794 2.36814 0 0 0 1 1 67100 733.502
52.9481 1 0.0339043 1.23654 1.18939 4.3749 5.3623 1.25194 2.35721 0 0 0 1 1 67110 733.611
52.956 1 0.0336266 1.23666 1.18934 4.36003 5.35248 1.23646 2.34622 0 0 0 1 1 67120 733.72
52.9639 1 0.0333486 1.23677 1.18929 4.34573 5.34262 1.22155 2.3352 0 0 0 1 1 67130 733.829
52.9718 1 0.0330704 1.23689 1.18924 4.33205 5.33271 1.20727 2.32414 0 0 0 1 1 67140 733.938
52.9797 1 0.0327919 1.237 1.18919 4.31899 5.32277 1.19362 2.31305 0 0 0 1 1 67150 734.047
52.9876 1 0.0325132 1.23711 1.18915 4.3065 5.31281 1.18054 2.30194 0 0 0 1 1 67160 734.156
52.9955 1 0.0322343 1.23723 1.18911 4.2945 5.30282 1.16795 2.29081 0 0 0 1 1 67170 734.265
53.0033 1 0.0319551 1.23734 1.18907 4.28287 5.29281 1.15575 2.27968 0 0 0 1 1 67180 734.374
53.0112 1 0.0316757 1.23745 1.18903 4.27148 5.28279 1.14379 2.26853 0 0 0 1 1 67190 734.483
53.0191 1 0.0313962 1.23756 1.189 4.26018 5.27276 1.13193 2.25737 0 0 0 1 1 67200 734.592
53.027 1 0.0311164 1.23766 1.18897 4.24884 5.26271 1.12002 2.24621 0 0 0 1 1 67210 734.701
53.0349 1 0.0308364 1.23777 1.18894 4.23733 5.25265 1.10797 2.23504 0 0 0 1 1 67220 734.81
53.0428 1 0.0305563 1.23788 1.18891 4.22559 5.24258 1.09568 2.22386 0 0 0 1 1 67230 734.919
53.0507 1 0.0302761 1.23799 1.18889 4.2136 5.23248 1.08315 2.21267 0 0 0 1 1 67240 735.028
53.0586 1 0.0299957 1.23809 1.18887 4.20141 5.22237 1.07042 2.20146 0 0 0 1 1 67250 735.138
53.0665 1 0.0297152 1.2382 1.18885 4.18913 5.21224 1.05762 2.19024 0 0 0 1 1 67260 735.247
53.0743 1 0.0294346 1.2383 1.18883 4.17698 5.20208 1.04495 2.179 0 0 0 1 1 67270 735.356
53.0822 1 0.0291539 1.23841 1.18882 4.16521 5.19191 1.03267 2.16775 0 0 0 1 1 67280 735.465
53.0901 1 0.0288732 1.23851 1.1888 4.15418 5.18172 1.02112 2.15649 0 0 0 1 1 67290 735.574
53.098 1 0.0285924 1.23861 1.18879 4.14425 5.17154 1.0107 2.14524 0 0 0 1 1 67300 735.683
53.1059 1 0.0283116 1.23871 1.18878 4.13587 5.16136 1.00181 2.134 0 0 0 1 1 67310 735.792
53.1138 1 0.0280307 1.23881 1.18877 4.12945 5.15121 0.994896 2.1228 0 0 0 1 1 67320 735.901
53.1217 1 0.0277499 1.23891 1.18876 4.12542 5.14111 0.990374 2.11165 0 0 0 1 1 67330 736.01
53.1296 1 0.0274691 1.23901 1.18876 4.12417 5.13109 0.988635 2.10058 0 0 0 1 1 67340 736.119
53.1375 1 0.0271884 1.23911 1.18875 4.12604 5.12117 0.990019 2.08962 0 0 0 1 1 67350 736.228
53.1454 1 0.0269077 1.23921 1.18875 4.13131 5.11138 0.994798 2.0788 0 0 0 1 1 67360 736.338
53.1532 1 0.0266271 1.2393 1.18875 4.14017 5.10176 1.00316 2.06816 0 0 0 1 1 67370 736.447
53.1611 1 0.0263466 1.2394 1.18875 4.15274 5.09234 1.01523 2.05772 0 0 0 1 1 67380 736.556
53.169 1 0.0260663 1.23949 1.18875 4.16901 5.08316 1.031 2.04752 0 0 0 1 1 67390 736.665
53.1769 1 0.0257861 1.23959 1.18875 4.18894 5.07426 1.05041 2.0376 0 0 0 1 1 67400 736.774
53.1848 1 0.0255062 1.23968 1.18876 4.21236 5.06565 1.0733 2.02799 0 0 0 1 1 67410 736.883
53.1927 1 0.0252265 1.23977 1.18876 4.23905 5.05738 1.09945 2.01871 0 0 0 1 1 67420 736.992
53.2006 1 0.024947 1.23986 1.18877 4.26873 5.04947 1.12858 2.0098 0 0 0 1 1 67430 737.101
53.2085 1 0.0246678 1.23995 1.18878 4.30106 5.04194 1.16034 2.00129 0 0 0 1 1 67440 737.21
53.2164 1 0.0243889 1.24004 1.18878 4.33568 5.03482 1.19437 1.99318 0 0 0 1 1 67450 737.319
53.2243 1 0.0241104 1.24012 1.18879 4.37219 5.02813 1.23028 1.98549 0 0 0 1 1 67460 737.428
53.2321 1 0.0238323 1.24021 1.1888 4.4102 5.02186 1.26768 1.97825 0 0 0 1 1 67470 737.537
53.24 1 0.0235546 1.24029 1.18881 4.44932 5.01604 1.30615 1.97145 0 0 0 1 1 67480 737.646
53.2479 1 0.0232773 1.24038 1.18883 4.48915 5.01067 1.34532 1.9651 0 0 0 1 1 67490 737.755
53.2558 1 0.0230005 1.24046 1.18884 4.52931 5.00575 1.38481 1.9592 0 0 0 1 1 67500 737.865
53.2637 1 0.0227243 1.24054 1.18885 4.56944 5.00127 1.42424 1.95376 0 0 0 1 1 67510 737.974
53.2716 1 0.0224485 1.24062 1.18886 4.60921 4.99723 1.46329 1.94875 0 0 0 1 1 67520 738.083
53.2795 1 0.0221734 1.2407 1.18888 4.64828 4.99361 1.50163 1.94417 0 0 0 1 1 67530 738.192
53.2874 1 0.0218988 1.24078 1.18889 4.68635 4.99041 1.53894 1.94001 0 0 0 1 1 67540 738.301
53.2953 1 0.0216249 1.24086 1.18891 4.72313 4.98762 1.57495 1.93625 0 0 0 1 1 67550 738.41
53.3032 1 0.0213517 1.24094 1.18893 4.75833 4.9852 1.60936 1.93288 0 0 0 1 1 67560 738.519
53.311 1 0.0210792 1.24101 1.18894 4.79169 4.98315 1.64191 1.92986 0 0 0 1 1 67570 738.628
53.3189 1 0.0208074 1.24109 1.18896 4.82294 4.98143 1.67234 1.92719 0 0 0 1 1 67580 738.737
53.3268 1 0.0205363 1.24116 1.18898 4.85184 4.98003 1.7004 1.92483 0 0 0 1 1 67590 738.846
53.3347 1 0.0202661 1.24123 1.189 4.87813 4.97891 1.72585 1.92276 0 0 0 1 1 67600 738.956
53.3426 1 0.0199967 1.2413 1.18902 4.90158 4.97804 1.74843 1.92094 0 0 0 1 1 67610 739.065
53.3505 1 0.0197281 1.24138 1.18904 4.92196 4.9774 1.76794 1.91935 0 0 0 1 1 67620 739.174
53.3584 1 0.0194604 1.24145 1.18906 4.93903 4.97695 1.78413 1.91795 0 0 0 1 1 67630 739.283
53.3663 1 0.0191935 1.24151 1.18909 4.95261 4.97666 1.79682 1.9167 0 0 0 1 1 67640 739.392
53.3742 1 0.0189276 1.24158 1.18911 4.9625 4.97647 1.80581 1.91557 0 0 0 1 1 67650 739.501
53.382 1 0.0186627 1.24165 1.18914 4.96852 4.97637 1.81094 1.91452 0 0 0 1 1 67660 739.61
53.3899 1 0.0183987 1.24172 1.18916 4.97056 4.97631 1.81208 1.91351 0 0 0 1 1 67670 739.719
53.3978 1 0.0181356 1.24178 1.18919 4.9685 4.97625 1.80913 1.9125 0 0 0 1 1 67680 739.828
53.4057 1 0.0178736 1.24185 1.18922 4.9623 4.97614 1.80203 1.91144 0 0 0 1 1 67690 739.937
53.4136 1 0.0176127 1.24192 1.18925 4.95193 4.97595 1.79077 1.9103 0 0 0 1 1 67700 740.046
53.4215 1 0.0173527 1.24198 1.18928 4.93747 4.97564 1.77542 1.90905 0 0 0 1 1 67710 740.155
53.4294 1 0.0170938 1.24204 1.18931 4.91901 4.97516 1.75609 1.90763 0 0 0 1 1 67720 740.264
53.4373 1 0.016836 1.24211 1.18934 4.89676 4.97449 1.73297 1.90601 0 0 0 1 1 67730 740.373
53.4452 1 0.0165793 1.24217 1.18937 4.87097 4.97359 1.70634 1.90416 0 0 0 1 1 67740 740.482
53.4531 1 0.0163237 1.24223 1.1894 4.842 4.97242 1.67653 1.90205 0 0 0 1 1 67750 740.592
53.4609 1 0.0160692 1.24229 1.18943 4.81027 4.97097 1.64397 1.89965 0 0 0 1 1 67760 740.701
53.4688 1 0.0158158 1.24236 1.18946 4.77628 4.9692 1.60917 1.89694 0 0 0 1 1 67770 740.81
53.4767 1 0.0155635 1.24242 1.18949 4.74059 4.9671 1.5727 1.89391 0 0 0 1 1 67780 740.919
53.4846 1 0.0153123 1.24248 1.18952 4.70383 4.96467 1.53517 1.89054 0 0 0 1 1 67790 741.028
53.4925 1 0.0150623 1.24254 1.18955 4.66667 4.9619 1.49726 1.88683 0 0 0 1 1 67800 741.137
53.5004 1 0.0148135 1.2426 1.18958 4.62979 4.95878 1.45965 1.88278 0 0 0 1 1 67810 741.246
53.5083 1 0.0145658 1.24265 1.1896 4.59388 4.95534 1.42302 1.87841 0 0 0 1 1 67820 741.356
53.5162 1 0.0143192 1.24271 1.18963 4.5596 4.95159 1.38805 1.87373 0 0 0 1 1 67830 741.465
53.5241 1 0.0140738 1.24277 1.18966 4.52756 4.94755 1.35533 1.86876 0 0 0 1 1 67840 741.574
53.532 1 0.0138296 1.24283 1.18968 4.4983 4.94325 1.32541 1.86353 0 0 0 1 1 67850 741.683
53.5398 1 0.0135866 1.24288 1.18971 4.47227 4.93872 1.29873 1.85808 0 0 0 1 1 67860 741.792
53.5477 1 0.0133448 1.24294 1.18973 4.44981 4.93399 1.27563 1.85243 0 0 0 1 1 67870 741.901
53.5556 1 0.0131041 1.24299 1.18975 4.43113 4.92911 1.25632 1.84664 0 0 0 1 1 67880 742.01
53.5635 1 0.0128647 1.24304 1.18977 4.4163 4.92412 1.24088 1.84073 0 0 0 1 1 67890 742.119
53.5714 1 0.0126264 1.2431 1.18979 4.40528 4.91905 1.22924 1.83475 0 0 0 1 1 67900 742.228
53.5793 1 0.0123894 1.24315 1.1898 4.39787 4.91394 1.22122 1.82873 0 0 0 1 1 67910 742.337
53.5872 1 0.0121536 1.2432 1.18982 4.39376 4.90883 1.21651 1.82271 0 0 0 1 1 67920 742.446
53.5951 1 0.0119191 1.24325 1.18983 4.39253 4.90374 1.21467 1.81672 0 0 0 1 1 67930 742.556
53.603 1 0.0116858 1.24329 1.18984 4.39365 4.8987 1.2152 1.81079 0 0 0 1 1 67940 742.665
53.6109 1 0.0114537 1.24334 1.18985 4.39655 4.89374 1.21749 1.80493 0 0 0 1 1 67950 742.774
53.6187 1 0.011223 1.24339 1.18986 4.40056 4.88885 1.2209 1.79915 0 0 0 1 1 67960 742.883
53.6266 1 0.0109935 1.24343 1.18987 4.40502 4.88406 1.22476 1.79347 0 0 0 1 1 67970 742.992
53.6345 1 0.0107653 1.24347 1.18987 4.40924 4.87936 1.22837 1.78788 0 0 0 1 1 67980 743.101
53.6424 1 0.0105384 1.24352 1.18988 4.41256 4.87475 1.23108 1.78238 0 0 0 1 1 67990 743.21
53.6503 1 0.0103128 1.24356 1.18988 4.41435 4.8702 1.23225 1.77695 0 0 0 1 1 68000 743.319
53.6582 1 0.0100886 1.2436 1.18988 4.41402 4.86571 1.23131 1.77158 0 0 0 1 1 68010 743.428
53.6661 1 0.00986563 1.24363 1.18988 4.41108 4.86124 1.22776 1.76623 0 0 0 1 1 68020 743.537
53.674 1 0.00964402 1.24367 1.18988 4.4051 4.85677 1.22118 1.76089 0 0 0 1 1 68030 743.646
53.6819 1 0.00942372 1.2437 1.18988 4.39576 4.85227 1.21124 1.75552 0 0 0 1 1 68040 743.755
53.6897 1 0.00920475 1.24373 1.18988 4.38283 4.8477 1.1977 1.75008 0 0 0 1 1 68050 743.864
53.6976 1 0.00898711 1.24377 1.18989 4.36616 4.84303 1.18045 1.74454 0 0 0 1 1 68060 743.973
53.7055 1 0.00877079 1.2438 1.18989 4.34573 4.83822 1.15944 1.73887 0 0 0 1 1 68070 744.083
53.7134 1 0.00855578 1.24382 1.18989 4.32158 4.83323 1.13472 1.73302 0 0 0 1 1 68080 744.192
53.7213 1 0.00834209 1.24385 1.1899 4.29386 4.82804 1.10644 1.72697 0 0 0 1 1 68090 744.301
53.7292 1 0.0081297 1.24387 1.1899 4.26275 4.82261 1.0748 1.72069 0 0 0 1 1 68100 744.41
53.7371 1 0.00791861 1.2439 1.18991 4.22854 4.8169 1.04006 1.71413 0 0 0 1 1 68110 744.519
53.745 1 0.00770881 1.24392 1.18992 4.19151 4.8109 1.00252 1.70728 0 0 0 1 1 68120 744.628
53.7529 1 0.00750029 1.24394 1.18993 4.15199 4.80458 0.962523 1.70012 0 0 0 1 1 68130 744.737
53.7608 1 0.00729303 1.24395 1.18995 4.11034 4.79792 0.920402 1.69262 0 0 0 1 1 68140 744.846
53.7686 1 0.00708704 1.24397 1.18997 4.06689 4.79091 0.876507 1.68477 0 0 0 1 1 68150 744.955
53.7765 1 0.0068823 1.24398 1.18999 4.02197 4.78352 0.831173 1.67655 0 0 0 1 1 68160 745.064
53.7844 1 0.00667881 1.244 1.19001 3.97592 4.77577 0.784715 1.66796 0 0 0 1 1 68170 745.173
53.7923 1 0.00647654 1.24401 1.19004 3.92901 4.76762 0.737428 1.659 0 0 0 1 1 68180 745.283
53.8002 1 0.0062755 1.24402 1.19006 3.88151 4.7591 0.689582 1.64965 0 0 0 1 1 68190 745.392
53.8081 1 0.00607567 1.24403 1.1901 3.83368 4.75018 0.641423 1.63992 0 0 0 1 1 68200 745.501
53.816 1 0.00587705 1.24403 1.19013 3.78574 4.74089 0.59318 1.62981 0 0 0 1 1 68210 745.61
53.8239 1 0.00567964 1.24404 1.19017 3.73792 4.73121 0.545073 1.61933 0 0 0 1 1 68220 745.719
53.8318 1 0.00548341 1.24404 1.19021 3.69042 4.72115 0.49732 1.60848 0 0 0 1 1 68230 745.828
53.8397 1 0.00528838 1.24405 1.19025 3.64349 4.71074 0.450151 1.59726 0 0 0 1 1 68240 745.937
53.8475 1 0.00509454 1.24405 1.19029 3.59736 4.69996 0.403813 1.5857 0 0 0 1 1 68250 746.046
53.8554 1 0.00490187 1.24405 1.19033 3.55232 4.68884 0.358585 1.5738 0 0 0 1 1 68260 746.155
53.8633 1 0.00471039 1.24405 1.19038 3.50868 4.6774 0.314783 1.56158 0 0 0 1 1 68270 746.264
53.8712 1 0.00452008 1.24404 1.19043 3.46681 4.66564 0.272763 1.54905 0 0 0 1 1 68280 746.373
53.8791 1 0.00433095 1.24404 1.19048 3.42709 4.6536 0.232923 1.53625 0 0 0 1 1 68290 746.482
53.887 1 0.00414299 1.24403 1.19053 3.38997 4.64131 0.195698 1.52319 0 0 0 1 1 68300 746.591
53.8949 1 0.00395622 1.24403 1.19058 3.35592 4.62878 0.161557 1.50992 0 0 0 1 1 68310 746.7
53.9028 1 0.00377062 1.24402 1.19064 3.32542 4.61606 0.130987 1.49645 0 0 0 1 1 68320 746.81
53.9107 1 0.00358621 1.24401 1.19069 3.29897 4.60319 0.104481 1.48284 0 0 0 1 1 68330 746.919
53.9186 1 0.00340299 1.244 1.19075 3.27706 4.5902 0.0825239 1.46912 0 0 0 1 1 68340 747.028
53.9264 1 0.00322096 1.24399 1.1908 3.26014 4.57716 0.0655688 1.45535 0 0 0 1 1 68350 747.137
53.9343 1 0.00304014 1.24397 1.19086 3.24862 4.5641 0.0540236 1.44158 0 0 0 1 1 68360 747.246
53.9422 1 0.00286054 1.24396 1.19092 3.24286 4.5511 0.0482301 1.42786 0 0 0 1 1 68370 747.355
53.9501 1 0.00268216 1.24394 1.19098 3.2431 4.53819 0.048448 1.41426 0 0 0 1 1 68380 747.464
53.958 1 0.00250503 1.24393 1.19104 3.24952 4.52545 0.0548409 1.40082 0 0 0 1 1 68390 747.573
53.9659 1 0.00232916 1.24391 1.1911 3.26217 4.51293 0.0674646 1.38761 0 0 0 1 1 68400 747.682
53.9738 1 0.00215456 1.24389 1.19116 3.281 4.5007 0.08626 1.37469 0 0 0 1 1 68410 747.792
53.9817 1 0.00198127 1.24387 1.19122 3.30584 4.4888 0.111049 1.36211 0 0 0 1 1 68420 747.901
53.9896 1 0.00180929 1.24385 1.19128 3.33639 4.4773 0.141535 1.34994 0 0 0 1 1 68430 748.01
53.9974 1 0.00163866 1.24383 1.19135 3.37224 4.46624 0.177307 1.33821 0 0 0 1 1 68440 748.119
54.0053 1 0.00146939 1.2438 1.19141 3.41288 4.45567 0.217848 1.32698 0 0 0 1 1 68450 748.228
54.0132 1 0.00130152 1.24378 1.19148 3.4577 4.44563 0.262544 1.31629 0 0 0 1 1 68460 748.337
54.0211 1 0.00113508 1.24375 1.19154 3.506 4.43614 0.310701 1.30615 0 0 0 1 1 68470 748.446
54.029 1 0.000970087 1.24372 1.19161 3.55702 4.42725 0.361558 1.29661 0 0 0 1 1 68480 748.555
54.0369 1 0.000806577 1.24369 1.19168 3.60996 4.41895 0.414306 1.28768 0 0 0 1 1 68490 748.664
54.0448 1 0.000644577 1.24366 1.19174 3.66398 4.41127 0.468106 1.27936 0 0 0 1 1 68500 748.774
54.0527 1 0.000484119 1.24363 1.19181 3.71823 4.40419 0.522107 1.27165 0 0 0 1 1 68510 748.883
54.0606 1 0.000325232 1.2436 1.19188 3.77186 4.39772 0.575461 1.26455 0 0 0 1 1 68520 748.992
54.0685 1 0.000167944 1.24357 1.19195 3.82404 4.39184 0.627347 1.25804 0 0 0 1 1 68530 749.101
54.0763 1 1.22847e-05 1.24353 1.19202 3.874 4.38651 0.676978 1.25209 0 0 0 1 1 68540 749.21
54.0842 1 -0.00014172 1.2435 1.19208 3.92099 4.38171 0.72362 1.24668 0 0 0 1 1 68550 749.319
54.0921 1 -0.000294044 1.24346 1.19215 3.96435 4.37741 0.766604 1.24176 0 0 0 1 1 68560 749.428
54.1 1 -0.000444662 1.24342 1.19222 4.00346 4.37355 0.805332 1.23728 0 0 0 1 1 68570 749.537
54.1079 1 -0.000593553 1.24339 1.19229 4.03783 4.37009 0.839287 1.23321 0 0 0 1 1 68580 749.646
54.1158 1 -0.000740694 1.24335 1.19236 4.067 4.36698 0.868039 1.22949 0 0 0 1 1 68590 749.755
54.1237 1 -0.000886068 1.24331 1.19243 4.09065 4.36416 0.891245 1.22606 0 0 0 1 1 68600 749.864
54.1316 1 -0.00102966 1.24327 1.1925 4.1085 4.36156 0.908653 1.22285 0 0 0 1 1 68610 749.973
54.1395 1 -0.00117145 1.24322 1.19258 4.1204 4.35913 0.920101 1.21982 0 0 0 1 1 68620 750.082
54.1474 1 -0.00131142 1.24318 1.19265 4.12627 4.35682 0.925513 1.2169 0 0 0 1 1 68630 750.192
54.1552 1 -0.00144957 1.24314 1.19272 4.12612 4.35455 0.924896 1.21403 0 0 0 1 1 68640 750.301
54.1631 1 -0.00158589 1.2431 1.19279 4.12001 4.35227 0.918338 1.21115 0 0 0 1 1 68650 750.41
54.171 1 -0.00172038 1.24305 1.19286 4.10812 4.34992 0.905996 1.2082 0 0 0 1 1 68660 750.519
54.1789 1 -0.00185301 1.24301 1.19294 4.09067 4.34744 0.888099 1.20513 0 0 0 1 1 68670 750.628
54.1868 1 -0.0019838 1.24296 1.19301 4.06794 4.34479 0.864931 1.20188 0 0 0 1 1 68680 750.737
54.1947 1 -0.00211275 1.24292 1.19308 4.04026 4.34191 0.836833 1.19841 0 0 0 1 1 68690 750.846
54.2026 1 -0.00223984 1.24287 1.19315 4.00803 4.33877 0.804194 1.19467 0 0 0 1 1 68700 750.965
54.2105 1 -0.00236509 1.24283 1.19323 3.97167 4.33531 0.767443 1.19062 0 0 0 1 1 68710 751.074
54.2184 1 -0.0024885 1.24278 1.1933 3.93164 4.33151 0.727048 1.18623 0 0 0 1 1 68720 751.183
54.2263 1 -0.00261006 1.24273 1.19337 3.88845 4.32734 0.68351 1.18147 0 0 0 1 1 68730 751.292
54.2341 1 -0.0027298 1.24269 1.19345 3.84263 4.32276 0.637359 1.17631 0 0 0 1 1 68740 751.402
54.242 1 -0.0028477 1.24264 1.19352 3.79472 4.31777 0.589153 1.17074 0 0 0 1 1 68750 751.511
54.2499 1 -0.00296378 1.24259 1.19359 3.74532 4.31234 0.539471 1.16473 0 0 0 1 1 68760 751.62
54.2578 1 -0.00307806 1.24255 1.19366 3.69502 4.30648 0.488915 1.15829 0 0 0 1 1 68770 751.729
54.2657 1 -0.00319052 1.2425 1.19373 3.64443 4.30018 0.438101 1.15142 0 0 0 1 1 68780 751.838
54.2736 1 -0.00330119 1.24245 1.1938 3.5942 4.29344 0.38766 1.14411 0 0 0 1 1 68790 751.948
54.2815 1 -0.00341006 1.24241 1.19387 3.54494 4.28627 0.338225 1.13638 0 0 0 1 1 68800 752.057
54.2894 1 -0.00351716 1.24236 1.19394 3.49729 4.2787 0.290426 1.12825 0 0 0 1 1 68810 752.166
54.2973 1 -0.00362248 1.24231 1.194 3.45188 4.27075 0.244881 1.11974 0 0 0 1 1 68820 752.275
54.3051 1 -0.00372603 1.24226 1.19407 3.40929 4.26244 0.20218 1.11087 0 0 0 1 1 68830 752.384
54.313 1 -0.00382782 1.24222 1.19413 3.37007 4.25381 0.162873 1.1017 0 0 0 1 1 68840 752.493
54.3209 1 -0.00392785 1.24217 1.19419 3.33473 4.2449 0.127459 1.09224 0 0 0 1 1 68850 752.603
54.3288 1 -0.00402613 1.24212 1.19424 3.30369 4.23576 0.0963658 1.08256 0 0 0 1 1 68860 752.712
54.3367 1 -0.00412267 1.24208 1.1943 3.27731 4.22642 0.0699411 1.07269 0 0 0 1 1 68870 752.821
54.3446 1 -0.00421746 1.24203 1.19435 3.25583 4.21694 0.0484373 1.06268 0 0 0 1 1 68880 752.93
54.3525 1 -0.00431051 1.24198 1.1944 3.23942 4.20737 0.0320027 1.05258 0 0 0 1 1 68890 753.039
54.3604 1 -0.00440181 1.24193 1.19445 3.2281 4.19776 0.020675 1.04245 0 0 0 1 1 68900 753.149
54.3683 1 -0.00449137 1.24189 1.19449 3.22181 4.18816 0.0143771 1.03234 0 0 0 1 1 68910 753.258
54.3762 1 -0.00457919 1.24184 1.19454 3.22036 4.17862 0.0129178 1.02229 0 0 0 1 1 68920 753.367
54.384 1 -0.00466526 1.24179 1.19458 3.22344 4.16918 0.0159963 1.01235 0 0 0 1 1 68930 753.476
54.3919 1 -0.00474957 1.24174 1.19461 3.23067 4.15989 0.0232091 1.00256 0 0 0 1 1 68940 753.586
54.3998 1 -0.00483213 1.24169 1.19465 3.24153 4.15078 0.0340612 0.992961 0 0 0 1 1 68950 753.695
54.4077 1 -0.00491293 1.24164 1.19468 3.25547 4.14189 0.0479797 0.983579 0 0 0 1 1 68960 753.805
54.4156 1 -0.00499196 1.2416 1.19471 3.27185 4.13324 0.0643294 0.974441 0 0 0 1 1 68970 753.914
54.4235 1 -0.00506923 1.24155 1.19473 3.28999 4.12484 0.0824294 0.965564 0 0 0 1 1 68980 754.024
54.4314 1 -0.00514471 1.2415 1.19476 3.30917 4.11671 0.101571 0.956959 0 0 0 1 1 68990 754.133
54.4393 1 -0.00521841 1.24145 1.19478 3.32869 4.10886 0.121036 0.94863 0 0 0 1 1 69000 754.242
54.4472 1 -0.00529033 1.2414 1.1948 3.34784 4.10127 0.140113 0.940573 0 0 0 1 1 69010 754.352
54.4551 1 -0.00536046 1.24135 1.19482 3.36591 4.09394 0.158113 0.932779 0 0 0 1 1 69020 754.461
54.4629 1 -0.0054288 1.2413 1.19483 3.38227 4.08685 0.174387 0.92523 0 0 0 1 1 69030 754.571
54.4708 1 -0.00549534 1.24124 1.19485 3.3963 4.07998 0.188332 0.917904 0 0 0 1 1 69040 754.68
54.4787 1 -0.00556009 1.24119 1.19486 3.40748 4.0733 0.199409 0.910773 0 0 0 1 1 69050 754.79
54.4866 1 -0.00562305 1.24114 1.19487 3.41532 4.06678 0.207146 0.903803 0 0 0 1 1 69060 754.899
54.4945 1 -0.00568422 1.24109 1.19488 3.41942 4.06038 0.211145 0.896959 0 0 0 1 1 69070 755.009
54.5024 1 -0.0057436 1.24103 1.19489 3.41946 4.05407 0.211085 0.890199 0 0 0 1 1 69080 755.118
54.5103 1 -0.0058012 1.24098 1.1949 3.4152 4.04779 0.20672 0.883483 0 0 0 1 1 69090 755.227
54.5182 1 -0.00585704 1.24093 1.19491 3.40647 4.04151 0.197884 0.876765 0 0 0 1 1 69100 755.337
54.5261 1 -0.00591111 1.24087 1.19493 3.39316 4.03518 0.184482 0.870002 0 0 0 1 1 69110 755.446
54.534 1 -0.00596342 1.24082 1.19494 3.37525 4.02875 0.166487 0.863148 0 0 0 1 1 69120 755.555
54.5418 1 -0.006014 1.24076 1.19495 3.35278 4.02219 0.143937 0.85616 0 0 0 1 1 69130 755.665
54.5497 1 -0.00606285 1.24071 1.19496 3.32583 4.01545 0.116924 0.848993 0 0 0 1 1 69140 755.774
54.5576 1 -0.00610998 1.24065 1.19498 3.29455 4.00848 0.0855929 0.841608 0 0 0 1 1 69150 755.883
54.5655 1 -0.00615542 1.24059 1.19499 3.25912 4.00125 0.0501306 0.833964 0 0 0 1 1 69160 755.992
54.5734 1 -0.00619918 1.24053 1.19501 3.21976 3.99372 0.0107625 0.826024 0 0 0 1 1 69170 756.102
54.5813 1 -0.00624127 1.24048 1.19503 3.17674 3.98586 -0.0322531 0.817754 0 0 0 1 1 69180 756.211
54.5892 1 -0.00628172 1.24042 1.19505 3.13034 3.97763 -0.0786289 0.809123 0 0 0 1 1 69190 756.32
54.5971 1 -0.00632054 1.24036 1.19507 3.08086 3.96901 -0.128051 0.800103 0 0 0 1 1 69200 756.429
54.605 1 -0.00635775 1.2403 1.19509 3.02865 3.95997 -0.180183 0.79067 0 0 0 1 1 69210 756.538
54.6128 1 -0.00639337 1.24024 1.19511 2.97407 3.95049 -0.234662 0.780802 0 0 0 1 1 69220 756.648
54.6207 1 -0.00642742 1.24018 1.19514 2.9175 3.94056 -0.291102 0.770484 0 0 0 1 1 69230 756.757
54.6286 1 -0.00645992 1.24012 1.19517 2.85935 3.93016 -0.349092 0.759702 0 0 0 1 1 69240 756.866
54.6365 1 -0.0064909 1.24006 1.19519 2.80005 3.91928 -0.408196 0.748448 0 0 0 1 1 69250 756.975
54.6444 1 -0.00652036 1.24 1.19522 2.74008 3.90791 -0.46795 0.736719 0 0 0 1 1 69260 757.084
54.6523 1 -0.00654833 1.23994 1.19525 2.67992 3.89607 -0.527859 0.724514 0 0 0 1 1 69270 757.194
54.6602 1 -0.00657483 1.23988 1.19528 2.6201 3.88375 -0.587406 0.711841 0 0 0 1 1 69280 757.303
54.6681 1 -0.00659987 1.23982 1.19531 2.56115 3.87097 -0.646044 0.69871 0 0 0 1 1 69290 757.412
54.676 1 -0.00662348 1.23976 1.19534 2.50366 3.85774 -0.703204 0.685138 0 0 0 1 1 69300 757.521
54.6839 1 -0.00664567 1.2397 1.19537 2.4482 3.84409 -0.7583 0.671147 0 0 0 1 1 69310 757.63
54.6917 1 -0.00666646 1.23964 1.1954 2.39537 3.83003 -0.810734 0.656764 0 0 0 1 1 69320 757.74
54.6996 1 -0.00668586 1.23958 1.19543 2.34579 3.81562 -0.859905 0.642024 0 0 0 1 1 69330 757.849
54.7075 1 -0.00670388 1.23952 1.19546 2.30003 3.80087 -0.905221 0.626964 0 0 0 1 1 69340 757.958
54.7154 1 -0.00672054 1.23946 1.19549 2.25869 3.78584 -0.946105 0.61163 0 0 0 1 1 69350 758.067
54.7233 1 -0.00673585 1.2394 1.19552 2.2223 3.77058 -0.982016 0.59607 0 0 0 1 1 69360 758.177
54.7312 1 -0.00674982 1.23934 1.19555 2.19136 3.75514 -1.01246 0.580339 0 0 0 1 1 69370 758.286
54.7391 1 -0.00676245 1.23928 1.19557 2.16633 3.73958 -1.03698 0.564495 0 0 0 1 1 69380 758.395
54.747 1 -0.00677374 1.23922 1.1956 2.14756 3.72396 -1.05523 0.548599 0 0 0 1 1 69390 758.504
54.7549 1 -0.00678371 1.23916 1.19563 2.13535 3.70834 -1.06692 0.532715 0 0 0 1 1 69400 758.613
54.7628 1 -0.00679236 1.2391 1.19565 2.12988 3.6928 -1.07185 0.516909 0 0 0 1 1 69410 758.723
54.7706 1 -0.00679967 1.23904 1.19568 2.13126 3.67739 -1.06995 0.501248 0 0 0 1 1 69420 758.832
54.7785 1 -0.00680565 1.23898 1.1957 2.13944 3.66218 -1.06123 0.485797 0 0 0 1 1 69430 758.941
54.7864 1 -0.00681029 1.23892 1.19572 2.1543 3.64724 -1.04585 0.47062 0 0 0 1 1 69440 759.05
54.7943 1 -0.00681358 1.23885 1.19575 2.17558 3.63263 -1.02406 0.45578 0 0 0 1 1 69450 759.16
54.8022 1 -0.00681552 1.23879 1.19577 2.20292 3.61841 -0.996224 0.441334 0 0 0 1 1 69460 759.269
54.8101 1 -0.00681609 1.23873 1.19579 2.23582 3.60462 -0.962837 0.427336 0 0 0 1 1 69470 759.378
54.818 1 -0.00681528 1.23867 1.19581 2.27371 3.59133 -0.92448 0.413832 0 0 0 1 1 69480 759.487
54.8259 1 -0.00681308 1.23861 1.19582 2.31591 3.57856 -0.88183 0.400864 0 0 0 1 1 69490 759.597
54.8338 1 -0.00680946 1.23855 1.19584 2.36168 3.56636 -0.835641 0.388464 0 0 0 1 1 69500 759.706
54.8417 1 -0.00680441 1.23849 1.19585 2.41018 3.55474 -0.786732 0.376657 0 0 0 1 1 69510 759.815
54.8495 1 -0.00679791 1.23843 1.19587 2.46057 3.54373 -0.735969 0.36546 0 0 0 1 1 69520 759.924
54.8574 1 -0.00678995 1.23838 1.19588 2.51194 3.53332 -0.684244 0.35488 0 0 0 1 1 69530 760.033
54.8653 1 -0.00678051 1.23832 1.19589 2.5634 3.52353 -0.632462 0.344915 0 0 0 1 1 69540 760.142
54.8732 1 -0.00676956 1.23826 1.1959 2.61404 3.51434 -0.581521 0.335555 0 0 0 1 1 69550 760.252
54.8811 1 -0.0067571 1.2382 1.19591 2.663 3.50573 -0.532294 0.326781 0 0 0 1 1 69560 760.361
54.889 1 -0.0067431 1.23814 1.19592 2.70943 3.49768 -0.485611 0.318566 0 0 0 1 1 69570 760.47
54.8969 1 -0.00672755 1.23808 1.19592 2.75256 3.49014 -0.442248 0.310875 0 0 0 1 1 69580 760.579
54.9048 1 -0.00671044 1.23802 1.19593 2.79169 3.48308 -0.402912 0.303666 0 0 0 1 1 69590 760.688
54.9127 1 -0.00669175 1.23797 1.19593 2.82618 3.47646 -0.36823 0.296891 0 0 0 1 1 69600 760.797
54.9205 1 -0.00667147 1.23791 1.19594 2.8555 3.47021 -0.338741 0.290497 0 0 0 1 1 69610 760.907
54.9284 1 -0.0066496 1.23785 1.19594 2.87919 3.46428 -0.314889 0.284426 0 0 0 1 1 69620 761.016
54.9363 1 -0.00662613 1.23779 1.19594 2.8969 3.45861 -0.29702 0.278619 0 0 0 1 1 69630 761.125
54.9442 1 -0.00660105 1.23774 1.19593 2.9084 3.45314 -0.285382 0.273011 0 0 0 1 1 69640 761.234
54.9521 1 -0.00657436 1.23768 1.19593 2.91352 3.4478 -0.280122 0.267538 0 0 0 1 1 69650 761.343
54.96 1 -0.00654607 1.23763 1.19593 2.91221 3.44253 -0.281292 0.262137 0 0 0 1 1 69660 761.453
54.9679 1 -0.00651617 1.23757 1.19592 2.90451 3.43727 -0.28885 0.256742 0 0 0 1 1 69670 761.562
54.9758 1 -0.00648467 1.23752 1.19592 2.89055 3.43194 -0.302668 0.251292 0 0 0 1 1 69680 761.671
54.9837 1 -0.00645157 1.23747 1.19591 2.87052 3.4265 -0.322536 0.245727 0 0 0 1 1 69690 761.78
54.9916 1 -0.0064169 1.23741 1.1959 2.84472 3.42088 -0.34817 0.239989 0 0 0 1 1 69700 761.889
54.9994 1 -0.00638064 1.23736 1.19589 2.81349 3.41503 -0.37922 0.234025 0 0 0 1 1 69710 761.999
55.0073 1 -0.00634283 1.23731 1.19588 2.77724 3.40891 -0.415275 0.227786 0 0 0 1 1 69720 762.108
55.0152 1 -0.00630347 1.23726 1.19587 2.73642 3.40246 -0.455875 0.221228 0 0 0 1 1 69730 762.217
55.0231 1 -0.00626258 1.23721 1.19585 2.69155 3.39565 -0.500511 0.214312 0 0 0 1 1 69740 762.326
55.031 1 -0.00622018 1.23716 1.19584 2.64316 3.38845 -0.54864 0.207004 0 0 0 1 1 69750 762.436
55.0389 1 -0.00617629 1.23711 1.19582 2.59183 3.38083 -0.599684 0.199278 0 0 0 1 1 69760 762.545
55.0468 1 -0.00613092 1.23707 1.1958 2.53816 3.37276 -0.65304 0.191111 0 0 0 1 1 69770 762.654
55.0547 1 -0.00608409 1.23702 1.19578 2.48277 3.36423 -0.708088 0.18249 0 0 0 1 1 69780 762.763
55.0626 1 -0.00603583 1.23697 1.19575 2.4263 3.35523 -0.764192 0.173404 0 0 0 1 1 69790 762.872
55.0705 1 -0.00598617 1.23693 1.19573 2.36939 3.34576 -0.820711 0.163851 0 0 0 1 1 69800 762.982
55.0783 1 -0.00593511 1.23689 1.1957 2.31268 3.33582 -0.877002 0.153837 0 0 0 1 1 69810 763.091
55.0862 1 -0.00588268 1.23684 1.19567 2.2568 3.32543 -0.932431 0.14337 0 0 0 1 1 69820 763.2
55.0941 1 -0.00582891 1.2368 1.19564 2.20237 3.3146 -0.986377 0.132467 0 0 0 1 1 69830 763.309
55.102 1 -0.00577381 1.23676 1.1956 2.15 3.30334 -1.03824 0.121151 0 0 0 1 1 69840 763.419
55.1099 1 -0.0057174 1.23672 1.19556 2.10025 3.2917 -1.08747 0.109449 0 0 0 1 1 69850 763.528
55.1178 1 -0.00565972 1.23668 1.19552 2.05365 3.27969 -1.13352 0.0973936 0 0 0 1 1 69860 763.637
55.1257 1 -0.00560076 1.23664 1.19548 2.01067 3.26737 -1.17593 0.0850225 0 0 0 1 1 69870 763.746
55.1336 1 -0.00554056 1.2366 1.19543 1.97173 3.25476 -1.21427 0.0723769 0 0 0 1 1 69880 763.855
55.1415 1 -0.00547913 1.23657 1.19538 1.93718 3.24192 -1.24821 0.0595016 0 0 0 1 1 69890 763.964
55.1494 1 -0.00541649 1.23653 1.19533 1.9073 3.22888 -1.27746 0.0464438 0 0 0 1 1 69900 764.074
55.1572 1 -0.00535265 1.2365 1.19527 1.88229 3.21571 -1.30183 0.0332528 0 0 0 1 1 69910 764.183
55.1651 1 -0.00528762 1.23646 1.19521 1.86227 3.20245 -1.32121 0.0199786 0 0 0 1 1 69920 764.292
55.173 1 -0.00522142 1.23643 1.19515 1.84726 3.18915 -1.33556 0.00667155 0 0 0 1 1 69930 764.401
55.1809 1 -0.00515406 1.23639 1.19509 1.83721 3.17586 -1.34494 -0.0066187 0 0 0 1 1 69940 764.51
55.1888 1 -0.00508555 1.23636 1.19502 1.83198 3.16263 -1.3495 -0.0198441 0 0 0 1 1 69950 764.62
55.1967 1 -0.0050159 1.23633 1.19495 1.83136 3.1495 -1.34945 -0.0329588 0 0 0 1 1 69960 764.729
55.2046 1 -0.00494511 1.2363 1.19488 1.83504 3.13652 -1.3451 -0.04592 0 0 0 1 1 69970 764.838
55.2125 1 -0.00487319 1.23627 1.1948 1.84266 3.12372 -1.33682 -0.0586889 0 0 0 1 1 69980 764.947
55.2204 1 -0.00480015 1.23624 1.19472 1.8538 3.11115 -1.32502 -0.0712307 0 0 0 1 1 69990 765.056
55.2283 1 -0.00472599 1.23621 1.19464 1.86798 3.09883 -1.31019 -0.0835156 0 0 0 1 1 70000 765.166
55.2361 1 -0.00465071 1.23618 1.19456 1.88468 3.08678 -1.29284 -0.0955191 0 0 0 1 1 70010 765.275
55.244 1 -0.00457433 1.23615 1.19447 1.90336 3.07502 -1.27352 -0.107222 0 0 0 1 1 70020 765.384
55.2519 1 -0.00449684 1.23612 1.19439 1.92345 3.06358 -1.25281 -0.118611 0 0 0 1 1 70030 765.493
55.2598 1 -0.00441824 1.23609 1.1943 1.94436 3.05245 -1.23128 -0.129678 0 0 0 1 1 70040 765.603
55.2677 1 -0.00433855 1.23606 1.19421 1.96553 3.04164 -1.20951 -0.140423 0 0 0 1 1 70050 765.712
55.2756 1 -0.00425776 1.23603 1.19411 1.98637 3.03114 -1.18807 -0.150848 0 0 0 1 1 70060 765.821
55.2835 1 -0.00417588 1.23601 1.19402 2.00635 3.02095 -1.16751 -0.160963 0 0 0 1 1 70070 765.93
55.2914 1 -0.00409292 1.23598 1.19393 2.02493 3.01105 -1.14836 -0.170783 0 0 0 1 1 70080 766.04
55.2993 1 -0.00400887 1.23595 1.19383 2.04162 3.00141 -1.13111 -0.180327 0 0 0 1 1 70090 766.149
55.3071 1 -0.00392375 1.23592 1.19374 2.05596 2.99203 -1.11621 -0.189619 0 0 0 1 1 70100 766.258
55.315 1 -0.00383756 1.2359 1.19364 2.06755 2.98287 -1.10406 -0.198688 0 0 0 1 1 70110 766.367
55.3229 1 -0.00375031 1.23587 1.19355 2.07603 2.97389 -1.09505 -0.207564 0 0 0 1 1 70120 766.476
55.3308 1 -0.00366201 1.23584 1.19345 2.08107 2.96506 -1.08946 -0.216282 0 0 0 1 1 70130 766.586
55.3387 1 -0.00357267 1.23581 1.19335 2.08242 2.95636 -1.08757 -0.224878 0 0 0 1 1 70140 766.695
55.3466 1 -0.00348229 1.23579 1.19326 2.07988 2.94773 -1.08957 -0.233393 0 0 0 1 1 70150 766.804
55.3545 1 -0.0033909 1.23576 1.19317 2.0733 2.93914 -1.09561 -0.241865 0 0 0 1 1 70160 766.913
55.3624 1 -0.00329851 1.23573 1.19307 2.06258 2.93055 -1.10578 -0.250335 0 0 0 1 1 70170 767.022
55.3703 1 -0.00320512 1.23571 1.19298 2.04769 2.92191 -1.12012 -0.258845 0 0 0 1 1 70180 767.131
55.3782 1 -0.00311076 1.23568 1.19289 2.02864 2.91319 -1.13861 -0.267435 0 0 0 1 1 70190 767.241
55.386 1 -0.00301544 1.23565 1.1928 2.00551 2.90435 -1.16117 -0.276145 0 0 0 1 1 70200 767.35
55.3939 1 -0.00291918 1.23563 1.19271 1.97841 2.89534 -1.18769 -0.285012 0 0 0 1 1 70210 767.459
55.4018 1 -0.00282201 1.2356 1.19262 1.94753 2.88613 -1.21798 -0.294075 0 0 0 1 1 70220 767.568
55.4097 1 -0.00272392 1.23557 1.19254 1.91308 2.87669 -1.25181 -0.303366 0 0 0 1 1 70230 767.678
55.4176 1 -0.00262496 1.23555 1.19245 1.87533 2.86699 -1.28894 -0.312918 0 0 0 1 1 70240 767.787
55.4255 1 -0.00252514 1.23552 1.19237 1.83459 2.85699 -1.32903 -0.322757 0 0 0 1 1 70250 767.896
55.4334 1 -0.00242448 1.23549 1.19229 1.79121 2.84668 -1.37173 -0.33291 0 0 0 1 1 70260 768.005
55.4413 1 -0.002323 1.23547 1.19221 1.74559 2.83602 -1.41666 -0.343396 0 0 0 1 1 70270 768.115
55.4492 1 -0.00222072 1.23544 1.19213 1.69814 2.82501 -1.4634 -0.354232 0 0 0 1 1 70280 768.224
55.4571 1 -0.00211768 1.23541 1.19205 1.64932 2.81364 -1.51147 -0.365429 0 0 0 1 1 70290 768.333
55.4649 1 -0.00201389 1.23539 1.19197 1.59961 2.80189 -1.56042 -0.376995 0 0 0 1 1 70300 768.442
55.4728 1 -0.00190937 1.23536 1.19189 1.54951 2.78976 -1.60973 -0.388932 0 0 0 1 1 70310 768.551
55.4807 1 -0.00180414 1.23533 1.19181 1.49954 2.77726 -1.65889 -0.401238 0 0 0 1 1 70320 768.661
55.4886 1 -0.00169824 1.23531 1.19174 1.45022 2.76439 -1.70737 -0.413903 0 0 0 1 1 70330 768.77
55.4965 1 -0.00159168 1.23528 1.19166 1.4021 2.75117 -1.75464 -0.426916 0 0 0 1 1 70340 768.879
55.5044 1 -0.00148448 1.23525 1.19159 1.35569 2.73761 -1.80016 -0.440257 0 0 0 1 1 70350 768.988
55.5123 1 -0.00137666 1.23523 1.19151 1.31154 2.72374 -1.84341 -0.453903 0 0 0 1 1 70360 769.098
55.5202 1 -0.00126824 1.2352 1.19144 1.27014 2.70959 -1.88388 -0.467827 0 0 0 1 1 70370 769.207
55.5281 1 -0.00115924 1.23517 1.19136 1.23199 2.69519 -1.92109 -0.481995 0 0 0 1 1 70380 769.316
55.536 1 -0.00104968 1.23515 1.19129 1.19755 2.68057 -1.95457 -0.496371 0 0 0 1 1 70390 769.425
55.5438 1 -0.000939573 1.23512 1.19121 1.16723 2.66578 -1.98391 -0.510913 0 0 0 1 1 70400 769.535
55.5517 1 -0.000828933 1.2351 1.19114 1.14141 2.65086 -2.00875 -0.525576 0 0 0 1 1 70410 769.644
55.5596 1 -0.000717775 1.23507 1.19106 1.12041 2.63585 -2.02875 -0.540314 0 0 0 1 1 70420 769.753
55.5675 1 -0.000606108 1.23504 1.19098 1.10448 2.62082 -2.04366 -0.555076 0 0 0 1 1 70430 769.862
55.5754 1 -0.000493943 1.23502 1.19091 1.09383 2.60581 -2.0533 -0.569811 0 0 0 1 1 70440 769.971
55.5833 1 -0.000381287 1.23499 1.19083 1.08857 2.59086 -2.05753 -0.584467 0 0 0 1 1 70450 770.081
55.5912 1 -0.000268148 1.23496 1.19075 1.08875 2.57605 -2.05633 -0.59899 0 0 0 1 1 70460 770.19
55.5991 1 -0.000154528 1.23494 1.19067 1.09433 2.56141 -2.04974 -0.613329 0 0 0 1 1 70470 770.299
55.607 1 -4.04301e-05 1.23491 1.1906 1.1052 2.547 -2.03786 -0.627433 0 0 0 1 1 70480 770.408
55.6148 1 7.41438e-05 1.23488 1.19052 1.12114 2.53286 -2.02091 -0.641253 0 0 0 1 1 70490 770.517
55.6227 1 0.000189195 1.23486 1.19044 1.14189 2.51905 -1.99916 -0.654743 0 0 0 1 1 70500 770.627
55.6306 1 0.000304725 1.23483 1.19036 1.16708 2.5056 -1.97299 -0.667861 0 0 0 1 1 70510 770.736
55.6385 1 0.000420738 1.2348 1.19027 1.1963 2.49256 -1.9428 -0.68057 0 0 0 1 1 70520 770.845
55.6464 1 0.000537239 1.23478 1.19019 1.22904 2.47995 -1.90911 -0.692836 0 0 0 1 1 70530 770.955
55.6543 1 0.000654232 1.23475 1.19011 1.26476 2.46781 -1.87245 -0.704632 0 0 0 1 1 70540 771.064
55.6622 1 0.000771726 1.23472 1.19003 1.30286 2.45615 -1.83343 -0.715937 0 0 0 1 1 70550 771.173
55.6701 1 0.000889727 1.23469 1.18994 1.34271 2.445 -1.79268 -0.726736 0 0 0 1 1 70560 771.282
55.678 1 0.00100824 1.23467 1.18986 1.38366 2.43435 -1.75086 -0.737021 0 0 0 1 1 70570 771.391
55.6859 1 0.00112728 1.23464 1.18977 1.42503 2.42421 -1.70863 -0.746789 0 0 0 1 1 70580 771.5
55.6937 1 0.00124685 1.23461 1.18969 1.46615 2.41458 -1.66668 -0.756045 0 0 0 1 1 70590 771.61
55.7016 1 0.00136696 1.23458 1.1896 1.50636 2.40545 -1.62565 -0.7648 0 0 0 1 1 70600 771.719
55.7095 1 0.00148761 1.23456 1.18951 1.54501 2.3968 -1.5862 -0.773073 0 0 0 1 1 70610 771.828
55.7174 1 0.00160881 1.23453 1.18942 1.58151 2.3886 -1.54893 -0.780887 0 0 0 1 1 70620 771.937
55.7253 1 0.00173057 1.2345 1.18933 1.61527 2.38082 -1.51442 -0.78827 0 0 0 1 1 70630 772.046
55.7332 1 0.00185289 1.23447 1.18924 1.64577 2.37344 -1.48316 -0.795258 0 0 0 1 1 70640 772.156
55.7411 1 0.00197578 1.23444 1.18915 1.67257 2.36642 -1.45564 -0.801889 0 0 0 1 1 70650 772.265
55.749 1 0.00209923 1.23442 1.18906 1.69526 2.3597 -1.43224 -0.808204 0 0 0 1 1 70660 772.374
55.7569 1 0.00222325 1.23439 1.18897 1.7135 2.35325 -1.41329 -0.814251 0 0 0 1 1 70670 772.483
55.7648 1 0.00234783 1.23436 1.18888 1.72704 2.34702 -1.39905 -0.820077 0 0 0 1 1 70680 772.592
55.7726 1 0.00247297 1.23433 1.18879 1.7357 2.34096 -1.38971 -0.825731 0 0 0 1 1 70690 772.701
55.7805 1 0.00259867 1.2343 1.1887 1.73935 2.33502 -1.38536 -0.831265 0 0 0 1 1 70700 772.811
55.7884 1 0.00272492 1.23427 1.1886 1.73797 2.32914 -1.38606 -0.836728 0 0 0 1 1 70710 772.92
55.7963 1 0.00285172 1.23425 1.18851 1.73159 2.32328 -1.39175 -0.842172 0 0 0 1 1 70720 773.029
55.8042 1 0.00297904 1.23422 1.18841 1.72032 2.31739 -1.40233 -0.847645 0 0 0 1 1 70730 773.138
55.8121 1 0.00310688 1.23419 1.18832 1.70431 2.31142 -1.41764 -0.853194 0 0 0 1 1 70740 773.247
55.82 1 0.00323523 1.23416 1.18822 1.68381 2.30532 -1.43743 -0.858863 0 0 0 1 1 70750 773.356
55.8279 1 0.00336407 1.23413 1.18813 1.6591 2.29906 -1.46142 -0.864696 0 0 0 1 1 70760 773.466
55.8358 1 0.00349339 1.2341 1.18803 1.63053 2.2926 -1.48926 -0.870728 0 0 0 1 1 70770 773.575
55.8437 1 0.00362316 1.23408 1.18794 1.59847 2.2859 -1.52057 -0.876995 0 0 0 1 1 70780 773.684
55.8515 1 0.00375337 1.23405 1.18784 1.56336 2.27893 -1.55492 -0.883525 0 0 0 1 1 70790 773.793
55.8594 1 0.00388399 1.23402 1.18774 1.52564 2.27167 -1.59186 -0.890344 0 0 0 1 1 70800 773.902
55.8673 1 0.00401501 1.23399 1.18764 1.48581 2.2641 -1.63089 -0.897472 0 0 0 1 1 70810 774.011
55.8752 1 0.00414641 1.23396 1.18754 1.44437 2.2562 -1.67151 -0.904924 0 0 0 1 1 70820 774.121
55.8831 1 0.00427816 1.23394 1.18744 1.40182 2.24797 -1.71322 -0.912709 0 0 0 1 1 70830 774.23
55.891 1 0.00441024 1.23391 1.18734 1.3587 2.23939 -1.75548 -0.920831 0 0 0 1 1 70840 774.339
55.8989 1 0.00454263 1.23388 1.18724 1.3155 2.23047 -1.79779 -0.929292 0 0 0 1 1 70850 774.448
55.9068 1 0.0046753 1.23385 1.18714 1.27276 2.22122 -1.83964 -0.938084 0 0 0 1 1 70860 774.557
55.9147 1 0.00480824 1.23382 1.18703 1.23095 2.21164 -1.88052 -0.947197 0 0 0 1 1 70870 774.666
55.9225 1 0.00494141 1.23379 1.18693 1.19055 2.20175 -1.91998 -0.956616 0 0 0 1 1 70880 774.776
55.9304 1 0.0050748 1.23377 1.18682 1.15199 2.19156 -1.95758 -0.966321 0 0 0 1 1 70890 774.885
55.9383 1 0.00520839 1.23374 1.18671 1.1157 2.18111 -1.99289 -0.976289 0 0 0 1 1 70900 774.994
55.9462 1 0.00534216 1.23371 1.18661 1.08203 2.17042 -2.02556 -0.986493 0 0 0 1 1 70910 775.103
55.9541 1 0.00547608 1.23368 1.1865 1.05131 2.15952 -2.05527 -0.996903 0 0 0 1 1 70920 775.212
55.962 1 0.00561014 1.23365 1.18639 1.02381 2.14844 -2.08174 -1.00749 0 0 0 1 1 70930 775.322
55.9699 1 0.00574431 1.23362 1.18628 0.999762 2.13722 -2.10475 -1.01821 0 0 0 1 1 70940 775.431
55.9778 1 0.00587859 1.2336 1.18617 0.979332 2.12589 -2.12413 -1.02903 0 0 0 1 1 70950 775.541
55.9857 1 0.00601296 1.23357 1.18605 0.962631 2.11449 -2.13978 -1.03992 0 0 0 1 1 70960 775.652
55.9936 1 0.00614739 1.23354 1.18594 0.949714 2.10306 -2.15163 -1.05083 0 0 0 1 1 70970 775.763
56.0014 1 0.00628189 1.23351 1.18582 0.94058 2.09163 -2.15969 -1.06173 0 0 0 1 1 70980 775.872
56.0093 1 0.00641643 1.23348 1.18571 0.935168 2.08025 -2.16403 -1.07258 0 0 0 1 1 70990 775.982
56.0172 1 0.006551 1.23345 1.18559 0.933367 2.06894 -2.16476 -1.08335 0 0 0 1 1 71000 776.091
56.0251 1 0.0066856 1.23342 1.18547 0.93501 2.05775 -2.16205 -1.094 0 0 0 1 1 71010 776.202
56.033 1 0.00682021 1.23339 1.18535 0.939884 2.04671 -2.1561 -1.10451 0 0 0 1 1 71020 776.311
56.0409 1 0.00695483 1.23336 1.18524 0.947731 2.03583 -2.14719 -1.11483 0 0 0 1 1 71030 776.422
56.0488 1 0.00708944 1.23332 1.18512 0.958254 2.02516 -2.1356 -1.12495 0 0 0 1 1 71040 776.532
56.0567 1 0.00722405 1.23329 1.185 0.971119 2.01471 -2.12168 -1.13484 0 0 0 1 1 71050 776.642
56.0646 1 0.00735864 1.23326 1.18488 0.985968 2.00449 -2.10579 -1.14449 0 0 0 1 1 71060 776.751
56.0725 1 0.00749322 1.23323 1.18475 1.00241 1.99454 -2.0883 -1.15387 0 0 0 1 1 71070 776.861
56.0803 1 0.00762776 1.23319 1.18463 1.02006 1.98485 -2.06963 -1.16299 0 0 0 1 1 71080 776.97
56.0882 1 0.00776228 1.23316 1.18451 1.03849 1.97544 -2.05017 -1.17182 0 0 0 1 1 71090 777.08
56.0961 1 0.00789676 1.23312 1.18439 1.05729 1.9663 -2.03036 -1.18037 0 0 0 1 1 71100 777.19
56.104 1 0.0080312 1.23309 1.18427 1.07606 1.95744 -2.0106 -1.18865 0 0 0 1 1 71110 777.3
56.1119 1 0.0081656 1.23305 1.18415 1.09437 1.94885 -1.9913 -1.19665 0 0 0 1 1 71120 777.409
56.1198 1 0.00829994 1.23302 1.18403 1.11183 1.94052 -1.97285 -1.20438 0 0 0 1 1 71130 777.519
56.1277 1 0.00843423 1.23298 1.18392 1.12808 1.93244 -1.95563 -1.21186 0 0 0 1 1 71140 777.629
56.1356 1 0.00856846 1.23294 1.1838 1.14275 1.92459 -1.94 -1.21911 0 0 0 1 1 71150 777.738
56.1435 1 0.00870262 1.2329 1.18368 1.15551 1.91695 -1.92627 -1.22614 0 0 0 1 1 71160 777.847
56.1514 1 0.00883671 1.23286 1.18357 1.16608 1.9095 -1.91475 -1.23298 0 0 0 1 1 71170 777.957
56.1592 1 0.00897071 1.23282 1.18345 1.17419 1.90221 -1.90569 -1.23966 0 0 0 1 1 71180 778.067
56.1671 1 0.00910463 1.23278 1.18334 1.17962 1.89507 -1.89932 -1.24619 0 0 0 1 1 71190 778.176
56.175 1 0.00923844 1.23274 1.18323 1.18217 1.88803 -1.89583 -1.25261 0 0 0 1 1 71200 778.286
56.1829 1 0.00937215 1.2327 1.18312 1.18171 1.88107 -1.89535 -1.25894 0 0 0 1 1 71210 778.395
56.1908 1 0.00950574 1.23265 1.18301 1.17813 1.87415 -1.89799 -1.26523 0 0 0 1 1 71220 778.504
56.1987 1 0.00963919 1.23261 1.1829 1.17137 1.86726 -1.90381 -1.2715 0 0 0 1 1 71230 778.613
56.2066 1 0.0097725 1.23256 1.1828 1.16142 1.86034 -1.91281 -1.27778 0 0 0 1 1 71240 778.723
56.2145 1 0.00990566 1.23252 1.18269 1.1483 1.85338 -1.92498 -1.28411 0 0 0 1 1 71250 778.833
56.2224 1 0.0100386 1.23247 1.18259 1.13209 1.84634 -1.94024 -1.29051 0 0 0 1 1 71260 778.943
56.2302 1 0.0101714 1.23243 1.18249 1.11288 1.8392 -1.95848 -1.29701 0 0 0 1 1 71270 779.053
56.2381 1 0.010304 1.23238 1.18239 1.09084 1.83192 -1.97954 -1.30364 0 0 0 1 1 71280 779.162
56.246 1 0.0104364 1.23233 1.1823 1.06614 1.82448 -2.00325 -1.31043 0 0 0 1 1 71290 779.271
56.2539 1 0.0105686 1.23228 1.1822 1.03902 1.81686 -2.02937 -1.31741 0 0 0 1 1 71300 779.381
56.2618 1 0.0107005 1.23223 1.18211 1.00973 1.80903 -2.05765 -1.32458 0 0 0 1 1 71310 779.491
56.2697 1 0.0108321 1.23218 1.18202 0.978554 1.80098 -2.0878 -1.33197 0 0 0 1 1 71320 779.6
56.2776 1 0.0109634 1.23213 1.18193 0.945803 1.79269 -2.11951 -1.33959 0 0 0 1 1 71330 779.709
56.2855 1 0.0110944 1.23207 1.18184 0.911815 1.78416 -2.15243 -1.34746 0 0 0 1 1 71340 779.819
56.2934 1 0.0112251 1.23202 1.18175 0.876947 1.77537 -2.18623 -1.35558 0 0 0 1 1 71350 779.928
56.3013 1 0.0113555 1.23197 1.18167 0.84157 1.76632 -2.22051 -1.36396 0 0 0 1 1 71360 780.038
56.3091 1 0.0114855 1.23191 1.18158 0.80607 1.75701 -2.2549 -1.37259 0 0 0 1 1 71370 780.147
56.317 1 0.0116151 1.23186 1.1815 0.770837 1.74744 -2.289 -1.38148 0 0 0 1 1 71380 780.256
56.3249 1 0.0117443 1.2318 1.18142 0.736268 1.73762 -2.32243 -1.39061 0 0 0 1 1 71390 780.366
56.3328 1 0.011873 1.23174 1.18134 0.702758 1.72756 -2.35478 -1.39997 0 0 0 1 1 71400 780.475
56.3407 1 0.0120014 1.23168 1.18126 0.670693 1.71728 -2.38567 -1.40956 0 0 0 1 1 71410 780.585
56.3486 1 0.0121293 1.23162 1.18118 0.640453 1.7068 -2.41472 -1.41934 0 0 0 1 1 71420 780.694
56.3565 1 0.0122567 1.23156 1.1811 0.612397 1.69613 -2.44157 -1.42931 0 0 0 1 1 71430 780.804
56.3644 1 0.0123836 1.2315 1.18102 0.586865 1.6853 -2.46588 -1.43942 0 0 0 1 1 71440 780.913
56.3723 1 0.01251 1.23144 1.18095 0.564171 1.67434 -2.48735 -1.44966 0 0 0 1 1 71450 781.022
56.3802 1 0.0126359 1.23138 1.18087 0.544595 1.66329 -2.50569 -1.46 0 0 0 1 1 71460 781.131
56.388 1 0.0127613 1.23132 1.1808 0.528383 1.65216 -2.52065 -1.47039 0 0 0 1 1 71470 781.241
56.3959 1 0.0128861 1.23125 1.18072 0.515738 1.64101 -2.53205 -1.48081 0 0 0 1 1 71480 781.35
56.4038 1 0.0130104 1.23119 1.18065 0.506817 1.62986 -2.53971 -1.49122 0 0 0 1 1 71490 781.459
56.4117 1 0.0131341 1.23112 1.18057 0.501729 1.61876 -2.54354 -1.50159 0 0 0 1 1 71500 781.568
56.4196 1 0.0132573 1.23106 1.1805 0.500529 1.60773 -2.54348 -1.51186 0 0 0 1 1 71510 781.678
56.4275 1 0.0133799 1.23099 1.18043 0.503217 1.59683 -2.53953 -1.52202 0 0 0 1 1 71520 781.787
56.4354 1 0.0135019 1.23092 1.18036 0.509739 1.58608 -2.53175 -1.53201 0 0 0 1 1 71530 781.896
56.4433 1 0.0136233 1.23086 1.18029 0.519981 1.57552 -2.52026 -1.54181 0 0 0 1 1 71540 782.006
56.4512 1 0.0137442 1.23079 1.18022 0.533775 1.56518 -2.50522 -1.55138 0 0 0 1 1 71550 782.115
56.4591 1 0.0138644 1.23072 1.18015 0.550896 1.5551 -2.48686 -1.56069 0 0 0 1 1 71560 782.225
56.4669 1 0.0139841 1.23065 1.18008 0.571069 1.5453 -2.46546 -1.56971 0 0 0 1 1 71570 782.337
56.4748 1 0.0141032 1.23057 1.18001 0.593969 1.53582 -2.44134 -1.57841 0 0 0 1 1 71580 782.45
56.4827 1 0.0142217 1.2305 1.17994 0.61923 1.52667 -2.41488 -1.58678 0 0 0 1 1 71590 782.56
56.4906 1 0.0143397 1.23043 1.17987 0.646444 1.51787 -2.38648 -1.59479 0 0 0 1 1 71600 782.669
56.4985 1 0.0144571 1.23035 1.1798 0.675175 1.50943 -2.35657 -1.60244 0 0 0 1 1 71610 782.778
56.5064 1 0.0145739 1.23028 1.17973 0.704962 1.50136 -2.32562 -1.60971 0 0 0 1 1 71620 782.888
56.5143 1 0.0146901 1.2302 1.17966 0.735326 1.49368 -2.29411 -1.61659 0 0 0 1 1 71630 782.997
56.5222 1 0.0148058 1.23013 1.1796 0.765783 1.48636 -2.26253 -1.6231 0 0 0 1 1 71640 783.106
56.5301 1 0.0149209 1.23005 1.17953 0.795844 1.47942 -2.23135 -1.62924 0 0 0 1 1 71650 783.215
56.5379 1 0.0150355 1.22997 1.17946 0.825031 1.47284 -2.20107 -1.63501 0 0 0 1 1 71660 783.324
56.5458 1 0.0151495 1.22989 1.17939 0.852882 1.46661 -2.17214 -1.64043 0 0 0 1 1 71670 783.434
56.5537 1 0.015263 1.22981 1.17933 0.878958 1.4607 -2.14499 -1.64553 0 0 0 1 1 71680 783.543
56.5616 1 0.015376 1.22973 1.17926 0.902852 1.45509 -2.12004 -1.65032 0 0 0 1 1 71690 783.652
56.5695 1 0.0154884 1.22965 1.1792 0.924192 1.44976 -2.09765 -1.65482 0 0 0 1 1 71700 783.761
56.5774 1 0.0156002 1.22957 1.17913 0.942654 1.44468 -2.07816 -1.65908 0 0 0 1 1 71710 783.87
56.5853 1 0.0157116 1.22949 1.17906 0.957959 1.43982 -2.06183 -1.66312 0 0 0 1 1 71720 783.98
56.5932 1 0.0158223 1.2294 1.179 0.969881 1.43514 -2.04889 -1.66698 0 0 0 1 1 71730 784.089
56.6011 1 0.0159326 1.22932 1.17893 0.978251 1.4306 -2.0395 -1.67069 0 0 0 1 1 71740 784.198
56.609 1 0.0160423 1.22924 1.17887 0.982958 1.42617 -2.03379 -1.6743 0 0 0 1 1 71750 784.308
56.6168 1 0.0161515 1.22915 1.17881 0.983949 1.4218 -2.03179 -1.67783 0 0 0 1 1 71760 784.417
56.6247 1 0.0162601 1.22907 1.17874 0.981229 1.41747 -2.0335 -1.68132 0 0 0 1 1 71770 784.527
56.6326 1 0.0163681 1.22898 1.17868 0.974861 1.41314 -2.03886 -1.68482 0 0 0 1 1 71780 784.636
56.6405 1 0.0164756 1.22889 1.17861 0.964966 1.40877 -2.04774 -1.68836 0 0 0 1 1 71790 784.745
56.6484 1 0.0165824 1.2288 1.17855 0.951715 1.40432 -2.05998 -1.69197 0 0 0 1 1 71800 784.854
56.6563 1 0.0166887 1.22872 1.17849 0.935329 1.39977 -2.07534 -1.69568 0 0 0 1 1 71810 784.964
56.6642 1 0.0167944 1.22863 1.17843 0.916073 1.39509 -2.09356 -1.69952 0 0 0 1 1 71820 785.073
56.6721 1 0.0168995 1.22854 1.17837 0.894253 1.39025 -2.11434 -1.70351 0 0 0 1 1 71830 785.182
56.68 1 0.0170039 1.22845 1.17831 0.870206 1.38523 -2.13733 -1.70769 0 0 0 1 1 71840 785.292
56.6879 1 0.0171077 1.22836 1.17824 0.8443 1.38001 -2.16217 -1.71206 0 0 0 1 1 71850 785.401
56.6957 1 0.0172108 1.22827 1.17818 0.816922 1.37458 -2.18847 -1.71664 0 0 0 1 1 71860 785.51
56.7036 1 0.0173132 1.22817 1.17812 0.788473 1.36893 -2.21582 -1.72144 0 0 0 1 1 71870 785.619
56.7115 1 0.0174149 1.22808 1.17806 0.759365 1.36305 -2.24383 -1.72646 0 0 0 1 1 71880 785.728
56.7194 1 0.017516 1.22799 1.17801 0.730008 1.35694 -2.27206 -1.73172 0 0 0 1 1 71890 785.839
56.7273 1 0.0176163 1.2279 1.17795 0.700811 1.3506 -2.30012 -1.7372 0 0 0 1 1 71900 785.948
56.7352 1 0.0177158 1.2278 1.17789 0.67217 1.34403 -2.32762 -1.7429 0 0 0 1 1 71910 786.057
56.7431 1 0.0178146 1.22771 1.17783 0.644463 1.33726 -2.35416 -1.74881 0 0 0 1 1 71920 786.166
56.751 1 0.0179126 1.22761 1.17777 0.618048 1.33028 -2.3794 -1.75492 0 0 0 1 1 71930 786.276
56.7589 1 0.0180098 1.22752 1.17771 0.593257 1.32312 -2.40301 -1.76121 0 0 0 1 1 71940 786.385
56.7668 1 0.0181063 1.22742 1.17765 0.570387 1.3158 -2.42468 -1.76766 0 0 0 1 1 71950 786.494
56.7746 1 0.0182019 1.22732 1.1776 0.549706 1.30833 -2.44416 -1.77424 0 0 0 1 1 71960 786.604
56.7825 1 0.0182966 1.22723 1.17754 0.531438 1.30075 -2.46121 -1.78094 0 0 0 1 1 71970 786.713
56.7904 1 0.0183906 1.22713 1.17748 0.515771 1.29308 -2.47565 -1.78773 0 0 0 1 1 71980 786.822
56.7983 1 0.0184836 1.22703 1.17742 0.50285 1.28534 -2.48734 -1.79458 0 0 0 1 1 71990 786.931
56.8062 1 0.0185758 1.22693 1.17736 0.492777 1.27757 -2.49618 -1.80146 0 0 0 1 1 72000 787.04
56.8141 1 0.0186672 1.22683 1.17731 0.48561 1.26979 -2.50211 -1.80835 0 0 0 1 1 72010 787.149
56.822 1 0.0187576 1.22673 1.17725 0.481367 1.26203 -2.50511 -1.81521 0 0 0 1 1 72020 787.259
56.8299 1 0.0188472 1.22663 1.17719 0.48002 1.25432 -2.50521 -1.82201 0 0 0 1 1 72030 787.368
56.8378 1 0.0189358 1.22653 1.17713 0.481503 1.24669 -2.50249 -1.82874 0 0 0 1 1 72040 787.478
56.8456 1 0.0190236 1.22643 1.17708 0.48571 1.23917 -2.49704 -1.83535 0 0 0 1 1 72050 787.587
56.8535 1 0.0191105 1.22633 1.17702 0.492499 1.23177 -2.48902 -1.84184 0 0 0 1 1 72060 787.696
56.8614 1 0.0191964 1.22623 1.17696 0.501695 1.22453 -2.47859 -1.84816 0 0 0 1 1 72070 787.805
56.8693 1 0.0192815 1.22613 1.17691 0.513092 1.21746 -2.46597 -1.85431 0 0 0 1 1 72080 787.915
56.8772 1 0.0193656 1.22602 1.17685 0.526458 1.21059 -2.45138 -1.86027 0 0 0 1 1 72090 788.024
56.8851 1 0.0194488 1.22592 1.17679 0.541537 1.20392 -2.43509 -1.86601 0 0 0 1 1 72100 788.134
56.893 1 0.0195312 1.22581 1.17674 0.558054 1.19748 -2.41737 -1.87152 0 0 0 1 1 72110 788.243
56.9009 1 0.0196126 1.22571 1.17668 0.575721 1.19127 -2.39852 -1.8768 0 0 0 1 1 72120 788.352
56.9088 1 0.0196931 1.2256 1.17663 0.594235 1.1853 -2.37882 -1.88184 0 0 0 1 1 72130 788.461
56.9167 1 0.0197727 1.2255 1.17657 0.613289 1.17958 -2.35859 -1.88663 0 0 0 1 1 72140 788.57
56.9245 1 0.0198514 1.22539 1.17652 0.632573 1.1741 -2.33814 -1.89118 0 0 0 1 1 72150 788.68
56.9324 1 0.0199291 1.22529 1.17646 0.651777 1.16886 -2.31778 -1.89547 0 0 0 1 1 72160 788.789
56.9403 1 0.020006 1.22518 1.17641 0.670596 1.16387 -2.29782 -1.89953 0 0 0 1 1 72170 788.898
56.9482 1 0.020082 1.22507 1.17636 0.688736 1.1591 -2.27855 -1.90335 0 0 0 1 1 72180 789.007
56.9561 1 0.0201571 1.22496 1.1763 0.705912 1.15456 -2.26025 -1.90695 0 0 0 1 1 72190 789.116
56.964 1 0.0202313 1.22485 1.17625 0.721857 1.15022 -2.24319 -1.91034 0 0 0 1 1 72200 789.225
56.9719 1 0.0203046 1.22474 1.1762 0.736321 1.14608 -2.22761 -1.91354 0 0 0 1 1 72210 789.335
56.9798 1 0.0203769 1.22463 1.17615 0.749075 1.14211 -2.21376 -1.91656 0 0 0 1 1 72220 789.444
56.9877 1 0.0204484 1.22452 1.1761 0.759915 1.13829 -2.20183 -1.91942 0 0 0 1 1 72230 789.553
56.9956 1 0.020519 1.22441 1.17606 0.768661 1.13461 -2.19199 -1.92215 0 0 0 1 1 72240 789.662
57.0034 1 0.0205887 1.2243 1.17601 0.775163 1.13104 -2.18441 -1.92477 0 0 0 1 1 72250 789.771
57.0113 1 0.0206575 1.22419 1.17596 0.779297 1.12755 -2.17919 -1.9273 0 0 0 1 1 72260 789.881
57.0192 1 0.0207254 1.22408 1.17592 0.780973 1.12413 -2.17643 -1.92976 0 0 0 1 1 72270 789.99
57.0271 1 0.0207923 1.22396 1.17587 0.780128 1.12074 -2.1762 -1.93219 0 0 0 1 1 72280 790.099
57.035 1 0.0208584 1.22385 1.17583 0.776733 1.11737 -2.17852 -1.93461 0 0 0 1 1 72290 790.208
57.0429 1 0.0209235 1.22374 1.17578 0.770792 1.11398 -2.18338 -1.93704 0 0 0 1 1 72300 790.317
57.0508 1 0.0209877 1.22362 1.17574 0.762339 1.11055 -2.19074 -1.93951 0 0 0 1 1 72310 790.426
57.0587 1 0.021051 1.22351 1.1757 0.751441 1.10706 -2.20055 -1.94204 0 0 0 1 1 72320 790.536
57.0666 1 0.0211133 1.2234 1.17566 0.738195 1.10348 -2.21271 -1.94465 0 0 0 1 1 72330 790.645
57.0745 1 0.0211747 1.22328 1.17562 0.722728 1.0998 -2.22707 -1.94737 0 0 0 1 1 72340 790.754
57.0823 1 0.0212352 1.22317 1.17558 0.705196 1.09599 -2.2435 -1.95021 0 0 0 1 1 72350 790.863
57.0902 1 0.0212946 1.22305 1.17554 0.685785 1.09203 -2.26179 -1.9532 0 0 0 1 1 72360 790.972
57.0981 1 0.0213531 1.22294 1.1755 0.664703 1.08791 -2.28174 -1.95635 0 0 0 1 1 72370 791.082
57.106 1 0.0214106 1.22282 1.17547 0.642185 1.08362 -2.30313 -1.95968 0 0 0 1 1 72380 791.191
57.1139 1 0.0214671 1.2227 1.17543 0.618484 1.07914 -2.32568 -1.96319 0 0 0 1 1 72390 791.3
57.1218 1 0.0215226 1.22259 1.17539 0.593876 1.07446 -2.34913 -1.96689 0 0 0 1 1 72400 791.409
57.1297 1 0.0215771 1.22247 1.17536 0.568651 1.06959 -2.37318 -1.97079 0 0 0 1 1 72410 791.518
57.1376 1 0.0216306 1.22235 1.17532 0.543111 1.06451 -2.39754 -1.97489 0 0 0 1 1 72420 791.628
57.1455 1 0.021683 1.22224 1.17529 0.51757 1.05923 -2.42188 -1.97919 0 0 0 1 1 72430 791.737
57.1533 1 0.0217344 1.22212 1.17525 0.492346 1.05375 -2.4459 -1.98368 0 0 0 1 1 72440 791.846
57.1612 1 0.0217847 1.222 1.17522 0.46776 1.04808 -2.46927 -1.98837 0 0 0 1 1 72450 791.955
57.1691 1 0.0218339 1.22188 1.17519 0.444129 1.04223 -2.49167 -1.99323 0 0 0 1 1 72460 792.064
57.177 1 0.0218821 1.22177 1.17515 0.421765 1.03621 -2.51279 -1.99826 0 0 0 1 1 72470 792.173
57.1849 1 0.0219291 1.22165 1.17512 0.400968 1.03003 -2.53234 -2.00344 0 0 0 1 1 72480 792.283
57.1928 1 0.0219751 1.22153 1.17509 0.382022 1.02373 -2.55002 -2.00876 0 0 0 1 1 72490 792.392
57.2007 1 0.0220199 1.22141 1.17505 0.36519 1.01731 -2.56559 -2.01418 0 0 0 1 1 72500 792.501
57.2086 1 0.0220637 1.22129 1.17502 0.35071 1.01079 -2.57879 -2.01969 0 0 0 1 1 72510 792.61
57.2165 1 0.0221063 1.22118 1.17499 0.33879 1.00422 -2.58943 -2.02527 0 0 0 1 1 72520 792.719
57.2244 1 0.0221477 1.22106 1.17495 0.329605 0.997605 -2.59733 -2.03087 0 0 0 1 1 72530 792.829
57.2322 1 0.0221881 1.22094 1.17492 0.323292 0.990982 -2.60235 -2.03649 0 0 0 1 1 72540 792.938
57.2401 1 0.0222273 1.22082 1.17489 0.319946 0.984377 -2.60441 -2.04208 0 0 0 1 1 72550 793.047
57.248 1 0.0222653 1.2207 1.17486 0.319621 0.977821 -2.60344 -2.04762 0 0 0 1 1 72560 793.156
57.2559 1 0.0223022 1.22058 1.17482 0.322326 0.971343 -2.59945 -2.05309 0 0 0 1 1 72570 793.265
57.2638 1 0.022338 1.22047 1.17479 0.328021 0.964972 -2.59247 -2.05844 0 0 0 1 1 72580 793.375
57.2717 1 0.0223726 1.22035 1.17476 0.336623 0.958735 -2.58258 -2.06365 0 0 0 1 1 72590 793.484
57.2796 1 0.0224061 1.22023 1.17473 0.348001 0.952661 -2.56993 -2.0687 0 0 0 1 1 72600 793.593
57.2875 1 0.0224385 1.22011 1.17469 0.361981 0.946772 -2.55468 -2.07356 0 0 0 1 1 72610 793.702
57.2954 1 0.0224697 1.21999 1.17466 0.378346 0.941093 -2.53705 -2.07821 0 0 0 1 1 72620 793.811
57.3033 1 0.0224998 1.21987 1.17463 0.396844 0.935642 -2.5173 -2.08263 0 0 0 1 1 72630 793.921
57.3111 1 0.0225288 1.21975 1.17459 0.417184 0.930439 -2.49572 -2.0868 0 0 0 1 1 72640 794.03
57.319 1 0.0225567 1.21963 1.17456 0.43905 0.925495 -2.47262 -2.09071 0 0 0 1 1 72650 794.139
57.3269 1 0.0225834 1.21952 1.17452 0.462099 0.920823 -2.44835 -2.09435 0 0 0 1 1 72660 794.248
57.3348 1 0.0226091 1.2194 1.17449 0.48597 0.916429 -2.42327 -2.0977 0 0 0 1 1 72670 794.357
57.3427 1 0.0226337 1.21928 1.17446 0.510293 0.912316 -2.39776 -2.10077 0 0 0 1 1 72680 794.467
57.3506 1 0.0226571 1.21916 1.17442 0.53469 0.908484 -2.37218 -2.10356 0 0 0 1 1 72690 794.576
57.3585 1 0.0226796 1.21904 1.17438 0.558785 0.90493 -2.34691 -2.10607 0 0 0 1 1 72700 794.685
57.3664 1 0.0227009 1.21893 1.17435 0.58221 0.901644 -2.32233 -2.10831 0 0 0 1 1 72710 794.794
57.3743 1 0.0227212 1.21881 1.17431 0.60461 0.898617 -2.29879 -2.1103 0 0 0 1 1 72720 794.903
57.3822 1 0.0227404 1.21869 1.17428 0.625651 0.895834 -2.27661 -2.11203 0 0 0 1 1 72730 795.012
57.39 1 0.0227586 1.21857 1.17424 0.645025 0.893276 -2.25612 -2.11354 0 0 0 1 1 72740 795.122
57.3979 1 0.0227758 1.21846 1.1742 0.662453 0.890925 -2.23758 -2.11485 0 0 0 1 1 72750 795.231
57.4058 1 0.0227919 1.21834 1.17416 0.677693 0.888756 -2.22123 -2.11597 0 0 0 1 1 72760 795.34
57.4137 1 0.0228071 1.21822 1.17413 0.690539 0.886747 -2.20729 -2.11693 0 0 0 1 1 72770 795.449
57.4216 1 0.0228212 1.21811 1.17409 0.700828 0.88487 -2.19591 -2.11775 0 0 0 1 1 72780 795.558
57.4295 1 0.0228342 1.21799 1.17405 0.70844 0.883099 -2.18721 -2.11847 0 0 0 1 1 72790 795.668
57.4374 1 0.0228463 1.21787 1.17401 0.713298 0.881405 -2.18127 -2.11912 0 0 0 1 1 72800 795.777
57.4453 1 0.0228574 1.21776 1.17397 0.715373 0.879761 -2.17811 -2.11971 0 0 0 1 1 72810 795.886
57.4532 1 0.0228674 1.21764 1.17393 0.714676 0.878139 -2.17773 -2.12028 0 0 0 1 1 72820 795.995
57.461 1 0.0228764 1.21753 1.17389 0.711266 0.87651 -2.18006 -2.12086 0 0 0 1 1 72830 796.105
57.4689 1 0.0228845 1.21741 1.17385 0.705239 0.87485 -2.18501 -2.12147 0 0 0 1 1 72840 796.214
57.4768 1 0.0228915 1.2173 1.1738 0.696732 0.873134 -2.19243 -2.12213 0 0 0 1 1 72850 796.323
57.4847 1 0.0228975 1.21718 1.17376 0.685916 0.871337 -2.20215 -2.12288 0 0 0 1 1 72860 796.432
57.4926 1 0.0229024 1.21707 1.17372 0.672994 0.86944 -2.21398 -2.12372 0 0 0 1 1 72870 796.541
57.5005 1 0.0229064 1.21696 1.17368 0.658197 0.867424 -2.22768 -2.12468 0 0 0 1 1 72880 796.65
57.5084 1 0.0229093 1.21684 1.17363 0.641778 0.865273 -2.24299 -2.12578 0 0 0 1 1 72890 796.759
57.5163 1 0.0229112 1.21673 1.17359 0.624007 0.862974 -2.25964 -2.12703 0 0 0 1 1 72900 796.869
57.5242 1 0.022912 1.21662 1.17355 0.605171 0.860516 -2.27735 -2.12843 0 0 0 1 1 72910 796.978
57.5321 1 0.0229118 1.21651 1.1735 0.585564 0.857892 -2.29583 -2.13 0 0 0 1 1 72920 797.087
57.5399 1 0.0229106 1.2164 1.17346 0.565481 0.855098 -2.31477 -2.13174 0 0 0 1 1 72930 797.196
57.5478 1 0.0229082 1.21629 1.17341 0.545222 0.852132 -2.33387 -2.13365 0 0 0 1 1 72940 797.305
57.5557 1 0.0229049 1.21618 1.17336 0.525076 0.848996 -2.35286 -2.13572 0 0 0 1 1 72950 797.414
57.5636 1 0.0229004 1.21607 1.17332 0.505328 0.845694 -2.37143 -2.13797 0 0 0 1 1 72960 797.524
57.5715 1 0.0228949 1.21596 1.17327 0.486245 0.842234 -2.38934 -2.14037 0 0 0 1 1 72970 797.633
57.5794 1 0.0228882 1.21585 1.17322 0.468083 0.838624 -2.40631 -2.14291 0 0 0 1 1 72980 797.742
57.5873 1 0.0228805 1.21574 1.17317 0.451073 0.834877 -2.42212 -2.1456 0 0 0 1 1 72990 797.851
57.5952 1 0.0228717 1.21563 1.17313 0.435428 0.831006 -2.43656 -2.1484 0 0 0 1 1 73000 797.96
57.6031 1 0.0228618 1.21553 1.17308 0.421335 0.827027 -2.44944 -2.15132 0 0 0 1 1 73010 798.07
57.611 1 0.0228508 1.21542 1.17302 0.408957 0.822958 -2.4606 -2.15432 0 0 0 1 1 73020 798.179
57.6188 1 0.0228386 1.21531 1.17297 0.398429 0.818817 -2.46991 -2.15739 0 0 0 1 1 73030 798.288
57.6267 1 0.0228254 1.21521 1.17292 0.389856 0.814624 -2.47726 -2.16051 0 0 0 1 1 73040 798.398
57.6346 1 0.022811 1.2151 1.17287 0.383319 0.810398 -2.48256 -2.16367 0 0 0 1 1 73050 798.507
57.6425 1 0.0227956 1.215 1.17282 0.378866 0.806161 -2.48578 -2.16683 0 0 0 1 1 73060 798.616
57.6504 1 0.022779 1.2149 1.17276 0.37652 0.801933 -2.4869 -2.16998 0 0 0 1 1 73070 798.725
57.6583 1 0.0227613 1.21479 1.17271 0.376275 0.797735 -2.48591 -2.17311 0 0 0 1 1 73080 798.834
57.6662 1 0.0227425 1.21469 1.17265 0.378098 0.793587 -2.48286 -2.17618 0 0 0 1 1 73090 798.944
57.6741 1 0.0227226 1.21459 1.1726 0.381931 0.78951 -2.47779 -2.17917 0 0 0 1 1 73100 799.053
57.682 1 0.0227015 1.21449 1.17254 0.38769 0.78552 -2.47081 -2.18208 0 0 0 1 1 73110 799.162
57.6899 1 0.0226794 1.21439 1.17248 0.395269 0.781637 -2.46201 -2.18488 0 0 0 1 1 73120 799.271
57.6977 1 0.0226562 1.21429 1.17242 0.404541 0.777876 -2.45152 -2.18756 0 0 0 1 1 73130 799.381
57.7056 1 0.0226318 1.21419 1.17237 0.415357 0.774253 -2.43949 -2.1901 0 0 0 1 1 73140 799.49
57.7135 1 0.0226064 1.21409 1.17231 0.427552 0.770779 -2.42609 -2.19249 0 0 0 1 1 73150 799.599
57.7214 1 0.0225799 1.21399 1.17225 0.440946 0.767466 -2.4115 -2.19471 0 0 0 1 1 73160 799.708
57.7293 1 0.0225523 1.21389 1.17219 0.455344 0.764324 -2.39591 -2.19676 0 0 0 1 1 73170 799.817
57.7372 1 0.0225237 1.21379 1.17213 0.470538 0.761359 -2.37953 -2.19864 0 0 0 1 1 73180 799.927
57.7451 1 0.022494 1.2137 1.17207 0.486314 0.758577 -2.36258 -2.20033 0 0 0 1 1 73190 800.036
57.753 1 0.0224632 1.2136 1.17201 0.50245 0.75598 -2.34528 -2.20184 0 0 0 1 1 73200 800.145
57.7609 1 0.0224314 1.2135 1.17195 0.518717 0.753568 -2.32785 -2.20316 0 0 0 1 1 73210 800.255
57.7687 1 0.0223986 1.21341 1.17188 0.534889 0.75134 -2.31053 -2.20429 0 0 0 1 1 73220 800.364
57.7766 1 0.0223647 1.21331 1.17182 0.550735 0.749292 -2.29354 -2.20525 0 0 0 1 1 73230 800.474
57.7845 1 0.0223298 1.21322 1.17176 0.566032 0.747418 -2.27711 -2.20603 0 0 0 1 1 73240 800.583
57.7924 1 0.0222939 1.21313 1.1717 0.580561 0.745709 -2.26146 -2.20664 0 0 0 1 1 73250 800.692
57.8003 1 0.022257 1.21303 1.17163 0.594109 0.744155 -2.24679 -2.2071 0 0 0 1 1 73260 800.802
57.8082 1 0.0222191 1.21294 1.17157 0.606478 0.742744 -2.23332 -2.20742 0 0 0 1 1 73270 800.911
57.8161 1 0.0221802 1.21285 1.17151 0.61748 0.741461 -2.22121 -2.20761 0 0 0 1 1 73280 801.029
57.824 1 0.0221403 1.21276 1.17144 0.626946 0.740291 -2.21065 -2.20768 0 0 0 1 1 73290 801.138
57.8319 1 0.0220994 1.21267 1.17138 0.634722 0.739217 -2.20178 -2.20766 0 0 0 1 1 73300 801.248
57.8398 1 0.0220576 1.21258 1.17132 0.640677 0.73822 -2.19473 -2.20757 0 0 0 1 1 73310 801.357
57.8476 1 0.0220148 1.21249 1.17125 0.644703 0.737282 -2.18962 -2.20741 0 0 0 1 1 73320 801.466
57.8555 1 0.021971 1.2124 1.17119 0.646713 0.736382 -2.18652 -2.20722 0 0 0 1 1 73330 801.575
57.8634 1 0.0219263 1.21232 1.17112 0.64665 0.735499 -2.1855 -2.20701 0 0 0 1 1 73340 801.685
57.8713 1 0.0218807 1.21223 1.17106 0.644483 0.734613 -2.18659 -2.2068 0 0 0 1 1 73350 801.794
57.8792 1 0.0218341 1.21214 1.17099 0.640208 0.733703 -2.18978 -2.20661 0 0 0 1 1 73360 801.903
57.8871 1 0.0217865 1.21206 1.17093 0.633853 0.732748 -2.19505 -2.20647 0 0 0 1 1 73370 802.012
57.895 1 0.021738 1.21197 1.17086 0.625474 0.731729 -2.20233 -2.2064 0 0 0 1 1 73380 802.121
57.9029 1 0.0216885 1.21189 1.17079 0.615156 0.730626 -2.21156 -2.20641 0 0 0 1 1 73390 802.231
57.9108 1 0.0216381 1.21181 1.17073 0.603013 0.729423 -2.2226 -2.20652 0 0 0 1 1 73400 802.34
57.9187 1 0.0215868 1.21172 1.17066 0.589189 0.728103 -2.23532 -2.20674 0 0 0 1 1 73410 802.449
57.9265 1 0.0215345 1.21164 1.17059 0.573851 0.726651 -2.24955 -2.2071 0 0 0 1 1 73420 802.558
57.9344 1 0.0214813 1.21156 1.17052 0.557194 0.725055 -2.26508 -2.2076 0 0 0 1 1 73430 802.667
57.9423 1 0.0214271 1.21148 1.17045 0.539433 0.723304 -2.28172 -2.20826 0 0 0 1 1 73440 802.776
57.9502 1 0.0213719 1.2114 1.17038 0.520803 0.72139 -2.29921 -2.20908 0 0 0 1 1 73450 802.886
57.9581 1 0.0213158 1.21132 1.17031 0.501556 0.719308 -2.31731 -2.21007 0 0 0 1 1 73460 802.995
57.966 1 0.0212588 1.21124 1.17024 0.481956 0.717055 -2.33576 -2.21122 0 0 0 1 1 73470 803.104
57.9739 1 0.0212008 1.21116 1.17017 0.462275 0.71463 -2.35428 -2.21255 0 0 0 1 1 73480 803.214
57.9818 1 0.0211418 1.21109 1.1701 0.442791 0.712035 -2.37259 -2.21405 0 0 0 1 1 73490 803.323
57.9897 1 0.0210819 1.21101 1.17003 0.423782 0.709276 -2.39042 -2.21571 0 0 0 1 1 73500 803.432
57.9976 1 0.021021 1.21094 1.16996 0.40552 0.706361 -2.40749 -2.21753 0 0 0 1 1 73510 803.541
58.0054 1 0.0209591 1.21086 1.16988 0.38827 0.7033 -2.42354 -2.21949 0 0 0 1 1 73520 803.65
58.0133 1 0.0208962 1.21079 1.16981 0.372284 0.700106 -2.43832 -2.22158 0 0 0 1 1 73530 803.759
58.0212 1 0.0208324 1.21072 1.16974 0.357795 0.696793 -2.4516 -2.22379 0 0 0 1 1 73540 803.868
58.0291 1 0.0207676 1.21064 1.16966 0.345014 0.69338 -2.46316 -2.2261 0 0 0 1 1 73550 803.978
58.037 1 0.0207018 1.21057 1.16959 0.334128 0.689884 -2.47283 -2.22849 0 0 0 1 1 73560 804.087
58.0449 1 0.0206351 1.2105 1.16951 0.325294 0.686326 -2.48043 -2.23095 0 0 0 1 1 73570 804.196
58.0528 1 0.0205673 1.21043 1.16943 0.318638 0.682728 -2.48586 -2.23344 0 0 0 1 1 73580 804.305
58.0607 1 0.0204986 1.21036 1.16936 0.314252 0.679112 -2.48901 -2.23595 0 0 0 1 1 73590 804.415
58.0686 1 0.020429 1.21029 1.16928 0.312192 0.675501 -2.48983 -2.23845 0 0 0 1 1 73600 804.524
58.0764 1 0.0203584 1.21023 1.1692 0.31248 0.671919 -2.48831 -2.24092 0 0 0 1 1 73610 804.633
58.0843 1 0.0202868 1.21016 1.16912 0.315098 0.668387 -2.48446 -2.24334 0 0 0 1 1 73620 804.742
58.0922 1 0.0202142 1.21009 1.16904 0.319993 0.664928 -2.47834 -2.24569 0 0 0 1 1 73630 804.851
58.1001 1 0.0201408 1.21003 1.16896 0.327077 0.661563 -2.47003 -2.24794 0 0 0 1 1 73640 804.96
58.108 1 0.0200664 1.20996 1.16888 0.33623 0.658313 -2.45965 -2.25007 0 0 0 1 1 73650 805.07
58.1159 1 0.019991 1.2099 1.1688 0.347299 0.655196 -2.44737 -2.25207 0 0 0 1 1 73660 805.179
58.1238 1 0.0199148 1.20984 1.16871 0.360103 0.652228 -2.43335 -2.25392 0 0 0 1 1 73670 805.288
58.1317 1 0.0198376 1.20977 1.16863 0.374438 0.649424 -2.41782 -2.25561 0 0 0 1 1 73680 805.397
58.1396 1 0.0197595 1.20971 1.16855 0.390077 0.646796 -2.40098 -2.25712 0 0 0 1 1 73690 805.507
58.1475 1 0.0196806 1.20965 1.16846 0.406778 0.644355 -2.3831 -2.25844 0 0 0 1 1 73700 805.616
58.1553 1 0.0196008 1.20959 1.16838 0.424286 0.642107 -2.36441 -2.25957 0 0 0 1 1 73710 805.725
58.1632 1 0.0195201 1.20953 1.16829 0.442338 0.640057 -2.34519 -2.2605 0 0 0 1 1 73720 805.834
58.1711 1 0.0194385 1.20947 1.1682 0.460669 0.638206 -2.32571 -2.26123 0 0 0 1 1 73730 805.943
58.179 1 0.0193562 1.20942 1.16812 0.479011 0.636555 -2.30622 -2.26176 0 0 0 1 1 73740 806.053
58.1869 1 0.019273 1.20936 1.16803 0.497107 0.6351 -2.28698 -2.26209 0 0 0 1 1 73750 806.162
58.1948 1 0.019189 1.2093 1.16794 0.514706 0.633836 -2.26825 -2.26224 0 0 0 1 1 73760 806.271
58.2027 1 0.0191042 1.20925 1.16785 0.531571 0.632753 -2.25027 -2.2622 0 0 0 1 1 73770 806.38
58.2106 1 0.0190186 1.20919 1.16776 0.547481 0.631843 -2.23325 -2.26199 0 0 0 1 1 73780 806.489
58.2185 1 0.0189322 1.20914 1.16767 0.562236 0.631092 -2.21739 -2.26162 0 0 0 1 1 73790 806.599
58.2264 1 0.0188451 1.20908 1.16758 0.575658 0.630487 -2.20287 -2.2611 0 0 0 1 1 73800 806.708
58.2342 1 0.0187572 1.20903 1.16748 0.587593 0.630013 -2.18985 -2.26045 0 0 0 1 1 73810 806.817
58.2421 1 0.0186686 1.20898 1.16739 0.597913 0.629652 -2.17845 -2.25969 0 0 0 1 1 73820 806.926
58.25 1 0.0185793 1.20893 1.1673 0.606518 0.629387 -2.16877 -2.25884 0 0 0 1 1 73830 807.035
58.2579 1 0.0184892 1.20887 1.1672 0.613335 0.6292 -2.16088 -2.25791 0 0 0 1 1 73840 807.144
58.2658 1 0.0183984 1.20882 1.16711 0.618318 0.629072 -2.15482 -2.25692 0 0 0 1 1 73850 807.254
58.2737 1 0.018307 1.20878 1.16701 0.621451 0.628985 -2.15062 -2.25588 0 0 0 1 1 73860 807.363
58.2816 1 0.0182148 1.20873 1.16692 0.622742 0.628919 -2.14827 -2.25483 0 0 0 1 1 73870 807.472
58.2895 1 0.0181219 1.20868 1.16682 0.622227 0.628857 -2.14772 -2.25378 0 0 0 1 1 73880 807.581
58.2974 1 0.0180284 1.20863 1.16672 0.619964 0.62878 -2.14892 -2.25274 0 0 0 1 1 73890 807.69
58.3053 1 0.0179341 1.20859 1.16663 0.616034 0.628673 -2.15178 -2.25173 0 0 0 1 1 73900 807.799
58.3131 1 0.0178392 1.20854 1.16653 0.610541 0.62852 -2.15621 -2.25076 0 0 0 1 1 73910 807.909
58.321 1 0.0177437 1.20849 1.16643 0.603602 0.628306 -2.16207 -2.24986 0 0 0 1 1 73920 808.018
58.3289 1 0.0176474 1.20845 1.16633 0.595355 0.628019 -2.16925 -2.24903 0 0 0 1 1 73930 808.127
58.3368 1 0.0175505 1.20841 1.16623 0.585947 0.627647 -2.17758 -2.24829 0 0 0 1 1 73940 808.237
58.3447 1 0.017453 1.20836 1.16613 0.57554 0.62718 -2.1869 -2.24764 0 0 0 1 1 73950 808.346
58.3526 1 0.0173548 1.20832 1.16603 0.564301 0.62661 -2.19705 -2.2471 0 0 0 1 1 73960 808.455
58.3605 1 0.0172559 1.20828 1.16593 0.552404 0.625931 -2.20786 -2.24666 0 0 0 1 1 73970 808.564
58.3684 1 0.0171564 1.20824 1.16582 0.540027 0.62514 -2.21914 -2.24634 0 0 0 1 1 73980 808.674
58.3763 1 0.0170563 1.2082 1.16572 0.527349 0.624232 -2.23071 -2.24614 0 0 0 1 1 73990 808.783
58.3842 1 0.0169555 1.20816 1.16562 0.514547 0.623207 -2.24241 -2.24605 0 0 0 1 1 74000 808.892
58.392 1 0.016854 1.20812 1.16551 0.501796 0.622066 -2.25404 -2.24608 0 0 0 1 1 74010 809.001
58.3999 1 0.0167519 1.20808 1.16541 0.489265 0.620812 -2.26545 -2.24622 0 0 0 1 1 74020 809.111
58.4078 1 0.0166492 1.20804 1.1653 0.477118 0.619448 -2.27647 -2.24647 0 0 0 1 1 74030 809.22
58.4157 1 0.0165459 1.20801 1.1652 0.465508 0.617981 -2.28695 -2.24682 0 0 0 1 1 74040 809.329
58.4236 1 0.0164419 1.20797 1.16509 0.45458 0.616418 -2.29674 -2.24727 0 0 0 1 1 74050 809.439
58.4315 1 0.0163372 1.20794 1.16498 0.444467 0.614766 -2.30572 -2.24781 0 0 0 1 1 74060 809.548
58.4394 1 0.016232 1.2079 1.16487 0.43529 0.613036 -2.31375 -2.24842 0 0 0 1 1 74070 809.657
58.4473 1 0.0161261 1.20787 1.16477 0.427156 0.611238 -2.32073 -2.24911 0 0 0 1 1 74080 809.767
58.4552 1 0.0160196 1.20783 1.16466 0.420159 0.609384 -2.32658 -2.24984 0 0 0 1 1 74090 809.876
58.463 1 0.0159124 1.2078 1.16455 0.414376 0.607486 -2.33121 -2.25063 0 0 0 1 1 74100 809.985
58.4709 1 0.0158047 1.20777 1.16444 0.40987 0.605556 -2.33456 -2.25144 0 0 0 1 1 74110 810.094
58.4788 1 0.0156964 1.20773 1.16432 0.406688 0.603608 -2.33658 -2.25227 0 0 0 1 1 74120 810.203
58.4867 1 0.0155874 1.2077 1.16421 0.404858 0.601655 -2.33725 -2.25311 0 0 0 1 1 74130 810.313
58.4946 1 0.0154778 1.20767 1.1641 0.404395 0.599711 -2.33656 -2.25394 0 0 0 1 1 74140 810.422
58.5025 1 0.0153677 1.20764 1.16399 0.405294 0.597789 -2.3345 -2.25474 0 0 0 1 1 74150 810.531
58.5104 1 0.015257 1.20761 1.16388 0.407536 0.595902 -2.3311 -2.25551 0 0 0 1 1 74160 810.64
58.5183 1 0.0151456 1.20758 1.16376 0.411083 0.594063 -2.3264 -2.25623 0 0 0 1 1 74170 810.749
58.5262 1 0.0150338 1.20755 1.16365 0.415883 0.592284 -2.32045 -2.25689 0 0 0 1 1 74180 810.859
58.5341 1 0.0149213 1.20752 1.16354 0.421867 0.590576 -2.31331 -2.25748 0 0 0 1 1 74190 810.968
58.5419 1 0.0148083 1.20749 1.16342 0.428952 0.58895 -2.30509 -2.25799 0 0 0 1 1 74200 811.077
58.5498 1 0.0146948 1.20747 1.16331 0.43704 0.587415 -2.29586 -2.2584 0 0 0 1 1 74210 811.186
58.5577 1 0.0145807 1.20744 1.16319 0.44602 0.585981 -2.28574 -2.25872 0 0 0 1 1 74220 811.296
58.5656 1 0.0144662 1.20741 1.16308 0.455769 0.584653 -2.27486 -2.25892 0 0 0 1 1 74230 811.405
58.5735 1 0.0143511 1.20738 1.16297 0.466154 0.583438 -2.26335 -2.25902 0 0 0 1 1 74240 811.514
58.5814 1 0.0142355 1.20736 1.16285 0.477033 0.58234 -2.25135 -2.259 0 0 0 1 1 74250 811.624
58.5893 1 0.0141194 1.20733 1.16274 0.488256 0.581362 -2.23902 -2.25886 0 0 0 1 1 74260 811.733
58.5972 1 0.0140028 1.20731 1.16262 0.499667 0.580506 -2.2265 -2.25859 0 0 0 1 1 74270 811.842
58.6051 1 0.0138858 1.20728 1.16251 0.511106 0.579771 -2.21396 -2.25821 0 0 0 1 1 74280 811.951
58.613 1 0.0137683 1.20726 1.16239 0.522413 0.579156 -2.20156 -2.2577 0 0 0 1 1 74290 812.06
58.6208 1 0.0136504 1.20723 1.16228 0.533427 0.578656 -2.18946 -2.25708 0 0 0 1 1 74300 812.169
58.6287 1 0.013532 1.20721 1.16216 0.54399 0.578268 -2.17781 -2.25635 0 0 0 1 1 74310 812.279
58.6366 1 0.0134133 1.20718 1.16205 0.553948 0.577985 -2.16678 -2.25552 0 0 0 1 1 74320 812.388
58.6445 1 0.0132941 1.20716 1.16194 0.563156 0.577799 -2.1565 -2.25459 0 0 0 1 1 74330 812.497
58.6524 1 0.0131745 1.20714 1.16182 0.571477 0.5777 -2.14711 -2.25357 0 0 0 1 1 74340 812.607
58.6603 1 0.0130545 1.20711 1.16171 0.578785 0.577679 -2.13874 -2.25247 0 0 0 1 1 74350 812.717
58.6682 1 0.0129342 1.20709 1.16159 0.584967 0.577725 -2.1315 -2.25131 0 0 0 1 1 74360 812.827
58.6761 1 0.0128135 1.20707 1.16148 0.589926 0.577824 -2.12549 -2.2501 0 0 0 1 1 74370 812.936
58.684 1 0.0126924 1.20704 1.16136 0.593583 0.577964 -2.12078 -2.24884 0 0 0 1 1 74380 813.045
58.6919 1 0.012571 1.20702 1.16125 0.595874 0.578132 -2.11744 -2.24756 0 0 0 1 1 74390 813.155
58.6997 1 0.0124492 1.207 1.16114 0.596758 0.578313 -2.11551 -2.24626 0 0 0 1 1 74400 813.264
58.7076 1 0.0123271 1.20698 1.16102 0.596212 0.578493 -2.115 -2.24497 0 0 0 1 1 74410 813.374
58.7155 1 0.0122047 1.20696 1.16091 0.594235 0.578658 -2.11593 -2.24369 0 0 0 1 1 74420 813.483
58.7234 1 0.012082 1.20694 1.1608 0.590847 0.578794 -2.11827 -2.24244 0 0 0 1 1 74430 813.593
58.7313 1 0.011959 1.20691 1.16068 0.586091 0.578889 -2.12197 -2.24124 0 0 0 1 1 74440 813.703
58.7392 1 0.0118356 1.20689 1.16057 0.580029 0.578928 -2.12698 -2.24009 0 0 0 1 1 74450 813.812
58.7471 1 0.011712 1.20687 1.16046 0.572744 0.5789 -2.13321 -2.23901 0 0 0 1 1 74460 813.921
58.755 1 0.0115881 1.20685 1.16035 0.564338 0.578794 -2.14056 -2.238 0 0 0 1 1 74470 814.031
58.7629 1 0.0114639 1.20683 1.16023 0.554931 0.578602 -2.1489 -2.23709 0 0 0 1 1 74480 814.14
58.7707 1 0.0113394 1.20681 1.16012 0.54466 0.578313 -2.15811 -2.23627 0 0 0 1 1 74490 814.25
58.7786 1 0.0112146 1.20679 1.16001 0.533675 0.577922 -2.16802 -2.23555 0 0 0 1 1 74500 814.359
58.7865 1 0.0110895 1.20677 1.1599 0.522137 0.577423 -2.17848 -2.23494 0 0 0 1 1 74510 814.469
58.7944 1 0.0109642 1.20675 1.15978 0.510219 0.576814 -2.18931 -2.23444 0 0 0 1 1 74520 814.578
58.8023 1 0.0108386 1.20673 1.15967 0.498099 0.576091 -2.20034 -2.23406 0 0 0 1 1 74530 814.688
58.8102 1 0.0107128 1.20671 1.15956 0.485959 0.575256 -2.21139 -2.23378 0 0 0 1 1 74540 814.797
58.8181 1 0.0105867 1.20669 1.15945 0.473982 0.574311 -2.22227 -2.23362 0 0 0 1 1 74550 814.907
58.826 1 0.0104603 1.20667 1.15934 0.462348 0.573258 -2.2328 -2.23357 0 0 0 1 1 74560 815.016
58.8339 1 0.0103337 1.20665 1.15923 0.451236 0.572103 -2.2428 -2.23361 0 0 0 1 1 74570 815.126
58.8418 1 0.0102069 1.20663 1.15911 0.440812 0.570854 -2.25211 -2.23376 0 0 0 1 1 74580 815.235
58.8496 1 0.0100797 1.20661 1.159 0.431236 0.569519 -2.26057 -2.23398 0 0 0 1 1 74590 815.345
58.8575 1 0.00995239 1.20659 1.15889 0.422653 0.568108 -2.26803 -2.23429 0 0 0 1 1 74600 815.461
58.8654 1 0.00982481 1.20657 1.15878 0.415194 0.566632 -2.27436 -2.23466 0 0 0 1 1 74610 815.571
58.8733 1 0.00969699 1.20655 1.15867 0.408973 0.565104 -2.27945 -2.23508 0 0 0 1 1 74620 815.68
58.8812 1 0.00956895 1.20653 1.15856 0.404083 0.563537 -2.28321 -2.23553 0 0 0 1 1 74630 815.79
58.8891 1 0.0094407 1.20651 1.15845 0.4006 0.561944 -2.28556 -2.23602 0 0 0 1 1 74640 815.899
58.897 1 0.00931223 1.2065 1.15834 0.398577 0.560341 -2.28645 -2.23651 0 0 0 1 1 74650 816.009
58.9049 1 0.00918355 1.20648 1.15823 0.398046 0.558742 -2.28585 -2.237 0 0 0 1 1 74660 816.118
58.9128 1 0.00905468 1.20646 1.15812 0.399017 0.557162 -2.28375 -2.23748 0 0 0 1 1 74670 816.228
58.9207 1 0.00892562 1.20644 1.15801 0.401477 0.555614 -2.28015 -2.23791 0 0 0 1 1 74680 816.337
58.9285 1 0.00879639 1.20642 1.1579 0.405395 0.554114 -2.27511 -2.2383 0 0 0 1 1 74690 816.446
58.9364 1 0.00866698 1.2064 1.15779 0.410715 0.552676 -2.26866 -2.23863 0 0 0 1 1 74700 816.556
58.9443 1 0.00853741 1.20638 1.15768 0.417364 0.551311 -2.26089 -2.23889 0 0 0 1 1 74710 816.665
58.9522 1 0.0084077 1.20636 1.15757 0.425252 0.550032 -2.25188 -2.23906 0 0 0 1 1 74720 816.774
58.9601 1 0.00827785 1.20634 1.15746 0.43427 0.54885 -2.24175 -2.23913 0 0 0 1 1 74730 816.884
58.968 1 0.00814788 1.20632 1.15735 0.444299 0.547774 -2.23062 -2.2391 0 0 0 1 1 74740 816.993
58.9759 1 0.00801779 1.2063 1.15725 0.455203 0.546812 -2.21861 -2.23895 0 0 0 1 1 74750 817.102
58.9838 1 0.0078876 1.20628 1.15714 0.46684 0.545971 -2.20588 -2.23868 0 0 0 1 1 74760 817.211
58.9917 1 0.00775732 1.20626 1.15703 0.479058 0.545257 -2.19257 -2.23828 0 0 0 1 1 74770 817.321
58.9996 1 0.00762697 1.20623 1.15692 0.491701 0.544673 -2.17884 -2.23776 0 0 0 1 1 74780 817.43
59.0074 1 0.00749655 1.20621 1.15682 0.50461 0.54422 -2.16486 -2.2371 0 0 0 1 1 74790 817.539
59.0153 1 0.00736609 1.20619 1.15671 0.517626 0.5439 -2.15077 -2.23631 0 0 0 1 1 74800 817.648
59.0232 1 0.00723559 1.20617 1.1566 0.530591 0.543712 -2.13674 -2.23539 0 0 0 1 1 74810 817.757
59.0311 1 0.00710507 1.20615 1.1565 0.543352 0.543652 -2.12293 -2.23434 0 0 0 1 1 74820 817.867
59.039 1 0.00697454 1.20613 1.15639 0.555761 0.543717 -2.10947 -2.23317 0 0 0 1 1 74830 817.976
59.0469 1 0.00684402 1.20611 1.15629 0.567679 0.543901 -2.09651 -2.23188 0 0 0 1 1 74840 818.085
59.0548 1 0.00671351 1.20608 1.15618 0.578976 0.544197 -2.08418 -2.23048 0 0 0 1 1 74850 818.194
59.0627 1 0.00658303 1.20606 1.15608 0.589534 0.544598 -2.07259 -2.22897 0 0 0 1 1 74860 818.304
59.0706 1 0.0064526 1.20604 1.15597 0.599248 0.545094 -2.06185 -2.22737 0 0 0 1 1 74870 818.413
59.0784 1 0.00632222 1.20602 1.15587 0.608023 0.545677 -2.05205 -2.22569 0 0 0 1 1 74880 818.522
59.0863 1 0.0061919 1.20599 1.15577 0.615783 0.546335 -2.04328 -2.22392 0 0 0 1 1 74890 818.631
59.0942 1 0.00606167 1.20597 1.15566 0.622463 0.547057 -2.03559 -2.2221 0 0 0 1 1 74900 818.74
59.1021 1 0.00593152 1.20595 1.15556 0.628015 0.547831 -2.02903 -2.22022 0 0 0 1 1 74910 818.849
59.11 1 0.00580148 1.20592 1.15546 0.632407 0.548647 -2.02363 -2.21831 0 0 0 1 1 74920 818.959
59.1179 1 0.00567154 1.2059 1.15536 0.635621 0.549491 -2.01942 -2.21637 0 0 0 1 1 74930 819.068
59.1258 1 0.00554172 1.20587 1.15525 0.637655 0.550352 -2.01638 -2.21441 0 0 0 1 1 74940 819.177
59.1337 1 0.00541204 1.20585 1.15515 0.63852 0.551219 -2.01452 -2.21244 0 0 0 1 1 74950 819.286
59.1416 1 0.00528249 1.20582 1.15505 0.638244 0.552079 -2.0138 -2.21049 0 0 0 1 1 74960 819.395
59.1495 1 0.00515308 1.2058 1.15495 0.636865 0.552922 -2.01418 -2.20855 0 0 0 1 1 74970 819.504
59.1573 1 0.00502383 1.20577 1.15485 0.634436 0.553738 -2.01561 -2.20664 0 0 0 1 1 74980 819.614
59.1652 1 0.00489474 1.20575 1.15475 0.631019 0.554516 -2.01802 -2.20477 0 0 0 1 1 74990 819.723
59.1731 1 0.00476582 1.20572 1.15465 0.626689 0.555247 -2.02135 -2.20294 0 0 0 1 1 75000 819.832
59.181 1 0.00463707 1.20569 1.15456 0.621529 0.555924 -2.02551 -2.20117 0 0 0 1 1 75010 819.941
59.1889 1 0.00450851 1.20567 1.15446 0.61563 0.55654 -2.0304 -2.19947 0 0 0 1 1 75020 820.05
59.1968 1 0.00438013 1.20564 1.15436 0.609089 0.557087 -2.03594 -2.19783 0 0 0 1 1 75030 820.159
59.2047 1 0.00425194 1.20561 1.15426 0.602009 0.557562 -2.04201 -2.19627 0 0 0 1 1 75040 820.268
59.2126 1 0.00412395 1.20558 1.15416 0.5945 0.55796 -2.0485 -2.19478 0 0 0 1 1 75050 820.378
59.2205 1 0.00399617 1.20555 1.15407 0.58667 0.558278 -2.05531 -2.19337 0 0 0 1 1 75060 820.487
59.2284 1 0.00386859 1.20553 1.15397 0.578633 0.558514 -2.06233 -2.19205 0 0 0 1 1 75070 820.596
59.2362 1 0.00374123 1.2055 1.15388 0.570501 0.558668 -2.06944 -2.19081 0 0 0 1 1 75080 820.705
59.2441 1 0.00361408 1.20547 1.15378 0.562387 0.558741 -2.07652 -2.18965 0 0 0 1 1 75090 820.814
59.252 1 0.00348716 1.20544 1.15368 0.5544 0.558733 -2.08348 -2.18858 0 0 0 1 1 75100 820.923
59.2599 1 0.00336046 1.20541 1.15359 0.546647 0.558648 -2.0902 -2.18758 0 0 0 1 1 75110 821.033
59.2678 1 0.003234 1.20538 1.15349 0.539231 0.558489 -2.09658 -2.18665 0 0 0 1 1 75120 821.142
59.2757 1 0.00310777 1.20534 1.1534 0.532248 0.558261 -2.10252 -2.18579 0 0 0 1 1 75130 821.251
59.2836 1 0.00298179 1.20531 1.15331 0.525791 0.557969 -2.10793 -2.185 0 0 0 1 1 75140 821.36
59.2915 1 0.00285605 1.20528 1.15321 0.519942 0.55762 -2.11273 -2.18427 0 0 0 1 1 75150 821.469
59.2994 1 0.00273056 1.20525 1.15312 0.514777 0.557219 -2.11685 -2.18359 0 0 0 1 1 75160 821.578
59.3073 1 0.00260533 1.20522 1.15303 0.510363 0.556776 -2.12021 -2.18295 0 0 0 1 1 75170 821.687
59.3151 1 0.00248036 1.20518 1.15293 0.506756 0.556298 -2.12277 -2.18234 0 0 0 1 1 75180 821.797
59.323 1 0.00235567 1.20515 1.15284 0.504003 0.555794 -2.12447 -2.18177 0 0 0 1 1 75190 821.906
59.3309 1 0.00223124 1.20511 1.15275 0.50214 0.555273 -2.12528 -2.18121 0 0 0 1 1 75200 822.015
59.3388 1 0.0021071 1.20508 1.15266 0.501192 0.554743 -2.12517 -2.18066 0 0 0 1 1 75210 822.124
59.3467 1 0.00198325 1.20504 1.15257 0.501172 0.554214 -2.12414 -2.1801 0 0 0 1 1 75220 822.233
59.3546 1 0.0018597 1.20501 1.15248 0.502082 0.553695 -2.12218 -2.17954 0 0 0 1 1 75230 822.342
59.3625 1 0.00173644 1.20497 1.15239 0.503912 0.553195 -2.1193 -2.17896 0 0 0 1 1 75240 822.452
59.3704 1 0.0016135 1.20494 1.1523 0.506641 0.552723 -2.11552 -2.17835 0 0 0 1 1 75250 822.561
59.3783 1 0.00149088 1.2049 1.15221 0.510235 0.552288 -2.11088 -2.17771 0 0 0 1 1 75260 822.67
59.3861 1 0.00136858 1.20486 1.15213 0.514653 0.551897 -2.10541 -2.17702 0 0 0 1 1 75270 822.779
59.394 1 0.00124662 1.20482 1.15204 0.519838 0.551557 -2.09919 -2.17628 0 0 0 1 1 75280 822.888
59.4019 1 0.001125 1.20478 1.15196 0.525729 0.551276 -2.09226 -2.17548 0 0 0 1 1 75290 822.997
59.4098 1 0.00100374 1.20474 1.15187 0.532252 0.551059 -2.0847 -2.17462 0 0 0 1 1 75300 823.106
59.4177 1 0.000882844 1.2047 1.15179 0.539325 0.550911 -2.07659 -2.17369 0 0 0 1 1 75310 823.216
59.4256 1 0.000762319 1.20466 1.1517 0.546862 0.550837 -2.06803 -2.17269 0 0 0 1 1 75320 823.325
59.4335 1 0.000642177 1.20462 1.15162 0.554768 0.550841 -2.0591 -2.17161 0 0 0 1 1 75330 823.434
59.4414 1 0.000522428 1.20458 1.15154 0.562945 0.550924 -2.04991 -2.17045 0 0 0 1 1 75340 823.543
59.4493 1 0.000403082 1.20454 1.15146 0.57129 0.551088 -2.04055 -2.16921 0 0 0 1 1 75350 823.652
59.4572 1 0.000284149 1.20449 1.15138 0.579699 0.551333 -2.03113 -2.16789 0 0 0 1 1 75360 823.761
59.465 1 0.000165639 1.20445 1.1513 0.588067 0.551658 -2.02176 -2.16649 0 0 0 1 1 75370 823.87
59.4729 1 4.75623e-05 1.20441 1.15122 0.59629 0.552062 -2.01253 -2.16501 0 0 0 1 1 75380 823.98
59.4808 1 -7.00709e-05 1.20436 1.15114 0.604266 0.552541 -2.00356 -2.16346 0 0 0 1 1 75390 824.089
59.4887 1 -0.000187251 1.20432 1.15106 0.611897 0.553093 -1.99494 -2.16184 0 0 0 1 1 75400 824.198
59.4966 1 -0.000303967 1.20427 1.15099 0.61909 0.553712 -1.98676 -2.16015 0 0 0 1 1 75410 824.307
59.5045 1 -0.000420211 1.20422 1.15091 0.625757 0.554394 -1.97911 -2.1584 0 0 0 1 1 75420 824.416
59.5124 1 -0.000535973 1.20418 1.15084 0.631819 0.555131 -1.97207 -2.15659 0 0 0 1 1 75430 824.525
59.5203 1 -0.000651242 1.20413 1.15077 0.637207 0.555917 -1.96571 -2.15473 0 0 0 1 1 75440 824.635
59.5282 1 -0.000766012 1.20408 1.15069 0.64186 0.556744 -1.96008 -2.15284 0 0 0 1 1 75450 824.744
59.5361 1 -0.000880272 1.20403 1.15062 0.645728 0.557605 -1.95524 -2.15091 0 0 0 1 1 75460 824.853
59.5439 1 -0.000994014 1.20398 1.15055 0.648774 0.558492 -1.95123 -2.14896 0 0 0 1 1 75470 824.962
59.5518 1 -0.00110723 1.20393 1.15048 0.650972 0.559394 -1.94806 -2.14699 0 0 0 1 1 75480 825.071
59.5597 1 -0.00121992 1.20388 1.15041 0.65231 0.560305 -1.94576 -2.14502 0 0 0 1 1 75490 825.181
59.5676 1 -0.00133206 1.20383 1.15035 0.652788 0.561216 -1.94432 -2.14304 0 0 0 1 1 75500 825.29
59.5755 1 -0.00144365 1.20378 1.15028 0.652418 0.562118 -1.94373 -2.14108 0 0 0 1 1 75510 825.399
59.5834 1 -0.0015547 1.20372 1.15021 0.651229 0.563002 -1.94395 -2.13913 0 0 0 1 1 75520 825.508
59.5913 1 -0.00166518 1.20367 1.15015 0.649257 0.563862 -1.94496 -2.13721 0 0 0 1 1 75530 825.617
59.5992 1 -0.00177509 1.20362 1.15008 0.646555 0.56469 -1.9467 -2.13533 0 0 0 1 1 75540 825.727
59.6071 1 -0.00188443 1.20356 1.15002 0.643185 0.565479 -1.9491 -2.13348 0 0 0 1 1 75550 825.836
59.615 1 -0.0019932 1.20351 1.14996 0.639219 0.566225 -1.9521 -2.13168 0 0 0 1 1 75560 825.945
59.6228 1 -0.00210138 1.20345 1.14989 0.63474 0.56692 -1.95561 -2.12993 0 0 0 1 1 75570 826.054
59.6307 1 -0.00220898 1.2034 1.14983 0.629839 0.567563 -1.95954 -2.12823 0 0 0 1 1 75580 826.163
59.6386 1 -0.00231598 1.20334 1.14977 0.624613 0.568149 -1.96379 -2.12659 0 0 0 1 1 75590 826.272
59.6465 1 -0.00242239 1.20328 1.14971 0.619165 0.568676 -1.96827 -2.12501 0 0 0 1 1 75600 826.382
59.6544 1 -0.0025282 1.20322 1.14965 0.613603 0.569144 -1.97285 -2.12349 0 0 0 1 1 75610 826.491
59.6623 1 -0.0026334 1.20316 1.1496 0.608034 0.569552 -1.97744 -2.12203 0 0 0 1 1 75620 826.6
59.6702 1 -0.00273799 1.20311 1.14954 0.602571 0.569902 -1.98192 -2.12062 0 0 0 1 1 75630 826.709
59.6781 1 -0.00284197 1.20305 1.14948 0.597321 0.570195 -1.98619 -2.11928 0 0 0 1 1 75640 826.818
59.686 1 -0.00294533 1.20299 1.14943 0.592391 0.570435 -1.99013 -2.11799 0 0 0 1 1 75650 826.928
59.6938 1 -0.00304808 1.20292 1.14937 0.587883 0.570627 -1.99365 -2.11675 0 0 0 1 1 75660 827.037
59.7017 1 -0.00315019 1.20286 1.14932 0.583895 0.570775 -1.99665 -2.11555 0 0 0 1 1 75670 827.146
59.7096 1 -0.00325168 1.2028 1.14926 0.580515 0.570886 -1.99904 -2.11439 0 0 0 1 1 75680 827.255
59.7175 1 -0.00335253 1.20274 1.14921 0.577825 0.570965 -2.00074 -2.11326 0 0 0 1 1 75690 827.364
59.7254 1 -0.00345274 1.20267 1.14916 0.575897 0.571022 -2.00168 -2.11216 0 0 0 1 1 75700 827.473
59.7333 1 -0.0035523 1.20261 1.14911 0.57479 0.571063 -2.00179 -2.11107 0 0 0 1 1 75710 827.583
59.7412 1 -0.00365121 1.20255 1.14905 0.574555 0.571098 -2.00103 -2.10999 0 0 0 1 1 75720 827.692
59.7491 1 -0.00374947 1.20248 1.149 0.575229 0.571135 -1.99937 -2.10891 0 0 0 1 1 75730 827.801
59.757 1 -0.00384706 1.20242 1.14896 0.576836 0.571183 -1.99677 -2.10782 0 0 0 1 1 75740 827.91
59.7649 1 -0.00394399 1.20235 1.14891 0.579388 0.571252 -1.99323 -2.1067 0 0 0 1 1 75750 828.019
59.7727 1 -0.00404024 1.20228 1.14886 0.582883 0.571351 -1.98875 -2.10556 0 0 0 1 1 75760 828.128
59.7806 1 -0.00413581 1.20222 1.14881 0.587306 0.571488 -1.98334 -2.10438 0 0 0 1 1 75770 828.238
59.7885 1 -0.00423068 1.20215 1.14877 0.592632 0.571672 -1.97703 -2.10315 0 0 0 1 1 75780 828.347
59.7964 1 -0.00432486 1.20208 1.14872 0.598819 0.571911 -1.96987 -2.10187 0 0 0 1 1 75790 828.456
59.8043 1 -0.00441834 1.20201 1.14867 0.605818 0.572214 -1.9619 -2.10053 0 0 0 1 1 75800 828.565
59.8122 1 -0.0045111 1.20194 1.14863 0.613567 0.572587 -1.95318 -2.09911 0 0 0 1 1 75810 828.674
59.8201 1 -0.00460313 1.20187 1.14859 0.621995 0.573036 -1.94378 -2.09762 0 0 0 1 1 75820 828.784
59.828 1 -0.00469444 1.2018 1.14854 0.63102 0.573568 -1.9338 -2.09605 0 0 0 1 1 75830 828.893
59.8359 1 -0.004785 1.20173 1.1485 0.640557 0.574186 -1.9233 -2.0944 0 0 0 1 1 75840 829.002
59.8438 1 -0.00487482 1.20166 1.14846 0.650511 0.574894 -1.9124 -2.09265 0 0 0 1 1 75850 829.111
59.8516 1 -0.00496387 1.20159 1.14842 0.660784 0.575695 -1.90118 -2.09081 0 0 0 1 1 75860 829.22
59.8595 1 -0.00505216 1.20151 1.14838 0.671272 0.576591 -1.88975 -2.08888 0 0 0 1 1 75870 829.329
59.8674 1 -0.00513967 1.20144 1.14834 0.681872 0.577582 -1.87822 -2.08685 0 0 0 1 1 75880 829.439
59.8753 1 -0.00522639 1.20137 1.1483 0.692479 0.578668 -1.86669 -2.08473 0 0 0 1 1 75890 829.548
59.8832 1 -0.00531232 1.20129 1.14826 0.702988 0.579848 -1.85525 -2.08252 0 0 0 1 1 75900 829.657
59.8911 1 -0.00539744 1.20122 1.14822 0.713297 0.581118 -1.84403 -2.08022 0 0 0 1 1 75910 829.766
59.899 1 -0.00548174 1.20114 1.14819 0.723306 0.582476 -1.83311 -2.07783 0 0 0 1 1 75920 829.875
59.9069 1 -0.00556522 1.20107 1.14815 0.73292 0.583917 -1.82259 -2.07536 0 0 0 1 1 75930 829.984
59.9148 1 -0.00564787 1.20099 1.14811 0.742052 0.585437 -1.81256 -2.07281 0 0 0 1 1 75940 830.094
59.9227 1 -0.00572967 1.20092 1.14808 0.750618 0.587028 -1.80309 -2.07019 0 0 0 1 1 75950 830.203
59.9305 1 -0.00581062 1.20084 1.14804 0.758544 0.588685 -1.79428 -2.06751 0 0 0 1 1 75960 830.312
59.9384 1 -0.00589072 1.20076 1.14801 0.765764 0.590399 -1.78617 -2.06477 0 0 0 1 1 75970 830.421
59.9463 1 -0.00596994 1.20069 1.14797 0.77222 0.592164 -1.77883 -2.06198 0 0 0 1 1 75980 830.53
59.9542 1 -0.0060483 1.20061 1.14794 0.777866 0.593971 -1.7723 -2.05916 0 0 0 1 1 75990 830.639
59.9621 1 -0.00612577 1.20053 1.14791 0.782664 0.595811 -1.76663 -2.0563 0 0 0 1 1 76000 830.749
59.97 1 -0.00620235 1.20045 1.14787 0.786588 0.597676 -1.76183 -2.05341 0 0 0 1 1 76010 830.858
59.9779 1 -0.00627804 1.20037 1.14784 0.789621 0.599556 -1.75793 -2.05052 0 0 0 1 1 76020 830.967
59.9858 1 -0.00635283 1.20029 1.14781 0.791758 0.601442 -1.75492 -2.04761 0 0 0 1 1 76030 831.076
59.9937 1 -0.00642671 1.20021 1.14778 0.793004 0.603326 -1.7528 -2.04472 0 0 0 1 1 76040 831.185
60.0015 1 -0.00649968 1.20013 1.14775 0.793376 0.605199 -1.75156 -2.04183 0 0 0 1 1 76050 831.294
60.0094 1 -0.00657174 1.20005 1.14772 0.792899 0.607053 -1.75117 -2.03896 0 0 0 1 1 76060 831.404
60.0173 1 -0.00664288 1.19997 1.14769 0.791607 0.608879 -1.75159 -2.03613 0 0 0 1 1 76070 831.513
60.0252 1 -0.00671309 1.19989 1.14766 0.789547 0.610671 -1.75279 -2.03333 0 0 0 1 1 76080 831.622
60.0331 1 -0.00678237 1.19981 1.14763 0.786769 0.61242 -1.75469 -2.03057 0 0 0 1 1 76090 831.731
60.041 1 -0.00685072 1.19973 1.1476 0.783337 0.614121 -1.75726 -2.02787 0 0 0 1 1 76100 831.84
60.0489 1 -0.00691814 1.19965 1.14757 0.779316 0.615768 -1.7604 -2.02521 0 0 0 1 1 76110 831.95
60.0568 1 -0.00698463 1.19956 1.14754 0.774782 0.617357 -1.76407 -2.02262 0 0 0 1 1 76120 832.059
60.0647 1 -0.00705017 1.19948 1.14751 0.769813 0.618882 -1.76816 -2.02009 0 0 0 1 1 76130 832.168
60.0726 1 -0.00711478 1.1994 1.14748 0.764493 0.620342 -1.7726 -2.01763 0 0 0 1 1 76140 832.277
60.0804 1 -0.00717844 1.19932 1.14745 0.758909 0.621733 -1.77731 -2.01524 0 0 0 1 1 76150 832.386
60.0883 1 -0.00724116 1.19923 1.14743 0.753149 0.623055 -1.78218 -2.01292 0 0 0 1 1 76160 832.495
60.0962 1 -0.00730294 1.19915 1.1474 0.747304 0.624306 -1.78714 -2.01067 0 0 0 1 1 76170 832.605
60.1041 1 -0.00736377 1.19907 1.14737 0.741465 0.625487 -1.79209 -2.0085 0 0 0 1 1 76180 832.714
60.112 1 -0.00742365 1.19898 1.14734 0.735722 0.626599 -1.79695 -2.00639 0 0 0 1 1 76190 832.823
60.1199 1 -0.00748259 1.1989 1.14731 0.730162 0.627645 -1.80162 -2.00435 0 0 0 1 1 76200 832.932
60.1278 1 -0.00754057 1.19881 1.14729 0.72487 0.628627 -1.80601 -2.00238 0 0 0 1 1 76210 833.041
60.1357 1 -0.00759761 1.19873 1.14726 0.719927 0.629549 -1.81006 -2.00046 0 0 0 1 1 76220 833.15
60.1436 1 -0.0076537 1.19864 1.14723 0.71541 0.630415 -1.81368 -1.9986 0 0 0 1 1 76230 833.26
60.1515 1 -0.00770883 1.19856 1.14721 0.71139 0.631231 -1.8168 -1.9968 0 0 0 1 1 76240 833.369
60.1593 1 -0.00776302 1.19847 1.14718 0.707931 0.632002 -1.81936 -1.99504 0 0 0 1 1 76250 833.478
60.1672 1 -0.00781624 1.19839 1.14715 0.705091 0.632735 -1.82129 -1.99332 0 0 0 1 1 76260 833.587
60.1751 1 -0.00786852 1.1983 1.14713 0.702918 0.633436 -1.82256 -1.99163 0 0 0 1 1 76270 833.696
60.183 1 -0.00791983 1.19822 1.1471 0.701453 0.634112 -1.82312 -1.98996 0 0 0 1 1 76280 833.805
60.1909 1 -0.00797019 1.19813 1.14707 0.70073 0.634772 -1.82294 -1.98832 0 0 0 1 1 76290 833.915
60.1988 1 -0.00801958 1.19805 1.14705 0.70077 0.635422 -1.822 -1.98668 0 0 0 1 1 76300 834.024
60.2067 1 -0.00806802 1.19796 1.14702 0.701588 0.63607 -1.82028 -1.98505 0 0 0 1 1 76310 834.133
60.2146 1 -0.00811548 1.19788 1.147 0.703186 0.636724 -1.81778 -1.98341 0 0 0 1 1 76320 834.242
60.2225 1 -0.00816198 1.19779 1.14697 0.70556 0.637392 -1.81451 -1.98176 0 0 0 1 1 76330 834.351
60.2304 1 -0.0082075 1.1977 1.14695 0.708693 0.63808 -1.81047 -1.98009 0 0 0 1 1 76340 834.46
60.2382 1 -0.00825206 1.19762 1.14692 0.712562 0.638797 -1.80571 -1.97839 0 0 0 1 1 76350 834.57
60.2461 1 -0.00829563 1.19753 1.1469 0.717131 0.639549 -1.80025 -1.97666 0 0 0 1 1 76360 834.679
60.254 1 -0.00833822 1.19744 1.14687 0.722358 0.640342 -1.79413 -1.97489 0 0 0 1 1 76370 834.788
60.2619 1 -0.00837983 1.19736 1.14685 0.728194 0.641182 -1.78741 -1.97307 0 0 0 1 1 76380 834.897
60.2698 1 -0.00842044 1.19727 1.14682 0.73458 0.642074 -1.78014 -1.9712 0 0 0 1 1 76390 835.006
60.2777 1 -0.00846006 1.19718 1.1468 0.741451 0.643023 -1.77238 -1.96928 0 0 0 1 1 76400 835.115
60.2856 1 -0.00849869 1.1971 1.14678 0.748738 0.644033 -1.76422 -1.96729 0 0 0 1 1 76410 835.225
60.2935 1 -0.00853631 1.19701 1.14676 0.756365 0.645106 -1.75572 -1.96524 0 0 0 1 1 76420 835.334
60.3014 1 -0.00857292 1.19692 1.14673 0.764254 0.646246 -1.74696 -1.96313 0 0 0 1 1 76430 835.443
60.3092 1 -0.00860853 1.19683 1.14671 0.772323 0.647454 -1.73803 -1.96095 0 0 0 1 1 76440 835.552
60.3171 1 -0.00864311 1.19675 1.14669 0.780488 0.648729 -1.72901 -1.9587 0 0 0 1 1 76450 835.662
60.325 1 -0.00867668 1.19666 1.14667 0.788667 0.650073 -1.71997 -1.95639 0 0 0 1 1 76460 835.771
60.3329 1 -0.00870922 1.19657 1.14665 0.796775 0.651484 -1.71102 -1.95401 0 0 0 1 1 76470 835.88
60.3408 1 -0.00874072 1.19649 1.14663 0.804732 0.65296 -1.70221 -1.95156 0 0 0 1 1 76480 835.989
60.3487 1 -0.0087712 1.1964 1.14661 0.81246 0.654498 -1.69364 -1.94906 0 0 0 1 1 76490 836.101
60.3566 1 -0.00880063 1.19631 1.14659 0.819884 0.656097 -1.68538 -1.94649 0 0 0 1 1 76500 836.21
60.3645 1 -0.00882902 1.19622 1.14657 0.826936 0.65775 -1.6775 -1.94388 0 0 0 1 1 76510 836.319
60.3724 1 -0.00885636 1.19614 1.14655 0.833553 0.659455 -1.67005 -1.94121 0 0 0 1 1 76520 836.429
60.3803 1 -0.00888265 1.19605 1.14653 0.839678 0.661205 -1.6631 -1.9385 0 0 0 1 1 76530 836.538
60.3881 1 -0.00890789 1.19596 1.14651 0.845265 0.662996 -1.65669 -1.93575 0 0 0 1 1 76540 836.647
60.396 1 -0.00893206 1.19588 1.14649 0.850275 0.664821 -1.65086 -1.93296 0 0 0 1 1 76550 836.756
60.4039 1 -0.00895517 1.19579 1.14647 0.854677 0.666674 -1.64564 -1.93015 0 0 0 1 1 76560 836.866
60.4118 1 -0.00897722 1.1957 1.14646 0.858451 0.668549 -1.64105 -1.92732 0 0 0 1 1 76570 836.975
60.4197 1 -0.0089982 1.19562 1.14644 0.861588 0.670439 -1.6371 -1.92448 0 0 0 1 1 76580 837.084
60.4276 1 -0.00901812 1.19553 1.14642 0.864088 0.672338 -1.63379 -1.92162 0 0 0 1 1 76590 837.193
60.4355 1 -0.00903696 1.19544 1.14641 0.865962 0.674239 -1.63111 -1.91877 0 0 0 1 1 76600 837.302
60.4434 1 -0.00905472 1.19536 1.14639 0.867231 0.676137 -1.62903 -1.91592 0 0 0 1 1 76610 837.411
60.4513 1 -0.00907141 1.19527 1.14637 0.867926 0.678026 -1.62753 -1.91308 0 0 0 1 1 76620 837.521
60.4592 1 -0.00908703 1.19518 1.14636 0.868089 0.6799 -1.62656 -1.91026 0 0 0 1 1 76630 837.63
60.467 1 -0.00910157 1.1951 1.14634 0.867769 0.681754 -1.62607 -1.90746 0 0 0 1 1 76640 837.739
60.4749 1 -0.00911503 1.19501 1.14632 0.867024 0.683585 -1.62601 -1.90469 0 0 0 1 1 76650 837.848
60.4828 1 -0.00912742 1.19493 1.14631 0.865921 0.685388 -1.62631 -1.90194 0 0 0 1 1 76660 837.957
60.4907 1 -0.00913873 1.19484 1.14629 0.864533 0.687161 -1.62689 -1.89923 0 0 0 1 1 76670 838.067
60.4986 1 -0.00914896 1.19476 1.14628 0.862938 0.688901 -1.62768 -1.89654 0 0 0 1 1 76680 838.177
60.5065 1 -0.00915811 1.19467 1.14626 0.861218 0.690608 -1.62859 -1.8939 0 0 0 1 1 76690 838.286
60.5144 1 -0.00916618 1.19459 1.14625 0.859461 0.692281 -1.62954 -1.89129 0 0 0 1 1 76700 838.395
60.5223 1 -0.00917318 1.19451 1.14623 0.857754 0.69392 -1.63044 -1.88871 0 0 0 1 1 76710 838.504
60.5302 1 -0.00917911 1.19442 1.14622 0.856186 0.695527 -1.6312 -1.88617 0 0 0 1 1 76720 838.613
60.5381 1 -0.00918395 1.19434 1.1462 0.854845 0.697103 -1.63173 -1.88366 0 0 0 1 1 76730 838.722
60.5459 1 -0.00918773 1.19425 1.14619 0.853817 0.698653 -1.63195 -1.88117 0 0 0 1 1 76740 838.832
60.5538 1 -0.00919043 1.19417 1.14617 0.853186 0.700179 -1.63177 -1.87872 0 0 0 1 1 76750 838.941
60.5617 1 -0.00919205 1.19409 1.14616 0.853029 0.701687 -1.63112 -1.87628 0 0 0 1 1 76760 839.05
60.5696 1 -0.0091926 1.19401 1.14614 0.853419 0.703181 -1.62992 -1.87386 0 0 0 1 1 76770 839.159
60.5775 1 -0.00919208 1.19392 1.14613 0.854421 0.704667 -1.62811 -1.87144 0 0 0 1 1 76780 839.269
60.5854 1 -0.00919048 1.19384 1.14611 0.856092 0.706152 -1.62564 -1.86903 0 0 0 1 1 76790 839.378
60.5933 1 -0.00918781 1.19376 1.1461 0.858482 0.707643 -1.62244 -1.86661 0 0 0 1 1 76800 839.487
60.6012 1 -0.00918406 1.19368 1.14608 0.861628 0.709147 -1.61849 -1.86418 0 0 0 1 1 76810 839.596
60.6091 1 -0.00917924 1.1936 1.14607 0.86556 0.710671 -1.61376 -1.86174 0 0 0 1 1 76820 839.705
60.6169 1 -0.00917335 1.19352 1.14605 0.870295 0.712224 -1.60823 -1.85926 0 0 0 1 1 76830 839.815
60.6248 1 -0.00916637 1.19344 1.14604 0.87584 0.713812 -1.60189 -1.85675 0 0 0 1 1 76840 839.924
60.6327 1 -0.00915832 1.19336 1.14602 0.882189 0.715443 -1.59474 -1.8542 0 0 0 1 1 76850 840.033
60.6406 1 -0.00914919 1.19328 1.14601 0.889328 0.717126 -1.58682 -1.8516 0 0 0 1 1 76860 840.142
60.6485 1 -0.00913897 1.1932 1.14599 0.897228 0.718866 -1.57813 -1.84894 0 0 0 1 1 76870 840.251
60.6564 1 -0.00912767 1.19312 1.14598 0.905853 0.720671 -1.56873 -1.84622 0 0 0 1 1 76880 840.36
60.6643 1 -0.00911529 1.19305 1.14596 0.915153 0.722547 -1.55865 -1.84343 0 0 0 1 1 76890 840.47
60.6722 1 -0.00910181 1.19297 1.14595 0.925072 0.7245 -1.54796 -1.84056 0 0 0 1 1 76900 840.579
60.6801 1 -0.00908725 1.19289 1.14593 0.935542 0.726534 -1.53673 -1.83762 0 0 0 1 1 76910 840.688
60.688 1 -0.00907159 1.19282 1.14592 0.94649 0.728654 -1.52502 -1.83459 0 0 0 1 1 76920 840.797
60.6958 1 -0.00905483 1.19274 1.1459 0.957835 0.730863 -1.51293 -1.83147 0 0 0 1 1 76930 840.906
60.7037 1 -0.00903697 1.19266 1.14588 0.969488 0.733165 -1.50053 -1.82826 0 0 0 1 1 76940 841.016
60.7116 1 -0.009018 1.19259 1.14587 0.981359 0.735559 -1.48791 -1.82496 0 0 0 1 1 76950 841.125
60.7195 1 -0.00899793 1.19251 1.14585 0.993353 0.738048 -1.47519 -1.82157 0 0 0 1 1 76960 841.234
60.7274 1 -0.00897675 1.19244 1.14584 1.00537 0.740631 -1.46244 -1.81808 0 0 0 1 1 76970 841.343
60.7353 1 -0.00895445 1.19237 1.14582 1.01732 0.743306 -1.44977 -1.81451 0 0 0 1 1 76980 841.452
60.7432 1 -0.00893104 1.19229 1.1458 1.0291 0.746072 -1.43728 -1.81084 0 0 0 1 1 76990 841.561
60.7511 1 -0.00890651 1.19222 1.14579 1.04061 0.748926 -1.42506 -1.80709 0 0 0 1 1 77000 841.671
60.759 1 -0.00888085 1.19215 1.14577 1.05176 0.751863 -1.4132 -1.80326 0 0 0 1 1 77010 841.78
60.7669 1 -0.00885407 1.19208 1.14575 1.06247 0.754879 -1.40179 -1.79935 0 0 0 1 1 77020 841.889
60.7747 1 -0.00882616 1.19201 1.14573 1.07265 0.757968 -1.39092 -1.79537 0 0 0 1 1 77030 841.998
60.7826 1 -0.00879713 1.19194 1.14572 1.08223 0.761123 -1.38066 -1.79133 0 0 0 1 1 77040 842.107
60.7905 1 -0.00876696 1.19187 1.1457 1.09113 0.764338 -1.37108 -1.78723 0 0 0 1 1 77050 842.216
60.7984 1 -0.00873565 1.1918 1.14568 1.0993 0.767606 -1.36223 -1.78308 0 0 0 1 1 77060 842.326
60.8063 1 -0.00870322 1.19173 1.14566 1.10668 0.770917 -1.35418 -1.77888 0 0 0 1 1 77070 842.435
60.8142 1 -0.00866964 1.19167 1.14564 1.11323 0.774264 -1.34695 -1.77465 0 0 0 1 1 77080 842.544
60.8221 1 -0.00863494 1.1916 1.14562 1.11893 0.777638 -1.34059 -1.7704 0 0 0 1 1 77090 842.653
60.83 1 -0.0085991 1.19153 1.1456 1.12374 0.781031 -1.33511 -1.76613 0 0 0 1 1 77100 842.763
60.8379 1 -0.00856212 1.19147 1.14558 1.12767 0.784432 -1.33053 -1.76186 0 0 0 1 1 77110 842.872
60.8458 1 -0.00852401 1.1914 1.14556 1.1307 0.787834 -1.32683 -1.75758 0 0 0 1 1 77120 842.981
60.8536 1 -0.00848477 1.19134 1.14553 1.13286 0.791227 -1.32402 -1.75332 0 0 0 1 1 77130 843.09
60.8615 1 -0.00844439 1.19127 1.14551 1.13417 0.794604 -1.32206 -1.74907 0 0 0 1 1 77140 843.199
60.8694 1 -0.00840289 1.19121 1.14549 1.13465 0.797955 -1.32092 -1.74486 0 0 0 1 1 77150 843.309
60.8773 1 -0.00836027 1.19115 1.14546 1.13435 0.801274 -1.32056 -1.74067 0 0 0 1 1 77160 843.418
60.8852 1 -0.00831652 1.19109 1.14544 1.13333 0.804554 -1.32093 -1.73653 0 0 0 1 1 77170 843.527
60.8931 1 -0.00827166 1.19103 1.14542 1.13164 0.807787 -1.32196 -1.73244 0 0 0 1 1 77180 843.636
60.901 1 -0.00822568 1.19097 1.14539 1.12936 0.810969 -1.32358 -1.7284 0 0 0 1 1 77190 843.745
60.9089 1 -0.00817859 1.19091 1.14536 1.12657 0.814093 -1.32572 -1.72442 0 0 0 1 1 77200 843.855
60.9168 1 -0.00813039 1.19085 1.14534 1.12334 0.817158 -1.32829 -1.7205 0 0 0 1 1 77210 843.964
60.9246 1 -0.0080811 1.19079 1.14531 1.11978 0.820158 -1.3312 -1.71665 0 0 0 1 1 77220 844.073
60.9325 1 -0.0080307 1.19073 1.14528 1.11597 0.823092 -1.33435 -1.71287 0 0 0 1 1 77230 844.182
60.9404 1 -0.00797922 1.19068 1.14525 1.112 0.825958 -1.33765 -1.70915 0 0 0 1 1 77240 844.291
60.9483 1 -0.00792665 1.19062 1.14522 1.10799 0.828757 -1.34099 -1.70551 0 0 0 1 1 77250 844.4
60.9562 1 -0.00787301 1.19057 1.14519 1.10404 0.831489 -1.34429 -1.70193 0 0 0 1 1 77260 844.509
60.9641 1 -0.00781829 1.19051 1.14516 1.10023 0.834155 -1.34742 -1.69842 0 0 0 1 1 77270 844.619
60.972 1 -0.0077625 1.19046 1.14513 1.09669 0.83676 -1.3503 -1.69498 0 0 0 1 1 77280 844.728
60.9799 1 -0.00770565 1.19041 1.1451 1.09349 0.839305 -1.35283 -1.69159 0 0 0 1 1 77290 844.837
60.9878 1 -0.00764774 1.19036 1.14507 1.09074 0.841796 -1.35491 -1.68826 0 0 0 1 1 77300 844.946
60.9957 1 -0.00758879 1.1903 1.14503 1.08852 0.844238 -1.35645 -1.68498 0 0 0 1 1 77310 845.055
61.0035 1 -0.00752878 1.19025 1.145 1.08692 0.846638 -1.35738 -1.68175 0 0 0 1 1 77320 845.165
61.0114 1 -0.00746774 1.1902 1.14496 1.08602 0.849002 -1.35761 -1.67855 0 0 0 1 1 77330 845.274
61.0193 1 -0.00740567 1.19015 1.14493 1.08588 0.851338 -1.35707 -1.67539 0 0 0 1 1 77340 845.383
61.0272 1 -0.00734256 1.19011 1.14489 1.08656 0.853653 -1.35572 -1.67224 0 0 0 1 1 77350 845.492
61.0351 1 -0.00727843 1.19006 1.14486 1.08812 0.855958 -1.35349 -1.66911 0 0 0 1 1 77360 845.601
61.043 1 -0.00721328 1.19001 1.14482 1.09059 0.85826 -1.35035 -1.66598 0 0 0 1 1 77370 845.711
61.0509 1 -0.00714711 1.18997 1.14479 1.094 0.860568 -1.34627 -1.66285 0 0 0 1 1 77380 845.82
61.0588 1 -0.00707993 1.18992 1.14475 1.09837 0.862893 -1.34123 -1.6597 0 0 0 1 1 77390 845.929
61.0667 1 -0.00701175 1.18988 1.14471 1.10372 0.865243 -1.33523 -1.65653 0 0 0 1 1 77400 846.039
61.0746 1 -0.00694255 1.18983 1.14467 1.11003 0.867628 -1.32826 -1.65332 0 0 0 1 1 77410 846.148
61.0824 1 -0.00687236 1.18979 1.14464 1.11729 0.870057 -1.32034 -1.65007 0 0 0 1 1 77420 846.257
61.0903 1 -0.00680116 1.18975 1.1446 1.12547 0.872539 -1.3115 -1.64677 0 0 0 1 1 77430 846.366
61.0982 1 -0.00672897 1.18971 1.14456 1.13454 0.875081 -1.30178 -1.64342 0 0 0 1 1 77440 846.475
61.1061 1 -0.00665578 1.18966 1.14452 1.14446 0.877693 -1.29123 -1.63999 0 0 0 1 1 77450 846.585
61.114 1 -0.0065816 1.18962 1.14448 1.15515 0.880381 -1.27989 -1.63649 0 0 0 1 1 77460 846.694
61.1219 1 -0.00650643 1.18959 1.14444 1.16657 0.883152 -1.26785 -1.63291 0 0 0 1 1 77470 846.803
61.1298 1 -0.00643026 1.18955 1.1444 1.17863 0.886012 -1.25517 -1.62924 0 0 0 1 1 77480 846.912
61.1377 1 -0.00635311 1.18951 1.14437 1.19124 0.888965 -1.24193 -1.62548 0 0 0 1 1 77490 847.021
61.1456 1 -0.00627496 1.18947 1.14433 1.20434 0.892017 -1.22822 -1.62162 0 0 0 1 1 77500 847.131
61.1535 1 -0.00619583 1.18943 1.14429 1.21782 0.895169 -1.21414 -1.61767 0 0 0 1 1 77510 847.24
61.1613 1 -0.0061157 1.1894 1.14425 1.23158 0.898425 -1.19978 -1.61361 0 0 0 1 1 77520 847.349
61.1692 1 -0.00603459 1.18936 1.14421 1.24553 0.901786 -1.18524 -1.60945 0 0 0 1 1 77530 847.458
61.1771 1 -0.00595249 1.18933 1.14417 1.25957 0.905252 -1.17061 -1.60519 0 0 0 1 1 77540 847.567
61.185 1 -0.0058694 1.1893 1.14413 1.2736 0.908822 -1.15601 -1.60083 0 0 0 1 1 77550 847.677
61.1929 1 -0.00578532 1.18926 1.14409 1.28752 0.912495 -1.14152 -1.59636 0 0 0 1 1 77560 847.786
61.2008 1 -0.00570026 1.18923 1.14405 1.30124 0.916267 -1.12724 -1.5918 0 0 0 1 1 77570 847.895
61.2087 1 -0.00561421 1.1892 1.14401 1.31466 0.920137 -1.11326 -1.58714 0 0 0 1 1 77580 848.004
61.2166 1 -0.00552717 1.18917 1.14397 1.32771 0.924098 -1.09966 -1.58239 0 0 0 1 1 77590 848.114
61.2245 1 -0.00543914 1.18914 1.14394 1.34031 0.928147 -1.08652 -1.57756 0 0 0 1 1 77600 848.223
61.2323 1 -0.00535013 1.18911 1.1439 1.35238 0.932277 -1.07392 -1.57265 0 0 0 1 1 77610 848.332
61.2402 1 -0.00526013 1.18908 1.14386 1.36387 0.936482 -1.0619 -1.56767 0 0 0 1 1 77620 848.441
61.2481 1 -0.00516915 1.18905 1.14382 1.37473 0.940756 -1.05051 -1.56262 0 0 0 1 1 77630 848.55
61.256 1 -0.00507719 1.18903 1.14378 1.38492 0.945091 -1.03981 -1.55751 0 0 0 1 1 77640 848.66
61.2639 1 -0.00498425 1.189 1.14374 1.39441 0.949481 -1.0298 -1.55235 0 0 0 1 1 77650 848.769
61.2718 1 -0.00489033 1.18897 1.14371 1.40319 0.953916 -1.02051 -1.54715 0 0 0 1 1 77660 848.878
61.2797 1 -0.00479543 1.18895 1.14367 1.41126 0.958391 -1.01194 -1.54191 0 0 0 1 1 77670 848.987
61.2876 1 -0.00469957 1.18892 1.14363 1.41862 0.962897 -1.00408 -1.53664 0 0 0 1 1 77680 849.098
61.2955 1 -0.00460273 1.1889 1.14359 1.4253 0.967427 -0.996903 -1.53135 0 0 0 1 1 77690 849.207
61.3034 1 -0.00450492 1.18888 1.14356 1.43134 0.971976 -0.990374 -1.52604 0 0 0 1 1 77700 849.317
61.3112 1 -0.00440616 1.18886 1.14352 1.43678 0.976535 -0.984447 -1.52073 0 0 0 1 1 77710 849.426
61.3191 1 -0.00430643 1.18883 1.14348 1.44168 0.981101 -0.979061 -1.51541 0 0 0 1 1 77720 849.535
61.327 1 -0.00420575 1.18881 1.14344 1.4461 0.985667 -0.974149 -1.51009 0 0 0 1 1 77730 849.644
61.3349 1 -0.00410412 1.18879 1.14341 1.45014 0.990229 -0.969631 -1.50478 0 0 0 1 1 77740 849.754
61.3428 1 -0.00400154 1.18878 1.14337 1.45387 0.994785 -0.96542 -1.49948 0 0 0 1 1 77750 849.863
61.3507 1 -0.00389803 1.18876 1.14333 1.45739 0.999331 -0.961422 -1.49419 0 0 0 1 1 77760 849.972
61.3586 1 -0.00379357 1.18874 1.1433 1.4608 1.00387 -0.957537 -1.48892 0 0 0 1 1 77770 850.081
61.3665 1 -0.00368819 1.18872 1.14326 1.46421 1.00839 -0.953661 -1.48366 0 0 0 1 1 77780 850.19
61.3744 1 -0.00358188 1.18871 1.14323 1.46771 1.0129 -0.949688 -1.47841 0 0 0 1 1 77790 850.299
61.3823 1 -0.00347465 1.18869 1.14319 1.47141 1.01741 -0.945511 -1.47317 0 0 0 1 1 77800 850.408
61.3901 1 -0.00336651 1.18868 1.14315 1.47543 1.02191 -0.941024 -1.46795 0 0 0 1 1 77810 850.518
61.398 1 -0.00325745 1.18866 1.14312 1.47987 1.0264 -0.936124 -1.46273 0 0 0 1 1 77820 850.627
61.4059 1 -0.00314749 1.18865 1.14308 1.48482 1.0309 -0.930711 -1.4575 0 0 0 1 1 77830 850.736
61.4138 1 -0.00303663 1.18864 1.14305 1.49038 1.03541 -0.924694 -1.45228 0 0 0 1 1 77840 850.845
61.4217 1 -0.00292487 1.18863 1.14301 1.49663 1.03993 -0.917987 -1.44704 0 0 0 1 1 77850 850.954
61.4296 1 -0.00281223 1.18862 1.14298 1.50365 1.04447 -0.910513 -1.44178 0 0 0 1 1 77860 851.071
61.4375 1 -0.00269869 1.18861 1.14294 1.5115 1.04904 -0.902207 -1.4365 0 0 0 1 1 77870 851.18
61.4454 1 -0.00258428 1.1886 1.1429 1.52025 1.05364 -0.893016 -1.43118 0 0 0 1 1 77880 851.289
61.4533 1 -0.00246898 1.18859 1.14287 1.52993 1.0583 -0.882897 -1.42582 0 0 0 1 1 77890 851.398
61.4612 1 -0.00235281 1.18858 1.14283 1.54057 1.063 -0.871823 -1.42041 0 0 0 1 1 77900 851.508
61.469 1 -0.00223576 1.18857 1.1428 1.55218 1.06778 -0.859779 -1.41493 0 0 0 1 1 77910 851.617
61.4769 1 -0.00211785 1.18857 1.14277 1.56477 1.07262 -0.846766 -1.40939 0 0 0 1 1 77920 851.726
61.4848 1 -0.00199907 1.18856 1.14273 1.57833 1.07755 -0.832797 -1.40377 0 0 0 1 1 77930 851.835
61.4927 1 -0.00187942 1.18855 1.1427 1.59281 1.08256 -0.817903 -1.39806 0 0 0 1 1 77940 851.944
61.5006 1 -0.00175891 1.18855 1.14266 1.60819 1.08768 -0.802126 -1.39225 0 0 0 1 1 77950 852.054
61.5085 1 -0.00163753 1.18855 1.14263 1.6244 1.0929 -0.785522 -1.38634 0 0 0 1 1 77960 852.163
61.5164 1 -0.0015153 1.18854 1.14259 1.64137 1.09823 -0.768161 -1.38032 0 0 0 1 1 77970 852.272
61.5243 1 -0.0013922 1.18854 1.14256 1.65904 1.10368 -0.750124 -1.37419 0 0 0 1 1 77980 852.381
61.5322 1 -0.00126825 1.18854 1.14253 1.67729 1.10925 -0.731503 -1.36794 0 0 0 1 1 77990 852.49
61.5401 1 -0.00114344 1.18854 1.14249 1.69604 1.11496 -0.7124 -1.36156 0 0 0 1 1 78000 852.6
61.5479 1 -0.00101777 1.18854 1.14246 1.71516 1.12079 -0.692924 -1.35505 0 0 0 1 1 78010 852.709
61.5558 1 -0.000891237 1.18854 1.14242 1.73456 1.12676 -0.67319 -1.34841 0 0 0 1 1 78020 852.818
61.5637 1 -0.00076385 1.18854 1.14239 1.7541 1.13286 -0.653321 -1.34165 0 0 0 1 1 78030 852.927
61.5716 1 -0.000635606 1.18854 1.14235 1.77366 1.13909 -0.633441 -1.33475 0 0 0 1 1 78040 853.037
61.5795 1 -0.000506505 1.18855 1.14232 1.79312 1.14545 -0.613675 -1.32773 0 0 0 1 1 78050 853.146
61.5874 1 -0.000376548 1.18855 1.14229 1.81235 1.15194 -0.59415 -1.32058 0 0 0 1 1 78060 853.255
61.5953 1 -0.000245735 1.18855 1.14225 1.83122 1.15856 -0.57499 -1.31331 0 0 0 1 1 78070 853.364
61.6032 1 -0.000114066 1.18856 1.14222 1.84961 1.16529 -0.556314 -1.30593 0 0 0 1 1 78080 853.473
61.6111 1 1.84567e-05 1.18856 1.14218 1.86742 1.17214 -0.53824 -1.29844 0 0 0 1 1 78090 853.582
61.6189 1 0.000151832 1.18857 1.14215 1.88452 1.17909 -0.520874 -1.29085 0 0 0 1 1 78100 853.692
61.6268 1 0.000286059 1.18858 1.14212 1.90082 1.18613 -0.504317 -1.28317 0 0 0 1 1 78110 853.801
61.6347 1 0.000421135 1.18858 1.14208 1.91623 1.19326 -0.48866 -1.2754 0 0 0 1 1 78120 853.91
61.6426 1 0.000557058 1.18859 1.14205 1.93067 1.20047 -0.473982 -1.26756 0 0 0 1 1 78130 854.019
61.6505 1 0.000693825 1.1886 1.14201 1.94407 1.20774 -0.460351 -1.25966 0 0 0 1 1 78140 854.128
61.6584 1 0.000831432 1.18861 1.14198 1.95638 1.21507 -0.447822 -1.25171 0 0 0 1 1 78150 854.237
61.6663 1 0.000969876 1.18862 1.14194 1.96755 1.22244 -0.436435 -1.24372 0 0 0 1 1 78160 854.347
61.6742 1 0.00110915 1.18863 1.14191 1.97755 1.22985 -0.426216 -1.23571 0 0 0 1 1 78170 854.456
61.6821 1 0.00124925 1.18864 1.14187 1.98638 1.23727 -0.417177 -1.22767 0 0 0 1 1 78180 854.565
61.69 1 0.00139018 1.18866 1.14183 1.99404 1.2447 -0.409313 -1.21964 0 0 0 1 1 78190 854.674
61.6978 1 0.00153192 1.18867 1.1418 2.00055 1.25212 -0.402605 -1.21161 0 0 0 1 1 78200 854.784
61.7057 1 0.00167447 1.18868 1.14176 2.00594 1.25953 -0.397017 -1.2036 0 0 0 1 1 78210 854.893
61.7136 1 0.00181781 1.1887 1.14172 2.01026 1.26692 -0.3925 -1.19562 0 0 0 1 1 78220 855.002
61.7215 1 0.00196196 1.18871 1.14169 2.01358 1.27427 -0.388988 -1.18768 0 0 0 1 1 78230 855.111
61.7294 1 0.00210689 1.18873 1.14165 2.01597 1.28157 -0.386403 -1.17979 0 0 0 1 1 78240 855.22
61.7373 1 0.00225259 1.18874 1.14161 2.01753 1.28882 -0.384651 -1.17196 0 0 0 1 1 78250 855.329
61.7452 1 0.00239907 1.18876 1.14158 2.01836 1.29601 -0.383629 -1.16419 0 0 0 1 1 78260 855.439
61.7531 1 0.0025463 1.18878 1.14154 2.01858 1.30314 -0.38322 -1.15649 0 0 0 1 1 78270 855.548
61.761 1 0.00269428 1.18879 1.1415 2.01832 1.31019 -0.383297 -1.14887 0 0 0 1 1 78280 855.657
61.7689 1 0.002843 1.18881 1.14146 2.0177 1.31717 -0.383727 -1.14132 0 0 0 1 1 78290 855.766
61.7767 1 0.00299244 1.18883 1.14142 2.01686 1.32407 -0.384367 -1.13385 0 0 0 1 1 78300 855.875
61.7846 1 0.0031426 1.18885 1.14138 2.01597 1.3309 -0.385071 -1.12646 0 0 0 1 1 78310 855.984
61.7925 1 0.00329347 1.18887 1.14134 2.01516 1.33765 -0.385689 -1.11916 0 0 0 1 1 78320 856.094
61.8004 1 0.00344504 1.18889 1.14131 2.01459 1.34433 -0.386067 -1.11193 0 0 0 1 1 78330 856.203
61.8083 1 0.00359729 1.18891 1.14127 2.01441 1.35094 -0.386055 -1.10477 0 0 0 1 1 78340 856.312
61.8162 1 0.00375021 1.18893 1.14123 2.01477 1.35748 -0.385502 -1.09768 0 0 0 1 1 78350 856.421
61.8241 1 0.0039038 1.18896 1.14119 2.01582 1.36397 -0.384262 -1.09065 0 0 0 1 1 78360 856.53
61.832 1 0.00405804 1.18898 1.14115 2.0177 1.3704 -0.382196 -1.08368 0 0 0 1 1 78370 856.639
61.8399 1 0.00421292 1.189 1.14111 2.02053 1.3768 -0.379172 -1.07674 0 0 0 1 1 78380 856.749
61.8478 1 0.00436843 1.18902 1.14107 2.02445 1.38317 -0.375068 -1.06984 0 0 0 1 1 78390 856.858
61.8556 1 0.00452457 1.18905 1.14103 2.02956 1.38952 -0.369772 -1.06296 0 0 0 1 1 78400 856.967
61.8635 1 0.00468132 1.18907 1.14099 2.03597 1.39586 -0.363185 -1.05609 0 0 0 1 1 78410 857.076
61.8714 1 0.00483868 1.1891 1.14095 2.04375 1.40222 -0.355225 -1.04922 0 0 0 1 1 78420 857.185
61.8793 1 0.00499663 1.18912 1.14092 2.05298 1.40859 -0.345822 -1.04233 0 0 0 1 1 78430 857.295
61.8872 1 0.00515517 1.18915 1.14088 2.06371 1.415 -0.334924 -1.0354 0 0 0 1 1 78440 857.404
61.8951 1 0.00531429 1.18917 1.14084 2.07598 1.42146 -0.322495 -1.02843 0 0 0 1 1 78450 857.513
61.903 1 0.00547399 1.1892 1.1408 2.0898 1.42799 -0.308519 -1.02139 0 0 0 1 1 78460 857.622
61.9109 1 0.00563426 1.18923 1.14077 2.10517 1.4346 -0.292996 -1.01428 0 0 0 1 1 78470 857.731
61.9188 1 0.00579509 1.18925 1.14073 2.12208 1.4413 -0.275945 -1.00708 0 0 0 1 1 78480 857.84
61.9266 1 0.00595648 1.18928 1.1407 2.14049 1.44812 -0.257404 -0.999767 0 0 0 1 1 78490 857.95
61.9345 1 0.00611843 1.18931 1.14066 2.16034 1.45505 -0.237427 -0.992339 0 0 0 1 1 78500 858.059
61.9424 1 0.00628093 1.18934 1.14063 2.18157 1.46212 -0.216086 -0.98478 0 0 0 1 1 78510 858.168
61.9503 1 0.00644397 1.18936 1.14059 2.20409 1.46933 -0.19347 -0.977078 0 0 0 1 1 78520 858.277
61.9582 1 0.00660756 1.18939 1.14056 2.22779 1.47671 -0.169682 -0.969223 0 0 0 1 1 78530 858.386
61.9661 1 0.00677169 1.18942 1.14053 2.25255 1.48425 -0.144839 -0.961205 0 0 0 1 1 78540 858.496
61.974 1 0.00693637 1.18945 1.1405 2.27826 1.49196 -0.119071 -0.953016 0 0 0 1 1 78550 858.605
61.9819 1 0.00710158 1.18948 1.14047 2.30476 1.49986 -0.0925195 -0.944649 0 0 0 1 1 78560 858.714
61.9898 1 0.00726734 1.18951 1.14044 2.3319 1.50794 -0.0653341 -0.936099 0 0 0 1 1 78570 858.823
61.9977 1 0.00743363 1.18954 1.14042 2.35954 1.51622 -0.0376717 -0.927363 0 0 0 1 1 78580 858.932
62.0055 1 0.00760047 1.18957 1.14039 2.38751 1.52468 -0.00969459 -0.918438 0 0 0 1 1 78590 859.042
62.0134 1 0.00776784 1.1896 1.14037 2.41564 1.53334 0.0184321 -0.909325 0 0 0 1 1 78600 859.151
62.0213 1 0.00793575 1.18963 1.14034 2.44376 1.5422 0.0465425 -0.900023 0 0 0 1 1 78610 859.26
62.0292 1 0.0081042 1.18966 1.14032 2.47172 1.55124 0.0744721 -0.890538 0 0 0 1 1 78620 859.369
62.0371 1 0.00827319 1.18969 1.1403 2.49936 1.56047 0.10206 -0.880872 0 0 0 1 1 78630 859.478
62.045 1 0.00844272 1.18972 1.14028 2.5265 1.56987 0.129151 -0.871032 0 0 0 1 1 78640 859.588
62.0529 1 0.00861279 1.18975 1.14026 2.55302 1.57945 0.155599 -0.861025 0 0 0 1 1 78650 859.697
62.0608 1 0.00878339 1.18978 1.14025 2.57878 1.58919 0.181267 -0.85086 0 0 0 1 1 78660 859.806
62.0687 1 0.00895454 1.18981 1.14023 2.60364 1.59909 0.206031 -0.840548 0 0 0 1 1 78670 859.915
62.0766 1 0.00912622 1.18985 1.14022 2.62749 1.60912 0.229781 -0.830098 0 0 0 1 1 78680 860.024
62.0844 1 0.00929843 1.18988 1.1402 2.65026 1.61929 0.252422 -0.819523 0 0 0 1 1 78690 860.134
62.0923 1 0.00947119 1.18991 1.14019 2.67184 1.62957 0.273878 -0.808835 0 0 0 1 1 78700 860.243
62.1002 1 0.00964447 1.18994 1.14018 2.6922 1.63996 0.29409 -0.798048 0 0 0 1 1 78710 860.352
62.1081 1 0.00981828 1.18997 1.14018 2.71128 1.65044 0.313022 -0.787175 0 0 0 1 1 78720 860.461
62.116 1 0.00999262 1.19001 1.14017 2.72907 1.661 0.330654 -0.776229 0 0 0 1 1 78730 860.57
62.1239 1 0.0101675 1.19004 1.14016 2.74558 1.67162 0.346991 -0.765225 0 0 0 1 1 78740 860.679
62.1318 1 0.0103429 1.19007 1.14016 2.76082 1.6823 0.362058 -0.754175 0 0 0 1 1 78750 860.789
62.1397 1 0.0105188 1.19011 1.14016 2.77485 1.69301 0.375901 -0.743092 0 0 0 1 1 78760 860.898
62.1476 1 0.0106952 1.19014 1.14015 2.78772 1.70375 0.388588 -0.731988 0 0 0 1 1 78770 861.007
62.1555 1 0.0108721 1.19017 1.14015 2.79954 1.7145 0.400207 -0.720874 0 0 0 1 1 78780 861.116
62.1633 1 0.0110495 1.19021 1.14016 2.81039 1.72526 0.410862 -0.709761 0 0 0 1 1 78790 861.225
62.1712 1 0.0112274 1.19024 1.14016 2.82042 1.73601 0.420679 -0.698657 0 0 0 1 1 78800 861.334
62.1791 1 0.0114058 1.19027 1.14016 2.82975 1.74676 0.429797 -0.687569 0 0 0 1 1 78810 861.444
62.187 1 0.0115847 1.19031 1.14017 2.83854 1.75749 0.43837 -0.676505 0 0 0 1 1 78820 861.553
62.1949 1 0.011764 1.19034 1.14017 2.84695 1.76819 0.446562 -0.665466 0 0 0 1 1 78830 861.662
62.2028 1 0.0119439 1.19038 1.14018 2.85516 1.77887 0.454548 -0.654457 0 0 0 1 1 78840 861.771
62.2107 1 0.0121241 1.19041 1.14019 2.86334 1.78953 0.462506 -0.643479 0 0 0 1 1 78850 861.88
62.2186 1 0.0123049 1.19045 1.1402 2.87169 1.80016 0.470621 -0.632529 0 0 0 1 1 78860 861.989
62.2265 1 0.012486 1.19048 1.14021 2.88038 1.81078 0.479075 -0.621606 0 0 0 1 1 78870 862.099
62.2343 1 0.0126676 1.19052 1.14023 2.88959 1.82137 0.48805 -0.610704 0 0 0 1 1 78880 862.208
62.2422 1 0.0128497 1.19055 1.14024 2.89951 1.83196 0.497721 -0.599818 0 0 0 1 1 78890 862.317
62.2501 1 0.0130321 1.19059 1.14026 2.91029 1.84255 0.508254 -0.588939 0 0 0 1 1 78900 862.426
62.258 1 0.013215 1.19062 1.14027 2.9221 1.85314 0.519804 -0.578058 0 0 0 1 1 78910 862.535
62.2659 1 0.0133983 1.19066 1.14029 2.93507 1.86375 0.532512 -0.567164 0 0 0 1 1 78920 862.644
62.2738 1 0.013582 1.19069 1.14031 2.94932 1.87439 0.546504 -0.556245 0 0 0 1 1 78930 862.754
62.2817 1 0.0137661 1.19073 1.14033 2.96498 1.88507 0.561884 -0.545289 0 0 0 1 1 78940 862.863
62.2896 1 0.0139506 1.19077 1.14035 2.98212 1.89581 0.578738 -0.534281 0 0 0 1 1 78950 862.972
62.2975 1 0.0141355 1.1908 1.14038 3.0008 1.90662 0.597131 -0.523208 0 0 0 1 1 78960 863.081
62.3054 1 0.0143208 1.19084 1.1404 3.02107 1.91752 0.617102 -0.512053 0 0 0 1 1 78970 863.19
62.3132 1 0.0145065 1.19088 1.14043 3.04295 1.92852 0.638668 -0.500803 0 0 0 1 1 78980 863.299
62.3211 1 0.0146925 1.19091 1.14045 3.06643 1.93964 0.661822 -0.489443 0 0 0 1 1 78990 863.409
62.329 1 0.0148789 1.19095 1.14048 3.09147 1.95088 0.686532 -0.477957 0 0 0 1 1 79000 863.518
62.3369 1 0.0150657 1.19099 1.14051 3.11803 1.96227 0.712743 -0.466333 0 0 0 1 1 79010 863.627
62.3448 1 0.0152529 1.19103 1.14054 3.14603 1.97382 0.740376 -0.454558 0 0 0 1 1 79020 863.736
62.3527 1 0.0154405 1.19106 1.14057 3.17536 1.98554 0.769332 -0.442619 0 0 0 1 1 79030 863.845
62.3606 1 0.0156285 1.1911 1.1406 3.2059 1.99743 0.799488 -0.430505 0 0 0 1 1 79040 863.955
62.3685 1 0.0158168 1.19114 1.14064 3.23752 2.00952 0.830705 -0.418208 0 0 0 1 1 79050 864.064
62.3764 1 0.0160055 1.19118 1.14067 3.27007 2.02181 0.862827 -0.405719 0 0 0 1 1 79060 864.173
62.3843 1 0.0161946 1.19122 1.1407 3.30336 2.0343 0.895683 -0.393032 0 0 0 1 1 79070 864.282
62.3921 1 0.0163841 1.19125 1.14074 3.33722 2.04699 0.929089 -0.380144 0 0 0 1 1 79080 864.391
62.4 1 0.0165739 1.19129 1.14078 3.37145 2.0599 0.962851 -0.36705 0 0 0 1 1 79090 864.501
62.4079 1 0.0167642 1.19133 1.14081 3.40585 2.07302 0.996769 -0.353753 0 0 0 1 1 79100 864.61
62.4158 1 0.0169549 1.19137 1.14085 3.44023 2.08635 1.03064 -0.340251 0 0 0 1 1 79110 864.719
62.4237 1 0.0171459 1.19141 1.14089 3.47436 2.09989 1.06425 -0.326551 0 0 0 1 1 79120 864.828
62.4316 1 0.0173374 1.19145 1.14093 3.50805 2.11362 1.0974 -0.312656 0 0 0 1 1 79130 864.937
62.4395 1 0.0175292 1.19149 1.14097 3.54109 2.12755 1.12989 -0.298575 0 0 0 1 1 79140 865.046
62.4474 1 0.0177214 1.19153 1.14101 3.57328 2.14167 1.16151 -0.284316 0 0 0 1 1 79150 865.156
62.4553 1 0.0179141 1.19157 1.14106 3.60444 2.15595 1.19209 -0.269892 0 0 0 1 1 79160 865.265
62.4632 1 0.0181071 1.19161 1.1411 3.63439 2.1704 1.22144 -0.255316 0 0 0 1 1 79170 865.374
62.471 1 0.0183006 1.19165 1.14114 3.66297 2.18499 1.2494 -0.240601 0 0 0 1 1 79180 865.483
62.4789 1 0.0184944 1.1917 1.14119 3.69002 2.19972 1.27583 -0.225763 0 0 0 1 1 79190 865.592
62.4868 1 0.0186887 1.19174 1.14123 3.71542 2.21455 1.30059 -0.210821 0 0 0 1 1 79200 865.702
62.4947 1 0.0188833 1.19178 1.14128 3.73906 2.22948 1.32358 -0.195791 0 0 0 1 1 79210 865.811
62.5026 1 0.0190783 1.19182 1.14132 3.76084 2.24448 1.3447 -0.180693 0 0 0 1 1 79220 865.92
62.5105 1 0.0192738 1.19186 1.14137 3.7807 2.25955 1.36388 -0.165545 0 0 0 1 1 79230 866.029
62.5184 1 0.0194696 1.19191 1.14141 3.79859 2.27464 1.38109 -0.150369 0 0 0 1 1 79240 866.138
62.5263 1 0.0196658 1.19195 1.14146 3.81449 2.28976 1.3963 -0.135184 0 0 0 1 1 79250 866.247
62.5342 1 0.0198624 1.19199 1.14151 3.82841 2.30487 1.40953 -0.120009 0 0 0 1 1 79260 866.357
62.542 1 0.0200593 1.19203 1.14155 3.84038 2.31996 1.4208 -0.104864 0 0 0 1 1 79270 866.466
62.5499 1 0.0202566 1.19208 1.1416 3.85045 2.33501 1.43016 -0.0897671 0 0 0 1 1 79280 866.575
62.5578 1 0.0204543 1.19212 1.14165 3.85872 2.35 1.43772 -0.074737 0 0 0 1 1 79290 866.684
62.5657 1 0.0206523 1.19217 1.14169 3.86527 2.36491 1.44356 -0.0597901 0 0 0 1 1 79300 866.794
62.5736 1 0.0208506 1.19221 1.14174 3.87025 2.37974 1.44782 -0.0449417 0 0 0 1 1 79310 866.903
62.5815 1 0.0210492 1.19226 1.14179 3.87381 2.39445 1.45066 -0.0302055 0 0 0 1 1 79320 867.012
62.5894 1 0.0212482 1.1923 1.14184 3.87611 2.40906 1.45224 -0.0155936 0 0 0 1 1 79330 867.121
62.5973 1 0.0214474 1.19235 1.14189 3.87736 2.42353 1.45277 -0.00111607 0 0 0 1 1 79340 867.23
62.6052 1 0.021647 1.19239 1.14193 3.87776 2.43787 1.45245 0.0132191 0 0 0 1 1 79350 867.339
62.6131 1 0.0218468 1.19244 1.14198 3.87753 2.45207 1.4515 0.0274062 0 0 0 1 1 79360 867.449
62.6209 1 0.0220468 1.19248 1.14203 3.8769 2.46612 1.45015 0.0414416 0 0 0 1 1 79370 867.558
62.6288 1 0.0222472 1.19253 1.14208 3.87612 2.48003 1.44865 0.0553243 0 0 0 1 1 79380 867.667
62.6367 1 0.0224477 1.19257 1.14213 3.87542 2.49379 1.44724 0.0690556 0 0 0 1 1 79390 867.776
62.6446 1 0.0226484 1.19262 1.14218 3.87506 2.50741 1.44616 0.0826392 0 0 0 1 1 79400 867.885
62.6525 1 0.0228494 1.19267 1.14223 3.87527 2.5209 1.44565 0.0960811 0 0 0 1 1 79410 867.994
62.6604 1 0.0230505 1.19271 1.14228 3.87629 2.53426 1.44595 0.10939 0 0 0 1 1 79420 868.104
62.6683 1 0.0232518 1.19276 1.14233 3.87834 2.5475 1.44729 0.122575 0 0 0 1 1 79430 868.213
62.6762 1 0.0234532 1.19281 1.14238 3.88164 2.56064 1.44987 0.135651 0 0 0 1 1 79440 868.322
62.6841 1 0.0236548 1.19286 1.14243 3.88638 2.57369 1.45389 0.148631 0 0 0 1 1 79450 868.431
62.692 1 0.0238565 1.1929 1.14248 3.89273 2.58667 1.45952 0.161531 0 0 0 1 1 79460 868.541
62.6998 1 0.0240584 1.19295 1.14253 3.90086 2.59959 1.46692 0.174368 0 0 0 1 1 79470 868.65
62.7077 1 0.0242603 1.193 1.14258 3.91088 2.61247 1.47621 0.187163 0 0 0 1 1 79480 868.759
62.7156 1 0.0244624 1.19304 1.14264 3.9229 2.62534 1.48749 0.199933 0 0 0 1 1 79490 868.868
62.7235 1 0.0246645 1.19309 1.14269 3.93699 2.63821 1.50085 0.2127 0 0 0 1 1 79500 868.978
62.7314 1 0.0248667 1.19314 1.14275 3.9532 2.6511 1.51631 0.225485 0 0 0 1 1 79510 869.087
62.7393 1 0.0250689 1.19319 1.1428 3.97155 2.66404 1.5339 0.238307 0 0 0 1 1 79520 869.196
62.7472 1 0.0252712 1.19324 1.14286 3.99201 2.67704 1.5536 0.251188 0 0 0 1 1 79530 869.305
62.7551 1 0.0254736 1.19328 1.14292 4.01455 2.69013 1.57536 0.264147 0 0 0 1 1 79540 869.414
62.763 1 0.025676 1.19333 1.14297 4.03909 2.70332 1.59911 0.277204 0 0 0 1 1 79550 869.524
62.7709 1 0.0258784 1.19338 1.14303 4.06552 2.71663 1.62475 0.290376 0 0 0 1 1 79560 869.633
62.7787 1 0.0260809 1.19343 1.14309 4.09373 2.73009 1.65214 0.303682 0 0 0 1 1 79570 869.742
62.7866 1 0.0262834 1.19347 1.14316 4.12355 2.74369 1.68113 0.317135 0 0 0 1 1 79580 869.851
62.7945 1 0.026486 1.19352 1.14322 4.15481 2.75747 1.71155 0.330749 0 0 0 1 1 79590 869.96
62.8024 1 0.0266885 1.19357 1.14329 4.18731 2.77142 1.74319 0.344535 0 0 0 1 1 79600 870.07
62.8103 1 0.0268911 1.19362 1.14335 4.22082 2.78557 1.77584 0.358504 0 0 0 1 1 79610 870.179
62.8182 1 0.0270937 1.19366 1.14342 4.25513 2.79991 1.80926 0.372661 0 0 0 1 1 79620 870.288
62.8261 1 0.0272963 1.19371 1.14349 4.28999 2.81444 1.8432 0.38701 0 0 0 1 1 79630 870.397
62.834 1 0.0274989 1.19376 1.14356 4.32513 2.82918 1.87742 0.401555 0 0 0 1 1 79640 870.506
62.8419 1 0.0277016 1.19381 1.14363 4.3603 2.84413 1.91166 0.416294 0 0 0 1 1 79650 870.615
62.8497 1 0.0279042 1.19385 1.14371 4.39524 2.85927 1.94564 0.431225 0 0 0 1 1 79660 870.725
62.8576 1 0.0281069 1.1939 1.14378 4.42968 2.8746 1.9791 0.44634 0 0 0 1 1 79670 870.834
62.8655 1 0.0283096 1.19395 1.14386 4.46337 2.89012 2.0118 0.461632 0 0 0 1 1 79680 870.943
62.8734 1 0.0285123 1.194 1.14394 4.49605 2.90581 2.04347 0.477091 0 0 0 1 1 79690 871.052
62.8813 1 0.0287151 1.19404 1.14402 4.52748 2.92166 2.07389 0.492703 0 0 0 1 1 79700 871.161
62.8892 1 0.0289178 1.19409 1.14411 4.55745 2.93766 2.10282 0.508453 0 0 0 1 1 79710 871.27
62.8971 1 0.0291206 1.19414 1.14419 4.58574 2.95379 2.13006 0.524324 0 0 0 1 1 79720 871.38
62.905 1 0.0293234 1.19419 1.14428 4.61218 2.97003 2.15544 0.540297 0 0 0 1 1 79730 871.489
62.9129 1 0.0295261 1.19423 1.14436 4.63661 2.98635 2.17879 0.556352 0 0 0 1 1 79740 871.598
62.9208 1 0.0297289 1.19428 1.14445 4.65889 3.00275 2.19998 0.572467 0 0 0 1 1 79750 871.707
62.9286 1 0.0299317 1.19433 1.14455 4.67893 3.01919 2.21893 0.588621 0 0 0 1 1 79760 871.817
62.9365 1 0.0301345 1.19438 1.14464 4.69666 3.03565 2.23555 0.604789 0 0 0 1 1 79770 871.926
62.9444 1 0.0303373 1.19442 1.14473 4.71206 3.05212 2.24984 0.620949 0 0 0 1 1 79780 872.035
62.9523 1 0.0305401 1.19447 1.14483 4.72512 3.06856 2.26179 0.637078 0 0 0 1 1 79790 872.144
62.9602 1 0.0307429 1.19452 1.14493 4.73591 3.08496 2.27145 0.653153 0 0 0 1 1 79800 872.253
62.9681 1 0.0309456 1.19457 1.14503 4.74449 3.10128 2.2789 0.669152 0 0 0 1 1 79810 872.362
62.976 1 0.0311483 1.19462 1.14513 4.751 3.11752 2.28428 0.685057 0 0 0 1 1 79820 872.471
62.9839 1 0.031351 1.19466 1.14523 4.75558 3.13366 2.28773 0.700846 0 0 0 1 1 79830 872.581
62.9918 1 0.0315536 1.19471 1.14534 4.75845 3.14967 2.28946 0.716505 0 0 0 1 1 79840 872.69
62.9997 1 0.0317561 1.19476 1.14544 4.75982 3.16554 2.28969 0.732018 0 0 0 1 1 79850 872.799
63.0075 1 0.0319586 1.19481 1.14555 4.75995 3.18126 2.28869 0.747373 0 0 0 1 1 79860 872.908
63.0154 1 0.032161 1.19486 1.14566 4.75914 3.19682 2.28675 0.762561 0 0 0 1 1 79870 873.017
63.0233 1 0.0323633 1.19491 1.14577 4.75769 3.21222 2.28416 0.777577 0 0 0 1 1 79880 873.126
63.0312 1 0.0325655 1.19496 1.14588 4.75593 3.22745 2.28128 0.792418 0 0 0 1 1 79890 873.236
63.0391 1 0.0327676 1.19501 1.14599 4.75421 3.24251 2.27843 0.807083 0 0 0 1 1 79900 873.345
63.047 1 0.0329695 1.19506 1.1461 4.75288 3.25741 2.27596 0.821578 0 0 0 1 1 79910 873.454
63.0549 1 0.0331713 1.19511 1.14622 4.75228 3.27216 2.27423 0.835909 0 0 0 1 1 79920 873.563
63.0628 1 0.033373 1.19516 1.14633 4.75276 3.28675 2.27359 0.850087 0 0 0 1 1 79930 873.672
63.0707 1 0.0335744 1.19521 1.14645 4.75467 3.30122 2.27438 0.864127 0 0 0 1 1 79940 873.782
63.0786 1 0.0337757 1.19526 1.14657 4.75833 3.31557 2.2769 0.878045 0 0 0 1 1 79950 873.891
63.0864 1 0.0339769 1.19531 1.14669 4.76403 3.32982 2.28148 0.891862 0 0 0 1 1 79960 874
63.0943 1 0.0341778 1.19537 1.14681 4.77206 3.34401 2.28838 0.9056 0 0 0 1 1 79970 874.109
63.1022 1 0.0343785 1.19542 1.14693 4.78266 3.35814 2.29784 0.919285 0 0 0 1 1 79980 874.218
63.1101 1 0.034579 1.19547 1.14705 4.79604 3.37226 2.31008 0.932942 0 0 0 1 1 79990 874.327
63.118 1 0.0347794 1.19552 1.14718 4.81237 3.38639 2.32526 0.946602 0 0 0 1 1 80000 874.436
