I_value	Tstar	ystar
4.396	3.1459491524023493	[0.19313852698402192, 0.19942099271851757, 0.20575736115453971, 0.21210879145164838, 0.21843157276007458, 0.2246772199690379, 0.2307927149763578, 0.23672091175567214, 0.24240112091819452, 0.24776988332331001, 0.252761936187953, 0.25731136588902354, 0.26135293238058027, 0.26482353877184467, 0.26766380878135676, 0.26981972359205897, 0.2712442601045725, 0.271898964916706, 0.2717553936524411, 0.2707963445711053, 0.269016818495766, 0.2664246455806551, 0.26304073138770145, 0.2588988920140658, 0.25404526685085593, 0.2485373201083303, 0.24244246309915232, 0.2358363512288503, 0.2288009261543342, 0.2214222886627651, 0.21378849448038684, 0.2059873692283163, 0.19810443311683099, 0.1902210184567817, 0.18241264681222272, 0.17474771706361544, 0.16728653374892374, 0.16008068730926153, 0.15317277651253003, 0.1465964492308774, 0.14037672196124282, 0.13453053174028473, 0.12906746616839723, 0.12399061859618157, 0.11929751480667794, 0.1149810651206945, 0.11103049976718021, 0.10743225614212969, 0.10417079201554846, 0.10122930976215143, 0.09859038116517597, 0.09623647162503064, 0.09415036479934794, 0.09231549548308589, 0.090716198245268, 0.08933788379163013, 0.08816715274837307, 0.08719185934173802, 0.08640113396116124, 0.08578537544201537, 0.08533621991293713, 0.08504649455979582, 0.08491016065940454, 0.08492225176297541, 0.08507880916859455, 0.08537681852672059, 0.08581414803015887, 0.0863894905447112, 0.08710230897709399, 0.08795278623451928, 0.08894177834208081, 0.09007077142648953, 0.09134184068731277, 0.09275761164066985, 0.09432122147319534, 0.09603628048248752, 0.09790683122947537, 0.09993730511328427, 0.10213247379871483, 0.10449739494867627, 0.1070373494953349, 0.10975776965089669, 0.11266415471239707, 0.11576197365244473, 0.11905655144495256, 0.12255293802899116, 0.12625575692846466, 0.13016903258708376, 0.13429599382886864, 0.1386388530763293, 0.14319855964938807, 0.1479745279758269, 0.15296434068962253, 0.1581634294875143, 0.1635647363098164, 0.16915836074732518, 0.17493119984916852, 0.18086659023385313, 0.18694396314550826]
4.392	3.1502317099351735	[0.19306534056931296, 0.19931293146726703, 0.20561250857401867, 0.2119254259264129, 0.21820823024505798, 0.22441276095089568, 0.23048639327930065, 0.2363724438194079, 0.24201075238776845, 0.24733845062203147, 0.25229091939555837, 0.2568029299758334, 0.26080995312514776, 0.2642496104374875, 0.26706323068897536, 0.26919746356114915, 0.27060589364452564, 0.2712505899181012, 0.2711035219922005, 0.27014777273165647, 0.26837848144963933, 0.26580345834216534, 0.26244342488990974, 0.2583318491852946, 0.253514366758791, 0.24804779603006855, 0.2419987819073859, 0.23544211820441022, 0.22845882048288116, 0.22113403058189882, 0.2135548461575652, 0.20580816663802612, 0.19797864776121907, 0.19014684298894793, 0.18238760109816232, 0.17476876686357706, 0.16735021778570677, 0.16018324469446862, 0.15331027110985931, 0.14676488414954056, 0.14057214267898666, 0.13474911306562676, 0.12930558384375834, 0.1242449028268785, 0.11956488852579343, 0.11525876584885586, 0.11131608918145623, 0.1077236170383539, 0.10446611728964407, 0.10152708321863273, 0.09888935465279863, 0.09653563795590595, 0.09444893045402739, 0.09261285199889145, 0.09101189567450249, 0.08963160457572078, 0.08845868883440089, 0.08748109046679942, 0.08668800950804613, 0.08606989753950442, 0.08561842990861407, 0.085326460437267, 0.08518796737055429, 0.08519799205445448, 0.0853525767932338, 0.08564870149108951, 0.08608422372997147, 0.08665782054136023, 0.08736893524372252, 0.08821772673459749, 0.08920502374732016, 0.09033228094263776, 0.09160153876941099, 0.0930153836636385, 0.09457691011045603, 0.09628968094813631, 0.09815768710722703, 0.10018530301293861, 0.10237723853759205, 0.10473848358432053, 0.10727424588963501, 0.10998987798321078, 0.11289079361745531, 0.1159823695033976, 0.11926983246963227, 0.12275812789810274, 0.1264517695355276, 0.1303546667948004, 0.1344699299505603, 0.13879965001961114, 0.14334465454779857, 0.1481042373950845, 0.15307586528188652, 0.1582548613262284, 0.16363407078615674, 0.16920351235909467, 0.17495002368595083, 0.18085690849259126, 0.18690359826216138]
4.388000000000001	3.154524222649891	[0.19299076984409444, 0.1992033086326858, 0.20546592503236202, 0.2117401699087203, 0.21798284966976747, 0.22414612997783015, 0.23017778108638062, 0.23602158334873155, 0.2416179067150252, 0.24690447390659637, 0.25181730939503844, 0.25629186864713654, 0.26026433212997635, 0.2636730382966703, 0.26646001902014366, 0.2685725902442003, 0.26996494187670095, 0.2705996629845195, 0.27044913500588025, 0.2694967237209037, 0.2677377056300651, 0.2651798704551126, 0.26184375559496736, 0.25776248207101093, 0.25298118292531935, 0.24755603301527912, 0.24155291321244113, 0.23504575868018865, 0.22811466150817986, 0.22084380739612397, 0.2133193379301424, 0.20562722817726567, 0.19785127004734981, 0.1900712384381216, 0.18236130827244124, 0.17478876883159222, 0.1674130679159679, 0.16028519401216684, 0.1534473916483696, 0.1469331837527029, 0.1407676674556704, 0.1349680350512635, 0.1295442722469133, 0.12449997856121393, 0.11983326232061657, 0.11553766127546941, 0.11160305213326205, 0.10801651388120248, 0.1047631237020698, 0.10182666610297636, 0.09919024900481069, 0.09683682074473042, 0.09474959291313227, 0.09291237182336293, 0.09130980993220891, 0.08992758425933065, 0.0887525153342578, 0.08777263443664393, 0.086977212021957, 0.08635675371202728, 0.08590297464999372, 0.08560875635685682, 0.08546809439890736, 0.08547603874079765, 0.08562863283003276, 0.08592285142733468, 0.08635654145058459, 0.08692836450805537, 0.08763774411783877, 0.0884848154189415, 0.08947037951242506, 0.09059585971367998, 0.09186326127906955, 0.09327513158058627, 0.09483452188267757, 0.09654494749959874, 0.09841034715741888, 0.10043503818554163, 0.10262366805867734, 0.10498115876750225, 0.10751264424513848, 0.1102233971874716, 0.11311874522798965, 0.11620397270729983, 0.1194842078133892, 0.12296429135678431, 0.12664862694758122, 0.13054100911039226, 0.13464442941452312, 0.138960857840805, 0.1434910002819658, 0.14823403069920943, 0.15318730036753783, 0.15834602485676944, 0.16370295361085319, 0.16924802586077897, 0.17496802112343057, 0.18084621204200219, 0.18686203199590828]
4.384000000000001	3.158826720762564	[0.19291479321319535, 0.19909210043666092, 0.20531758464877597, 0.21155299560638455, 0.21775540144091735, 0.22387729586557825, 0.2298668457529323, 0.23566829645582044, 0.24122254890910858, 0.24646791729578552, 0.25134106955489677, 0.25577814471972565, 0.25971603179357966, 0.26309378450821463, 0.2658541358179896, 0.2679450657252954, 0.26932136704129034, 0.269946146647898, 0.2697921956259267, 0.26884316098854366, 0.2670944551089914, 0.2645538467135068, 0.26124168912219875, 0.25719075720037127, 0.2524456828929103, 0.24706199969136647, 0.2411048268337249, 0.23464724373085374, 0.22776842167646397, 0.2205515929849791, 0.21308194524355378, 0.20544453092484619, 0.19772227884165605, 0.1899941855355244, 0.1823337511067221, 0.17480770786387453, 0.16747507134895417, 0.160386524864153, 0.15358413030742002, 0.14710134285407314, 0.14096329390010615, 0.13518729811535718, 0.12978353472228038, 0.1247558520258949, 0.12010264536021774, 0.11581776340273826, 0.11189140345794693, 0.10831096416784011, 0.10506183135831182, 0.10212808090742963, 0.09949308900694227, 0.0971400468159485, 0.0950523809236788, 0.09321408535619242, 0.09160997294802124, 0.0902258560327704, 0.08904866658251509, 0.08806652647292385, 0.08726877750984863, 0.086645980513335, 0.08618989115425324, 0.08589341958158328, 0.08575057918843397, 0.08575642924924139, 0.0859070146406458, 0.08619930545066215, 0.08663113802413554, 0.08720115882574292, 0.08790877150054194, 0.08875408754915541, 0.08973788023474974, 0.09086154151762355, 0.09212704115063591, 0.09353688732842323, 0.09509408770285237, 0.0968021098711516, 0.09866483990534661, 0.1006865377903128, 0.10287178812051691, 0.10522544469666738, 0.10775256716172427, 0.11045834810469331, 0.11334802858550702, 0.11642680034730618, 0.11969969256235342, 0.12317144133984691, 0.1268463399161428, 0.13072806795792596, 0.1348194982974834, 0.13912248014185324, 0.14363759797772582, 0.1483639064341598, 0.15329864193664455, 0.15843691344004707, 0.16377137557100155, 0.1692918894286637, 0.1749851778180538, 0.1808344840215764, 0.18681924509729486]
4.380000000000002	3.1631392345950693	[0.1928373885416721, 0.19897928249378652, 0.20516746089928867, 0.2113638745206035, 0.21752585523166973, 0.2236062266378812, 0.22955355382515433, 0.23531254839086985, 0.24082464311029414, 0.24602874399257826, 0.250862162331295, 0.25526172005706743, 0.2591650135747466, 0.26251181025601944, 0.2652455421740356, 0.26731485110721703, 0.2686751304296471, 0.2692900024668365, 0.2691326658524151, 0.26818704703232743, 0.2664486930552601, 0.26392535099342224, 0.26063719022908777, 0.25661664023058245, 0.25190783339481815, 0.2465656638712575, 0.24065449184493792, 0.23424654368514725, 0.2274200727622692, 0.22025736056132378, 0.21284264295570768, 0.2052600513823619, 0.19759165251695698, 0.189915664534353, 0.18230491198249069, 0.17482556848690728, 0.16753621501579807, 0.16048722659922843, 0.15372047910794656, 0.14726935613830788, 0.14115901958856006, 0.1354069026764321, 0.13002337471174996, 0.125012529580443, 0.12037304704257047, 0.11609908449804919, 0.11218115834925856, 0.10860698578927551, 0.10536226084609893, 0.10243135063926437, 0.09979790004167412, 0.09744534361921907, 0.09535732393138902, 0.09351802371861434, 0.09191241743724415, 0.09052645388837503, 0.08934717776990683, 0.08836280266293366, 0.08756274288830049, 0.08693761540942455, 0.08647921738485083, 0.08618048831680919, 0.086035460149991, 0.08603920196388674, 0.0861877605592141, 0.08647810163318023, 0.08690805124695088, 0.08747624081890107, 0.0881820542359385, 0.08902557930452806, 0.0900075614214142, 0.09112936101255599, 0.09239291218353378, 0.09380068367528506, 0.09535563929331148, 0.09706119856852657, 0.09892119461913913, 0.10093982968745609, 0.10312162514743924, 0.10547136619016069, 0.10799403781794369, 0.11069475210424069, 0.1135786632130592, 0.11665086993447597, 0.11991630217702097, 0.12337959110072425, 0.12704491945191093, 0.1309158519628575, 0.13499514281338404, 0.13928452060286858, 0.14378444877111712, 0.14849386309701196, 0.1534098858597572, 0.15852752025978833, 0.1638393272045164, 0.16933509093520896, 0.17500147905050445, 0.18082170714509047, 0.18677521782073925]
4.376000000000002	3.16746179457546	[0.19275853310836574, 0.1988648298167161, 0.20501552656595612, 0.21117277744838478, 0.2172941799270748, 0.22333288952630784, 0.2292378709824555, 0.23495430353966104, 0.2404241525300036, 0.24558691627979432, 0.2503805492065341, 0.254742555563356, 0.25861123793030494, 0.26192707574185037, 0.26463419816604633, 0.2666819065032807, 0.26802619232300856, 0.26863119101776084, 0.26847050669340883, 0.2675283433888317, 0.2658003816773128, 0.2632943462436223, 0.26003022275702015, 0.25604009593755545, 0.25136760030454897, 0.24606699254421913, 0.24020187652790878, 0.23384362811702514, 0.2270695858272352, 0.21996108266301667, 0.21260140530125285, 0.20507376546678407, 0.19745936892269766, 0.18983565520375303, 0.18227477286727, 0.17484233485330264, 0.1675964855519313, 0.16058728831117722, 0.153856429901321, 0.14743721816135022, 0.1413548420602384, 0.1356268491562436, 0.130263795756865, 0.12527001772271334, 0.12064447700333596, 0.11638163710220253, 0.11247233237449172, 0.10890459704129771, 0.10566443325655367, 0.102736498834316, 0.10010470811494007, 0.09775273924534994, 0.09566445211240164, 0.09382421877143807, 0.0922171769369709, 0.09082941264026172, 0.08964808498320367, 0.08866149998066208, 0.08785914602647947, 0.08723169680041207, 0.08677099229690523, 0.08647000173245073, 0.08632277670847197, 0.08632439624774957, 0.08647090994066707, 0.08675927902529915, 0.08718731992842095, 0.08775364877581024, 0.08845763016005455, 0.08929932780070357, 0.0902794595377582, 0.09139935375326007, 0.0926609090897923, 0.09406655423464949, 0.09561920923190989, 0.09732224488009326, 0.099179441354171, 0.1011949424460037, 0.10337320627174183, 0.10571894869062365, 0.10823708000988909, 0.11093263108520128, 0.11381066915071225, 0.11687619940393251, 0.12013405252577096, 0.12358875420196128, 0.12724437685519413, 0.13110436993735125, 0.1351713693402203, 0.13944698296210656, 0.1439315538315, 0.14862389911046472, 0.15352102790727243, 0.15861783829153356, 0.16390679881576778, 0.16937761791263023, 0.17501690973772416, 0.1808078636589986, 0.18672992993309798]
4.3720000000000026	3.171794431238499	[0.19267820368626298, 0.19874871669642827, 0.2048617538049488, 0.21097967436812334, 0.21706034367902508, 0.22305725086300063, 0.22891976207843523, 0.23459352532540462, 0.24002103947698775, 0.24514239543299218, 0.24989619069970015, 0.2542206111093404, 0.2580546643096122, 0.2613395401258157, 0.26402006283592583, 0.26604619099395704, 0.26737451195356415, 0.2679696718689203, 0.2678056781092071, 0.26686701062574597, 0.2651494821508965, 0.2626607944967504, 0.2594207495429812, 0.25546108824635516, 0.2508249485323126, 0.24556595192563752, 0.23974694825481738, 0.23343846591454248, 0.22671693108933116, 0.21966273124043892, 0.21235820574928113, 0.20488564861588288, 0.1973254052326538, 0.1897541369511814, 0.18224331515404668, 0.17485799087996637, 0.16765586913006464, 0.16068669899153487, 0.15399197419756738, 0.14760492351650636, 0.14155075864238012, 0.135847138157794, 0.13050480132237516, 0.12552832327737984, 0.12091694493938909, 0.11666543422681772, 0.11276494129937271, 0.10920381682918805, 0.10596837001164311, 0.10304354976737153, 0.10041353968713705, 0.0980622626407539, 0.09597379620861159, 0.09413270333201416, 0.0925242856462805, 0.09113476814234339, 0.08995142505057337, 0.08896265650450946, 0.08815802559675918, 0.08752826423676442, 0.0870652556929872, 0.08676200017669025, 0.08661256916351999, 0.08661205265309002, 0.0867565030259795, 0.08704287786197665, 0.08746898376031723, 0.0880334221501547, 0.08873553797364596, 0.08957537128620124, 0.09055361188302884, 0.09167155638230594, 0.09293106737196194, 0.09433453365072098, 0.09588483083149332, 0.09758528105629583, 0.09943961083344761, 0.10145190551706863, 0.1036265592144538, 0.10596821843151545, 0.10848171803266358, 0.11117200763484895, 0.11404406683687113, 0.11710280726714237, 0.12035295976360062, 0.12379894466121077, 0.1274447235929739, 0.13129363101868768, 0.13534818429571197, 0.13960987114626477, 0.14407891423602964, 0.14875401294447682, 0.15363206362313783, 0.15870786041501825, 0.16397378034920815, 0.16941945765535968, 0.17503145430742856, 0.18079293543423838, 0.18668336059031682]
4.368000000000003	3.1761371752258705	[0.19259637634808813, 0.1986309168427221, 0.20470611396576702, 0.21078453455735877, 0.2168243137420985, 0.22277927617365398, 0.2285991909964886, 0.23423017627493367, 0.23961526523586363, 0.24469514175797272, 0.2494090462711797, 0.2536958455394449, 0.25749525108783894, 0.26074916150172905, 0.2634030941541681, 0.26540766256951126, 0.26672004750198863, 0.26730540348980714, 0.2671381390443097, 0.26620300821812093, 0.2644959546862184, 0.26202465671298636, 0.258808732522065, 0.25487958004334904, 0.25027984216249816, 0.24506250723925818, 0.23928967365971576, 0.23303102503425083, 0.22636207812704495, 0.21936227738548045, 0.21211301723835854, 0.20469567549457854, 0.19718973820871136, 0.1896710885090591, 0.18221051995168014, 0.17487251991812805, 0.16771435177455066, 0.16078544718627702, 0.1541271035009902, 0.14777246648103193, 0.1417467668043521, 0.13606777010496543, 0.13074639516590103, 0.12578745303165292, 0.12119046099109217, 0.116950488988999, 0.11305900147996219, 0.10950466430396258, 0.1062740932627894, 0.10335252809231704, 0.10072442207562265, 0.09837394325347952, 0.09628538793139456, 0.09444351082775562, 0.09283377882875551, 0.09144255695055283, 0.0902572359407208, 0.08926631108904715, 0.08845942146861002, 0.087827358101059, 0.08736204861020308, 0.08705652486787636, 0.0869048790685688, 0.08690221262330282, 0.08704458131222999, 0.08732893927420202, 0.08775308367719815, 0.08831560128150955, 0.08901581759251459, 0.08985374887116748, 0.09083005693033518, 0.09194600636623063, 0.093203423652566, 0.0946046573411405, 0.09615253845879235, 0.09785034005799197, 0.09970173475588857, 0.10171074898695912, 0.10388171258287256, 0.10621920219448751, 0.10872797696637865, 0.11141290479051903, 0.11427887738279337, 0.11733071237596887, 0.12057304059662381, 0.12401017671703014, 0.12764597155195637, 0.13148364443753638, 0.13552559437796893, 0.13977318904167677, 0.14422653119704545, 0.14888420289116408, 0.15374298853786664, 0.15879757919394177, 0.16404026158671525, 0.16946059700627558, 0.17504509687825986, 0.18077690376093755, 0.18663548849868433]
4.364000000000003	3.18049005728675	[0.19251302656761182, 0.19851140324133112, 0.20454857767562112, 0.21058732645936032, 0.21658605653971458, 0.22249893005595747, 0.22827612069646688, 0.23386421791147174, 0.23920679009305332, 0.244245114500316, 0.2489190743267795, 0.2531682166004001, 0.2569329555473673, 0.26015589684692164, 0.2627832489778889, 0.2647662781027579, 0.2660627560317731, 0.2666383432482458, 0.26646784733807394, 0.2655362945707393, 0.26383975841532364, 0.2613858928282236, 0.2581941325923592, 0.25429553325029475, 0.2497322442972152, 0.24455662281687499, 0.23883001846222474, 0.23262127262581772, 0.2260049956850329, 0.2190596914800992, 0.21186581196620816, 0.2045038201661624, 0.19705234397683605, 0.18958648812723836, 0.18217636784919458, 0.17488590496553036, 0.16777191911648676, 0.16088352122585955, 0.15426180905849418, 0.14793984126206106, 0.14194286390152225, 0.13628874550232695, 0.1309885810796095, 0.1260474140068769, 0.12146503548388234, 0.11723681489257583, 0.11335452960609839, 0.10980715915108431, 0.10658162563786241, 0.10366345913616615, 0.10103738320669471, 0.098687811330464, 0.09659925971971983, 0.09475667559462449, 0.09314569257756883, 0.09175281662072521, 0.09056555653549349, 0.0895725036606426, 0.088763374488988, 0.0881290198999146, 0.087661413108377, 0.08735361818154712, 0.08719974902660338, 0.08719491877404699, 0.08733518735554259, 0.08761750556345892, 0.08803966166598537, 0.08860022766255246, 0.0892985099630511, 0.09013450078690731, 0.09110883414741985, 0.09222274224708012, 0.09347801549931212, 0.09487696174031922, 0.09642236736325915, 0.09811745579139376, 0.09996584562800552, 0.10197150380353773, 0.10413869570440423, 0.10647192752682412, 0.1089758825117418, 0.11165534624749238, 0.11451512240926587, 0.1175599341215512, 0.12079431211855658, 0.12422246501848266, 0.12784813287510793, 0.13167441969749, 0.13570360640228424, 0.13993694066308898, 0.14437440589947345, 0.14901446722205544, 0.15385379800722, 0.15888698702082601, 0.16410623198854224, 0.16950102248817567, 0.17505782110435258, 0.18075974946540063, 0.18658629176468777]
4.360000000000004	3.184853108278176	[0.19242812920410948, 0.19839014812173603, 0.2043891148149288, 0.21038801765138218, 0.21634553763085324, 0.22221617614921735, 0.22795051317287954, 0.23349561072656574, 0.23879557328683454, 0.24379227182056756, 0.24842623216007143, 0.25263768092056593, 0.25636773381294437, 0.25955970200650225, 0.26216048297938355, 0.2641219933389637, 0.26540259341185457, 0.2659684474065119, 0.2657947596421541, 0.26486682702090997, 0.263180851305153, 0.26074446176386273, 0.25757690952447776, 0.25370890884135855, 0.24918211696321266, 0.24404826212269684, 0.23836794737277966, 0.23220917506377636, 0.22564565157864527, 0.21875494323543898, 0.21161656129443393, 0.20431005613870962, 0.19691319793292258, 0.1895003136265595, 0.182140838823921, 0.17489812872686855, 0.16782855630500815, 0.16098090929235045, 0.15439608177485614, 0.14810704207017333, 0.1421390470952651, 0.13651006501473759, 0.13123136281559605, 0.12630821354368285, 0.12174067885954769, 0.11752442591823746, 0.11365154263891228, 0.11011132168493167, 0.10689099018513683, 0.10397636899714097, 0.10135245156601624, 0.09900389801843983, 0.09691544469690812, 0.09507223298003721, 0.09346006377829011, 0.09206558581265654, 0.09087642659832186, 0.08988127532183368, 0.0890699264558917, 0.0884332923678707, 0.08796339224813401, 0.08765332375305378, 0.08749722267213186, 0.08749021499391094, 0.08762836475628069, 0.08790862029979406, 0.0883287607537012, 0.08888734403395397, 0.08958365705184743, 0.09041766847706383, 0.09138998398748549, 0.09250180372938235, 0.09375488141649385, 0.09515148438172595, 0.09669435366843761, 0.09838666318521525, 0.10023197675465995, 0.10223420184778963, 0.10439753861612619, 0.10672642280693385, 0.10922546097808, 0.11189935641788559, 0.11475282403279385, 0.1177904924864554, 0.12101679179450031, 0.12443582466993612, 0.12805121994284913, 0.1318659666119991, 0.1358822272796515, 0.14010113018241022, 0.14452253947668267, 0.1491448042083381, 0.15396448718553982, 0.15897607612850098, 0.16417168066444246, 0.16954072030631764, 0.17506961014470346, 0.180741452903612, 0.186535747863234]
4.356000000000004	3.189226359165403	[0.19234165836540124, 0.19826712303215024, 0.2042276943954016, 0.21018657489439377, 0.21610272160590566, 0.22193097715725743, 0.2276223293713102, 0.23312431417470544, 0.23838157294705747, 0.24333657075930992, 0.24793047591796555, 0.2521041939444588, 0.25579954084537865, 0.2589605315967055, 0.2615347506697975, 0.2634747627677809, 0.26473951437162807, 0.2652956709620797, 0.26511883150768223, 0.2641945616487455, 0.26251919027718024, 0.26010032120782844, 0.25695702211340615, 0.25311966659653024, 0.24862942129518273, 0.24353738748126097, 0.23790342430620537, 0.23179469765240865, 0.2252840129362247, 0.2184480013764449, 0.2113652360177622, 0.20411435603238845, 0.19677227503687267, 0.18941254205195743, 0.18210391255801636, 0.17490917325585725, 0.1678842483437811, 0.16107759905359914, 0.15452991256660062, 0.14827406274874985, 0.14233531372154637, 0.1367317290949261, 0.13147474446644392, 0.12656985893066605, 0.12201740206598945, 0.1178133361559584, 0.11395005820704475, 0.11041717248733583, 0.10720221077325041, 0.10429128419135433, 0.10166965659970333, 0.09932223502043278, 0.09723397707038452, 0.09539021901046145, 0.09377693050503991, 0.09238090396969142, 0.09118988716475679, 0.09019266804342149, 0.08937912050153889, 0.08874021917215602, 0.08826803046525955, 0.08795568619486616, 0.08779734503556168, 0.08778814617385691, 0.08792415851254641, 0.08820232806278752, 0.0886204253494399, 0.08917699413610454, 0.08987130217568144, 0.09070329435922381, 0.09167354820688625, 0.09278323145069194, 0.09403406115017657, 0.09542826367641907, 0.09696853466448063, 0.09865799797625703, 0.100500162518754, 0.10249887572559377, 0.10465827233148405, 0.10698271704180114, 0.10947673953638823, 0.11214496023351997, 0.11499200510432919, 0.11802240785129225, 0.12124049768604186, 0.12465027104159235, 0.12825524558354065, 0.1320582951192752, 0.1360614642115729, 0.14026576174838978, 0.1446709331886101, 0.1492752119461023, 0.15407505118606873, 0.15906483842209365, 0.16423659651487643, 0.16957967618871525, 0.17508044678384976, 0.1807219938117675, 0.18648383373627625]
4.352000000000005	3.193609841022379	[0.19225358749968338, 0.19814229870267572, 0.20406428462630988, 0.20998296401332953, 0.21585757212570442, 0.2216432947486637, 0.22729152919861417, 0.2327502865964789, 0.23796474607507606, 0.24287796718602264, 0.2474317605491927, 0.25156770990987054, 0.2552283303577038, 0.2583583390124355, 0.2609060052825117, 0.2628245396629252, 0.26407347235155537, 0.264619967720605, 0.264440017203611, 0.2635194533840396, 0.2618547309944888, 0.2594534277553613, 0.2563344279358271, 0.25252776527580983, 0.2480741172653089, 0.2430239602839939, 0.23743641208587218, 0.23137780486323226, 0.22492004588057357, 0.21813883390846922, 0.21111180602570442, 0.20391669187312256, 0.1966295494576749, 0.189323149990882, 0.18206556807015717, 0.1749190202959733, 0.1679389797126809, 0.16117357802368806, 0.15466329197698395, 0.14844089715141623, 0.14253166090243735, 0.1369537383750827, 0.13171873007635798, 0.12683235780723082, 0.12229521617086467, 0.11810356021617927, 0.1142500942254164, 0.1107247328242149, 0.10751531171740616, 0.10460823207209509, 0.10198902834989952, 0.09964285501502398, 0.09755489177817417, 0.09571067080816946, 0.09409633167904619, 0.09269881173071381, 0.09150598021382314, 0.09050672506972142, 0.08969100077687522, 0.08904984530951665, 0.088575373268379, 0.08826075148360338, 0.08810016225376621, 0.08808875858337138, 0.08822261474310301, 0.08849867480601337, 0.08891470097892078, 0.08946922306129869, 0.09016148974683881, 0.09099142216441639, 0.09195956962026296, 0.09306706730811516, 0.094315595452156, 0.09570733922638637, 0.09724494857993794, 0.09893149700937894, 0.10077043815989446, 0.10276555905412234, 0.10492092862495002, 0.10724084013920412, 0.10972974600968871, 0.11239218340320932, 0.11523268900521705, 0.11825570123828646, 0.12146544825079375, 0.12486581999827398, 0.12846022287697914, 0.13225141549510747, 0.13624132449816065, 0.14043083968254194, 0.1448195882351405, 0.14940568853426942, 0.15418548490062803, 0.1591532656376773, 0.16430096805844943, 0.16961787552409135, 0.17509031326890073, 0.18070135142198807, 0.18643052564164558]
4.348000000000005	3.198003585032144	[0.19216388931313225, 0.19801564506489772, 0.20389885283728726, 0.20977714990087795, 0.21561005185123866, 0.22135308954433233, 0.22695807146133493, 0.23237348518953116, 0.23754504849266225, 0.2424164157532421, 0.24693003976541206, 0.2510281817851606, 0.2546540547900399, 0.2577530763478161, 0.2602741987630901, 0.26217127598631257, 0.26340441950925914, 0.26394129018421486, 0.2637582697397014, 0.2628414558795313, 0.2611874279021189, 0.25880373676830665, 0.2557090834079835, 0.25193316246578307, 0.24751616375856475, 0.24250794082450466, 0.23696687253611518, 0.23095846016058186, 0.22455371563802085, 0.21782740793480385, 0.21085624042767387, 0.20371703490383156, 0.19648499471362094, 0.18923211338008772, 0.18202578387005716, 0.17492765108469002, 0.1679927345355227, 0.16126883336642772, 0.15479621035580787, 0.14860753894652293, 0.14272808573677556, 0.13717609347397342, 0.13196332384132103, 0.12709571797483757, 0.12257413256979532, 0.11839511304652435, 0.1145516691099701, 0.11103402446887627, 0.10783031799909232, 0.10492724066058058, 0.10231059767790336, 0.0999657914951586, 0.09787822471387818, 0.09603362643843885, 0.094418307293968, 0.09301935078583172, 0.09182474889227216, 0.09082349078259071, 0.09000561267345168, 0.08936221697825272, 0.08888546745729511, 0.08856856683957763, 0.08840572178386547, 0.08839209975689108, 0.08852378089572953, 0.08879770774962625, 0.08921163448667681, 0.08976407715170626, 0.09045426546850328, 0.09128209683966358, 0.09224809228859004, 0.09335335436463928, 0.09459952626016566, 0.09598875173385338, 0.09752363475367519, 0.09920719814901001, 0.10104283993761039, 0.10303428637480919, 0.10518554018614966, 0.10750082282168869, 0.10998450901743781, 0.11264105232730731, 0.11547489978103198, 0.11849039422475768, 0.12169166246638062, 0.12508248781193446, 0.12866616526778543, 0.1324453382644956, 0.1364218156400739, 0.1405963683899987, 0.1449685058459427, 0.14953623198502677, 0.15429578307670072, 0.1592413492529236, 0.16436478349556277, 0.1696553032736269, 0.1750991913591092, 0.1806795043763064, 0.18637579918792457]
4.344000000000006	3.2024076224872102	[0.19207253574528904, 0.1978871312169157, 0.20373136544599682, 0.2095690964797435, 0.21536012240407024, 0.22106032107782592, 0.22662191381943578, 0.23199386596795027, 0.2371224347896807, 0.2419518698559191, 0.24642526598354256, 0.2504855612295266, 0.2540766652473135, 0.25714469435826903, 0.25963928170316464, 0.26151492235277035, 0.262732306650382, 0.26325958951957623, 0.26307354079521894, 0.26216052148294017, 0.260517234154472, 0.2581512023516339, 0.2550809437126905, 0.25133581456108567, 0.2469555185001971, 0.24198928828541705, 0.23649476641105552, 0.23053662599421237, 0.22418498646938972, 0.21751368965550288, 0.2105985074868514, 0.20351535558989053, 0.1963385836099792, 0.18913940751804892, 0.18198453790060445, 0.1749350463728643, 0.1680454965272644, 0.1613633519218719, 0.15492865781222626, 0.1487739816508342, 0.1429245852590936, 0.13739879503769772, 0.13220853007455863, 0.12735994744462728, 0.1228541629586438, 0.11868800998593455, 0.11485480175688831, 0.11134506976218227, 0.10814725525218112, 0.10524833871156127, 0.10263439625691544, 0.10029107883848837, 0.098204012725681, 0.09635912498385084, 0.09474289842062153, 0.09334256395377896, 0.09214623752438207, 0.09114301078104949, 0.09032300283757197, 0.08967738165916218, 0.08919836114070202, 0.08887918080818724, 0.0887140724237028, 0.08869821857480187, 0.08882770576965489, 0.08909947546016464, 0.08951127405966552, 0.09006160407721303, 0.09074967635879992, 0.09157536462312155, 0.09253916154294888, 0.09364213692085001, 0.09488589672072628, 0.0962725430688902, 0.0978046336561644, 0.0994851403419969, 0.10131740515043719, 0.10330509321085594, 0.10545214063606047, 0.10776269667815556, 0.11024105798805339, 0.11289159414313764, 0.11571866215023807, 0.11872650898211314, 0.12191915983446845, 0.125300291193425, 0.12887308656424928, 0.13264007422592902, 0.13660294533200312, 0.14076235237597862, 0.14511768726851837, 0.14966684023218843, 0.1544059403001212, 0.15932908048716218, 0.16442803068597917, 0.16969194396266524, 0.17510706229868803, 0.18065643071010198, 0.1863196293030367]
4.340000000000006	3.2068219847900665	[0.19197949793412233, 0.1977567253940254, 0.20356178791823168, 0.20935876666710906, 0.21510774432223417, 0.22076494775426264, 0.2262830127388451, 0.2316113837163016, 0.23669685827419323, 0.24148428158137994, 0.24591739027435408, 0.2499397985396904, 0.2534961114472819, 0.2565331424047344, 0.25900120328880416, 0.26085542797260597, 0.26205708317816795, 0.2625748154996301, 0.26238578067050394, 0.26147660117870386, 0.2598441015695863, 0.257495777296032, 0.25444996275694276, 0.2507356767087087, 0.24639213801723164, 0.24146796068526613, 0.23602005336048634, 0.2301122637496364, 0.2238138216407479, 0.2171976443218246, 0.21033857459640548, 0.20331162357807533, 0.1961902882212899, 0.18904500702866406, 0.18194180752688657, 0.17494118639378317, 0.1680972489904087, 0.16145712018108366, 0.15506062421881495, 0.1489402186104818, 0.1431211564513485, 0.13762184372725203, 0.13245435322581883, 0.12762505443182404, 0.12313531936015432, 0.1189822667659737, 0.11515951157628487, 0.11165789162063725, 0.10846614980325342, 0.10557155572789831, 0.10296045661844225, 0.10061875232799146, 0.09853229366815246, 0.09668720657036331, 0.09507014726341109, 0.09366849521274352, 0.0924704916721641, 0.0914653319160849, 0.09064321923337967, 0.08999538815349586, 0.08951410380124598, 0.08919264330017077, 0.08902526437798167, 0.08900716530514304, 0.08913443958189883, 0.08940402789287882, 0.0898136692929701, 0.09036185287758249, 0.09104777081503805, 0.09187127308533248, 0.09283282404651723, 0.09393346055458258, 0.09517475124811013, 0.09655875630680039, 0.098087986944695, 0.09976536365208619, 0.10159417218672487, 0.10357801609815148, 0.10572076457288251, 0.10802649419057582, 0.11049942319956456, 0.11314383674650448, 0.11596400153874263, 0.11896406829167952, 0.12214796040880628, 0.12551924730246578, 0.12908100095972533, 0.13283563445491725, 0.1367847214770403, 0.14092879624259888, 0.14526713377525446, 0.14979751112122033, 0.1545159509946327, 0.1594164502846886, 0.16449069714083883, 0.16972778165752686, 0.17511390680140024, 0.18063210782278327, 0.1862619902116792]
4.3360000000000065	3.211246703453525	[0.19188474622292634, 0.19762439489590727, 0.20339008476626874, 0.20914612229891946, 0.2148528770503084, 0.22046692677292334, 0.22594132347357876, 0.23122599191188353, 0.2362682709470289, 0.2410136016325988, 0.24540636232992177, 0.24939084257556862, 0.25291234168134147, 0.25591836838307386, 0.25835991125519175, 0.26019274058598785, 0.2613786970425634, 0.2618869164440887, 0.26169493823112816, 0.2607896445355734, 0.25916798056904616, 0.2568374130334105, 0.2538160931083929, 0.25013270277201244, 0.24582597757247415, 0.24094391485139077, 0.23554269186248614, 0.22968533373013272, 0.2234401833557238, 0.21687923622767344, 0.21007640821235077, 0.20310580769810085, 0.19604007982528415, 0.18894888587375047, 0.18189756947157232, 0.17494605088700085, 0.16814797475231807, 0.16155012432142066, 0.15519209915169635, 0.14910624304734224, 0.14331779618690002, 0.13784524027544012, 0.13270079783007974, 0.12789104742257404, 0.12341761407800188, 0.11927789958693255, 0.11546581845197725, 0.11197251362099929, 0.10878702863724679, 0.10589692205280578, 0.10328881212377988, 0.10094884825086053, 0.09886310637934463, 0.09701791247177445, 0.09540009714264285, 0.09399718980928204, 0.09279755812236176, 0.09179050240287122, 0.09096631113389968, 0.09031628669734806, 0.08983274628988235, 0.08950900570707952, 0.08933934925516013, 0.08931899171913493, 0.08944403396589852, 0.08971141650635601, 0.09011887118934252, 0.09066487407529661, 0.09134859861336744, 0.09216987123946174, 0.09312912779355094, 0.09422737222779402, 0.0954661355218757, 0.09684743583091993, 0.09837373745870008, 0.100047909357983, 0.10187318051699265, 0.10385309267797407, 0.10599144756064373, 0.10829224882066395, 0.11075963576383854, 0.11339780887181143, 0.11621094405926864, 0.11920309561812555, 0.12237808476869722, 0.1257393738138537, 0.12928992299985484, 0.13303203036244593, 0.13696715214747968, 0.14109570473921348, 0.14541684661770835, 0.14992824245113798, 0.15462580936974116, 0.15950344934800154, 0.16455276996438353, 0.16976279998994837, 0.1751197049866575, 0.18060651249341428, 0.18620285536650946]
4.332000000000007	3.2156818101011355	[0.1917882500405413, 0.1974901061331517, 0.2032162194280706, 0.20893112416463533, 0.21459547881931057, 0.22016621415004378, 0.22559679994820078, 0.23083764273541207, 0.2358366233887563, 0.24053977932668663, 0.24489213035708232, 0.24883864074653625, 0.2523253027163857, 0.2553003186981704, 0.25771535179867383, 0.2595268064250637, 0.2606970946640698, 0.26119583916987493, 0.26100096084494134, 0.2600995996458437, 0.25848882012936786, 0.2561760595655814, 0.2531792859619266, 0.24952684524976046, 0.24525699114682703, 0.24041710633047564, 0.23506263922174073, 0.22925579506010485, 0.22306403276994247, 0.21655842860707414, 0.20981197388421394, 0.20289787585522973, 0.1958879289500732, 0.18885101724157335, 0.18185179987890945, 0.17494961898379535, 0.1681976562458853, 0.1616423500902267, 0.1553230719872161, 0.14927204794250934, 0.14351450134215288, 0.1380689853716351, 0.13294786863300317, 0.12815793506129497, 0.12370105983485125, 0.119574925008811, 0.11577374289085755, 0.11228895989570441, 0.10910991955675818, 0.10622446877028942, 0.10361949713177562, 0.10128140380428699, 0.09919649085548106, 0.09735128502094975, 0.0957327926745898, 0.09432869417486739, 0.09312748507035672, 0.0921185717423275, 0.09129232930730172, 0.09064012888775323, 0.09015434101311158, 0.08982832083130546, 0.08965638025438462, 0.08963375102443233, 0.08975654215698804, 0.09002169419822255, 0.09042693234220697, 0.09097071961286908, 0.0916522110883963, 0.0924712094793571, 0.09342812228481114, 0.09452392022447803, 0.09576009665738881, 0.09713862726949213, 0.09866192938472682, 0.10033281988831129, 0.10215447085275287, 0.10413036162918876, 0.10626422628131287, 0.10855999493866567, 0.1110217277710513, 0.11365354001707507, 0.11645951664781373, 0.11944361502934484, 0.1226095541477315, 0.12596068883148576, 0.12949986770265481, 0.13322927360320294, 0.13715024569561932, 0.14126308266475057, 0.1455668271276543, 0.15005903187108036, 0.15473550951157913, 0.15959006802898856, 0.1646142359342316, 0.16979698204356058, 0.17512443644884543, 0.18057962076344283, 0.18614219750620625]
4.328000000000007	3.2201273364676744	[0.19168997798542123, 0.19735382447221836, 0.2030401543373358, 0.20871373185388806, 0.21433550670220258, 0.2198627645693724, 0.2252493947982736, 0.23044628692783178, 0.23540186478462408, 0.24006276246036098, 0.24437464108647694, 0.24828313888792483, 0.2517349397876613, 0.2546789381537013, 0.25706746955329274, 0.258857570119041, 0.26001222089400294, 0.26050152891329537, 0.26030379432630435, 0.2594064130661055, 0.2578065677106923, 0.25551166542474685, 0.2525394910535661, 0.24891805525714755, 0.2446851313393835, 0.2398874893905914, 0.23457985145704427, 0.22882360570833524, 0.22268532986729447, 0.21623518367863728, 0.20954523612156936, 0.2026877950958302, 0.1957338052324186, 0.18875137363333025, 0.18180447416609385, 0.17495186931422016, 0.16824627535567857, 0.1617337829316144, 0.15545353174466803, 0.1494376261816583, 0.14371126863772352, 0.1382930798243538, 0.13319557043226024, 0.12842572632895724, 0.12398566961536868, 0.11987336014367857, 0.1160833058689, 0.11260725533755811, 0.10943485103210235, 0.10655422792033133, 0.1039525468537289, 0.1016164573192509, 0.09953248811120799, 0.09768736784031619, 0.09606827963733053, 0.09466305616122386, 0.09346032199157833, 0.09244959095949944, 0.09162132589364957, 0.09096696792243834, 0.09047894181463204, 0.09015064312568132, 0.08997641205145528, 0.08995149810320589, 0.09007201888196316, 0.09033491554050357, 0.09073790682801251, 0.0912794430844513, 0.09195866102745058, 0.0927753398065007, 0.09372985842280109, 0.0948231543721886, 0.09605668310107818, 0.09743237771108132, 0.09895260815074118, 0.10062013903029506, 0.10243808503892295, 0.10440986286962223, 0.10653913842444053, 0.10882976801672041, 0.11128573217610634, 0.11391106062834208, 0.11670974694590933, 0.11968565137209142, 0.1228423903105664, 0.126183211054881, 0.1297108504297794, 0.13342737623206394, 0.13733401061946482, 0.14143093501354725, 0.1457170765772885, 0.15018987701492084, 0.1548450452379742, 0.15967629645175113, 0.1646750813520143, 0.1698303104643541, 0.17512808010457465, 0.18055140803424358, 0.18607998850072244]
4.324000000000008	3.2245833143995735	[0.19158989768303855, 0.19721551429636502, 0.20286185078045363, 0.20849390380361751, 0.2140729164723793, 0.21955653141520437, 0.22489905923255035, 0.23005187380898398, 0.23496394279272123, 0.23958249731404, 0.2438538396489599, 0.24772428125042592, 0.2511411964856439, 0.254054169926838, 0.2564162074901862, 0.25818497465432166, 0.25932401892825113, 0.2598039292759073, 0.2596033828658057, 0.25871002974932605, 0.2571211692037655, 0.2548441775924847, 0.2518966566257156, 0.248306282432597, 0.24411034935168943, 0.23935501691690833, 0.2340942833050619, 0.22838872237388194, 0.222304033483482, 0.21590946252303397, 0.20927615843743125, 0.20247553147795921, 0.19557767748084304, 0.18864992672830666, 0.18175556710593901, 0.17495277986825872, 0.16829381351957598, 0.1618244078452587, 0.15558346720607857, 0.14960297041312473, 0.14390809477532027, 0.1385175244202034, 0.13344390823031388, 0.12869443040431705, 0.12427145683354088, 0.12017322252042204, 0.11639452901149976, 0.11292742546899712, 0.10976185239302808, 0.10688623237340956, 0.10428799755474202, 0.10195404814076532, 0.09987114038879008, 0.09802620572803211, 0.0964066051859849, 0.09500032493236674, 0.09379611986100846, 0.09278361250119503, 0.09195335462696941, 0.09129685850258575, 0.09080660419838883, 0.09047602860073926, 0.09029950102140595, 0.09027228942314841, 0.09039052057988896, 0.09065113669353587, 0.09105185042411142, 0.09159109965173348, 0.0922680028845078, 0.09308231574694563, 0.09403438872085897, 0.0951251259590311, 0.09635594483388782, 0.09772873562062845, 0.09924582062322199, 0.100909911843902, 0.1027240662438823, 0.1046916374673369, 0.10681622286951326, 0.10910160453649828, 0.11155168297249472, 0.11417040200308108, 0.11696166346537708, 0.11992923016994705, 0.12307661570850485, 0.1264069596711734, 0.12992288703217963, 0.13362635058994005, 0.13751845569776847, 0.1415992668549894, 0.1458675963031212, 0.15032077537486488, 0.15495441021067335, 0.15976212438062562, 0.16473529214343438, 0.16986276732392364, 0.17513061428010998, 0.1805218489267189, 0.1860161994256555]
4.320000000000008	3.2290497758552315	[0.19148797579750498, 0.19707513891278278, 0.20268126889760416, 0.20827159720163058, 0.21380766259457054, 0.21924746667387596, 0.22454574301408178, 0.22965435117866878, 0.23452280351575774, 0.23909892855417247, 0.24332966953857618, 0.24716201040538138, 0.25054401471078025, 0.2534259554781477, 0.25576150686472376, 0.2575089612905553, 0.258632430247498, 0.2591029821481369, 0.25889966896431116, 0.25801039297729145, 0.2564325688586372, 0.2541735414421075, 0.2512507293514226, 0.24769147489095564, 0.24353259490853493, 0.2388196403764861, 0.23360588813871142, 0.22795110046307338, 0.22192010122308525, 0.21558122507269348, 0.20900470326506274, 0.2022610500741217, 0.1954195135932892, 0.18854664740009133, 0.18170505274630305, 0.17495232802574742, 0.16834025165106561, 0.16191420943000098, 0.15571286684244637, 0.1497680731049438, 0.14410497636890793, 0.13874231999392145, 0.1336928871713127, 0.12896405674636455, 0.12455843527593048, 0.12047453017883934, 0.11670743454350617, 0.11324949654690172, 0.1100909537857244, 0.10722051594494128, 0.10462588651766855, 0.10229421675073151, 0.10021249112873876, 0.09836784478792959, 0.09674781782955885, 0.09534055110024287, 0.09413493113560464, 0.09312069037590896, 0.0922884708224804, 0.09162985697564228, 0.09113738531973077, 0.09080453496905586, 0.0906257052326393, 0.0905961831820756, 0.09071210539822527, 0.09097041554963449, 0.09136882060587251, 0.09190574618558231, 0.09258029277728852, 0.09339219248991137, 0.09434176729922766, 0.09542988786827691, 0.09665793336534627, 0.09802775096921748, 0.09954161509826955, 0.10120218478594788, 0.10301245894669972, 0.10497572775832119, 0.10709551966843121, 0.10937554209967135, 0.11181961516912466, 0.1144315963928, 0.11721529555901249, 0.12017437771753553, 0.12331225344321448, 0.12663195444015463, 0.13013599380627106, 0.1338262093791708, 0.13770358993839074, 0.1417680833987802, 0.14601838764637107, 0.15045172435624027, 0.1550635978678641, 0.15984754126425413, 0.16479485378326103, 0.16989433415268937, 0.17513201662945355, 0.18049091730366126, 0.18595080047429838]
4.316000000000009	3.233526752905617	[0.1913841779849689, 0.19693266051239194, 0.20249836762707632, 0.208046767940268, 0.2135396981609536, 0.21893552088233154, 0.22418939438912375, 0.2292536652612251, 0.23407839142388134, 0.23861199917499468, 0.2428020725304686, 0.2465962671848963, 0.24994333458770696, 0.2527942344912058, 0.25510330712826934, 0.2568294695008725, 0.2579373945277481, 0.25839862765119076, 0.2581925933434557, 0.25730744430519564, 0.25574070919628994, 0.2534997006868588, 0.2506016542482705, 0.2470735791761722, 0.24295181617522185, 0.23828130977624665, 0.2331146178888422, 0.22751069405355434, 0.22153348938664677, 0.21525043008261838, 0.2087308318914717, 0.2020443149494925, 0.1952592804978546, 0.1884415057026739, 0.18165290435910522, 0.1749504905508419, 0.16838557009728938, 0.1620031718871059, 0.1558417187813913, 0.1499329265572081, 0.1443019099223696, 0.1389674674499891, 0.133942512529017, 0.12923461512517453, 0.12484661909990831, 0.12077730170951913, 0.11702204529760862, 0.1135734956110984, 0.11042218619098891, 0.10755711345181054, 0.1049662520704854, 0.10263700483171437, 0.10055658500562306, 0.09871233249960583, 0.09709196747426815, 0.09568378680008593, 0.09447680980408305, 0.09346088023330412, 0.09262673143169338, 0.09196602141774905, 0.09147134404464102, 0.09113622172944191, 0.0909550845090908, 0.09092323939270724, 0.09103683325673909, 0.09129281181732785, 0.09168887661118658, 0.09222344134863862, 0.09289558855124445, 0.09370502696769831, 0.0946520499474614, 0.09573749465460006, 0.09696270179337066, 0.09832947530567207, 0.09984004135783235, 0.10149700577612862, 0.10330330898886149, 0.10526217740605245, 0.10737707009186676, 0.10965161948016193, 0.1120895648307566, 0.11469467704685174, 0.11747067345413716, 0.12042112111563615, 0.12354932729236759, 0.12685821572016345, 0.13035018751146335, 0.13402696567942396, 0.137889422587325, 0.1419373900004448, 0.14616945195326317, 0.15058272127234726, 0.15517260141569056, 0.15993253621969444, 0.16485375127820395, 0.16992499191338362, 0.17513226410891755, 0.18045858623293734, 0.1858837609244556]
4.312000000000009	3.238014277734536	[0.19127846883558847, 0.19678804013345563, 0.2023131046434878, 0.20781937056756775, 0.21326897482697, 0.21862064306749188, 0.2238299600220315, 0.22884976063389983, 0.23363064929016736, 0.23812165041680122, 0.24227098861848653, 0.246026990591006, 0.24933909440644597, 0.252158944773747, 0.2544415458743301, 0.25614643686614147, 0.25723884959268, 0.2576908040256019, 0.2574820949053069, 0.2566011234457037, 0.25504553097656646, 0.2528225972607858, 0.24994937465538564, 0.24645254014031778, 0.24236795974430464, 0.23773997354155388, 0.23262042304127492, 0.22706745577385212, 0.22114415297847193, 0.21491703501240955, 0.2084545044763355, 0.20182528904782257, 0.1950969441833073, 0.18833447076161947, 0.18159909448240855, 0.17494724348961518, 0.16842974869266092, 0.16209127892536776, 0.1559700108722019, 0.1500975228156627, 0.14449889190576334, 0.13919296768555647, 0.1341927897938824, 0.12950611555477906, 0.1251360229310355, 0.12108155619704036, 0.11733838482130185, 0.11389945043801267, 0.11075558153988502, 0.10789606067634616, 0.10530913370957677, 0.10298245524086536, 0.1009034680577749, 0.09905971770168277, 0.09743910555834955, 0.09603008568220439, 0.0948218115254595, 0.09380423936356246, 0.09296819518328744, 0.09230541163956799, 0.09180854109156565, 0.09147115017808251, 0.09128770057167597, 0.09125351989791869, 0.09136476598730282, 0.09161838703951228, 0.09201207957742315, 0.09254424561517394, 0.09321394991255451, 0.09402087787607712, 0.09496529425240811, 0.09604800256386145, 0.09727030492623999, 0.09863396177464802, 0.10014115078472756, 0.10179442421238492, 0.10359666368142213, 0.1055510314131655, 0.10766091672769074, 0.10992987663124407, 0.11236156916672284, 0.11495967821446534, 0.11772782833060413, 0.12066948826666588, 0.12378786177686155, 0.12708576445672998, 0.13056548542559523, 0.1342286329291896, 0.13807596317170087, 0.14210719213541664, 0.1463207906051126, 0.15071376331113553, 0.15528141384506775, 0.16001709799193523, 0.16491196917027207, 0.1699547209538965, 0.17513133296701366, 0.1804248279344051, 0.18581504911502528]
4.30800000000001	3.2425123826392417	[0.19117081184181997, 0.19664123759803487, 0.20212543631262705, 0.20758935822037133, 0.21299544275335125, 0.2183027806775075, 0.2234673849252311, 0.22844258015782984, 0.23317951810944676, 0.23762782169826968, 0.24173635592388418, 0.24545411773093168, 0.2487312305220805, 0.25152002219735187, 0.2537761587303963, 0.2554597990205008, 0.25653673129888604, 0.2569794475838902, 0.2567681106123017, 0.2558913682298825, 0.2543469730741606, 0.25214217128891164, 0.24929383210687298, 0.24582830092382962, 0.2417809705079214, 0.23719557850716186, 0.23212325250949062, 0.22662133680551413, 0.22075204558115913, 0.21458099603992517, 0.20817567992985211, 0.2016039342168927, 0.19493246958151622, 0.18822551081150096, 0.18154359480896723, 0.1749425622196337, 0.16847276665489838, 0.16217851382286017, 0.15609773059052554, 0.15026185374549786, 0.14469591866961887, 0.1394188216759508, 0.13444372459769435, 0.1297785683899126, 0.12542666179850812, 0.12138731332728932, 0.1176564773233604, 0.11422738965770056, 0.11109117267120884, 0.10823739449202731, 0.10565457206790589, 0.10333061214310373, 0.10125318766562676, 0.0994100507311332, 0.09778928503980855, 0.09637950305603192, 0.0951699936252619, 0.09415082684469234, 0.09331292258669689, 0.09264808933537914, 0.09214903904118726, 0.09180938355799131, 0.09162361705299954, 0.09158708851917766, 0.09169596735226593, 0.091947204739567, 0.09233849256219288, 0.09286822141366068, 0.09353543845002821, 0.0943398058121601, 0.09528155962003869, 0.09636146966519174, 0.0975807993031782, 0.09894126524188596, 0.10044499638084695, 0.10209449108832472, 0.10389257181976662, 0.10584233623008339, 0.10794710349122881, 0.11021035478447307, 0.1126356665356302, 0.11522663523308206, 0.11798679231960087, 0.12091950795194105, 0.12402788215273199, 0.12731462224746046, 0.13078190532942252, 0.13443122497775675, 0.13826322147650846, 0.14227749543760715, 0.14647240498716224, 0.1508448475599311, 0.1553900278927562, 0.16010121496448831, 0.16496949149046636, 0.16998350100362283, 0.17512919869141327, 0.1803896137620986, 0.18574463238713318]
4.30400000000001	3.247021100030684	[0.1910611693412575, 0.19649221146481172, 0.20193531762773548, 0.20735668256572587, 0.21271905053713297, 0.2179818795126833, 0.22310161238640594, 0.2280320648995722, 0.23272493702317038, 0.23713045052978884, 0.2411981106193973, 0.2448775837234626, 0.2481196772795541, 0.25087740059818886, 0.2531070792849145, 0.2547694895477785, 0.255830973466402, 0.2562644926039676, 0.2560505754226099, 0.2551781144988918, 0.25364497241998096, 0.25145836097852, 0.24863496628027063, 0.24520080284766968, 0.24119079161433077, 0.23664806981157793, 0.23162305360015026, 0.22617228678103374, 0.22035711933088026, 0.21424226796413187, 0.20789431589840934, 0.20138021111759913, 0.19476582056412223, 0.18811459311244794, 0.18148637619416783, 0.17493642137518173, 0.16851460260453804, 0.1622648593617798, 0.15622486506963545, 0.1504259109765864, 0.14489298648803248, 0.13964503043088763, 0.13469532276839882, 0.13005198429353823, 0.12571855120143446, 0.12169459336641747, 0.11797634775105097, 0.11455734274411718, 0.11142899341888601, 0.10858115286468352, 0.10600260901162958, 0.1036815210226164, 0.10160579265639318, 0.0997633834442265, 0.09814256050786412, 0.09673209591947822, 0.09552141521233584, 0.09450070357909654, 0.09366097605281658, 0.09299411812557816, 0.09249290245955923, 0.09215098710608965, 0.09196289962147156, 0.09192401110683757, 0.09203050316814788, 0.09227933047350557, 0.09266818066527517, 0.09319543317945408, 0.09386011775398911, 0.0946618733263278, 0.09560090739007207, 0.09667795590092748, 0.09789424330356446, 0.09925144234097498, 0.10075163286985585, 0.10239725903569057, 0.10419108377874241, 0.10613613979211947, 0.10823567571185583, 0.11049309648036612, 0.11291189652253178, 0.11549558455155773, 0.11824759857040511, 0.12117120984679924, 0.12426941446642678, 0.12754481134854526, 0.13099946554985187, 0.13463475608249045, 0.13845120757524348, 0.14244830568705852, 0.14662429650620365, 0.15097597098334609, 0.15549843604570684, 0.16018487512768895, 0.16502630174979252, 0.170011311132547, 0.1751258359867826, 0.18035291415474264, 0.18567247704916987]
4.3000000000000105	3.2515404624340865	[0.19094950246549805, 0.1963409189714782, 0.20174270214782386, 0.20712129373485272, 0.21243974514052794, 0.21765788365229574, 0.22273258388917563, 0.2276181540521566, 0.23226684323326552, 0.23662947243019902, 0.24065618683771883, 0.2442973216128823, 0.2475043669182432, 0.2502310116896187, 0.25243423898943285, 0.2540754398942275, 0.25512150777986425, 0.2555458712434287, 0.25532942219170385, 0.2544612960211921, 0.25293946390448724, 0.2507711025405739, 0.24797271490292605, 0.24456998534020652, 0.24059736437855092, 0.23609739083055828, 0.231119771929176, 0.2257202537250085, 0.2199593248400902, 0.2139008041548892, 0.2076103686951039, 0.20115407918325934, 0.19459695988195355, 0.18800168391978686, 0.18142740860541184, 0.17492879482777715, 0.16855523452509347, 0.1623502978204242, 0.15635140107206105, 0.15058968590731847, 0.1450900915422468, 0.13987159501040172, 0.13494759032587533, 0.13032637426491922, 0.1260117071168089, 0.12200341720083874, 0.11829802181006574, 0.11488934006655432, 0.111769078643386, 0.10892737491464217, 0.10635328768226439, 0.10403522875476076, 0.10196133335603451, 0.10011976929703435, 0.09849898824356645, 0.0970879230467271, 0.09587613724681496, 0.0948539323872482, 0.09401241996792498, 0.09334356365474925, 0.09284019797651626, 0.09249602815418205, 0.09230561606272565, 0.09226435564253625, 0.09236844138860398, 0.09261483193235796, 0.09300121111170631, 0.0935259474557692, 0.09418805349811188, 0.09498714502047383, 0.09592340091523952, 0.09699752318085537, 0.09821069722235855, 0.0995645515623829, 0.10106111676756198, 0.10270278240700753, 0.10449225157681274, 0.10643249159462093, 0.10852668018986285, 0.11077814563498041, 0.11319029998765935, 0.11576656378727669, 0.1185102812896233, 0.12142462456686952, 0.12451248558424932, 0.1277763547097918, 0.131218184978804, 0.1348392409318454, 0.13863993183766232, 0.14261962882048212, 0.1467764665868931, 0.15110713042108276, 0.15560663052581294, 0.16026806606373217, 0.16508238291257937, 0.17003812972370091, 0.1751212187370657, 0.18031469859607221, 0.18559854832868566]
4.296000000000011	3.256070502489373	[0.1908357710929623, 0.19618731596669944, 0.2015475419393915, 0.20688314024617757, 0.21215747182264255, 0.21733073537008513, 0.2223602390360683, 0.2272007848445803, 0.23180517191773486, 0.23612482083192726, 0.24011051658116767, 0.24371326227139767, 0.24688522947717437, 0.24958078496356192, 0.25175756706085045, 0.2533775792704477, 0.25440826368926484, 0.2548235134435547, 0.2546045815730695, 0.25374084440009337, 0.2522303802797641, 0.25008033010220526, 0.24730701365680063, 0.24393578585597808, 0.24000062819117493, 0.23554348310343975, 0.2306133513357874, 0.22526518398930523, 0.21955861111789512, 0.21355655649807234, 0.2073237932275724, 0.20092549657553824, 0.19442584910156083, 0.18788674845141112, 0.18136666106866245, 0.17491965566556114, 0.168594639720608, 0.16243481096516352, 0.15647732495883235, 0.1507531697096665, 0.14528722990202106, 0.14009851654329153, 0.1352005334756788, 0.13060174967142665, 0.12630614600566917, 0.12231380638210822, 0.11862152598290739, 0.11522341294703214, 0.11211146426187799, 0.10927610098581436, 0.10670665253790068, 0.1043917836857861, 0.10231986164056973, 0.1004792634345228, 0.09885862628003957, 0.09744704508527231, 0.09623422260796814, 0.09521057811112643, 0.0943673207676905, 0.09369649369990048, 0.09319099436433768, 0.09284457624036942, 0.0926518363614086, 0.092608192352187, 0.09270985218781633, 0.09295377905518191, 0.093337653335281, 0.09385983300521557, 0.09451931352159057, 0.09531568765662651, 0.09624910564073254, 0.09732023548654085, 0.09853022334549523, 0.09988065335217672, 0.10137350645198309, 0.10301111736745074, 0.10479612893958805, 0.10673144277682178, 0.10882016525223702, 0.11106554761473145, 0.11347091911312057, 0.11603961179084434, 0.1187748757784244, 0.12167978372228086, 0.12475712321865283, 0.1280092760169163, 0.13143808308791066, 0.1350446946752757, 0.1388294049322952, 0.14279147094830902, 0.14692891666176716, 0.15123832259180747, 0.15571460326738285, 0.16035077493727115, 0.1651377173616148, 0.1700639344506597, 0.17511531995874433, 0.18027493557965454, 0.18552281031450238]
4.292000000000011	3.2606112529514895	[0.1907199337750994, 0.19603135686049708, 0.2013497874938045, 0.20664216894320048, 0.21187217404952635, 0.217000375060762, 0.22198451545291822, 0.22677989245824345, 0.23133985613118493, 0.2356164269887356, 0.23956102962018724, 0.2431253342996773, 0.2462621926933183, 0.24892664758533972, 0.2510769903812873, 0.25267583454203973, 0.2536911683131, 0.25409734681730906, 0.2538759819262234, 0.2530166889605835, 0.25151765207391036, 0.24938597559380773, 0.2466377961006752, 0.24329813976438044, 0.23940052044984889, 0.23498628622465254, 0.23010373382468394, 0.22480702214851994, 0.21915492552426782, 0.21320947529624973, 0.20703454296520393, 0.20069442009197533, 0.19425244858577587, 0.1877697508040851, 0.18130410166223354, 0.17490897612015446, 0.16863279482296276, 0.16251837998890792, 0.1566026227107594, 0.15091635327987768, 0.14548439756130374, 0.14032579619038585, 0.13545415865925586, 0.13087812222460748, 0.12660188487762927, 0.12262578311583958, 0.1189468876071584, 0.11555959366187307, 0.11245618733935792, 0.10962737265945409, 0.10706274945604205, 0.10475123565802508, 0.10268143104926676, 0.10084192272617, 0.09922153452447884, 0.09780952460074178, 0.09659573622333015, 0.09557070766686239, 0.09472574707169272, 0.09405297822942983, 0.09354536267588622, 0.09319670317277035, 0.09300163284118994, 0.09295559377286308, 0.09305480810068273, 0.09329624409752961, 0.09367757911729838, 0.09419716087829591, 0.09485396796489354, 0.09564757022397766, 0.09657808923549192, 0.09764615893545023, 0.0988528860753085, 0.10019981017185026, 0.10168886228157276, 0.10332232194904596, 0.10510277140957133, 0.10703304616913167, 0.10911618085278289, 0.11135534927546596, 0.11375379749250082, 0.11631476867586941, 0.11904141850992701, 0.12193671993665431, 0.12500335599298137, 0.12824359969960525, 0.1316591799797586, 0.13525113291950822, 0.13901963786359134, 0.14296383833869414, 0.1470816481937994, 0.15136954406473363, 0.15582234592481625, 0.16043298845472073, 0.16519228689090046, 0.170088702224991, 0.17510811177889773, 0.18023359254520713, 0.18544522592057386]
4.288000000000012	3.2651627466910287	[0.19060194768551467, 0.19587299454605842, 0.20114938766303625, 0.20639832490717955, 0.2115837934177205, 0.2166667411451775, 0.22160534870158358, 0.22635540992636777, 0.23087082670821618, 0.23510421987125402, 0.2390076533889934, 0.24253346392037883, 0.24563518189114364, 0.2482685242870602, 0.25039243338321043, 0.25197013012467256, 0.2529701463207197, 0.25336729654780926, 0.25314354919793025, 0.25228875665285655, 0.25080120747271645, 0.2486879686592203, 0.24596499355378165, 0.2426569802680936, 0.2387969764461906, 0.2344257377719662, 0.22959085945744606, 0.22434571093960123, 0.21874821366713204, 0.21285950922092853, 0.20674256984333364, 0.20046080513161102, 0.1940767174069309, 0.18765065393248648, 0.18123969744112794, 0.1748967275591823, 0.16866967572871816, 0.16260098551761648, 0.15672727987856713, 0.15107922725955167, 0.14568159040207204, 0.14055343518061963, 0.13570847253166632, 0.13115550403129686, 0.12689894128252507, 0.12293937032750199, 0.11927413488088388, 0.11589791552148211, 0.11280328610737196, 0.10998123284691948, 0.107421625764929, 0.10511363611437766, 0.10304609682755926, 0.10120780588069067, 0.09958777481141917, 0.09817542620021022, 0.09696074513088289, 0.09593439017487158, 0.09508776975293734, 0.0944130895382494, 0.09390337631979909, 0.09355248316779771, 0.09335508024392526, 0.09330663489241951, 0.09340338410424523, 0.09364230177066327, 0.09402106266857507, 0.09453800455053488, 0.09519208935072897, 0.09598286407231875, 0.09691042167055318, 0.09797536190915579, 0.09917875200473782, 0.10052208661983887, 0.10200724666383101, 0.10363645616409428, 0.10541223640779661, 0.10733735639713997, 0.10941477862543565, 0.11164759905585618, 0.11403898017441093, 0.11659207590056098, 0.11930994716250676, 0.12219546691623602, 0.1252512134631856, 0.12847935098656293, 0.13188149639724628, 0.13545857176893733, 0.13921064196828672, 0.14313673744274258, 0.14723466265945245, 0.15150079126930976, 0.155929849842296, 0.1605146928582898, 0.1652460726622295, 0.17011240917478784, 0.17509956537922927, 0.1801906358420724, 0.1853657568183221]
4.284000000000012	3.2697250166945846	[0.190481768552813, 0.19571218032882925, 0.20094628958058078, 0.206151551374212, 0.2112922695646853, 0.21632976997691347, 0.2212226721815305, 0.22592726803177968, 0.23039801215793768, 0.2345881260577471, 0.23845031287487367, 0.24193757486374612, 0.245004119868583, 0.2476063372499083, 0.24970381793392643, 0.25126038786489757, 0.2522451198171738, 0.25263328526946216, 0.2524072068091594, 0.251556971935494, 0.2500809722104246, 0.24798623654257881, 0.24528853499202632, 0.24201223829512025, 0.23818992926912083, 0.2338617732051149, 0.22907466626460038, 0.22388119116835722, 0.21833841932466103, 0.21250660522828804, 0.20644782419704732, 0.20022460562133246, 0.19389861329302796, 0.18752941958791017, 0.18117341439615045, 0.17488288043869002, 0.16870525757184307, 0.16268260757730763, 0.15685128157001213, 0.1512417820177668, 0.14587880419644256, 0.14078143480849223, 0.13596348197904948, 0.13143390760642387, 0.12719733334321467, 0.12325459169033852, 0.11960329691039477, 0.11623841291286466, 0.1131528000260388, 0.11033772584597866, 0.1077833303188005, 0.10547903816729619, 0.1034139160142639, 0.10157697352634126, 0.0999574110003862, 0.09854481662225201, 0.09732931858545053, 0.09630169705793352, 0.09545346205118653, 0.0947769023520754, 0.09426511117887511, 0.09391199295880254, 0.09371225585121712, 0.09366139326063566, 0.09375565774056616, 0.0939920293533744, 0.09436818075182966, 0.09488244003320995, 0.09553375270419413, 0.0963216430199856, 0.09724617533528203, 0.09830791515686334, 0.0995078900280509, 0.10084754952906487, 0.102328724158984, 0.10395358209525943, 0.1057245833289956, 0.10764442996284793, 0.1097160119695423, 0.11194234704841058, 0.1143265137367928, 0.11687157632726028, 0.11958050068149233, 0.12245605949672983, 0.12550072616595692, 0.1287165559391803, 0.1321050537572787, 0.13566702784515117, 0.13940242893403404, 0.1433101748992968, 0.1473879615517923, 0.15163206048499495, 0.1560371060412171, 0.16059587390074312, 0.1652990551770698, 0.1701350306047302, 0.1750896509528386, 0.18014603067520352, 0.18528436337904924]
4.280000000000013	3.274298096065155	[0.1903593505915216, 0.19554886384928596, 0.20074043857911175, 0.20590178964587738, 0.21099754007471644, 0.21598939574242895, 0.22083641702572251, 0.22549539519837156, 0.2299213385516873, 0.23406806961880106, 0.23788893049968454, 0.24133758824751028, 0.2443689267742741, 0.2469400059812568, 0.24901106321053348, 0.2505465269164343, 0.25151600821780157, 0.2518952329453281, 0.2516668755311746, 0.2508212566557424, 0.2493568694491144, 0.24728070397329957, 0.24460834693237105, 0.24136384239019246, 0.23757930969586774, 0.23329432576529255, 0.22855509014479472, 0.2234134016186188, 0.21792548435408593, 0.21215070847937303, 0.20615025468100712, 0.19998577394827508, 0.19371809255993835, 0.18740600826380832, 0.18110521739980692, 0.17486740426283123, 0.16873951468456422, 0.1627632255687868, 0.15697461242647562, 0.15140400764152778, 0.14607603459947036, 0.14100979644067954, 0.13621919412777972, 0.1317133458958972, 0.12749707978099226, 0.12357147166431884, 0.11993440375150764, 0.11658112135409383, 0.11350476984041918, 0.11069689740990675, 0.10814791356833098, 0.10584749668132305, 0.10378494752474465, 0.10194948830543177, 0.10033050907021028, 0.09891776484174782, 0.09770152816238899, 0.0966727021544493, 0.09582289968412339, 0.09514449394719363, 0.09463064572675076, 0.09427531192036172, 0.09407323960461508, 0.09401994911604056, 0.09411170923848784, 0.09434550681940103, 0.0947190128030871, 0.09523054599947106, 0.0958790356719741, 0.09666398347685924, 0.09758542515259533, 0.09864389191355791, 0.099840371450382, 0.10117626807856578, 0.10265336158221562, 0.10427376399906765, 0.10603987363498667, 0.107954325338509, 0.11001993613295702, 0.11223964508233777, 0.11461644635803853, 0.11715331429329315, 0.11985311933719132, 0.1227185337002233, 0.12575192566330926, 0.12895524149334184, 0.13232987418071682, 0.13587651831314182, 0.13959501081385173, 0.14348415754499858, 0.14754154637899666, 0.15176334783484113, 0.1561441052025887, 0.1606765168225108, 0.16535121424300084, 0.1701565409570416, 0.1750783376551841, 0.18009974105061902, 0.1852010046102429]
4.276000000000013	3.278882018022693	[0.19023464642159751, 0.19538299300717885, 0.2005317780971189, 0.20564897899925358, 0.210699540374416, 0.21564555035848595, 0.22044651198685541, 0.22505971737774874, 0.22944072940210627, 0.2335439719951491, 0.23732342599392267, 0.2407334224479001, 0.2437295199788222, 0.24626944718088803, 0.24831408557054652, 0.24982846360363548, 0.2507827281203122, 0.25115305672983135, 0.2509224733610959, 0.2500815299134226, 0.2486288196596728, 0.24657129303303213, 0.24392435332105356, 0.24071171858655227, 0.23696504608916316, 0.2327233263534308, 0.22803206477257978, 0.22294227893862184, 0.21750934861161658, 0.21179176223634794, 0.20584980820295393, 0.19974426086788497, 0.1935351100597029, 0.18728037911730847, 0.18103507017033318, 0.17485026752010502, 0.1687724205775601, 0.16284281821958585, 0.15709725661989749, 0.1515658939041738, 0.1462732771633704, 0.14123852150138697, 0.13647561637624328, 0.13199383227910025, 0.12779819996478536, 0.12389003551561859, 0.12026748647565433, 0.11692607753027297, 0.1138592376626717, 0.11105879479907646, 0.10851542765762104, 0.10621906833912476, 0.10415925226123308, 0.10232541495332456, 0.10070713724091948, 0.09929434216012398, 0.09807744788911077, 0.09704748181801638, 0.09619616098644347, 0.09551594425734972, 0.09500006117242776, 0.09464252218040073, 0.09443811425344563, 0.09438238550117922, 0.09447162166266486, 0.0947028169537755, 0.09507364107987475, 0.09558240389976318, 0.0962280186677416, 0.09700996455692475, 0.09792824871968271, 0.0989833680078221, 0.10017627012198026, 0.10150831389477732, 0.10298122812972152, 0.1045970683989624, 0.10635817097088426, 0.10826710304984465, 0.11032660831683284, 0.1125395467951901, 0.11490882790931957, 0.11743733566914742, 0.12012784480362228, 0.12298292678021615, 0.1260048446049167, 0.12919543549004892, 0.1325559805378266, 0.13608706089621952, 0.13978840005419543, 0.14365869241287005, 0.14769541867453323, 0.1518946492674712, 0.15625083765911396, 0.16075660631709096, 0.16540252894782478, 0.1701769137607135, 0.17506559356067358, 0.1800517297092136, 0.18511563809543602]
4.272000000000014	3.2834768159044905	[0.19010760699572898, 0.19521451386908079, 0.2003202495903235, 0.20539305658165913, 0.2103982036298415, 0.21529816335601556, 0.22005288332207631, 0.22462015792434958, 0.22895610553743637, 0.23301575186629564, 0.236753716262714, 0.24012499296408638, 0.2430858139346468, 0.24559457460358144, 0.2476127984077679, 0.24910611128448076, 0.2500451931588443, 0.25040667083433854, 0.2501739153762472, 0.24933770793117527, 0.24789674047846497, 0.24585792303261547, 0.2432364753945454, 0.24005579029156007, 0.2363470642643826, 0.23214870342637245, 0.22750552147356762, 0.22246775754955864, 0.2170899498373118, 0.21142970778485065, 0.20554642981990962, 0.19950001544097995, 0.1933496190897119, 0.18715248992202901, 0.18096293519543183, 0.17483143765293255, 0.16880394787997915, 0.16292136357123194, 0.15721919781021268, 0.1517274302709852, 0.14647052731292193, 0.14146761149664683, 0.13673275638845125, 0.1322753806118697, 0.12810071392295402, 0.12421030937790971, 0.12060257719951684, 0.11727331937238612, 0.11421624701880942, 0.11142346687625646, 0.1088859264870062, 0.10659381175178181, 0.1045368931902802, 0.10270482042197557, 0.10108736606413515, 0.0996746223401689, 0.09845715434649395, 0.09742611506138536, 0.0965733270201827, 0.09589133602461002, 0.09537344157733324, 0.0950137087756929, 0.0948069654763747, 0.09474878842049846, 0.09483548103740731, 0.09506404551089775, 0.09543215078516717, 0.09593809811795818, 0.09658078499409059, 0.09735966823041689, 0.09827472642589545, 0.09932642200804696, 0.10051566255010168, 0.1018437611899373, 0.10331239548274093, 0.10492356421410712, 0.10667954125950145, 0.10858282579354629, 0.11063608775872737, 0.11284210773770528, 0.1152037100244779, 0.11772368794961942, 0.12040472021344877, 0.12324927729605616, 0.1262595167685755, 0.1294371667323106, 0.13278339647275553, 0.13629867391478576, 0.13998260950237656, 0.1438337867523313, 0.14784957998703663, 0.15202596055793904, 0.15635729336738477, 0.16083612651270873, 0.16545297761429648, 0.17019612159426778, 0.17505138560054986, 0.18000195807128044, 0.18502821991624724]
4.268000000000014	3.288082523165734	[0.1899781815125864, 0.19504337057834842, 0.20010579242975632, 0.20513395730513426, 0.2100934606312706, 0.21494716176103973, 0.21965545466654315, 0.22417663746493727, 0.22846738496614802, 0.23248332501083735, 0.23617971524389353, 0.23951221227167785, 0.24243772002991998, 0.24491529890815994, 0.24690711200447746, 0.24837938019752556, 0.24930331385674256, 0.24965598637432734, 0.2494211135897751, 0.24858970390410076, 0.24716054656797856, 0.24514051036630508, 0.24254463154730702, 0.23939597814753846, 0.23572528736640855, 0.23157038286620363, 0.22697538911229057, 0.22198976952516533, 0.2166672235557679, 0.2110644843256704, 0.20524006265334985, 0.19925298493955512, 0.19316157132380538, 0.18702229698958964, 0.1808887736805953, 0.1748108809962422, 0.16883406830577555, 0.16299883893597095, 0.1573404191304297, 0.15188860587484596, 0.14666778034997194, 0.14169706800940526, 0.13699062211828858, 0.13255800524114228, 0.12840464238717356, 0.1245323202863309, 0.12093970914800863, 0.11762288610996886, 0.11457584292984259, 0.1117909641769659, 0.10925946581104047, 0.1069717875454445, 0.10491793545592765, 0.1030877739811714, 0.1014712685494935, 0.10005868171987065, 0.09884072680640148, 0.09780868368070673, 0.09695448172104057, 0.09627075493169912, 0.09575087400807118, 0.09538895978990194, 0.0951798820381985, 0.09511924698169927, 0.09520337650515219, 0.0954292813568361, 0.09579463022523786, 0.09629771611230972, 0.09693742099753964, 0.09771317946121932, 0.09862494160275616, 0.09967313535414932, 0.10085862804196302, 0.10218268688610306, 0.10364693794148377, 0.10525332287377212, 0.10700405282437515, 0.10890155854019078, 0.11094843584299884, 0.11314738546317973, 0.11550114619667985, 0.11801242032751831, 0.12068379023951863, 0.12351762517142112, 0.12651597712337231, 0.12968046502705008, 0.13301214644777748, 0.1365113763101877, 0.14017765243140481, 0.14400944803421534, 0.14800403188523376, 0.15215727729356193, 0.15646346189269097, 0.16091506093898503, 0.16550253776499765, 0.17021413603367244, 0.17503567950839138, 0.1799503861664957, 0.18493870457945402]
4.2640000000000144	3.292699173379793	[0.1898463173287565, 0.19486950525546204, 0.19988834379628467, 0.20487161373161925, 0.2097852396722304, 0.21459246996679954, 0.21925414689911335, 0.2237290737600099, 0.227974482731642, 0.23194660415964002, 0.2356013337541792, 0.23889498967021652, 0.24178514642874097, 0.24423152750184193, 0.24619693336814705, 0.24764817730563243, 0.24855699746229828, 0.24890091121492192, 0.24866397678786206, 0.2478374278494234, 0.2464201494578535, 0.24441896836781674, 0.2418487371788898, 0.23873219989634087, 0.23509963572497397, 0.23098828785543307, 0.2264415939578606, 0.22150824447949435, 0.21624110295403629, 0.2106960288769024, 0.20493064778129125, 0.19900311476477023, 0.19297091672023514, 0.18688975510495467, 0.1808125454743646, 0.17478856273151291, 0.16886275259775327, 0.16307522087051132, 0.1574609031505847, 0.15204940951045987, 0.1468650314379494, 0.14192689271462722, 0.13724922181490623, 0.13284172104100503, 0.1287100068186491, 0.12485609623412934, 0.12127891670085564, 0.1179748183475615, 0.11493807197784639, 0.11216133900454654, 0.10963610332276556, 0.10735305847345061, 0.10530244648051208, 0.10347434734579042, 0.10185892028000205, 0.10044659935264055, 0.09922824735935522, 0.09819527240634963, 0.09733971203595589, 0.09665428976092683, 0.09613244868138485, 0.09576836651807914, 0.0955569559396406, 0.09549385356327217, 0.09557540047855555, 0.0957986166374144, 0.0961611709615632, 0.09666134858168028, 0.09729801621784734, 0.09807058636889622, 0.09897898066838015, 0.1000235925131692, 0.10120524884206611, 0.10252517076214997, 0.10398493255325224, 0.10558641845367514, 0.1073317765066792, 0.10922336865799184, 0.11126371620450702, 0.11345543963742998, 0.11580119186612678, 0.11830358378907159, 0.12096510116506641, 0.12378801177083924, 0.12677426188380034, 0.12992536124135387, 0.13324225577925453, 0.13672518768058098, 0.140373542556282, 0.14418568396565956, 0.1481587759539658, 0.15228859486743873, 0.15656933238459592, 0.16099339249905895, 0.16555118607769928, 0.17023092760346206, 0.17501843975591982, 0.17989697256483794, 0.18484704493432622]
4.260000000000015	3.29732680023882	[0.18971195986000586, 0.1946928578955543, 0.19966783856480574, 0.2046059559526767, 0.20947346641874348, 0.2142340095978202, 0.21884887799905658, 0.2232773815545892, 0.2274773107590267, 0.23140549883590295, 0.23501847932873138, 0.23827323111515522, 0.24112799790623526, 0.24354316436683385, 0.24548216606480344, 0.2469124061198379, 0.24780614778305726, 0.24814134979467098, 0.24790241036754193, 0.24708078643275808, 0.24567545738866647, 0.24369320714157736, 0.24114870454604698, 0.23806437021799984, 0.23447002671730924, 0.2304023387253321, 0.22590405955925952, 0.22102310942712947, 0.21581151877151303, 0.21032427614814386, 0.2046181241445094, 0.1987503483371976, 0.19277760344587333, 0.18675481743446187, 0.18073420901212792, 0.17476444681403486, 0.168889970492031, 0.16315048512390673, 0.15758063186374538, 0.15220982960379079, 0.14706227561004495, 0.14215708737089153, 0.13750856405330422, 0.13312654342661828, 0.1290168294609252, 0.12518166620864127, 0.12162023546700715, 0.11832915812203505, 0.11530298240091033, 0.112534645507676, 0.11001589876771209, 0.10773768951244644, 0.1056904960958506, 0.10386461478858273, 0.1022503995582173, 0.1008384571345097, 0.09961980107326324, 0.09858596904203751, 0.09772910809177913, 0.09704203254263469, 0.09651825914007567, 0.09615202362171968, 0.0959382825977916, 0.09587270397345071, 0.09595164882275999, 0.0961721469383868, 0.09653186799228686, 0.09702908962432172, 0.0976626635661299, 0.09843198038356124, 0.09933693329979366, 0.10037788112780123, 0.1015556102963681, 0.10287129559365718, 0.10432645926620836, 0.10592292780502258, 0.10766278580645013, 0.10954832602888753, 0.11158199485539755, 0.11376633213925941, 0.11610390453165904, 0.11859723119591871, 0.12124870097830552, 0.12406047996473013, 0.1270344085827472, 0.13017188734924134, 0.13347375068872988, 0.13694012830726587, 0.14057029406293936, 0.14436250249509391, 0.14831381380039316, 0.1524199084617061, 0.1566748935601697, 0.16107110343116054, 0.1655988983458079, 0.17024646571711374, 0.17499962949127937, 0.179841674296719, 0.18475319208979957]
4.256000000000015	3.3019654375541934	[0.1895750524832574, 0.19451336625239993, 0.19944420918642394, 0.2043369114561412, 0.20915806377385837, 0.21387169936165187, 0.21843956289535577, 0.22282147241774483, 0.2269757776918271, 0.23085991518531077, 0.23443105604804923, 0.2376468390415826, 0.2404661756684735, 0.24285010988056613, 0.2447627100348287, 0.2461719665190142, 0.24705066500030942, 0.2473772029474565, 0.24713631615263126, 0.24631968279497465, 0.2449263751319803, 0.24296313339712142, 0.24044444258946487, 0.23739240057510103, 0.2338363746040543, 0.22981245281261745, 0.22536270659278457, 0.22053428865437769, 0.2153783991612212, 0.20994915842822065, 0.20430242842386986, 0.19849462700286968, 0.1925815777716132, 0.18661743545193352, 0.18065372123122417, 0.17473849592052848, 0.16891569065446158, 0.1632246066077476, 0.15769958664495154, 0.15236985420568722, 0.14725950775146154, 0.14238765383792581, 0.1377686577402975, 0.13341248839571038, 0.1293251333694978, 0.12550906025634423, 0.12196370233735941, 0.11868594899031368, 0.11567062416795815, 0.11291093978941001, 0.11039891403933767, 0.10812574799096307, 0.10608215665740542, 0.10425865328611365, 0.10264578753688558, 0.10123433996495466, 0.10001547613801097, 0.09898086463785287, 0.0981227633510824, 0.09743407873753782, 0.09690840241718737, 0.09654002931753257, 0.09632396101577868, 0.09625589764250196, 0.09633222102767025, 0.0965499714783913, 0.09690681992428124, 0.09740103692872591, 0.09803145949396604, 0.0987974564319559, 0.09969889259644392, 0.1007360921951462, 0.10190980100765433, 0.1032211473218886, 0.10467160107420057, 0.10626293071137798, 0.1079971570145634, 0.10987650319107727, 0.11190334030199672, 0.11408012718696124, 0.1164093438498524, 0.11889341739431716, 0.12153463945206935, 0.12433507421768021, 0.12729645613190219, 0.13042007649740991, 0.13370665834217135, 0.13715621919738755, 0.1407679216249105, 0.14453991183111894, 0.14846914704746117, 0.15255121304214458, 0.15678013367405527, 0.16114817527892647, 0.16564564942529778, 0.17026071862352452, 0.17497921046359588, 0.17978444677652508, 0.1846570953178991]
4.252000000000016	3.306615119256924	[0.18943553642096922, 0.19433096572458794, 0.19921738555300217, 0.20406440499238024, 0.20883895172478203, 0.21350545489766448, 0.21802611329917587, 0.22236125457662428, 0.2264697887127614, 0.23030975579819957, 0.2338389643501518, 0.23701571217752226, 0.23979957715922381, 0.24215226062316558, 0.24403846139742327, 0.24542675455453308, 0.2462904454743465, 0.24660836770730857, 0.24636559220276555, 0.24555401636003368, 0.24417280380602707, 0.24222865026273785, 0.23973585675884124, 0.2367161990349219, 0.2331985903663392, 0.22921854429263283, 0.22481745271363804, 0.2200417035659536, 0.21494166955818306, 0.20957060544769557, 0.20398349492754975, 0.198235889913839, 0.192382783980237, 0.1864775588391805, 0.18057103750120357, 0.1747106713715155, 0.16893988063463541, 0.16329755934188026, 0.15781774823006434, 0.15252947096201674, 0.14745672260383408, 0.14261859407175406, 0.13802951214477535, 0.13369957254890524, 0.1296349424677204, 0.12583830952804131, 0.12230935556560119, 0.11904523609859778, 0.11604104908331943, 0.11329027999912322, 0.11078521330563279, 0.10851730370228845, 0.10647750319078586, 0.10465654265036325, 0.10304516838284179, 0.1016343358946837, 0.10041536404396428, 0.09938005365140815, 0.09852077480228573, 0.09783052740830672, 0.09730297923466598, 0.09693248555637514, 0.09671409398684153, 0.09664353780593576, 0.09671722041435837, 0.09693219329339102, 0.0972861291788645, 0.09777729195631717, 0.09840450419551379, 0.09916711311550344, 0.10006495527591408, 0.10109832023734047, 0.10226791302217526, 0.10357481521431079, 0.10502044419174703, 0.10660651003652075, 0.10833496937362252, 0.11020797547184273, 0.11222782368929127, 0.1143968914538528, 0.11671757176115131, 0.11919219931114923, 0.12182296824930564, 0.1246118406633985, 0.12756044490459387, 0.1306699630579274, 0.13394100690890595, 0.1373734821128657, 0.14096644043731404, 0.14471792044680046, 0.14862477734222374, 0.15268250333739938, 0.15688504050089708, 0.1612245888455818, 0.16569141319149558, 0.1702736533366856, 0.1749571429548511, 0.179725243708862, 0.18455870196192203]
4.248000000000016	3.3112758793982393	[0.1892933506308674, 0.19414558922068478, 0.19898729486450958, 0.2037883584193233, 0.20851604719030215, 0.21313518860470052, 0.21760843753411796, 0.22189663272979365, 0.2259592453598435, 0.22975491951183244, 0.2332421008357075, 0.23637974533849554, 0.23912809585734773, 0.2414495091676881, 0.2433093122435249, 0.2446766622395076, 0.24552538153611717, 0.24583473709991438, 0.24559013260692594, 0.24478368263193184, 0.24341464067411464, 0.24148965709086814, 0.2390228488190898, 0.23603567008617116, 0.23255658152256115, 0.22862052401020755, 0.22426821238591127, 0.2195452725325123, 0.21450125252518412, 0.20918854424550923, 0.20366125545505429, 0.19797407391615232, 0.1921811642510295, 0.18633513539735097, 0.18048611153103897, 0.1746809330674381, 0.16896250679731237, 0.16336931641662486, 0.157935096672704, 0.15268866710291637, 0.14765391474857556, 0.14284991014157272, 0.1382911369078951, 0.13398781313428135, 0.12994628158376414, 0.12616944635062416, 0.12265723483133656, 0.11940706628030001, 0.1164143108748723, 0.11367272645505398, 0.11117486312061449, 0.10891242904955889, 0.10687661352445842, 0.10505836569387149, 0.10344862942838592, 0.10203853630799264, 0.10081955974914969, 0.09978363414431148, 0.09892324313954672, 0.09823148142688165, 0.09770209419272084, 0.09732949823808057, 0.09710878828986769, 0.09703573172350956, 0.09710675433348682, 0.09731891945657162, 0.09766990218988404, 0.09815796015906146, 0.0987819018021112, 0.09954105292256564, 0.10043522186200683, 0.10146466350551668, 0.1026300420082952, 0.10393239205746731, 0.10537307822046935, 0.10695375190355809, 0.10867630522953915, 0.1105428211503234, 0.1125555189352317, 0.11471669421222325, 0.11702865260467239, 0.11949363607668388, 0.12211374101644878, 0.12489082720477121, 0.12782641680551254, 0.1309215827036211, 0.13417682560627864, 0.13759193961972982, 0.14116586623539315, 0.14489653710195335, 0.1487807063475823, 0.15281377383370548, 0.15698960130005424, 0.16130032416110174, 0.16573616247707085, 0.17028523557582073, 0.17493338569201075, 0.1796640170027075, 0.18445795732412115]
4.244000000000017	3.3159477521498646	[0.1891484316761776, 0.19395716702624238, 0.19875386147612875, 0.2035086905471, 0.20818926384749498, 0.21276080946618678, 0.21718644034563075, 0.22142750785595666, 0.22544404532184292, 0.2291953012060796, 0.23264035805304736, 0.235738829213635, 0.23845162105494982, 0.2407417438601685, 0.24257515041067387, 0.2439215773262645, 0.24475536126231678, 0.2450561999209269, 0.2448098272621676, 0.24400857297712666, 0.24265177893032597, 0.24074604924784074, 0.23830531664616061, 0.2353507144391003, 0.23191025193737097, 0.22801829929304637, 0.22371489670763003, 0.21904491072015225, 0.2140570675965306, 0.20880289901719518, 0.20333563916207933, 0.19770911341910477, 0.1919766585479235, 0.1861901109393924, 0.1803988952824944, 0.1746492394064583, 0.1689835342628197, 0.1634398499375185, 0.15805161131300396, 0.15284742941568377, 0.14785107860480579, 0.14308160423142596, 0.13855354207051573, 0.13427722807797468, 0.13025917650735763, 0.12650250428619647, 0.12300738132535556, 0.11977148814270974, 0.11679046530649051, 0.11405834175696856, 0.11156793256204653, 0.10931119918234944, 0.10727956845033378, 0.1054642083877124, 0.10385626135190844, 0.10244703609919184, 0.10122816187675364, 0.10019170797382733, 0.09933027297373884, 0.09863704767795545, 0.09810585599076382, 0.09773117742324862, 0.09750815491672755, 0.0974325908957936, 0.09750093439549605, 0.09771026129619531, 0.09805824963328622, 0.09854315119519154, 0.09916376060786848, 0.09991938243873226, 0.10080979690311768, 0.10183522418148447, 0.10299628746454187, 0.10429397434698538, 0.1057295963438469, 0.10730474587035264, 0.10902125021015825, 0.1108811216156258, 0.1128865028904735, 0.11503960747155473, 0.1173426532563357, 0.11979778914094483, 0.12240701349804543, 0.12517208360579274, 0.12809441536025798, 0.13117497247354554, 0.13441414476216187, 0.1378116151259361, 0.141366215328736, 0.14507577085239265, 0.1489369357474314, 0.1529450187550867, 0.15709380279141158, 0.16137536043341202, 0.16577986901879982, 0.1702954296881952, 0.17490789576560362, 0.17960071666704686, 0.18435480455751643]
4.240000000000017	3.3206307718047	[0.189000713594164, 0.19376562665352734, 0.19851700674118158, 0.20322531696451537, 0.2078585119518701, 0.2123822228564796, 0.2167600227015867, 0.22095377700363375, 0.2249240822227931, 0.22863079158011126, 0.23203362427028887, 0.23509285013320194, 0.2377700376208894, 0.24002884858181148, 0.24183585924168643, 0.24316138306701626, 0.24398026823296176, 0.24427264049883934, 0.24402456163373623, 0.24322857439324197, 0.24188410746566716, 0.23999771789186208, 0.2375831540026308, 0.23466122881607157, 0.23125950160995012, 0.22741177375800586, 0.22315741321479712, 0.21854052991530906, 0.21360903110084067, 0.2084135909611544, 0.2030065724049114, 0.197440940265542, 0.19176920448808482, 0.18604242918663833, 0.18030933886512457, 0.17461554720921166, 0.16900292683028584, 0.16350913097974476, 0.15816727073051667, 0.1530057442299838, 0.14804820841297578, 0.14331367865682915, 0.138816738088017, 0.13456783603229683, 0.13057365403567428, 0.12683751821115288, 0.1233598378258374, 0.12013855217588369, 0.11716957028320035, 0.11444719092310247, 0.11196449336359778, 0.1097136921593438, 0.10768645188042958, 0.10587416004707559, 0.10426815835610848, 0.10285993387787926, 0.10164127291158352, 0.10060438101431761, 0.09974197304358655, 0.09904733729286469, 0.09851437764948842, 0.09813763757577902, 0.09791230930150852, 0.09783423131152458, 0.09789987670321589, 0.09810633464399555, 0.09845128665939572, 0.09893297917497372, 0.09955019329800405, 0.1003022125864086, 0.10118878919315313, 0.10221010860771162, 0.10336675292976535, 0.10465966250468818, 0.10609009552343111, 0.10765958513064312, 0.10936989340450852, 0.11122296154900503, 0.11322085549788655, 0.11536570613908374, 0.11765964326617985, 0.12010472240973856, 0.12270284364911449, 0.12545566160112148, 0.12836448580037604, 0.1314301708544155, 0.13465299587125976, 0.13803253293293674, 0.14156750462750775, 0.14525563107047995, 0.14909346724203007, 0.15307623205229356, 0.15719763111965315, 0.16144967600571164, 0.16582250339111326, 0.17030419857543577, 0.1748806285335293, 0.1795352907073967, 0.1842491845415747]
4.2360000000000175	3.325324972777155	[0.18885012774744048, 0.19357089268720223, 0.19827664883667442, 0.2029381498580826, 0.20752369814033095, 0.21199933033646323, 0.21632908157623548, 0.22047533306689568, 0.22439924539081163, 0.22806127691209793, 0.23142178323307283, 0.23444168981622543, 0.23708322575155485, 0.23931070248860623, 0.24109131733259062, 0.24239595794947366, 0.24319998128052248, 0.24348393843055421, 0.24323421650931346, 0.24244356924843766, 0.24111151063120942, 0.2392445497199346, 0.23685625031331914, 0.2339671057096452, 0.230604226465496, 0.22680084708385495, 0.22259566569198908, 0.21803203831554446, 0.21315705599373017, 0.20802053809063112, 0.20267397859787353, 0.19716948356789, 0.191558737226594, 0.18589203163150814, 0.18021739045050233, 0.1745798116104528, 0.1690206469231897, 0.16357712951067788, 0.1582820527225009, 0.15316359737271726, 0.1482452982467069, 0.14354613585283432, 0.1390807358759831, 0.13485965639723513, 0.1308897420525393, 0.12717452437071614, 0.12371464881013222, 0.12050831083914995, 0.11755168599392696, 0.11483934150690976, 0.11236462008631401, 0.11011998909299109, 0.10809735104427279, 0.10628831350094632, 0.10468441838804406, 0.10327733216030949, 0.10205899943911462, 0.10102176336662709, 0.10015845646979608, 0.09946246587309293, 0.09892777677602385, 0.09854899779646356, 0.09832137159257383, 0.09824077368722563, 0.09830370212674061, 0.09850726007680874, 0.09884913316659892, 0.09932756290041307, 0.09994131721745349, 0.10068965885877874, 0.10157231203131419, 0.10258942751188196, 0.10374154623050118, 0.10502956109022475, 0.10645467673034624, 0.10801836670939681, 0.10972232757517535, 0.1115684290997815, 0.11355865998272383, 0.11569506817332159, 0.1179796950235576, 0.1204145023731463, 0.12300129177244191, 0.1257416149967426, 0.1286366751708575, 0.13168721785177787, 0.13489341167088992, 0.13825471827566158, 0.14176975168505349, 0.14543612745281287, 0.14925030255649266, 0.1532074073776829, 0.15730107182831152, 0.1615232482986482, 0.1658640349459973, 0.17031150360376143, 0.17485153752775984, 0.17946768500553603, 0.1841410357572963]
4.232000000000018	3.330030389603701	[0.1886966026742789, 0.19337288660942162, 0.19803270258325498, 0.20264709781118984, 0.2071847252239775, 0.21161202943044294, 0.21589350971950197, 0.2199920645440161, 0.22386941960787204, 0.2274866388039039, 0.23080471389900328, 0.2337852251056572, 0.23639106069429236, 0.2385871797413931, 0.24034139824938133, 0.2416251754262309, 0.2424143742043096, 0.24268996831437797, 0.24243866771525585, 0.24165343502215156, 0.24033386796028236, 0.23848642672029263, 0.23612449039741656, 0.2332682331504624, 0.22994431810114585, 0.22618541479812604, 0.22202955393572987, 0.2175193403386698, 0.212701051642142, 0.207623655068191, 0.20233777802197336, 0.19689466957081062, 0.19134518929239616, 0.18573885743096394, 0.1801229961379624, 0.17454198598550041, 0.16903665548724575, 0.16364381435099623, 0.15839593423571513, 0.15332097416497106, 0.14844234197979797, 0.14377897840739715, 0.139345546813052, 0.13515270939021237, 0.13120746956707136, 0.12751356048436657, 0.12407186052841036, 0.12088081870079398, 0.11793687501865892, 0.11523486376890783, 0.11276839025712072, 0.11053017435077568, 0.10851235665593603, 0.10670676531951102, 0.10510514333136396, 0.10369933761918804, 0.10248145235914831, 0.1014439696261822, 0.100579840986063, 0.09988255377236624, 0.09934617580802389, 0.09896538211466914, 0.09873546690538579, 0.09865234376405603, 0.09871253656063353, 0.09891316321422439, 0.09925191405864582, 0.09972702615945465, 0.10033725462409472, 0.1010818416064518, 0.10196048346721309, 0.10297329628203279, 0.10412077971410436, 0.10540377906092321, 0.10682344516274132, 0.10838119170377768, 0.11007864935654255, 0.11191761610398375, 0.11390000302829008, 0.11602777477702667, 0.11830288390696382, 0.12072719827001628, 0.12330242064073085, 0.12602999980406088, 0.12891103242154214, 0.13194615509049984, 0.13513542619952676, 0.1384781973878357, 0.14197297472229164, 0.14561727004916275, 0.14940744343018084, 0.15333853807710202, 0.15740410981393188, 0.16159605376512112, 0.16590443173240035, 0.17031730452237526, 0.17482057434018125, 0.17939784320283816, 0.18403029414140096]
4.228000000000018	3.334747056943307	[0.18854006391683875, 0.19317152662114503, 0.1977850792431903, 0.2023520655950045, 0.20684149195947385, 0.21122021339036764, 0.215453195405851, 0.21950385527915245, 0.22333448484060714, 0.22690675390465975, 0.2301822901550612, 0.23312332767844982, 0.2356934124561862, 0.23785814920712908, 0.2395859702329249, 0.24084890361188688, 0.24162331547618796, 0.24189059944759775, 0.24163778582766376, 0.24085804400762367, 0.23955105388927364, 0.23772322588423225, 0.2353877542032076, 0.23256449443257773, 0.2292796635385861, 0.2255653680199805, 0.22145897352876878, 0.2170023363869816, 0.21224092362381375, 0.20722285299487797, 0.20199788765273285, 0.19661642146860633, 0.19112849044751876, 0.18558284325502103, 0.18002609984793871, 0.17450202183241265, 0.1690509119199944, 0.16370915309266604, 0.1585088913339227, 0.15347785937741137, 0.14863933329262655, 0.14401220905514694, 0.13961118278656134, 0.13544701607846893, 0.1315268667982054, 0.1278546658163439, 0.12443152112596605, 0.12125613254541565, 0.11832520248668238, 0.11563383081887058, 0.11317588456042779, 0.11094433572951934, 0.10893156313580002, 0.10712961601721822, 0.1055304392544672, 0.10412606131163145, 0.1029087471561755, 0.10187111913159527, 0.10100624922714091, 0.10030772636138695, 0.0997697023147613, 0.09938691976454107, 0.09915472563187006, 0.09906907259078006, 0.09912651123683315, 0.09932417500366073, 0.09965975955645728, 0.10013149800859769, 0.10073813299494544, 0.1014788863131804, 0.10235342659711202, 0.10336183523110463, 0.10450457053085688, 0.10578243002107002, 0.10719651050977894, 0.10874816551325284, 0.11043895949689998, 0.11227061829164348, 0.11424497499267862, 0.11636391057848512, 0.11862928847221652, 0.12104288224005191, 0.12360629565236064, 0.1263208743591005, 0.1291876085286805, 0.13220702589965264, 0.13537907488205614, 0.13870299755056623, 0.14217719267479811, 0.14579906927341674, 0.1495648916245789, 0.15346961716255775, 0.15750672929438925, 0.16166806782478446, 0.16594366042537542, 0.17032155936066007, 0.17478768851369092, 0.17932570656179692, 0.18391689294124797]
4.224000000000019	3.3394750095779373	[0.18838043384484798, 0.1929667274416042, 0.19753368631001814, 0.20205295393672135, 0.20649389280844832, 0.2108237709370083, 0.21500802216771445, 0.21901058418104763, 0.22279431595243895, 0.22632149361188122, 0.22955438051333765, 0.232455863734153, 0.23499014548842997, 0.23712347414008786, 0.23882489587703842, 0.2400670049619332, 0.24082666791735763, 0.24108569550803224, 0.24083143585276023, 0.2400572630009259, 0.23876293744634985, 0.23695481890724326, 0.23464591650969882, 0.23185576783111445, 0.22861014494297377, 0.22494059319859805, 0.22088381558045475, 0.2164809226103619, 0.21177657349305984, 0.20681803920181724, 0.2016542209551739, 0.19633465922874813, 0.19090856751452448, 0.18542392314532619, 0.1799266431847514, 0.1744598686683107, 0.16906337397135834, 0.16377311203503353, 0.15862089913811936, 0.15363423720760655, 0.14883626565337923, 0.14424583069674263, 0.13987765621539522, 0.13574259844052763, 0.13184796523898357, 0.12819788127848777, 0.1247936807479499, 0.1216343115165989, 0.11871673621994536, 0.11603631879598451, 0.11358718701752014, 0.1113625646699528, 0.10935506882266026, 0.10755697029803617, 0.10596041665140085, 0.10455761895084215, 0.1033410041646579, 0.10230333625808805, 0.10143780901375186, 0.10073811433806842, 0.10019848929669752, 0.09981374550697188, 0.09957928374958272, 0.09949109685236485, 0.0995457630383569, 0.09974043205053781, 0.10007280551137904, 0.100541113099714, 0.10114408533411307, 0.10188092391455261, 0.10275126986187516, 0.10375516990291737, 0.10489304091740619, 0.10616563251077835, 0.10757398721625075, 0.10911939810716433, 0.11080336310012331, 0.1126275355290663, 0.11459367012361316, 0.11670356384458842, 0.118958990636775, 0.12136162950434087, 0.12391298498274966, 0.12661429946824854, 0.12946645660986372, 0.1324698754200706, 0.13562439460593204, 0.13892914715980467, 0.1423824252286701, 0.14598153592959606, 0.1497226489178346, 0.1536006372960779, 0.15760891376180575, 0.16173926480579487, 0.1659816862378637, 0.17032422432865812, 0.1747528274141556, 0.1792512138268895, 0.1838007625490985]
4.220000000000019	3.344214282413094	[0.18821763145704126, 0.19275840009961823, 0.1972784272743696, 0.20174965927599472, 0.20614181767188408, 0.21042258598585112, 0.2145578685031973, 0.21851212492320124, 0.22224878238972715, 0.22573072375107978, 0.22892084778102592, 0.23178269365933324, 0.23428111834569393, 0.23638301183653315, 0.2380580317827562, 0.23927933592311956, 0.24002428835299022, 0.2402751142054397, 0.24001947688721428, 0.23925095295862503, 0.2379693819226041, 0.2361810718579783, 0.23389884661351568, 0.2311419262874118, 0.2279356393302757, 0.22431097181914156, 0.22030396645896946, 0.21595499063746074, 0.2113078985420346, 0.2064091170107059, 0.20130668767779644, 0.1960492993854878, 0.19068534420673147, 0.18526202834531677, 0.17982456530626273, 0.17441547389885254, 0.1690739976552951, 0.16383565609616185, 0.15873193178211803, 0.15379009123504783, 0.14903313231876933, 0.14447984639862302, 0.14014498009625392, 0.13603947941088976, 0.13217079774798043, 0.1285432495192359, 0.12515839167470497, 0.12201541724869704, 0.1191115469101758, 0.11644240704104934, 0.11400238520251789, 0.11178495646613312, 0.10978297622482927, 0.10798893729819117, 0.10639519072376828, 0.10499413117767836, 0.10377834887689909, 0.10274075071295, 0.10187465368121398, 0.10117385404163523, 0.10063267552944491, 0.10024599995692696, 0.10000928317549351, 0.09991855920506149, 0.09997043485740435, 0.10016207695568606, 0.10049119376220364, 0.10095601201445949, 0.10155525052348247, 0.10228809112423244, 0.10315414738624981, 0.10415343138524713, 0.10528631851977917, 0.10655351030111146, 0.10795599478467961, 0.10949500429734635, 0.1111719699024813, 0.1129884720646834, 0.11494618680590217, 0.11704682669604503, 0.1192920758944417, 0.12168351854594402, 0.12422255976183022, 0.12691033855057715, 0.1297476320615741, 0.1327347507067153, 0.13587142381666192, 0.1391566757861724, 0.14258869287194118, 0.1461646812275678, 0.14988071711091025, 0.15373159076059648, 0.1577106459430679, 0.16180961787097503, 0.16601847283605134, 0.170325253699502, 0.17471593610196162, 0.17917430106514787, 0.18368183033204902]
4.21600000000002	3.3489649104781387	[0.1880515721774879, 0.1925464516982504, 0.19701920138035356, 0.201442073493564, 0.20578515161091485, 0.21001653734455078, 0.21410260756621183, 0.21800834561552757, 0.22169774784662474, 0.2251343042273522, 0.22828154870567366, 0.23110367166501963, 0.2335661833175852, 0.23563661326402413, 0.23728522818186357, 0.23848574656057428, 0.2392160272336425, 0.23945870691228788, 0.23920176174311567, 0.23843896863785777, 0.23717024450611968, 0.2354018448330662, 0.23314640797739714, 0.23042283708373235, 0.2272560182353288, 0.2236763801022902, 0.21971930748383395, 0.2154244273046902, 0.21083479152235723, 0.20599598549655943, 0.2009551936077997, 0.19576025484025117, 0.19045874092100715, 0.18509708714175147, 0.1797198027574393, 0.17436878270417203, 0.16908273712711475, 0.16389674874538865, 0.15884196233594206, 0.1539454044019292, 0.1492299263050925, 0.14471425942286434, 0.14041316802312667, 0.13633768295898552, 0.13249539861701623, 0.12889081505077443, 0.12552570843657987, 0.12239951404033864, 0.11950970827873071, 0.116852178313571, 0.11442157044427331, 0.11221161052251842, 0.11021539226027706, 0.10842563087884653, 0.10683488165459624, 0.10543572388394477, 0.1042209122455561, 0.10318349788398823, 0.10231692240510523, 0.101615087820464, 0.10107240590682602, 0.10068382996474205, 0.10044487212056369, 0.10035160866519126, 0.10040067595556987, 0.10058925870571421, 0.10091507249520654, 0.10137634165045793, 0.10197177367689904, 0.10270053081038104, 0.10356219932170305, 0.10455675667112135, 0.10568453671957967, 0.10694619273512858, 0.10834265807981432, 0.10987510405403335, 0.11154489455060655, 0.11335353681517366, 0.11530262780828361, 0.11739379535934975, 0.11962863352624163, 0.12200863132440298, 0.12453509424635407, 0.12720905781130826, 0.13003119268981667, 0.13300170085693663, 0.1361202026034559, 0.13938561425635632, 0.14279601693334912, 0.1463485168160281, 0.1500390980183363, 0.15386246944366466, 0.15781190774224274, 0.16187909895230906, 0.16605398223406076, 0.170324599695658, 0.17467695718053586, 0.17909490150604593, 0.18356002043691352]
4.21200000000002	3.353726928927011	[0.18788216762429855, 0.19233078517035956, 0.196755903352198, 0.20113008362649598, 0.2054237745362543, 0.20960549839294085, 0.21364210682419715, 0.21749910845476417, 0.2211410698970656, 0.22453208865221658, 0.22763633358771715, 0.23041864539623955, 0.23284518602818785, 0.23488412266001132, 0.23650632852992406, 0.2376860801518137, 0.23840172822816266, 0.23863631825942452, 0.23837813654702933, 0.23762115819974747, 0.2363653758932171, 0.23461699157415486, 0.232388457859442, 0.2296983614796267, 0.22657114736462097, 0.22303668866531765, 0.2191297146075071, 0.21488911434713556, 0.2103571403604074, 0.20557853921328795, 0.20059964032447705, 0.19546743462633093, 0.1902286745332506, 0.18492902467243844, 0.17961228931185907, 0.1743197378928119, 0.16908954457395506, 0.16395635190640948, 0.1589509627475047, 0.1541001589674416, 0.14942664038252595, 0.14494907323384154, 0.14068223423472595, 0.13663723414839835, 0.13282180367130023, 0.12924062436001543, 0.1258956879653605, 0.12278666901534264, 0.11991129727686699, 0.11726571899980397, 0.1148448380720807, 0.11264263060538758, 0.11065242854349752, 0.10886716991633787, 0.10727961493133051, 0.10588252853619828, 0.10466883103713999, 0.1036317191911267, 0.10276476057921546, 0.1020619644053492, 0.10151783183696317, 0.10112738900473292, 0.10088620549754157, 0.10079040100670267, 0.1008366423769166, 0.10102213307316561, 0.10134459665617485, 0.10180225561781837, 0.10239380654499937, 0.10311839238246936, 0.10397557223810967, 0.10496528903006885, 0.10608783500683036, 0.10734381507794462, 0.10873410767718965, 0.11025982282938006, 0.11192225692063051, 0.11372284365742577, 0.11566310056838879, 0.11774457042250441, 0.11996875684742375, 0.12233705349019454, 0.12485066602406954, 0.12751052641170815, 0.13031719886741364, 0.13327077713349555, 0.13637077280748283, 0.13961599472602199, 0.14300441963939625, 0.1465330548034951, 0.15019779347271217, 0.15399326480570832, 0.1579126801921321, 0.16194767866657572, 0.16608817469313708, 0.17032221235308165, 0.17463583064476842, 0.17901294535634935, 0.1834352535904515]
4.208000000000021	3.3585003730385337	[0.18770932536362528, 0.1921112990091508, 0.19648842310338027, 0.20081357155451127, 0.20505756087768706, 0.2091893367306609, 0.2131762276938854, 0.21698426933953488, 0.22057859960321902, 0.22392392393267918, 0.2269850458683788, 0.22972745550192097, 0.23211796501030824, 0.2341253770895289, 0.23572116907380455, 0.2368801727391618, 0.2375812277913592, 0.23780778569006567, 0.23754844031447248, 0.23679736277162838, 0.23555461987620377, 0.23382635904482355, 0.2316248469203314, 0.2289683543096895, 0.22588088622889607, 0.22239176214659837, 0.2185350580789292, 0.21434892805541123, 0.2098748278571, 0.205156667888161, 0.2002399249402835, 0.19517074364588133, 0.1899950581853399, 0.18475776271016822, 0.17950195580811265, 0.1742682797363954, 0.16909437010371953, 0.16401442584543657, 0.15905890378649618, 0.15425433645155198, 0.14962326707557644, 0.1451842914989036, 0.14095219367213285, 0.13693815919468513, 0.13315005038383276, 0.12959272602271882, 0.1262683897638825, 0.1231769522911825, 0.12031639430793618, 0.11768311933251632, 0.11527228768677925, 0.113078125109856, 0.11109420170090566, 0.10931367861149283, 0.1077295217001036, 0.10633468252168138, 0.10512224821909286, 0.10408556246270124, 0.10321832022890819, 0.10251463930951336, 0.10196911167510951, 0.10157683759204976, 0.10133344536631406, 0.10123509918793423, 0.10127849739890296, 0.10146086304629018, 0.10177992840006027, 0.10223391466516021, 0.10282150795691175, 0.10354183220699487, 0.10439441955103701, 0.10537917840720623, 0.10649635938663225, 0.10774651889313232, 0.10913048024322325, 0.1106492919054192, 0.11230418246609064, 0.11409651174259366, 0.11602771750310686, 0.11809925711008724, 0.12031254347483795, 0.12266887461699881, 0.12516935623429276, 0.1278148166537567, 0.1306057137046768, 0.13354203309755877, 0.1366231781387744, 0.13984785075903353, 0.14321392417514903, 0.14671830778197625, 0.15035680532799064, 0.15412396784724222, 0.15801294339958105, 0.1620153262262862, 0.16612100860961332, 0.17031803937713594, 0.17459249371334892, 0.17892835960336986, 0.18330744687889458]
4.204000000000021	3.3632852782169596	[0.1875329486461734, 0.19188788697363449, 0.19621664542173797, 0.20049241366020354, 0.20468637922330632, 0.20876791379825074, 0.21270482514094338, 0.2164636774590808, 0.22001018108239115, 0.22330964983480722, 0.22632752167106654, 0.22902993518077752, 0.23138435122883794, 0.23336020598095653, 0.23492957836453138, 0.23606785266291846, 0.2367543546738255, 0.23697293899774416, 0.23671250446406353, 0.23596741599693247, 0.23473781286899822, 0.23302978699930582, 0.23085541876734805, 0.22823266357774857, 0.22518508771224233, 0.2217414588315622, 0.21793520204407157, 0.21380373893927532, 0.2093877313258481, 0.20473025612843793, 0.19987593978148754, 0.19487008242423345, 0.1897578010132918, 0.18458321946896533, 0.1793887299301485, 0.17421434583165432, 0.16909716158167662, 0.16407092909231646, 0.15916575494024413, 0.15440791761732844, 0.1498197986200715, 0.1454199181329128, 0.14122306199771714, 0.13724048557206586, 0.13348017795594086, 0.129947170871144, 0.126643876046706, 0.12357043720524064, 0.12072508342554326, 0.11810447367234257, 0.11570402341260327, 0.11351820739175156, 0.11154083367154864, 0.10976528686651225, 0.10818473910958555, 0.106792329563912, 0.10558131334033241, 0.10454518238286666, 0.10367776042138799, 0.1029732753005391, 0.10242641115633057, 0.10203234377162426, 0.10178676138152727, 0.10168587384999762, 0.10172641198744264, 0.10190561932934854, 0.10222123754606957, 0.10267148717447411, 0.10325504426813886, 0.10397101408975085, 0.10481890195541724, 0.10579858188602408, 0.10691026279188424, 0.10815445247942539, 0.10953191892054234, 0.11104364879839508, 0.1126908025697544, 0.11447466586215208, 0.11639659632124792, 0.11845796560557723, 0.12066009559565852, 0.12300418847445145, 0.12549124978742232, 0.12812200419952988, 0.1308968032150208, 0.1338155247714879, 0.1368774642853286, 0.14008121743016727, 0.14342455473433924, 0.1469042888674694, 0.15051613544910206, 0.1542545690861208, 0.15811267647428498, 0.16208200935373432, 0.16615244038370527, 0.17031202599466874, 0.17454688063956147, 0.17884106780747971, 0.1831765135039226]
4.2000000000000215	3.3680816799925495	[0.1873529361131622, 0.19166043777427158, 0.19594044962387402, 0.20016648046113678, 0.20431009192859517, 0.2083410844620917, 0.21222774725076438, 0.2159371748381593, 0.21943565104715523, 0.22268909849624235, 0.22566358931885347, 0.22832590966942495, 0.23064416758377296, 0.23258843059789097, 0.23413137675407256, 0.23524894002515104, 0.23592092942059342, 0.23613159979010478, 0.23587015232595304, 0.23513114350689127, 0.2339147834329664, 0.23222710746974773, 0.23008000950490906, 0.22749112996703533, 0.22448359765421005, 0.22108563019279392, 0.2173300041661131, 0.21325341130437495, 0.20889572225692032, 0.2042991830412338, 0.1995075721026083, 0.19456534677909737, 0.18951680791710923, 0.18440530932809773, 0.17927253603669707, 0.17415787088352175, 0.16909786452261605, 0.16412581828603132, 0.15927148437114583, 0.1545608823815194, 0.15001622698759637, 0.14565595727557554, 0.14149485568719267, 0.13754424205794583, 0.1338122274763052, 0.13030401210487505, 0.12702221196416635, 0.12396720048975125, 0.12113745261938716, 0.11852988074337592, 0.11614015424037788, 0.11396299605920296, 0.11199245210212573, 0.11022213062684448, 0.10864541075136082, 0.10725562010825171, 0.10604618300978609, 0.10501074091358321, 0.1041432477746486, 0.10343804285102552, 0.10288990392678722, 0.10249408358946303, 0.10224633133797614, 0.10214290380056872, 0.10218056534816913, 0.10235658083079527, 0.10266870212669255, 0.10311514964572636, 0.10369458989943828, 0.10440610974909624, 0.10524918794661832, 0.1062236641428337, 0.10732970557919078, 0.10856777129916344, 0.10993857379170784, 0.11144303765438103, 0.11308225496851675, 0.11485743680425056, 0.11676986040335678, 0.11882081136240714, 0.12101152029606675, 0.12334309328902773, 0.12581643563776407, 0.1284321682767582, 0.13119053652769105, 0.1340913107846122, 0.13713367906154644, 0.14031613140826527, 0.14363633660078487, 0.14709101171843192, 0.15067578572464788, 0.15438505851035605, 0.15821185747219207, 0.16214769416845984, 0.16618242429429714, 0.1703041147776948, 0.1744989225194102, 0.17875098986488197, 0.18304236252735193]
4.196000000000022	3.3728896140219695	[0.18716918148593528, 0.19142883472427868, 0.19565970918267364, 0.19983563620907377, 0.20392855468829202, 0.20790869656883346, 0.21174483475202074, 0.21540459585470223, 0.21885483828861665, 0.22206209391563, 0.22499306878595493, 0.2276151957124293, 0.2298972283386952, 0.23180986349876292, 0.23332637580971788, 0.23442324614778284, 0.23508076378029066, 0.23528358095416652, 0.23502119855449327, 0.2342883624014163, 0.23308535170163242, 0.2314181442708311, 0.22929844717960565, 0.2267435863762965, 0.22377625432320605, 0.22042412046498475, 0.216719315134884, 0.21269780287286147, 0.2083986658701389, 0.20386332190598375, 0.19913470368888941, 0.1942564275503465, 0.18927197921882585, 0.18422394262402697, 0.17915329488043355, 0.1740987865638209, 0.1690964218760129, 0.16417904810371753, 0.15937605877150413, 0.15471320981619158, 0.15021254381238344, 0.14589241336672942, 0.14176759202964603, 0.1378494588816166, 0.13414624199387626, 0.13066330551140845, 0.1274034657465388, 0.12436732256136557, 0.12155359402764851, 0.11895944398747671, 0.1165807943037487, 0.11441261538620977, 0.11244919068145572, 0.11068435234743625, 0.10911168704596765, 0.10772471183335253, 0.10651702132646616, 0.10548240784308524, 0.10461495692341669, 0.10390912071543283, 0.10335977203696342, 0.10296224168896503, 0.10271234168231044, 0.10260637662069474, 0.10264114544777368, 0.10281393527165815, 0.10312250890990983, 0.10356508729807223, 0.10414032785132964, 0.1048472994015167, 0.10568545431894924, 0.1066545980084952, 0.10775485600337022, 0.10898663850834721, 0.11035060232209146, 0.11184760974020486, 0.11347868415741287, 0.11524496179847273, 0.11714763916009953, 0.1191879154960628, 0.12136692986788546, 0.12368569207734319, 0.12614500703255763, 0.1287453919480375, 0.13148698607451248, 0.1343694525740975, 0.13739187252893956, 0.1405526310851235, 0.14384929620019576, 0.14727849059020237, 0.150835758048168, 0.15451542555679815, 0.15831046330588847, 0.1622123450901971, 0.1662109123395049, 0.17029424547200953, 0.17444854706481666, 0.17865804176466307, 0.1829048985808057]
4.192000000000022	3.3777091160888	[0.18698157322258785, 0.19119295536148975, 0.19537429132247697, 0.19949973844868982, 0.20354161607744134, 0.20747059044856225, 0.21125592051187086, 0.21486576669589552, 0.21826756313474893, 0.22142845137071174, 0.22431577112864143, 0.22689760095190867, 0.22914333853393018, 0.23102430790766196, 0.23251437771919103, 0.23359057293437424, 0.2342336601117839, 0.2344286860187193, 0.23416544854576654, 0.23343888062154022, 0.23224932881812835, 0.23060271239142308, 0.228510551246218, 0.2259898573394945, 0.22306288791926043, 0.21975676610113026, 0.2161029782140944, 0.2121367642841555, 0.2078964207138288, 0.2034225397273611, 0.19875721051374295, 0.1939432102120577, 0.18902321038476616, 0.1840390253277599, 0.1790309234003115, 0.17403702125892578, 0.1690927738925758, 0.16423057108282482, 0.1594794433074051, 0.15486487804854013, 0.15040874041446498, 0.14612929112570724, 0.14204128923058712, 0.13815616778364054, 0.1344822667000069, 0.1310251096044572, 0.12778770896294186, 0.12477088773574518, 0.1219736042688608, 0.11939327185101425, 0.11702606327881052, 0.11486719566598379, 0.1129111896013609, 0.11115210140588991, 0.1095837257574376, 0.10819977011629893, 0.10699400043919052, 0.10596036129436882, 0.10509307111493349, 0.10438669647270624, 0.1038362065639798, 0.10343701187813804, 0.10318498815215443, 0.10307648924692496, 0.10310834966018621, 0.10327787977293527, 0.10358285404281642, 0.10402149465302679, 0.10459245033576763, 0.10529477233133196, 0.10612788677628238, 0.10709156501574175, 0.10818589079828134, 0.1094112254730347, 0.11076816990254994, 0.11225752392077878, 0.11388024188623014, 0.11563738494645115, 0.11753006847540909, 0.11955940516084831, 0.12172644219144008, 0.12403209296256368, 0.12647706182860843, 0.12906176236133907, 0.1317862278347331, 0.13465001456469594, 0.13765209716493124, 0.14079075668077845, 0.1440634611896874, 0.14746674036334764, 0.15099605432635216, 0.1546456590614252, 0.15840846967088462, 0.16227592471146018, 0.16623785408186587, 0.1702823547939249, 0.17439567837006054, 0.1785621353130529, 0.18276402155724733]
4.188000000000023	3.3825402221041503	[0.18678999412658961, 0.19095267105243457, 0.19508405655943767, 0.19915863755383884, 0.20314911703150648, 0.2070265983914996, 0.2107608289648867, 0.21432050478448303, 0.21767363683800217, 0.22078797680406914, 0.223631497841904, 0.2261729232829954, 0.22838229332294938, 0.2302315570499715, 0.23169517461754202, 0.23275071219641755, 0.2333794107122383, 0.2335667084816106, 0.23330269777724177, 0.23258249628783167, 0.23140651629656023, 0.22978061735392163, 0.22771613196051352, 0.22522975841552084, 0.2223433200075393, 0.21908339520165276, 0.21548082872431878, 0.21157013857201623, 0.20738883820539378, 0.2029766967683295, 0.1983749623443088, 0.19362557446901035, 0.18877039170253118, 0.1838504587116515, 0.17890533447544021, 0.1739724998128567, 0.16908685795978573, 0.16428033744508444, 0.15958160153952092, 0.15501586416902055, 0.15060480780803573, 0.14636659554544987, 0.1423159665086627, 0.13846440209620695, 0.1348203491127052, 0.1313894857892421, 0.12817501679066762, 0.12517798447482803, 0.12239758479221043, 0.11983147810954904, 0.11747608680970689, 0.11532687360699556, 0.11337859605049132, 0.11162553456246994, 0.11006169254704799, 0.1086809685480586, 0.10747730115099827, 0.106444788286695, 0.10557778285405575, 0.1048709671238327, 0.10431940828694557, 0.10391859775282708, 0.10366447647106175, 0.10355344860967584, 0.10358238547046016, 0.10374862149858706, 0.10404994375389284, 0.10448457617174282, 0.10505115946649989, 0.10574872751217032, 0.10657668060052997, 0.10753475599510127, 0.10862299581383396, 0.10984171233035167, 0.11119145044582757, 0.11267294717632273, 0.11428708770665565, 0.11603485768694301, 0.11791729119628394, 0.11993541395510844, 0.12209018116055326, 0.12438240951277736, 0.12681270284565088, 0.1293813710153104, 0.1320883416110725, 0.13493306435582822, 0.13791440805675037, 0.14103055034835285, 0.14427886056599298, 0.1476557765635359, 0.15115667649944153, 0.15477574719298973, 0.15850585097758152, 0.16233839364529326, 0.1662631964928389, 0.17026837619411678, 0.17434023667141857, 0.17846317781703874, 0.18261962628996947]
4.184000000000023	3.3873829681070315	[0.18659432096321582, 0.19070784651882836, 0.1947888582353131, 0.1988121761882309, 0.2027508903056587, 0.20657654405249107, 0.21025937550714963, 0.2137686181376679, 0.2170728609143989, 0.22014046614772534, 0.22294004015439753, 0.2254409501558063, 0.22761387723438797, 0.2294313934435458, 0.230868547827652, 0.23190344494547552, 0.2325177970475049, 0.23269743111437594, 0.23243273103933262, 0.23171899702865154, 0.23055670526578992, 0.2289516545768396, 0.22691498964600457, 0.22446309559526012, 0.22161736281848896, 0.21840382697548455, 0.21485269338654486, 0.21099776068852127, 0.20687576202781366, 0.2025256461450773, 0.19798782219989042, 0.19330339392973542, 0.18851340780965675, 0.18365813910655104, 0.17877643653165654, 0.17390514337356278, 0.16907860829253282, 0.16432829503605464, 0.15968249520264596, 0.1551661442668564, 0.15080073657313292, 0.14660433202517162, 0.14259164406110578, 0.1387741969725233, 0.1351605391357287, 0.13175649868639341, 0.12856546816598585, 0.1255887058012619, 0.12282564211632684, 0.12027418236707911, 0.1179309968299482, 0.11579179290971571, 0.11385156461110696, 0.1121048166056284, 0.11054576143713235, 0.10916848963791471, 0.1079671134404102, 0.1069358854881754, 0.10606929447153468, 0.10536213988121643, 0.10480958829124347, 0.1044072135111982, 0.10415102297745875, 0.10403747246103984, 0.10406347111692206, 0.10422637848497357, 0.10452399499698661, 0.10495454707460139, 0.10551666789371994, 0.10620937440558582, 0.10703204126611936, 0.10798437184181514, 0.10906636659983159, 0.11027828871345549, 0.11162062692977709, 0.11309405527559926, 0.11469938946540585, 0.11643753940812872, 0.1183094575669841, 0.12031608246394247, 0.12245827704966106, 0.12473676120634863, 0.12715203815953272, 0.12970431414051148, 0.13239341124261242, 0.13521867301255888, 0.13817886302912688, 0.1412720563701662, 0.14449552470446048, 0.14784561545958216, 0.15131762648952396, 0.15490567745130585, 0.1586025802085539, 0.16239971042377577, 0.1662868837205893, 0.17025223965806283, 0.1742821380288026, 0.17836107179020058, 0.18247160215324051]
4.180000000000024	3.392237390264929	[0.18639442399590056, 0.19045833935530287, 0.19448854197658275, 0.19846018873725857, 0.20234675986642875, 0.20612024180660585, 0.20975136583141432, 0.2132099046573034, 0.21646502643411317, 0.21948570455960376, 0.2222411782869274, 0.22470145777042225, 0.2268378634112339, 0.22862358806477107, 0.23003426709296146, 0.23104854054298485, 0.2316485889910686, 0.23182062510836415, 0.23155532169291396, 0.23084815913498888, 0.2296996757574184, 0.22811560855040156, 0.22610691402376748, 0.22368966450965835, 0.22088481863021892, 0.21771787099187004, 0.21421838976714144, 0.210419456810346, 0.20635702764648722, 0.20206923319798503, 0.19759564594908022, 0.19297653555165264, 0.18825213737848462, 0.18346195742980867, 0.1786441333202591, 0.1738348690112043, 0.1690679558108547, 0.16437438903954293, 0.15978208418615442, 0.1553156932449969, 0.15099651694104613, 0.1468425062885324, 0.1428683432545628, 0.13908558940895713, 0.13550288935343502, 0.13212621625686266, 0.12895914617969387, 0.12600314952288402, 0.12325788832027086, 0.12072151037495807, 0.1183909321417542, 0.11626210467300899, 0.11433025791806486, 0.11259012083727894, 0.11103611553958018, 0.10966252536765415, 0.10846363724819597, 0.10743385982781589, 0.1065678189569801, 0.10586043282674283, 0.10530696883510475, 0.10490308464548757, 0.10464485551200128, 0.10452879008765352, 0.10455183648646484, 0.10471138036226585, 0.10500523634185757, 0.10543163405875966, 0.10598919967747623, 0.10667693366261559, 0.107494185284274, 0.1084406241896695, 0.10951620920960309, 0.1107211543863694, 0.11205589214934081, 0.11352103336104807, 0.11511732399416827, 0.11684559797301307, 0.11870672584725843, 0.12070155871568278, 0.12283086705169388, 0.12509527381098046, 0.12749518155074305, 0.1300306929932888, 0.1327015249574516, 0.1355069152690498, 0.13844552289536652, 0.14151532126578462, 0.1447134855041675, 0.14803627407294231, 0.15147890623700397, 0.15503543657689423, 0.15869862884549008, 0.16245983130844083, 0.166308856908375, 0.17023387141986293, 0.17422129403849804, 0.1782557145745473, 0.1823198326742172]
4.176000000000024	3.397103524874275	[0.1861901664879539, 0.1902039994939436, 0.1941829451017825, 0.19810250068810104, 0.20193654021485546, 0.20565749605590294, 0.2092365951776657, 0.2126441513756137, 0.21584991321208977, 0.21882346562133687, 0.22153468059652795, 0.2239542102404707, 0.2260540127222125, 0.22780789949184027, 0.22919208967016624, 0.2301857558371434, 0.23077154391202045, 0.2309360492189688, 0.23067023076629198, 0.2299697467254033, 0.22883519582514464, 0.22727225203514673, 0.22529168336712974, 0.22290924967433293, 0.2201454789709511, 0.2170253264827173, 0.21357772553991497, 0.2098350437098937, 0.20583246164199562, 0.20160729494165033, 0.19719828172351164, 0.19264485917913454, 0.18798645262025837, 0.1832617988194523, 0.17850832352064608, 0.17376158945534467, 0.16905482784786321, 0.1644185618233291, 0.1598803263524444, 0.15546448477814742, 0.15119213872663811, 0.14708112445588148, 0.14314608667267298, 0.1393986184314454, 0.13584745519289315, 0.13249871010034914, 0.12935613835088092, 0.12642141863888526, 0.12369444142394505, 0.12117359453942514, 0.11885603889606923, 0.1167379679947308, 0.11481484722950804, 0.11308162975645078, 0.1115329477066652, 0.11016327794682812, 0.10896708319649216, 0.10793892930982371, 0.10707358073344074, 0.10636607577178976, 0.10581178416615793, 0.10540644883390854, 0.10514621426224172, 0.1050276432205053, 0.10504772397338648, 0.10520386926820417, 0.10549390883335333, 0.10591607620213192, 0.10646899113362802, 0.10715163800462102, 0.10796334102258612, 0.10890373625580359, 0.10997274098051348, 0.11117052004040939, 0.11249744944589887, 0.11395407668509748, 0.11554107777634398, 0.11725921038454179, 0.1191092629056998, 0.1210919987656397, 0.12320809578737107, 0.12545807987726293, 0.12784225292241905, 0.13036061425071754, 0.13301277569206327, 0.1357978698165603, 0.1387144516715431, 0.14176039396855195, 0.14493277649243036, 0.14822777023921677, 0.15164051769284348, 0.15516501049569828, 0.1587939667485582, 0.16251871011850358, 0.16632905396256756, 0.17021319367639035, 0.17415761149354547, 0.17814699794513914, 0.1821641950915047]
4.172000000000025	3.401981408361107	[0.1859814041603179, 0.18994466860868525, 0.19387189597637192, 0.19773892794026357, 0.20152003564967447, 0.20518810045828906, 0.2087148475173534, 0.21207113361585533, 0.2152272889272219, 0.21815351044520248, 0.22082030264530117, 0.22319895866138703, 0.2252620727954735, 0.22698407294969408, 0.2283417593431532, 0.22931483419989326, 0.22988640568457558, 0.2300434488097847, 0.2297772059754305, 0.22908351081213554, 0.22796302059042362, 0.2264213451642414, 0.22446906358697713, 0.22212162364179477, 0.21939912375760248, 0.2163259815577383, 0.21293049769091002, 0.20924432804553622, 0.2053018809932673, 0.20113965944163384, 0.19679556929058972, 0.19230821701719658, 0.18771621875741226, 0.18305754221393725, 0.17836890032097072, 0.17368521278839072, 0.169039147846129, 0.1644607527523472, 0.15997717735451628, 0.15561249124995746, 0.1513875912706742, 0.14732019310765893, 0.14342489818460707, 0.1397133252850727, 0.1361942951178059, 0.13287405576869937, 0.12975653694304062, 0.12684362177234093, 0.12413542582085178, 0.1216305744663103, 0.11932647113416363, 0.11721955061952348, 0.11530551306748671, 0.11357953579919952, 0.11203646125909225, 0.1106709606322361, 0.10947767339123217, 0.10845132389889751, 0.10758681652009155, 0.10687931119368406, 0.10632428142952986, 0.10591755691310971, 0.10565535270090566, 0.10553428702801117, 0.10555138943249195, 0.10570410084643563, 0.10599026694411555, 0.10640812595185915, 0.1069562917712325, 0.1076337331871386, 0.10843974961260687, 0.10937394376566562, 0.11043619139782432, 0.11162660816655322, 0.11294551351410848, 0.11439339141692544, 0.11597084768428668, 0.11767856351455096, 0.11951724487575931, 0.12148756733553731, 0.1235901158705483, 0.12582531927732263, 0.12819337876423187, 0.13069419044129263, 0.13332726144370663, 0.13609161961977337, 0.13898571681174904, 0.14200732602035512, 0.14515343293846988, 0.14842012267723179, 0.1518024628078238, 0.1552943842605679, 0.15888856202065801, 0.1625762980450659, 0.16634740929359124, 0.17019012427689217, 0.1740909920054062, 0.17803480768012325, 0.1820045598639087]
4.168000000000025	3.40687107728136	[0.18576798459961277, 0.18968017944999033, 0.19355521331362954, 0.19736927603049675, 0.2010970394736501, 0.20471183705585685, 0.20818589467937273, 0.21149061403876174, 0.21459690818342625, 0.2174755866544666, 0.22009778621286621, 0.22243544004121124, 0.22446177699917153, 0.22615183920821538, 0.2274830053885867, 0.2284355044095686, 0.22899290365541317, 0.22914255473665998, 0.2288759807094206, 0.2281891882031835, 0.22708289126193795, 0.2255626343797526, 0.22363880730048508, 0.22132654598747611, 0.21864552042828517, 0.21561961225511628, 0.21227649172832572, 0.20864710549105597, 0.2047650923776783, 0.20066614503576036, 0.19638733945551998, 0.19196645295652612, 0.1874412935381244, 0.18284905979148736, 0.17822575105436195, 0.17360564200844159, 0.16902083512290123, 0.16450089788233346, 0.1600725905357272, 0.1557596835827211, 0.15158286347745786, 0.14755971925316036, 0.1437048031215457, 0.14002975354244712, 0.13654347094231356, 0.13325233301185088, 0.1301604394111448, 0.1272698735490514, 0.12458097285184662, 0.12209259746553904, 0.11980239147908328, 0.11770702955937559, 0.1158024460159184, 0.11408404206349664, 0.11254687087738784, 0.1111857985436266, 0.10999564239237188, 0.10897128641180502, 0.10810777636555256, 0.10740039518720837, 0.10684472174775982, 0.10643667387302815, 0.10617253869549977, 0.10604899113733411, 0.10606310330140244, 0.10621234527741524, 0.10649457969274197, 0.10690805014813866, 0.10745136539005802, 0.10812347900038562, 0.10892366601068504, 0.10985149591449542, 0.11090680310343248, 0.11208965396285886, 0.11340031134379545, 0.11483919548152882, 0.11640684184042335, 0.11810385486106832, 0.11993085792307401, 0.12188843847715002, 0.1239770885690504, 0.12619713976438368, 0.12854869269572758, 0.13103154038797643, 0.1336450856896788, 0.13638825223547918, 0.13925938949503616, 0.1422561717604139, 0.14537549200194397, 0.1486133510438107, 0.1519647435393153, 0.15542354197017674, 0.15898238087146863, 0.16263254343486644, 0.1663638535388358, 0.17016457637483925, 0.17402133158992716, 0.1779190230865146, 0.1818407901261923]
4.1640000000000255	3.411772568321591	[0.18554974659031825, 0.18941035512876428, 0.19323270537748413, 0.19699333930656518, 0.2006673330805184, 0.20422847535340316, 0.2076494953364619, 0.21090234164228394, 0.21395851141230993, 0.2167894273219518, 0.2193668581331636, 0.22166337619629664, 0.22365284323092796, 0.22531091345370233, 0.22661554133687217, 0.22754747951673399, 0.22809075139500293, 0.22823308222619285, 0.22796627279083398, 0.22728650041124573, 0.2261945339232373, 0.22469585138918513, 0.2228006526637569, 0.22052376233025348, 0.21788442283699322, 0.2149059816415217, 0.2116154806555314, 0.20804315992966552, 0.20422189123760692, 0.20018655963563567, 0.1959734132353967, 0.1916194019948337, 0.18716152653047316, 0.18263621652224507, 0.17807875662395953, 0.1735227747212162, 0.16899980443510162, 0.16453892979857018, 0.1601665166418352, 0.15590603122758862, 0.1517779436787071, 0.14779971047434637, 0.14398582829454998, 0.14034794940059045, 0.13689504800222124, 0.1336336262245296, 0.1305679487226678, 0.12770029518798492, 0.12503122126953167, 0.12255981927656373, 0.12028397173422885, 0.11820059194275288, 0.11630584744165363, 0.1145953632685363, 0.11306440343157566, 0.11170802971777367, 0.11052123813650293, 0.10949907364936796, 0.10863672464641784, 0.10792959865659535, 0.10737338127728874, 0.1069640800903649, 0.10669805560427865, 0.1065720408905461, 0.106583151717332, 0.10672888853849907, 0.10700713176281652, 0.10741613126976778, 0.10795449118363863, 0.1086211504822351, 0.10941536006733361, 0.11033665653030923, 0.11138483291448542, 0.11255990643073781, 0.11386208317155191, 0.11529171957340953, 0.116849280486458, 0.11853529346448013, 0.12035029901782834, 0.12229479637687463, 0.12436918446659063, 0.12657369765339974, 0.12890833600824467, 0.1313727897553003, 0.13396635779783966, 0.13668786021483834, 0.13953554489633596, 0.14250698857604582, 0.1455989928588199, 0.14880747602821176, 0.15212736182885567, 0.15555246670475567, 0.15907538744616, 0.16268739156761602, 0.1663783132447475, 0.1701364580499959, 0.17394852020791912, 0.17779951647297612, 0.1816727410960475]
4.160000000000026	3.4166859182993212	[0.1853265193895867, 0.18913500830181829, 0.19290416912917574, 0.196610899975453, 0.20023068498898305, 0.20373777124531334, 0.20710539394397803, 0.2103060505849555, 0.213311823735648, 0.2160947497091089, 0.21862722910056742, 0.22088247242626655, 0.22283497268806185, 0.22446099392046676, 0.22573906372711905, 0.2266504554533877, 0.22717964545772087, 0.2273147294834371, 0.2270477832609263, 0.22637515228053637, 0.22529765836233293, 0.22382071183147714, 0.22195432226428355, 0.21971300305702865, 0.21711557022646813, 0.2141848386138433, 0.21094722404081695, 0.20743226235041495, 0.20367206096251445, 0.1997006997339624, 0.19555360116779258, 0.1912668893697706, 0.1868767585703547, 0.18241886943971308, 0.17792779110130502, 0.1734365025612265, 0.16897596573726836, 0.1645747771958336, 0.16025890374484858, 0.15605150191006517, 0.15197281972690696, 0.14804017484090665, 0.14426800225816896, 0.14066796176655896, 0.13724909558658138, 0.1340180247002228, 0.13097917395183223, 0.1281350149181903, 0.12548631798681226, 0.12303240463964674, 0.12077139377498998, 0.11870043572875442, 0.11681593051535137, 0.11511372659764113, 0.11358929911518938, 0.11223790606381095, 0.11105472316606586, 0.11003495744613305, 0.10917394137234811, 0.10846720844016795, 0.10791055256919707, 0.10750007250800114, 0.10723220367190256, 0.10710373855822507, 0.10711183792681853, 0.10725403363107278, 0.10752822490604369, 0.10793266865438833, 0.10846596511556375, 0.10912703911162688, 0.10991511785701621, 0.1108297052211671, 0.11187055308773988, 0.11303762945758793, 0.11433108366159635, 0.11575120815699134, 0.11729839706366416, 0.1189731008092498, 0.12077577689878517, 0.1227068361434299, 0.12476658429733259, 0.12695515848011482, 0.12927245835428539, 0.13171807156822085, 0.13429119355920005, 0.1369905414747611, 0.13981426255405136, 0.14275983711749304, 0.14582397689732557, 0.14900251940521617, 0.1522903196223774, 0.15568114041530384, 0.1591675436687192, 0.16274078438230172, 0.16639071053512533, 0.17010567187594303, 0.17387244126343623, 0.17767615256583522, 0.18150025941045694]
4.156000000000026	3.4216111641637794	[0.1850981218994349, 0.1888539402987589, 0.19256938924005343, 0.19622172709529376, 0.1997868497126179, 0.20323946589077682, 0.2065533194857164, 0.20970145896454978, 0.21265655360777744, 0.21539125396965159, 0.21787859223082176, 0.22009241616505726, 0.2220078483698775, 0.22360176051210529, 0.22485325057401823, 0.225744109647269, 0.2262592638366206, 0.22638717632169247, 0.2261201948454087, 0.2254548306538869, 0.22439195657106104, 0.2229369140024817, 0.22109952167585442, 0.21889398212670524, 0.21633868585977994, 0.2134559168007325, 0.21027146674573233, 0.206814169865233, 0.2031153717327789, 0.1992083495537377, 0.19512770228733003, 0.19090872985543758, 0.18658682088614104, 0.18219686709783195, 0.17777272101253389, 0.17334671082054848, 0.16894922364025905, 0.16460836468744658, 0.16034969688289885, 0.15619606162495245, 0.15216747882218284, 0.14828112109362668, 0.1445513553269235, 0.14098984262850603, 0.13760568714300014, 0.1344056231858482, 0.13139423066937375, 0.12857416870957286, 0.12594641864324818, 0.12351052819196252, 0.12126485028044662, 0.11920677075469632, 0.11733292109420464, 0.11563937288075875, 0.11412181246202462, 0.11277569466177272, 0.1115963757609266, 0.11057922606430695, 0.10971972341159648, 0.1090135287777229, 0.10845654586664306, 0.10804496615309499, 0.1077753013760699, 0.10764440488517367, 0.10764948365858429, 0.107788102130819, 0.10805817931847846, 0.10845798003054845, 0.1089861012766066, 0.10964145430021117, 0.11042324299431833, 0.11133093880492435, 0.11236425257372078, 0.11352310316404128, 0.11480758307782575, 0.11621792071181683, 0.11775443928385215, 0.11941751194871589, 0.12120751302526729, 0.12312476479558787, 0.12516947976131015, 0.1273416978373646, 0.12964121841423779, 0.13206752688230494, 0.13461971569493256, 0.1372963997884679, 0.1400956267065752, 0.14301478160159548, 0.14605048787664748, 0.1491985041461417, 0.15245361884709455, 0.15580954383909823, 0.15925880903635628, 0.16279266019761549, 0.16640096272584715, 0.17007211444930803, 0.17379297104511013, 0.17754878785445433, 0.18132318240334933]
4.152000000000027	3.4265483429962	[0.18486436178115778, 0.18856694010781747, 0.1922281370436097, 0.19582557539599396, 0.1993355665683494, 0.20273328438902144, 0.20599298416011644, 0.20908826737004185, 0.21199239140263818, 0.21467862160210377, 0.21712062157334164, 0.2192928753590654, 0.22117113354041, 0.22273287313091322, 0.22395775980648988, 0.22482809932844502, 0.22532926440328657, 0.2254500824720372, 0.2251831704203069, 0.22452520271055287, 0.22347710126107734, 0.22204413724566915, 0.22023593804787148, 0.21806639553752388, 0.21555347570504077, 0.2127189331291976, 0.2095879377260543, 0.20618862439607233, 0.20255157945642982, 0.1987092798756495, 0.1946955032160465, 0.19054472674799527, 0.18629153435869875, 0.18197004873095896, 0.1776134047816051, 0.17325327779671237, 0.16891947704894633, 0.16463961235187954, 0.16043883790068988, 0.15633967438939192, 0.15236190756047066, 0.14852255860818528, 0.14483591983263097, 0.14131364723083847, 0.13796490074179188, 0.13479652226501557, 0.1318132416074153, 0.12901790085711057, 0.12641168846075015, 0.12399437524182988, 0.12176454576641628, 0.11971981968586308, 0.11785705891560713, 0.11617255770208408, 0.11466221368086517, 0.11332167900775315, 0.11214649139230005, 0.11113218555397825, 0.11027438604051387, 0.10956888276178983, 0.10901169072513757, 0.10859909565434805, 0.10832768709308963, 0.1081943806481603, 0.10819643080871198, 0.10833143576033977, 0.10859733531977356, 0.10899240307990571, 0.10951523353296448, 0.1101647249194105, 0.11094005822681288, 0.11184067277721221, 0.11286623853073974, 0.11401662528991958, 0.11529186869658749, 0.1166921330146687, 0.11821767041976336, 0.11986877666292016, 0.12164574272566377, 0.12354880227653248, 0.12557807451424982, 0.12773350222812238, 0.13001478471003264, 0.1324213054617014, 0.13495205447900327, 0.13760554527762722, 0.14037972671361357, 0.14327189010741895, 0.1462785721390958, 0.14939545451163366, 0.1526172614097174, 0.15593765638694568, 0.1593491404025199, 0.16284295339477348, 0.16640898189523146, 0.17003567587310017, 0.1737099780902671, 0.17741726988387269, 0.18114133727367399]
4.148000000000027	3.431497492010535	[0.18462503441944367, 0.18827378329654018, 0.19188016930862964, 0.19542218402533676, 0.19887655827939896, 0.20221893437308533, 0.20542408183656075, 0.208466157347733, 0.21131900774924484, 0.2139565138147472, 0.21635297035324283, 0.2184834967585916, 0.22032446990539253, 0.2218539699241404, 0.22305222740840808, 0.2239020597588016, 0.22438928304114267, 0.22450308582419426, 0.224236351166341, 0.22358591424599308, 0.2225527440670757, 0.2211420402975184, 0.21936323838426208, 0.21722991976369294, 0.21475962681572097, 0.211973586376854, 0.2088963485378455, 0.20555535136570074, 0.20198042442363837, 0.1982032468886927, 0.19425677698723268, 0.19017467089528975, 0.18599070853344618, 0.1817382434790176, 0.1774496919469888, 0.17315607422749074, 0.16888661859688725, 0.16466843538825265, 0.16052626511208593, 0.15648230212678838, 0.15255609183032626, 0.1487644975114311, 0.14512173025773017, 0.14163943442274715, 0.13832681944394937, 0.13519082893444467, 0.1322363372558954, 0.12946636477654164, 0.12688230305804704, 0.12448414277088835, 0.12227069760346748, 0.12023981920755647, 0.11838859880051694, 0.11671355276190856, 0.11521079002277114, 0.11387616052258923, 0.11270538422987428, 0.11169416138336842, 0.11083826456438824, 0.11013361406250777, 0.10957633771958117, 0.10916281703348991, 0.1088897208627656, 0.10875402848547842, 0.10875304323474236, 0.1088843982281937, 0.10914605514798875, 0.10953629725746922, 0.11005371729378256, 0.11069720107422663, 0.1114659071480521, 0.11235924301206397, 0.11337683795710816, 0.11451851279602375, 0.11578424633306379, 0.11717413861819061, 0.11868837070197066, 0.12032716079124395, 0.12209071644278238, 0.12397918261970546, 0.1259925852404344, 0.12813077004615586, 0.13039333648835147, 0.1327795665572313, 0.13528834841737458, 0.13791809497321603, 0.14066665751860208, 0.1435312349100915, 0.14650827884669687, 0.14959339615135983, 0.15278124920212344, 0.1560654560054999, 0.1594384917506635, 0.16289159404330072, 0.1664146744291257, 0.1699962391511162, 0.17362332250885737, 0.1772814364272767, 0.1809545401998815]
4.144000000000028	3.4364586485538857	[0.18437992182147114, 0.1879742307440048, 0.19152522692992702, 0.1950112750808344, 0.19840952948079016, 0.2016961043662298, 0.20484628640188224, 0.20783478960994026, 0.21063605174779115, 0.21322456961643949, 0.21557526908736396, 0.21766390392205476, 0.21946747565954877, 0.22096466523365627, 0.22213626542897122, 0.22296560215945005, 0.2234389316506661, 0.22354580036373414, 0.22327935460025108, 0.222636587650325, 0.2216185136347151, 0.22023025933773271, 0.21848106771743428, 0.21638420990668694, 0.2139568056187923, 0.2112195554521985, 0.20819639176641044, 0.2049140581331926, 0.20140162990140847, 0.1976899908051027, 0.19381128182860824, 0.18979833951325564, 0.18568414061212543, 0.18150126942504521, 0.1772814223796926, 0.17305496256597672, 0.16885053410488815, 0.1646947436418652, 0.16061191300994723, 0.15662390445177063, 0.15275001678071268, 0.1490069487304276, 0.1454088234633707, 0.1419672669713592, 0.1386915317871959, 0.13558865717653107, 0.13266365659948545, 0.12991972382685574, 0.12735844942663227, 0.12498004049240881, 0.12278353721558403, 0.12076702130076074, 0.1189278120544177, 0.11726264734732073, 0.11576784736034275, 0.11443946019199448, 0.11327338887245467, 0.11226550022018793, 0.11141171617029755, 0.11070808882007527, 0.11015086038858589, 0.1097365096774619, 0.10946178639254493, 0.10932373491688009, 0.10931970878764245, 0.10944737726451614, 0.10970472498752111, 0.11009004581119536, 0.11060193150370466, 0.11123925607579888, 0.11200115612425326, 0.11288700765740918, 0.11389639952257168, 0.11502910365377689, 0.11628504204942257, 0.11766425050733889, 0.11916683887730022, 0.12079294773006599, 0.12254270111788858, 0.12441615526391521, 0.12641324284043673, 0.12853371268687427, 0.13077706469227712, 0.13314247979523455, 0.13562874498560468, 0.13823417346701278, 0.14095652013893667, 0.14379289288259683, 0.14673966021430157, 0.14979235624835244, 0.1529455840716447, 0.15619291906069158, 0.1595268139004565, 0.1629385075247568, 0.1664179404665282, 0.16995367955791327, 0.1735328551767858, 0.17714111461291218, 0.1807625952939748]
4.140000000000028	3.4414318501070884	[0.18412879132314502, 0.187668027278117, 0.19116303339766855, 0.19459255202516498, 0.197934164977824, 0.20116446200325758, 0.20425924983754978, 0.20719380209303845, 0.20994314889787494, 0.2124824037445251, 0.21478712339783418, 0.21683369504848388, 0.218599743221054, 0.22006454736858425, 0.2212094596742032, 0.2220183114593139, 0.22247779583405708, 0.22257781393214887, 0.22231177228830115, 0.22167681971470451, 0.22067401339778875, 0.21930840587572134, 0.2175890469827684, 0.21552889769430364, 0.2131446559187112, 0.2104564975371012, 0.20748773919023417, 0.2042644323088287, 0.20081490048583533, 0.19716923437451359, 0.1933587597289235, 0.18941549492373655, 0.1853716142571855, 0.1812589325780502, 0.17710842534503252, 0.17294979622656703, 0.1688111019166162, 0.16471844112745154, 0.16069571188786735, 0.1567644384804449, 0.1529436667365304, 0.14924992409469837, 0.14569723890135056, 0.1422972119559371, 0.13905913229170463, 0.135990128640166, 0.13309534790909916, 0.1303781522670844, 0.1278403269947914, 0.12548229206822903, 0.12330331139838192, 0.12130169469859163, 0.11947498801679961, 0.11782015000321953, 0.11633371194153598, 0.1150119204235336, 0.11385086227587068, 0.11284657194304591, 0.11199512199632447, 0.11129269777692824, 0.1107356574104443, 0.11032057855629446, 0.11004429330463536, 0.10990391261136434, 0.10989684159407835, 0.11002078690280198, 0.1102737572506685, 0.11065405804221631, 0.1111602808884559, 0.11179128864530391, 0.11254619646957634, 0.11342434924896073, 0.11442529564020928, 0.11554875883678335, 0.11679460409177617, 0.11816280293796469, 0.11965339398107626, 0.12126644008961616, 0.12300198177065481, 0.12485998650206008, 0.12684029379316064, 0.12894255576460842, 0.13116617308252024, 0.13351022614160052, 0.1359734014913559, 0.13855391360549382, 0.14124942225405193, 0.14405694590666462, 0.1469727718120987, 0.1499923636380342, 0.15311026783166504, 0.15632002016098337, 0.15961405422519034, 0.1629836140614897, 0.1664186733278094, 0.1699078638796996, 0.17343841688428033, 0.17699611988909145, 0.18056529348459074]
4.1360000000000285	3.4464171342852237	[0.18387139417767526, 0.18735490009619987, 0.19079329312176443, 0.1941656978548377, 0.19745012783543864, 0.20062365197855386, 0.20366260010706047, 0.20654280771970307, 0.20923989882004454, 0.21172960427876486, 0.2139881116060988, 0.2159924404824407, 0.21772083673775736, 0.2191531760415431, 0.22027136716569506, 0.22105974370333828, 0.2215054323468277, 0.22159868564741866, 0.22133316733052466, 0.22070617910389584, 0.21971881913392002, 0.21837606431368192, 0.21668677068321757, 0.21466358917128997, 0.21232279670674523, 0.20968404594026258, 0.2067700397688687, 0.203606139803553, 0.2002199203001091, 0.1966406811600883, 0.19289893487505458, 0.18902588308487672, 0.185052898293737, 0.18101102568181782, 0.17693051849232647, 0.17284041869249256, 0.1687681921940935, 0.16473942545143969, 0.16077758745489432, 0.15690385857860584, 0.15313702514084704, 0.14949343641621687, 0.14598701888661061, 0.14262934117966602, 0.13942972205979273, 0.13639537337834895, 0.13353156965975646, 0.1308418363077689, 0.12832814884868715, 0.1259911364562797, 0.12383028382285755, 0.12184412650664908, 0.12003043582186035, 0.11838639039741848, 0.11690873237711304, 0.11559390712427295, 0.11443818593327106, 0.11343777189615434, 0.11258888946793201, 0.11188785867156073, 0.11133115505681651, 0.11091545671650997, 0.11063767966703157, 0.11049500293980453, 0.11048488462431637, 0.11060507005123903, 0.11085359314207896, 0.1112287718547607, 0.11172919847614113, 0.11235372540319677, 0.11310144688560628, 0.11397167710074486, 0.11496392478682775, 0.11607786457618413, 0.11731330505592218, 0.11867015352238948, 0.12014837731468522, 0.12174796157740878, 0.1234688632573213, 0.12531096113259407, 0.12727400166650185, 0.12935754050487674, 0.131560879475708, 0.13388299901214373, 0.13632248601812796, 0.1388774572987325, 0.14154547883777216, 0.14432348136511816, 0.14720767287422476, 0.15019344897429812, 0.15327530223936328, 0.1564467319929345, 0.15970015629722825, 0.16302682822324394, 0.16641675883236073, 0.16985864959952165, 0.173339837336264, 0.17684625490146033, 0.1803624112165062]
4.132000000000029	3.4514145388382413	[0.18360746393819247, 0.18703455700582516, 0.1904156895152841, 0.1937303730574254, 0.1969570571953699, 0.20007329375492414, 0.20305593874420824, 0.2058813918984891, 0.20852587265602482, 0.21096572997381863, 0.21317778198847237, 0.21513967992359637, 0.21683028924301997, 0.21823007950069456, 0.21932151324246504, 0.22008942315276966, 0.22052136619145563, 0.22060794301799364, 0.22034307149134097, 0.21972420352859837, 0.21875247617628252, 0.21743278922061668, 0.2157738042247865, 0.21378786211670583, 0.2114908196610133, 0.20890180769748254, 0.2060429173461232, 0.20293882264930832, 0.19961635093685356, 0.19610401361326918, 0.19243151186625612, 0.18862923195149728, 0.1847277452250702, 0.18075732688844975, 0.17674750669634873, 0.17272666252566993, 0.16872166610570546, 0.16475758717617917, 0.16085746038541493, 0.15704211609268606, 0.1533300744761575, 0.149737499593366, 0.1462782088930672, 0.14296373164647116, 0.1398034094428772, 0.13680453069104312, 0.13397249155843355, 0.1313109753063178, 0.12882214310422835, 0.12650682943839694, 0.12436473672803348, 0.12239462403714163, 0.12059448638290074, 0.118961721429486, 0.11749328188269588, 0.11618581204811101, 0.11503576833655173, 0.11403952343518908, 0.11319345493724037, 0.11249401894020533, 0.11193780996604501, 0.11152160809408246, 0.11124241485567991, 0.11109747885367954, 0.11108431259748605, 0.11120070139148834, 0.11144470556148207, 0.11181465662968276, 0.11230914845251637, 0.11292702367312496, 0.11366735622542339, 0.11452942999640439, 0.11551271413366439, 0.11661683489810398, 0.1178415443444601, 0.11918668557387023, 0.12065215469118146, 0.12223785911306344, 0.12394367226964419, 0.12576938431095694, 0.12771464883746966, 0.1297789253021454, 0.1319614171573715, 0.1342610055105168, 0.1366761785068262, 0.13920495641656025, 0.14184481288910075, 0.14459259267968674, 0.1474444266649198, 0.15039564489796475, 0.15344068898932223, 0.15657302511549376, 0.15978505950750224, 0.1630680583490758, 0.16641207454910587, 0.1698058839553419, 0.17323693404575363, 0.17669130820249224, 0.18015370900539335]
4.128000000000029	3.456424101651336	[0.18333671463334297, 0.1867066844244715, 0.19002988283004515, 0.1932862132911459, 0.1964545658089024, 0.19951297896297915, 0.20243883812516952, 0.20520910968740375, 0.20780061012626555, 0.21019030723475138, 0.2123556496681749, 0.21427491926428627, 0.21592759943310783, 0.21729475128077907, 0.21835938827547952, 0.2191068390015443, 0.21952508732088102, 0.21960507867610965, 0.21934098194328683, 0.21873039654633245, 0.21777449624760267, 0.21647810224997263, 0.2148496808891759, 0.21290126312561056, 0.21064828630399784, 0.2081093608624023, 0.20530596803614173, 0.20226209654107938, 0.1990038291134765, 0.19555889090610393, 0.19195617367620768, 0.18822524963290715, 0.18439588953466035, 0.1804975982724191, 0.17655918072826413, 0.1726083482626487, 0.16867137488933442, 0.16477280911791303, 0.16093524579174, 0.1571791590637464, 0.15352279615709924, 0.14998212874802505, 0.14657085787001517, 0.14330046612097194, 0.14018031077766083, 0.13721775010016407, 0.13441829568855398, 0.13178578314158343, 0.12932255444084628, 0.1270296453716697, 0.124906972817868, 0.12295351690731836, 0.12116749461964704, 0.11954652164042463, 0.11808776079805706, 0.11678805547561996, 0.11564404774441968, 0.11465228083201165, 0.11380928665297592, 0.1131116587980042, 0.11255611226548533, 0.1121395307215484, 0.11185900277808465, 0.11171184816649718, 0.11169563525466664, 0.11180819068254175, 0.11204760237455787, 0.11241221649932497, 0.11290062937870791, 0.11351167467743539, 0.11424440660853473, 0.11509807925655524, 0.11607212251067064, 0.11716611451605621, 0.11837975093476462, 0.11971281077967166, 0.12116511896392673, 0.12273650524053624, 0.12442675958419937, 0.12623558366275672, 0.12816253842586572, 0.13020698749981924, 0.13236803646771744, 0.134644467844753, 0.13703467196670407, 0.13953657381718285, 0.14214755624637881, 0.1448643799327847, 0.14768310088022615, 0.15059898623934742, 0.15360642969386126, 0.15669886773798755, 0.15986869862284633, 0.16310720590278707, 0.16640448893673457, 0.1697494028825579, 0.1731295110705361, 0.1765310527983001, 0.17993892979196902]
4.12400000000003	3.461445860745708	[0.18305883868909528, 0.18637094510768495, 0.18963550769386792, 0.19283282674699076, 0.19594223723185084, 0.19894226844240714, 0.20181083836918293, 0.20452548256458036, 0.20706361618878386, 0.2094028266713128, 0.2115211930880625, 0.21339762698427286, 0.2150122280116571, 0.21634664649683807, 0.217384443942717, 0.21811144162804186, 0.2185160469031311, 0.21858954664635846, 0.21832635757944827, 0.21772422390459006, 0.21678435387731754, 0.21551148861352856, 0.21391389841067476, 0.21200330426765338, 0.20979472479181657, 0.20730625140107947, 0.20455875727481745, 0.20157554801556277, 0.1983819640320731, 0.19500494643848792, 0.19147257936371664, 0.1878136222688795, 0.18405704578534848, 0.18023158411047155, 0.17636531577553527, 0.17248528312810732, 0.16861715881917502, 0.16478496551697733, 0.16101085265731543, 0.15731493187022444, 0.1537151704419676, 0.1502273403489586, 0.14686501863579077, 0.14363963373228894, 0.14056055125728967, 0.13763519242503006, 0.13486917784531444, 0.13226648974358485, 0.12982964587918341, 0.12755987914671021, 0.12545731745138894, 0.1235211593927628, 0.12174984202351964, 0.12014119792047348, 0.11869259948373319, 0.1174010892298775, 0.11626349536118205, 0.11527653254722287, 0.11443688816808924, 0.11374129471338461, 0.11318658915161668, 0.11276976034688276, 0.11248798556774652, 0.11233865725853669, 0.112319401108695, 0.1124280864923308, 0.11266283015926508, 0.11302199404748255, 0.11350417787605341, 0.11410820714814009, 0.11483311698770955, 0.11567813220513917, 0.11664264380082753, 0.11772618209934596, 0.11892838654878372, 0.12024897222094623, 0.12168769292285882, 0.12324430085218381, 0.12491850263967764, 0.12670991166864268, 0.12861799651146832, 0.13064202539642275, 0.13278100662198253, 0.13503362492143414, 0.13739817386741116, 0.13987248450145853, 0.14245385052672654, 0.1451389505604503, 0.14792376811698182, 0.15080351023593389, 0.15377252587146778, 0.15682422545657257, 0.15995100329198592, 0.16314416473059046, 0.16639386037394327, 0.16968902980394834, 0.1730173575829796, 0.17636524449054986, 0.17971779707511598]
4.12000000000003	3.466479854278935	[0.1827735045620306, 0.18602697555171277, 0.18923217030390266, 0.19236979113483726, 0.19541962262604634, 0.19836068886309963, 0.2011714438027545, 0.2038299947417955, 0.2063143572258069, 0.2086027391656478, 0.21067384998322056, 0.21250723003757538, 0.214083593514175, 0.21538517761689202, 0.21639608897280535, 0.21710263832099364, 0.21749365305149695, 0.21756075809187783, 0.21729861479687113, 0.2167051093732099, 0.21578148230340108, 0.21453239306399732, 0.21296591505940185, 0.2110934592815317, 0.2089296262390922, 0.20649198965694726, 0.2038008164431169, 0.20087873124169972, 0.19775033435410191, 0.19444178500508186, 0.19098036144689653, 0.18739401161885735, 0.18371090643598514, 0.1799590089333867, 0.17616566973774028, 0.17235725958275674, 0.16855884601080806, 0.16479392110808389, 0.16108418317315498, 0.15744937483856733, 0.15390717631414053, 0.15047315237179856, 0.14716074830859416, 0.14398133068288843, 0.14094426590638814, 0.13805703102978614, 0.1353253490399616, 0.13275334285944762, 0.13034370078992566, 0.1280978484425883, 0.1260161211221816, 0.12409793313294568, 0.12234193956543135, 0.12074618861898484, 0.11930826160737923, 0.11802540013759018, 0.11689461894574012, 0.11591280498399435, 0.11507680221064231, 0.11438348339194909, 0.11382980895863751, 0.1134128745820257, 0.1131299477841278, 0.11297849532306048, 0.11295620170819003, 0.11306098047426925, 0.1132909784666564, 0.11364457454943569, 0.11412037281737773, 0.11471719146491345, 0.11543404720604274, 0.11627013614185784, 0.1172248108006463, 0.11829755401898003, 0.11948794925750529, 0.12079564783430481, 0.12222033258695542, 0.12376167831188163, 0.12541930846551155, 0.12719274839912476, 0.12908137465095176, 0.13108436054887754, 0.13320061777460765, 0.13542873417763424, 0.13776690771611438, 0.14021287694112014, 0.1427638481867352, 0.14541642015326195, 0.148166506397181, 0.15100925679001934, 0.1539389789235309, 0.15694906096180888, 0.16003189747263527, 0.16317882022146407, 0.16638003604460047, 0.16962457425548794, 0.17290024623081934, 0.17619361999013122, 0.17949001277547721]
4.116000000000031	3.4715261205456565	[0.18248035402748855, 0.1856743830160154, 0.18881944521166089, 0.1918966502276287, 0.19488623709626215, 0.19776772884994553, 0.20052011891094557, 0.2031220889354865, 0.20555225667777277, 0.20778945136030316, 0.2098130127703719, 0.2116031091318276, 0.2131410675283895, 0.2144097096091724, 0.215393684273263, 0.21607978837196765, 0.2164572659378401, 0.21651807642918464, 0.21625712267126232, 0.2156724299573975, 0.2147652687830718, 0.213540215279979, 0.21200514516018307, 0.21017115920277918, 0.20805244051499758, 0.2056660462888012, 0.2030316390055292, 0.20017116433198737, 0.1971084847419515, 0.19386897953812185, 0.1904791229035301, 0.18696605228859112, 0.18335713934999653, 0.17967957528216943, 0.17595998128585405, 0.17222405364747012, 0.16849625106533273, 0.16479953004213987, 0.16115513199217116, 0.15758242378330584, 0.15409879136193608, 0.15071958446776443, 0.14745810881664936, 0.14432566104557001, 0.1413316007152165, 0.1384834532371201, 0.13578703724043278, 0.1332466100611058, 0.13086502521242774, 0.12864389629490974, 0.1265837623160075, 0.12468425021594523, 0.12294423104379329, 0.12136196709294822, 0.11993524792514276, 0.11866151398080292, 0.11753796696227946, 0.1165616667760313, 0.11572961513427082, 0.11503882632898865, 0.11448638583518769, 0.11406949764502408, 0.11378552123963684, 0.1136319992213542, 0.11360667653766056, 0.11370751225789938, 0.11393268471703025, 0.114280590821458, 0.11474984014313533, 0.1153392443882061, 0.11604780265891915, 0.11687468288590525, 0.11781919965638465, 0.11888078863203112, 0.12005897762315615, 0.12135335437049273, 0.12276353098808772, 0.12428910502611772, 0.12592961704751177, 0.12768450464182318, 0.12955305277151727, 0.13153434040359036, 0.1336271833927353, 0.13583007367220995, 0.1381411148700619, 0.1405579545941888, 0.1430777137431741, 0.14569691336787793, 0.14841139977313023, 0.1512162687586351, 0.15410579011092762, 0.15707333369934878, 0.160111298777302, 0.16321104834189454, 0.1663628506617031, 0.16955583030964633, 0.1727779312594194, 0.17601589475468707, 0.17925525478712231]
4.112000000000031	3.476584697978103	[0.18217899904409918, 0.18531274211308307, 0.18839687160433627, 0.19141290990497342, 0.1943415554515602, 0.1971628345479224, 0.1998562836504857, 0.202401161528708, 0.20477668998681006, 0.20696232049833044, 0.2089380232053857, 0.2106845933319341, 0.2121839691528182, 0.2134195543972131, 0.21437653727894546, 0.21504219747073167, 0.2154061921200838, 0.21546081175230175, 0.21520119735182427, 0.2146255104376329, 0.21373504914137775, 0.21253430460625536, 0.21103095387847068, 0.20923578738578513, 0.20716257134650987, 0.20482784765182074, 0.2022506760061897, 0.1994523251549936, 0.19645592181820234, 0.19328606741828197, 0.1899684336574238, 0.18652934859985032, 0.18299538486568015, 0.17939296118925827, 0.17574796756520653, 0.17208542303966667, 0.16842917344451505, 0.16480163471203835, 0.161223585305545, 0.15771400954538456, 0.1542899915742093, 0.1509666582258926, 0.14775716741892755, 0.14467273774846715, 0.14172271387877608, 0.13891466202213046, 0.13625448930920112, 0.13374658112137006, 0.13139395045891597, 0.12919839411506345, 0.12716065073689575, 0.12528055679029387, 0.12355719687695785, 0.12198904585048585, 0.12057410057517505, 0.11931000010219243, 0.11819413330144064, 0.11722373377759096, 0.1163959619871966, 0.11570797510171578, 0.11515698507674826, 0.11474030586821815, 0.11445539050802854, 0.11429985911850038, 0.11427151861313484, 0.11436837512324657, 0.11458863979396544, 0.11493072884535929, 0.11539325836617688, 0.11597503454723006, 0.11667503962398304, 0.11749241404323776, 0.11842643493672655, 0.11947649124743723, 0.12064205543593158, 0.12192265198217447, 0.12331782249778295, 0.12482708758216284, 0.12644990517656013, 0.12818562552310864, 0.13003344248071194, 0.13199234134269613, 0.13406104297152738, 0.13623794450791246, 0.1385210566087352, 0.14090793766190637, 0.14339562516524137, 0.14598056498563644, 0.1486585390149267, 0.15142459229264896, 0.1542729605220977, 0.15719699948082547, 0.16018911771957148, 0.1632407145224253, 0.16634212500225914, 0.16948257475434345, 0.17265014635851048, 0.1758317604894823, 0.17901317417197887]
4.108000000000032	3.481655625146573	[0.18186901814671602, 0.18494159084388193, 0.18796394903143596, 0.190918033549227, 0.19378500733865509, 0.19654540445687999, 0.1991793080727549, 0.20166655693160904, 0.20398697880006061, 0.20612064840334068, 0.20804816626351855, 0.20975095375850983, 0.2112115586543413, 0.21241396437845997, 0.2133438954893911, 0.2139891111470867, 0.21433967806217402, 0.2143882143005885, 0.21413009566567423, 0.2135636169647003, 0.21269010155967016, 0.2115139538744929, 0.2100426512891988, 0.2082866736449364, 0.20625937075966522, 0.20397677034929093, 0.2014573309693689, 0.1987216463821723, 0.1957921096060285, 0.19269254609444905, 0.18944782663218687, 0.18608347085302793, 0.18262525252865952, 0.1790988171454779, 0.1755293216621029, 0.17194110489609732, 0.1683573957166199, 0.16480006427103355, 0.16128941990101373, 0.15784405733340326, 0.154480751230982, 0.15121439735084374, 0.14805799743399084, 0.14502268358883086, 0.1421177773551257, 0.13935087784670552, 0.1367279733675477, 0.13425357063872978, 0.1319308362466755, 0.12976174506095303, 0.1277472311553642, 0.12588733712375783, 0.1241813586028919, 0.12262798122777853, 0.12122540815302539, 0.11997147661990268, 0.11886376284635738, 0.11789967472757848, 0.11707653247648377, 0.11639163738753684, 0.11584232939035838, 0.11542603397122042, 0.11514029938841427, 0.1149828249090428, 0.11495148104267193, 0.11504432247628509, 0.11525959459849357, 0.11559573419146589, 0.1160513650180378, 0.11662528871007088, 0.11731647150046083, 0.11812402702640325, 0.11904719556952448, 0.12008531980211243, 0.12123781725697012, 0.12250414946778747, 0.12388378789060356, 0.1253761764770358, 0.1269806909524832, 0.12869659464768007, 0.13052299093636782, 0.13245877216768778, 0.1345025652083093, 0.13665267359734676, 0.13890701656174725, 0.141263065087178, 0.14371777551243473, 0.14626752110932417, 0.14890802242663198, 0.15163427720866657, 0.15444049105049915, 0.15732001002107301, 0.16026525685007628, 0.16326767236490508, 0.16631766421370742, 0.16940456498978002, 0.17251660216583717, 0.17564088226808294, 0.17876339190194362]
4.104000000000032	3.4867389407600724	[0.1815499522535148, 0.18456042599765285, 0.1875201324300753, 0.19041143671031815, 0.19321597156992343, 0.19591478345212174, 0.19848850605045681, 0.20091756105878358, 0.20318238420019358, 0.20526367452265395, 0.20714266298579917, 0.20880139631153904, 0.21022303004711332, 0.21139212494665255, 0.21229493889938533, 0.21291970721164236, 0.21325690253599985, 0.21329946693729274, 0.21304300760974373, 0.21248594969353635, 0.21162963927362566, 0.21047839230675017, 0.2090394853932909, 0.20732308753777123, 0.205342132522065, 0.2031121349998635, 0.20065095386952056, 0.19797850983699308, 0.19511646412127093, 0.1920878681046618, 0.18891679305169654, 0.18562795110095714, 0.18224631717724846, 0.17879676269667016, 0.17530370954001706, 0.17179081325062387, 0.16828068139627692, 0.16479463303699587, 0.16135250194510017, 0.15797248608528489, 0.1546710426515975, 0.15146282799718666, 0.1483606789614017, 0.14537563253844776, 0.14251697855047615, 0.13979234091748707, 0.13720778141760925, 0.1347679212121951, 0.13247607421344398, 0.13033438807651598, 0.12834398775748393, 0.1265051184398911, 0.12481728398749664, 0.1232793789411231, 0.12188981149182349, 0.1206466166016358, 0.11954755782641663, 0.11859021794245328, 0.11777207778845737, 0.1170905840651677, 0.1165432060684519, 0.11612748245448695, 0.11584105831520816, 0.11568171378431258, 0.11564738455308524, 0.11573617547029584, 0.11594636757310851, 0.11627641957498173, 0.11672496405215246, 0.11729079915816905, 0.11797287597628937, 0.11877028213373002, 0.1196822216615922, 0.12070799153601437, 0.12184695478472637, 0.12309851043937274, 0.12446206015731982, 0.1259369716818301, 0.12752253895187526, 0.12921793897059514, 0.13102218528706944, 0.13293407819935124, 0.1349521516408973, 0.1370746169239351, 0.13929930348154923, 0.1416235969219341, 0.14404437479321966, 0.14655794059301622, 0.14915995675653254, 0.1518453774537672, 0.15460838233710592, 0.15744231242637885, 0.1603396097283122, 0.16329176215971042, 0.16628925582921728, 0.16932153659722174, 0.1723769833572634, 0.17544289519232903, 0.17850549507188318]
4.1000000000000325	3.4918346836669447	[0.181221299763436, 0.18416869778169118, 0.18706482631613627, 0.18989248087041602, 0.1926337695070318, 0.19527025578948334, 0.1977831279658003, 0.20015339369238966, 0.20236209882093456, 0.2043905677755139, 0.20622066215276222, 0.20783505313747588, 0.20921750246075058, 0.2103531457157772, 0.2112287712008086, 0.21183308687643726, 0.21215696779685062, 0.2121936763063834, 0.21193904763857355, 0.21139163411380116, 0.2105528021091782, 0.20942677715364594, 0.20802063403316215, 0.20634423043953215, 0.20441008456358242, 0.20223319887089009, 0.19983083417568565, 0.19722223980186765, 0.19442834715045623, 0.19147143516244688, 0.1883747770513775, 0.18516227810985336, 0.18185811447537026, 0.17848638236285855, 0.17507076656894582, 0.17163423598111413, 0.16819877253093982, 0.16478513852078103, 0.16141268567132033, 0.15809920761440144, 0.15486083601164036, 0.15171197905109216, 0.1486652998353791, 0.14573173115935517, 0.14292052239786934, 0.14023931371418052, 0.13769423251438814, 0.13529000704091504, 0.13303009213141073, 0.13091680250215457, 0.12895144933084532, 0.12713447646080897, 0.1254655930953893, 0.12394390046738281, 0.12256801051561912, 0.12133615517416699, 0.12024628533821335, 0.1192961590347821, 0.11848341865227402, 0.11780565741341525, 0.11726047546268041, 0.11684552614342603, 0.11655855310505527, 0.11639741898335208, 0.11636012637046424, 0.11644483182378397, 0.11664985357610458, 0.11697367360177671, 0.11741493457387413, 0.11797243222330903, 0.11864510347895887, 0.11943201074480857, 0.12033232254020436, 0.12134529071882019, 0.12247022436302175, 0.12370646045988667, 0.12505333136276053, 0.12651012907716114, 0.12807606632777774, 0.12975023442803743, 0.13153155791516663, 0.13341874601221368, 0.1354102409481769, 0.13750416330034915, 0.13969825452935217, 0.1419898170441312, 0.14437565217862366, 0.1468519966691831, 0.14941445829753922, 0.15205795161098726, 0.15477663473495776, 0.15756384856537947, 0.16041205974796177, 0.1633128091286766, 0.16625666747025647, 0.16923320048063734, 0.1722309452630352, 0.17523740047913566, 0.17823903248551223]
4.096000000000033	3.496942892855291	[0.18088251077927422, 0.1837658035379846, 0.18659737793518785, 0.189360466152766, 0.1920376572552904, 0.19461103693023896, 0.19706235207956357, 0.1993731995611249, 0.20152523753479948, 0.20350041703517957, 0.20528123044435218, 0.20685097267146205, 0.20819400993239912, 0.20929605028435835, 0.21014440937046333, 0.21072826440544615, 0.21103888913157787, 0.2110698625331985, 0.21081724433609852, 0.21027971096213977, 0.20945864643791273, 0.2083581839754346, 0.2069851952865729, 0.20534922634428265, 0.20346237995680974, 0.20133914734322939, 0.1989961925583624, 0.19645209528098745, 0.19372705881404054, 0.1908425913410077, 0.18782116921652156, 0.18468589157549947, 0.18146013553101767, 0.17816722098246177, 0.1748300933140651, 0.17147103136129824, 0.1681113867320693, 0.16477135924736208, 0.16146981170674785, 0.15822412574193623, 0.1550500989966805, 0.1519618825943755, 0.14897195661522802, 0.14609114039728832, 0.14332863367071116, 0.1406920840868028, 0.13818767636545468, 0.1358202382763774, 0.1335933587331971, 0.13150951361053875, 0.12957019523508814, 0.12777604203420795, 0.12612696530316997, 0.12462227065092643, 0.12326077217586087, 0.12204089798255821, 0.12096078607077188, 0.12001837008369518, 0.11921145470753555, 0.1185377808415694, 0.11799508083878259, 0.11758112432022175, 0.11729375513807414, 0.11713092016339495, 0.11709069056396103, 0.1171712762652318, 0.11737103422368714, 0.11768847112377986, 0.11812224101850144, 0.11867113839285781, 0.11933408703078893, 0.12011012501944993, 0.12099838613248755, 0.12199807779279317, 0.12310845573853521, 0.1243287954880716, 0.12565836064414088, 0.12709636806765265, 0.12864194992188643, 0.13029411259992785, 0.13205169254841467, 0.13391330903710666, 0.13587731396084204, 0.137941738818783, 0.14010423909916972, 0.14236203637882786, 0.1447118585724656, 0.1471498788826307, 0.1496716541565071, 0.15227206350905773, 0.15494524825154382, 0.1576845543394342, 0.16048247874875057, 0.16333062136393303, 0.16621964414760534, 0.1691392395051704, 0.1720781099010097, 0.1750239608529726, 0.17796350948667058]
4.092000000000033	3.5020636074536684	[0.18053298033224463, 0.183351080264158, 0.18611706922938087, 0.18881462264277607, 0.1914268165092446, 0.19393626380839207, 0.1963252744102031, 0.19857603771658416, 0.20067082653548107, 0.2025922197903984, 0.204323340906638, 0.20584810776947832, 0.2071514894465168, 0.2082197640298953, 0.20904077147597233, 0.20960415476569536, 0.20990158262489955, 0.20992694692647393, 0.20967652833512887, 0.20914912416670814, 0.20834613343857442, 0.20727159501563985, 0.20593217625297533, 0.2043371108472273, 0.20249808640296924, 0.20042908367287518, 0.198146171239733, 0.1956672607010892, 0.19301182893379404, 0.1902006148602878, 0.1872552991054319, 0.18419817512894138, 0.18105182069781323, 0.1778387780514811, 0.17458125071994596, 0.1713008238292815, 0.16801821382589074, 0.16475305202752366, 0.16152370525055906, 0.15834713512162005, 0.1552387965453583, 0.15221257430650628, 0.14928075590361, 0.1464540375583721, 0.14374155985966286, 0.14115096877701408, 0.1386884977223741, 0.1363590660309499, 0.1341663895467356, 0.1321130990184674, 0.1302008625834271, 0.12843050883990348, 0.12680214770718548, 0.12531528657384824, 0.12396893994413559, 0.1227617310737719, 0.12169198472442258, 0.12075781036571302, 0.1199571756764035, 0.1192879702890148, 0.11874806011864386, 0.11833533260515047, 0.11804773347971204, 0.11788329557062009, 0.11784016035374482, 0.1179165927989955, 0.1181109901897484, 0.11842188540652002, 0.11884794525066007, 0.1193879641887035, 0.1200408539601307, 0.12080562930326609, 0.12168139010712883, 0.12266730012774069, 0.12376256246017131, 0.124966391814953, 0.12627798370560595, 0.12769648054353283, 0.12922093470414772, 0.13085026855391874, 0.13258323150874243, 0.13441835415969125, 0.1363538995997331, 0.1383878120929845, 0.14051766334635465, 0.1427405966944445, 0.14505326965115464, 0.1474517953734356, 0.14993168374896002, 0.1524877829486131, 0.15511422246755904, 0.15780435883464322, 0.1605507253550394, 0.1633449874153156, 0.1661779050429942, 0.16903930455713526, 0.1719180612520602, 0.17480209514286812, 0.17767838180605752]
4.088000000000034	3.5071968667316296	[0.18017204027407657, 0.18292379577395526, 0.1856231072273495, 0.18825410012860816, 0.1908003436022899, 0.19324498332471662, 0.19557089662705313, 0.1977608689739849, 0.19979779027636024, 0.20166486874172815, 0.20334585915092293, 0.20482530168056384, 0.2060887666191866, 0.2071230996845238, 0.20791666207519446, 0.208459559037302, 0.20874385050546235, 0.2087637374536344, 0.20851571783996659, 0.20799870661540898, 0.2072141150216293, 0.20616588548404882, 0.20486047959825673, 0.2033068181559185, 0.2015161736055682, 0.19950201693307298, 0.19727982239310327, 0.19486683497405843, 0.192281806640666, 0.1895447084440677, 0.18667642623184597, 0.18369844814400502, 0.1806325520789185, 0.17750050111738402, 0.1743237542609757, 0.17112319907990914, 0.167918911750716, 0.16472994883540534, 0.16157417379161904, 0.1584681199608771, 0.15542689043109195, 0.152464094057565, 0.14959181580497763, 0.14682061877029312, 0.14415957448812583, 0.14161631771135255, 0.13919712150097552, 0.13690698843463625, 0.1347497537360407, 0.13272819640725725, 0.13084415468920574, 0.1290986426446413, 0.12749196503315435, 0.12602382818954055, 0.12469344501738447, 0.12349963273043578, 0.12244090232316082, 0.12151553919127664, 0.12072167457789254, 0.1200573478524651, 0.11952055977882502, 0.11910931715212031, 0.11882166923750281, 0.11865573657530752, 0.11860973269560408, 0.11868197934883352, 0.11887091578712432, 0.1191751026506041, 0.11959322091338914, 0.12012406634007446, 0.1207665397946026, 0.1215196337316616, 0.12238241509580942, 0.1233540048449345, 0.12443355422282924, 0.1256202179076972, 0.1269131240908848, 0.12831134155797946, 0.12981384379568445, 0.13141947018554137, 0.13312688432434103, 0.13493452957164417, 0.13684058193534945, 0.1388429004906939, 0.14093897557494192, 0.1431258751096949, 0.14540018948503766, 0.14775797557786832, 0.1501947005887265, 0.15270518654565626, 0.15528355645880473, 0.1579231832872234, 0.16061664302542764, 0.1633556733891875, 0.16613113971433716, 0.16893300982044482, 0.1717503396814803, 0.17457127181293008, 0.17738304829107382]
4.084000000000034	3.512342710100257	[0.1797989495962113, 0.18248313808071642, 0.18511461256835565, 0.18767795578062227, 0.1901572364292842, 0.19253613852937732, 0.1947981115911835, 0.19692654082908084, 0.198904935870762, 0.20071713570272579, 0.20234752687086371, 0.20378127119606249, 0.20500453860083215, 0.2060047400049318, 0.206770754779775, 0.20729314688093045, 0.20756436364752298, 0.20757891128275685, 0.2073335013416823, 0.2068271630456979, 0.20606131702819605, 0.20503980706071678, 0.2037688874988624, 0.20225716546476155, 0.20051549820976264, 0.1985568475027674, 0.1963960943132369, 0.19404981832712012, 0.191536047994709, 0.18887398770115368, 0.18608372933298978, 0.18318595585728156, 0.18020164461851304, 0.17715177780036265, 0.1740570670051679, 0.17093769812244772, 0.1678131017124758, 0.16470175300616746, 0.16162100444259406, 0.1585869524283889, 0.15561433882659645, 0.15271648655925874, 0.1499052677351229, 0.14719110187234838, 0.1445829811428812, 0.1420885190870267, 0.139714018970232, 0.13746455783461836, 0.13534408234732034, 0.1333555127166551, 0.13150085123191715, 0.12978129233600147, 0.12819733155135438, 0.12674887101062235, 0.12543531978194544, 0.12425568759942987, 0.12320867100217772, 0.12229273123796915, 0.12150616359338044, 0.12084715807021056, 0.12031385153348899, 0.11990437161777569, 0.11961687279077869, 0.11944956505193795, 0.11940073578141248, 0.11946876527195156, 0.11965213646165625, 0.11994943936347698, 0.12035937064133109, 0.12088072874125014, 0.12151240492506889, 0.1222533705094505, 0.1231026605488418, 0.1240593541652563, 0.12512255166768557, 0.12629134858643568, 0.12756480669619433, 0.12894192210919925, 0.13042159048004362, 0.13200256940156269, 0.13368343804538035, 0.13546255417390704, 0.13733800863941437, 0.13930757759963183, 0.1413686726835268, 0.14351828949430892, 0.14575295486622927, 0.14806867346868893, 0.1504608744188325, 0.1529243587504336, 0.15545324868714347, 0.15804093985680306, 0.16068005769851662, 0.16336241949032787, 0.16607900352989444, 0.16881992714027097, 0.17157443523398805, 0.17433090123946127, 0.17707684217200736]
4.080000000000035	3.517501177112862	[0.17941288273586403, 0.1820282026000834, 0.18459060564048393, 0.1870851393000432, 0.18949637864990018, 0.19180855196618085, 0.19400568588862663, 0.19607176927641948, 0.19799093424566427, 0.1997476521934895, 0.20132694192707437, 0.20271458633647096, 0.20389735341591542, 0.20486321688141115, 0.20560157118214978, 0.20610343540324375, 0.20636164042026428, 0.20637099373885337, 0.20612841672267446, 0.2056330494218659, 0.20488631891646447, 0.20389196801604187, 0.20265604222645314, 0.2011868341276422, 0.19949478558777706, 0.1975923495859366, 0.19549381468770716, 0.193215096443839, 0.19077350100660995, 0.18818746714031676, 0.1854762933809716, 0.18265985748278882, 0.17975833531466107, 0.1767919262038743, 0.17378059120820724, 0.17074381014906204, 0.16770036230410723, 0.16466813468724903, 0.16166396068946334, 0.1587034907717707, 0.15580109574569925, 0.15296980218891576, 0.15022125857257987, 0.14756572993981315, 0.14501211830596478, 0.14256800554401627, 0.14023971518873588, 0.1380323895159791, 0.13595007822830754, 0.13399583527016523, 0.1321718204939902, 0.13047940326627278, 0.12891926542531384, 0.12749150144728313, 0.12619571403296467, 0.12503110376761514, 0.12399655182655538, 0.12309069507921079, 0.12231199318878905, 0.12165878759801527, 0.1211293524459627, 0.12072193766355553, 0.12043480456516575, 0.12026625437689807, 0.12021465014341286, 0.12027843251775297, 0.12045612989156615, 0.1207463633454853, 0.12114784682362843, 0.12165938293642083, 0.12227985470777537, 0.123008213575213, 0.12384346386336266, 0.12478464394667257, 0.12583080423794837, 0.12698098214494016, 0.12823417407318166, 0.12958930457429982, 0.13104519269478077, 0.13260051562048875, 0.13425376969147473, 0.13600322892394615, 0.13784690118298942, 0.1397824822343766, 0.14180730794162077, 0.1439183049828427, 0.14611194052924967, 0.1483841714602769, 0.15073039378202152, 0.15314539307051625, 0.155623296869695, 0.15815753013852846, 0.16074077495501957, 0.1633649358403937, 0.16602111216417223, 0.16869957921206216, 0.17138977955109402, 0.17408032638104926, 0.17675902053403372]
4.076000000000035	3.522672307465423	[0.17901291535426672, 0.18155797657360173, 0.18404998972310518, 0.18647447484216378, 0.18881652047837022, 0.19106090539847567, 0.19319223858894663, 0.19519511667613615, 0.19705429722216003, 0.19875488581444886, 0.2002825341267819, 0.20162364561891957, 0.2027655848360454, 0.20369688589913212, 0.20440745522639417, 0.20488876341880569, 0.2051340209641656, 0.20513833267380616, 0.2048988258440402, 0.20441474781535945, 0.2036875290579326, 0.20272080899381692, 0.201520422538442, 0.2000943467213151, 0.19845260769227133, 0.19660714991377246, 0.1945716702604108, 0.19236142114023388, 0.18999298743313736, 0.18748404312777567, 0.18485309380205847, 0.18211921172630582, 0.17930177011958845, 0.1764201832243155, 0.17349365811303522, 0.17054096383666104, 0.1675802223787772, 0.16462872528354203, 0.16170277846489858, 0.1588175770073638, 0.15598711039192328, 0.1532240979719483, 0.15053995330291367, 0.14794477555161556, 0.14544736525884616, 0.14305526165375654, 0.14077479807621895, 0.13861117229086883, 0.13656852811897946, 0.13465004528974076, 0.13285803426969153, 0.13119403346672853, 0.12965890618916262, 0.12825293544909244, 0.1269759147272388, 0.1258272335190031, 0.12480595648985839, 0.12391089571129635, 0.12314067539944815, 0.12249378913445406, 0.12196864941798284, 0.121563629888957, 0.12127710032908423, 0.12110745496754138, 0.12105313435242959, 0.12111264136542164, 0.12128455167974149, 0.12156751921952025, 0.1219602768862095, 0.12246163304121806, 0.12307046394131574, 0.12378570252572037, 0.12460632367313541, 0.1255313262382721, 0.12655971191755536, 0.1276904611810295, 0.12892250627486893, 0.13025470148721058, 0.1316857906694261, 0.13321437219799087, 0.13483886139702717, 0.13655745064257696, 0.13836806724201772, 0.14026832939455447, 0.14225550044862226, 0.14432644189685062, 0.14647756549927934, 0.14870478515617896, 0.1510034691438723, 0.15336839355544657, 0.15579369781487565, 0.15827284335046346, 0.16079857655996602, 0.16336289738974089, 0.16595703489621802, 0.16857143129630447, 0.1711957360320535, 0.17381881143087113, 0.17642875150256865]
4.072000000000036	3.5278561409972333	[0.17859800687381178, 0.181071319948036, 0.1834915302880013, 0.1858446388263466, 0.18811625509541477, 0.19029171492130662, 0.19235621516203583, 0.19429496458280804, 0.19609334936998235, 0.19773711124085486, 0.19921253547887866, 0.20050664569171414, 0.2016074015194384, 0.2025038951039542, 0.20318654172851888, 0.20364725984688087, 0.2038796355932418, 0.20387906699479874, 0.20364288332825184, 0.20317043555956, 0.20246315438983042, 0.20152457327478956, 0.20036031467427076, 0.19897803888218238, 0.19738735584974154, 0.19559970159567833, 0.19362818184910316, 0.1914873866420539, 0.18919318041425787, 0.18676247296848594, 0.18421297709180076, 0.1815629590082405, 0.17883098784892418, 0.17603569020759718, 0.1731955154206078, 0.17032851667877186, 0.16745215229610813, 0.16458311064923753, 0.16173716132479415, 0.1589290340957231, 0.15617232635659561, 0.15347943879938558, 0.1508615382628255, 0.14832854604014406, 0.1458891493280285, 0.14355083312209949, 0.1413199295467962, 0.1392016815065528, 0.13720031749066172, 0.13531913449428892, 0.13356058616363709, 0.13192637355963185, 0.1304175361995159, 0.12903454139709386, 0.1277773702294792, 0.12664559882435572, 0.1256384739506187, 0.12475498221697148, 0.12399391241605809, 0.12335391080275171, 0.12283352925664649, 0.12243126645261612, 0.1221456022542552, 0.12197502564877608, 0.12191805657390961, 0.12197326203560245, 0.12213926690442885, 0.12241475978813678, 0.12279849434048974, 0.12328928635305896, 0.12388600692732116, 0.12458757200088628, 0.1253929284517196, 0.1263010369805431, 0.12731085192939431, 0.12842129817770429, 0.12963124522894404, 0.13093947859640975, 0.13234466858692118, 0.13384533659257467, 0.1354398190128141, 0.13712622895953136, 0.13890241593294447, 0.14076592371065808, 0.1427139467474002, 0.14474328546427137, 0.14685030088460743, 0.14903086917094607, 0.15128033672448518, 0.15359347661290101, 0.15596444721823513, 0.15838675410228023, 0.16085321621521684, 0.16335593766558645, 0.165886286380651, 0.16843488104264295, 0.17099158775456705, 0.173545527881884, 0.17608509851219578]
4.068000000000036	3.5330527176917608	[0.17816697882614502, 0.18056694166738843, 0.18291382933478484, 0.18519413242328134, 0.18739398940019894, 0.1894993001036526, 0.19149585513433423, 0.19336948005588372, 0.1951061931039124, 0.1966923742574007, 0.19811494330378546, 0.19936154368101963, 0.2004207287339595, 0.20128214627013608, 0.20193671732838606, 0.2023768045200879, 0.20259636559762398, 0.2025910876353198, 0.2023584978312955, 0.2018980469973567, 0.20121116276453788, 0.20030126989999725, 0.1991737763711345, 0.19783602438219322, 0.19629720700576545, 0.19456825169516823, 0.19266167335072745, 0.19059140017204113, 0.18837257672959143, 0.18602134897328237, 0.18355463676725134, 0.1809898994297501, 0.1783449002208949, 0.1756374751766505, 0.17288531174730176, 0.17010574177281812, 0.16731555306187146, 0.1645308226634697, 0.1617667744613817, 0.15903766245781212, 0.15635668061795288, 0.15373589895585685, 0.15118622515498947, 0.148717390018077, 0.14633795486005194, 0.14405533821628247, 0.14187585930285523, 0.13980479518877023, 0.13784644893356607, 0.1360042256935218, 0.13428071426687754, 0.13267777145968226, 0.13119660722137988, 0.12983786850017723, 0.1286017203637721, 0.12748792295889833, 0.12649590344911393, 0.12562482208008938, 0.12487363202103037, 0.12424113259790646, 0.12372601594994442, 0.12332690705822126, 0.12304239742619802, 0.12287107256550255, 0.1228115336956437, 0.12286241390851926, 0.1230223892425604, 0.1232901849371285, 0.12366457728559796, 0.1241443913290418, 0.1247284947478692, 0.12541578814164017, 0.12620519198177943, 0.12709563037285249, 0.12808601184068624, 0.12917520724073403, 0.13036202495765634, 0.13164518347075804, 0.13302328143741318, 0.1344947653821822, 0.13605789516062772, 0.13771070733527227, 0.13945097669227172, 0.1412761761239849, 0.14318343521282884, 0.14516949787376882, 0.14723067952675598, 0.1493628243490499, 0.15156126323807548, 0.15382077325948124, 0.15613553939916455, 0.15849911962712102, 0.16090441428465382, 0.1633436410190387, 0.16580831643841404, 0.168289245872113, 0.1707765224937942, 0.17325953724900714, 0.1757270007998867]
4.0640000000000365	3.5382620776766496	[0.17771848770659446, 0.180043369960754, 0.18231529321730763, 0.18452124707283266, 0.1866479073458051, 0.18868174531140963, 0.19060915154375718, 0.19241657342996532, 0.19409066492906352, 0.19561844667182654, 0.1969874739870582, 0.19818600998408623, 0.19920320037055592, 0.20002924633641234, 0.20065557153489788, 0.20107497904070024, 0.20128179410054242, 0.20127198861135087, 0.201043283488122, 0.20059522550828673, 0.19992923574643254, 0.1990486274212596, 0.19795859175165958, 0.19666615132716211, 0.1951800814104224, 0.19351080056369982, 0.1916702328902343, 0.18967164506145362, 0.18752946202654405, 0.18525906593608343, 0.18287658323197875, 0.18039866514051162, 0.17784226684871246, 0.1752244305430871, 0.17256207715958172, 0.16987181124902967, 0.16716974273547314, 0.16447132866170774, 0.16179123722178468, 0.15914323559885754, 0.15654010231034204, 0.15399356402454203, 0.15151425610388392, 0.14911170554759332, 0.14679433449343138, 0.14456948207442308, 0.14244344214554236, 0.14042151426122465, 0.13850806522354214, 0.13670659858455803, 0.13501982959795494, 0.13344976331869698, 0.13199777376958513, 0.13066468237157916, 0.12945083409949293, 0.1283561701181513, 0.12738029591170874, 0.12652254418448433, 0.12578203202800403, 0.1251577120618297, 0.12464841741446787, 0.1242529005621954, 0.1239698661428686, 0.12379799795535508, 0.12373598040268968, 0.12378251468306888, 0.12393633004100972, 0.12419619040266648, 0.12456089670186708, 0.1250292851938742, 0.1256002220231891, 0.12627259429230442, 0.12704529784455873, 0.12791722195402572, 0.12888723108631536, 0.12995414388009272, 0.13111670948038884, 0.13237358135204982, 0.13372328869743713, 0.13516420561480794, 0.13669451814712952, 0.13831218940128617, 0.14001492294987855, 0.14180012477859194, 0.1436648640926897, 0.14560583336781585, 0.14761930810002374, 0.14970110679633927, 0.15184655183579085, 0.15405043192507187, 0.15630696697230773, 0.15860977629618367, 0.16095185118425612, 0.1633255328935323, 0.1657224972626906, 0.16813374715039592, 0.1705496139481903, 0.17295976940392022, 0.17535324895878213]
4.060000000000037	3.543484261224954	[0.1772509905499589, 0.17949891462820244, 0.18169409184104618, 0.18382402071783605, 0.18587592343817594, 0.18783685061762975, 0.18969379951306958, 0.19143384471512775, 0.1930442799385151, 0.19451276908752146, 0.19582750431119608, 0.19697736834788862, 0.1979520980621971, 0.19874244575912522, 0.19934033461152648, 0.19973900439527714, 0.19993314370073334, 0.19991900488789807, 0.19969449829858754, 0.19925926260676527, 0.19861470871085385, 0.19776403518741673, 0.19671221407589337, 0.1954659465517018, 0.19403358892209321, 0.19242505021789455, 0.1906516635224875, 0.18872603392507661, 0.18666186670287263, 0.18447377985308966, 0.18217710554702213, 0.17978768526852976, 0.17732166352163745, 0.17479528482296644, 0.17222469848966634, 0.169625775245483, 0.16701393919800428, 0.16440401803065702, 0.1618101136295914, 0.15924549456228315, 0.1567225111753757, 0.15425253331085226, 0.15184591008123102, 0.14951195051111915, 0.14725892346811859, 0.1450940748651974, 0.1430236599426654, 0.14105298820184156, 0.1391864785904216, 0.13742772248283489, 0.13577955218770824, 0.1342441127877387, 0.13282293540977966, 0.13151701016844658, 0.1303268573645098, 0.12925259568451794, 0.1282940064832788, 0.1274505933761588, 0.12672163666773825, 0.1261062422453547, 0.12560338481318126, 0.12521194539236077, 0.12493074320377745, 0.12475856205017906, 0.12469417145469211, 0.12473634277244418, 0.12488386059171909, 0.1251355296724067, 0.125490177740367, 0.12594665437148875, 0.12650382625234802, 0.12716056901406347, 0.12791575588082837, 0.12876824328726713, 0.12971685366310898, 0.13076035550553683, 0.13189744090942665, 0.13312670066112967, 0.1344465970615143, 0.13585543459599905, 0.1373513286430449, 0.13893217238302116, 0.14059560215955383, 0.14233896153419803, 0.14415926438369386, 0.14605315739585573, 0.14801688244355685, 0.1500462393417197, 0.1521365496238834, 0.15428262201470347, 0.15647872040794988, 0.15871853520251095, 0.1609951589734388, 0.16330106748662587, 0.1656281071654221, 0.16796749011943807, 0.1703097979005348, 0.17264499510198625, 0.17496245390432352]
4.056000000000037	3.5487193087552655	[0.17676270064131963, 0.17893161857105994, 0.18104810617163056, 0.18310018155412314, 0.18507562291525503, 0.18696206870714197, 0.1887471300919503, 0.19041851470045096, 0.19196416040974526, 0.19337237733878582, 0.19463199597556438, 0.1957325188357552, 0.19666427285244395, 0.19741855925513813, 0.1979877976534951, 0.1983656607433503, 0.19854719623285544, 0.1985289324880224, 0.19830896484149518, 0.19788701963299485, 0.1972644937605548, 0.19644446784876815, 0.1954316920709739, 0.19423254412330457, 0.19285495990782212, 0.1913083379688831, 0.18960341979275647, 0.18775214846620839, 0.18576750913438042, 0.18366335486410718, 0.1814542222362005, 0.17915514085431525, 0.17678144138769042, 0.17434856630182088, 0.17187188757063826, 0.16936653491018996, 0.16684723797579734, 0.1643281850093608, 0.16182290018198178, 0.15934414083598203, 0.15690381555678057, 0.1545129229947824, 0.1521815111541945, 0.14991865597940618, 0.14773245800986248, 0.14563005516754773, 0.14361764985868136, 0.14170054805798699, 0.13988320833362944, 0.13816929843074854, 0.13656175745919175, 0.13506286152143573, 0.1336742911323412, 0.13239719865263155, 0.13123227450959174, 0.13017981088130082, 0.1292397620642054, 0.12841180064295785, 0.12769536908592044, 0.12708972626285875, 0.12659398882994388, 0.12620716726533426, 0.1259281967263653, 0.12575596270384998, 0.1256893217793997, 0.12572711757028393, 0.12586819222761195, 0.1261113936172448, 0.12645557855487213, 0.12689961222683704, 0.1274423641404663, 0.12808270071494038, 0.12881947481409184, 0.1296515123056637, 0.1305775959065039, 0.1315964463790825, 0.13270670130905982, 0.13390689152749333, 0.13519541539860241, 0.13657051105971604, 0.13803022685203137, 0.13957239008329497, 0.14119457440692826, 0.14289406604856633, 0.14466782924224156, 0.1465124712259604, 0.14842420727386216, 0.15039882625339318, 0.15243165733017816, 0.15451753846330407, 0.15665078746899289, 0.15882517645541797, 0.16103391054935046, 0.16326961185781041, 0.1655243096894156, 0.16778943806621727, 0.17005584158143247, 0.17231379063068464, 0.17455300699087684]
4.052000000000038	3.5539672608326547	[0.17625152971919095, 0.1783391945007073, 0.18037485973277223, 0.18234707458239713, 0.1842441836768547, 0.1860544224897653, 0.1877660239117019, 0.18936733498982747, 0.19084694260676088, 0.19219380642643816, 0.1933973970705572, 0.1944478372279499, 0.19533604294016874, 0.19605386229261476, 0.19659420824799007, 0.19695118265665862, 0.19712018800820402, 0.1970980241462984, 0.19688296675619155, 0.19647482546998812, 0.19587497908081822, 0.19508638674835602, 0.1941135737432158, 0.19296259195892607, 0.1916409550262853, 0.19015754973558624, 0.18852252491532598, 0.18674716085918142, 0.1848437215656473, 0.18282529395910024, 0.1807056170780565, 0.17849890599984458, 0.17621967368956098, 0.1738825555896122, 0.17150213979513343, 0.1690928071524189, 0.16666858331928158, 0.16424300623773996, 0.161829009949437, 0.15943882709471913, 0.15708390981162473, 0.15477487024853837, 0.1525214392789019, 0.15033244366277382, 0.14821579935158227, 0.14617852048803825, 0.14422674122399917, 0.1423657495388247, 0.14060002993909673, 0.13893331415817567, 0.13736863678216396, 0.13590839509743424, 0.13455441034053717, 0.13330798997568394, 0.13216998855296871, 0.13114086716807727, 0.13022074948469872, 0.1294094747288331, 0.12870664599779427, 0.1281116746248921, 0.12762381925989505, 0.12724222065593233, 0.1269659310604835, 0.12679393936349767, 0.12672519105970337, 0.1267586042619782, 0.12689308091665266, 0.1271275144793128, 0.12746079324769705, 0.1278918005889687, 0.1284194112740112, 0.12904248511000554, 0.12975985708717097, 0.130570325175898, 0.1314726349945526, 0.13246546243269555, 0.1335473934668609, 0.13471690221478044, 0.13597232650336452, 0.1373118419772832, 0.13873343408671127, 0.14023486899181103, 0.1418136628062952, 0.14346705026758028, 0.14519195236279622, 0.14698494406878077, 0.14884222189447252, 0.1507595724441839, 0.15273234189562737, 0.15475540767749357, 0.15682315244750883, 0.15892944173180307, 0.1610676055134167, 0.1632304251868804, 0.1654101263158779, 0.1675983786120028, 0.16978630365386024, 0.17196449167606007, 0.17412302792786177]
4.048000000000038	3.559228158169147	[0.17571501122131544, 0.17771894091577614, 0.17967142764375155, 0.18156156409599453, 0.18337827262100187, 0.18511039571303284, 0.18674679653430004, 0.18827646854398106, 0.1896886530281735, 0.19097296294802676, 0.19211951124722965, 0.1931190414167404, 0.1939630578925247, 0.19464395360859582, 0.19515513191506437, 0.19549111996208507, 0.1956476706960251, 0.19562185069106414, 0.1954121112715944, 0.19501834065828821, 0.19444189528743627, 0.19368560891145103, 0.1927537786510708, 0.19165212775252172, 0.19038774543906872, 0.18896900486773285, 0.18740546081720358, 0.18570772929335924, 0.18388735173521636, 0.18195664691105823, 0.17992855389156076, 0.1778164696753171, 0.17563408509501968, 0.17339522257930004, 0.17111367915498418, 0.1688030778007602, 0.16647672987519682, 0.1641475109091956, 0.16182775154169185, 0.15952914487146885, 0.15726267095204405, 0.15503853866484477, 0.15286614470877005, 0.15075404903904868, 0.14870996570107667, 0.14674076773202627, 0.14485250455658336, 0.14305043017761604, 0.1413390403579057, 0.13972211699857687, 0.1382027779345714, 0.1367835304812317, 0.13546632716418402, 0.13425262224355625, 0.13314342778575258, 0.1321393682418787, 0.13124073264329053, 0.13044752372686502, 0.1297595034374582, 0.12917623443292334, 0.1286971173202442, 0.1283214234948497, 0.12804832352108853, 0.1278769110992131, 0.12780622269440864, 0.12783525297871026, 0.12796296623708278, 0.1281883039393663, 0.12851018865845165, 0.12892752454889803, 0.1294391945652365, 0.13004405462450047, 0.13074092487622907, 0.1315285782669338, 0.13240572654439467, 0.13337100387510506, 0.13442294821075504, 0.13555998057642626, 0.1367803824231204, 0.1380822712361906, 0.13946357457107048, 0.14092200274981181, 0.14245502044538333, 0.14405981745275828, 0.1457332789557447, 0.14747195568029345, 0.14927203434576897, 0.15112930891949422, 0.15303915320178393, 0.15499649537413435, 0.1569957951583104, 0.1590310243399785, 0.16109565141331364, 0.1631826311951437, 0.1652844002363654, 0.16739287892224372, 0.16949948109434454, 0.17159513204684954, 0.17367029563830985]
4.044000000000039	3.5645020416243316	[0.17515019640805624, 0.1770676283446262, 0.17893431350100533, 0.18073990167431772, 0.1824739053197802, 0.18412578488816989, 0.1856850432380859, 0.18714132797782557, 0.18848454085235192, 0.1897049524153593, 0.1907933205570119, 0.19174101055354978, 0.1925401147502713, 0.19318356910633847, 0.1936652644365261, 0.1939801493725691, 0.19412432287338385, 0.19409511340892208, 0.19389114296899448, 0.19351237346693512, 0.19296013434648568, 0.1922371297277401, 0.1913474248381436, 0.19029641106619688, 0.1890907504874364, 0.18773830029949123, 0.1862480191272338, 0.1846298566627116, 0.1828946295483958, 0.1810538857601001, 0.17911976103177815, 0.17710483000758667, 0.17502195588892214, 0.17288414126679588, 0.17070438370575022, 0.16849553836773243, 0.1662701906706497, 0.1640405405513364, 0.16181830050275797, 0.15961460805839875, 0.15743995396510505, 0.15530412579581052, 0.15321616735909757, 0.15118435284885107, 0.149216175367852, 0.14731834817042622, 0.1454968177662795, 0.14375678688628002, 0.14210274621059182, 0.1405385127631573, 0.1390672738554528, 0.13769163459077213, 0.136413667963705, 0.1352349658134057, 0.1341566899193458, 0.13317962181796952, 0.13230421092139522, 0.13153061985015327, 0.13085876684132464, 0.13028836444869935, 0.12981895463107795, 0.12944993969640436, 0.12918060937106102, 0.129010163650831, 0.12893773181254678, 0.12896238737246513, 0.1290831594242706, 0.12929904022324865, 0.1296089894603303, 0.13001193513780107, 0.13050677147236514, 0.1310923537615674, 0.13176749060624784, 0.13253093344094602, 0.133381363728948, 0.13431737779220315, 0.13533746960349088, 0.1364400115402573, 0.1376232334120821, 0.13888519980763026, 0.140223786075702, 0.14163665305720127, 0.14312122089849333, 0.1446746421694836, 0.14629377464489454, 0.14797515409703424, 0.14971496752379387, 0.15150902727686377, 0.15335274661000142, 0.15524111723345366, 0.1571686894813085, 0.15912955580599009, 0.1611173382686943, 0.16312518084611138, 0.16514574724574047, 0.1671712251066256, 0.16919333723832983, 0.17120336075544207, 0.1731921546313507]
4.040000000000039	3.5697889522058106	[0.17455351054947954, 0.17638134193892965, 0.17815927895036515, 0.1798775435064, 0.1815262517896656, 0.18309549435701702, 0.1845754241858195, 0.18595635174040837, 0.18722884602727297, 0.18838384020879465, 0.18941274024559793, 0.19030753466317313, 0.19106090349803612, 0.19166632417127852, 0.19211817209737186, 0.1924118136360654, 0.19254368918951836, 0.1925113841831639, 0.1923136860153273, 0.19195062514214706, 0.19142349895754723, 0.19073487733761224, 0.18988858932632077, 0.18888969073339043, 0.18774441308099174, 0.18646009464872676, 0.18504509502011987, 0.18350869478984022, 0.18186098266112263, 0.18011273229157476, 0.17827527167456458, 0.17636034779448218, 0.17437998954954698, 0.17234637169137082, 0.17027168260978381, 0.16816799837057095, 0.16604716534260128, 0.16392069320545136, 0.16179965995388337, 0.15969462991456274, 0.15761558557344982, 0.15557187342351517, 0.1535721638454314, 0.15162442451255606, 0.14973590668386244, 0.14791314333002709, 0.1461619580078782, 0.1444874830964743, 0.14289418608109175, 0.14138590238023593, 0.13996587337298919, 0.1386367881838954, 0.13740082800827683, 0.13625971172476023, 0.13521474180108478, 0.13426684949942086, 0.1334166386524115, 0.13266442729407277, 0.13201028667849846, 0.13145407722834482, 0.1309954811734898, 0.13063403163617268, 0.1303691381000937, 0.13020010818105726, 0.1301261657596612, 0.13014646550292355, 0.1302601039094745, 0.13046612697051166, 0.13076353461658183, 0.1311512820750852, 0.1316282783175714, 0.1321933817340867, 0.13284539320825986, 0.13358304673390395, 0.1344049977377975, 0.1353098092537988, 0.13629593610915589, 0.13736170728113462, 0.13850530659303473, 0.13972475193460854, 0.14101787320169934, 0.14238228918295603, 0.143815383635771, 0.14531428083818795, 0.14687582092765278, 0.14849653539037988, 0.1501726230908844, 0.1518999273042538, 0.1536739142225159, 0.15548965350136015, 0.1573418014012847, 0.15922458718114757, 0.16113180336641467, 0.16305680061374678, 0.1649924878267522, 0.16693133826019985, 0.16886540224132793, 0.1707863271907262, 0.17268538546384943]
4.03600000000004	3.575088931070334	[0.1739205487435303, 0.17565525788994044, 0.17734110170598488, 0.1789688909287673, 0.18052936069804829, 0.1820132452231935, 0.18341135935431702, 0.18471468621724385, 0.18591446992056682, 0.18700231204443044, 0.18797027048935938, 0.18881095899050782, 0.18951764552602968, 0.1900843476369855, 0.19050592268916236, 0.1907781509908172, 0.19089780981136134, 0.19086273634740508, 0.1906718779460479, 0.19032532801993088, 0.189824346478701, 0.18917136373311108, 0.1883699678163678, 0.1874248744673961, 0.18634188055901493, 0.1851278015667164, 0.18379039430157657, 0.18233826639239817, 0.1807807744585668, 0.1791279130662134, 0.17739019689601526, 0.17557853854942404, 0.17370412460707332, 0.1717782923838472, 0.1698124098604407, 0.1678177609500356, 0.16580543816353505, 0.16378624430663832, 0.16177060465520926, 0.1597684905750653, 0.15778935532479876, 0.15584208230730462, 0.1539349458210311, 0.15207558394372744, 0.15027098302265945, 0.14852747291326462, 0.14685073203100354, 0.14524580104845353, 0.14371710408089716, 0.1422684760665487, 0.14090319513767335, 0.139624018721323, 0.13843322225733415, 0.1373326394203443, 0.1363237029160218, 0.135407484953211, 0.13458473668831358, 0.13385592598107074, 0.13322127298780112, 0.13268078315685644, 0.1322342773575108, 0.1318814188988323, 0.13162173733458077, 0.13145464895858988, 0.13137947400623753, 0.13139545056987784, 0.13150174532111145, 0.13169746111258201, 0.1319816415949653, 0.1323532729573198, 0.13281128294501246, 0.13335453727981847, 0.13398183364119012, 0.13469189334071788, 0.1354833508492183, 0.1363547413156292, 0.1373044862412082, 0.13833087746201464, 0.13943205961705854, 0.14060601128056033, 0.14185052496369993, 0.14316318620387147, 0.14454135199315332, 0.14598212881457887, 0.1474823506049581, 0.14903855697763282, 0.150646972094515, 0.1523034846085043, 0.15400362913356683, 0.15574256975232614, 0.15751508608781115, 0.1593155625222888, 0.16113798114367472, 0.16297591904829137, 0.1648225505993693, 0.16667065527078864, 0.16851263164002564, 0.17034051809609516, 0.1721460207178854]
4.03200000000004	3.580402019523901	[0.17324577700727145, 0.17488331621441788, 0.1764732213204254, 0.17800691069822144, 0.1794757556366063, 0.18087114935239204, 0.18218458193822804, 0.18340772044016118, 0.18453249315797124, 0.1855511769862912, 0.18645648651556257, 0.18724166338142867, 0.18790056428299426, 0.18842774593512912, 0.1888185452112863, 0.18906915268063748, 0.18917667781685102, 0.18913920422389147, 0.18895583339058564, 0.18862671567774475, 0.18815306749466654, 0.18753717392286995, 0.18678237635977013, 0.18589304513191673, 0.18487453736290152, 0.18373314078695016, 0.1824760045041197, 0.18111105805517744, 0.1796469204170255, 0.17809280082920984, 0.1764583934608152, 0.17475376813013777, 0.17298925923941236, 0.171175355171699, 0.16932259019466525, 0.1674414408939224, 0.16554222882547023, 0.16363503097469137, 0.1617295991877013, 0.15983528959841445, 0.1579610026116307, 0.15611513386670312, 0.15430553614622988, 0.15253949210609247, 0.15082369728248027, 0.14916425281872658, 0.1475666669965895, 0.14603586473143457, 0.14457620390271184, 0.14319149755166274, 0.14188504075453445, 0.14065964121272737, 0.13951765242750477, 0.13846100861282173, 0.13749126035754494, 0.13660961036524755, 0.13581694847091222, 0.135113885462202, 0.13450078510243918, 0.1339777940772807, 0.13354486944435076, 0.13320180347687574, 0.13294824563197538, 0.13278372166818364, 0.13270764975762958, 0.13271935371356192, 0.13281807325792452, 0.13300297151226326, 0.13327313968620738, 0.1336275991831531, 0.13406530112537135, 0.13458512353674143, 0.13518586620068943, 0.13586624344074466, 0.13662487485234362, 0.13746027424066723, 0.13837083680688997, 0.13935482484947367, 0.14041035204445645, 0.14153536659268068, 0.1427276333300081, 0.14398471512369576, 0.14530395369270335, 0.1466824502268916, 0.14811704599442252, 0.14960430337380257, 0.15114048756626142, 0.15272154948482694, 0.15434311015170027, 0.15600044715683373, 0.15768848357731086, 0.1594017799583961, 0.161134529802351, 0.1628805591895554, 0.16463333099055763, 0.166385954275349, 0.16813119934166573, 0.1698615188920218, 0.17156907568003568]
4.02800000000004	3.5857282590224213	[0.17252207872141612, 0.174057724202856, 0.17554720169675447, 0.17698255875225752, 0.17835582252218285, 0.17965906289705996, 0.18088446067803748, 0.1820243799538856, 0.1830714439465378, 0.18401861316277862, 0.18485926481704834, 0.18558727208146708, 0.1861970818980509, 0.18668378972285982, 0.1870432098247144, 0.18727193946226206, 0.18736741560703646, 0.18732796266243726, 0.18715283006993366, 0.18684221855971028, 0.18639729433451457, 0.18582019041245088, 0.18511399495391212, 0.18428272637881948, 0.18333129571214032, 0.18226545658308596, 0.18109174392378316, 0.17981740236546448, 0.1784503058952013, 0.17699887021515404, 0.17547195972009566, 0.1738787907877247, 0.17222883343788317, 0.17053171308561876, 0.16879711435887995, 0.1670346885214337, 0.16525396618380794, 0.16346427648465892, 0.16167467398968494, 0.15989387402266717, 0.15813019716558502, 0.15639152313989912, 0.15468525429709457, 0.1530182884641136, 0.1513970009288344, 0.14982723493568517, 0.14831430014329147, 0.14686297816135915, 0.1454775344145632, 0.1441617353279772, 0.14291887000345863, 0.14175177537619532, 0.14066286404779943, 0.13965415387075797, 0.13872729858270622, 0.13788361870965885, 0.1371241321812465, 0.13644958404876903, 0.1358604749070587, 0.1353570875839888, 0.13493951184777403, 0.13460766685208228, 0.13436132119544197, 0.13420011044421104, 0.13412355209279064, 0.13413105790956706, 0.13422194371007418, 0.13439543657718828, 0.13465067961222504, 0.1349867342854895, 0.13540258049343562, 0.13589711442398156, 0.13646914434844806, 0.1371173844660838, 0.13784044692578656, 0.13863683217336814, 0.13950491775591864, 0.1404429457573039, 0.1414490090087429, 0.14252103628141793, 0.1436567766259518, 0.14485378310808728, 0.14610939613601207, 0.14742072668102682, 0.14878463962644686, 0.15019773760669058, 0.151656345617362, 0.1531564968212973, 0.1546939198787043, 0.15626402828569233, 0.15786191208831588, 0.15948233250353955, 0.16111971983428822, 0.162768175232146, 0.1644214766837242, 0.16607308975817936, 0.1677161834361761, 0.16934365149042713, 0.17094813962597477]
4.024000000000041	3.5910676911729578	[0.17174003558236411, 0.17316816923878747, 0.17455187899321015, 0.17588386670368672, 0.17715683841143043, 0.17836356142262896, 0.17949692547038928, 0.18055000731567536, 0.18151613800202648, 0.18238897186179773, 0.1831625562385769, 0.18383140080591248, 0.18439054526029178, 0.18483562413383411, 0.1851629274195951, 0.18536945573853322, 0.1854529687881059, 0.18541202592702163, 0.18524601783046338, 0.1849551883425964, 0.1845406457961532, 0.18400436332706283, 0.18334916790056174, 0.1825787180655015, 0.18169747065984235, 0.18071063700068485, 0.17962412928262278, 0.17844449819371672, 0.17717886289912968, 0.17583483477144513, 0.17442043631022208, 0.17294401684323132, 0.17141416657233952, 0.1698396305882966, 0.168229224355202, 0.16659175214340008, 0.16493592968449025, 0.1632703122363359, 0.1616032289824894, 0.15994272456831896, 0.1582965082842501, 0.1566719112784896, 0.15507585189133594, 0.15351480909654297, 0.1519948037721294, 0.15052138745784654, 0.14909963803759593, 0.14773416177237575, 0.14642910094167974, 0.14518814639256952, 0.14401455417769543, 0.1429111655525442, 0.14188042952584343, 0.1409244272825153, 0.14004489775206938, 0.1392432637439154, 0.13852065804192606, 0.13787794900943393, 0.1373157652329511, 0.13683451889139947, 0.13643442751258866, 0.13611553392932482, 0.13587772421511454, 0.13572074351787128, 0.13564420966804047, 0.13564762456223234, 0.13573038327206052, 0.13589178093930146, 0.13613101745951975, 0.13644720005627436, 0.13683934378424537, 0.13730637009058766, 0.1378471034983696, 0.13846026656042593, 0.1391444731679286, 0.13989822037815575, 0.14071987886611662, 0.14160768218224318, 0.14255971494489775, 0.14357390017249272, 0.14464798591429273, 0.14577953141407743, 0.1469658930026146, 0.14820420999032197, 0.14949139079814353, 0.15082409964010235, 0.1521987440425197, 0.15361146355427896, 0.15505811997954766, 0.1565342895233537, 0.15803525721781186, 0.15955601404281536, 0.16109125712686045, 0.16263539344180047, 0.16418254736649338, 0.1657265724989299, 0.16726106804187785, 0.16877940006319198, 0.17027472785777512]
4.020000000000041	3.596420357733531	[0.17088672402145125, 0.17220050117221605, 0.17347193537173197, 0.1746944127680089, 0.1758613458955889, 0.1769662243758855, 0.17800266895172254, 0.17896448808219595, 0.17984573660754954, 0.18064077550055985, 0.18134433201930203, 0.18195155910970245, 0.18245809323261805, 0.18286010936782468, 0.18315437231357898, 0.18333828303669084, 0.18340991924211375, 0.18336806903487113, 0.18321225701004976, 0.18294276187877556, 0.1825606252422784, 0.182067650958308, 0.18146639507320633, 0.18076014616787695, 0.17995289649607332, 0.17904930418749576, 0.17805464729188014, 0.17697477032716086, 0.17581602444523473, 0.17458520218414575, 0.17328946815134535, 0.17193628678895911, 0.17053334866050904, 0.16908849644864574, 0.1676096520530467, 0.16610474587607466, 0.16458164950222517, 0.16304811264140953, 0.16151170525702088, 0.1599797654547154, 0.15845935371090691, 0.15695721369103136, 0.15547973988589214, 0.1540329520032717, 0.15262247602594042, 0.15125353160982322, 0.1499309254805746, 0.14865905031225377, 0.1474418885737652, 0.14628302071940266, 0.14518563711915705, 0.14415255307649258, 0.14318622631258893, 0.14228877630153325, 0.14146200487535862, 0.14070741756702065, 0.14002624518704976, 0.1394194652125865, 0.13888782257940943, 0.13843184957567783, 0.13805188452523767, 0.1377480890749711, 0.13752046386271868, 0.1373688624828705, 0.1372930035999689, 0.13729248121273177, 0.13736677297557595, 0.13751524664757894, 0.1377371646166744, 0.13803168662080076, 0.13839787064163322, 0.13883467213229345, 0.13934094157363083, 0.13991542055245493, 0.14055673637052765, 0.14126339540631097, 0.14203377525143432, 0.14286611587296502, 0.1437585098381284, 0.1447088918855057, 0.14571502789579843, 0.14677450358792232, 0.14788471300625247, 0.1490428471808303, 0.15024588303611602, 0.151490572984338, 0.15277343530574247, 0.15409074578300622, 0.1554385307324816, 0.15681256191876158, 0.1582083535201213, 0.15962116164733914, 0.16104598658282643, 0.1624775782414216, 0.16391044499219332, 0.16533886631180889, 0.16675690934806878, 0.1681584497956944, 0.16953719706316153]
4.016000000000042	3.601786300614354	[0.1699435556459882, 0.17113436822424297, 0.17228533996098577, 0.17339057829629817, 0.17444423633940578, 0.1754405569928711, 0.1763739195510053, 0.17723888820796171, 0.17803026195068503, 0.17874312510892928, 0.17937289789538893, 0.1799153860811699, 0.1803668290447021, 0.1807239452714368, 0.18098397451582174, 0.1811447157131366, 0.1812045599099034, 0.1811625173997771, 0.18101823848052698, 0.18077202720718463, 0.1804248477866461, 0.179978323252453, 0.17943472635746052, 0.17879696263590375, 0.17806854589626264, 0.1772535664224792, 0.1763566524608406, 0.17538292556940546, 0.17433795067538088, 0.17322768165198782, 0.17205840344628676, 0.1708366717106165, 0.16956925105064022, 0.16826305287470986, 0.16692507392850475, 0.1655623364228267, 0.1641818307088322, 0.16279046123890556, 0.16139499656116804, 0.16000202385122883, 0.15861790847737606, 0.15724875883959255, 0.15590039671474273, 0.1545783330914501, 0.15328774948278137, 0.152033484478321, 0.15082002532372168, 0.1496515041213547, 0.14853169829876475, 0.14746403483324272, 0.1464515978003046, 0.14549713869077577, 0.14460308904269037, 0.14377157484225014, 0.14300443226481208, 0.1423032242595917, 0.14166925760614668, 0.1411036000211251, 0.14060709701840915, 0.14018038818772607, 0.13982392267552823, 0.1395379736205868, 0.13932265140507566, 0.13917791555409992, 0.13910358521195584, 0.13909934809743063, 0.13916476792187332, 0.13929929022921117, 0.13950224668499092, 0.13977285781886897, 0.14011023428055883, 0.140513376649626, 0.14098117388431658, 0.1415124004794921, 0.14210571243925127, 0.14275964216075798, 0.14347259235338175, 0.14424282911529804, 0.14506847431081463, 0.14594749739692017, 0.14687770686416632, 0.14785674146666788, 0.14888206143408486, 0.14995093986364633, 0.15106045451594474, 0.15220748023971878, 0.15338868226969504, 0.15460051065766148, 0.15583919608824393, 0.15710074736923432, 0.1583809508488071, 0.1596753720610214, 0.16097935984093292, 0.16228805320139297, 0.1635963911806134, 0.16489912591796405, 0.16619083910743987, 0.16746596202148872, 0.16871879916378113]
4.012000000000042	3.6071655618780687	[0.16888202792815982, 0.16993856518153563, 0.17095831360377683, 0.17193614950569727, 0.17286701068143723, 0.17374593344203587, 0.17456809171104468, 0.1753288370485499, 0.1760237398599753, 0.17664863048596008, 0.1771996403821526, 0.1776732419481748, 0.17806628720312997, 0.17837604377853805, 0.178600228464932, 0.17873703675637287, 0.1787851687273052, 0.17874384972833152, 0.17861284639495487, 0.17839247656600324, 0.1780836138200427, 0.17768768539431862, 0.17720666444738195, 0.17664305563666793, 0.17599987523996247, 0.1752806250123121, 0.1744892612621252, 0.1736301585431205, 0.17270806966002417, 0.1717280815475823, 0.17069556887001897, 0.16961614500141042, 0.16849561230218263, 0.16733991137924548, 0.1661550712287883, 0.16494715990066386, 0.16372223748940784, 0.16248631097882527, 0.16124529258703338, 0.1600049609839961, 0.15877092682873656, 0.15754860182289337, 0.15634317251190352, 0.1551595778594025, 0.15400249161649873, 0.15287630836573718, 0.15178513407656682, 0.15073277994676615, 0.14972276021784406, 0.14875829268202143, 0.14784230246067373, 0.14697742776396544, 0.14616602814273957, 0.14541019397826915, 0.14471175768539846, 0.14407230544541508, 0.1434931899331006, 0.14297554294967893, 0.14252028842951192, 0.14212815484258126, 0.1417996874693386, 0.1415352596866064, 0.14133508374827217, 0.1411992203158137, 0.14112758722314794, 0.14111996684300773, 0.14117601253085274, 0.14129525361967724, 0.14147709942334238, 0.14172084182170144, 0.1420256568575276, 0.14239060501329417, 0.14281463056248475, 0.14329655975468628, 0.1438350981883467, 0.14442882721946673, 0.1450761997162916, 0.14577553509619076, 0.14652501390993652, 0.1473226719973475, 0.14816639443412039, 0.1490539093827066, 0.1499827820197938, 0.1509504087452198, 0.15195401179286885, 0.15299063453716708, 0.1540571375718856, 0.1551501959233288, 0.15626629743526158, 0.15740174274836477, 0.15855264685733622, 0.1597149427224717, 0.16088438684790138, 0.1620565673429134, 0.16322691428871475, 0.16439071294747037, 0.16554311952401543, 0.16667918001506904, 0.16779385172085912]
4.008000000000043	3.612558183740972	[0.1676542058059477, 0.1685606137570313, 0.16943405021344934, 0.17027022585082563, 0.17106492383566774, 0.17181402965564696, 0.17251356208578195, 0.17315970479428514, 0.1737488383803499, 0.17427757226791643, 0.17474277618876632, 0.17514161062392264, 0.17547155590610844, 0.1757304393317221, 0.17591645999142141, 0.17602821068910227, 0.17606469670701871, 0.17602535085307305, 0.17591004463946078, 0.17571909513780867, 0.1754532674888179, 0.17511377275572015, 0.17470226125480987, 0.17422081121835095, 0.17367191308935334, 0.17305844947421026, 0.17238367121183426, 0.17165116974199052, 0.17086484636570629, 0.17002887870548483, 0.1691476850525136, 0.16822588698831284, 0.16726827101243052, 0.1662797495905468, 0.16526532234514166, 0.1642300377779356, 0.16317895618517647, 0.16211711408409138, 0.16104949071035457, 0.15998097679769083, 0.1589163460727735, 0.15786022954949494, 0.15681709291700255, 0.15579121697633938, 0.15478668128370177, 0.15380735083794622, 0.15285686584912345, 0.15193863433110633, 0.1510558274578882, 0.15021137736095028, 0.14940797723852228, 0.14864808341923175, 0.14793391921098742, 0.14726748017146846, 0.14665054061688707, 0.14608466102341933, 0.14557119614433303, 0.1451113035334795, 0.1447059523187719, 0.14435593196450558, 0.14406186089499937, 0.14382419477253133, 0.14364323433423137, 0.1435191326360211, 0.14345190164000446, 0.14344141804624833, 0.14348742833407047, 0.14358955296242448, 0.14374728971911294, 0.14396001621195414, 0.1442269915120709, 0.14454735698098772, 0.14492013630834083, 0.14534423482639386, 0.14581843814170395, 0.14634141018146338, 0.14691169070638493, 0.1475276924165975, 0.14818769771254003, 0.148889855264427, 0.14963217646236351, 0.15041253192251927, 0.15122864813736944, 0.15207810445621972, 0.15295833050312815, 0.1538666042300594, 0.15480005071251793, 0.1557556419123448, 0.15673019749409323, 0.1577203869431806, 0.15872273304835502, 0.15973361700141095, 0.16074928514905962, 0.1617658576380731, 0.1627793389489725, 0.16378563053224182, 0.16478054548804968, 0.16575982545960147, 0.16671915961190364]
4.004000000000043	3.617964208572918	[0.16616671313566697, 0.16689829159244007, 0.16760189907703227, 0.16827418049854104, 0.16891185761908928, 0.1695117509650323, 0.1700708023915701, 0.1705860977382887, 0.17105488963297805, 0.17147461986245865, 0.17184294131284403, 0.17215773889735542, 0.17241714943680445, 0.17261957993331398, 0.17276372418719624, 0.17284857724611724, 0.17287344764576157, 0.1728379670065302, 0.17274209697873605, 0.17258613320087543, 0.17237070631712118, 0.1720967798379483, 0.17176564495766175, 0.17137891224344434, 0.17093850038233027, 0.17044662203302796, 0.1699057670366672, 0.16931868315685314, 0.1686883546557096, 0.16801797898159818, 0.1673109419040722, 0.16657079145170153, 0.16580121098736278, 0.16500599182745754, 0.16418900570696898, 0.1633541775156892, 0.16250545854860235, 0.16164680068262052, 0.1607821316422897, 0.15991533173038894, 0.1590502120882561, 0.15819049481259706, 0.1573397948860825, 0.15650160419507178, 0.15567927748367655, 0.15487602046723936, 0.15409487985417525, 0.15333873545797383, 0.15261029406206852, 0.15191208519145666, 0.15124645838485976, 0.15061558210898288, 0.15002144385834149, 0.1494658515853301, 0.14895043597151333, 0.14847665370172078, 0.1480457912350427, 0.14765896926213362, 0.14731714733860948, 0.14702112891941155, 0.1467715662887304, 0.14656896565030678, 0.14641369188342337, 0.1463059732707953, 0.14624590571791207, 0.14623345681039446, 0.14626846924470338, 0.1463506640165954, 0.1464796429185961, 0.1466548907652555, 0.14687577691295536, 0.14714155652331723, 0.14745137115196652, 0.1478042491378408, 0.14819910538922737, 0.14863474106395286, 0.14910984275384492, 0.14962298168937882, 0.15017261258830814, 0.15075707267889524, 0.15137458053449532, 0.15202323526217382, 0.152701015691364, 0.15340578011696585, 0.1541352662479499, 0.1548870919216042, 0.15565875624086914, 0.15644764168955372, 0.15725101688947005, 0.15806604054019474, 0.15888976620489123, 0.15971914846328478, 0.1605510500859779, 0.16138225072223777, 0.1622094567388122, 0.1630293126620375, 0.16383841383651773, 0.1646333207017168, 0.1654105742684728]
4.0000000000000435	3.623383678898125	[0.16417872528117333, 0.1646879690066727, 0.16517649770317777, 0.16564207893952365, 0.16608254953305052, 0.1664958289270081, 0.166879932305363, 0.16723298395365233, 0.16755323006108389, 0.16783905151647643, 0.16808897582732352, 0.1683016887644598, 0.1684760448078301, 0.16861107705254677, 0.1687060056110891, 0.16876024523442804, 0.16877341116318914, 0.1687453240017605, 0.16867601261577483, 0.1685657159212676, 0.16841488256742276, 0.16822416945945837, 0.16799443813412038, 0.16772675001258466, 0.16742235955866971, 0.16708270644206807, 0.16670940575031185, 0.16630423741729622, 0.16586913392391894, 0.16540616749671055, 0.16491753586453825, 0.1644055478436972, 0.1638726078087915, 0.16332120034436687, 0.16275387412843015, 0.1621732263462141, 0.1615818866724871, 0.16098250210670068, 0.16037772168353642, 0.15977018230884127, 0.1591624947291226, 0.15855723083631337, 0.15795691130043646, 0.15736399467757903, 0.15678086696994528, 0.1562098327289872, 0.15565310666592957, 0.15511280680402587, 0.15459094813149984, 0.154089437733999, 0.15361007036973545, 0.15315452541311028, 0.15272436414465357, 0.15232102826363317, 0.1519458386263132, 0.15159999504023497, 0.15128457615312957, 0.1510005402234348, 0.1507487258562276, 0.15052985345030517, 0.15034452649300448, 0.15019323340890756, 0.15007634915798285, 0.14999413724996294, 0.14994675143455605, 0.14993423769433153, 0.1499565358673165, 0.1500134814852382, 0.1501048072240798, 0.1502301445103103, 0.1503890247505603, 0.15058088068338701, 0.15080504739293862, 0.15106076343581062, 0.15134717169349265, 0.15166332035158547, 0.15200816369075495, 0.15238056303783115, 0.15277928763361032, 0.1532030157112842, 0.15365033561057903, 0.1541197471677013, 0.15460966326774472, 0.15511841174828017, 0.15564423759881968, 0.1561853055848578, 0.15673970330677367, 0.157305444746875, 0.15788047438783007, 0.1584626718703255, 0.1590498573419241, 0.15963979738042305, 0.16023021170268686, 0.1608187804577736, 0.16140315236744426, 0.16198095342618446, 0.16254979647079365, 0.1631072912426378, 0.16365105529544452]
3.9960000000000435	3.62881663679799	[0.15916193350936664, 0.15916196655074755, 0.1591619709990544, 0.1591619474571178, 0.15916189540028564, 0.15916181565565474, 0.15916170792948228, 0.15916157326727826, 0.15916141160350836, 0.1591612241926557, 0.15916101119110354, 0.15916077404940301, 0.15916051313610524, 0.1591602300816381, 0.15915992545369848, 0.1591596010433459, 0.1591592576013669, 0.15915889705743605, 0.15915852032662664, 0.1591581294527672, 0.15915772549399865, 0.15915731058176605, 0.15915688589401036, 0.15915645362158154, 0.15915601503730525, 0.1591555723619803, 0.159155126937179, 0.15915468098340022, 0.15915423588404612, 0.1591537938287386, 0.15915335621546897, 0.1591529251725486, 0.15915250208545198, 0.15915208899136, 0.15915168723671355, 0.15915129873881892, 0.15915092477959916, 0.15915056712926332, 0.15915022698119022, 0.15914990593321324, 0.15914960506799816, 0.15914932578806215, 0.1591490690454143, 0.15914883602700994, 0.1591486275368138, 0.15914844452898447, 0.15914828764489758, 0.15914815759195983, 0.1591480548374963, 0.15914797983170456, 0.15914793285966872, 0.15914791410758225, 0.15914792367350347, 0.15914796147659563, 0.15914802742658923, 0.15914812117640875, 0.15914824244965753, 0.15914839063761937, 0.1591485652834352, 0.15914876552508353, 0.15914899073427535, 0.15914923980762838, 0.15914951195767274, 0.1591498058550344, 0.15915012056832345, 0.15915045456073082, 0.1591508067749628, 0.15915117548823385, 0.15915155953781718, 0.15915195703897883, 0.1591523667461418, 0.15915278663885077, 0.1591532154129948, 0.15915365094041825, 0.15915409188411864, 0.15915453603762283, 0.15915498205757395, 0.15915542768947358, 0.15915587161059574, 0.15915631154915197, 0.15915674623002518, 0.15915717339484295, 0.15915759184261047, 0.15915799935857827, 0.15915839484147212, 0.15915877614941087, 0.15915914230508663, 0.15915949126732568, 0.15915982220526256, 0.15916013320444217, 0.15916042360075872, 0.15916069163026683, 0.15916093681342305, 0.15916115755800836, 0.15916135358401373, 0.15916152348927456, 0.15916166720518746, 0.1591617835348158, 0.15916187262951045]
