I_value	Tstar	ystar
9.86382246044832	1.2696307476437652	[0.12036139623065216, 0.07988353086745141, 0.05125449262060628, 0.03184761076332029, 0.019218804419403185, 0.01131657112683055, 0.006553215901597535, 0.0037812960706740156, 0.0022198798141741657, 0.0013653908182114833, 0.0009086757015237322, 0.0006683094770742003, 0.0005421485800901712, 0.0004748300987326361, 0.0004373635443684551, 0.0004150252521823509, 0.0004005281181491155, 0.0003903354822911016, 0.00038274911289488934, 0.00037695184394109495, 0.00037254277995951306, 0.00036931759494634515, 0.00036716685128678595, 0.0003660297235034653, 0.00036587309723831724, 0.00036668221300071934, 0.0003684564862054052, 0.0003712077706350321, 0.0003749597882701298, 0.0003797482618069048, 0.0003856214904629849, 0.0003926413470203632, 0.00040088465091787473, 0.0004104449964831863, 0.0004214350644373481, 0.0004339895490055434, 0.0004482687925924752, 0.0004644633292065854, 0.0004827995203078007, 0.0005035465984788537, 0.0005270254537386427, 0.0005536196765427541, 0.0005837894542205471, 0.0006180891878368788, 0.0006571898939375182, 0.0007019078970268048, 0.0007532417313925435, 0.0008124199349957083, 0.000880963242610791, 0.0009607660627758994, 0.0010542037425269378, 0.001164274673268081, 0.0012947894472839865, 0.0014506240601103735, 0.001638060252772962, 0.0018652450819459448, 0.002142813398315612, 0.0024847335618756626, 0.0029094580527450047, 0.0034414902754849584, 0.004113515765946543, 0.004969294751399859, 0.006067569721069302, 0.00748730957861032, 0.009334678126333944, 0.011752173719465138, 0.014930402574266746, 0.019122890951469008, 0.024664127977279158, 0.03199059007045279, 0.04166368601125488, 0.05439228831137825, 0.07105064691304777, 0.09268507601835538, 0.12050001831714889, 0.1558115516362355, 0.19995502253960973, 0.25413483940183723, 0.3192101509403744, 0.39542181883059396, 0.48208402069443457, 0.5772864051228026, 0.6776749609886723, 0.7783939307605019, 0.8732674214177322, 0.9552701455557474, 1.0172799913849784, 1.0530294615404905, 1.0580977070310456, 1.0307365472954417, 0.972326530559926, 0.8873235123510429, 0.7826712014654226, 0.6667883701352425, 0.5483476945616659, 0.4351097125908953, 0.33304521969585943, 0.24588605358453347, 0.17512293637372853]
9.839101100898324	1.2734009195354268	[0.1208905912120805, 0.0803251053282684, 0.05160108093752311, 0.032105490416680114, 0.019401883003918437, 0.011441392865452617, 0.006635570342492013, 0.0038344140192652374, 0.0022538577484887547, 0.0013873819728683746, 0.0009234426023281782, 0.0006788578598262553, 0.0005502895113430199, 0.0004816124099941669, 0.00044337537791844776, 0.0004205890202536974, 0.00040581899779757136, 0.00039544979577205164, 0.0003877420790056552, 0.00038185766296556264, 0.0003773849991364683, 0.0003741143485938561, 0.00037193348224864197, 0.0003707801113188655, 0.0003706203557245553, 0.000371439091810898, 0.00037323563027906486, 0.00037602191821689324, 0.0003798219400085909, 0.00038467184358937024, 0.00039062051680355497, 0.00039773059551989116, 0.0004060798503649277, 0.0004157630373030784, 0.0004268942347320833, 0.000439609805980605, 0.00045407207507670025, 0.0004704739239298652, 0.0004890444917788801, 0.0005100563002147002, 0.0005338341373354427, 0.0005607662248662493, 0.0005913182659972734, 0.0006260512540747936, 0.0006656441112070115, 0.0007109226815413094, 0.0007628970083867646, 0.0008228096064864125, 0.0008921982571181089, 0.0009729782551234395, 0.0010675506485819904, 0.0011789455945015927, 0.0013110131019764375, 0.0014686782662514833, 0.0016582841843699547, 0.0018880547985134595, 0.002168721478606744, 0.0025143738737486774, 0.0029436168145716784, 0.0034811447303097335, 0.004159881735197711, 0.005023884191186931, 0.006132258688737166, 0.007564415848740616, 0.009427045219475507, 0.011863254448723774, 0.015064329042697024, 0.01928450966964884, 0.024858966898721545, 0.03222471070659157, 0.041943358049100155, 0.054723412197453976, 0.07143784514122703, 0.09313038936563457, 0.12100118686306742, 0.1563599491626777, 0.20053344772377893, 0.2547155484150722, 0.31975370648113904, 0.3958774804686211, 0.4823924149912965, 0.5773850077553716, 0.6775064200307471, 0.7779164876077969, 0.8724657708940885, 0.9541643063655841, 1.0159294702650963, 1.0515305021064627, 1.0565727911793787, 1.0293173226492944, 0.9711333763816303, 0.8864462957075586, 0.7821558115441704, 0.6666322057579398, 0.5485048287000966, 0.43550382056472897, 0.33358645505483114, 0.24648749269897843, 0.1757130305146465]
9.814379741348327	1.2771938235622486	[0.12142177000909407, 0.08076892425880824, 0.051949907976864856, 0.03236540626688707, 0.019586682013364977, 0.01156758198478443, 0.006718957582233228, 0.0038882807485260853, 0.002288362761579319, 0.0014097385439389126, 0.0009384636118592186, 0.0006895873219982603, 0.000558565502938912, 0.000488501658341175, 0.0004494773235761721, 0.0004262328952277601, 0.000411183996630285, 0.0004006345416985815, 0.0003928031326687278, 0.00038683000464472076, 0.0003822926783539379, 0.00037897582955446774, 0.0003767643702740894, 0.0003755944915353388, 0.000375431538072268, 0.00037625999898174454, 0.0003780790865682717, 0.0003809008303205451, 0.00038474948884618655, 0.0003896616312760846, 0.0003956867494697698, 0.0004028882441021992, 0.00041134485625300726, 0.0004211525112119161, 0.0004324267093657671, 0.0004453054977416334, 0.00045995321319863695, 0.0004765651087387153, 0.0004953731421791688, 0.0005166531585895435, 0.0005407338984542906, 0.0005680082646112336, 0.0005989475496558966, 0.0006341194105912366, 0.0006742107763284606, 0.0007200571127802043, 0.0007726801137730206, 0.0008333364174208713, 0.00090358105191487, 0.00098535040968588, 0.0010810715266713583, 0.0011938066306723344, 0.0013274455604065116, 0.0014869629502921348, 0.001678763846526141, 0.001911149701501257, 0.00219494924508826, 0.0025443742770857704, 0.0029781831312564247, 0.0035212623780296703, 0.00420677618523509, 0.005079078317225381, 0.006197641097454141, 0.007642317870030273, 0.009520325132020254, 0.011975379522083654, 0.015199445238689395, 0.019447473679441104, 0.02505531200655783, 0.03246049355634425, 0.04222483127783546, 0.0550564395482763, 0.07182699162157373, 0.09357761032342635, 0.12150411330038062, 0.15690982074552773, 0.20111292018041255, 0.25529673563191524, 0.320297059259859, 0.396332192542792, 0.48269912262499826, 0.5774812721778976, 0.6773350527576617, 0.7774359338896137, 0.8716609348701303, 0.9530553622891957, 1.0145759960724519, 1.0500287086024283, 1.0550450554125532, 1.0278951665470495, 0.9699371095049346, 0.8855658254422629, 0.7816372016311132, 0.6664731321660409, 0.5486596764508707, 0.43589652376942284, 0.33412730200180807, 0.24708953578869944, 0.17630455153837665]
9.789658381798331	1.281009664131195	[0.12195493531352448, 0.08121499591644951, 0.052300986259267004, 0.03262737323069554, 0.019773216969104977, 0.011695153131392985, 0.0068033904201772214, 0.003942906793272206, 0.0023234030883375204, 0.001432466758097447, 0.000953743307178359, 0.0007005012316854801, 0.0005669790380334222, 0.000495499760145364, 0.000455670901580144, 0.00043195817639134497, 0.000416624250129366, 0.00040589078135808707, 0.00039793326404689215, 0.0003918698386467701, 0.0003872667511742681, 0.0003839029697232083, 0.00038166042621961486, 0.00038047378095508813, 0.0003803075488603061, 0.00038114584949384446, 0.00038298776470881976, 0.0003858454308067177, 0.00038974335956387137, 0.00039471856790046435, 0.0004008211385709662, 0.0004081152657366836, 0.00041668065499173045, 0.00042661443294377406, 0.00043803352338884767, 0.00045107769428048085, 0.0004659133049973519, 0.00048273802475558205, 0.0005017866496783153, 0.0005233384050221353, 0.0005477260163506625, 0.0005753471411562547, 0.0006066787116602928, 0.0006422951465058267, 0.0006828914560867879, 0.0007293128617029582, 0.0007825928172225798, 0.0008440022700049373, 0.0009151136548819992, 0.000997884724656897, 0.0010947687353123057, 0.0012088603613257453, 0.0013440896067198674, 0.001505481185695609, 0.0016995025728205875, 0.0019345335053578378, 0.0022215007390564445, 0.002574739314850589, 0.003013161946019102, 0.0035618488175360122, 0.00425420518053951, 0.005134884033549012, 0.006263724339266786, 0.007721024067600588, 0.00961452668760652, 0.012088558948950336, 0.01533576125246302, 0.01961179427869396, 0.02525317397492657, 0.032697950279181064, 0.04250811549676354, 0.0553913806202476, 0.07221809298799017, 0.09402674528191049, 0.12200879845099531, 0.1574611665379211, 0.20169343309353152, 0.2558783940436553, 0.3208401952006167, 0.39678594240670356, 0.48300412515446456, 0.5775751834334392, 0.6771608401144463, 0.7769522551852635, 0.8708528958496924, 0.951943300098035, 1.013219552817857, 1.0485240681240036, 1.0535144843302344, 1.0264700654106347, 0.9687377140751484, 0.884682086210115, 0.7811153542334601, 0.6663111317891823, 0.5488122194436306, 0.43628780543761375, 0.334667746345638, 0.24769217351040096, 0.17689749581305017]
9.764937022248334	1.2848486480662267	[0.12249008968469013, 0.0816633286103956, 0.05265432832123477, 0.03289140632540919, 0.019961503514547858, 0.01182412108883474, 0.0068888818166915585, 0.003998302815261403, 0.0023589871073912715, 0.0014555729284037378, 0.0009692863704906079, 0.0007116030017383003, 0.0005755326715486168, 0.0005026086489309916, 0.0004619576833782742, 0.00043776616665914945, 0.00042214093416223974, 0.0004112195749059292, 0.00040313349790906556, 0.00039697813296549564, 0.00039230818213329137, 0.00038889670046709504, 0.00038662258921257883, 0.00038541889754060483, 0.0003852493187961293, 0.0003860975612487691, 0.00038796259881042426, 0.00039085664811344857, 0.0003948045002446289, 0.00039984360257425404, 0.0004060246568275384, 0.0004134126408217508, 0.0004220882553870766, 0.00043214982589030124, 0.0004437157345121876, 0.00045692747538687926, 0.00047195347193669594, 0.0004889938239812506, 0.0005082862171881124, 0.0005301132828440514, 0.000554811796990562, 0.0005827842127692884, 0.0006145131879679216, 0.00065057996469055, 0.0006916877506194976, 0.0007386916136380978, 0.0007926369271056163, 0.0008548090809150337, 0.0009267981400812684, 0.0010105834117733825, 0.0011086446898491674, 0.0012241093766421007, 0.001360948097343178, 0.0015242360499406725, 0.00172050379200874, 0.001958209915134347, 0.0022483801315226386, 0.0026054734950384266, 0.0030485583845821294, 0.003602909565979361, 0.004302175049229589, 0.00519130807990264, 0.006330516194116335, 0.007800542561921154, 0.009709659285399826, 0.012202802205561743, 0.015473288026039905, 0.01977748187939881, 0.025452564721937992, 0.03293709113952319, 0.04279322227939894, 0.055728243598579814, 0.0726111583215881, 0.09447779775154076, 0.12251524636847809, 0.15801398296580174, 0.20227498368555288, 0.25646051216619, 0.32138310493672423, 0.39723871242823716, 0.48330740918562054, 0.5776667214028334, 0.6769837679539079, 0.7764654321143707, 0.8700416406441422, 0.9508281021839465, 1.0118601279428043, 1.0470165642646962, 1.051981065037833, 1.0250420031509422, 0.9675351759186984, 0.8837950610429303, 0.7805902528747823, 0.6661461860877345, 0.5489624398369594, 0.43667764824626254, 0.33520777411204444, 0.24829539621314506, 0.1774918597748007]
9.740215662698338	1.2887109846418534	[0.12302723567206522, 0.08211393063197184, 0.0530099468421374, 0.03315752072407631, 0.020151557483938983, 0.011954500839310695, 0.006975444902528582, 0.004054479650935003, 0.002395123317216085, 0.0014790634962057402, 0.0009850975522883, 0.0007228961313657117, 0.0005842289897597565, 0.0005098303169518068, 0.00046833925147852454, 0.00044365821259559606, 0.0004277352270254372, 0.00041662201842061763, 0.00040840485902884184, 0.00040215588717548733, 0.0003974179360735768, 0.0003939579818015063, 0.0003916518000015199, 0.00039043078565716496, 0.0003902577818020429, 0.00039111607679906234, 0.0003930045277815086, 0.00039593543403965663, 0.00039993386524382374, 0.00040503770693882363, 0.00041129828457723617, 0.000418781371909487, 0.00042756867509602853, 0.000437759735675086, 0.00044947441045064385, 0.0004628559436265337, 0.0004780748465879531, 0.0004953336822374878, 0.0005148730598043156, 0.0005369790608245374, 0.0005619925595789184, 0.0005903208654662264, 0.0006224524287839254, 0.0006589753989657356, 0.0007006012751976532, 0.0007481950892630586, 0.0008028142675200298, 0.0008657588082638504, 0.0009386365972709753, 0.0010234487327516785, 0.0011227018200373438, 0.0012395563290063833, 0.0013780238994206997, 0.001543230700588018, 0.0017417709353905843, 0.001982182742662381, 0.00227559157975546, 0.0026365814730086525, 0.0030843775283297885, 0.00364445035028505, 0.004350692020033813, 0.005248357502086763, 0.006398024247287108, 0.00788088192696799, 0.009805731971700702, 0.012318119443080712, 0.015612035897867109, 0.019944547889789437, 0.025653495185851357, 0.03317792784069287, 0.043080161688860356, 0.05606703867286007, 0.07300619449598492, 0.09493077389493443, 0.1230234580542162, 0.1585682697394258, 0.20285756520459938, 0.2570430822814113, 0.32192577428075886, 0.3976904889815489, 0.4836089559967869, 0.5777558700207309, 0.6768038169503445, 0.7759754493598985, 0.8692271518234201, 0.949709754996762, 1.0104977060377551, 1.045506184368133, 1.0504447829286951, 1.0236109664966242, 0.9663294795764583, 0.8829047344035866, 0.7800618797474866, 0.6659782767638129, 0.5491103185175187, 0.437066034596711, 0.3357473704439654, 0.24889919401596303, 0.17808763947807585]
9.715494303148342	1.2925968856218462	[0.12356637570654308, 0.08256681011462534, 0.05336785434057224, 0.033425731517890404, 0.020343394708254543, 0.01208630743121641, 0.0070630929216463165, 0.004111448262621296, 0.002431820345552343, 0.0015029450099922955, 0.0010011816980700363, 0.0007343841869212869, 0.0005930706376682971, 0.0005171667936411568, 0.0004748172246690034, 0.0004496356822372353, 0.0004334083324489511, 0.0004220992228321338, 0.00041374839291083703, 0.0004074041133596487, 0.0004025969964746225, 0.0003990877856216705, 0.00039674901690423637, 0.00039551040157187906, 0.0003953338887602834, 0.00039620235088749523, 0.00039811450716547105, 0.0004010827530027399, 0.0004051324254649535, 0.0004103018657871532, 0.00041664301884875856, 0.00042422247534123277, 0.00043312294884399717, 0.00044344522246848606, 0.00045531063661417387, 0.00046886421701402685, 0.00048427858011915767, 0.0005017587918736819, 0.0005215484124366181, 0.0005439370255549328, 0.0005692696447275006, 0.000597958504641622, 0.0006304979077755314, 0.0006674830044025879, 0.000709633671194971, 0.0007578250327524147, 0.0008131266920661324, 0.000876853436337774, 0.0009506311501164289, 0.0010364829786249073, 0.001136942595295727, 0.0012552039037073092, 0.0013953199273565803, 0.001562468331969512, 0.0017633074916380683, 0.002006455840226857, 0.002303139311926817, 0.0026680679469968226, 0.003120624547625907, 0.0036864769391908316, 0.004399762434493359, 0.0053060393788907515, 0.00646625622736814, 0.007962050745549686, 0.00990275397311768, 0.012434520769933595, 0.015752015428261417, 0.020113003580158932, 0.025855976569953712, 0.033420471794360876, 0.043368944099989884, 0.0564077755309985, 0.07340320876827487, 0.09538567915224852, 0.1235334350484009, 0.15912402572074422, 0.20344117175986756, 0.25762609591283475, 0.3224681904098717, 0.39814125797523664, 0.4839087486980352, 0.5778426129500601, 0.6766209695637229, 0.7754822909691194, 0.8684094128344849, 0.9485882433714079, 1.0091322711893493, 1.0439929133253927, 1.0489056221262059, 1.022176939999592, 0.9651206088434418, 0.8820110899389456, 0.7795302174753133, 0.6658073859940622, 0.5492558374142642, 0.4374529476567658, 0.336286521207325, 0.24950355734332608, 0.17868483109326347]
9.690772943598345	1.2965065652937142	[0.12410751214442794, 0.08302197536961299, 0.053728063588679605, 0.03369605409725943, 0.020537031304154102, 0.012219556162948094, 0.00715183933876534, 0.004169219783427976, 0.002469086971026646, 0.0015272241231869858, 0.0010175437502082055, 0.0007460707934723953, 0.0006020603211862269, 0.0005246201392842883, 0.00048139326206151603, 0.0004556999604159906, 0.0004391614841227922, 0.00042765231003539475, 0.000419165170052635, 0.000412723832734497, 0.0004078463692471324, 0.0004042870927897433, 0.0004019152191298011, 0.0004006587109749795, 0.00040047861041632877, 0.00040135734835483106, 0.00040329351169675283, 0.000406299580270902, 0.000410401170644885, 0.0004156370755549971, 0.00042205987545167157, 0.000429736979933946, 0.00043875213039191904, 0.00044920735980920784, 0.0004612255180223269, 0.0004749534279116176, 0.0004905658442278797, 0.0005082703606826514, 0.0005283135318363489, 0.0005509884803120133, 0.000576644416667387, 0.0006056985537898943, 0.000638651124583388, 0.0006761043557748558, 0.0007187866090531991, 0.0007675832097666243, 0.0008235760874890486, 0.0008880949728164358, 0.0009627839608446219, 0.0010496884656971653, 0.0011513695308967183, 0.0012710548128136623, 0.001412839151383317, 0.0015819521656590626, 0.0017851170191415505, 0.0020310330854951654, 0.00233102764562288, 0.0026999376341746827, 0.0031573047306549494, 0.0037289951055435363, 0.00444939279352592, 0.005364360764096363, 0.006535220083702865, 0.00804405752369415, 0.010000734827857226, 0.012552016132886843, 0.01589323762216934, 0.020282859929940198, 0.026060020710620496, 0.033664733936810375, 0.04365958076882893, 0.05675046313146639, 0.07380220955847737, 0.09584251788205778, 0.12404518028580393, 0.15968124819025947, 0.20402579889875777, 0.25820954232781146, 0.3230103417038583, 0.39859100234661465, 0.48420677124350536, 0.5779269305623531, 0.6764352090936118, 0.7749859383297655, 0.8675884087089422, 0.9474635510864875, 1.00776381017172, 1.042476736551615, 1.0473635697367942, 1.0207399090212463, 0.963908549301899, 0.8811141110230135, 0.778995248604553, 0.665633494535461, 0.54939897730576, 0.43783836906506063, 0.3368252112835887, 0.2501084758152469, 0.1792834304951841]
9.666051584048349	1.300440240506897	[0.12465064728255491, 0.0834794345339822, 0.05409058724843735, 0.0339685037914504, 0.020732483407721287, 0.012354262419719611, 0.007241697732862797, 0.004227805490017823, 0.0025069320927080915, 0.0015519076139291934, 0.0010341887336169787, 0.0007579596611167562, 0.0006112007910094769, 0.0005321924687639545, 0.0004880690446854663, 0.0004618524697522637, 0.0004449959272572854, 0.00043328243165807566, 0.00042465626886116454, 0.0004181160923199564, 0.00041316706755116056, 0.0004095569077366807, 0.0004071513935897932, 0.0004058767016342645, 0.0004056929260450951, 0.0004065820550719796, 0.0004085425255708227, 0.0004115869114603309, 0.0004157411009307567, 0.0004210443526906947, 0.0004275498815566424, 0.00043532593452506727, 0.00044445728582744937, 0.00045504724161279616, 0.0004672201730272819, 0.0004811247297809832, 0.0004969378250204702, 0.0005148696186821816, 0.0005351696903397975, 0.000558134752189748, 0.0005841182565164244, 0.0006135424623830301, 0.0006469135971779851, 0.000684841056717927, 0.0007280617791230139, 0.0007774714186708093, 0.0008341643621107533, 0.0008994854632420593, 0.0009750972148863728, 0.0010630675551493002, 0.001165985166614473, 0.0012871118229702417, 0.0014305845666171028, 0.001601685491462292, 0.0018072030995038028, 0.0020559184439156285, 0.0023592609157925947, 0.0027321953678314205, 0.003194423369097772, 0.003772010779592833, 0.004499589572993579, 0.005423328928739769, 0.00660492368632779, 0.008126911069972938, 0.010099683897965554, 0.012670615899247544, 0.01603571314584776, 0.020454128496219037, 0.02626563885207388, 0.03391072598378686, 0.043952082000498986, 0.05709511146814845, 0.07420320389351277, 0.09630129581187291, 0.12455869486903762, 0.16023993624778995, 0.20461144004674153, 0.25879341319276705, 0.3235522143951201, 0.3990397080166578, 0.48450300559910836, 0.5780088064522869, 0.676246516868061, 0.7744863755347692, 0.866764122104088, 0.9463356633596802, 1.00639230682166, 1.040957639619331, 1.0458186099661544, 1.019299858686257, 0.9626932846717623, 0.8802137813443093, 0.7784569552473112, 0.665456584074567, 0.5495397193537604, 0.43822228134081476, 0.33736342588439844, 0.2507139394022586, 0.17988343352509187]
9.641330224498352	1.3043981307089894	[0.1251957833003266, 0.08393919577577373, 0.05445543804486345, 0.034243096062588865, 0.02092976731682191, 0.012490441759644701, 0.007332681865313722, 0.004287216814016578, 0.0025453647610417314, 0.0015770023684174516, 0.0010511217780892368, 0.0007700545623828966, 0.0006204948650157576, 0.0005398859290549385, 0.0004948462980598673, 0.00046809464940678394, 0.0004509129400692099, 0.00043899074951169305, 0.00043022279523985543, 0.0004235819474200427, 0.000418560129158741, 0.0004148982431110007, 0.0004124585500239613, 0.00041116537014050306, 0.0004109778365181731, 0.00041187746655962985, 0.000413862553738272, 0.0004169457527265423, 0.0004211532367320254, 0.0004265247250892066, 0.00043311408444310844, 0.0004409904003244378, 0.0004502395015335825, 0.00046096597513166777, 0.0004732957408142349, 0.0004873792904522174, 0.0005033957303511803, 0.0005215578113879741, 0.0005421181833710415, 0.000565377185036953, 0.0005916925703229743, 0.0006214916980558073, 0.0006552868709255539, 0.0006936947305988522, 0.0007374609024180924, 0.0007874914792727925, 0.0008448934592530934, 0.0009110269763763348, 0.0009875731384794862, 0.001076622633036062, 0.0011807920909114834, 0.0013033777268286887, 0.0014485592277373156, 0.0016216716250174923, 0.001829569389164679, 0.0020811159038177612, 0.00238784355404214, 0.0027648459957754818, 0.0032319858829052486, 0.003815529887833243, 0.0045503594232312004, 0.005482951104635164, 0.006675375147357195, 0.008210620090116588, 0.010199610885638017, 0.012790330226723687, 0.016179453145048824, 0.020626820458708457, 0.026472842909031968, 0.03415845902772216, 0.04424645901814246, 0.05744172957739413, 0.07460620001309219, 0.0967620172939603, 0.12507398142257442, 0.16080008714470725, 0.20519809041744808, 0.2593776978585861, 0.3240937966699893, 0.39948735823756654, 0.48479743573720696, 0.5780882214536615, 0.6760548762136328, 0.7739835841991903, 0.8659365376570979, 0.9452045635336127, 1.0050177468593988, 1.039435606873188, 1.044270728570122, 1.0178567732817714, 0.9614747996221237, 0.8793100838467084, 0.7779153198215739, 0.6652766355698289, 0.5496780446217416, 0.43860466640659457, 0.337901150028665, 0.2513199377158715, 0.18048483592149647]
9.616608864948356	1.3083804579852671	[0.12574292232914333, 0.08440126720009426, 0.05482262875895313, 0.03451984646296925, 0.02112889946875045, 0.012628109908871681, 0.007424805658486993, 0.004347465357812898, 0.002584394156718672, 0.0016025154050818434, 0.001068348095520421, 0.0007823593586707137, 0.0006299454040216197, 0.0005477027254163582, 0.0005017267677601803, 0.0004744279798972048, 0.00045691381044365276, 0.0004447784583861976, 0.0004358658612189026, 0.00042912248202741434, 0.00042402659747835936, 0.0004203121376813652, 0.0004178377044906408, 0.0004165257374171361, 0.0004163343500938181, 0.0004172446013690578, 0.00041925460969232574, 0.0004223771323641789, 0.00042663860814452705, 0.0004320792422871598, 0.00043875354218857486, 0.00044673146007615617, 0.00045609987578510444, 0.00046696468943857464, 0.00047945337356397334, 0.0004937183002715297, 0.0005099407822158146, 0.0005283362079740424, 0.0005491603217139307, 0.000572717148015554, 0.0005993687808083543, 0.0006295477560311282, 0.0006637725092810728, 0.0007026670314348327, 0.0007469857195380724, 0.0007976452461335564, 0.0008557653433266815, 0.0009227216212641932, 0.0010002139802799434, 0.001090356133242588, 0.0011957929154543575, 0.0013198553753443652, 0.0014667662121498183, 0.001641913955074416, 0.0018522195642043577, 0.002106629547964182, 0.0024167800034937234, 0.002797894491423498, 0.0032699976861447363, 0.0038595585283985436, 0.004601708954933427, 0.005543234763329581, 0.006746582477955665, 0.008295193629517233, 0.010300525286863536, 0.01291116975654522, 0.016324468388640316, 0.0208009476813874, 0.026681644159741204, 0.034407945113392645, 0.0445427220423383, 0.057790327785623166, 0.0750112046830161, 0.09722468836454394, 0.12559104055435186, 0.16136170022924856, 0.20578574266682031, 0.25996238814146877, 0.32463507371947686, 0.39993393897320373, 0.4850900424083703, 0.5781651591761356, 0.6758602673013658, 0.773477548585003, 0.8651056372234336, 0.9440702373058693, 1.0036401138113245, 1.037910624585841, 1.0427199097242286, 1.0164106384817577, 0.9602530777100398, 0.8784030022759441, 0.7773703239219378, 0.6650936302850962, 0.5498139335420439, 0.4389855061885505, 0.3384383682842853, 0.25192646027386256, 0.18108763316665202]
9.59188750539836	1.3123874470989003	[0.12629206635028759, 0.08486565694983138, 0.055192172175836454, 0.034798770641031845, 0.021329896426446917, 0.012767282738448411, 0.007518083210693669, 0.004408562864260148, 0.0026240296219865906, 0.001628453840951264, 0.001085873018070172, 0.0007948779640813767, 0.0006395553515870948, 0.0005556450842444527, 0.0005087122582600734, 0.00048085394687426807, 0.00046299987234097784, 0.00045064675227873683, 0.0004415866180372251, 0.00043473877841828, 0.00042956755088403625, 0.000425799629637047, 0.00042328990491810993, 0.00042195882563362587, 0.00042176350447045485, 0.00042268448123961656, 0.0004247197344916882, 0.0004278820836964246, 0.0004321982714946801, 0.00043770896052270573, 0.00044446933830125524, 0.0004525502047324989, 0.00046203953201663504, 0.000473044523183827, 0.0004856942488769439, 0.0005001429604312125, 0.0005165742288422983, 0.000535206089659246, 0.0005562974438045637, 0.0005801560234770668, 0.0006071483404770919, 0.0006377121458006049, 0.0006723721084968835, 0.0007117596284674186, 0.0007566380080516516, 0.0008079345897328515, 0.0008667820214699863, 0.0009345715230239172, 0.0010130220396896083, 0.0011042705048134645, 0.001210990313989642, 0.0013365476316775792, 0.0014852086756621382, 0.0016624158758426582, 0.001875157403062122, 0.002132463450954419, 0.0024460748453937636, 0.0028313457942117826, 0.0033084643850516196, 0.00390410271856682, 0.004653645053038059, 0.005604187213455385, 0.006818554087681697, 0.008380640432291895, 0.010402437181156667, 0.013033144605246417, 0.016470770498159634, 0.02097652116123763, 0.02689205511219312, 0.034659194927242565, 0.04484088302628255, 0.058140914410799695, 0.07541822703084787, 0.09768931227471565, 0.1261098759573362, 0.1619247712501045, 0.20637439327264637, 0.26054747154170627, 0.32517603517169785, 0.4003794313954656, 0.4853808111269995, 0.5782395982991306, 0.6756626749710688, 0.7729682482494885, 0.8642714067949389, 0.9429326662207346, 1.0022593945064489, 1.0363826756665149, 1.0411661399944208, 1.014961437494217, 0.9590281040820842, 0.8774925187592106, 0.776821950119749, 0.6649075485247001, 0.5499473670794431, 0.43936478206869006, 0.33897506544383477, 0.2525334962813031, 0.18169182080263532]
9.567166145848363	1.3164193255266912	[0.1268432173271681, 0.08533237301395365, 0.05556408109389508, 0.03507988427720778, 0.02153277485925009, 0.012907976274795153, 0.007612528767849249, 0.0044705212593900544, 0.002664280622384224, 0.0016548249447122037, 0.0011037019513856665, 0.0008076144008151081, 0.0006493276828684119, 0.0005637153078336779, 0.0005158045814054976, 0.00048737409336508677, 0.00046917245674243913, 0.00045659687264304726, 0.00044738621129816026, 0.00044043196047047266, 0.00043518406291275175, 0.00043136179464276484, 0.00042881619647956823, 0.0004274656911804476, 0.0004272663369937444, 0.000428198159529225, 0.00043025897117146414, 0.00043346166968544436, 0.000437833287199905, 0.0004434149643159208, 0.0004502625622521421, 0.0004584477527864925, 0.0004680596012763958, 0.000479206642426469, 0.0004920195534367605, 0.000506654500017737, 0.000523297328868691, 0.0005421687666983054, 0.0005635308996979298, 0.0005876952246922434, 0.0006150327145403191, 0.0006459864105531511, 0.0006810872784505709, 0.0007209742285597462, 0.0007664195597787095, 0.0008183614236424962, 0.0008779455151523577, 0.00094657885751366, 0.0010259996294938482, 0.0011183682583566902, 0.00122638697079294, 0.0013534574361399937, 0.0015038897782708594, 0.0016831808815737678, 0.001898386675758284, 0.0021586218216715185, 0.0024757326288834813, 0.002865205029841871, 0.003347391510886923, 0.00394916874146121, 0.004706174452280661, 0.005665816151297032, 0.006891298107928716, 0.008466969814675396, 0.010505356159802649, 0.013156265734609443, 0.016618370276592243, 0.021153553130808276, 0.0271040869633883, 0.034912220922360605, 0.04514095192570257, 0.05849350021597723, 0.07582727330850658, 0.09815589552273166, 0.12663048744617908, 0.16248930006571435, 0.20696403385844295, 0.2611329404877907, 0.32571666506295294, 0.40082382223230734, 0.4856697215015437, 0.5783115233115163, 0.6754620783133611, 0.7724556682657484, 0.863433827132208, 0.9417918364706664, 1.0008755712860837, 1.0348517464763298, 1.0396094023912037, 1.0135091558672877, 0.9577998614150496, 0.8765786169803923, 0.7762701795444505, 0.6647183716057877, 0.5500783254461202, 0.43974247596689386, 0.33951122585118626, 0.25314103509714103, 0.1822973940575966]
9.542444786298367	1.3204763235050696	[0.12739637713296872, 0.08580142347848328, 0.05593836840948184, 0.03536320321731977, 0.021737551614042547, 0.013050206723678027, 0.007708156764683088, 0.004533352622981661, 0.0027051567822895238, 0.0016816360919976639, 0.0011218404155399473, 0.0008205727523183134, 0.0006592654496544106, 0.0005719157282651572, 0.0005230056017399741, 0.0004939899756315976, 0.00047543293458589405, 0.00046263006744827814, 0.0004532658200778776, 0.0004462031568346491, 0.0004408772369313747, 0.00043699971349324575, 0.00043441765176459676, 0.0004330473966921813, 0.0004328439106604309, 0.00043378669716390074, 0.00043587338713530773, 0.00043911696219385717, 0.0004435447392078133, 0.0004491983483685611, 0.0004561343266382565, 0.00046442523414296996, 0.00047416123776594334, 0.0004854522258414882, 0.0004984304975460743, 0.0005132541619456611, 0.0005301113654805334, 0.000549225564428285, 0.0005708620654384549, 0.0005953361813383041, 0.0006230233962421692, 0.000654372111292163, 0.0006899196598383292, 0.0007303125578698468, 0.0007763322011010509, 0.0008289276822233251, 0.0008892578854335246, 0.000958745822741221, 0.0010391491088797356, 0.0011326519275457248, 0.0012419856258969345, 0.0013705877519684239, 0.0015228127488010551, 0.0017042124870974061, 0.001921911239737591, 0.0021851088829279663, 0.0025057580174281885, 0.0028994773233032524, 0.0033867847486562398, 0.003994762850604505, 0.004759304099329019, 0.005728129190346905, 0.0069648229678978355, 0.008554190917580504, 0.010609292237570157, 0.013280543779033729, 0.016767279131232618, 0.021332055260822384, 0.027317751768063978, 0.035167034654645386, 0.04544293989572407, 0.05884809462755952, 0.07623835140102286, 0.09862444274816727, 0.12715287696693178, 0.16305528411546982, 0.2075546586601977, 0.26171878444497554, 0.3262569503736169, 0.4012670947893462, 0.48595675615729694, 0.5783809150313389, 0.6752584592793344, 0.7719397901893127, 0.8625928816389211, 0.9406477313822743, 0.9994886289398605, 1.033317821423495, 1.0380496820224738, 1.012053777887031, 0.9565683337831521, 0.8756612795984525, 0.7757149938650962, 0.6645260798680096, 0.5502067888181785, 0.44011856902827945, 0.3400468336907992, 0.2537490656671942, 0.18290434812381315]
9.51772342674837	1.3245586740655375	[0.12795154749718257, 0.08627281630666651, 0.05631504696296067, 0.03564874332484595, 0.02194424362525219, 0.013193990427878409, 0.007804981797251532, 0.004597069200384, 0.0027466678773754734, 0.0017088947898438146, 0.0011402940359059287, 0.000833757186362303, 0.0006693717668662966, 0.0005802487277362677, 0.0005303172210837491, 0.0005007031814970918, 0.0004817827014907593, 0.0004687476077745973, 0.0004592266428353889, 0.00045205351575285606, 0.0004466481936453434, 0.0004427144851224138, 0.0004400953599664324, 0.00043870502233286126, 0.00043849730487799095, 0.000439451172387031, 0.0004415640662813931, 0.00044484905044313305, 0.00044933372823958984, 0.0004550602249955636, 0.00046208576128703064, 0.00047048379678237364, 0.00048034561355902837, 0.0004917824708614158, 0.0005049283102267598, 0.0005199432088116502, 0.0005370176416658918, 0.0005563778290706615, 0.0005782923382351336, 0.000603080345506365, 0.0006311219016882211, 0.0006628708333588977, 0.0006988709183224719, 0.0007397763693020304, 0.0007863777859729438, 0.0008396353295940325, 0.0009007212241724785, 0.0009710746502422416, 0.001052472871827438, 0.001147124084310003, 0.0012577890590611677, 0.0013879415865920312, 0.001541980861864808, 0.0017255142588784313, 0.0019457350055816518, 0.0022119289184435306, 0.0025361557363245742, 0.0029341678718709436, 0.0034266498550048897, 0.004040891385357992, 0.004813041022564675, 0.005791134045196393, 0.007039137186814609, 0.008642312998411058, 0.010714255521765382, 0.013405989501418141, 0.01691750855168679, 0.02151203935289615, 0.027533061630271922, 0.03542364779512456, 0.045746858074367625, 0.05920470714629389, 0.07665146907328618, 0.09909495860413899, 0.12767704622458967, 0.1636227208019343, 0.20814626158572985, 0.2623049928569953, 0.3267968777679619, 0.4017092324680883, 0.48624189752336117, 0.5784477545293051, 0.6750517997328601, 0.771420595846837, 0.8617485535489525, 0.9395003343090288, 0.9980985518062145, 1.0317808845934981, 1.0364869633479021, 1.0105952874139321, 0.9553335047723673, 0.8747404890987497, 0.7751563746460205, 0.6643306537689094, 0.5503327374795707, 0.44049304253009774, 0.3405818731646604, 0.2543575768876119, 0.18351267805920937]
9.493002067198374	1.3286666130806717	[0.12850873009038055, 0.08674655948510679, 0.056694129704321326, 0.03593652061770676, 0.022152868011862305, 0.013339343926404214, 0.007903018650699601, 0.00466168341521502, 0.002788823834423323, 0.0017366086770436366, 0.0011590685385719469, 0.0008471719555541706, 0.0006796498091404667, 0.0005887167404116463, 0.000537741376009677, 0.00050751533260568, 0.00048822317552534884, 0.000474950789967171, 0.00046526989532080364, 0.0004579842069803221, 0.0004524980691751352, 0.00044850722829077285, 0.00044585042516033963, 0.00044443966727224183, 0.00044422761395058113, 0.0004451926820545982, 0.00044733210768095296, 0.0004506590421623302, 0.00045520137063607, 0.0004610017251646262, 0.00046811801224144766, 0.0004766246077295798, 0.0004866139176971033, 0.0004981985946130627, 0.0005115142383977647, 0.0005267229238384298, 0.0005440174794472575, 0.0005636269287240552, 0.0005858231357164777, 0.0006109291927893905, 0.0006393297690854466, 0.000671484187670951, 0.0007079427437041587, 0.0007493674439658995, 0.0007965581949483816, 0.0008504863614044156, 0.0009123376527855227, 0.0009835676072983124, 0.0010659733453967904, 0.0011617873416864821, 0.0012738000872508112, 0.0014055219953972922, 0.00156139743396941, 0.0017470898201214166, 0.001969861930806653, 0.002239086279952826, 0.0025669305626362083, 0.0029692819552742415, 0.003466992641795392, 0.004087560785887892, 0.004867392305467617, 0.005854838554252836, 0.00711424933166922, 0.00873134546673523, 0.010820256147540926, 0.013532613851149072, 0.01706907001620053, 0.02169351743626442, 0.027750028577687436, 0.035682072291519255, 0.04605271742840886, 0.05956334760650119, 0.07706663379345392, 0.09956744813473632, 0.1282029964701997, 0.16419160795301696, 0.20873883589442313, 0.2628915555664676, 0.32733643303447163, 0.4021502189676665, 0.48652512695479966, 0.5785120230722205, 0.6748420804454813, 0.7708980673147501, 0.8609008253035736, 0.9383496291233088, 0.9967053239485112, 1.03024092085175, 1.0349212309066775, 1.0091336689888208, 0.9540953579499734, 0.8738162281511181, 0.7745943030572073, 0.6641320734474189, 0.550456151101202, 0.4408658772791338, 0.3411163279783689, 0.25496655735184487, 0.18412237870661124]
9.468280707648377	1.3328003793054752	[0.1290679264268103, 0.08722266089155754, 0.05707562947849941, 0.036226551096968505, 0.02236344194739404, 0.013486283867040484, 0.008002282265946516, 0.004727207841785417, 0.0028316347423025163, 0.0017647855143094438, 0.0011781697708532614, 0.0008608213872390041, 0.0006901028301578904, 0.0005973222397874089, 0.0005452800549215702, 0.0005144280709306829, 0.0004947558125111411, 0.0004812409226927965, 0.0004713968243078651, 0.0004639964100621472, 0.00045842802723918767, 0.00045437907130380166, 0.00045168397698333156, 0.0004502524408305446, 0.00045003595638282504, 0.00045101233406674994, 0.0004531786336965981, 0.0004565480571074828, 0.0004611488055119562, 0.0004670239928843157, 0.00047423224817756817, 0.00048284884809320414, 0.000492967362090981, 0.0005047018294002287, 0.0005181895524733656, 0.0005335946066008024, 0.0005511122253876769, 0.0005709742491312227, 0.0005934559015693216, 0.0006188842178682984, 0.0006476485647754741, 0.0006802138058594523, 0.0007171368566854539, 0.000759087585509785, 0.0008068753431340858, 0.000861482797859079, 0.0009241093320683442, 0.0009962269878897173, 0.0010796530024573567, 0.0011766443415126273, 0.0012900215819137734, 0.0014233320642579685, 0.0015810658479764289, 0.0017689428250420478, 0.0019942960557820005, 0.0022665853481441734, 0.002598087379520372, 0.003004824874982242, 0.003507819060017728, 0.004134777497244873, 0.00492236521768002, 0.005919250526861415, 0.00719016822201812, 0.008821297640366273, 0.010927304594411628, 0.013660427577666532, 0.01722197546997792, 0.021876501165541788, 0.027968665261476188, 0.035942319455988865, 0.0463605297393227, 0.059924024854947126, 0.07748385407334955, 0.1000419149866539, 0.12873073027993204, 0.16476194162230268, 0.2093323765297132, 0.2634784604263069, 0.3278756040727929, 0.40259003601466703, 0.4868064282777327, 0.578573700091141, 0.6746292846601656, 0.7703721848200753, 0.8600496812161221, 0.9371955975663304, 0.9953089302929532, 1.0286979127169074, 1.0333524693354998, 1.0076689051785843, 0.9528538769500324, 0.8728884784216346, 0.774028760766933, 0.6639303189532533, 0.5505770100552037, 0.44123705429070864, 0.3416501822655454, 0.25557599567632794, 0.1847334449450013]
9.44355934809838	1.3369602144189192	[0.12962913803537826, 0.08770112844642874, 0.05745955934077421, 0.03651885098527779, 0.022575982845758263, 0.013634827140948061, 0.008102787783668708, 0.004793655261466484, 0.002875110829982615, 0.0017934332176494058, 0.0011976036631190649, 0.0008747099169735947, 0.0007007341241399559, 0.000606067774436212, 0.0005529352617845561, 0.0005214430941051138, 0.0005013820723726745, 0.0004876193598296784, 0.00047760867703356276, 0.00047009134385782417, 0.000464439232043436, 0.00046033117792782923, 0.00045759714701572773, 0.0004561444849371484, 0.0004559234545037622, 0.00045691126675095255, 0.00045910477241625216, 0.000462517243867552, 0.0004671771794853274, 0.00047312819996904595, 0.0004804296468999886, 0.0004891577263179299, 0.0004994071692697494, 0.0005112934349470655, 0.0005249555348751138, 0.0005405595847454405, 0.000558303239381077, 0.0005784212053671521, 0.0006011920940946589, 0.0006269469467089875, 0.0006560798709610389, 0.0006890613536289847, 0.0007264549950078262, 0.0007689386355093043, 0.0008173311636913296, 0.0008726267023673411, 0.0009360384415201132, 0.0010090551364576015, 0.00109351433446964, 0.0011916977861839387, 0.0013064564314801013, 0.001441374953891314, 0.0016009894992953717, 0.001791077023284726, 0.0020190414238139194, 0.0022944306293224436, 0.002629631054224009, 0.0030408021029871115, 0.0035491350098835754, 0.004182548202398992, 0.004977966916330338, 0.005984378111610347, 0.007266902460021402, 0.008912179327676965, 0.011035410954162854, 0.013789442143319976, 0.017376236208054868, 0.02206100322611497, 0.02818898330259601, 0.0362044020667225, 0.04667030524540956, 0.06028674976149264, 0.0779031362382842, 0.10051836546875874, 0.12926024728997898, 0.16533372113442066, 0.209926874668131, 0.26406569896641385, 0.3284143742009187, 0.4030286690909335, 0.48708578015567944, 0.5786327686172059, 0.6744133904977689, 0.7698429321178026, 0.8591951014355507, 0.9360382250839492, 0.9939093531922878, 1.0271518464437808, 1.0317806620036036, 1.0062009815269988, 0.9516090444440864, 0.8719572230177989, 0.773459728096295, 0.6637253703456959, 0.5506952931998589, 0.4416065540296437, 0.3421834190797901, 0.25618588012451876, 0.18534587123708202]
9.418837988548384	1.3411463630715366	[0.1301923662519986, 0.08818196997671325, 0.05784593222960578, 0.03681343649130632, 0.02279050817743725, 0.013784990746766984, 0.00820455051005317, 0.004861038603427919, 0.002919262501701779, 0.0018225598204892996, 0.0012173762807207876, 0.0008888420487740451, 0.0007115470772652039, 0.0006149559246725845, 0.0005607090640529538, 0.0005285621120001475, 0.0005081034631888942, 0.0004940874597031143, 0.0004839067409731735, 0.00047627022980448175, 0.0004705328834853977, 0.0004663647151168932, 0.0004635910994516763, 0.00046211694619089304, 0.0004618912609638221, 0.0004628906247983122, 0.00046511168054642806, 0.0004685677590565257, 0.000473287666632448, 0.00047931552781332426, 0.00048671141303946566, 0.0004955524618756512, 0.000505934588479449, 0.0005179746833717953, 0.0005318134951612746, 0.0005476191996362575, 0.000565591909434676, 0.0005859692275373375, 0.0006090332013012353, 0.0006351189216334265, 0.0006646253018734049, 0.000698028514378242, 0.0007358989316643386, 0.0007789224545462786, 0.0008279276294327651, 0.000883920158524094, 0.0009481272062903165, 0.0010220544184462131, 0.001107559886793114, 0.0012069503991066987, 0.0013231075897842458, 0.0014596538443849105, 0.0016211718650685752, 0.001813496179052826, 0.0020441021835285807, 0.0023226266336699875, 0.002661566593916516, 0.0030772190939476972, 0.0035909465828201327, 0.004230879527462952, 0.005034204826003921, 0.006050229329933198, 0.007344461027796082, 0.009004000090009302, 0.011144585861400704, 0.01391966856792011, 0.01753186429672787, 0.02224703555827517, 0.02841099540019049, 0.03646833171863745, 0.04698205565534505, 0.06065153143193624, 0.07832448856115151, 0.10099680344626583, 0.12979154964236694, 0.1659069427110372, 0.21052232461934894, 0.2646532591488884, 0.3289527305065295, 0.40346609996494215, 0.4873631654824324, 0.578689208074121, 0.6741943802717036, 0.7693102894598679, 0.8583370695300394, 0.9348774935812392, 0.9925065771344331, 1.0256027048439014, 1.0302057933292, 1.004729880823183, 0.950360843813113, 0.8710224435325883, 0.7728871862551276, 0.6635172072879014, 0.5508109803082796, 0.441974357000996, 0.34271602200782997, 0.25679619889922606, 0.18595965212687554]
9.394116628998388	1.3453590729277765	[0.1307576123833733, 0.08866519325119059, 0.05823476114452141, 0.037110323918638666, 0.0230070355581415, 0.01393679186502548, 0.00830758592517091, 0.004929370989566191, 0.002964100308121939, 0.001852173511646191, 0.0012374937846108321, 0.0009032223947026447, 0.0007225451269423036, 0.0006239893431942196, 0.0005686035531054436, 0.0005357868860979792, 0.0005149215040059694, 0.0005006466215540735, 0.0004902923099519673, 0.0004825343246685412, 0.00047671018708426, 0.00047248088181862577, 0.0004696670049241855, 0.0004681710008869699, 0.00046794053618847494, 0.00046895158092880783, 0.0004712005240220182, 0.00047470078616605553, 0.0004794814516892189, 0.000485587184025665, 0.0004930787632641216, 0.0005020343002681356, 0.000512550882341185, 0.000524746873120238, 0.0005387647575942003, 0.0005547748197622844, 0.0005729796396159228, 0.0005936197742121176, 0.000616980728673318, 0.0006434017153878597, 0.0006732864907146913, 0.0007071170046359155, 0.0007454704601935687, 0.0007890409399808787, 0.0008386667353302524, 0.0008953652915917562, 0.0009603778752275322, 0.0010352272475483992, 0.0011217922297068591, 0.0012224049608932943, 0.0013399780359952052, 0.0014781719854115001, 0.0016416164464664468, 0.0018362041435360818, 0.002069482502886443, 0.0023511779832244405, 0.002693899014083334, 0.003114081450408733, 0.0036332598562274403, 0.0042797782990761386, 0.005091086315441449, 0.006116812480769724, 0.0074228527777949055, 0.009096769877859361, 0.011254839697504095, 0.014051118419388425, 0.01768887135352547, 0.022434610870154803, 0.028634713514448223, 0.03673412106593323, 0.04729579153987252, 0.06101838039706651, 0.07874791767660425, 0.10147723463490904, 0.13032463728003413, 0.1664816048683409, 0.21111871794822498, 0.26524113162015056, 0.32949065689933277, 0.40390231333542026, 0.48763856375128856, 0.5787430008510591, 0.6739722329589126, 0.7687742398831545, 0.8574755661004545, 0.9337133873981318, 0.9911005842294822, 1.0240504726878112, 1.0286278459814304, 1.0032555872458375, 0.9491092571920786, 0.8700841223630508, 0.7723111155500688, 0.6633058097713832, 0.5509240504990547, 0.4423404437547429, 0.3432479741951296, 0.25740694014739124, 0.18657478191505766]
9.369395269448392	1.3495985947121936	[0.13132487752733732, 0.08915080607817336, 0.05862605912280314, 0.037409529711761126, 0.023225582778474113, 0.014090247860410642, 0.008411909724727586, 0.004998665708642256, 0.00300963499154426, 0.0018822825956032396, 0.0012579624790246874, 0.0009178556296696089, 0.0007337318105030021, 0.0006331707087293605, 0.0005766208918816777, 0.0005431191845437586, 0.0005218377696309627, 0.0005072982436995347, 0.0004967667249253259, 0.0004888848828236462, 0.0004829723901953092, 0.00047868087574865804, 0.00047582607211631503, 0.00047430782617046086, 0.00047407247572144447, 0.00047509531097962137, 0.0004773725016432738, 0.00048091751397039535, 0.0004857597506478342, 0.0004919443834694542, 0.0004995329445229818, 0.0005086044960257003, 0.0005192573434080227, 0.0005316113132718103, 0.0005458106766486525, 0.0005620278257220672, 0.0005804678651412102, 0.0006013743174516555, 0.0006250362145019737, 0.0006517969155082474, 0.0006820651059941766, 0.0007163285569225056, 0.0007551714129855854, 0.0007992960061970727, 0.0008495505201145283, 0.0009069642445523855, 0.0009727927477062547, 0.0010485760552074069, 0.0011362139934132972, 0.0012380642686583231, 0.0013570708224336528, 0.0014969326395077533, 0.0016623268367475343, 0.0018592047727914547, 0.0020951866695167313, 0.002380089289121739, 0.0027266334906652584, 0.003151394734702647, 0.003676081128926008, 0.004329251251397688, 0.005148619066300969, 0.006184135680712164, 0.007502087012107106, 0.009190498310635753, 0.011366183494887633, 0.014183802698922866, 0.017847269936230963, 0.0226237409488797, 0.028860150945498524, 0.03700178134152758, 0.04761152533278483, 0.06138730511072221, 0.0791734327168143, 0.10195966188642419, 0.1308595133339092, 0.16705770240863835, 0.21171605004723917, 0.2658293025169316, 0.33002814157201954, 0.40433728881410713, 0.48791195891726713, 0.5787941240869342, 0.6737469319116877, 0.7682347615755442, 0.8566105758507764, 0.932545886945775, 0.9896913602441345, 1.0224951319280136, 1.027046805568913, 1.0017780830310612, 0.9478542686565717, 0.8691422404378688, 0.7717314971983013, 0.6630911565804791, 0.5510344830848846, 0.4427047939259409, 0.3437792586996355, 0.2580180914656639, 0.18719125482755422]
9.344673909898395	1.353865182256185	[0.13189416275203691, 0.08963881612004278, 0.059019839185627865, 0.03771107033117043, 0.023446167720045492, 0.014245376248898657, 0.008517537759835452, 0.005068936243627898, 0.003055877438402164, 0.0019128955439774687, 0.0012787887634132442, 0.0009327465485423206, 0.000745110713924532, 0.000642502782376322, 0.000584763262868972, 0.0005505608354924381, 0.0005288538407880719, 0.0005140437726594629, 0.0005033313282295193, 0.000495323200387637, 0.0004893207412752677, 0.0004849659322646396, 0.0004820695122103092, 0.0004805286338402657, 0.00048028827952837294, 0.0004813230231681771, 0.0004836288186160222, 0.00048721916196513564, 0.0004921237877844526, 0.0004983883706629278, 0.0005060752137829823, 0.0005152643328509326, 0.0005260552758555945, 0.0005385693421781021, 0.0005529526199332773, 0.0005693796280835993, 0.0005880580358177666, 0.0006092343606236533, 0.0006332012131021649, 0.0006603061429029512, 0.0006909628336655194, 0.0007256649400688384, 0.0007650036412603571, 0.0008096896079331543, 0.0008605810426162384, 0.0009187192062536784, 0.000985374144172783, 0.0010621033262667888, 0.0011508278294976174, 0.0012539311833326399, 0.0013743890217718234, 0.0015159391476546337, 0.001683306645909779, 0.001882502022231039, 0.0021212189793954807, 0.002409365292258105, 0.002759775190964102, 0.0031891646837385575, 0.0037194166590945594, 0.004379305359722804, 0.005206810662150208, 0.00625220738624957, 0.007582172835740957, 0.00928519549253235, 0.011478627925225913, 0.01431773310023141, 0.01800707198374561, 0.022814438561664815, 0.029087319990100325, 0.037271325138723624, 0.04792926793212112, 0.06175831586358505, 0.07960104060856572, 0.10244409045207296, 0.13139617799091044, 0.16763523315563159, 0.21231431269104764, 0.2664177616216205, 0.33056516864884733, 0.4047710101687192, 0.48818333072779513, 0.5788425592779984, 0.6735184563902191, 0.7676918367727903, 0.8557420796268932, 0.9313749758496104, 0.9882788874162343, 1.020936666689722, 1.025462654747184, 1.0002973517945795, 0.9465958602278371, 0.8681967796933077, 0.7711483113318784, 0.6628732273156827, 0.5511422569363595, 0.44306738767690806, 0.34430985834330746, 0.25862964062514543, 0.18780906486809326]
9.319952550348399	1.3581590925463134	[0.13246546907312462, 0.09012923103508061, 0.05941611444553381, 0.03801496237451339, 0.023668808439119334, 0.01440219474637643, 0.008624486074506861, 0.005140196273644134, 0.0031028386961545144, 0.0019440209818163718, 0.0012999791465391638, 0.0009479000501955366, 0.000756685487316625, 0.0006519883922503043, 0.0005930328840747019, 0.0005581137125924107, 0.0005359713193645436, 0.000520884689673406, 0.0005099874774797999, 0.0005018506030433144, 0.0004957565022137431, 0.0004913373136444477, 0.0004883985496480487, 0.0004868346610746589, 0.0004865891613066181, 0.0004876359501334773, 0.0004899706946035315, 0.0004936069735264998, 0.0004985748026792933, 0.000504920413834156, 0.0005127068442499052, 0.0005220151183471175, 0.0005329460011287023, 0.0005456223226524696, 0.0005601919734768842, 0.0005768316628317245, 0.0005957516211787668, 0.0006172014339049058, 0.0006414773000144446, 0.0006689310471876357, 0.0006999813826428438, 0.0007351279541205097, 0.0007749690212083487, 0.0008202237344092669, 0.0008717603889528017, 0.0009306324042677592, 0.0009981244149900165, 0.0010758115898210144, 0.001165636422358078, 0.0012700086173480052, 0.0013919357424996045, 0.0015351949119331166, 0.0017045595225060222, 0.001906099921199927, 0.002147583768744396, 0.00243901082476339, 0.002793329321678308, 0.0032273971491065135, 0.0037632727382334802, 0.00442994774582378, 0.005265668704049682, 0.006321036243244514, 0.00766311933855989, 0.009380871774371536, 0.011592183585728133, 0.014452921638964398, 0.018168289262758385, 0.023006716895178296, 0.029316232626237778, 0.037542765594362544, 0.048249029718318466, 0.06213142364327445, 0.08003074751858294, 0.10293052645725254, 0.13193463041145484, 0.16821419598210044, 0.2129134963589645, 0.2670064998851749, 0.33110172070813876, 0.4052034623448931, 0.4884526571973883, 0.5788882890059481, 0.6732867839016358, 0.7671454487044439, 0.8548700567782581, 0.9302006387298436, 0.9868631469734543, 1.0193750621001363, 1.0238753756040415, 0.9988133779524248, 0.9453340134989364, 0.8672477224133037, 0.7705615375507089, 0.6626520014746993, 0.5512473503306825, 0.44342820487878803, 0.34483975548749396, 0.25924157517733215, 0.18842820581986072]
9.295231190798402	1.362480585770945	[0.13303879726142492, 0.0906220584427924, 0.05981489793678987, 0.03832122248116207, 0.023893523094818056, 0.01456072120565616, 0.008732770913343341, 0.00521245963572891, 0.0031505300156477096, 0.001975667652113899, 0.001321540296819965, 0.0009633210972255664, 0.0007684598945187806, 0.0006616303901050894, 0.000601432055982019, 0.0005657796918751834, 0.0005431918720027553, 0.0005278224702323161, 0.0005167365851631062, 0.0005084684094550889, 0.0005022809835419193, 0.0004977962768237514, 0.0004948144529480251, 0.0004932271423956928, 0.0004929763752330843, 0.0004940353247088544, 0.000496399386941531, 0.0005000821949042359, 0.0005051140705367827, 0.000511541786483475, 0.0005194291434547379, 0.0005288581674995503, 0.0005399308744377806, 0.0005527716267436105, 0.0005675301572541067, 0.0005843853768257533, 0.0006035501256505907, 0.0006252770798037456, 0.0006498660874597865, 0.0006776732915906705, 0.0007091225012867107, 0.000744719413802611, 0.0007850694724459754, 0.0008309003902656657, 0.0008830906942365564, 0.0009427060817664809, 0.0010110459672645433, 0.0010897033897392101, 0.0011806425239901288, 0.001286299495280759, 0.0014097141761142636, 0.0015547033407201324, 0.0017260892203488734, 0.0019300024938163978, 0.002174285511738869, 0.002469030692155348, 0.002827301276215419, 0.0032660979175525243, 0.0038076559179749557, 0.004481185400260101, 0.005325201164015253, 0.006390630654357046, 0.0077449361474460875, 0.009477537080668374, 0.011706861854896876, 0.014589379616171008, 0.01833093466961835, 0.023200587988289736, 0.029546902436933236, 0.03781611408382498, 0.04857082328944848, 0.06250663687027272, 0.08046256256755162, 0.10341897250415467, 0.13247487352572687, 0.16879458525254853, 0.21351359611902773, 0.26759550293264317, 0.33163778562647506, 0.4056346245148392, 0.4887199220755343, 0.5789312900902344, 0.6730518976461507, 0.7665955752154461, 0.8539944916867991, 0.9290228553999589, 0.9854441240153885, 1.0178102992159739, 1.0222849528606812, 0.9973261428216014, 0.9440687117986135, 0.8662950489160374, 0.7699711566741947, 0.6624274575516874, 0.5513497423642575, 0.4437872249146561, 0.3453689328823246, 0.25985388234138634, 0.1890486715227304]
9.270509831248406	1.366829925369717	[0.13361414804581803, 0.09111730591266927, 0.06021620280049324, 0.038629867429633806, 0.02412033003179394, 0.014720973696225282, 0.008842408715907283, 0.005285740382456621, 0.0031989628038478646, 0.0020078444705248395, 0.0013434789828102166, 0.0009790147746368946, 0.0007804377519407462, 0.0006714317118976074, 0.0006099631020167323, 0.0005735607106208594, 0.0005505171739948326, 0.0005348586387775458, 0.0005235800673454509, 0.0005151779805324114, 0.0005088954987444528, 0.0005043441168232558, 0.0005013184947626929, 0.0004997073474606919, 0.0004994511813978018, 0.0005005224126649921, 0.0005029161607651298, 0.0005066461037124894, 0.0005117428761770611, 0.0005182537924960933, 0.0005262434302471868, 0.0005357948252825074, 0.0005470112639148607, 0.0005600186566776282, 0.0005749686056990717, 0.0005920422478934247, 0.0006114550696314209, 0.0006334628732379176, 0.0006583692051500497, 0.000686534573930678, 0.000718387956989516, 0.0007544411715009956, 0.000795306935168103, 0.0008417216219988361, 0.000894574115639156, 0.0009549425294599451, 0.0010241412314079905, 0.0011037813251481832, 0.00119584891035895, 0.0013028068075596315, 0.0014277275375086937, 0.0015744679229982791, 0.0017478995136300539, 0.0019542138656881646, 0.0022013286953258215, 0.0024994298314728707, 0.0028616964448289336, 0.003305272951089454, 0.0038525727163045884, 0.00453302555307672, 0.00538541592533316, 0.00646099935608297, 0.007827632705752598, 0.009575201807356038, 0.011822673772270892, 0.014727119001590787, 0.01849502052027156, 0.02339606482380962, 0.0297793420727414, 0.03809138329543674, 0.04889465983446961, 0.0628839657447987, 0.08089649287455564, 0.10390943351584195, 0.13301690759274964, 0.16937639819878197, 0.21411460368863425, 0.2681847596921797, 0.3321733473353351, 0.40606447936311896, 0.4889851047962497, 0.5789715428221404, 0.6728137765489701, 0.7660421974432631, 0.8531153650424156, 0.9278416087618371, 0.9840218009425455, 1.0162423618682215, 1.0206913694965767, 0.9958356298502237, 0.9427999372274967, 0.8653387406923596, 0.7693771484040849, 0.6621995743214892, 0.5514494110992153, 0.4441444269917539, 0.34589737252510216, 0.2604665491360126, 0.1896704554488002]
9.24578847169841	1.3712073780847203	[0.13419152205855214, 0.09161498093544226, 0.060620042141629756, 0.03894091402961041, 0.024349247690720333, 0.014882970434210085, 0.00895341609897601, 0.005360052749759761, 0.003248148643150059, 0.0020405605053520617, 0.001365802102473523, 0.0009949862691871335, 0.0007926229577651859, 0.0006813953549306575, 0.0006186283956809901, 0.0005814587440659294, 0.0005579489341380429, 0.0005419947465775481, 0.0005305193661177582, 0.0005219806993453829, 0.0005156013841847145, 0.0005109821490213774, 0.0005079119693143966, 0.0005062765656668295, 0.000506014860940751, 0.0005070984994219679, 0.0005095223021482187, 0.0005132999974232524, 0.0005184625255339885, 0.0005250577560532234, 0.0005331510450201326, 0.0005428264576229185, 0.0005541885599217176, 0.0005673648365216604, 0.0005825087764394321, 0.0005998037768515133, 0.000619467997988165, 0.000641760413562427, 0.0006669883089019084, 0.0006955166182662615, 0.0007277795453132531, 0.0007642951080689322, 0.0008056833803232699, 0.0008526895073136685, 0.0009062128443084605, 0.0009673440726301776, 0.0010374126758235774, 0.0011180480338619464, 0.001211258400426994, 0.0013195335883125475, 0.0014459790908129602, 0.001594492197498664, 0.0017699942335370805, 0.001978738219346961, 0.0022287178730272727, 0.0025302132449215873, 0.0028965202959971357, 0.003344928285813838, 0.003898029743198272, 0.004585475516940861, 0.005446320978716516, 0.006532151173479145, 0.007911218579972722, 0.009673876438214846, 0.011939630513593211, 0.014866151839002355, 0.01866055927245903, 0.023593160423150072, 0.030013564318153652, 0.03836858589102918, 0.049220550651232785, 0.06326342034491408, 0.08133254563100713, 0.10440191418345264, 0.13356073291908777, 0.1699596317372213, 0.21471651085852872, 0.2687742587696565, 0.33270838994047697, 0.4064930093334456, 0.48924818509862494, 0.579009027339879, 0.6725723998634826, 0.7654852963157062, 0.8522326576483936, 0.9266568812477115, 0.9825961598829386, 1.014671233139748, 1.0190946079610932, 0.9943418217448105, 0.94152767146835, 0.8643787788422057, 0.768779492376101, 0.6619683305574838, 0.5515463347567575, 0.4444997904327559, 0.34642505651423766, 0.261079562577276, 0.19029355101731962]
9.221067112148413	1.3756132140105017	[0.13477091977509653, 0.09211509097252091, 0.06102642909624972, 0.039254379202174436, 0.024580294674608805, 0.015046729826192817, 0.009065809890060991, 0.005435411167878342, 0.003298099305504899, 0.002073824974740008, 0.0013885166917506529, 0.0010112408633032902, 0.0008050194998630532, 0.0006915243714682153, 0.000627430368313735, 0.0005894757992282114, 0.0005654889020030286, 0.0005492323659340263, 0.0005375559561685429, 0.0005288779658708621, 0.000522400004934713, 0.0005177117045341633, 0.000514596197513428, 0.000512936102175635, 0.0005126687205302299, 0.000513764886668824, 0.0005162191220383278, 0.0005200451904994599, 0.0005252743491540175, 0.0005319550191855746, 0.0005401533528820418, 0.0005499544492810879, 0.0005614641780023157, 0.0005748116103032596, 0.0005901521531316224, 0.000607671485779516, 0.0006275904828765378, 0.0006501713229133695, 0.0006757250835490631, 0.000704621173218553, 0.0007372990931159172, 0.0007742831310180265, 0.0008162008131050527, 0.0008638061530357119, 0.0009180091094254031, 0.0009799130685540264, 0.0010508628118117878, 0.0011325061889970753, 0.0012268738623258549, 0.0013364829106757307, 0.001464472157469137, 0.0016147797459076217, 0.001792377279229417, 0.002003579784073851, 0.002256457680406488, 0.0025613859842645026, 0.002931778398929814, 0.003385070007599917, 0.003944033734270531, 0.0046385426490680145, 0.005507924473644312, 0.006604094960708484, 0.007995703539051031, 0.00977357145317894, 0.012057743513755744, 0.015006490107846103, 0.018827563714959767, 0.023791887643598377, 0.030249582377128548, 0.03864773421882025, 0.04954850756167416, 0.06364501023203646, 0.08177072866939288, 0.10489641843317368, 0.1341063505711641, 0.17054428174872754, 0.2153193102796858, 0.26936398747922663, 0.33324289846527155, 0.40692019538718677, 0.48950914364541354, 0.5790437222416963, 0.672327747749531, 0.7649248513591792, 0.8513463512140593, 0.9254686542143473, 0.9811671838647655, 1.0130968954128485, 1.0174946514865237, 0.9928447007424128, 0.9402518966888952, 0.863415144020272, 0.7681781683275408, 0.661733704531266, 0.5516404913794304, 0.4448532940777103, 0.34695196668970973, 0.2616929093314936, 0.19091795146892196]
9.196345752598416	1.3800477066453987	[0.13535234155284914, 0.09261764341483782, 0.06143537680090616, 0.03957027993736841, 0.02481348971680225, 0.015212270452175576, 0.009179607111015632, 0.0055118302640683615, 0.0033488267448506604, 0.0021076472571846284, 0.0014116299185143997, 0.001027783946785271, 0.0008176314488013368, 0.0007018218796269005, 0.0006363715013229705, 0.0005976139247139809, 0.0005731388601153166, 0.0005565730989531829, 0.0005446913374544686, 0.0005358712047688411, 0.000529292748206795, 0.0005245341370357773, 0.0005213725212302819, 0.0005196872838470118, 0.000519414087439464, 0.0005205228975154438, 0.0005230079520401966, 0.0005268830188917035, 0.0005321796985629368, 0.000538946945749929, 0.0005472517404769939, 0.0005571802074401101, 0.0005688395560299327, 0.0005823604453395619, 0.0005979002428148023, 0.0006156469212109406, 0.0006358241211843406, 0.0006586972493850563, 0.0006845812403527818, 0.0007138500152696103, 0.0007469484557906791, 0.0007844071781007102, 0.0008268612698469037, 0.0008750736991915381, 0.0009299651745197143, 0.000992651911382706, 0.0010644941889667464, 0.0011471585050987282, 0.0012426982073171482, 0.0013536578948544636, 0.001483210107948075, 0.0016353342039463394, 0.0018150526060161428, 0.002028742851727886, 0.002284552817608046, 0.0025929531741737824, 0.002967476397056428, 0.0034257042874042067, 0.003990591509681211, 0.004692234405453378, 0.005570234653855912, 0.006676839684901062, 0.008081097452712927, 0.009874297457624028, 0.01217702430735521, 0.015148145920014027, 0.01899604672120576, 0.02399225947130826, 0.030487409501881432, 0.03892884073671622, 0.049878542372999275, 0.06402874504114424, 0.08221104972018767, 0.10539295021868414, 0.1346537614169707, 0.17113034410307867, 0.21592299432621134, 0.26995393311380683, 0.3337768576214088, 0.40734601848908414, 0.48976796079811474, 0.5790756061633252, 0.672079800088337, 0.764360842133615, 0.8504564271627524, 0.9242769089851613, 0.9797348555915547, 1.0115193309450334, 1.0158914829645318, 0.9913442489129171, 0.9389725947701676, 0.8624478167430364, 0.7675731558006241, 0.6614956744136168, 0.5517318588626785, 0.44520491665011575, 0.3474780847310431, 0.26230657591389944, 0.19154364988673758]
9.17162439304842	1.384511132945862	[0.13593578773072226, 0.09312264555711039, 0.061846898417203415, 0.039888633284839846, 0.025048851672162625, 0.015379611070327886, 0.009294824959117194, 0.005589324879215465, 0.0034003430760114325, 0.0021420369152556113, 0.0014351490604052994, 0.0010446210432073595, 0.0008304629347651655, 0.0007122910897617862, 0.0006454543029567784, 0.0006058752357481339, 0.0005809006016089628, 0.00056401860056423, 0.0005519270145625477, 0.0005429618860742524, 0.0005362810048765279, 0.0005314508410430504, 0.0005282422870948252, 0.0005265314752246557, 0.0005262522955013243, 0.0005273738904234863, 0.0005298901322662904, 0.0005338148522386741, 0.0005391799356873832, 0.0005460349322547934, 0.0005544476066348446, 0.0005645051715140567, 0.0005763161457501212, 0.0005900128413748768, 0.0006057545680230077, 0.0006237316629396472, 0.0006441705268929439, 0.0006673398758525378, 0.0006935585092761746, 0.0007232049579838887, 0.0007567295090668631, 0.00079466922739055, 0.000837666808863731, 0.0008864943305482249, 0.0009420833266884568, 0.0010055630459790163, 0.001078309381807984, 0.001162007755507312, 0.001258734372375962, 0.0013710617308932622, 0.001502196338002903, 0.0016561592924637842, 0.0018380241916528927, 0.0020542318207746523, 0.0023130079998791298, 0.0026249200765268445, 0.003003619933426106, 0.0034668374774507013, 0.004037709859521885, 0.004746558487146566, 0.005633259679412666, 0.006750394650386989, 0.008167410014780684, 0.009976065525777726, 0.012297484101785331, 0.015291132040493923, 0.019166020601961497, 0.02419428979567566, 0.030727058037842696, 0.039211919132404266, 0.05021066552035503, 0.06441463604331758, 0.08265351457167389, 0.10589151560636793, 0.1352029637672309, 0.1717178172983731, 0.21652755225617845, 0.27054408608324143, 0.3343102486123209, 0.40777046307239373, 0.4900246132514969, 0.5791046612881268, 0.6718285331648821, 0.763793251460951, 0.8495628635758256, 0.9230816295364234, 0.9782991548389807, 1.0099385239076983, 1.014285082935091, 0.9898404496023813, 0.9376897459318688, 0.8614767783694404, 0.7669644333324602, 0.6612542189224634, 0.5518204145533504, 0.445554637163674, 0.34800339199094604, 0.26292054891525996, 0.1921706391338995]
9.146903033498424	1.3890037733785165	[0.13652125834742204, 0.09363010473461687, 0.062261007147720475, 0.040209456463629493, 0.025286399606657375, 0.015548770650082807, 0.009411480889208653, 0.0056679100401603654, 0.0034526606457047737, 0.0021770036384195406, 0.0014590815741046745, 0.0010617577427597254, 0.0008435182177404966, 0.0007229352358384076, 0.0006546813773938938, 0.0006142618479160254, 0.0005887759955661612, 0.0005715705168817596, 0.0005592645564596801, 0.0005501514695221692, 0.0005433662227675858, 0.0005384632027294205, 0.0005352068932204195, 0.000533470035687753, 0.0005331847257247291, 0.0005343192220812399, 0.0005368670466322808, 0.0005408420615949293, 0.0005462764637749919, 0.0005532203794717419, 0.000561742389901538, 0.000571930787668148, 0.0005838954378849234, 0.0005977703070671209, 0.0006137166903919254, 0.0006319273015554428, 0.0006526313541053845, 0.0006761008976225146, 0.0007026586624004703, 0.0007326878287486978, 0.0007666441739220344, 0.0008050712718791029, 0.0008486195382489102, 0.0008980702474506321, 0.000954365909164242, 0.001018648932723828, 0.0010923110298432764, 0.0011770567277742544, 0.001274985371855984, 0.001388697619552295, 0.001521434338318627, 0.0016772587356990555, 0.001861296134083939, 0.002080051079095911, 0.002341828099581996, 0.002657291917244525, 0.0030402148629383443, 0.0035084758494207348, 0.0040853958676106625, 0.0048015224384307924, 0.005697008126875657, 0.006824768878045634, 0.008254651518582519, 0.01007888624465729, 0.0124191349724842, 0.015435460432207778, 0.019337498919661984, 0.02439799124095378, 0.030968542108789132, 0.03949698118706951, 0.050544889900833945, 0.06480269177608201, 0.08309813229391168, 0.10639211694765588, 0.1357539600913513, 0.17230669506211513, 0.21713297827385905, 0.27113443103075907, 0.3348430581111545, 0.40819350706496393, 0.49027908332755027, 0.579130863073271, 0.6715739287434912, 0.7632220559676859, 0.8486656437154525, 0.9218827949068855, 0.9768600661277047, 1.008354455063328, 1.0126754358914285, 0.9883332838983447, 0.9364033330684066, 0.8605020085017223, 0.7663519806884492, 0.6610093151923729, 0.551906135980426, 0.44590243333993546, 0.3485278696161239, 0.2635348141288114, 0.19279891193055085]
9.122181673948427	1.3935259119759869	[0.1371087534392753, 0.09414002812605365, 0.06267771613318558, 0.04053276666677474, 0.025526152642110514, 0.015719768297949008, 0.009529592510853517, 0.005747600982487579, 0.0035057919639026164, 0.0022125573076173166, 0.0014834350327216758, 0.0010791997768010034, 0.0008568016219220516, 0.000733757648929273, 0.0006640553579723189, 0.0006227759464612434, 0.0005967669227497353, 0.0005792305489379835, 0.0005667055372996988, 0.0005574414618681113, 0.0005505498537625361, 0.0005455726505297312, 0.0005422677428588623, 0.0005405043635864635, 0.0005402127660916141, 0.000541360285729761, 0.0005439400880229124, 0.0005479660528451969, 0.0005534706969835694, 0.0005605047219277977, 0.0005691375415617482, 0.0005794585353816169, 0.0005915789376200803, 0.0006056343845798569, 0.0006217881876770763, 0.0006402354619979077, 0.0006612082746721148, 0.0006849820458985555, 0.0007118834911866529, 0.0007423004931937793, 0.0007766943923659237, 0.0008156153461032603, 0.0008597215887827986, 0.0009098036962983722, 0.0009668152894483289, 0.001031912084149729, 0.0011065017981798347, 0.0011923082698649346, 0.0012914542464321536, 0.0014065688333082366, 0.0015409276253394973, 0.0016986363452807624, 0.0018848725539397132, 0.0021062051240303813, 0.0023710180040069392, 0.0026900740632276867, 0.0030772670392289576, 0.003550625861509475, 0.0041336565856097225, 0.00485713405622331, 0.005761488484980392, 0.0068999717371286415, 0.00834283207379855, 0.01018277068648384, 0.012541988653475066, 0.015581143734129287, 0.01951049464802729, 0.024603377364266755, 0.03121187488443133, 0.03978403994516391, 0.05088122695720084, 0.065192922445294, 0.08354490988468352, 0.10689475873841717, 0.13630675012847174, 0.17289697380752594, 0.21773926329961177, 0.27172495586846823, 0.3353752692151427, 0.4086151321929717, 0.4905313497876154, 0.5791541910195834, 0.6713159651889115, 0.7626472359846661, 0.8477647475044744, 0.9206803868378394, 0.9754175706045174, 1.0067671066379469, 1.011062523214347, 0.9868227335745466, 0.9351133368479784, 0.8595234873802933, 0.7657357766314399, 0.6607609412164204, 0.551989000536665, 0.4462482836683836, 0.34905149881029235, 0.26414935769703524, 0.19342846089969262]
9.09746031439843	1.3980778363924664	[0.13769827286782563, 0.09465242288960075, 0.06309703860194729, 0.04085858125345701, 0.025768130112686114, 0.015892623353033503, 0.009649177669472618, 0.005828413162352568, 0.003559749740780829, 0.002248707973028604, 0.0015082171521126361, 0.0010969529887222944, 0.0008703175626830435, 0.0007447617287669627, 0.0006735789348993292, 0.0006314197596279793, 0.0006048753022317891, 0.0005870004280947993, 0.000574251560833484, 0.0005648333946992452, 0.0005578333755590814, 0.0005527806355376533, 0.0005494262634751922, 0.0005476358791777288, 0.0005473378281534723, 0.0005484984964011353, 0.0005511106727423871, 0.0005551882539020855, 0.0005607640730774021, 0.0005678894166781366, 0.0005766345369878139, 0.0005870899174089099, 0.0005993681750045864, 0.0006136066403592786, 0.0006299706635889839, 0.0006486577947877637, 0.0006699029878447469, 0.0006939850790998838, 0.0007212348163529565, 0.0007520448461947974, 0.0007868821380074538, 0.0008263035163483267, 0.0008709751257738451, 0.0009216969583093034, 0.000979433873218314, 0.0010453550513591517, 0.0011208843946394905, 0.001207765272879378, 0.0013081440851372742, 0.0014246786932901841, 0.0015606797708765173, 0.0017202959880820417, 0.0019087576358900653, 0.0021326985158721017, 0.00240058267512701, 0.0027232719530179334, 0.003114782403473343, 0.0035932940526854137, 0.0041824991678300755, 0.004913401226580968, 0.005826709362090325, 0.006976012691340576, 0.008431961927528436, 0.010287730016512652, 0.0126660570329596, 0.015728194665159897, 0.019685020928398994, 0.024810461772705978, 0.031457069710524664, 0.04007310845096457, 0.051219688311394396, 0.06558533818611965, 0.08399385451769403, 0.10739944531247983, 0.13686133377364443, 0.17348864966366226, 0.21834639834448785, 0.272315648051103, 0.33590686497159344, 0.4090353195075216, 0.4907813911600639, 0.5791746237959534, 0.6710546205643024, 0.7620687711170419, 0.8468601547981913, 0.9194743868099071, 0.9739716498305073, 1.005176461154837, 1.009446327013587, 0.9853087808574749, 0.9338197384282444, 0.8585411952831074, 0.7651157997726915, 0.6605090744549683, 0.5520689849792417, 0.4465921658946106, 0.34957426013537496, 0.2647641652330025, 0.19405927832904948]
9.072738954848434	1.402659837960451	[0.13828981639411175, 0.09516729609723851, 0.06351898772147996, 0.04118691759483808, 0.026012351436797573, 0.016067355297443246, 0.009770254397519457, 0.005910362230841944, 0.0036145468835709765, 0.002285465853347882, 0.0015334357997513718, 0.0011150233361153846, 0.0008840705547649498, 0.0007559509436185007, 0.0006832548611609437, 0.000640195556862643, 0.0006131030958924494, 0.0005948819136840687, 0.0005819042641523867, 0.0005723288220981284, 0.0005652182949249914, 0.0005600886294132303, 0.0005566839096126607, 0.0005548660228339581, 0.0005545613495612252, 0.0005557352894192074, 0.0005583802427594885, 0.0005625101134627871, 0.0005681580554398357, 0.0005753759422727292, 0.000584234877471917, 0.0005948264589080452, 0.0006072647066523656, 0.0006216886643769803, 0.0006382657494112367, 0.0006571959753378576, 0.0006787172218553797, 0.0007031117821937215, 0.0007307144894606967, 0.0007619228111759053, 0.0007972094176966859, 0.0008371378798599523, 0.0008823823508164443, 0.0009337523485626283, 0.0009922241062805055, 0.0010589804227922393, 0.0011354615720162954, 0.001223430669393255, 0.0013250580280901635, 0.001443030566967354, 0.001580694405564448, 0.0017422415829088094, 0.0019329556332439842, 0.002159535873024392, 0.0024305271560055965, 0.0027568910895828936, 0.003152766993662691, 0.003636487031790463, 0.004231930885026495, 0.004970331908005888, 0.00589267950694542, 0.007052901272897591, 0.008522051495254389, 0.010393775452057614, 0.012791352198124769, 0.015876625958327187, 0.019861091131005894, 0.025019258016684656, 0.031704140186075154, 0.0403641995778713, 0.05156028585386665, 0.0659799488038271, 0.08444497364612188, 0.10790618049077584, 0.13741771123060503, 0.1740817180928746, 0.2189543748154811, 0.2729064943133281, 0.3364378289937257, 0.40945404941686836, 0.4910291867339814, 0.5791921395482037, 0.6707898737375644, 0.7614866404180529, 0.8459518459719778, 0.9182647754752642, 0.9725222853405409, 1.003582499992533, 1.0078268289510675, 0.9837914068624505, 0.9325225185721739, 0.8575551118664324, 0.7644920287341057, 0.6602536923146691, 0.5521460663630181, 0.44693405792880164, 0.35009613437706966, 0.2653792223901755, 0.19469135650370795]
9.048017595298438	1.40727221174852	[0.13888338360894473, 0.09568465476931257, 0.06394357672671486, 0.04151779320655078, 0.026258836231641058, 0.016243983842664143, 0.009892840960673012, 0.005993464067918916, 0.00367019650151301, 0.0023228413480184517, 0.0015590989870687617, 0.0011334168992260243, 0.00089806520327534, 0.0007673288392287933, 0.0006930859442212698, 0.0006491056578961664, 0.0006214523007831835, 0.0006028768015397656, 0.0005896653106971706, 0.0005799293283310494, 0.0005727061414420892, 0.0005674981311757187, 0.0005640421574225277, 0.0005621962609914244, 0.0005618847893548238, 0.0005630721256020893, 0.0005657502616751957, 0.0005699331055879953, 0.0005756541296095873, 0.000582965802843023, 0.0005919400872140813, 0.000602669711166286, 0.0006152701130675535, 0.0006298820736220023, 0.0006466751015543724, 0.0006658517073364577, 0.0006876527315938263, 0.0007123639700977841, 0.0007403243906067521, 0.0007719363436721967, 0.000807678269110993, 0.0008481205687347897, 0.0008939454991196193, 0.0009459722204350304, 0.0010051884714354573, 0.001072790829507322, 0.0011502361241793838, 0.001239307440014035, 0.0013421992613776399, 0.0014616278766271227, 0.0016009752117995778, 0.0017644771118911177, 0.001957470857780826, 0.0021867218878502746, 0.0024608565556418663, 0.002790937063058349, 0.0031912269214376455, 0.0036802115110180014, 0.004281959088423037, 0.005027934181727795, 0.005959407752505668, 0.007130647159135481, 0.00861311127371366, 0.010500918380178467, 0.012917886302390292, 0.016026450541860977, 0.02003871865865915, 0.025229779866501694, 0.03195309988420577, 0.04065732644199127, 0.051903031362461174, 0.06637676436637115, 0.0848982744956391, 0.10841496836897341, 0.13797588233240507, 0.17467617481943404, 0.21956318357244703, 0.2734974815863918, 0.33696814414020065, 0.4098713024025879, 0.4912747148594361, 0.5792067163895597, 0.6705217026155432, 0.7609008229721211, 0.8450398007195888, 0.9170515338194686, 0.9710694584938697, 1.0019852051964466, 1.0062040108853063, 0.9822705933655093, 0.9312216581544683, 0.8565652169957173, 0.7638644418207641, 0.6599947718590464, 0.5522202210932368, 0.44727393709730245, 0.3506171016980028, 0.2659945143694115, 0.19532468736175468]
9.023296235748441	1.4119152566198259	[0.13947897399538214, 0.09620450583120739, 0.06437081880102054, 0.04185122562497733, 0.026507604208534312, 0.01642252885444817, 0.010016955817996564, 0.006077734759152953, 0.0037267119047030344, 0.0023608450349105058, 0.0015852148790651305, 0.0011521398812474517, 0.0009123062129574089, 0.000778899037182385, 0.0007030750532693814, 0.000658152429664116, 0.000629924954967635, 0.000610986920485762, 0.0005975363952293539, 0.0005876365244700823, 0.0005802984718434546, 0.0005750106641846545, 0.000571502508468026, 0.0005696280835469122, 0.0005693096313038654, 0.0005705104890560361, 0.0005732222176708787, 0.0005774587278425488, 0.000583253805911593, 0.0005906605265270845, 0.0005997517157111479, 0.0006106212502454551, 0.0006233860008644315, 0.0006381885109038207, 0.0006552004036762403, 0.0006746267216472711, 0.0006967113006963463, 0.0007217434866158328, 0.0007500664305507768, 0.0007820874302334962, 0.0008182907629991558, 0.0008592537487116065, 0.0009056668419638704, 0.000958358964173011, 0.0010183294912748915, 0.001086788943385399, 0.0011652108893908557, 0.0012553986109977268, 0.001359571021164105, 0.0014804740960687856, 0.001621525929060273, 0.0017870066157337548, 0.0019823076869456384, 0.0022142613196606347, 0.0024915760591036696, 0.00282541554017376, 0.003230168386856509, 0.0037244742897022034, 0.004332591231782189, 0.005086216226540041, 0.006026903049356629, 0.007209260133074225, 0.008705151891376306, 0.01060917029545315, 0.013045671640321495, 0.01617768144068576, 0.020217917054148573, 0.025442041157084736, 0.03220396249894577, 0.04095250216227688, 0.05224793669366726, 0.06677579485098573, 0.08535376430956826, 0.10892581284150986, 0.1385358468740546, 0.17527201527900227, 0.22017281543130834, 0.2740885965030401, 0.3374977933069453, 0.41028705873646143, 0.4915179540620887, 0.579218332335634, 0.6702500853416868, 0.7603112977407321, 0.8441239988022806, 0.9158346424535837, 0.9696131503491683, 1.0003845581232496, 1.0045778540970014, 0.980746321401404, 0.9299171375615889, 0.8555714901123406, 0.7632330172130456, 0.6597322901279564, 0.5522914257122451, 0.44761178084338704, 0.3511371423620446, 0.2666100263721665, 0.1959592627827005]
8.998574876198445	1.416589275293824	[0.14007658687423058, 0.09672685617087604, 0.06480072716308315, 0.04218723250374928, 0.026758675253635553, 0.016603010405459334, 0.010142617659702402, 0.006163190608355709, 0.0037841066172119293, 0.002399487667022282, 0.0016117918010725236, 0.0011711986021245287, 0.0009267983948679837, 0.0007906652290182946, 0.0007132251261927605, 0.0006673382808570447, 0.0006385231441857211, 0.0006192141272400857, 0.0006055192498787038, 0.0005954520437296407, 0.0005879968753852361, 0.0005826277719959286, 0.0005790664944555025, 0.0005771630002561515, 0.0005768373880663961, 0.0005780518840810407, 0.0005807976271791239, 0.0005850884986397919, 0.0005909586227320049, 0.0005984616631707757, 0.0006076713407296451, 0.0006186826749556343, 0.0006316140055298379, 0.000646609643016488, 0.0006638433693232437, 0.0006835227745841842, 0.0007058947441552194, 0.0007312522027421282, 0.0007599425533884773, 0.0007923780866700216, 0.0008290490060283651, 0.0008705396172520679, 0.0009175486898595071, 0.0009709150046696885, 0.0010316497318359494, 0.0011009774744069444, 0.0011803887547172478, 0.001271707250734372, 0.0013771765992442086, 0.0014995727458484089, 0.0016423503611809544, 0.0018098341870084645, 0.0020074705737347623, 0.0022421589849127657, 0.002522690941401993, 0.0028603322495233804, 0.0032695976983939568, 0.0037692822317394944, 0.004383834900831311, 0.005145186283816433, 0.006095174509644893, 0.007288750029209445, 0.008798184174646605, 0.010718542716975896, 0.013174720747823042, 0.016330331652498253, 0.020398700151819087, 0.02565605561001153, 0.032456742072753446, 0.041249739617292176, 0.05259501411676482, 0.06717704982830887, 0.0858114508172602, 0.10943871720402518, 0.13909760521573683, 0.1758692341109232, 0.22078326184165592, 0.27467982471568075, 0.3380267600497151, 0.4107012975572052, 0.49175888348999724, 0.5792269641875536, 0.6699750006126534, 0.7597180425349073, 0.8432044205104603, 0.914614081090495, 0.9681533425348543, 0.9987805395743307, 1.0029483404255215, 0.979218571671347, 0.9286089375402298, 0.8545739103147053, 0.7625977331128109, 0.6594662237011085, 0.5523596565125766, 0.44794756612287806, 0.3516562363179841, 0.2672257432353851, 0.19659507443719296]
8.973853516648449	1.4212945744053	[0.1406762214882622, 0.09725171255721916, 0.06523331505309664, 0.042525831570408464, 0.027012069394713345, 0.016785448774393013, 0.01026984537797273, 0.006249848163488415, 0.003842394349547275, 0.002438780209100813, 0.0016388382087272793, 0.0011905995374044348, 0.0009415466337367776, 0.0008026312141144493, 0.0007235391361927594, 0.000676665697607884, 0.0006472489696261436, 0.0006275603392216411, 0.0006136156143566652, 0.0006033775709855219, 0.0005958029471499381, 0.0005903510444692885, 0.000586735653786, 0.0005848025635707692, 0.0005844695808154607, 0.0005856978550752847, 0.0005884780172164974, 0.0005928239746667173, 0.0005987701310955114, 0.0006063707997735448, 0.0006157005546397436, 0.0006268556208249522, 0.0006399557790339722, 0.0006551471737211972, 0.0006726057303550572, 0.0006925416603841013, 0.0007152048971001947, 0.0007408920291114002, 0.0007699547252106118, 0.0008028103710130378, 0.000839955128774478, 0.0008819804176489731, 0.0009295933791866916, 0.0009836428175462888, 0.0010451517869705291, 0.0011153591898518571, 0.001195772636806411, 0.0012882364937370238, 0.0013950193182460774, 0.0015189274245815028, 0.001663452342924609, 0.0018329640126790703, 0.002032963999837845, 0.002270419817094853, 0.002554206499602465, 0.0028956930684999422, 0.003309521171987433, 0.003814642394826533, 0.004435697660348609, 0.0052048528527728465, 0.0061642311730675655, 0.00736912703081748, 0.008892218789110385, 0.010829047640409258, 0.013305045855933196, 0.016484414827616926, 0.020581081258863126, 0.025871837834915208, 0.03271145179886753, 0.04154905287598233, 0.052944274618968945, 0.06758054042746148, 0.08627133993515293, 0.10995368672825924, 0.1396611553239374, 0.1764678283597159, 0.22139451131277949, 0.2752711546598667, 0.3385550245750926, 0.411114001034895, 0.49199747876311706, 0.5792325918256054, 0.6696964236963706, 0.7591210380601651, 0.8422810430661695, 0.9133898319428945, 0.9666900141482146, 0.9971731323141885, 1.0013154497714614, 0.9776873262536252, 0.9272970374369133, 0.8535724575353577, 0.7619585667451197, 0.6591965495557873, 0.5524248891055189, 0.44828126998475926, 0.3521743630333293, 0.2678416497288594, 0.19723211368535007]
8.949132157098452	1.4260314645672612	[0.1412778767826139, 0.09777908174820729, 0.065668595622601, 0.04286704060125895, 0.02726780678100032, 0.016969864383374115, 0.010398658111177655, 0.006337724143921368, 0.003901589077380131, 0.00247873375731864, 0.0016663627802888067, 0.0012103492315683536, 0.0009565559830486997, 0.0008148008105793753, 0.000734020184314902, 0.000686137156450234, 0.0006561046348333268, 0.0006360274530802777, 0.0006218273153181139, 0.0006114147689608315, 0.0006037183589040209, 0.0005981820524186772, 0.0005945115938177655, 0.0005925483116021332, 0.0005922077934895117, 0.0005934499370345875, 0.0005962649726354614, 0.0006006667077979515, 0.0006066899361447072, 0.0006143895225590425, 0.0006238410014064539, 0.0006351417260558466, 0.0006484130235940391, 0.0006638028123555285, 0.0006814892686975117, 0.0007016851812689249, 0.0007246436457431341, 0.0007506648862943, 0.0007801049654992343, 0.0008133863527117282, 0.0008510113190026216, 0.0008935784055363306, 0.0009418033091402467, 0.00099654489091502, 0.00105883832134627, 0.00112993686845139, 0.0012113655343620293, 0.001304989482995109, 0.0014131025986800047, 0.001538541733156488, 0.0016848358294482054, 0.0018564002703488486, 0.0020587925998048224, 0.0022990487195764272, 0.0025861282311209345, 0.002931503808393514, 0.003349945394207401, 0.0038605617094912537, 0.0044881874504659434, 0.005265224203874693, 0.006234082610656582, 0.007450400927206789, 0.008987267161891768, 0.010940696406089438, 0.013436660290411169, 0.016639943561932862, 0.020765075244784412, 0.02608940080447769, 0.03296810706153243, 0.04185045356788357, 0.05329573217831474, 0.06798627431220224, 0.08673344152073938, 0.11047072203149437, 0.14022650014423463, 0.17706778921065183, 0.2220065583495556, 0.27586256791361824, 0.3390825739240366, 0.411525143915603, 0.492233722799838, 0.5792351876885745, 0.6694143370475335, 0.7585202580574872, 0.8413538500917668, 0.9121618710752335, 0.9652231493684765, 0.9955623140059227, 0.9996791656599828, 0.976152563363385, 0.9259814190264236, 0.8525671091508854, 0.7613154969415452, 0.6589232432144971, 0.5524871001038564, 0.44861286869726247, 0.3526915024601672, 0.26845773014606156, 0.19787037200377286]
8.924410797548456	1.4308002604357963	[0.14188155180542414, 0.09830897029468606, 0.06610658214990973, 0.04321087747992932, 0.027525907732408553, 0.01715627792474306, 0.010529075171496378, 0.006426835585056636, 0.003961704904241719, 0.002519359697477922, 0.0016943742530484036, 0.001230454466599609, 0.0009718314944450351, 0.0008271780263036904, 0.0007446713316218759, 0.0006957552897270983, 0.0006650922869066263, 0.0006446174985758802, 0.0006301561207876594, 0.0006195654172411445, 0.0006117447289639337, 0.0006061224705850867, 0.0006023958765672467, 0.0006004018754948551, 0.0006000535733469613, 0.000601309748848365, 0.0006041600496923335, 0.0006086183264349994, 0.0006147196214636347, 0.0006225194887165431, 0.0006320943092948611, 0.0006435426960445529, 0.0006569874304303111, 0.0006725783334314805, 0.0006904957589015274, 0.000710955204359009, 0.000734212871521409, 0.0007605727612948857, 0.0007903952905351956, 0.0008241081711878483, 0.0008622197617040277, 0.0009053359124428778, 0.0009541808751265548, 0.0010096237977384854, 0.0010727119928133166, 0.0011447133868335835, 0.0012271704332114464, 0.001321969478212942, 0.0014314298373548427, 0.0015584194164196324, 0.001706504733695273, 0.0018801473214239734, 0.002084960934912542, 0.0023280508385322956, 0.0026184615084982577, 0.0029677706116623217, 0.003390876741680068, 0.00390704757077885, 0.004541311862476472, 0.005326309273730222, 0.0063047378210433, 0.0075325824770314815, 0.009083339795346543, 0.01105350177325523, 0.013569575913011129, 0.016796932521062933, 0.020950694721996958, 0.026308760471104423, 0.03322671988006129, 0.04215395751580788, 0.05364939595785373, 0.06839426485906029, 0.08719775886553877, 0.11098983119144272, 0.1407936341426049, 0.1776691170932896, 0.2226193871385725, 0.2764540568152645, 0.3396093833623473, 0.4119347126156774, 0.492467585994536, 0.5792347359677649, 0.669128710829987, 0.7579156872899547, 0.840422814225728, 0.910930184229733, 0.9637527235174272, 0.993948070224812, 0.9980394651078526, 0.9746142670667417, 0.9246620595440328, 0.851557846258289, 0.7606684993775238, 0.6586462821176934, 0.5525462639491474, 0.4489423392884257, 0.35320763318411985, 0.2690739690159545, 0.1985098401695459]
8.89968943799846	1.4356012807730065	[0.1424872451584681, 0.09884138483860785, 0.06654728779721396, 0.04355736016824389, 0.027786392715036988, 0.017344710219728266, 0.0106611161645983, 0.006517199655258398, 0.004022756257829288, 0.0025606694964360314, 0.0017228816517620889, 0.0012509220372802605, 0.0009873784544180914, 0.0008397668297589248, 0.0007554958310159211, 0.0007055226630321143, 0.0006742142350610066, 0.0006533324309397371, 0.0006386039400528465, 0.0006278312244272246, 0.000619883800698602, 0.0006141739114223655, 0.0006103901754618, 0.0006083648343708059, 0.000608008567397125, 0.0006092788673907148, 0.0006121648947072404, 0.0006166804258866339, 0.0006228608530658298, 0.0006307623298774388, 0.0006404621834351808, 0.0006520602167350719, 0.0006656807640951054, 0.0006814754967528683, 0.0006996270473083521, 0.0007203535855309356, 0.0007439145281302499, 0.0007706176320892457, 0.0008008277914655956, 0.0008349779577269875, 0.0008735827217915423, 0.0009172552610838089, 0.0009667285605376122, 0.0010228820994120074, 0.0010867755592206148, 0.001159691604310715, 0.0012431904366600544, 0.001339179711457303, 0.0014500045739149906, 0.0015785641740316716, 0.0017284631484999519, 0.0019042094529449832, 0.002111473801114879, 0.0023574311977145584, 0.0026512120209487415, 0.0030044994196517668, 0.003432322031620741, 0.0039541070446053065, 0.004595079116423218, 0.005388116463645182, 0.006376206716717698, 0.00761568157679451, 0.009180448533138598, 0.0111674751327251, 0.013703806554720144, 0.016955394242907703, 0.021137955166203187, 0.02652992956861838, 0.03348730635628931, 0.04245957584184565, 0.0540052807747327, 0.06880451886937702, 0.08766430280043215, 0.11151101354968777, 0.14136256138633024, 0.17827180149949953, 0.22323299345609096, 0.27704560089066815, 0.34013544131634016, 0.41234267958407167, 0.4926990526832214, 0.5792312067215308, 0.668839528855055, 0.7573072972439712, 0.8394879203315471, 0.9096947455583629, 0.9622787218719697, 0.9923303771750357, 0.9963963325173552, 0.9730724144950444, 0.9233389412855743, 0.8505446453336869, 0.7600175529721944, 0.6583656409398317, 0.5526023569865993, 0.4492696572391601, 0.35372273473199417, 0.26969035000572816, 0.19915050930027736]
8.874968078448463	1.4404348485131162	[0.14309495548987358, 0.09937633180403795, 0.06699072578470681, 0.04390650668784481, 0.028049282331048992, 0.017535182326916823, 0.010794800873060003, 0.006608833822457057, 0.004084757716643227, 0.0026026748989728243, 0.0017518940882406773, 0.0012717589623820974, 0.0010032021744684132, 0.0008525713631452565, 0.0007664969196749637, 0.0007154419806305014, 0.0006834727537611874, 0.0006621743217760045, 0.0006471726430957859, 0.0006362140005720913, 0.0006281372811316589, 0.0006223380776396013, 0.000618496133633835, 0.0006164388485178392, 0.0006160743991759352, 0.0006173589432331525, 0.0006202811370410935, 0.0006248546692302429, 0.0006311152857731454, 0.0006391197410470228, 0.0006489463226602037, 0.0006606960345635902, 0.0006744947868803982, 0.000690496121217887, 0.0007088849812444666, 0.0007298822398393149, 0.0007537505727630248, 0.000780801537458547, 0.0008114045647277412, 0.0008459979077558258, 0.0008851024704661401, 0.0009293388436773077, 0.0009794488550494323, 0.0010363224347585912, 0.0011010317832749691, 0.0011748744689738114, 0.0012594286492615895, 0.001356623519712397, 0.001468830342140088, 0.0015989798336289616, 0.001750715147972933, 0.0019285911132383138, 0.0021383359532791213, 0.0023871950309187033, 0.0026843853785154833, 0.003041696455991744, 0.0034742879381682882, 0.0040017475871284205, 0.004649497183567907, 0.005450654726955191, 0.006448498789551684, 0.007699708916348521, 0.009278604525288153, 0.011282629023723097, 0.013839364932085811, 0.017115342923882605, 0.02132687031547839, 0.026752923197043862, 0.0337498799776091, 0.0427673229705852, 0.05436339767549364, 0.06921704761115019, 0.08813307898081447, 0.11203427424910185, 0.14193327922914933, 0.1788758390934683, 0.22384736490102963, 0.27763718803568954, 0.3406607269128125, 0.41274902641811734, 0.49292809737821264, 0.5792245793126608, 0.6685467653416952, 0.7566950681692188, 0.8385491446534343, 0.908455536825973, 0.9608011225984223, 0.9907092171261175, 0.9947497468896723, 0.9715269871650877, 0.92201204273115, 0.8495274856812819, 0.7593626340981818, 0.6580812959359021, 0.5526553539298859, 0.449594798751238, 0.35423678562341154, 0.2703068570146944, 0.1997923699474508]
8.850246718898466	1.4453012908313092	[0.14370468130721148, 0.09991381755362541, 0.06743690930156278, 0.04425833511566455, 0.02831459730444683, 0.01772771548175756, 0.010930149299305282, 0.006701755776814363, 0.004147724087423996, 0.0026453878424838842, 0.001781420854568576, 0.0012929723939789292, 0.0010193080886763937, 0.0008655958498500612, 0.0007776779146745921, 0.0007255159952126105, 0.000692870172734579, 0.0006711452745548727, 0.0006558641428187961, 0.0006447155805661332, 0.0006365069143220886, 0.0006306166943537592, 0.0006267154283363904, 0.0006246256001858194, 0.0006242527247879164, 0.0006255516492964222, 0.0006285104378090542, 0.0006331427426663339, 0.0006394846058703422, 0.0006475934413623115, 0.0006575484574328084, 0.0006694519213066997, 0.0006834312933241953, 0.0006996420524881811, 0.0007182714413636976, 0.000739543110777499, 0.0007637229975252183, 0.0007911265466025599, 0.0008221277438215786, 0.0008571702494675589, 0.0008967813188000842, 0.0009415890879971078, 0.0009923442918067331, 0.0010499474814670295, 0.001115483475718392, 0.001190264971691959, 0.0012758882293854136, 0.0013743042873210728, 0.0014879107369487748, 0.0016196702754751502, 0.001773264876666581, 0.001953296809124314, 0.002165552228566313, 0.0024173476365795814, 0.002717987288660115, 0.0030793680146143955, 0.003516781252151701, 0.004049976728427677, 0.004704574176250131, 0.0055139330895789904, 0.0065216237029114355, 0.00778467524680867, 0.009377819130326905, 0.011398976017496424, 0.013976264013653322, 0.017276792734079855, 0.02151745420885627, 0.026977756329411292, 0.03401445458566139, 0.04307721304576575, 0.05472375811966373, 0.06963186186456378, 0.08860409354654364, 0.11255961770618352, 0.1425057856086625, 0.17948122558953702, 0.2244624897979129, 0.2782288050437401, 0.34118522017700104, 0.4131537335572259, 0.49315469562954367, 0.5792148319514884, 0.6682503955449528, 0.756078979154325, 0.8376064642595202, 0.9072125385891546, 0.9593199043312914, 0.9890845711423635, 0.99309968738725, 0.9699779655669793, 0.9206813424147727, 0.8485063459274449, 0.7587037192283009, 0.6577932230260118, 0.5527052296156042, 0.449917739859174, 0.35474976441352496, 0.27092347378733694, 0.200435412594328]
8.82552535934847	1.4502009392097328	[0.14431642083611165, 0.1004538483987356, 0.06788585153966413, 0.04461286364732607, 0.028582358552617648, 0.01792233113671789, 0.011067181719042918, 0.006795983436686063, 0.0042116704397867155, 0.0026888204436881715, 0.0018114714499169818, 0.00131456959744089, 0.0010357017784127281, 0.0008788445732058408, 0.0007890422365907049, 0.0007357474872846886, 0.0007024088990031047, 0.0006802474054102817, 0.0006646804150588329, 0.0006533378067654983, 0.0006449944991936091, 0.0006390114937237944, 0.0006350497866394236, 0.000632926780188036, 0.0006325452466621233, 0.000633858669231773, 0.0006368545019701555, 0.0006415463454107069, 0.000647970541839703, 0.000656185165194698, 0.0006662703595448433, 0.000678329666091689, 0.0006924921191863169, 0.0007089151556125017, 0.0007277883502044218, 0.00074933816322626, 0.0007738338378790009, 0.0008015947521174264, 0.0008329995079684192, 0.0008684972365014235, 0.0009086216269877637, 0.0009540084493585513, 0.0010054174577402437, 0.0010637599468663775, 0.001130133507350205, 0.0012058661349492242, 0.0012925724038501667, 0.0013922254318174073, 0.0015072494329818322, 0.001640639413670291, 0.0017961165741353362, 0.0019783310799956415, 0.002193127580092464, 0.0024478943407985586, 0.002752023603879166, 0.0031175204055985555, 0.0035598089502174154, 0.004098801991668052, 0.004760318450216589, 0.00557796052809063, 0.006595591445019091, 0.0078705911963931, 0.009478104146226287, 0.011516528441395144, 0.014114517366461476, 0.01743975741099892, 0.02170972169967382, 0.027204443228819597, 0.03428104511934456, 0.04338925912027067, 0.05508637501692287, 0.07004897083477701, 0.08907735449627552, 0.11308704619880725, 0.14308008074338924, 0.18008795397080876, 0.22507835911417615, 0.27882043543241536, 0.34170890399605164, 0.4135567777765198, 0.4933788258861238, 0.5792019390905867, 0.6679503975205352, 0.7554590058513859, 0.8366598588709737, 0.905965728679145, 0.9578350481552781, 0.9874564184056333, 0.9914461352267556, 0.9684253289268613, 0.9193468202473009, 0.847481203680594, 0.7580407854141499, 0.6575013971605607, 0.5527519588520422, 0.4502384557381356, 0.3552616493845172, 0.27154018346503894, 0.20107962749915623]
8.800803999798473	1.4551341295094742	[0.1449301721920537, 0.10099643053698695, 0.06833756566541643, 0.04497011052285442, 0.02885258711181555, 0.01811905093322248, 0.01120591862122705, 0.006891534965914103, 0.0042766120618227535, 0.0027329850391918896, 0.0018420555406058947, 0.001336557998835072, 0.0010523889316843252, 0.0008923219234863497, 0.0008005933683980157, 0.0007461393092895014, 0.0007120913772141385, 0.0006894828834862741, 0.0006736234619042732, 0.0006620825651687779, 0.0006536018566490267, 0.0006475242468843432, 0.000643500956531048, 0.0006413441158068934, 0.0006409536884146332, 0.0006422817217332235, 0.0006453150564876767, 0.0006500672109767514, 0.0006565748452458066, 0.0006648966810162032, 0.0006751138251228773, 0.0006873310924610042, 0.0007016791259819671, 0.0007183173308837124, 0.0007374376576770182, 0.0007592693986826313, 0.0007840851585148663, 0.0008122082851862878, 0.000844022067766349, 0.000879981163741057, 0.0009206257890977559, 0.0009665994277958229, 0.0010186709765576155, 0.0010777625874822967, 0.0011449847891017299, 0.0012216810361690552, 0.0013094844434334877, 0.0014103904330472026, 0.0015268501530956652, 0.0016618912341339446, 0.0018192745326657315, 0.002003698549405279, 0.0022210670180676465, 0.002478840569961817, 0.0027865002371092913, 0.003156160060483543, 0.0036033780701399945, 0.004148231049326352, 0.004816738417436218, 0.005642746204849602, 0.006670412044879832, 0.007957467626277276, 0.009579471378012003, 0.011635298915372013, 0.014254138501458777, 0.017604251057688147, 0.021903687478669692, 0.02743299860950664, 0.03454966619138171, 0.0437034747945699, 0.05545126072373267, 0.07046838438103789, 0.0895528689967004, 0.11361656277890818, 0.14365616372891238, 0.1806960181353496, 0.22569496245507362, 0.2794120637961587, 0.34223175976830766, 0.4139581370793275, 0.4936004651074231, 0.5791858764730053, 0.6676467479048355, 0.7548351250841098, 0.8357093068544497, 0.904715085783279, 0.9563465338557356, 0.9858247385663151, 0.9897890704619842, 0.9668690566690499, 0.9180084552645097, 0.8464520366684857, 0.7573738091903621, 0.6572057934103642, 0.5527955161819771, 0.45055692162071354, 0.3557724186256578, 0.2721569691275305, 0.20172500473082708]
8.776082640248477	1.4601012020393977	[0.14554593333867719, 0.10154157006095765, 0.06879206484531358, 0.04533009406079263, 0.029125304170974715, 0.01831789672502692, 0.011346380729200084, 0.006988428782527569, 0.004342564471307145, 0.002777894186611383, 0.0018731829673772605, 0.001358945183538951, 0.0010693753491704476, 0.0009060323957966137, 0.0008123348608084622, 0.0007566943832444181, 0.000721920094310563, 0.0006988539285531231, 0.0006826953157494032, 0.0006709517831931945, 0.0006623308331021051, 0.0006561567619915357, 0.0006520707100180229, 0.0006498793691447261, 0.0006494797975974404, 0.0006508225591795049, 0.000653893852798572, 0.0006587071060704359, 0.0006652992929930861, 0.0006737297905010891, 0.0006840806767379096, 0.0006964580576336336, 0.0007109942030046804, 0.0007278505132152709, 0.0007472213430598212, 0.0007693388547085749, 0.0007944790553820473, 0.000822969315056318, 0.0008551976673228341, 0.0008916243667705968, 0.0009327962353883071, 0.0009793645674349995, 0.0010321075113450548, 0.0010919582082408342, 0.0011600402750640978, 0.0012377128066201578, 0.0013266276665247325, 0.001428802831575052, 0.0015467166729307563, 0.0016834297921902157, 0.001842743103197012, 0.0020294039213019804, 0.0022493756177357775, 0.002510191844762834, 0.002821423172717218, 0.003195293522674016, 0.0036474957264675104, 0.004198271707731543, 0.004873842568905644, 0.005708299443186129, 0.006746095606139837, 0.008045315591239987, 0.009681932688655467, 0.01175530029086726, 0.014395140950406074, 0.01777028805066376, 0.022099366189791435, 0.027663437503377093, 0.03482033226006868, 0.0440198740315825, 0.05581842729010702, 0.07089011277057758, 0.09003064371851195, 0.11414817095519472, 0.14423403295924078, 0.1813054124917688, 0.2263122885349687, 0.2800036752929185, 0.34275376786049083, 0.41435779006818996, 0.49381958915283625, 0.579166620442173, 0.6673394222533757, 0.7542073142413185, 0.8347547856077322, 0.9034605890931535, 0.9548543404304857, 0.984189511691135, 0.9881284725469505, 0.9653091285006641, 0.9166662260306052, 0.845418822723652, 0.7567027666743189, 0.6569063867717264, 0.5528358757506908, 0.4508731125411503, 0.35628204986616113, 0.27277381362650593, 0.20237153409283137]
8.75136128069848	1.4651025016305486	[0.14616370206483578, 0.10208927297794551, 0.0692493622248812, 0.045692832648115245, 0.02940053106346944, 0.018518890563977944, 0.011488589007133503, 0.007086683546783114, 0.004409543431220607, 0.0028235606533139144, 0.0019048637641924655, 0.0013817388839483977, 0.0010866669630794437, 0.0009199805766400265, 0.0008242703499562444, 0.0007674156869412204, 0.0007318975956795311, 0.0007083627976846663, 0.0006918980538116751, 0.0006799474174066638, 0.0006711833133611254, 0.0006649108732846054, 0.0006607608544448982, 0.0006585343275604421, 0.0006581253555911289, 0.0006594829593473056, 0.00066259267546976, 0.0006674678234051633, 0.0006741456949640698, 0.0006826863222358075, 0.0006931727702514745, 0.0007057124468978086, 0.0007204392736016027, 0.0007375166670096778, 0.0007571414209171813, 0.0007795486000738394, 0.0008050176614601168, 0.0008338800442526784, 0.0008665285900994987, 0.0009034292169396554, 0.0009451354384727228, 0.0009923064511504483, 0.0010457297713568515, 0.0011063496563827734, 0.0011753029703041194, 0.0012539646241293283, 0.00134400544853345, 0.001447466219528647, 0.001566852832746226, 0.0017052592005401745, 0.00186652671084566, 0.0020554519635865316, 0.00227805854054088, 0.0025419537569331065, 0.002856798496351053, 0.003234927413568359, 0.0036921691538058074, 0.0042489318566901225, 0.004931639538711366, 0.005774629651416655, 0.006822652403080241, 0.008134146224322675, 0.009785500143427907, 0.011876545476061548, 0.014537538481729381, 0.01793788277791565, 0.02229677274815571, 0.027895774874707988, 0.03509305808647284, 0.044338470605932934, 0.056187887095905796, 0.07131416592069638, 0.09051068568720248, 0.11468187369906976, 0.1448136872133357, 0.18191613072951013, 0.22693032649624093, 0.2805952542233286, 0.3432749091208439, 0.41475571442077547, 0.49403617440570513, 0.5791441464202768, 0.6670283966422413, 0.7535755498430018, 0.8337962729756384, 0.9022022170083878, 0.9533584471909858, 0.9825507171487335, 0.9864643211006069, 0.9637455235469127, 0.9153201111568086, 0.844381539226877, 0.7560276339514563, 0.6566031518970405, 0.5528730116041616, 0.4511870032453582, 0.3567905206732262, 0.27339069955782747, 0.2030192052158964]
8.726639921148484	1.470138377708806	[0.14678347601505956, 0.1026395451868388, 0.06970947093730082, 0.0460583447374799, 0.029678289264820426, 0.018722054708243136, 0.011632564652665593, 0.007186318175586627, 0.00447756493993446, 0.0028699974339183552, 0.0019371081467618712, 0.0014049469977813337, 0.0011042698244265053, 0.0009341711616311389, 0.000836403544066945, 0.0007783062704065696, 0.0007420264719945478, 0.0007180118002151845, 0.0007012337857963133, 0.0006890714669131303, 0.0006801612095043053, 0.0006737884529291664, 0.0006695732227214472, 0.0006673108140757293, 0.0006668921691498691, 0.0006682647345455764, 0.0006714133349230588, 0.0006763511897677475, 0.0006831158877374431, 0.0006917681389365, 0.0007023919893246981, 0.0007150961802005009, 0.0007300162902734847, 0.0007473177923340426, 0.0007671999365976762, 0.0007899007407265369, 0.0008157031424663755, 0.0008449427145561287, 0.0008780171546326879, 0.000915398127577834, 0.000957645908832315, 0.0010054277072863824, 0.001059540507048378, 0.0011209398290359758, 0.0011907759250528774, 0.0012704397219719852, 0.001361621214714305, 0.0014663842514764224, 0.0015872625281082024, 0.0017273836431199667, 0.0018906298422736174, 0.0020818475264617648, 0.002307121016332331, 0.002574131994418069, 0.002892632369091507, 0.0032750684681861686, 0.0037374056683839056, 0.0043002195211830725, 0.00499013804597068, 0.005841746399210411, 0.006900092792203147, 0.008223970850734631, 0.009890185875255272, 0.011999047605906723, 0.014681344897155483, 0.018107049890584155, 0.02249592203801665, 0.028130025986129844, 0.03536785829720059, 0.044659278622089606, 0.05655965223931626, 0.07174055410679628, 0.09099300146390572, 0.11521767437081809, 0.14539512461265977, 0.1825281669692923, 0.22754906465769276, 0.28118678537637504, 0.3437951634687919, 0.4151518883594835, 0.49425019628730155, 0.5791184303951354, 0.6667136462095302, 0.7529398089274946, 0.832833745924973, 0.9009399483307522, 0.9518588326587277, 0.9809083345622069, 0.9847965950707132, 0.9621782210550086, 0.9139700887234836, 0.8433401635827692, 0.7553483867047727, 0.6562960633822663, 0.5529068974655105, 0.45149856834452234, 0.3572978083271131, 0.2740076093348342, 0.20366800749713532]
8.701918561598488	1.4752091843705812	[0.14740525257574888, 0.10319239249580714, 0.07017240408468743, 0.046426648862442126, 0.029958600413283725, 0.018927411624354396, 0.011778329127865651, 0.007287351830770985, 0.00454664526376204, 0.002917217729618325, 0.0019699265451569277, 0.0014285775629046076, 0.0011221901350854677, 0.0009486089286760349, 0.0008487382541193805, 0.0007893692292675399, 0.0007523093877376936, 0.0007278032725383304, 0.0007107046797962162, 0.0006983259503576019, 0.0006892664839530335, 0.0006827913905749561, 0.0006785096936015087, 0.0006762106694972553, 0.000675782088098683, 0.0006771697160913148, 0.0006803576828814316, 0.0006853590525140077, 0.0006922117481734044, 0.0007009771255797293, 0.0007117402575492029, 0.0007246112015207044, 0.0007397272457496677, 0.0007572559151542222, 0.000777398976637362, 0.0008003974105175513, 0.0008265377069655501, 0.0008561595978442448, 0.0008896657247425778, 0.0009275335445498672, 0.0009703302055664976, 0.0010187309994527146, 0.0010735425219074997, 0.0011357316616475099, 0.001206462248332776, 0.0012871413751130568, 0.0013794784565933464, 0.0014855606272840558, 0.001607949730587858, 0.001749807352788558, 0.0019150570728855606, 0.0021085955122200086, 0.0023365683804942553, 0.0026067322990303283, 0.0029289310798532656, 0.0033157234740982472, 0.003783212744043399, 0.004352142771364962, 0.005049347007265561, 0.005909659283063899, 0.006978427380652426, 0.00831480078555966, 0.009996002338004083, 0.012122819738675945, 0.014826574410769065, 0.018277803852799576, 0.022696829472089602, 0.028366205743779252, 0.03564474819033493, 0.044982311587621844, 0.056933735659529514, 0.07216928669545082, 0.09147759864168291, 0.11575557505683058, 0.1459783445097455, 0.18314151368052184, 0.2281684927521535, 0.28177825155883773, 0.34431451237157423, 0.4155462879072535, 0.4944616318240417, 0.5790894461144868, 0.6663951476754261, 0.7523000664658634, 0.8318671829152716, 0.899673760152856, 0.9503554766894832, 0.9792623422731559, 0.9831252744783558, 0.9606071993379187, 0.9126161375109405, 0.8422946724548408, 0.7546650009038558, 0.6559850951683702, 0.5529375070118477, 0.45180778187027826, 0.3578038898912342, 0.2746245249192256, 0.20431793011655178]
8.677197202048491	1.4803152804594326	[0.14802902907235793, 0.10374782057706701, 0.07063817477340184, 0.0467977636132973, 0.030241486278335384, 0.01913498399463188, 0.01192590411053622, 0.007389803955028596, 0.004616800885504501, 0.0029652350010564944, 0.002003329550743153, 0.0014526388168346965, 0.0011404341932078586, 0.000963298797924054, 0.0008612783393549527, 0.0008006077619676906, 0.0007627490289624153, 0.0007377396309407033, 0.0007203129140458025, 0.0007077129535581696, 0.0006985011061847803, 0.0006919216355441048, 0.0006875721536099885, 0.0006852357893670912, 0.0006847969722121805, 0.0006861997865457814, 0.0006894275836229686, 0.0006944933077998168, 0.0007014351683133742, 0.000710315214414323, 0.0007212195162169776, 0.0007342595014549944, 0.0007495741528633299, 0.0007673331082630237, 0.000787740650002851, 0.0008110407912183938, 0.0008375235882557808, 0.0008675330159528222, 0.0009014766913099334, 0.0009398379667744586, 0.0009831909172155493, 0.0010322190486562793, 0.0010877386512882252, 0.0011507281529434899, 0.0012223650834299227, 0.0013040729296539993, 0.0013975807021447877, 0.0015049991284289868, 0.0016289184497947453, 0.0017725346580523239, 0.0019398130163968946, 0.002135700937776466, 0.002366406004368908, 0.002639760553125176, 0.002965700946250217, 0.0033568993951650665, 0.003829597867299462, 0.004404709903316635, 0.005109275320755371, 0.005978378194464061, 0.007057666701145603, 0.008406647734547048, 0.01010296181577044, 0.012247875454268383, 0.014973240912821114, 0.018450159826029686, 0.022899509903829943, 0.028604329980464267, 0.03592374216753965, 0.0453075842259837, 0.05731014895303129, 0.07260037461915854, 0.09196448293533807, 0.11629557981172796, 0.14656334381179417, 0.18375616572971087, 0.22878859755909534, 0.2823696383760706, 0.3448329339891212, 0.41593889217103286, 0.4946704545940851, 0.579057170473361, 0.6660728743850608, 0.751656300346458, 0.8308965592816324, 0.8984036319879889, 0.9488483564085243, 0.9776127204181089, 0.9814503371299791, 0.9590324379231293, 0.9112582346756035, 0.841245043284852, 0.7539774514548371, 0.6556702216613189, 0.5529648132671824, 0.4521146180643358, 0.35830874200349705, 0.2752414282866302, 0.20496896196336503]
8.652475842498495	1.4854570296442922	[0.14865480253765162, 0.10430583503995983, 0.07110679605590607, 0.047171707652302074, 0.030526968787815405, 0.019344794693490944, 0.012075311557142148, 0.007493694220998954, 0.004688048581772126, 0.0030140629006472686, 0.002037327999316125, 0.0014771391205983797, 0.0011590084775541856, 0.0009782457531729018, 0.0008740277893479446, 0.0008120250930215053, 0.0007733481804608181, 0.0007478232996829464, 0.0007300607474404451, 0.000717234564197184, 0.0007078671157545232, 0.0007011811388637724, 0.0006967625524909533, 0.0006943880732460269, 0.0006939387395964361, 0.0006953568356046986, 0.0006986249561741378, 0.0007037558621249473, 0.00071078809244776, 0.0007197843510776509, 0.000730831757380054, 0.0007440430868080735, 0.0007595590747027607, 0.0007775514632786187, 0.0007982271163963663, 0.0008218330858921743, 0.0008486630718743779, 0.0008790653143756893, 0.0009134525000715741, 0.0009523139191266311, 0.0009962306910699305, 0.001045894604082949, 0.0011021317947319527, 0.0011659323319021346, 0.001238487645206791, 0.0013212377636855803, 0.0014159315608734471, 0.001524703569402944, 0.0016501727903004476, 0.0017955699200436859, 0.0019649023997473612, 0.0021631688496217345, 0.002396639397619078, 0.002673222660761727, 0.0030029484590921814, 0.0033986032006261308, 0.0038765687467938515, 0.004457929187789648, 0.005169932175778292, 0.006047912945158396, 0.007137821675044925, 0.008499523231685117, 0.01021107711789034, 0.012374228011864346, 0.015121359007255194, 0.018624132420972505, 0.023103979153919988, 0.028844413641699332, 0.03620485592692897, 0.045635109912035586, 0.05768890542070063, 0.07303382687771279, 0.09245366223958812, 0.11683769008725957, 0.14715012211648978, 0.18437211470332693, 0.22940936903506745, 0.28296092758129343, 0.3453504100381743, 0.41632967605509374, 0.49487664191596936, 0.5790215761179152, 0.6657468033477241, 0.7510084844853173, 0.8299218536797, 0.8971295399188832, 0.9473374517050809, 0.9759594463903056, 0.9797717629219084, 0.9574539142876393, 0.9098963587789864, 0.8401912520538042, 0.7532857140637553, 0.6553514162438587, 0.5529887895853627, 0.4524190504419774, 0.35881234132459433, 0.2758583009041537, 0.20562109182264757]
8.627754482948498	1.4906348004991052	[0.14928256992938127, 0.10486644132978488, 0.07157828098510692, 0.04754849969772042, 0.03081507000199719, 0.019556866823219814, 0.012226573641807022, 0.00759904259934779, 0.0047604053463204, 0.0030637153585583677, 0.0020719328864185023, 0.0015020870521336386, 0.0011779195592295539, 0.0009934549357386707, 0.0008869906361702777, 0.0008236245629721929, 0.0007841096419116421, 0.0007580567943624462, 0.0007399504422411479, 0.0007268929471274402, 0.0007173665529449524, 0.0007105719200273956, 0.0007060828421348517, 0.0007036694832027689, 0.0007032093134484369, 0.0007046428111178451, 0.0007079517279773391, 0.0007131486769908613, 0.0007202724765303539, 0.0007293865341267983, 0.0007405789877771376, 0.0007539640162466559, 0.0007696840918300892, 0.000787913123634583, 0.0008088605555860769, 0.0008327765504000282, 0.0008599584658753494, 0.0008907588934798886, 0.0009255956216330078, 0.0009649639846502465, 0.0010094522015542656, 0.001059760477820993, 0.0011167248810515433, 0.0011813472969179055, 0.001254833179674485, 0.0013386393335285368, 0.0014345346747657035, 0.0015446778548176092, 0.00167171688940477, 0.0018189176061350557, 0.0019903299807863747, 0.00219100442254588, 0.00242727409522279, 0.0027071246848182576, 0.0030406801222218906, 0.003440842061198731, 0.003924133080405572, 0.00451180915707672, 0.005231326707862749, 0.006118273693205504, 0.007218903095724856, 0.008593439276397606, 0.010320360803231295, 0.012501891301431844, 0.015270942854016202, 0.01879973710383848, 0.02331025230817809, 0.029086472824830574, 0.03648810402002273, 0.04596490354802035, 0.05807001667531083, 0.07346965445099457, 0.09294514211117648, 0.11738190982678041, 0.14773867598946594, 0.18498935520750914, 0.23003079347047928, 0.28355210441971146, 0.3458669181137967, 0.4167186182735222, 0.4950801668013972, 0.5789826395669116, 0.665416907383295, 0.7503565964220851, 0.8289430409637294, 0.8958514631196439, 0.9458227392498971, 0.9743024999741982, 0.9780895292154819, 0.9558716075834833, 0.9085304865336228, 0.8391332758012572, 0.7525897631812835, 0.655028652877729, 0.5530094084962145, 0.4527210527417331, 0.35931466396037515, 0.2764751242342371, 0.2062743081144476]
8.603033123398502	1.4958489665836994	[0.14991232790600326, 0.10542964480988957, 0.07205264257080565, 0.04792815854899484, 0.03110581215134057, 0.0197712236941669, 0.012379712824071168, 0.007705869306945021, 0.004833888469381786, 0.00311420651244689, 0.002107155452074535, 0.0015274913275114782, 0.0011971741879214946, 0.0010089315634986033, 0.000900171038581351, 0.0008354095494900111, 0.0007950363071772301, 0.0007684426479845017, 0.0007499843366189685, 0.0007366902771959086, 0.0007270015236647774, 0.0007200960073157209, 0.0007155350337462043, 0.0007130819915477433, 0.0007126106720070245, 0.0007140596735859775, 0.0007174098785186724, 0.0007226737291920185, 0.0007298903265681162, 0.0007391237800214587, 0.0007504632631287918, 0.0007640243688508174, 0.0007799513336100787, 0.0007984202556063883, 0.0008196431968612698, 0.0008438734658388657, 0.0008714121294909091, 0.0009026161812799565, 0.0009379085804622888, 0.0009777907765072297, 0.0010228581808209907, 0.001073819514619863, 0.0011315209020763485, 0.001196976181626247, 0.0012714050029379613, 0.0013562811332384296, 0.0014533937653065218, 0.0015649259291533098, 0.0016935549764261534, 0.0018425822248045684, 0.0020161006261652766, 0.002219212871797673, 0.002458315763673547, 0.002741472724354845, 0.003078902602045004, 0.00348362317289008, 0.003972298771374176, 0.004566358346322926, 0.005293468317183102, 0.006189470557721571, 0.007300922103301738, 0.008688407756297272, 0.010430825890284202, 0.01263087898089071, 0.015422007225601204, 0.018976988920907656, 0.023518345267408126, 0.029330522930734276, 0.0367735020727788, 0.04629697895993098, 0.05845349572254761, 0.07390786676219911, 0.09343892986827272, 0.11792824086620948, 0.14832900414915365, 0.18560787918167854, 0.2306528596717707, 0.28414315098729126, 0.34638243859254036, 0.41710569407817283, 0.4952810051482176, 0.5789403338164159, 0.6650831621205014, 0.7497006104145018, 0.8279600985654252, 0.894569377995417, 0.9443041979401551, 0.9726418588312132, 0.976403615131439, 0.9542854954217477, 0.9071605958398398, 0.8380710904215112, 0.7518895738559972, 0.6547019046135365, 0.5530266426561123, 0.45302059796715055, 0.35981568588137025, 0.27709187920093603, 0.20692859907373962]
8.578311763848506	1.501099906527906	[0.1505440729983527, 0.10599545073113904, 0.07252989379727412, 0.04831070305630015, 0.031399217598005125, 0.019987888821571716, 0.012534751803374147, 0.007814194832569414, 0.004908515495484117, 0.0031655507501384943, 0.002143007139444577, 0.0015533608497207243, 0.0012167792495270575, 0.0010246809798097822, 0.0009135732393724021, 0.0008473835137614489, 0.0008061311231169878, 0.0007789834536366745, 0.000760164806444699, 0.0007466287776671313, 0.0007367741650744903, 0.000729755471840124, 0.0007251211675581801, 0.0007226276106876042, 0.000722144822173781, 0.0007236094222526901, 0.0007270014164105303, 0.0007323330337118318, 0.000739643678592669, 0.0007489981434503094, 0.0007604866703845031, 0.000774226262503199, 0.0007903629621253132, 0.0008090750653781151, 0.0008305773040278031, 0.0008551261548844179, 0.0008830264586277344, 0.0009146396496633149, 0.0009503939402843985, 0.0009907969547409664, 0.0010364514033652079, 0.0010880746099617548, 0.0011465228956569267, 0.0012128221752643036, 0.0012882064814902817, 0.0013741667185926498, 0.0014725126095142358, 0.0015854518062895918, 0.001715691342198747, 0.001866568363557021, 0.0020422192708478295, 0.0022477995037205683, 0.002489770145189114, 0.0027762729846200923, 0.00311762264817338, 0.003526953856659754, 0.004021073812524142, 0.004621585438663976, 0.005356366496535529, 0.006261513833489429, 0.007383889926305234, 0.008784440766767206, 0.0105424854682708, 0.012761204951263878, 0.015574566925157816, 0.019155903197673862, 0.023728273889644214, 0.029576579673117328, 0.037061065551538735, 0.04663135031548691, 0.05883935524497114, 0.07434847360273748, 0.09393503230751164, 0.11847668544381146, 0.14892110459118132, 0.1862276790247978, 0.23127555556435564, 0.2847340499269812, 0.3468969508909498, 0.41749087936284035, 0.4954791318913821, 0.5788946325456095, 0.6647455422508695, 0.7490405013226827, 0.8269730029843441, 0.893283261342557, 0.9427818057360358, 0.970977500761731, 0.9747139989143118, 0.9526955553889171, 0.905786663903105, 0.8370046717579037, 0.7511851206882391, 0.6543711444802259, 0.5530404644553527, 0.4533176590776195, 0.36031538284979836, 0.27770854661411104, 0.20758395274008834]
8.55359040429851	1.5063880041143511	[0.1511778015468481, 0.10656386419545703, 0.07301004761485944, 0.04869615212639311, 0.031695308847496, 0.020206885941942754, 0.012691713530342996, 0.007924039950901426, 0.00498430422958054, 0.003217762719783343, 0.002179499597067234, 0.0015797047163072077, 0.00123674176618732, 0.0010407086595964961, 0.0009272015641907979, 0.0008595500055035198, 0.0008173970877990266, 0.00078968186871716, 0.0007704942632897856, 0.0007567107238661912, 0.0007466866436303041, 0.000739552430734715, 0.0007348433110516973, 0.0007323083959554803, 0.000731813797955746, 0.0007332940976385308, 0.0007367283780582213, 0.0007421286460173632, 0.0007495345975272661, 0.000759011719439922, 0.0007706513267563647, 0.0007845718558642038, 0.0008009211713397304, 0.0008198798009347706, 0.0008416651746639311, 0.0008665369836510807, 0.000894803885176714, 0.00092683181626947, 0.0009630543034038282, 0.0010039852282311614, 0.0010502346853125573, 0.001102528712157584, 0.001161733944858738, 0.0012288885249894619, 0.0013052410312323676, 0.0013922997097393541, 0.0014918950386737235, 0.0016062595726346071, 0.001738130337355763, 0.0018908806927516242, 0.0020686909157029074, 0.0022767697206038267, 0.0025216430542567138, 0.00281153178341969, 0.0031568470883974837, 0.0035708415670650307, 0.004070466278903073, 0.004677499277317658, 0.005420030820567822, 0.006334414008281916, 0.007467817866043416, 0.00888155063618818, 0.010655352674770243, 0.01289288339365574, 0.015728636755096708, 0.01933649559274939, 0.023940053947078824, 0.029824659155487415, 0.03735080970493651, 0.04696803222970448, 0.05922760752381352, 0.07479148526776556, 0.09443345559647887, 0.11902724635744862, 0.14951497443572412, 0.18684874775254573, 0.23189886797445647, 0.28532478455571536, 0.34741043317125564, 0.4178741507436029, 0.4956745206590852, 0.5788455101783513, 0.664404021218523, 0.7483762447297504, 0.8259817296231381, 0.8919930906021261, 0.9412555396964882, 0.9693094040733554, 0.9730206580946514, 0.9511017653956724, 0.9044086673579274, 0.8359339957802082, 0.7504763777983691, 0.6540363454537549, 0.5530508458541257, 0.45361220884438197, 0.3608137302367968, 0.27832510703803764, 0.20824035684373218]
8.528869044748513	1.511713648366099	[0.15181350963232418, 0.10713489021286131, 0.07349311693429997, 0.04908452473957562, 0.031994108568843986, 0.0204282390030536, 0.012850621237629629, 0.008035425697378388, 0.005061272774118823, 0.0032708572975689632, 0.0022166447196789955, 0.0016065321839599989, 0.0012570689382072064, 0.0010570201729195063, 0.0009410604623252027, 0.00087191262713433, 0.0008288372887030395, 0.0008005405810737403, 0.0007809751892688209, 0.0007669384122343352, 0.0007567411862566661, 0.0007494890195813017, 0.0007447035864836918, 0.0007421264214334177, 0.0007416196846174069, 0.0007431157604971909, 0.0007465928488616081, 0.0007520626437202911, 0.0007595651959467916, 0.0007691666272199077, 0.000780959396572882, 0.0007950633339260605, 0.0008116282025763384, 0.000830836738801064, 0.0008529091547376846, 0.0008781083491236327, 0.0009067468912818304, 0.0009391952321178322, 0.0009758923251598743, 0.0010173583419817369, 0.001064210899662946, 0.0011171848086666799, 0.001177157194728831, 0.0012451785204311472, 0.001322512136726949, 0.001410683772890305, 0.0015115449614191924, 0.0016273533643915478, 0.0017608764011867138, 0.0019155239361085474, 0.002095520665038454, 0.002306128980876425, 0.0025539404282487257, 0.0028472554955196083, 0.003196582899126921, 0.0036152938123957617, 0.004120484428371933, 0.004734108748397702, 0.005484471092198436, 0.0064081815885505536, 0.007552717512247161, 0.00897974966521637, 0.01076944101453449, 0.013025928380471839, 0.015884231986366525, 0.019518781525034227, 0.02415370180804315, 0.030074777044747703, 0.03764275053426225, 0.04730703860799342, 0.05961826577946045, 0.07523691099789487, 0.0949342070560903, 0.11957992496005039, 0.15011061218792165, 0.18747107654902767, 0.23252278533684412, 0.2859153360367071, 0.3479228653754723, 0.41825548248068223, 0.4958671469277892, 0.5787929387409692, 0.6640585742547997, 0.7477078139619943, 0.8249862554966109, 0.8906988412687596, 0.939725378239335, 0.9676375455350774, 0.9713235712494362, 0.949504102203016, 0.903026583523969, 0.8348590375920094, 0.7497633196241247, 0.6536974798192429, 0.5530577588281724, 0.45390421947045123, 0.3613107032518619, 0.2789415405992066, 0.20889779892275648]
8.504147685198516	1.5170772336335587	[0.1524511932912313, 0.10770853359284037, 0.07397911466237214, 0.04947583992055338, 0.032295639552386374, 0.02065197219472635, 0.013011498369827035, 0.008148373439021027, 0.005139439447225847, 0.0033248496797494186, 0.002254454559036641, 0.0016338527685192665, 0.0012777680508408496, 0.0010736212851644043, 0.0009551544135431431, 0.0008844751296489586, 0.0008404548134834008, 0.0008115623978876108, 0.000791610054542255, 0.0007773142407440589, 0.0007669400061155854, 0.0007595674638475621, 0.0007547041053202293, 0.0007520838426831439, 0.0007515645613489536, 0.0007530765466604609, 0.0007565969131761452, 0.0007621371746830284, 0.0007697375901292452, 0.0007794650528789238, 0.0007914130521314421, 0.0008057029465301954, 0.0008224863088885231, 0.0008419482196999666, 0.0008643116052513041, 0.0008898427132054658, 0.0009188579770263783, 0.0009517325153075654, 0.0009889106813737066, 0.0010309191118326774, 0.0010783829420621639, 0.001132045963410004, 0.0011927958146420654, 0.0012616955356173716, 0.0013400233078200408, 0.0014293226695862404, 0.0015314663114239394, 0.0016487374280477077, 0.0017839339957275374, 0.0019405029481579027, 0.00212271364010137, 0.0023358829021803353, 0.002586668209680201, 0.0028834506946022022, 0.003236837040037879, 0.0036603183558850394, 0.0041711364634947875, 0.004791423072538705, 0.005549696993447887, 0.006482827528469334, 0.007638600225565783, 0.009079050762438366, 0.01088476359046831, 0.013160354815823375, 0.01604136722218633, 0.01970277755088795, 0.02436923278190714, 0.03032695055007165, 0.03793690243732201, 0.04764838541220452, 0.06001134092191755, 0.075684762709678, 0.09543729085647719, 0.12013472597800832, 0.150708012310205, 0.1880946606878325, 0.23314729123246083, 0.2865056902598386, 0.3484342220125387, 0.41863485398986244, 0.49605698050998887, 0.5787368955033164, 0.663709171081387, 0.7470351872565094, 0.8239865526026837, 0.8894004930276944, 0.9381912955036461, 0.9659619051593095, 0.9696227135591218, 0.947902544861396, 0.9016403872427962, 0.8337797737870238, 0.7490459189501675, 0.6533545207412503, 0.553061174312661, 0.4541936635756829, 0.3618062764391671, 0.2795578275195609, 0.20955626608821645]
8.47942632564852	1.5224791596844345	[0.1530908481331661, 0.10828479912106774, 0.07446805361246188, 0.04987011676485968, 0.03259992476626894, 0.02087810988324191, 0.013174368707428288, 0.008262904752776964, 0.005218822939080084, 0.003379755229734725, 0.0022929414960792083, 0.001661676077443502, 0.0012988466515007396, 0.0010905177862092234, 0.0009694881020291642, 0.0008972412466362421, 0.0008522529144176282, 0.0008227500902953186, 0.0008024014682199027, 0.0007878405676341514, 0.0007772854379456326, 0.0007697899531862344, 0.0007648470877057188, 0.0007621827864102169, 0.0007616506058358317, 0.0007631785707327985, 0.0007667427457673522, 0.0007723543727571799, 0.0007800539805979193, 0.0007899091748778835, 0.0008020145456677426, 0.0008164929413348082, 0.0008334978207761735, 0.0008532165867080523, 0.0008758749639562334, 0.0009017425438517193, 0.0009311397203731512, 0.0009644462928968514, 0.001002112128829507, 0.0010446703646812565, 0.001092753794418437, 0.0011471152525245663, 0.0012086530682088343, 0.0012784429567042354, 0.0013577781599771392, 0.001448220171575982, 0.0015516631439213343, 0.001670416015516543, 0.001807307726825377, 0.001965822579465096, 0.002150275137178942, 0.0023660370812905486, 0.0026198325603508958, 0.0029201239043220324, 0.0032776167534166152, 0.0037059228616969663, 0.004222430960837171, 0.004849451290444237, 0.005615718712789439, 0.006558362471529213, 0.007725478064715909, 0.009179466319085861, 0.01100133447817487, 0.013296176768960615, 0.016200058425027745, 0.019888498921430586, 0.024586664066409303, 0.030581194910005067, 0.03823328239696741, 0.04799208574559474, 0.06040684731753809, 0.07613504835955429, 0.09594271564277733, 0.12069164893134608, 0.15130717482793699, 0.18871948898515709, 0.23377237582575763, 0.28709582559832947, 0.3489444849474472, 0.4190122365117291, 0.4962439989206303, 0.5786773494630236, 0.6633557889352739, 0.7463583350978998, 0.822982599746294, 0.8880980188610704, 0.9366532713294284, 0.9642824576120561, 0.9679180645825283, 0.9462970684571111, 0.9002500563879157, 0.8326961781799191, 0.7483241503978975, 0.6530074395019484, 0.5530610641580617, 0.4544805125297921, 0.36230042465773216, 0.2801739472241806, 0.2102157454724951]
8.454704966098523	1.5279198317952543	[0.15373246968989043, 0.10886369136835551, 0.07495994658921416, 0.05026737441601037, 0.032906987307466454, 0.021106676686080822, 0.01333925625354261, 0.008379041556955751, 0.005299442166354798, 0.0034355896399261344, 0.002332118078496453, 0.0016900119845643785, 0.0013203123804047335, 0.001107715666387207, 0.0009840662482779902, 0.000910214863551135, 0.0008642348481699435, 0.0008341065508100536, 0.0008133520306161989, 0.0007985198540392862, 0.0007877798052784363, 0.0007801587682019923, 0.0007751347452206483, 0.0007724254617730971, 0.0007718799917346502, 0.0007734240233737867, 0.0007770325222983584, 0.0007827164430674383, 0.0007905165734646509, 0.0008005012396219206, 0.0008127661392495377, 0.0008274356320037849, 0.0008446650823402995, 0.0008646442483340508, 0.0008876016855452261, 0.0009138103752538622, 0.0009435947191973799, 0.0009773392604329012, 0.0010154994468645705, 0.0010586149997709796, 0.0011073264634914462, 0.001162395830230526, 0.00122473224574974, 0.0012954242559898264, 0.0013757803365576323, 0.001467380147811027, 0.0015721395420863935, 0.001692393491001669, 0.0018310022263491876, 0.0019914878135324898, 0.0021782104732494317, 0.0023965972764049886, 0.002653439651566998, 0.00295728184945617, 0.003318929269968576, 0.0037521152509708087, 0.004274376447844154, 0.004908202778889914, 0.005682546325315669, 0.006634797509501399, 0.007813362868631645, 0.009281009333090505, 0.011119167363131432, 0.013433409136692644, 0.016360320904746685, 0.020075962016747374, 0.024806011820316044, 0.030837526890940416, 0.03853190581955707, 0.04833815474596501, 0.06080479705879518, 0.07658777854889402, 0.09645048695695939, 0.12125069667067956, 0.15190809578054484, 0.18934555428633953, 0.23439802448503527, 0.2876857250657092, 0.34945363065771085, 0.41938760632489724, 0.4964281740370079, 0.578614274724457, 0.6629983995645811, 0.745677232763479, 0.8219743707661173, 0.886791395889241, 0.9351112813853789, 0.9625991808292694, 0.9662096006250472, 0.9446876504249138, 0.8988555664667638, 0.8316082260953376, 0.7475979869624129, 0.6526562082134547, 0.553057399124903, 0.4547647380333135, 0.36279312203121616, 0.28078987916237097, 0.21087622373487813]
8.429983606548527	1.5333996608441043	[0.15437605321385678, 0.10944521483111477, 0.07545480633169534, 0.050667632071963946, 0.033216850426623326, 0.02133769741291814, 0.013506185308102015, 0.008496806021403224, 0.0053813163754071434, 0.0034923688264169323, 0.0023719971383780896, 0.0017188705170271255, 0.0013421730925351092, 0.0011252210013837193, 0.0009988937285924696, 0.0009233999055697862, 0.0008764039884579024, 0.0008456346880817904, 0.0008244644364573074, 0.0008093545681693362, 0.000798425512937173, 0.0007906761951273666, 0.0007855693625346299, 0.0007828140854684506, 0.0007822549601732976, 0.0007838151059092386, 0.0007874684819043806, 0.0007932256048101911, 0.0008011276355824688, 0.0008112435109109055, 0.000823670154101661, 0.0008385333527362256, 0.0008559904963605057, 0.0008762336365898091, 0.0008994942840168292, 0.000926048767952402, 0.0009562256324554746, 0.0009904141425919504, 0.001029075478920382, 0.0010727559482275625, 0.0011221040245928463, 0.0011778908853580473, 0.0012410367122927795, 0.0013126429430198893, 0.00139403356392006, 0.0014868065068611423, 0.0015928996831548147, 0.001714674260061448, 0.0018550222349847498, 0.002017503675629496, 0.0022065250939012604, 0.002427569285345437, 0.0026874958100122645, 0.0029949312875806582, 0.003360782012286171, 0.003798903462573702, 0.004326981693985537, 0.004967686903274706, 0.005750190217213212, 0.006712143670613379, 0.007902266882269015, 0.009383692650252753, 0.011238276466111802, 0.013572066520355601, 0.016522170679597166, 0.0202651827008779, 0.025027293136912272, 0.03109596242272651, 0.03883278933197741, 0.04868660627983878, 0.0612052038064386, 0.0770429620660284, 0.09696061231202578, 0.12181186962676623, 0.15251077361547993, 0.1899728464252947, 0.23502422541492546, 0.2882753681900813, 0.34996163880483916, 0.4197609359550701, 0.4966094810930615, 0.5785476416193331, 0.6626369779882423, 0.7449918519719579, 0.8209618424065026, 0.8854805980748803, 0.933565303674507, 0.9609120501215386, 0.9644972996886879, 0.943074266175247, 0.8974568941102603, 0.8305158914208775, 0.7468674023094782, 0.6523007980301635, 0.5530501502953544, 0.45504631114546557, 0.3632843427417883, 0.28140560233362005, 0.21153768744867535]
8.40526224699853	1.5389190634062409	[0.15502159393561832, 0.11002937372096053, 0.07595264558941955, 0.05107090898423018, 0.033529537497541013, 0.021571197165526353, 0.013675180369070738, 0.008616220713871494, 0.005464465001672258, 0.0035501090976153694, 0.0024125916292006494, 0.0017482620333916382, 0.0013644366858946442, 0.0011430401306806888, 0.0010139754043399017, 0.0009368005092458707, 0.0008887636633016262, 0.0008573375866797744, 0.0008357413247688505, 0.000820347330222003, 0.0008092249120209752, 0.000801344654753047, 0.000796153178070165, 0.0007933509950657505, 0.0007927777152778143, 0.0007943541294974361, 0.0007980528358776963, 0.0008038841782853432, 0.000811889414226178, 0.0008221383471371378, 0.000834728898963246, 0.0008497885279785275, 0.0008674764590203395, 0.0008879872715132441, 0.000911555271523477, 0.0009384603704133365, 0.0009690351209358498, 0.0010036737540757524, 0.0010428430728890573, 0.0010870962357154128, 0.001137089558947757, 0.0011936037086065845, 0.0012575698388175192, 0.0013301026400349503, 0.0014125415724512151, 0.001506503285383451, 0.0016139477435489298, 0.0017372628779550874, 0.0018793724832192103, 0.0020438753710834384, 0.002235224417901247, 0.0024589591289151734, 0.002722007307295852, 0.0030330792604981067, 0.003403182300957878, 0.003846295807728969, 0.004380255290051385, 0.0050279135288613976, 0.005818660472677388, 0.006790412667512484, 0.007992201853936098, 0.009487530066248832, 0.011358675211207725, 0.01371216484755467, 0.016685622522873856, 0.02045617868545506, 0.025250523221202636, 0.031356519980955296, 0.03913594679579005, 0.049037457652957854, 0.061608077334957524, 0.07750061221568819, 0.09747309401337806, 0.12237517394647926, 0.15311520016726887, 0.19060136214922116, 0.23565095890580476, 0.28886474242306187, 0.35046848016705096, 0.4201322064692879, 0.4967878860153904, 0.578477429089736, 0.6622714901702825, 0.7443021725317642, 0.8199449832758444, 0.8841656064464426, 0.9320153094673382, 0.9592210465029765, 0.962781134621281, 0.9414568953137263, 0.8960540122424052, 0.8294191507857689, 0.7461323675434336, 0.6519411816323759, 0.5530392870213583, 0.45532520358527784, 0.3637740598358602, 0.2820210958983394, 0.21220012250871353]
8.380540887448534	1.5444784618506129	[0.15566908651936565, 0.11061617232940808, 0.07645347695768452, 0.051477224450077026, 0.033845072079052366, 0.021807201153088172, 0.01384626633627782, 0.008737308332666149, 0.005548907956984294, 0.00360882684469263, 0.0024539149549392928, 0.001778196893320865, 0.0013871114441453016, 0.0011611793230968605, 0.001029316459231375, 0.0009504206980691635, 0.0009013174742900635, 0.0008692182034365355, 0.0008471855721715065, 0.0008315006361758042, 0.0008201805632475079, 0.0008121664564078981, 0.0008068886167185323, 0.0008040384327598825, 0.0008034506280652768, 0.0008050433260712502, 0.0008087879461344063, 0.0008146944191931663, 0.0008228042943566837, 0.0008331880545517906, 0.0008459448106532124, 0.0008612035401670537, 0.0008791254882504794, 0.0008999076389885595, 0.0009237872788464142, 0.0009510478026300561, 0.000982025964172273, 0.0010171208846547898, 0.0010568051989422, 0.0011016388642512414, 0.0011522862774458861, 0.001209537565687225, 0.001274335138000891, 0.0013478069395775818, 0.00143130825223975, 0.0015264744809354819, 0.0016352880854727868, 0.0017601638445247972, 0.0019040579247528555, 0.0020706080229304937, 0.0022643141410659787, 0.00249077270232201, 0.002756980770059851, 0.003071732615323782, 0.0034461379254805647, 0.0038943002934193464, 0.004434206463045143, 0.005088892044162983, 0.00588796805836751, 0.006869615467274295, 0.008083180775288714, 0.009592534218919127, 0.011480378788445905, 0.013853718270323065, 0.016850693714952743, 0.020648965010118703, 0.02547572080457518, 0.0316192141226421, 0.03944139694356341, 0.04939072061216631, 0.06201343397026168, 0.07796073473315936, 0.09798794287762427, 0.12294060595894979, 0.15372137787029705, 0.19123108616374113, 0.236278217810549, 0.28945382133685504, 0.35097413958486645, 0.420501383969294, 0.4969633694789985, 0.578403601020051, 0.661901916444251, 0.7436081601214304, 0.8189237748847573, 0.8828463896700466, 0.9304612806535788, 0.9575261409323899, 0.9610610862844592, 0.9398355098999279, 0.894646899369674, 0.8283179756445882, 0.7453928573762874, 0.651577328458558, 0.553024780776383, 0.4556013851681048, 0.3642622474163387, 0.2826363379295359, 0.21286351519235458]
8.355819527898538	1.5500782844391243	[0.15631852569273444, 0.1112056146158263, 0.07695731306661645, 0.05188659782274036, 0.034163477843577886, 0.022045734906627847, 0.014019468280967552, 0.008860092020140618, 0.005634665307443883, 0.0036685389062654306, 0.00249598060139887, 0.001808685845955531, 0.0014102056512840726, 0.0011796451680067227, 0.0010449220180450479, 0.0009642647600258706, 0.0009140689341259136, 0.0008812797195477093, 0.0008587999590306066, 0.0008428171774343788, 0.0008312949368326967, 0.0008231440824683011, 0.0008177780245638484, 0.000814878795483301, 0.0008142760041189724, 0.0008158850671507575, 0.0008196761220277435, 0.000825658710615656, 0.0008338746197683345, 0.0008443950574856507, 0.0008573202944090935, 0.0008727808833715791, 0.0008909400781413986, 0.0009119973328833539, 0.0009361929189035921, 0.0009638137917068793, 0.0009952009281230852, 0.00103075843320371, 0.0010709648162633577, 0.0011163869500789496, 0.0011676973807032386, 0.001225695845312759, 0.0012913361106635234, 0.0013657595705097395, 0.0014503374768296473, 0.0015467242466853336, 0.0016569250453853433, 0.0017833818427185396, 0.0019290834714808553, 0.002097706976445193, 0.002293799890649672, 0.0025230161790301036, 0.002792422712742959, 0.0031108985582959736, 0.0034896564927939036, 0.003942925403404506, 0.00448884414503667, 0.005150632486454014, 0.005958123468434926, 0.006949763937037617, 0.008175215889044476, 0.009698719010744742, 0.011603401217606913, 0.013996742726251905, 0.01701739974225791, 0.020843559226417913, 0.025702901936160438, 0.03188406289497408, 0.039749154622166855, 0.049746411652151955, 0.06242128462239979, 0.07842334162280641, 0.09850516250926843, 0.12350816995972999, 0.15432930004244147, 0.19186201283469495, 0.23690598410556124, 0.29004258958955303, 0.3514785897122071, 0.42086844650669886, 0.4971358993966843, 0.5783261333260787, 0.6615282247192698, 0.7429097916986019, 0.8178981875645355, 0.8815229262394337, 0.9289031898607365, 0.9558273122916571, 0.9593371284534132, 0.9382100878338655, 0.8932355289270906, 0.8272123413055242, 0.7446488430602062, 0.6512092101523681, 0.5530066007546571, 0.4558748267458563, 0.3647488781481751, 0.28325130685278394, 0.21352785095754365]
8.331098168348541	1.5557189654268433	[0.156969905816105, 0.1117977044506549, 0.07746416645413085, 0.05229904850383691, 0.03448477862799661, 0.02228682414884452, 0.01419481160200782, 0.008984595171354184, 0.005721757488611697, 0.003729262344126989, 0.0025388023800914966, 0.001839739789136516, 0.0014337278443627465, 0.0011984443309090507, 0.001060797394860915, 0.000978337010218921, 0.000927021701333528, 0.0008935253182738646, 0.0008705873849294757, 0.0008542996385668629, 0.0008425706058939296, 0.0008342800081869991, 0.0008288238397777991, 0.000825874476542787, 0.0008252562333305117, 0.0008268817254055854, 0.0008307197514468683, 0.0008367794416987053, 0.0008451028086516886, 0.000855761790939802, 0.0008688578272224075, 0.0008845230665033118, 0.0009029227933387699, 0.000924258965652266, 0.0009487748754027175, 0.0009767610867121362, 0.001008562851245683, 0.0010445893236251296, 0.001085324959833971, 0.001131343637243188, 0.0011833261502395803, 0.001242081966434921, 0.0013085763458019523, 0.001383964293884878, 0.0014696332179363677, 0.001567256769133397, 0.0016788630714747513, 0.0018069215885322466, 0.0019544541653933735, 0.0021251776071554863, 0.002323687449013483, 0.0025556957555943256, 0.002828339839246201, 0.0031505843041082318, 0.0035337458469222676, 0.0039921796027258425, 0.004544177571686821, 0.005213144826550842, 0.0060291375938451505, 0.007030869796926085, 0.008268319965168996, 0.009806098066079062, 0.011727757226609003, 0.014141253669305673, 0.017185757045999145, 0.021039978093810505, 0.02593208394762697, 0.032151083113438554, 0.04005923638144863, 0.05010454544798291, 0.06283164241952932, 0.07888844234259616, 0.09902475932546874, 0.12407786688392444, 0.154938963446938, 0.19249413236505444, 0.23753424380945484, 0.29063102701652355, 0.3519818077019923, 0.4212333669206128, 0.49730544838465157, 0.5782449966754117, 0.6611503874822734, 0.7422070393056692, 0.8168681957672945, 0.8801951903740467, 0.9273410131301244, 0.9541245360132004, 0.9576092374885576, 0.9365806044204621, 0.8918198761125217, 0.8261022212308288, 0.7439002968887575, 0.6508367970801868, 0.5529847166237197, 0.4561454982800205, 0.36523392478177796, 0.2838659804752205, 0.21419311516172596]
8.306376808798545	1.5614009451662807	[0.1576232210656306, 0.1123924455509155, 0.07797404959833801, 0.05271459592795601, 0.034808998397434156, 0.022530494820628123, 0.01437232196596686, 0.009110841492407663, 0.005810205237384643, 0.0037910145198689366, 0.0025823943553848895, 0.0018713698531292308, 0.0014576867377838277, 0.0012175836372338522, 0.0010769480173031028, 0.0009926418708197428, 0.0009401795074692234, 0.0009059582588683048, 0.0008825508011930623, 0.0008659507641110397, 0.0008540101856151399, 0.0008455767610455706, 0.0008400285388114037, 0.0008370279177932741, 0.0008363937428046361, 0.0008380357203457685, 0.0008419212596850968, 0.0008480590478073221, 0.0008564913174535358, 0.0008672907362629481, 0.0008805599256419299, 0.0008964326455896349, 0.0009150762397437441, 0.000936695198259162, 0.0009615358754197902, 0.0009898924872729184, 0.0010221146179452986, 0.0010586165331531122, 0.001099888713704222, 0.001146512126717065, 0.0011991759203984053, 0.0012586994094957733, 0.0013260594897336758, 0.0014024249379607622, 0.001489199509954304, 0.0015880763090933762, 0.0017011066809436543, 0.0018307878810862241, 0.001980175124897317, 0.0021530253846013436, 0.0023539826834140048, 0.002588817735981084, 0.002864738947754601, 0.00319079719123904, 0.0035784139359584873, 0.0040420714999634755, 0.004600216091762252, 0.005276439202126077, 0.006101021444761466, 0.0071129449604740574, 0.008362505892148932, 0.009914685231223883, 0.011853461648400386, 0.014287266803280258, 0.01735578213756702, 0.02123823864459477, 0.026163284174328342, 0.032420291879358056, 0.040371658667555065, 0.05046513695973426, 0.06324452023516514, 0.07935604662235357, 0.09954673930545746, 0.12464969792370886, 0.15555036422322766, 0.19312743521731238, 0.2381629821715799, 0.29121911374822684, 0.3524837698689127, 0.4215961184068717, 0.4974719882305909, 0.5781601621369823, 0.6607683764386044, 0.7414998753525865, 0.8158337731929677, 0.8788631565217074, 0.9257747257513971, 0.9524177875654855, 0.9558773890245517, 0.9349470348595568, 0.8903999155097749, 0.8249875887447384, 0.7431471907162577, 0.6504600594919907, 0.5529590977488865, 0.45641336959943796, 0.36571735980691517, 0.28448033641649123, 0.21485929291520436]
8.281655449248548	1.567124670210838	[0.15827846535808365, 0.11298984146518906, 0.07848697492259037, 0.053133259585782654, 0.03513616127378647, 0.022776773102786925, 0.01455202533054946, 0.009238855010163567, 0.005900029607268585, 0.0038538130966157724, 0.0026267708557266086, 0.0019035873990479574, 0.0014820912329515763, 0.0012370700694808718, 0.0010933794351533615, 0.0010071838675832741, 0.0009535461647028459, 0.0009185818728507275, 0.0008946932174994797, 0.0008777733549348834, 0.0008656163390226614, 0.0008570369174323456, 0.0008513946414731579, 0.0008483416067404777, 0.0008476910013596985, 0.0008493495158665698, 0.0008532831134696915, 0.0008595000084779088, 0.0008680426445363993, 0.0008789844194527378, 0.0008924291491590785, 0.0009085122223586872, 0.0009274030677166623, 0.0009493087389793557, 0.0009744786925108566, 0.0010032108425313277, 0.0010358591616843847, 0.0010728430914000546, 0.0011146592141940551, 0.0011618956754717868, 0.0012152500817448188, 0.0012755517154401307, 0.0013437892498179176, 0.0014211453970509953, 0.0015090404541613423, 0.0016091872002370975, 0.0017236604649141553, 0.0018549856006465873, 0.002006251550725404, 0.0021812558695020485, 0.002384691553354576, 0.0026223885273666614, 0.0029016269401756487, 0.003231544675576148, 0.003623668824552051, 0.004092609837430722, 0.004656969184119993, 0.005340525902541018, 0.006173786174200105, 0.007196001511197145, 0.008457786710567274, 0.010024494538554078, 0.011980529469255466, 0.014434798027792801, 0.017527491668503512, 0.021438358104667453, 0.026396520056677773, 0.0326917064675739, 0.0406864379684491, 0.05082820127969542, 0.0636599308923534, 0.07982616426433982, 0.10007110826500824, 0.1252236642758634, 0.15616349823084874, 0.1937619117965337, 0.23879218406028077, 0.2918068298095188, 0.3529844520717935, 0.4219566740195842, 0.49763549022189746, 0.5780716006137951, 0.6603821627907711, 0.7407882720870402, 0.8147948930976229, 0.8775267990153711, 0.9242043026837077, 0.9507070423660312, 0.9541415584693471, 0.933309354308937, 0.8889756214923807, 0.8238684170408568, 0.7423894961084054, 0.6500789673651232, 0.552929713108225, 0.45667841015606375, 0.3661991552926592, 0.2850943519181048, 0.2155263689820924]
8.256934089698552	1.5728905934234305	[0.15893563236580474, 0.11358989557228107, 0.0790029547772517, 0.05355505900220202, 0.03546629151712201, 0.0230256854005469, 0.014733947939130534, 0.009368660068036001, 0.005991251973037775, 0.003917676040677044, 0.002671946481829828, 0.0019364040213030083, 0.0015069504260961002, 0.0012569107684672375, 0.0011100973266983324, 0.0010219676298245063, 0.0009671255708199921, 0.0009313995632224292, 0.0009070177059294721, 0.0008897702671604926, 0.0008773917803950451, 0.0008686631015630401, 0.0008629247138947233, 0.0008598180755957384, 0.0008591505221674774, 0.0008608256194843047, 0.0008648078233550312, 0.0008711048468357321, 0.0008797593323867189, 0.000890845410735357, 0.0009044681022847271, 0.0009207644439544476, 0.0009399059740719183, 0.0009621023432220753, 0.0009876061486722102, 0.0010167190510465087, 0.0010497994669553426, 0.0010872720803101958, 0.0011296396519281306, 0.0011774975964512413, 0.0012315520832186272, 0.0012926424856747668, 0.0013617693967942995, 0.001440129631420724, 0.0015291602213294503, 0.0016305938488588789, 0.0017465290914265759, 0.001879519708157999, 0.002032688729486026, 0.002209874712903584, 0.0024158201149215965, 0.002656414638661332, 0.002939010827609439, 0.0032728343279471643, 0.003669518701031484, 0.004143803487138724, 0.004714446467257444, 0.005405415362368087, 0.006247443091157382, 0.007280051692350766, 0.00855417563147176, 0.010135540190554933, 0.012108975854683025, 0.01458386341375165, 0.017700902466882325, 0.021640353856363363, 0.026631809190268283, 0.032965344271011394, 0.04100359088062619, 0.051193753551290584, 0.06407788724842767, 0.08029880502832129, 0.10059787195905562, 0.1257997669874245, 0.1567783611705047, 0.19439755226076066, 0.2394218341090157, 0.2923941549161549, 0.3534838298997201, 0.4223150064891135, 0.4977959253827547, 0.5779792827071282, 0.6599917175043473, 0.740072201485299, 0.8137515285169519, 0.876186091929228, 0.922629718657547, 0.9489922755648592, 0.952401720980039, 0.931667537647557, 0.8875469681695297, 0.8227446790351318, 0.7416271843644615, 0.6496934903997185, 0.5528965313999412, 0.4569405891046741, 0.366679283001699, 0.28570800391212814, 0.21619432783677126]
8.232212730148555	1.5786991740845089	[0.1595947155271505, 0.11419261109007885, 0.07952200144896146, 0.05398001374432243, 0.03579941353077956, 0.02327725834920869, 0.014918116323310521, 0.009500281331174282, 0.006083894033056768, 0.003982621627376583, 0.0027179361092590252, 0.0019698315535908047, 0.001532273610499229, 0.0012771130386467161, 0.0011271075001233197, 0.0010369978947257696, 0.0009809217098179668, 0.0009444148078748608, 0.0009195274010575581, 0.0009019444149350603, 0.0008893392751368617, 0.00088045798783707, 0.0008746213683720331, 0.0008714599033624034, 0.000870774862652522, 0.0008724665842402567, 0.0008764979437138041, 0.0008828761313731336, 0.000891643967703193, 0.0009028763262606367, 0.0009166794347282279, 0.0009331920045852558, 0.0009525877023373109, 0.0009750788151666613, 0.0010009211146690118, 0.00103042006245264, 0.0010639385696673848, 0.0011019066358753421, 0.0011448332722694076, 0.0011933212603855226, 0.0012480854326009665, 0.0013099753840270696, 0.0013800037652638769, 0.0014593816694491754, 0.0015495630521920175, 0.0016523007363174868, 0.001769717305847939, 0.0019043952480651957, 0.002059492033938431, 0.0022388876595160726, 0.002447374520802613, 0.002690902684550424, 0.002976897729903921, 0.003314673839124154, 0.0037159718761574424, 0.004195661457121966, 0.004772657696711263, 0.005471118169521848, 0.006322003655775617, 0.007365107917510724, 0.008651686027954918, 0.01024783657368952, 0.012238816135444575, 0.014734479221592548, 0.0178760315151043, 0.02184424346250436, 0.026869169292311427, 0.03324122283262153, 0.04132313406133319, 0.051561809012129894, 0.0644984021318194, 0.0807739786905979, 0.10112703600518803, 0.12637800703681737, 0.15739494849988628, 0.19503434662874125, 0.24005191663065897, 0.29298106860594075, 0.3539818785854362, 0.42267108836028217, 0.49795326437848564, 0.5778831788355985, 0.6595970111938882, 0.7393516353324486, 0.8127036521386714, 0.8748410091234549, 0.9210509480576589, 0.9472734620753088, 0.9506578513803685, 0.930021559507141, 0.8861139293395137, 0.8216163473932586, 0.740860226489716, 0.6493035980329124, 0.5528595210227534, 0.4571998753081621, 0.36715771438117545, 0.28632126902748445, 0.2168631536664421]
8.207491370598559	1.584550878004761	[0.1602557080087412, 0.11479799105858483, 0.08004412714544364, 0.054408143413886285, 0.0361355518616944, 0.023531518812861432, 0.01510455731160226, 0.009633743787648828, 0.006177977821177557, 0.004048668442075358, 0.0027647549005352145, 0.0020038820685359744, 0.001558070287417215, 0.001297684346217353, 0.0011444159028782988, 0.0010522795043394631, 0.0009949386598452205, 0.0009576311560725497, 0.0009322255067413071, 0.0009142987668748111, 0.0009014616456671609, 0.0008924242975373711, 0.0008864872685364981, 0.0008832697129248049, 0.000882566629081684, 0.000884275006206343, 0.0008883560768559863, 0.000894816473841965, 0.000903699185145455, 0.0009150798263251748, 0.0009290658448702501, 0.0009457976440123845, 0.0009654510460413119, 0.0009882410064497376, 0.001014426513224447, 0.0010443168762781807, 0.0010782795603248988, 0.001116749947018045, 0.001160243378578327, 0.0012093700946633952, 0.0012648536999569425, 0.0013275541355177694, 0.0013984962574384132, 0.0014789056061874023, 0.0015702532616576213, 0.0016743124172198744, 0.001793229935764088, 0.0019296173458932698, 0.0020866669288650253, 0.0022683005443498386, 0.002479361027578063, 0.0027258593806728723, 0.0030152948850185345, 0.003357071012768024, 0.0037630367955395123, 0.004248192880978778, 0.004831612782008755, 0.005537645049655995, 0.00639747950305273, 0.0074511827472933, 0.008750331468902988, 0.010361398223862013, 0.012370065856034321, 0.014886661850615693, 0.018052896019483018, 0.022050044593282914, 0.027108618300310618, 0.03351935974199392, 0.041645084365071125, 0.05193238285119728, 0.06492148852382096, 0.08125169485173922, 0.101658606113508, 0.1269583850825314, 0.15801325570666702, 0.1956722844636538, 0.2406824159206003, 0.29356754986185646, 0.3544785733227309, 0.42302489157774303, 0.498107477837503, 0.5777832588269376, 0.6591980144495094, 0.7386265448738218, 0.8116512366339891, 0.8734915239910734, 0.9194679652430693, 0.9455505764131633, 0.948909924433096, 0.928371394167469, 0.8846764786783646, 0.8204833944430756, 0.7400885932901472, 0.6489092593514746, 0.5528186500975755, 0.45745623725616125, 0.36763442054674306, 0.2869341235273182, 0.2175328303473654]
8.182770011048563	1.5904461776384622	[0.16091860272693584, 0.11540603834522606, 0.08056934400144476, 0.05483946764937085, 0.03647473119862075, 0.023788493887119948, 0.015293298026454433, 0.009769072754375135, 0.006273525705143362, 0.004115835388878917, 0.0028124183044681054, 0.002038567887324927, 0.001584350165152548, 0.0013186323281585974, 0.0011620286199199035, 0.0010678174134207059, 0.0010091805907384876, 0.0009710522350966715, 0.0009451152933526106, 0.0009268363517446037, 0.0009137617686993602, 0.0009045648037643582, 0.0008985251268922876, 0.000895250175398819, 0.0008945284744412978, 0.0008962535283727953, 0.0009003848712506186, 0.0009069285327774471, 0.0009159276658661891, 0.0009274586186213066, 0.0009416300785552784, 0.0009585841506075241, 0.000978498847711945, 0.0010015918191113341, 0.0010281253181714106, 0.0010584125448597388, 0.0010928255832790908, 0.0011318052585549345, 0.0011758733315097465, 0.001225647586434829, 0.001281860516916349, 0.0013453825297080138, 0.0014172508423289448, 0.0014987056070816722, 0.0015912352378039535, 0.0016966335236947786, 0.0018170718896311127, 0.001955191213310438, 0.0021142189691578245, 0.0022981192989054784, 0.0025117859928992336, 0.0027612915514260835, 0.0030542096447566157, 0.0034000337755580538, 0.003810722033079229, 0.004301407031359962, 0.004891321776500187, 0.005605006884506934, 0.006473882427020848, 0.0075382889146802514, 0.008850125694434241, 0.010476239861668958, 0.012502740736880662, 0.015040427888108334, 0.018231513353014782, 0.022257775094339745, 0.027350174287568457, 0.03379977272869707, 0.04196945872321465, 0.05230549033501423, 0.06534715939496896, 0.08173196310424219, 0.10219258787695754, 0.12754090168115226, 0.15863327805755134, 0.19631135514763, 0.24131331597698802, 0.29415357744011156, 0.35497388897279764, 0.42337638784758214, 0.4982585360529286, 0.5776794922737889, 0.6587946975345012, 0.7378969011183132, 0.8105942543530866, 0.8721376096790592, 0.9178807442575804, 0.9438235928398279, 0.9471579145977612, 0.9267170156516034, 0.8832345895727148, 0.8193457922513101, 0.7393122552841336, 0.6485104431615503, 0.5527738864379077, 0.45770964312403656, 0.3681093722829461, 0.2875465433504596, 0.21820334145305048]
8.158048651498566	1.5963855521996893	[0.16158339234779381, 0.1160167556293286, 0.08109766407206477, 0.055274006118768, 0.0368169763670408, 0.024048210901029415, 0.015484365883058173, 0.009906293885481544, 0.006370560387604294, 0.004184141701698507, 0.0028609420570840883, 0.002073901590724217, 0.0016111231586824334, 0.0013399648019731595, 0.0011799518719497655, 0.0010836166976786908, 0.00102365176134318, 0.0009846817572203845, 0.0009582000947346051, 0.0009395602644409342, 0.000926242572245146, 0.0009168823366505076, 0.0009107377020962977, 0.000907404014734831, 0.0009066630960841848, 0.0009084048447558731, 0.0009125870195474424, 0.0009192150172082608, 0.0009283321358725198, 0.0009400154616388522, 0.0009543749277399968, 0.000971554364530568, 0.0009917339977541207, 0.0010151342086293083, 0.0010420205535007923, 0.0010727101763114302, 0.0011075798358898953, 0.0011470758741797208, 0.0011917265482295838, 0.0012421572856909752, 0.0012991095758799194, 0.0013634644239705301, 0.001436271554862609, 0.0015187859115497796, 0.0016125134408012522, 0.0017192687694204593, 0.001841248155359766, 0.0019811221528043942, 0.0021421537978511523, 0.0023283499567749305, 0.0025446558726504504, 0.0027972061368895626, 0.0030936494705736165, 0.0034435701860218663, 0.0038590362846911723, 0.004355313331572016, 0.004951794867890859, 0.005673214727562197, 0.006551224366461007, 0.007626439346668424, 0.008951082594451806, 0.010592376422824009, 0.012636856642478482, 0.015195794152482867, 0.018411901008747924, 0.022467453047859638, 0.027593855396268407, 0.03408247974768238, 0.04229627405011174, 0.052681146923903875, 0.06577542757649246, 0.08221479318460212, 0.10272898660017696, 0.12812555747636226, 0.15925501037841128, 0.1969515481039191, 0.2419446002322082, 0.29473913011865516, 0.3554677997591736, 0.42372554890599934, 0.4984064086674144, 0.5775718488173142, 0.6583870300925373, 0.7371626751255632, 0.8095326770764038, 0.8707792393545408, 0.9162892586261941, 0.9420924855775904, 0.9454017958631719, 0.9250583978758521, 0.881788234986773, 0.818203512719132, 0.7385311826097503, 0.6481071180501595, 0.5527251974952212, 0.4579600608110145, 0.36858254001234647, 0.28815850412782346, 0.21887467023277757]
8.13332729194857	1.6023694877810768	[0.16225006924171995, 0.11663014540365946, 0.08162909932635365, 0.05571177852431638, 0.03716231234006859, 0.024310697418366167, 0.015677788605624892, 0.010045433169059094, 0.006469104924070093, 0.00425360693798533, 0.002910342200124483, 0.0021098960109756236, 0.0016383994077054972, 0.0013616897563276625, 0.0011981920321900625, 0.001099682543720948, 0.0010383565346433034, 0.0009985235096085735, 0.0009714833216558458, 0.0009524736564166485, 0.0009389070475109286, 0.000929379774668053, 0.000923127809456595, 0.0009197340000512064, 0.0009189732450037129, 0.0009207316937444346, 0.0009249652668111247, 0.0009316786809134496, 0.0009409153734123131, 0.0009527531596873331, 0.000967303237224542, 0.0009847111733583239, 0.0010051594407146536, 0.001028871179995621, 0.001056115299343837, 0.0010872129308930087, 0.001122545574407875, 0.0011625651529667991, 0.0012078065083855412, 0.0012589028017366587, 0.0013166046362887245, 0.001381803739738692, 0.0014555625027010011, 0.001539150828765397, 0.001634092410598822, 0.0017422229446195049, 0.0018657638093002049, 0.0020074155514267908, 0.002170477157008399, 0.0023589986454590818, 0.0025779772346110905, 0.002833610181699162, 0.0031336219512996333, 0.0034876884189234897, 0.003907988391993882, 0.00440992133313375, 0.005013042410733784, 0.005742279771245591, 0.0066295174503732904, 0.007715647115827443, 0.009053216273143039, 0.010709822986498856, 0.01277242967345892, 0.015352777587893583, 0.018594076731032062, 0.02267909661976541, 0.02783968002287524, 0.03436749876266471, 0.04262554750054031, 0.0530593679742219, 0.06620630610881936, 0.0827001945792254, 0.10326780775497525, 0.12871235269927964, 0.15987844762249026, 0.19759285219124484, 0.24257625222085707, 0.2953241859956233, 0.35596027999902347, 0.4240723457453049, 0.4985510654151509, 0.5774602973447496, 0.6579749818532006, 0.7364238372450915, 0.8084664766615887, 0.8694163855671391, 0.9146934819395109, 0.9403572283461549, 0.9436415422516562, 0.9233955143437583, 0.8803373878425393, 0.8170565273659064, 0.7377453452467871, 0.6476992522031748, 0.5526725504424167, 0.458207457787547, 0.36905389380548337, 0.28876998108009977, 0.21954679960612064]
8.108605932398573	1.6083984774750768	[0.16291862554575307, 0.11724620997377419, 0.08216366165039342, 0.05615280459084272, 0.03751076421996818, 0.02457598123393604, 0.01587359420939264, 0.010186516936666418, 0.0065691827099157345, 0.004324250996981043, 0.002960635070288415, 0.002146564253003981, 0.0016661892655163804, 0.0013838153717557482, 0.0012167556142497365, 0.0011160202679520303, 0.001053299365169914, 0.0010125813711787301, 0.0009849684495534983, 0.0009655797506123324, 0.0009517582375566891, 0.0009420600578073647, 0.0009356983107926452, 0.0009322429572494258, 0.000931461716950233, 0.0009332368683565383, 0.000937522402806245, 0.000944322331540225, 0.0009536802022667193, 0.0009656745711021548, 0.000980417898762133, 0.0009980575196049343, 0.0010187781700124823, 0.0010428057947707028, 0.001070412687129502, 0.001101924027812908, 0.001137726109367288, 0.001178276516139847, 0.0012241167495381307, 0.0012758878101563527, 0.0013343495198740517, 0.0014004044699361768, 0.0014751278610456015, 0.0015598047458805857, 0.001655976760944807, 0.001765500925507816, 0.0018906240090068374, 0.0020340768920686903, 0.0021991948785582013, 0.002390071600328522, 0.002611756746367295, 0.0028705108529537768, 0.0031741347866318026, 0.0035323967889894824, 0.0039575873191250825, 0.004465240748114907, 0.005075074893161466, 0.0058122133920102195, 0.0067087739495328876, 0.007805925504193634, 0.009156540977881955, 0.010828594866605729, 0.012909476062154477, 0.015511395394607198, 0.018778058363074165, 0.02289272424420225, 0.028087666598652125, 0.03465484800251311, 0.04295729616052991, 0.05344016908555723, 0.06663980781933367, 0.0831881769798219, 0.10380905642724805, 0.12930128774509075, 0.16050358418416735, 0.19823525640807335, 0.24320825478361002, 0.29590872331746904, 0.3564513032476384, 0.42441674954249026, 0.4986924752681809, 0.5773448069588891, 0.6575585218205678, 0.735680358023259, 0.8073956242764084, 0.8680490209760817, 0.9130933871220209, 0.9386177948492903, 0.9418771271572564, 0.9217283384392866, 0.8788820205147146, 0.8159048075441899, 0.7369547127365844, 0.6472868136217934, 0.5526159120937649, 0.45845180130243474, 0.3695234033972297, 0.28938094916608753, 0.2202197121880195]
8.083884572848577	1.614473021497099	[0.16358905307596971, 0.11786495144454247, 0.08270136283614786, 0.05659710407553625, 0.03786235725964512, 0.02484409038264219, 0.016071811027928984, 0.01032957186315903, 0.006670817505837209, 0.004396094112180766, 0.003011837322863865, 0.0021839196829852377, 0.0016945033213314042, 0.001406350007436674, 0.0012356492929409685, 0.0011326353027270271, 0.001068484817983778, 0.0010268592989660064, 0.0009986590355593888, 0.000978881828662545, 0.0009647992524175507, 0.0009549261760050596, 0.0009484521277964294, 0.0009449337588041362, 0.0009441313642250266, 0.0009459232073540212, 0.0009502612724479838, 0.0009571488229001726, 0.0009666295010982991, 0.0009787826015292228, 0.0009937218595495055, 0.0010115963947853175, 0.0010325932358118922, 0.00105694116571637, 0.001084915907074387, 0.0011168467402253846, 0.0011531248129244395, 0.0011942134422268905, 0.0012406608745875749, 0.001293116047907516, 0.0013523481184384305, 0.0014192706737554072, 0.0014949718810888097, 0.0015807521221728098, 0.0016781711889094536, 0.0017891076673859307, 0.0019158340043750443, 0.0020611117448973066, 0.002228312897803365, 0.0024215751535299973, 0.0026460011922890382, 0.002907915425280734, 0.0032151958091919367, 0.0035777037301523962, 0.004007842182271945, 0.00452128141956365, 0.0051379029774440595, 0.005883027107462132, 0.006789006333330681, 0.007897287940490872, 0.00926107118001115, 0.010948707519712065, 0.013048012288235905, 0.01567166489481725, 0.01896386401246152, 0.023108354430935337, 0.02833783382474007, 0.03494454569118131, 0.043291537375758166, 0.05382356573339243, 0.067075945769038, 0.0836787498010409, 0.10435273790118091, 0.1298923625623382, 0.16113041462296443, 0.19887874914580508, 0.24384059090428847, 0.29649271959657564, 0.35694084319097996, 0.4247587306615328, 0.49883060731695855, 0.5772253459277661, 0.6571376191036673, 0.7349322072190135, 0.8063200911910553, 0.8666771175719588, 0.9114889472099842, 0.9368741582749468, 0.9401085240711773, 0.9200568431435798, 0.8774221053905483, 0.8147483242260826, 0.7361592544806588, 0.6468697698792146, 0.552555248964836, 0.45869305812995576, 0.36999103813631656, 0.28999138288905807, 0.22089339023360066]
8.05916321329858	1.6205936273120887	[0.16426134340511758, 0.11848637172988179, 0.08324221457899608, 0.05704469674675059, 0.03821711683458822, 0.02511505312415594, 0.01627246769097192, 0.010474624968531417, 0.00677403342629465, 0.004469156864858634, 0.0030639659251374615, 0.0022219759457524388, 0.0017233523939864173, 0.0014293022181219106, 0.001254879896802081, 0.0011495332114287884, 0.0010839175603647193, 0.0010413613412888693, 0.001012558710112975, 0.000992383242405269, 0.0009780332612204753, 0.0009679811792466626, 0.0009613922349536268, 0.0009578093326631568, 0.0009569850894927643, 0.0009587936031221609, 0.0009631847704642353, 0.0009701610620057385, 0.000979766198856071, 0.0009920802102936427, 0.0010072181182416283, 0.0010253308452874376, 0.0010466077415073292, 0.0010712804623372436, 0.0010996282049996061, 0.0011319844006024986, 0.0011687451158700465, 0.00121037947242555, 0.00125744254884073, 0.001310591318852428, 0.0013706043908209267, 0.0014384064825543256, 0.0015150988866896285, 0.0016019974955506211, 0.001700680471026843, 0.001813048212072776, 0.001941399132911778, 0.00208852577615623, 0.0022578372473364898, 0.0024535157447796935, 0.0026807174653761265, 0.0029458312945415065, 0.003256812973229335, 0.0036236178135345912, 0.004058762233612529, 0.004578053345805208, 0.005201537476734109, 0.005954732609995386, 0.006870227235684427, 0.007989748047505893, 0.009366821524567021, 0.011070176612372517, 0.013188055004538755, 0.01583360362827694, 0.019151511942302083, 0.023326005899686916, 0.028590200514174862, 0.03523661023242914, 0.04362828852646168, 0.054209573515622576, 0.06751473294078436, 0.08417192249837693, 0.10489885724526435, 0.1304855770501562, 0.16175893314640014, 0.19952331867454753, 0.24447324311549296, 0.2970761521975049, 0.35742887302909737, 0.4250982593433652, 0.4989654301917633, 0.5771018824415133, 0.6567122423945864, 0.7341793545224976, 0.8052398482654136, 0.8653006472127499, 0.909880134785844, 0.9351262915696533, 0.9383357059886543, 0.9183810011225443, 0.8759576143880649, 0.8135870480798222, 0.7353589395049167, 0.646448088298207, 0.5524905272751688, 0.4589311948064385, 0.37045676708465924, 0.29060125648716617, 0.221567815713801]
8.034441853748584	1.6267608097630533	[0.16493548779397962, 0.11911047252657864, 0.0837862284823106, 0.05749560240577509, 0.03857506846976781, 0.02538889796938182, 0.01647559314509111, 0.010621703634671483, 0.006878854950424423, 0.004543460193447126, 0.003117038162157459, 0.0022607469710468554, 0.0017527475356857295, 0.001452680759032281, 0.0012744544107663814, 0.0011667196923700893, 0.0010996023636259218, 0.0010560916408042177, 0.001026671178147066, 0.0010060874163141402, 0.0009914634929995634, 0.0009812281795996854, 0.0009745216601899237, 0.0009708726640414357, 0.0009700258463795625, 0.0009718510033215728, 0.0009762958420061174, 0.0009833620106374206, 0.0009930932754256003, 0.00100557041191962, 0.0010209097256528468, 0.0010392639738736563, 0.0010608248444809285, 0.001085826912389195, 0.001114552883148407, 0.0011473404022749238, 0.0011845905085109355, 0.0012267782122027714, 0.0012744655009617432, 0.0013283174954462234, 0.0013891223639225375, 0.0014578161016662516, 0.0015355132754797417, 0.0016235454845244903, 0.0017235094644863164, 0.0018373276900846538, 0.0019673248210127624, 0.0021163247506102776, 0.0022877740583919855, 0.002485899924141227, 0.0027159125686528987, 0.0029842659810169845, 0.00329899435599023, 0.0036701477511178215, 0.004110356862526767, 0.004635566684664525, 0.005265989355880038, 0.006027341771611105, 0.006952449455063341, 0.008083319647511786, 0.009473806828943207, 0.011193018027162962, 0.013329621033673597, 0.015997229359115184, 0.019341020565251877, 0.023545697588503608, 0.02884478558362393, 0.03553106022189276, 0.043967567018998704, 0.05459820817265679, 0.06795618223519412, 0.0846677046022801, 0.10544741931773312, 0.13108093110974944, 0.16238913362416582, 0.20016895320349581, 0.24510619350478685, 0.2976589983776292, 0.35791536543933433, 0.4254353056865896, 0.49909691195285616, 0.5769743845200914, 0.6562823598080804, 0.7334217694489465, 0.804154865836726, 0.8639195816204724, 0.9082669220245956, 0.9333741676055172, 0.9365586456124873, 0.9167007849810277, 0.8744885191650043, 0.8124209496277057, 0.7345537365060542, 0.6460217359077374, 0.552421712813554, 0.4591661774551517, 0.37092055883032016, 0.2912105437700148, 0.22224297019531827]
8.009720494198588	1.632975091202908	[0.16561147721489028, 0.11973725533221173, 0.08433341603922412, 0.05794984086144101, 0.03893623781836909, 0.02566565365349797, 0.016681216649664713, 0.010770835589836674, 0.006985306933580951, 0.0046190253855290285, 0.003171071655178228, 0.0023002469670507474, 0.0017827000511911341, 0.0014764945782384524, 0.0012943799936568463, 0.0011842005699155753, 0.0011155441184867905, 0.0010710544251607283, 0.001041000232544991, 0.0010199978384400408, 0.0010050932485175814, 0.0009946703429062475, 0.000987843495291246, 0.0009841267880576286, 0.0009832566486931563, 0.0009850984044822973, 0.0009895974908593502, 0.0009967546798089035, 0.0010066137690216202, 0.0010192562713330863, 0.0010347997915185377, 0.001053398935470565, 0.0010752477624159011, 0.0011005837981037465, 0.001129693306228589, 0.0011629181959396787, 0.0012006645466169721, 0.0012434133279326618, 0.0012917335290051726, 0.0013462985153403428, 0.0014079061390258236, 0.0014775038067783826, 0.0015562195257070555, 0.0016454007841217022, 0.001746663114800811, 0.0018619513157666723, 0.0019936165928592063, 0.0021445145254432507, 0.002318129571537113, 0.002518734344037479, 0.0027515936284716134, 0.003023227118571497, 0.003341748174836084, 0.00371730238062679, 0.004162635618317965, 0.004693831731936048, 0.005331269762411303, 0.006100866612820104, 0.00703568599765394, 0.008178016717005476, 0.009582042143872864, 0.011317247796682806, 0.013472727454616926, 0.016162559979954087, 0.0195324085658379, 0.023767448515665555, 0.02910160822341432, 0.03582791425093901, 0.04430939051586853, 0.05498948531438355, 0.06840030677081131, 0.08516610534922282, 0.10599842914285829, 0.13167842416754885, 0.16302101004344105, 0.2008156403034423, 0.24573942425339418, 0.2982412346472426, 0.3584002932054121, 0.4257698390100646, 0.4992250208034695, 0.5768428194353105, 0.6558479396239411, 0.732659420821441, 0.8030651143734353, 0.8625338918674876, 0.9066492811347729, 0.9316177586318602, 0.9347773155595935, 0.9150161667457131, 0.8730147912107024, 0.8112499988974888, 0.7337436139799945, 0.6455906793315955, 0.5523487711414482, 0.45939797183679226, 0.3713823816854523, 0.29181921819361983, 0.2229188349504681]
7.984999134648592	1.6392370016283575	[0.16628930233435554, 0.12036672142623432, 0.08488378863548338, 0.05840743193791607, 0.03930065066947638, 0.025945349150946352, 0.016889367780932054, 0.01092204892372502, 0.007093414607508541, 0.00469587409238357, 0.0032260843596716845, 0.0023404904344609006, 0.0018132214944962825, 0.0015007528297555632, 0.001314663973795508, 0.001201981806159181, 0.0011317478299776075, 0.0010862540171921093, 0.001055549748829058, 0.0010341180692852836, 0.001018925895165521, 0.0010083108965534418, 0.0010013608912760256, 0.0009975747965909236, 0.000996680566371628, 0.0009985388581078326, 0.0010030927759669657, 0.0010103421352619614, 0.0010203307732247141, 0.0010331409088823165, 0.0010488914819606605, 0.0010677389418442462, 0.0010898797710982915, 0.0011155544606423332, 0.0011450528994575147, 0.0011787212940156573, 0.0012169708496169494, 0.0012602885512779972, 0.0013092504986670784, 0.001364538385924628, 0.0014269598899947504, 0.0014974739487896849, 0.0015772221942549171, 0.0016675681712511015, 0.0017701464534753274, 0.0018869243934134148, 0.0020202800674971513, 0.0021731010574739165, 0.0023489101328138303, 0.0025520257680391317, 0.0027877678891925933, 0.003062722465699196, 0.0033850827796643515, 0.0037650906798308162, 0.004215608199153693, 0.004752858940398209, 0.005397390010141326, 0.006175319328492911, 0.0071199500528364955, 0.008273853422452647, 0.00969154271669902, 0.011442882153522465, 0.0136173915480414, 0.016329613582066426, 0.019725694820254765, 0.023991277877983275, 0.029360687782576025, 0.03612719104320242, 0.04465377677616696, 0.05538342060684586, 0.068847119671394, 0.08566713393060099, 0.10655189163985229, 0.1322780554946342, 0.163654556178324, 0.20146336729428413, 0.24637291724764596, 0.29882283720471337, 0.3588836287737211, 0.42610182829767485, 0.49934972460111454, 0.5767071541262682, 0.6554089497864595, 0.7318922771437009, 0.8019705640271901, 0.8611435487260553, 0.9050271840320043, 0.9298570366191254, 0.9329916881742291, 0.9133271181745268, 0.8715364017422428, 0.8100741656326894, 0.7329285401213206, 0.6451548848665366, 0.5522716674682263, 0.45962654333387715, 0.3718422035699068, 0.29242725282356075, 0.22359539088904684]
7.9602777750985965	1.6455470788173518	[0.1669689535419464, 0.12099887186217208, 0.0854373575553586, 0.05886839547595176, 0.039668332942585566, 0.026228013684733854, 0.017100076423011742, 0.011075372103813885, 0.007203203570894382, 0.004774028349764766, 0.003282094555444697, 0.0023814921886811742, 0.0018443236579231037, 0.0015254648949590824, 0.0013353138370715703, 0.0012200695205087386, 0.0011482186050586732, 0.0011016948523996904, 0.0010703236730687437, 0.001048451757267666, 0.0010329648557310515, 0.0010221531431101679, 0.0010150770483279736, 0.0010112198503057033, 0.0010103007166563749, 0.0010121754813118644, 0.0010167848037695927, 0.0010241275069468592, 0.0010342474303367097, 0.0010472275088959735, 0.0010631880136728466, 0.0010822872694660444, 0.0011047241992384396, 0.0011307423074926857, 0.0011606351438290007, 0.0011947532777879257, 0.001233513096122171, 0.0012774076863012718, 0.0013270203388712875, 0.0013830411916379347, 0.0014462878587100777, 0.0015177309615863528, 0.0015985259116722275, 0.0016900525132677274, 0.0017939645923045497, 0.0019122523270445845, 0.0020473209519555353, 0.0022020904147181095, 0.002380122185038819, 0.002585781085024781, 0.0028244427017297745, 0.0031027599234520874, 0.003429006637303363, 0.0038135217899464024, 0.004269284430216512, 0.00481265895118847, 0.005464361547943358, 0.006250712330845672, 0.007205254947960563, 0.008370844180111307, 0.009802323925467453, 0.011569937614263451, 0.013763630700399718, 0.01649840857351243, 0.01992089825805682, 0.02421720521595793, 0.029622043572823668, 0.036428909682357104, 0.04500074338472821, 0.05578003007970094, 0.0692966337038342, 0.08617079989575065, 0.10710781115795334, 0.13287982471556897, 0.16428976502003698, 0.20211212185878558, 0.24700665341599737, 0.29940378263820205, 0.35936534352426514, 0.42643124295323737, 0.4994709901026895, 0.5765673559582825, 0.6549653571700087, 0.7311203073079184, 0.8008711839614999, 0.8597485232759848, 0.9034006017620339, 0.9280919737364908, 0.9312017350641643, 0.9116336111026552, 0.8700533213621813, 0.8088934195301678, 0.7321084825989943, 0.6447143186425627, 0.5521903665254551, 0.45985185705659, 0.3722999919529883, 0.2930346203971178, 0.2242726185345089]
7.935556415548601	1.6519058684687733	[0.16765042089119742, 0.12163370746269582, 0.08599413395674564, 0.059332751319254265, 0.04003931068834804, 0.02651367671218049, 0.017313372785611555, 0.011230833961533364, 0.007314699816224182, 0.004853510563181359, 0.0033391208768518378, 0.0024232673432335703, 0.0018760186021724056, 0.0015506403642481666, 0.0013563372550933486, 0.0012384699705051735, 0.0011649616782242632, 0.0011173814600316295, 0.001085326044817446, 0.0010630026209489836, 0.0010472136287680244, 0.001036200444227222, 0.0010289952337942995, 0.001025065164407171, 0.0010241202799740497, 0.0010260114443738045, 0.001030676742268375, 0.0010381139781817617, 0.0010483669439461387, 0.0010615193101832026, 0.0010776926653165363, 0.0010970472510678292, 0.001119784439020529, 0.001146150804793231, 0.001176443586130157, 0.00121101779022001, 0.0012502950337210958, 0.0012947746024815833, 0.0013450470516626855, 0.0014018110868875958, 0.0014658943654148988, 0.0015382793545167222, 0.0016201353933899354, 0.0017128587595716474, 0.0018181227359915853, 0.0019379406105537924, 0.0020747450559801942, 0.0022314887642853175, 0.002411772285651051, 0.0026200072936661094, 0.00286162554595124, 0.0031433475148041723, 0.003473528360579912, 0.0038626049873356546, 0.0043236743025714145, 0.004873242554047352, 0.005532196013064354, 0.006327058192633244, 0.007291614222939271, 0.008469003574045094, 0.00991440138466394, 0.011698430860810505, 0.013911462554599671, 0.016668963508102812, 0.02011803807617009, 0.02444525017001169, 0.029885695168786103, 0.0367330892708769, 0.04535030816421593, 0.056179329660128105, 0.06974886182644227, 0.08667711253488215, 0.10766619217748932, 0.1334837310222269, 0.16492662963239788, 0.20276189108665477, 0.24764061372067706, 0.2999840468270179, 0.35984540886055855, 0.426758051619186, 0.4995887840995979, 0.5764233915450558, 0.6545171286968793, 0.7303434795109376, 0.7997669433855922, 0.8583487859828057, 0.9017695053887655, 0.9263225416220978, 0.929407427800756, 0.9099356169003135, 0.8685655205603533, 0.8077077298593818, 0.7312834088797792, 0.6442689463679608, 0.5521048327490343, 0.4600738776774803, 0.37275571393573304, 0.29364129322038307, 0.22495049804732184]
7.910835055998605	1.6583139243457223	[0.16833369411844368, 0.12227122884190773, 0.08655412888073377, 0.059800519317618046, 0.04041361009338697, 0.0268023679202598, 0.017529287410567508, 0.011388463687318707, 0.007427929740456784, 0.0049343435045942265, 0.0033971823262453184, 0.0024658313070741655, 0.0019083186701805033, 0.001576289033776165, 0.0013777420978953402, 0.0012571895476381277, 0.0011819824225624755, 0.0011333184583143846, 0.001100561006624486, 0.0010777744441810041, 0.0010616757968319257, 0.0010504562160775768, 0.0010431187893978231, 0.001039114004573736, 0.0010381425063248602, 0.001040049967219462, 0.001044771826750919, 0.0010523047826538304, 0.001062692584132863, 0.001076019603486386, 0.0010924087823340988, 0.0011120222734619693, 0.0011350639506467206, 0.0011617834754323903, 0.0011924818433344557, 0.0012275185342450138, 0.00126732048333835, 0.0013123932331091453, 0.00136333471665395, 0.0014208522944530403, 0.0014857838133836311, 0.0015591237106950707, 0.0016420554447711506, 0.0017359919396756388, 0.0018426261877780106, 0.0019639948253569644, 0.0021025582985058494, 0.002261302369347323, 0.0024438671143845454, 0.0026547114983356485, 0.0028993240400533448, 0.003184493378931046, 0.0035186567201017788, 0.003912349675302512, 0.004378787988361948, 0.004934620675340003, 0.005600905251154838, 0.006404369629463131, 0.007379041657089063, 0.008568346329885325, 0.010027790981550768, 0.011828378701536489, 0.014060905059373583, 0.016841297028382496, 0.02031713380577416, 0.02467543239826824, 0.030151662497861005, 0.03703974881463101, 0.045702489294382365, 0.056581335016856436, 0.07020381734495984, 0.08718608067842112, 0.10822703951055591, 0.13408977293071486, 0.16556514340412734, 0.2034126611992759, 0.24827477946365895, 0.300563604649724, 0.3603237965595826, 0.4270822218815928, 0.49970307378410556, 0.5762752264547901, 0.6540642316765412, 0.7295617609573991, 0.7986578118230153, 0.8569443063982146, 0.9001338661720204, 0.9245487110990785, 0.9276087380215875, 0.9082331062390249, 0.8670729697807109, 0.8065170653096759, 0.7304532862938827, 0.6438187332623623, 0.5520150303532828, 0.46029256942606456, 0.3732093363210119, 0.29424724318787654, 0.2256290092736156]
7.88611369644861	1.664771808421183	[0.16901876265746532, 0.12291143635286685, 0.0871173532454188, 0.060271719324275254, 0.04079125746409325, 0.027094117251224403, 0.017747851148577277, 0.011548290870784851, 0.007542920116197502, 0.0050165503592340364, 0.003456298240997125, 0.0025091998332714784, 0.0019412364514663294, 0.0016024209529752558, 0.0013995363972523225, 0.0012762348219529974, 0.0011992863137108753, 0.0011495105952666373, 0.001116032770034289, 0.0010927711128163897, 0.0010763549954322053, 0.0010649239620017785, 0.0010574511035318218, 0.0010533697158010146, 0.0010523706908940208, 0.001054294344880092, 0.001059073338422056, 0.001066703227002257, 0.0010772276686744392, 0.0010907317517392014, 0.0011073397602271871, 0.0011272157960319068, 0.001150566247172679, 0.0011776439163181437, 0.0012087535884870995, 0.0012442592893500669, 0.0012845933256662135, 0.001330267591726229, 0.0013818874774815392, 0.0014401691223616545, 0.00150596067482535, 0.0015802687049749926, 0.001664290945772572, 0.0017594571830908926, 0.001867480331979689, 0.001990420663257937, 0.0021307666868651755, 0.002291537616453675, 0.002476413447447889, 0.0026899009429608898, 0.0029375459072377955, 0.0032262058146339213, 0.0035644005997889, 0.0039627654415434485, 0.004434635779793853, 0.004996804456108518, 0.005670501230725128, 0.006482659608095825, 0.007467551147416963, 0.008668887467328674, 0.010142508701671746, 0.011959798287652297, 0.014211976219071613, 0.01701542817258934, 0.020518204956187086, 0.024907772008442956, 0.03041996534089969, 0.03734890782047052, 0.046057304627438345, 0.05698606236628079, 0.07066151300095715, 0.08769771374796037, 0.10879035712991597, 0.13469794959442088, 0.1662052986063316, 0.20406441910981685, 0.2489091305938986, 0.30114243173640315, 0.3608004768933325, 0.42740372212473204, 0.49981382479601694, 0.5761228270604755, 0.6536066319223798, 0.7287751196046249, 0.7975437574447986, 0.8555350547160736, 0.8984936542188513, 0.9227704534761829, 0.9258056364231295, 0.9065260500882482, 0.8655756387060078, 0.8053213946672594, 0.7296180815337865, 0.6433636444488234, 0.5519209229825419, 0.4605078962744886, 0.373660825385284, 0.294852441850199, 0.22630813161660746]
7.861392336898614	1.6712800910275059	[0.1697056156045151, 0.12355433012463801, 0.08768381783988415, 0.06074637119074631, 0.04117227923991353, 0.027388954877811095, 0.017969095188384195, 0.011710345468764302, 0.007659698132620738, 0.0051001546910075, 0.003516488340768755, 0.002553388982763272, 0.0019747848309042116, 0.0016290463872327334, 0.0014217283937349153, 0.0012956125047742183, 0.0012168789735169463, 0.001165962712860503, 0.0011317456551724193, 0.0011079965814569607, 0.0010912549484099325, 0.0010796072425020011, 0.0010719956425986222, 0.0010678356958189932, 0.0010668082017102408, 0.001068747924156564, 0.001073584628862249, 0.001081312670341437, 0.0010919755848500846, 0.001105659171958624, 0.0011224890642739377, 0.0011426313344695463, 0.0011662949127010517, 0.0011937357834378125, 0.0012252625679248655, 0.0012612438974428984, 0.0013021175179568805, 0.0013484017582791516, 0.0014007095587367444, 0.0014597659497689233, 0.0015264295085802367, 0.0016017190889172066, 0.0016868468701515715, 0.0017832597025895488, 0.001892690655652999, 0.0020172239069566555, 0.00215937634219093, 0.002322200991825666, 0.00250941818845406, 0.0027255829810086765, 0.002976299014746234, 0.0032684932409442974, 0.0036107690477766804, 0.004013862004820914, 0.004491228157444674, 0.005059805178052605, 0.005740996136990772, 0.006561941241756084, 0.007557156839802578, 0.008770642150289835, 0.010258570814148509, 0.012092706897705995, 0.01436469435617434, 0.01719137606562787, 0.0207212713849902, 0.0251422891194631, 0.030690623847501416, 0.03766058568602361, 0.046414772391009294, 0.057393527645906266, 0.07112196190458277, 0.08821202067568715, 0.10935614936445585, 0.1353082594514235, 0.16684708786248997, 0.20471715081373532, 0.2495436474297026, 0.3017205026583303, 0.3612754205372978, 0.4277225196126827, 0.4999210032051153, 0.5759661586255249, 0.6531442956637094, 0.7279835223613622, 0.7964247487670558, 0.8541210001752142, 0.8968488398662107, 0.9209877392231826, 0.9239980938014363, 0.9048144187058078, 0.8640734969971879, 0.8041206861255373, 0.728777761162712, 0.6429036445421568, 0.5518224740500488, 0.46071982172627324, 0.37411014708761253, 0.2954568603208635, 0.22698784414506362]
7.836670977348619	1.6778393510083958	[0.17039424170955245, 0.12419991003272471, 0.08825353331177375, 0.06122449475879783, 0.041556701983605795, 0.027686911210664758, 0.018193051050329232, 0.011874657822028907, 0.007778291390436949, 0.005185180463315277, 0.0035777727219105395, 0.002598415145696507, 0.0020089769815588403, 0.00165617583782423, 0.0014443265280340732, 0.001315329466523957, 0.001234766160515318, 0.0011826797626919192, 0.0011477040811558874, 0.0011234548871977485, 0.0011063794588805419, 0.0010945096873253223, 0.0010867559428201453, 0.0010825154057603464, 0.001081458472436676, 0.001083414113098202, 0.0010883091137656679, 0.001096136532765237, 0.0011069397840134901, 0.001120805342983089, 0.0011378602247892945, 0.001158272467949284, 0.0011822535981713775, 0.0012100627986635114, 0.001242012597436944, 0.0012784762694808196, 0.0013198970903950257, 0.0013667998857663833, 0.0014198052623835104, 0.0014796472338362177, 0.0015471949563959258, 0.0016234796981391547, 0.001709728281374322, 0.0018074048023234673, 0.0019182627438383171, 0.002044410439325482, 0.002188393493584606, 0.00235329909232153, 0.0025428883609221503, 0.0027617650888877945, 0.003015591363822566, 0.0033113642140439868, 0.0036577712625398126, 0.0040656492369827435, 0.004548575770609781, 0.005123634292979135, 0.00581240234356521, 0.006642227830438214, 0.00764787308784236, 0.008873625743039897, 0.010375993811710116, 0.01222712201662287, 0.01451907802432286, 0.01736916003068261, 0.020926353173351463, 0.02537900401814683, 0.03096365836044505, 0.03797480191620457, 0.04677491094664116, 0.05780374680578136, 0.07158517721169107, 0.08872901028241055, 0.10992442048156367, 0.13592070069232354, 0.16749050362884463, 0.20537084193704572, 0.2501783100421424, 0.3022977915348515, 0.36174859788142816, 0.4280385811263481, 0.5000245747975505, 0.5758051859431728, 0.6526771888713981, 0.7271869357039917, 0.7953007540741609, 0.8527021116233762, 0.8951993932305923, 0.9192005384475719, 0.9221860807209187, 0.9030981819975846, 0.8625665140535683, 0.8029149075197417, 0.7279322914395205, 0.6424386977763654, 0.5517196466108282, 0.4609283088688074, 0.3745572669808564, 0.29606046928618734, 0.22766812553684873]
7.811949617798623	1.6844501758748796	[0.17108462939226068, 0.12484817570111485, 0.0888265101771107, 0.06170610986771933, 0.041944552384487334, 0.027988016907022795, 0.018419750585668134, 0.01204125866576988, 0.00789872790036912, 0.0052716520516934975, 0.003640171856116025, 0.0026442950550777914, 0.002043826362985771, 0.001683820054997631, 0.0014673394383456946, 0.0013353927483146014, 0.0012529537664365893, 0.0011996668159100028, 0.0011639125621600347, 0.001139150158105615, 0.0011217324053226993, 0.0011096350027808228, 0.0011017356066600618, 0.001097412376561593, 0.0010963249992696938, 0.0010982963866787076, 0.001103250270341435, 0.0011111783004522104, 0.0011221237794578848, 0.0011361738101409776, 0.0011534568353867467, 0.0011741428434811712, 0.0011984460199426891, 0.0012266287539028434, 0.001259007561092537, 0.0012959603895265621, 0.0013379361450965217, 0.001385466204306072, 0.0014391789668540757, 0.001499817513921329, 0.0015682617420402709, 0.0016455554567527824, 0.0017329403316517712, 0.0018318978826574565, 0.001944202278398495, 0.002071986248824864, 0.00221782447658998, 0.0023848386316829458, 0.002576831106143242, 0.0027984548733681067, 0.0030554310866102393, 0.003354827436334971, 0.0037054165882729933, 0.004118137174359397, 0.004606689430327785, 0.005188303437487132, 0.005884732401848722, 0.006723532880231037, 0.007739714436665185, 0.00897785383604383, 0.010494794386069421, 0.012363061370589496, 0.014675145971166778, 0.017548799636490166, 0.021133470570840945, 0.025617937223172495, 0.031239089335720737, 0.03829157620937181, 0.04713773867795421, 0.05821673592380409, 0.0720511719746033, 0.08924869143054322, 0.11049517449914395, 0.13653527145996353, 0.16813553797211164, 0.20602547798858345, 0.2508130980069394, 0.3028742723335369, 0.36221997876311796, 0.42835187328946056, 0.5001245047909295, 0.575639873651286, 0.6522052769553474, 0.7263853259452785, 0.7941717411122542, 0.8512783577281514, 0.8935452839300412, 0.9174088210606465, 0.9203695672982846, 0.9013773096539637, 0.8610546588673182, 0.8017040264334309, 0.7270816382262463, 0.6419687680748758, 0.5516124033022056, 0.46113332041265087, 0.3750021501782861, 0.2966632390273948, 0.22834895406672676]
7.787228258248628	1.6911131619636588	[0.17177676678167944, 0.12549912645614714, 0.0894027588132923, 0.06219123634749936, 0.04233585723168947, 0.02829230289354183, 0.018649225943128026, 0.01221017917225233, 0.008021036046516003, 0.005359594296953247, 0.003703706550783854, 0.0026910458433671634, 0.0020793466790191297, 0.0017119900936771162, 0.0014907759169767634, 0.0013558096144468696, 0.001271447773465489, 0.0012169291114246983, 0.0011803756669609789, 0.0011550866567391611, 0.001137317704488519, 0.0011249870105773355, 0.0011169382695859229, 0.0011125302433907282, 0.0011114113115532273, 0.0011133983172701043, 0.0011184116114587967, 0.0011264415527582772, 0.001137531123591783, 0.001151768209591481, 0.0011692825326062367, 0.0011902461981436916, 0.001214875941275358, 0.001243437531859411, 0.0012762513939826752, 0.0013137003346628687, 0.0013562388395181703, 0.0014044050408386676, 0.001458835110513737, 0.001520281431744773, 0.0015896346541458641, 0.0016679513987643269, 0.001756488243363341, 0.0018567444637427365, 0.00197051501700442, 0.0020999574564709235, 0.0022476757083733636, 0.002416826472556429, 0.0026112536526415307, 0.0028356601109903335, 0.003095826407140065, 0.003398891806595144, 0.003753714463384945, 0.00417133608355025, 0.00466558003948292, 0.005253824521509887, 0.005957998944119869, 0.006805870224952354, 0.007832695486574958, 0.009083342415463994, 0.01061498923456439, 0.012500543165023621, 0.014832916864044308, 0.017730315031399307, 0.021342643608922705, 0.02585910995024557, 0.031516936805615535, 0.03861092909446665, 0.04750327326044612, 0.05863251205680646, 0.07251995817643092, 0.08977107412349554, 0.11106841395195685, 0.13715197121216688, 0.16878218105766218, 0.20668104597081816, 0.25144798864119117, 0.30344992067865656, 0.36268953052719044, 0.4286623644932628, 0.500220755838257, 0.5754701881702026, 0.6517285228549666, 0.72557866107006, 0.7930376753898849, 0.8498497085953953, 0.8918864796675602, 0.9156125580889913, 0.9185485220896822, 0.8996517721217346, 0.859537899204718, 0.8004880108632114, 0.7262257664346982, 0.6414938194756137, 0.5515007060048039, 0.46133481894134637, 0.3754447611610298, 0.2972651395460772, 0.22903030750523862]
7.762506898698632	1.6978289146003185	[0.17247064151383998, 0.12615276144724474, 0.08998228942597787, 0.06267989399856412, 0.042730643480673715, 0.028599800266300216, 0.018881509696516866, 0.0123814508076846, 0.008145244751442555, 0.0054490323392935415, 0.0037683981343189657, 0.00273868486561128, 0.0021155520698171526, 0.0017406971339308875, 0.0015146450991536155, 0.0013765873771015233, 0.0012902544330468642, 0.0012344718903499754, 0.0011970981836637506, 0.0011712686280792536, 0.0011531394601144364, 0.0011405695110506039, 0.0011323677324742586, 0.0011278726243089798, 0.0011267210887970197, 0.0011287234676631587, 0.0011337967889923945, 0.0011419298677761715, 0.0011531654997663716, 0.0011675921842361767, 0.0011853410785576451, 0.0012065862830415036, 0.0012315472481457671, 0.0012604930357378952, 0.0012937481535222858, 0.0013317002081786396, 0.0013748094555474117, 0.0014236207535055006, 0.0014787782609151285, 0.0015410436645262027, 0.0016113186182417885, 0.0016906725971932881, 0.0017803773869518775, 0.0018819501072177452, 0.001997206880794013, 0.0021283302256789602, 0.00227795379036128, 0.0024492695183968727, 0.0026461634410521405, 0.0028733886134073554, 0.003136785798840564, 0.0034435662462728007, 0.0038026746257525923, 0.004225256230396717, 0.004725258867917231, 0.005320209413166046, 0.006032215060793892, 0.006889253587834646, 0.007926831419076616, 0.009190107245692868, 0.010736595800882303, 0.012639585209741852, 0.014992410335697919, 0.01791372570606921, 0.021553893569765364, 0.02610254237865608, 0.03179722241546577, 0.03893287954425283, 0.04787153442822613, 0.059051090036103586, 0.07299155038505158, 0.09029616534285106, 0.11164414454924897, 0.1377707955276974, 0.169430426839812, 0.2073375281975231, 0.2520829636219684, 0.3040247068729669, 0.3631572253080722, 0.42897001746380287, 0.5003132955608954, 0.5752960902613319, 0.6512468943257845, 0.724766903756009, 0.7918985267418971, 0.8484161296583463, 0.8902229517256166, 0.9138117166995049, 0.9167229163637853, 0.8979215368549878, 0.8580162046959197, 0.7992668266151376, 0.7253646421030475, 0.6410138144732365, 0.5513845171337878, 0.46153276595271114, 0.3758850645108334, 0.29786614007120826, 0.22971216347523146]
7.7377855391486365	1.7045980482643694	[0.17316624100966918, 0.12680907946847877, 0.0905651120906599, 0.06317210261546784, 0.04312893815910418, 0.028910540433288983, 0.01911663467204723, 0.0125551055434214, 0.008271383257903442, 0.0055399918672017065, 0.0038342682128484906, 0.002787229965031485, 0.0021524568582541597, 0.0017699527480278777, 0.0015389562107169766, 0.0013977336538883837, 0.0013093800240967267, 0.0012523006366696704, 0.0012140848949906346, 0.0011877005190615865, 0.0011692017590327758, 0.0011563864799310972, 0.001148027779724465, 0.0011434432946897915, 0.0011422579999736911, 0.0011442755449982338, 0.001149409452151961, 0.0011576469585218708, 0.0011690305967467607, 0.0011836495053366468, 0.0012016362483325748, 0.001223166973658192, 0.0012484638463427285, 0.001277799291609528, 0.001311501923020884, 0.0013499642371731162, 0.001393652306357904, 0.0014431178277478998, 0.0014990130216438414, 0.0015621090230407, 0.0016333185999672683, 0.0017137242680285074, 0.0018046131762247013, 0.0019075205308865591, 0.002024283836340897, 0.002157110893945195, 0.0023086653696162, 0.0024821748707391294, 0.0026815679547692226, 0.0029116484223892817, 0.0031783177699224795, 0.0034888599497707325, 0.0038523068316611044, 0.0042799082111807584, 0.004785737173869295, 0.005387470388410558, 0.006107393778934693, 0.006973697204244999, 0.008022137266765709, 0.009298164743384685, 0.010859631243288701, 0.01278020615353087, 0.015153645523268896, 0.0180990522353314, 0.0217672409289864, 0.02634825608715035, 0.03207996656525706, 0.03925744832509911, 0.048242540085450134, 0.05947248696201919, 0.07346596061278597, 0.09082397488691123, 0.11222236862000537, 0.13839174339507238, 0.1700802650545096, 0.20799491097782696, 0.2527179996758082, 0.304598605710104, 0.3636230297875821, 0.42927479972045074, 0.5004020859485716, 0.5751175454962504, 0.650760353671631, 0.7239500211822759, 0.7907542600607891, 0.8469775902545001, 0.8885546671929686, 0.912006267177758, 0.9148927180519365, 0.8961865735770685, 0.8564895424614445, 0.7980404409621954, 0.7244982294556211, 0.6405287163465411, 0.5512637978061861, 0.46172712320057424, 0.3763230238663408, 0.2984662097437315, 0.23039449893889902]
7.713064179598641	1.711421186759228	[0.17386355225297812, 0.12746807906497365, 0.09115123670976437, 0.06366788196390587, 0.04353076843039211, 0.029224555017744597, 0.019354634075234148, 0.012731175717784192, 0.008399481292849132, 0.005632498956230008, 0.0039013388535079, 0.002836699300236869, 0.002190075739366059, 0.0017997687245625456, 0.0015637187541559965, 0.0014192561958824646, 0.0013288310291026788, 0.0012704209147273843, 0.0012313407404866681, 0.001204386829245552, 0.001185508817591756, 0.0011724419340046089, 0.0011639223096186313, 0.001159246068031843, 0.001158025818728125, 0.001160058295690253, 0.0011652533492304514, 0.0011735965801934357, 0.0011851301991204447, 0.001199943989963619, 0.0012181719113698774, 0.0012399921952327684, 0.001265629736107138, 0.0012953603794592344, 0.001329516881874796, 0.0013684967070492762, 0.0014127718044165158, 0.0014629008120016916, 0.001519544100476877, 0.0015834823861277522, 0.0016556396759487828, 0.0017371117008328082, 0.001829201144978993, 0.0019334615320893973, 0.002051751981855279, 0.0021863058846375003, 0.0023398172397261397, 0.0025155497234533477, 0.0027174748426423336, 0.0029504476780992123, 0.0032204310180639984, 0.003534782214512918, 0.003902621057280014, 0.004335302726575789, 0.00484702647390298, 0.005455619822601449, 0.006183548432273279, 0.007059215392594049, 0.008118628429147207, 0.009407531372822171, 0.01098411316095752, 0.012922424627315349, 0.015316642093895284, 0.0182863150661716, 0.021982706796834655, 0.026596272355767402, 0.03236519040934628, 0.03958465565859623, 0.04861630902477153, 0.0598967190637144, 0.07394320190901969, 0.09135451128918196, 0.11280308969407393, 0.13901481211449326, 0.17073168681540768, 0.20865317853754897, 0.25335307508336846, 0.30517158959784313, 0.3640869123454657, 0.42957667623511364, 0.5004870907539969, 0.5749345168989809, 0.6502688649073122, 0.7231279781356829, 0.7896048417739424, 0.8455340576106051, 0.8868815944193893, 0.9101961780543462, 0.9130578960157522, 0.8944468506185915, 0.8549578802042177, 0.7968088200931513, 0.7236264929680876, 0.6400384875127303, 0.5511385091033366, 0.46191785171966876, 0.3767586026193955, 0.2990653170996469, 0.23107729052645748]
7.688342820048645	1.7182989633854309	[0.17456256188647207, 0.12812975849459385, 0.09174067302567487, 0.06416725178351058, 0.04393616156277871, 0.029541875891605292, 0.019595541441080593, 0.012909694092634748, 0.008529569010118674, 0.005726580140041276, 0.003969632523323733, 0.0028871114224895654, 0.002228423716902716, 0.0018301571457977571, 0.0015889424445942758, 0.0014411629612920912, 0.0013486140717514886, 0.0012888384372644246, 0.0012488707578145759, 0.001221332172395123, 0.00120206492798435, 0.0011887399861013415, 0.001180055286277875, 0.0011752848446736496, 0.0011740283809100437, 0.0011760755484880266, 0.0011813322902256803, 0.0011897825683784872, 0.001201468154276591, 0.0012164795352451346, 0.0012349520019548663, 0.0012570659539634479, 0.0012830489852879328, 0.0013131804622480143, 0.0013477972805244558, 0.0013873019893222826, 0.0014321724373906515, 0.0014829743451471075, 0.0015403762853602187, 0.001605168728733789, 0.001678287008880675, 0.0017608402884592889, 0.00185414692004199, 0.0019597790204112487, 0.002079617516734967, 0.0022159217444079225, 0.0023714163049240104, 0.002549401407193214, 0.0027538918749494025, 0.00298979467386326, 0.0032631343743406973, 0.0035813425107684435, 0.003953627424869025, 0.004391450673418005, 0.004909138443055667, 0.005524670314283746, 0.006260692523104103, 0.007145822724734143, 0.008216320478633557, 0.009518223883781247, 0.011110059319055027, 0.013066259578494058, 0.015481419854522567, 0.018475534987341224, 0.02220031236763182, 0.02684661281985253, 0.0326529150900253, 0.03991452211751905, 0.04899285988277676, 0.060323802897258805, 0.07442328697725702, 0.09188778337066333, 0.11338631073729473, 0.13963999923347303, 0.1713846824593747, 0.2093123153278959, 0.2539881671815308, 0.30574363117695413, 0.36454884032573287, 0.42987561224049997, 0.500568272680404, 0.5747469677725093, 0.6497723910414627, 0.7223007396584792, 0.7884502373752584, 0.8440854991323595, 0.8852037009062795, 0.9083814179264398, 0.9112184183622146, 0.8927023362602531, 0.8534211849728112, 0.795571930047988, 0.7227493965530777, 0.639543090154214, 0.5510086115996086, 0.4621049122239294, 0.377191763675923, 0.2996634302946844, 0.23176051442910092]
7.66362146049865	1.725232021117461	[0.17526325609890334, 0.12879411576178246, 0.092333430599574, 0.06467023177150359, 0.04434514496361776, 0.029862535129633577, 0.019839390700667415, 0.01309069378978764, 0.008661677075376364, 0.0058222623363478965, 0.004039172183253124, 0.002938485195851427, 0.0022675161996925674, 0.0018611303056022897, 0.0016146373036299846, 0.001463462034391647, 0.0013687360051385998, 0.0013075589881237368, 0.0012666801636336516, 0.0012385412049751715, 0.0012188745311192154, 0.0012052847804776747, 0.0011964308045684655, 0.0011915635542989415, 0.001190269642058566, 0.0011923311637033636, 0.0011976501977718206, 0.0012062087942095272, 0.0012180484178346252, 0.001233260078448268, 0.0012519805602690423, 0.001274392300942966, 0.0013007257671448483, 0.0013312637526229378, 0.0013663474761250848, 0.0014063845100355697, 0.0014518588027965654, 0.0015033431255495452, 0.00156151447918298, 0.0016271730904271232, 0.001701265883686269, 0.0017849154937308643, 0.0018794562603032196, 0.00198647898092547, 0.0021078867853341126, 0.002245965100917232, 0.002403469631068003, 0.00258373733875608, 0.002790827005007406, 0.0030296977931490807, 0.0033064368803151158, 0.0036285504004587776, 0.004005336302331459, 0.004448363036911424, 0.004972085046982476, 0.005594634538502871, 0.0063388399016701845, 0.007233533822606729, 0.008315229408134986, 0.009630259026242276, 0.011237487993930723, 0.013211729868773668, 0.01564799923463845, 0.01866673256392585, 0.022420079591922097, 0.02709929868320463, 0.03294316266225298, 0.040247067550299526, 0.04937221238733386, 0.06075375391240373, 0.07490622981192349, 0.0924237983910629, 0.1139720362248531, 0.14026730025342202, 0.17203924406260585, 0.20997230330589117, 0.25462325526794205, 0.30631470025558866, 0.3650087832065567, 0.4301715699634784, 0.5006455966374055, 0.5745548584283449, 0.6492708972162711, 0.7214682679922646, 0.7872904142657755, 0.8426318797547533, 0.8835209557151112, 0.9065619533319761, 0.909374254347812, 0.8909529971486186, 0.8518794245496051, 0.7943297356099005, 0.7218669044785858, 0.6390424854849922, 0.5508740659049525, 0.4622882646509408, 0.3776224697377526, 0.3002605168504267, 0.23244414652203307]
7.638900100948654	1.7322210127843585	[0.17596562079265524, 0.12946114850503854, 0.09292951882798672, 0.06517684160485017, 0.04475774610822138, 0.03018656511193848, 0.020086216058917108, 0.013274208441081889, 0.008795836514384155, 0.005919573023663052, 0.004109981120286427, 0.002990839985767857, 0.0023073688268292025, 0.0018927008988190031, 0.00164081348503877, 0.001486161807809702, 0.0013892037441517416, 0.0013265885923694288, 0.0012847741972674075, 0.0012560187813039458, 0.0012359420743278428, 0.0012220806320110643, 0.0012130529628232819, 0.0012080862795481348, 0.0012067535646903933, 0.001208829142566786, 0.0012142110075850814, 0.0012228792613776043, 0.0012348749652942132, 0.001250289683856084, 0.0012692616530537006, 0.0012919754111956, 0.0013186642877805702, 0.0013496145863990147, 0.0013851718645222998, 0.0014257488199431298, 0.0014718355423001758, 0.0015240119802238726, 0.0015829636341075988, 0.0016495006459713482, 0.0017245816393537102, 0.0018093429241818962, 0.00190513498307898, 0.0020135675564659145, 0.0021365661941003737, 0.0022764427569945535, 0.0024359843485435547, 0.002618565133051366, 0.0028282882508874206, 0.0030701656476608496, 0.003350347638656901, 0.003676415713309806, 0.004057758108401956, 0.004506051122135833, 0.005035878280845053, 0.005665525558794077, 0.006418004408475726, 0.0073223637869529665, 0.008415371133380643, 0.009743654147253351, 0.01136641727451697, 0.013358855110258683, 0.015816400304002436, 0.018859929307101533, 0.022642029803315943, 0.02735435234020501, 0.03323595419960245, 0.040582313293416716, 0.04975438479938793, 0.06118658939757919, 0.07539204234027445, 0.09296256584624867, 0.11456026788798664, 0.14089671333886006, 0.17269536027791813, 0.210633127512515, 0.25525831463309223, 0.3068847700809844, 0.3654667060677637, 0.43046451528135066, 0.5007190230055524, 0.5743581528251247, 0.648764344198301, 0.7206305287799138, 0.7861253358850346, 0.8411731673574591, 0.8818333245497001, 0.9047377531591961, 0.9075253705544223, 0.8891988016303566, 0.8503325646864663, 0.7930822026294013, 0.7209789795039664, 0.6385366352291593, 0.5507348314942326, 0.46246786900942755, 0.3780506826306434, 0.3008565440800194, 0.23312816203239525]
7.614178741398659	1.739266601255156	[0.17666964144596442, 0.13013085409538253, 0.0935289469218521, 0.06568710091462832, 0.04517399259294585, 0.030513998433098592, 0.020336052099271897, 0.013460272065803925, 0.008932078851861805, 0.0060185401029041845, 0.00418208310493982, 0.0030441955126962574, 0.002347997631197359, 0.0019248818726000125, 0.0016674814353435823, 0.0015092708368501808, 0.00141002441730988, 0.0013459333781688058, 0.0013031582604986875, 0.0012737698262370507, 0.001253272137618066, 0.0012391319113461267, 0.00122992597539757, 0.0012248571538681751, 0.0012234842179660217, 0.0012255735369749953, 0.0012310187566835714, 0.0012397980263197013, 0.0012519518706083708, 0.0012675724716068493, 0.0012867994444844574, 0.0013098195192633448, 0.0013368688512868066, 0.0013682373629813954, 0.0014042749416130636, 0.0014453995378760204, 0.0014921074012278, 0.0015449858092304479, 0.0016047288112326, 0.0016721566487131005, 0.0017482397309508252, 0.0018341282721180845, 0.0019311890310714707, 0.0020410509815251723, 0.002165662286741901, 0.0023073616146887296, 0.002468967739978685, 0.0026538925122762437, 0.0028662838016876397, 0.00311120696454548, 0.003394875946516487, 0.0037249484018730926, 0.004110903485455578, 0.004564526362014818, 0.005100530399475795, 0.0057373565664253934, 0.006498200187771504, 0.007412327836470889, 0.008516761926922162, 0.009858426685359153, 0.011496865669024022, 0.013507654953284686, 0.015986643622875035, 0.019055146672947682, 0.0228661849040658, 0.027611795981750644, 0.03353131142660973, 0.040920280263546153, 0.05013939611510634, 0.06162232593326733, 0.07588073731148341, 0.09350409417771824, 0.11515100837362749, 0.14152823523178198, 0.17335302078080894, 0.21129477123198911, 0.25589332170903306, 0.3074538119014093, 0.3659225752414129, 0.4307544119598866, 0.50078851347886, 0.5741568128303183, 0.6482526940332729, 0.7197874857011762, 0.784954966799352, 0.8397093280578792, 0.880140773990123, 0.9029087847784216, 0.9056717341470187, 0.8874397167997188, 0.8487805714428214, 0.7918292959642902, 0.7200855844675228, 0.6380255003316183, 0.5505908677304953, 0.46264368466553385, 0.37847636391151446, 0.30145147874239964, 0.2338125358439483]
7.589457381848663	1.7463694596272146	[0.1773753030811885, 0.1308032295980397, 0.09413172389364137, 0.06620102927799304, 0.04559391213452539, 0.03084486790955164, 0.020588933787283305, 0.013648919084212294, 0.009070436115496907, 0.006119191912906882, 0.004255502394329714, 0.0030985718675679815, 0.00238941904097059, 0.001957686440560243, 0.001694651893531563, 0.0015327978517611447, 0.0014312053649939186, 0.0013655995871861592, 0.001321837914902819, 0.001291799343993449, 0.0012708694306959947, 0.00125644305250497, 0.0012470541697962914, 0.0012418803681950735, 0.00124046577514823, 0.0012425684554602588, 0.0012480775812605894, 0.0012569692036401726, 0.0012692833044706231, 0.001285112622705238, 0.0013045981948289476, 0.0013279289239298922, 0.0013553438587115992, 0.0013871365499169216, 0.0014236613025560277, 0.0014653413552326274, 0.0015126792279508638, 0.0015662695902163627, 0.0016268151800791827, 0.0016951464352937932, 0.0017722457291315737, 0.0018592773196340786, 0.001957624471793096, 0.0020689355877414445, 0.0021951817434319207, 0.0023387286814341175, 0.00250242723903054, 0.0026897273130429746, 0.0029048220156049393, 0.003152830594876429, 0.0034400312924301847, 0.0037741585519319343, 0.004164783294554943, 0.0046238003304729085, 0.005166053909507771, 0.005810140897535368, 0.006579441675160699, 0.007503441330763128, 0.008619418398824274, 0.009974594202063407, 0.011628852075254584, 0.013658149130328928, 0.0161587501971393, 0.01925240612435791, 0.02309256729863206, 0.02787165168264281, 0.033829256622933436, 0.04126098907978958, 0.05052726593174523, 0.062060979559495674, 0.07637232811516906, 0.09404839099465012, 0.11574426100750701, 0.14216186153258634, 0.17401221597115146, 0.21195721632624137, 0.25652825370734905, 0.30802179533657986, 0.36637635789112455, 0.431041222033947, 0.5008540306052283, 0.5739507985894641, 0.6477359095891639, 0.7189391008256517, 0.7837792723063064, 0.8382403265565429, 0.8784432712079369, 0.9010750143782505, 0.9038133127043043, 0.8856757087923012, 0.847223411084362, 0.7905709796804266, 0.719186682192355, 0.6375090410419427, 0.5504421337528685, 0.4628156703373463, 0.3788994747579875, 0.30204528700264766, 0.23449724241772674]
7.564736022298668	1.7535302714198513	[0.17808259037677596, 0.13147827174978566, 0.0947378585729811, 0.06671864623265879, 0.04601753253188723, 0.031179206623388748, 0.02084489640850279, 0.013840184385540095, 0.00921094076470727, 0.006221557314737659, 0.004330263657026176, 0.003153989603602676, 0.0024316498024922447, 0.0019911281749806766, 0.0017223358138625051, 0.0015567518457634516, 0.0014527540645371275, 0.0013855936559939617, 0.0013408188114278595, 0.0013101124919076004, 0.0012887387285508193, 0.001274018618806837, 0.0012644419289234146, 0.0012591602294215161, 0.0012577024624437923, 0.0012598181149451764, 0.0012653916715432013, 0.0012743970121064068, 0.001286873494328856, 0.001302914420315568, 0.0013226622246273387, 0.0013463080258943334, 0.0013740937753851446, 0.0014063167180183183, 0.0014433356112277004, 0.0014855790696067157, 0.0015335559444604136, 0.001587868411611294, 0.0016492279892376842, 0.001718475459543543, 0.0017966052897057593, 0.0018847959744876556, 0.0019844474647067174, 0.0020972278433105548, 0.002225131343815385, 0.002370551115009666, 0.0025363703869904957, 0.0027260775396010075, 0.0029439113669961895, 0.003195045578932688, 0.0034858232893653297, 0.003824056465248529, 0.004219408528016747, 0.004683884850447395, 0.005232461452074326, 0.005883892177654902, 0.006661743436835796, 0.007595719967466434, 0.00872335727298131, 0.010092174654225624, 0.01176239546674619, 0.013810357834707606, 0.016332741037331913, 0.019451729656873706, 0.023321199277858914, 0.028133942125357678, 0.03412981177499303, 0.04160446104379639, 0.05091801330366536, 0.06250256707214874, 0.07686682728315648, 0.09459546473691222, 0.11634002790318611, 0.14279758875628654, 0.17467293469046294, 0.21262044567074306, 0.2571630860014773, 0.30858869112586784, 0.36682801917576235, 0.43132490874056234, 0.5009155348904156, 0.573740071462617, 0.647213951767726, 0.718085337343398, 0.782598215895667, 0.8367661284747384, 0.8767407817798436, 0.899236408803751, 0.9019500724561029, 0.8839067441291613, 0.8456610487831412, 0.7893072179923326, 0.7182822346369923, 0.6369872175602223, 0.5502885879998606, 0.46298378452209105, 0.37931997574281945, 0.3026379346837561, 0.23518225570366824]
7.540014662748672	1.7607497307712374	[0.1787914875477775, 0.13215597696624404, 0.09534735957750838, 0.06723997125308927, 0.04644488169391278, 0.031517047880175134, 0.021103975628837448, 0.01403410327333415, 0.00935362576843776, 0.0063256656285627195, 0.004406392058846573, 0.0032104696679455566, 0.00247470706767448, 0.0020252209361179972, 0.0017505444505215729, 0.0015811420048223695, 0.001474678209446637, 0.0014059221488081416, 0.0013601067627961338, 0.0013287145180028279, 0.0013068849365587877, 0.0012918632463367527, 0.0012820937490238746, 0.001276701110044496, 0.0012751986103276094, 0.0012773267962669507, 0.0012829653173019823, 0.0012920857353783892, 0.0013047267650262379, 0.0013209822148351998, 0.0013409959514652922, 0.0013649612962560221, 0.0013931231648276917, 0.0014257825123195546, 0.0014633026322508572, 0.001506117557280296, 0.0015547425774952556, 0.0016097874457142358, 0.0016719725976063783, 0.0017421492651593102, 0.0018213241860953078, 0.0019106902412308173, 0.0020116642961963724, 0.0021259343211823215, 0.0022555180061162913, 0.0024028361870006947, 0.0025708048781691345, 0.00276295132011512, 0.0029835605009817115, 0.003237861091848149, 0.003532261742693196, 0.003874652589638778, 0.0042747903967073715, 0.0047447919012202295, 0.005299765918020494, 0.005958624195903194, 0.006745120325084575, 0.007689179608370331, 0.008828595600561717, 0.010211186151000329, 0.011897515188801349, 0.013964301379367532, 0.016508637570622688, 0.019653139321160237, 0.023552103590044247, 0.028398689938708338, 0.03443299935835277, 0.04195071724001708, 0.051311657793348356, 0.06294710482890707, 0.07736424786268195, 0.09514532313943967, 0.1169383116929501, 0.14343541243029143, 0.1753351663103024, 0.21328444089786894, 0.2577977945218595, 0.3091544685797079, 0.36727752484697707, 0.4316054337978043, 0.5009729874552891, 0.573524591300818, 0.646686782070108, 0.7172261570333366, 0.7814117615915914, 0.8352866981853815, 0.875033271705852, 0.8973929338440852, 0.9000819799067357, 0.8821327884554567, 0.8440934498099844, 0.7880379743735545, 0.7173722036718846, 0.6364599894234647, 0.5501301886436186, 0.46314798508802496, 0.3797378270353235, 0.30322938702017965, 0.23586754921125688]
7.515293303198677	1.7680285426404116	[0.17950197841368118, 0.13283634132682823, 0.09596023532313641, 0.06776502375830003, 0.0468759876176494, 0.031858425235259, 0.02136620745926404, 0.014230711507706044, 0.009498524565582932, 0.0064315466869767695, 0.004483913221677669, 0.0032680334600555206, 0.0025186083515774324, 0.0020599789306218605, 0.001779289314508843, 0.0016059777629662164, 0.0014969856668496087, 0.001426591808223092, 0.0013797077029565538, 0.0013476108066767943, 0.0013253130530689735, 0.0013099816846540038, 0.0013000142059919246, 0.0012945074842526227, 0.0012929586236637895, 0.001295098876161676, 0.0013008028815211482, 0.0013100397505011905, 0.0013228475155513107, 0.0013393204495493205, 0.001359603869239653, 0.0013838932999929293, 0.0014124366699371984, 0.0014455386740277703, 0.0014835672135102187, 0.001526961794287585, 0.0015762442417925787, 0.0016320319695129148, 0.0016950544577644918, 0.0017661735069610107, 0.0018464082921587003, 0.0019369662436714953, 0.002039281361054375, 0.0021550617236560958, 0.002286348766294983, 0.002435591310717729, 0.0026057385354025706, 0.0028003569395050085, 0.0030237782034694275, 0.0032812864835911884, 0.0035793566121240933, 0.003925957569240144, 0.004330940280120717, 0.004806533683490554, 0.0053679803806482625, 0.006034350991356076, 0.0068295873857738285, 0.007783836396346418, 0.008935150630885, 0.010331647114341173, 0.012034230776868758, 0.014120000418762895, 0.016686461385168022, 0.01985665752966237, 0.023785303083432737, 0.02866591811842216, 0.03473884184473146, 0.042299779103816125, 0.051708218806175724, 0.06339460949960647, 0.07786460254487584, 0.09569797419471952, 0.11753911442784065, 0.14407532828580985, 0.17599889940478405, 0.21394918381144304, 0.25843235423403854, 0.3097190971800913, 0.3677248395993913, 0.43188275911730467, 0.5010263483475501, 0.5733043181628622, 0.6461543609636646, 0.7163615218593928, 0.7802198724555036, 0.8338020001784011, 0.8733207061114099, 0.8955445553069611, 0.8982090007837458, 0.8803538073293146, 0.842520578757113, 0.7867632121124174, 0.716456550569756, 0.6359273158893877, 0.5499668933017289, 0.46330822952919565, 0.3801529882631305, 0.30381960880864495, 0.23655309595421709]
7.490571943648681	1.7753674230137169	[0.18021404635852337, 0.13351936055837924, 0.09657649400825839, 0.06829382310349959, 0.04731087838911214, 0.03220337249087593, 0.02163162826633103, 0.014430045305340922, 0.009645671080697107, 0.00653923083613771, 0.004562853241267021, 0.003326702832498381, 0.0025633715499177013, 0.0020954167109912174, 0.0018085821894199391, 0.001631268800172242, 0.0015196844910593183, 0.001447609551918784, 0.0013996276985831474, 0.001366806874851643, 0.0013440281792189645, 0.001328378792923855, 0.0013182079638859431, 0.0013125839243775023, 0.0013109869892227318, 0.0013131388241891075, 0.0013189088071486857, 0.0013282635253333514, 0.0013412402252049689, 0.001357933658525447, 0.0013784905538989788, 0.0014031086942539117, 0.0014320390184445156, 0.001465590039133998, 0.001504134291454735, 0.001548116855261997, 0.0015980661453668247, 0.0016546073636830698, 0.0017184791213607964, 0.0017905539499531897, 0.001871863587834406, 0.0019636302238937023, 0.0020673051685481786, 0.002184616881228657, 0.0023176307847455513, 0.002468824039695627, 0.002641179317648278, 0.0028383028373443414, 0.0030645734100085377, 0.0033253312758937266, 0.003627118022313474, 0.003977982239918076, 0.004387869739431881, 0.00486912261242749, 0.0054371181122043494, 0.006111086842501754, 0.006915159879674686, 0.007879706739371875, 0.009043039839572721, 0.010453576254944683, 0.01217256199430409, 0.014277475913031303, 0.016866234281294457, 0.020062307004123, 0.024020820775872864, 0.02893564995193041, 0.03504736179647794, 0.04265166831663842, 0.05210771571703583, 0.0638450979248223, 0.07836790383071994, 0.09625342596882414, 0.11814243778794566, 0.14471733202742623, 0.17666412200482162, 0.2146146561089737, 0.25906673942831887, 0.3102825462590725, 0.36816992737913956, 0.43215684645026003, 0.5010755768500761, 0.5730792119518715, 0.645616648177176, 0.715491393632885, 0.7790225108654318, 0.8323119987859474, 0.8716030495103718, 0.8936912388253946, 0.8963311002725368, 0.8785697660972729, 0.8409423997189678, 0.7854828942218951, 0.715535236111594, 0.6353891558528298, 0.5497986590720615, 0.46346447488468945, 0.38056541850352066, 0.30440856434287294, 0.23723886842932115]
7.4658505840986855	1.7827670991154019	[0.18092767430568082, 0.134205030059679, 0.0971961436095521, 0.06882638856880031, 0.047749582195696874, 0.03255192366909737, 0.021900274800712848, 0.014632141308146112, 0.009795099765560662, 0.006648748903748345, 0.00464323873623148, 0.0033865000582087817, 0.002609014990047866, 0.002131549141760351, 0.0018384351806348884, 0.0016570250080244428, 0.0015427829690507404, 0.0014689824389819265, 0.0014198729901642576, 0.0013863083401679714, 0.0013630355556186636, 0.0013470595108123274, 0.0013366798074894448, 0.0013309350748441453, 0.0013292883045463012, 0.001331451179707111, 0.0013372876427703048, 0.0013467615982629597, 0.0013599094766275994, 0.001376826448654893, 0.0013976606843799858, 0.0014226122122540875, 0.0014519350423087547, 0.0014859415236777899, 0.0015250089094892322, 0.0015695878995864005, 0.0016202136074300727, 0.0016775190991349439, 0.0017422522571103045, 0.001815296455749516, 0.0018976961778096207, 0.001990688527974385, 0.0020957423624525843, 0.002214606736893237, 0.0023493713685469445, 0.0025025420496571494, 0.0026771353455701586, 0.002876797586244716, 0.0031059552362212805, 0.003370005135312453, 0.0036755563002508827, 0.004030737594510872, 0.004445590564832439, 0.004932571271498761, 0.005507192645424332, 0.0061888462044547956, 0.007001853364282428, 0.007976807223684788, 0.009152281039183731, 0.010576992450873355, 0.012312528983590495, 0.014436748957750484, 0.017047978479011218, 0.020270110537621344, 0.024258680138617008, 0.029207908689257704, 0.03535858225047637, 0.043006406358877015, 0.052510168380122554, 0.06429858652347531, 0.07887416469081164, 0.09681168584172063, 0.11874828390901493, 0.14536141839716007, 0.17733082259487606, 0.21528083828204683, 0.25970092487028407, 0.3108447837748497, 0.3686127526478157, 0.4324276561024408, 0.5011206327925393, 0.5728492311432278, 0.6450736039731865, 0.7146157328203365, 0.7778196396557928, 0.8308166571193877, 0.869880266739597, 0.8918329489590466, 0.8944482437206711, 0.8767806291880714, 0.8393588767933077, 0.7841969829413296, 0.7146082209373337, 0.6348454675420524, 0.5496254427764149, 0.4636166775829839, 0.38097507644109224, 0.30499621734611293, 0.23792483869924402]
7.44112922454869	1.7902283096234715	[0.18164284475765194, 0.13489334485524468, 0.09781919187612025, 0.06936273936392569, 0.04819212729549646, 0.03290411304949669, 0.022172184153329548, 0.014837036641878205, 0.00994684554822821, 0.006760132269792819, 0.004725096792938415, 0.0034474479062424064, 0.0026555573733083276, 0.0021683914749133864, 0.0018688606568033098, 0.0016832565613331843, 0.0015662895630352421, 0.001490717735902065, 0.0014404499375359884, 0.0014061209806491065, 0.0013823405121997155, 0.0013660289117910743, 0.0013554345971527168, 0.0013495656994955462, 0.0013478672378463205, 0.0013500405938435503, 0.0013559440071946086, 0.0013655386155993945, 0.0013788599244453203, 0.0013960035333057635, 0.0014171190145692081, 0.0014424086940465135, 0.0014721296522110972, 0.0015065981524837507, 0.0015461961942161715, 0.0015913801989268024, 0.0016426920355982143, 0.0017007727641828124, 0.0017663796281562297, 0.0018404070102646592, 0.0019239122681545058, 0.0020181476351953847, 0.002124599695922569, 0.002245038378071709, 0.0023815779432809583, 0.0025367531746981445, 0.002713614868592449, 0.0029158499343451666, 0.0031479329377404044, 0.003415317924857361, 0.0037246819247538855, 0.004084234847603056, 0.004504114709809628, 0.004996892496109669, 0.005578217685720063, 0.006267643819645548, 0.007089683574036156, 0.008075154763156098, 0.009262892213463176, 0.010701914951879872, 0.012454152035207413, 0.014597841065382621, 0.017231716295491, 0.020480091382199694, 0.024498904649212165, 0.029482718072881695, 0.03567252610684286, 0.04336401522328101, 0.05291559631058744, 0.0647550922317401, 0.07938339750022061, 0.09737276170597395, 0.11935665404346209, 0.14600758264805255, 0.17799898849722684, 0.21594771134840163, 0.2603348839402316, 0.3114057782463377, 0.36905327834957113, 0.4326951489774217, 0.5011614744564824, 0.5726143348189559, 0.6445251871248333, 0.7137345004501328, 0.7766112202970921, 0.8293159387489681, 0.8681523214384071, 0.8899696505792848, 0.8925603954567151, 0.8749863611720239, 0.8377699732211489, 0.7829054404775027, 0.713675464952993, 0.6342962089849764, 0.5494472005735, 0.4637647937006598, 0.38138192013378946, 0.30558253109258543, 0.23861097826946115]
7.416407864998694	1.7977518048902021	[0.1823595397306703, 0.1355842996180285, 0.09844564631943992, 0.06990289461117521, 0.04863854204316603, 0.03325997513065884, 0.022447393805442955, 0.015044768867026733, 0.010100943899000367, 0.006873412812149096, 0.004808455040054171, 0.003509569584411772, 0.002703017851898271, 0.0022059592910052784, 0.001899871324490235, 0.0017099738594509484, 0.0015902129801875305, 0.0015128228599910552, 0.0014613650834434998, 0.0014262506818573705, 0.0014019485252846266, 0.0013852921550509918, 0.001374477319582825, 0.0013684806386197307, 0.0013667285730486658, 0.0013689117914619429, 0.001374882629475137, 0.0013845992979584609, 0.001398096331095808, 0.0014154697024251928, 0.0014368704057964646, 0.0014625030595655062, 0.001492627867578327, 0.0015275650343549725, 0.0015677013838361939, 0.0016134991137881879, 0.0016655069535096198, 0.0017243740416658913, 0.0017908671197734768, 0.0018658917005549781, 0.0019505181950554458, 0.0020460141336480905, 0.0021538840623563085, 0.002275919009824861, 0.002414258087389648, 0.002571465376609801, 0.0027506263045351913, 0.0029554687687260877, 0.0031905159575481806, 0.0034612796586778534, 0.0037745055849015244, 0.004138485377460884, 0.004563454365483942, 0.005062099296997123, 0.005650207208286034, 0.006347494614335561, 0.007178666549968903, 0.008174766457025359, 0.009374891693300632, 0.010828363181676792, 0.012597451828876095, 0.014760773889339268, 0.017417470476950286, 0.020692272864988093, 0.024741518246339828, 0.02976010180923957, 0.03598921674533712, 0.04372451670020738, 0.05332401950446124, 0.065214631560364, 0.07989561510103221, 0.0979366607628061, 0.11996754989219592, 0.1466558190651349, 0.17866860747537858, 0.21661525511477484, 0.2609685904748622, 0.3119654968128865, 0.3694914679165689, 0.43295928452507204, 0.5011980606337271, 0.5723744806224687, 0.643971356897848, 0.7128476561972392, 0.7753972146805233, 0.8278098060258715, 0.8664191775489466, 0.8881013074997731, 0.8906675199672472, 0.8731869257233194, 0.8361756522466868, 0.7816082282755199, 0.7127369279124138, 0.6337413375346227, 0.5492638883189596, 0.46390877867823294, 0.3817859072115713, 0.306167468255363, 0.23929725817869688]
7.391686505448699	1.8053383471676923	[0.183077740816333, 0.13627788863765747, 0.09907551421156202, 0.07044687335357543, 0.04908885485354846, 0.03361954466810206, 0.02272594157691946, 0.015255376039182084, 0.010257430772645173, 0.00698862298131387, 0.004893341587835847, 0.00357288882035259, 0.002751415966293287, 0.002244268580256347, 0.0019314801650063304, 0.001737187603390077, 0.0016145621107623985, 0.0015353054504649234, 0.0014826250948652639, 0.0014467035011627126, 0.0014218651635431138, 0.001404854542932479, 0.0013938130391456885, 0.0013876848599553987, 0.0013858771665069688, 0.0013880696164206953, 0.0013941083106387897, 0.0014039484806063663, 0.0014176235329015844, 0.0014352298588713596, 0.001456919796454062, 0.001482900341866577, 0.0015134347889076425, 0.0015488473931288594, 0.001589529802335977, 0.0016359501232800198, 0.001688663976032961, 0.00174832873832491, 0.001815720714725358, 0.0018917567447595829, 0.0019775203993685187, 0.0020742947518122864, 0.002183602468031875, 0.002307255989359503, 0.0024474195015039574, 0.0026066867839599794, 0.002788178203799878, 0.002995663161263676, 0.0032337138825007656, 0.003507900557721477, 0.0038250381253469032, 0.004193500795767505, 0.004623621889635271, 0.005128204950122487, 0.005723175363550136, 0.00642841381733613, 0.007268818511154175, 0.008275659749708777, 0.009488297979439902, 0.010956356955897407, 0.012742449187184897, 0.01492556952319726, 0.01760526385601806, 0.020906678798725348, 0.02498654485634519, 0.030040084127469845, 0.036308677379915076, 0.04408793312637295, 0.05373545757688332, 0.06567722157521623, 0.0804108296834847, 0.09850339076796037, 0.12058097220194566, 0.14730612249094965, 0.1793396660477391, 0.21728344996618934, 0.2616020168360264, 0.31252390723380274, 0.36992728317484597, 0.43322002285982597, 0.5012303484867789, 0.5721296268745037, 0.6434120709962204, 0.7119551603631835, 0.7741775832642676, 0.8262982218054005, 0.8646807977425877, 0.8862278838638941, 0.8887695806431135, 0.8713822866548356, 0.8345758761894488, 0.7803053077411314, 0.7117925687908846, 0.633180810346152, 0.5490754611867252, 0.464048587614733, 0.3821869946736186, 0.30675099106569237, 0.23998364890451027]
7.366965145898703	1.8129887108384513	[0.18379742904748997, 0.13697410583731856, 0.0997088025652905, 0.07099469452398406, 0.04954309425241791, 0.03398285661182084, 0.0230078657166771, 0.015468896624852638, 0.01041634272060196, 0.0071057957026804145, 0.004979785151259938, 0.003637429756651474, 0.002800771771396302, 0.0022833356353312993, 0.001963700557536105, 0.0017649086901817576, 0.0016393461440793859, 0.0015581732676794573, 0.0015042368695315808, 0.0014674855742984616, 0.001442096184120105, 0.0014247214361818653, 0.0014134469836591314, 0.0014071833830012774, 0.0014053180231703764, 0.0014075189644859566, 0.00141362599134873, 0.0014235910540073796, 0.001437446500574748, 0.0014552889653510275, 0.0014772722567829664, 0.0015036056390997448, 0.0015345556482854483, 0.0015704505233129634, 0.001611686907170865, 0.0016587387830486243, 0.0017121688555372598, 0.0017726427436487767, 0.0018409465395878759, 0.0019180084503975388, 0.002004925474595801, 0.0021029963146530785, 0.0022137620835930576, 0.0023390567779331306, 0.0024810700657398876, 0.002642425637251763, 0.0028262793154803655, 0.00303644230360956, 0.0032775365223341344, 0.0035551909697696935, 0.003876290643906339, 0.004249292845965431, 0.004684629930923925, 0.005195222863668916, 0.00579713663948169, 0.006510416781853548, 0.0073601560713539675, 0.008377852187912206, 0.009603130036257538, 0.01108591614720597, 0.01288916547778158, 0.015092250036905352, 0.01779511990391853, 0.021123332841190588, 0.025234009148173225, 0.03032268890356501, 0.03663093207914864, 0.04445428620807678, 0.05414993111577502, 0.06614287835483725, 0.08092905453548112, 0.09907295807282172, 0.121196922951793, 0.14795848592991906, 0.1800121521103901, 0.21795227405940992, 0.26223513690778855, 0.3130809747529014, 0.37036068758501967, 0.43347732143560835, 0.5012582968489332, 0.5718797292462106, 0.6428472887232911, 0.7110569707619749, 0.7729522879293188, 0.8247811467464572, 0.8629371458608096, 0.8843493419880832, 0.8868665417443976, 0.8695724063226126, 0.832970607906495, 0.7789966391223317, 0.7108423467598407, 0.6326145836149902, 0.5488818742313216, 0.46418417476767404, 0.3825851391604014, 0.3073330610177731, 0.24067012046686567]
7.342243786348708	1.8207036826510348	[0.18451858506623428, 0.1376729447279486, 0.10034551814324585, 0.07154637697607644, 0.0500012887942973, 0.03434994619517348, 0.023293204776717424, 0.01568536963511145, 0.01057771674566571, 0.007224964539400431, 0.0050678148955332, 0.0037032171273848925, 0.0028511056780715703, 0.0023231772292422732, 0.0019965461213906667, 0.0017931483839042665, 0.001664574416271886, 0.0015814343524428456, 0.0015262073932178592, 0.0014886032605556092, 0.001462647402110907, 0.001444898384319951, 0.0014333844271298155, 0.0014269813950330294, 0.0014250561923497694, 0.0014272648862678748, 0.0014334406595527755, 0.0014435320554369295, 0.00145757025706656, 0.0014756521267111917, 0.0014979329149952807, 0.0015246241895597423, 0.0015559957417826437, 0.0015923798599645719, 0.0016341782259377863, 0.0016818707920313368, 0.0017360274208498136, 0.0017973220955673796, 0.0018665508039365146, 0.0019446532811811556, 0.002032740104058228, 0.002132125814008437, 0.002244370176593959, 0.0023713290177631813, 0.0025152177643634087, 0.002678690376111113, 0.0028649384998816244, 0.003077815609674349, 0.003321993804209904, 0.0036031614941359775, 0.003928274359967382, 0.004305873559906867, 0.004746491259555804, 0.005263166780492389, 0.005872105637933506, 0.006593519253455295, 0.007452695937442964, 0.008481361781958206, 0.009719406879118011, 0.01121706117864779, 0.013037622044110695, 0.015260838154361833, 0.01798706194406912, 0.021342259424662457, 0.02548393545314261, 0.03060794092440875, 0.0369560043012896, 0.04482359871276322, 0.054567459734501375, 0.06661161920148519, 0.0814503015233391, 0.09964537042745183, 0.12181540220403096, 0.14861290397287966, 0.1806860511607199, 0.21862170733260058, 0.26286792178288154, 0.3136366665761584, 0.37079164157913286, 0.43373113979193406, 0.5012818614751365, 0.5716247455050634, 0.6422769664310322, 0.7101530471602094, 0.7717212878670533, 0.8232585431615468, 0.8611881834005842, 0.8824656454375229, 0.8849583655714981, 0.8677572479013507, 0.8313598086848051, 0.777682183100581, 0.7098862197744115, 0.6320426136524054, 0.5486830815609856, 0.4643154942479769, 0.3829802965389468, 0.307913639267142, 0.24135664225450632]
7.317522426798712	1.8284840619618647	[0.1852411890019533, 0.13837439842814048, 0.10098566744036462, 0.07210193945629, 0.0504634671094252, 0.03472084887589095, 0.02358199769610335, 0.015904834546336184, 0.01074159040699233, 0.007346163601070348, 0.005157460552033518, 0.003770276160619478, 0.0029024385722796102, 0.0023638105158350887, 0.0020300308323256315, 0.0018219182175935105, 0.0016902565197366964, 0.0016050969323488204, 0.0015485438401065864, 0.0015100630558384125, 0.0014835247810035877, 0.0014653910467588972, 0.0014536307703822342, 0.0014470841806537215, 0.0014450968392452019, 0.0014473125248112046, 0.0014535574139923797, 0.0014637766137195966, 0.0014779999343411373, 0.001496324540665322, 0.0015189070086746677, 0.0015459613271356404, 0.0015777604768493368, 0.0016146409375801087, 0.0016570094011097056, 0.0017053519535094642, 0.0017602456206663934, 0.0018223729423776796, 0.0018925398438073735, 0.001971697818449889, 0.002060971105904601, 0.0021616903679920626, 0.0022754341597960833, 0.002404080487542789, 0.0025498707395312905, 0.00271548958853374, 0.002904164790515222, 0.00311979265539708, 0.003367095846786772, 0.0036518229075088, 0.003981000705973135, 0.004363255163461928, 0.004809218883727981, 0.005332050654457451, 0.0059480972267953874, 0.006677737204187201, 0.0075464551125244165, 0.008586206779295771, 0.00983714784984718, 0.01134981271089156, 0.013187840582616038, 0.015431356819592545, 0.018181113670046562, 0.02156348315578252, 0.02573634847321364, 0.030895865065882926, 0.037283917851759114, 0.045195893363007555, 0.05498806334233578, 0.0670834611894052, 0.08197458273439856, 0.10022063513492006, 0.12243641015853468, 0.1492693705385458, 0.18136134876448903, 0.2192917288593599, 0.2635003425863491, 0.3141909489171419, 0.3712201056194276, 0.4339814364226327, 0.5013009981615694, 0.5713646323820758, 0.6417010605094233, 0.7092433483409362, 0.770484542275982, 0.8217303724628032, 0.8594338718117993, 0.8805767569776798, 0.8830450143080594, 0.8659367738635452, 0.8297434396110683, 0.7763618997255807, 0.7089241454902526, 0.6314648561656216, 0.5484790368730568, 0.46444249955379985, 0.38337242216806955, 0.30849268635914523, 0.24204318313003229]
7.292801067248717	1.8363306609816594	[0.18596522042169947, 0.13907845966578136, 0.10162925667275308, 0.07266140057947766, 0.050929657921215926, 0.03509560030038106, 0.023874283840318415, 0.01612733126075736, 0.010908001874552643, 0.007469427502872843, 0.005248752480790701, 0.0038386325361907305, 0.002954791879499085, 0.0024052529862322886, 0.002064169084721652, 0.0018512299492023658, 0.0017164023608168054, 0.0016291693786743625, 0.0015712536251024064, 0.001531871551903128, 0.0015047344795503677, 0.001486205155355634, 0.00147419158280877, 0.001467497088094871, 0.0014654452820939633, 0.001467667085620297, 0.0014739814973708776, 0.0014843299226469824, 0.001498740803237257, 0.0015173114741015596, 0.0015401999120214745, 0.0015676224599300889, 0.0015998553976280488, 0.001637239370421913, 0.0016801862140900076, 0.0017291881565334767, 0.0017848295470172491, 0.0018478015246457104, 0.0019189201452663612, 0.001999148742887737, 0.0020896254575361833, 0.0021916972017782263, 0.0023069616173174434, 0.0024373190813892303, 0.002585037320231285, 0.0027528319868437437, 0.002943967427216813, 0.0031623831501788845, 0.0034128529993709745, 0.003701186128719367, 0.004034481375141123, 0.004421450031609157, 0.00487282610946982, 0.005401888591590035, 0.00602512661695076, 0.006763086753753053, 0.007641450996990195, 0.00869240555724651, 0.009956372751563098, 0.011484191494918234, 0.013339843324432563, 0.015603828993891608, 0.01837729939128495, 0.021787028537378402, 0.025991273612081024, 0.031186485915608783, 0.03761469732449032, 0.04557119233390294, 0.055411762721978244, 0.06755842051124325, 0.08250191121316823, 0.10079875822682058, 0.12305994805995155, 0.14992787787052939, 0.1820380316292707, 0.21996231567921662, 0.26413237168825365, 0.3147437856984332, 0.3716460415013009, 0.4342281674123875, 0.5013156640737352, 0.571099344226951, 0.6411195286675078, 0.7083278308627962, 0.7692420115255876, 0.8201965940908874, 0.8576741734852148, 0.8786826377059176, 0.8811264507976309, 0.8641109453161133, 0.8281214621340687, 0.7750357479396079, 0.7079560816384838, 0.630881265941293, 0.5482696936827116, 0.46456514337742605, 0.3837614710207549, 0.3090701621225062, 0.24272971147872982]
7.268079707698721	1.844244305027711	[0.18669065844624114, 0.13978512073405905, 0.10227629177963234, 0.07322477886228332, 0.05139988997965375, 0.03547423638866324, 0.0241701028973732, 0.016352900227198593, 0.011076989806466575, 0.007594791509169228, 0.0053417215387136265, 0.003908312540250816, 0.0030081874292443183, 0.0024475226244261156, 0.0020989755565998095, 0.0018810957111853421, 0.0017430220292797562, 0.0016536603456962146, 0.0015943442811693438, 0.0015540355633249148, 0.0015262827392672979, 0.0015073466284705641, 0.0014950725010520497, 0.0014882256308324507, 0.0014861069019271743, 0.001488333926964886, 0.0014947182162670745, 0.0015051973215058111, 0.0015197982021387107, 0.0015386183355659581, 0.0015618170716481703, 0.0015896131364955316, 0.0016222861261675013, 0.001660180914299224, 0.0017037145301332763, 0.0017533854350218758, 0.0018097853821799812, 0.0018736142334162423, 0.001945698291541565, 0.0020270128937407593, 0.0021187102410245, 0.002222153709960251, 0.0023389602460845175, 0.0024710528769021282, 0.0026207259569745824, 0.002790726484698944, 0.0029843557804140404, 0.003205597027143633, 0.003459275750774601, 0.0037512623281900906, 0.004088728207967841, 0.004480470825376436, 0.004937326394943464, 0.0054726950262407766, 0.0061032091703501394, 0.00684958440149353, 0.007737701130494008, 0.008799976934077452, 0.010077101496746397, 0.011620218794274398, 0.013493652551533808, 0.01577827823225944, 0.018575643367064944, 0.022012920754415032, 0.026248736063818858, 0.031479828835617195, 0.03794836687113834, 0.045949518667670254, 0.055838577901041346, 0.06803651431897507, 0.08303229886553347, 0.1013797467894238, 0.12368601559291613, 0.15058841937277526, 0.182716084498797, 0.2206334461111397, 0.2647639791727841, 0.31529514224151023, 0.3720694085441911, 0.43447129032851234, 0.5013258138612465, 0.5708288368721264, 0.6405323261953353, 0.707406452651212, 0.7679936537702412, 0.8186571686264171, 0.8559090488731284, 0.8767832495616509, 0.8792026362576973, 0.8622797238906458, 0.826493836384177, 0.7737036869117738, 0.7069819848933634, 0.630291797728429, 0.5480550046319903, 0.4646833781450951, 0.38414739730981196, 0.3096460259594021, 0.24341619503936693]
7.243358348148726	1.852225832782698	[0.18741748163422314, 0.1404943734965863, 0.10292677840093328, 0.07379209268528945, 0.051874192101005474, 0.03585679327217046, 0.02446949495631214, 0.01658158236407829, 0.01124859345028726, 0.007722291447333194, 0.005436399192325609, 0.003979342973751099, 0.0030626475708262703, 0.0024906378135757133, 0.002134465322368868, 0.0019115279176919568, 0.0017701259042218515, 0.001678578681674646, 0.0016178235563845326, 0.0015765620445562253, 0.0015481759719349786, 0.0015288214954710048, 0.0015162793071109716, 0.0015092754199720604, 0.001507087211988416, 0.001509318499836595, 0.0015157730029091265, 0.0015263842418017457, 0.0015411775923277415, 0.0015602506276799946, 0.0015837640568095695, 0.0016119390027585436, 0.0016450584088338127, 0.001683471426785113, 0.001727600342223581, 0.0017779499300566843, 0.0018351194413049315, 0.0018998175733545026, 0.0019728810057147127, 0.0020552972314984205, 0.0021482326873038726, 0.002253067417297996, 0.00237143790318938, 0.0025052900922012517, 0.00265694527436983, 0.0028291821481494736, 0.0030253394115880147, 0.00324944438518211, 0.0035063748012699077, 0.0038020628567580735, 0.00414375328066791, 0.004540330401511821, 0.005002733462401131, 0.005544484603167879, 0.006182360545444666, 0.006937246868884713, 0.007835223384914297, 0.008908939955014622, 0.010199354367336311, 0.011757916091236246, 0.01364929095073309, 0.015954728278357363, 0.018776170289809622, 0.02224118511740642, 0.026508761470097186, 0.03177591920534159, 0.038284951084800706, 0.04633089526177433, 0.05626852931824553, 0.06851775940363752, 0.08356575795763489, 0.10196360729291262, 0.12431461274409424, 0.15125098757098168, 0.18339549237236355, 0.22130509736841708, 0.26539513535939835, 0.3158449826055463, 0.37249016630655646, 0.4347107614064886, 0.5013314024207072, 0.5705530648311765, 0.6399394086188711, 0.7064791703934422, 0.7667394273592913, 0.8171120555417554, 0.8541384585531646, 0.8748785535281721, 0.8772735319342031, 0.8604430704011947, 0.8248605223957507, 0.7723656750884105, 0.7060018116860438, 0.629696405592725, 0.5478349219647698, 0.4647971555985453, 0.384530154721484, 0.3102202365993637, 0.2441026009901022]
7.21863698859873	1.8602760965586702	[0.18814566804522906, 0.1412062093992822, 0.10358072188822043, 0.07436336030228871, 0.05235259314866994, 0.0362433073086159, 0.02477250047878855, 0.01681341908635207, 0.011422852615715642, 0.007851963745899604, 0.005532817493181486, 0.00405175119655514, 0.0031181951496533147, 0.0025346173807728137, 0.0021706538285991544, 0.0019425393066533569, 0.0017977246293015543, 0.0017039334668862744, 0.0016416993894825668, 0.0015994581237132467, 0.001570420736424291, 0.0015506359265919673, 0.001537817907119644, 0.0015306521906650493, 0.0015283918387502672, 0.0015306263714304673, 0.0015371513984027449, 0.00154789622831033, 0.0015628845432038724, 0.0015822139662507015, 0.0016060465462905905, 0.001634605819661508, 0.0016681781045045307, 0.0017071168838448426, 0.0017518497602003686, 0.001802887905942226, 0.0018608381620936372, 0.0019264181786811567, 0.00200047514055837, 0.002084008854174402, 0.0021782001657361383, 0.002284445995869682, 0.0024044025946769396, 0.002540039104574439, 0.002693704058501011, 0.0028682082165687865, 0.0030669280584071997, 0.003293935513200636, 0.003554161044334123, 0.003853599274647865, 0.004199568881915513, 0.004601041848133721, 0.0050690612676149785, 0.005617272222602927, 0.006262596655993486, 0.0070260911578613385, 0.007934035907812349, 0.00901931396916917, 0.010323151936176273, 0.011897305189643619, 0.013806781503926483, 0.016133203202942058, 0.018978905131857883, 0.022471847248765834, 0.02677137570786289, 0.03207478267061597, 0.03862447471001429, 0.04671534519678637, 0.05670163743580584, 0.06900217261792603, 0.08410230061290443, 0.10255034612166321, 0.1249457391740388, 0.15191557475771575, 0.1840762397566942, 0.22197724631708515, 0.26602580996041775, 0.31639327044540644, 0.37290827369424073, 0.4349465364760175, 0.5013323840074284, 0.5702719822374364, 0.6393407308565677, 0.7055459404115998, 0.7654792900579124, 0.8155612139277332, 0.8523623625212637, 0.8729685101669954, 0.8753390984873978, 0.8586009452022404, 0.8232214796273799, 0.7710216704386517, 0.70501551789483, 0.6290950431117985, 0.5476093973799716, 0.4649064269606761, 0.38490969637809674, 0.31079275222098457, 0.2447888959555775]
7.1939156290487345	1.868395962567263	[0.18887519516495677, 0.1419206194227326, 0.10423812727284748, 0.07493859982184849, 0.05283512203197371, 0.03663381508022113, 0.025079160312930962, 0.017048452309790484, 0.011599807694142336, 0.007983845439949353, 0.005631009098823614, 0.004125565132033361, 0.0031748535274106486, 0.002579480599940799, 0.002207556912105999, 0.0019741429406838202, 0.001825829128197296, 0.0017297340128138992, 0.0016659799228185296, 0.0016227311006764096, 0.001593023749624911, 0.0015727962305831392, 0.001559694340742721, 0.0015523617997670522, 0.0015500265301871322, 0.0015522632230792817, 0.0015588590601856652, 0.001569738937397521, 0.0015849247391455676, 0.0016045140789939202, 0.0016286703348524741, 0.0016576194622564746, 0.0016916511907497064, 0.0017311233792465764, 0.0017764690168105342, 0.0018282057498704852, 0.001886948110852366, 0.0019534228130258097, 0.002028487684722968, 0.0021131549972758625, 0.002208620190572144, 0.0023162972650728466, 0.002437862482440039, 0.002575308450404205, 0.002731011264444831, 0.002907814102361814, 0.0031091316431000196, 0.003339080889405922, 0.003602645576173534, 0.0039058833500335314, 0.004256187523908795, 0.0046626184821234205, 0.0051363240130007865, 0.0056910730358106015, 0.006343933686946091, 0.00711613454357191, 0.008034157142023428, 0.009131118618097778, 0.010448515091611836, 0.012038408197344754, 0.013966147519478228, 0.01631372737767482, 0.01918387318607573, 0.02270493304491089, 0.02703660494247617, 0.0323764450907073, 0.03896696271273101, 0.047102891665144156, 0.057137922831427095, 0.06948977078416854, 0.08464193893119422, 0.1031399694596494, 0.12557939436618787, 0.152582172853194, 0.1847583108414139, 0.22264986930798972, 0.26665597227014204, 0.31693996880875086, 0.373323689142626, 0.4351785707205844, 0.5013287123930718, 0.5699855425797581, 0.6387362473544251, 0.7046067184142562, 0.7642131991867509, 0.81400460231517, 0.8505807203669058, 0.8710530795405566, 0.8733992961991427, 0.8567533081872543, 0.8215766671491125, 0.769671630459123, 0.7040230589481761, 0.6284876633284723, 0.5473783820301708, 0.4650111428366721, 0.38528597477066723, 0.3113635303446129, 0.24547504593209143]
7.169194269498739	1.8765863111968493	[0.1896060399413555, 0.14263759410107388, 0.10489899927461215, 0.07551782920861294, 0.053321807700177394, 0.03702835339117251, 0.02538951568710101, 0.0172867244543308, 0.011779499658584927, 0.00811797418187846, 0.005731007278019627, 0.004200813281939936, 0.0032326465890952015, 0.0026252472070305353, 0.0022451908060582065, 0.002006352220406602, 0.0018544506087640384, 0.0017559898730387287, 0.0016906735047398894, 0.0016463884558717333, 0.0016159918876432029, 0.0015953088619476837, 0.001581914781786737, 0.0015744102320345214, 0.0015719971562041435, 0.001574234855763738, 0.001580901762501062, 0.0015919181420797034, 0.0016073039801344766, 0.0016271568103042404, 0.0016516413340460388, 0.0016809859243027978, 0.0017154837648385999, 0.00175549712908275, 0.001801464468898212, 0.0018539099764520995, 0.0019134559838485442, 0.0019808383740504342, 0.0020569257642400387, 0.002142743038604152, 0.0022395004225778427, 0.002348629196693806, 0.0024718258859364175, 0.0026111068306093497, 0.002768876018031993, 0.002948009396900192, 0.0031519602741880842, 0.003384891187880565, 0.0036518396973152837, 0.003958927066436639, 0.004313621943642167, 0.0047250738575765425, 0.005204536148290831, 0.005765902454887601, 0.006426388094083809, 0.0072073945858998735, 0.008135605823611992, 0.009244373849516836, 0.010575465032788067, 0.012181247542680284, 0.014127412623453586, 0.016496325495048793, 0.01939110005105829, 0.02294046870035926, 0.027304475604258662, 0.03268093256727669, 0.03931244024494464, 0.047493558005571555, 0.05757740614740398, 0.06998057073474248, 0.08518468491928154, 0.1037324833377946, 0.12621557753793175, 0.1532507734619302, 0.1854416893944107, 0.2233229422476368, 0.2672855910544103, 0.31748504022799273, 0.37373637051437836, 0.43540681879452636, 0.5013203407815906, 0.5696936988364489, 0.6381259120152093, 0.7036614596203886, 0.7629411115420612, 0.812442178752193, 0.8487934911609591, 0.8691322212230047, 0.8714540848316433, 0.8549001187528125, 0.8199260435104976, 0.7683155121411787, 0.7030243897485456, 0.6278742187605184, 0.5471418265157992, 0.46511125326451574, 0.3856589417962327, 0.31193252789049775, 0.24616101632694617]
7.144472909948743	1.884848037295392	[0.19033817876669035, 0.1433571234978146, 0.10556334228499842, 0.07610106627510961, 0.053812679130442624, 0.0374269592726311, 0.02570360820330663, 0.017528278459119563, 0.011961970061613023, 0.00825438826284089, 0.0058328459110865835, 0.004277524750411226, 0.0032915987434083294, 0.002671937423416394, 0.002283572138926419, 0.002039180905443206, 0.0018836005601855618, 0.0017827108613052921, 0.0017157886854007665, 0.0016704378656612643, 0.0016393321810006633, 0.0016181804341721382, 0.0016044855334005246, 0.0015968036116937488, 0.0015943097042265878, 0.0015965472004206393, 0.0016032853925533432, 0.001614439741378686, 0.0016300281785132074, 0.0016501481299021625, 0.0016749655695274116, 0.0017047113264145638, 0.0017396820415312131, 0.001780244479604736, 0.001826842595574185, 0.0018800072354146853, 0.0019403686057534925, 0.0020086719011858725, 0.0020857966411274853, 0.00217278050621121, 0.0022708486676791453, 0.002381449923283915, 0.0025063012807269684, 0.002647443119673063, 0.0028073076140919394, 0.0029888038804850308, 0.003195424244185669, 0.003431377289839376, 0.003701754909407685, 0.004012742635742395, 0.004371885098295974, 0.004788421781199949, 0.0052737123637721485, 0.005841776171377819, 0.006509976594034988, 0.007299889152431165, 0.00823840096713071, 0.009359099946156997, 0.01070402324800618, 0.012325846011283495, 0.01429060072816703, 0.016681022615850877, 0.01960061158610709, 0.02317848076933875, 0.027575014325319117, 0.03298827152441301, 0.03966093255823062, 0.04788736780639432, 0.058020107975726085, 0.07047458944350127, 0.0857305503431391, 0.10432789379707656, 0.12685428745725047, 0.1539213680680182, 0.18612635854243706, 0.22399644082131026, 0.26791463429807694, 0.318028446961582, 0.3741462748215223, 0.43563123506962753, 0.5013072215203053, 0.5693964037155814, 0.6375096779200231, 0.7027101189865227, 0.7616629831521353, 0.8108739010147866, 0.8470006332646339, 0.8672058944883675, 0.8695034234907526, 0.8530413359525435, 0.8182695666440751, 0.7669532720776039, 0.702019464596907, 0.6272546614560615, 0.546899680819458, 0.46520670772875244, 0.3860285487019155, 0.3124997011687725, 0.24684677191712212]
7.119751550398748	1.8931820504601047	[0.19107158744804364, 0.14407919720711257, 0.10623116036008144, 0.07668832866555383, 0.05430776533802458, 0.037829669959562516, 0.026021479862330773, 0.017773157758756757, 0.012147261072340055, 0.008393126590376904, 0.005936559534057116, 0.004355729222194219, 0.003351734969070875, 0.002719571933475771, 0.002322717979130299, 0.0020726430909768358, 0.0019132907939049158, 0.0018099070276623044, 0.00174133425334064, 0.0016948871790611168, 0.0016630518470077257, 0.0016414176979045077, 0.0016274130566996242, 0.0016195481826070863, 0.0016169703046061492, 0.0016192063002658306, 0.0016260159732235993, 0.001637309744707548, 0.001653103379516227, 0.0016734941190334367, 0.0016986491998881796, 0.001728801903747882, 0.0017642523706704863, 0.0018053718960430074, 0.0018526100150164475, 0.0019065043011911378, 0.001967692946090997, 0.002036930565614157, 0.0021151077299358936, 0.0022032750683780695, 0.0023026728940906413, 0.0024147677276856864, 0.002541297316741137, 0.0026843263541765326, 0.0028463155365269503, 0.0030302075091970925, 0.003239534052337227, 0.0034785502678705378, 0.003752402941750643, 0.004067342478554004, 0.004430990197095318, 0.00485267628697832, 0.005343867629590614, 0.005918710122695217, 0.006594716213960553, 0.00739363637301361, 0.008342561929752289, 0.009475317463386026, 0.010834211598865275, 0.012472226659797093, 0.01445573614378926, 0.016867844049683774, 0.019812434059974925, 0.02341899600125809, 0.02784824813740683, 0.03329848848481407, 0.04001246526455659, 0.04828434460676724, 0.05846604919634837, 0.07097184363700901, 0.08627954715656037, 0.10492620639864722, 0.12749552296967573, 0.1545939474411112, 0.18681230139561442, 0.22467033980399845, 0.268543069914021, 0.31857015023328406, 0.37455335899191367, 0.43585177283916515, 0.5012893068841212, 0.5690936088678336, 0.63688749808308, 0.7017526504721292, 0.7603787699568192, 0.8092997259607008, 0.8452021048995142, 0.8652740577764949, 0.8675472710710719, 0.8511769180845203, 0.8166071941895032, 0.7655848661670122, 0.701008237413087, 0.6266289427988597, 0.546651894444226, 0.46529745504345776, 0.3863947461615091, 0.31306500581584945, 0.24753227688096888]
7.095030190848752	1.9015892753344343	[0.19180624120471765, 0.1448038043261651, 0.10690245720606513, 0.07727963385524372, 0.05480709535759414, 0.0382365229093517, 0.026343173044223286, 0.018021406315194003, 0.012335415457480922, 0.008534228728664146, 0.006042183320156301, 0.004435457006577945, 0.0034130807957792873, 0.002768171928216415, 0.002362645814838999, 0.0021067532484695477, 0.0019435334224777456, 0.0018375886951244357, 0.001767319214222614, 0.0017197444502155394, 0.0016871582693375109, 0.001665027569599445, 0.00165070395188282, 0.001642650333604652, 0.0016399852136329545, 0.0016422183333411786, 0.0016490996480259554, 0.0016605342921355572, 0.0016765357480177591, 0.0016972009889251944, 0.0017226985049319083, 0.0017532640230957738, 0.001789201226675429, 0.0018308859787676591, 0.0018787734748507126, 0.0019334080885599163, 0.001995436110168537, 0.002065621685803138, 0.002144866588880085, 0.0022342345494786807, 0.00233498122326447, 0.002448591059708535, 0.0025768228085964718, 0.0027217657508552813, 0.0028859094474458094, 0.0030722304350405795, 0.0032843003918337, 0.003526421409082933, 0.003803795735594761, 0.004122739251569008, 0.004490950681286791, 0.00491785166945568, 0.0054150171694056694, 0.0059967205336245505, 0.006680624256036562, 0.0074886546926776825, 0.008448108362542525, 0.009593047297951678, 0.010966052252698583, 0.012620412906404794, 0.014622843484311079, 0.01705681547518414, 0.020026594020396672, 0.02366204150071137, 0.028124204292724088, 0.0336116102818639, 0.04036706409438185, 0.048684512174720015, 0.05891525065839049, 0.07147235015255278, 0.08683168709358331, 0.10552742667310236, 0.12813928249553722, 0.15526850218133334, 0.18749950045154923, 0.22534461369356995, 0.26917086506656085, 0.3191101109310165, 0.3749575791354488, 0.4360683850456428, 0.5012665483190005, 0.5687852655997919, 0.6362593247166828, 0.7007890077000499, 0.7590884271428207, 0.8077196101113677, 0.8433978635944901, 0.8633366691820368, 0.8655855858330795, 0.8493068230770844, 0.8149388831901236, 0.7642102498892903, 0.699990661522475, 0.625997013676865, 0.5463984162626931, 0.46538344343411053, 0.38675748417167527, 0.3136283968203674, 0.2482174947354695]
7.070308831298757	1.9100706519113457	[0.1925421146555007, 0.14553093346372847, 0.10757723617588072, 0.07787499913638786, 0.05531069824923979, 0.03864755577922453, 0.026668730526894908, 0.018273068596027117, 0.012526476612234109, 0.008677734880194538, 0.006149753118760608, 0.0045167390209429935, 0.0034756623458828202, 0.0028177590885917407, 0.002403373594255538, 0.0021415262078160018, 0.0019743408963311185, 0.0018657664409849595, 0.0017937528234710748, 0.0017450179197711847, 0.0017116590267550003, 0.0016890171138319236, 0.0016743649835516058, 0.0016661165823053427, 0.0016633608359846567, 0.0016655895980720252, 0.0016725427011914308, 0.001684119641656862, 0.0017003315867142332, 0.001721275069586601, 0.0017471199023857285, 0.0017781041729638023, 0.0018145352241868598, 0.0018567934543500012, 0.0019053398671173033, 0.0019607256443923146, 0.002023605353744268, 0.0020947527196304243, 0.0021750809345918495, 0.0022656669221520517, 0.002367781945142186, 0.002482928527979528, 0.0026128867518193325, 0.002759770697684362, 0.002926099204918931, 0.0031148829956958372, 0.003329734169814994, 0.0035750022027697588, 0.003855945467323593, 0.004178945832111634, 0.004551780251761173, 0.0049839624636651494, 0.005487176494182645, 0.006075823889561773, 0.0067677183398001765, 0.007584962835236695, 0.008555060264641812, 0.009712310637810915, 0.011099567753060282, 0.01277042846121896, 0.014791947760293647, 0.017247962843409757, 0.020243118416783938, 0.023907644594191278, 0.02840291042599034, 0.033927663877979845, 0.04072475510885371, 0.04908789426411237, 0.05936773345351546, 0.07197612562092844, 0.0873869820126061, 0.10613155971931237, 0.12878556445056266, 0.15594502223124038, 0.18818793809209702, 0.22601923614407507, 0.2697979867363268, 0.3196482889835216, 0.37535889116008286, 0.43628102363487226, 0.5012388970819072, 0.5684713242433816, 0.6356251098567007, 0.699819143371886, 0.7577919097087799, 0.8061335091304308, 0.8415878666496149, 0.8613936860051662, 0.863618325747945, 0.8474310081229137, 0.8132645903322622, 0.7628293780367473, 0.6989666898219127, 0.6253588243139352, 0.5461391946361793, 0.46546462045217374, 0.3871167121336535, 0.31418982848825044, 0.24890238837954543]
7.045587471748761	1.9186271358442222	[0.19327918186856796, 0.14626057269959106, 0.10825550025547369, 0.07847444163677814, 0.0558186030472631, 0.03906280648575838, 0.026998195414431877, 0.018528189662320407, 0.01272048847822974, 0.008823685991679877, 0.00625930536814976, 0.004599606905441057, 0.0035395062445521043, 0.002868355701110222, 0.0024449196352769693, 0.0021769772683014384, 0.002005725915260467, 0.0018944511998827986, 0.0018206445019899242, 0.0017707161086357869, 0.001736561814941501, 0.0017133936275171814, 0.0016984030097012576, 0.0016899536502783259, 0.0016871036611123822, 0.0016893265802650022, 0.0016963515010307375, 0.0017080722291514794, 0.001724497285632938, 0.0017457228639719722, 0.0017719199025063963, 0.0018033290132079014, 0.0018402610766345463, 0.0018831012219394808, 0.0019323161896407663, 0.0019884641920167134, 0.0020522080460319892, 0.0021243313079903543, 0.002205758605557733, 0.0022975803514666254, 0.0024010834807256603, 0.002517788946120494, 0.00264949828305566, 0.0027983508037793454, 0.002966894819004384, 0.003158175770271324, 0.0033758464568667775, 0.003624304404775333, 0.003908864488286813, 0.0042359753948172495, 0.004613492794903618, 0.005051023539216072, 0.005560361308034011, 0.006156037055051431, 0.006856016279542575, 0.007682579956044247, 0.008663437820445732, 0.009833129162551734, 0.01123478080051884, 0.012922297592563168, 0.014963074081560107, 0.017441312733956018, 0.020462034196681068, 0.02415583330640592, 0.028684394010007972, 0.03424667699749333, 0.04108556397475445, 0.049494515444222724, 0.05982351796929907, 0.07248318753178702, 0.08794544269279572, 0.10673861153547835, 0.12943436576500428, 0.1566234984828489, 0.18887759483043975, 0.22669418182835893, 0.27042439973454524, 0.3201846454201884, 0.37575724862944737, 0.43648964171769006, 0.5012063020493077, 0.5681517362995846, 0.634984803246652, 0.6988430112708329, 0.7564891705455479, 0.8045413795833143, 0.8397720695057277, 0.8594450662022161, 0.8616454472042439, 0.8455494307968021, 0.8115842709866641, 0.7614422055129734, 0.6979362741149716, 0.6247143247926294, 0.5458741769850473, 0.46554093328147894, 0.3874723785996328, 0.3147492545946892, 0.24958691996648158]
7.020866112198766	1.927259698764974	[0.19401741620192997, 0.1469927096114984, 0.10893725204861629, 0.07907797825540501, 0.05633083884154437, 0.03948231308519527, 0.02733161128100919, 0.01878681501548575, 0.01291749572644804, 0.008972123581494764, 0.00637087729995714, 0.004684092840394852, 0.003604639831881386, 0.002919984472209934, 0.0024873028345425013, 0.0022131220159113, 0.0020377016270099087, 0.0019236540891750542, 0.001848004019886534, 0.0017968476553107738, 0.001761874613379498, 0.0017381644915127363, 0.0017228251315249104, 0.0017141683296307266, 0.0017112203969106524, 0.001713435834099403, 0.001720532619177057, 0.0017323985623115643, 0.0017490394290893602, 0.0017705509528659219, 0.0017971052050936088, 0.0018289452886725622, 0.001866385685699929, 0.001909816273381003, 0.0019597096303212718, 0.0020166310555335154, 0.0020812517511920128, 0.002154365200995878, 0.002236907643239566, 0.0023299831205800562, 0.0024348944654429975, 0.002553181255165709, 0.002686666768671553, 0.0028375158153785356, 0.003008306549209006, 0.0032021194848499126, 0.0034226485979639565, 0.0036743399273587865, 0.0039625654553543934, 0.00429384127871507, 0.00467610254112454, 0.005119049934767389, 0.005634587706303185, 0.006237377061919756, 0.0069455363380484195, 0.007781525364616645, 0.00877326173132242, 0.009955524673972723, 0.011371714692919898, 0.013076044629449514, 0.015136248246952822, 0.017636891681718468, 0.0206833690980804, 0.024406635451037512, 0.02896868341610088, 0.03456867690946095, 0.0414495173687522, 0.04990439949577831, 0.06028262571626309, 0.07299355216715205, 0.08850708115344001, 0.10734858643317852, 0.13008568473676063, 0.1573039196536919, 0.18956845268943232, 0.22736942281524736, 0.2710500705292399, 0.3207191383584556, 0.3761526068842926, 0.43669418934595583, 0.5011687139203589, 0.5678264502334023, 0.6343383563841782, 0.697860562324069, 0.7551801641086165, 0.8029431754870827, 0.8379504288833882, 0.857490765567088, 0.8596669075265532, 0.8436620469078074, 0.8098978810899553, 0.7600486857981494, 0.6968993664016933, 0.6240634640208441, 0.5456033105834343, 0.4656123280879673, 0.38782443169827774, 0.31530662801816006, 0.2502710510829371]
6.99614475264877	1.9359693286097288	[0.1947567904430998, 0.14772733124865095, 0.10962249378355995, 0.07968562570241186, 0.05684743470125598, 0.03990611386273526, 0.02766902205181805, 0.019048990726566895, 0.013117543619238194, 0.009123089897434029, 0.006484506793197322, 0.004770229719073192, 0.003671091013751935, 0.0029726687039596297, 0.002530542518673724, 0.0022499764932253224, 0.0020702814826600033, 0.0019533865677689504, 0.001875841359616573, 0.0018234214610983583, 0.0017876055589477677, 0.001763337301467061, 0.0017476385788527538, 0.0017387675999503572, 0.0017357178671506025, 0.0017379240863681388, 0.0017450927392176983, 0.001757105313833513, 0.001773964714123256, 0.0017957660789106227, 0.00182268262602447, 0.0018549599060207719, 0.0018929160741202274, 0.0019369457648170311, 0.0019875275043521705, 0.002045233728139572, 0.0021107441680961046, 0.0021848623249880413, 0.002268536232466671, 0.002362883698488746, 0.0024692236880959114, 0.0025891145943261846, 0.0027244017398793913, 0.002877275692298126, 0.003050344832896461, 0.003246725097965524, 0.0034701521304454914, 0.003725120938030078, 0.004017061233498051, 0.004352557105253288, 0.0047396239452288285, 0.005188057003264591, 0.00570987202422335, 0.00631986129287501, 0.007036297030251617, 0.007881818762100765, 0.008884552955738664, 0.010079519408810463, 0.011510392976492347, 0.013231694378581993, 0.015311496272131324, 0.017834726736453258, 0.02090715100932223, 0.024660079381347334, 0.02925580705084933, 0.03489369142726217, 0.0418166418269828, 0.050317570723238246, 0.06074507782334561, 0.07350723628795076, 0.08907190873617984, 0.10796148914523067, 0.1307395186651424, 0.157986274833225, 0.190260492394762, 0.2280449315269081, 0.27167496406539915, 0.32125172628967746, 0.3765449196220511, 0.43689461698771, 0.5011260817375524, 0.5674954149506178, 0.6336857191774999, 0.6968717478665967, 0.7538648433764092, 0.8013388511598607, 0.83612290015737, 0.8555307400312713, 0.8576826628337908, 0.8417688122223623, 0.8082053755199006, 0.758648772168596, 0.6958559177630892, 0.6234061905648672, 0.5453265418879052, 0.4656787505654612, 0.38817281879206167, 0.31586190106082596, 0.25095474261003387]
6.971423393098775	1.944757029952463	[0.19549727671770303, 0.14846442408774663, 0.11031122727182911, 0.0802974004765665, 0.05736841967142446, 0.04033424732401842, 0.028010472020733392, 0.019314763433175026, 0.013320678038041336, 0.009276627914754233, 0.00660023240622289, 0.004858051145030449, 0.003738888294493555, 0.00302643228970545, 0.0025746584751978785, 0.0022875571929900124, 0.0021034792644534553, 0.001983660427952433, 0.001904166740360768, 0.0018504466809861953, 0.0018137629671237815, 0.0017889198586104867, 0.001772850728685504, 0.0017637586196413905, 0.001760603027854652, 0.0017627982287129443, 0.0017700386713512854, 0.0017821993146731737, 0.0017992799638112936, 0.0018213751408489255, 0.0018486591095453891, 0.0018813799288497216, 0.0019198593972510657, 0.001964497012522322, 0.002015777265324295, 0.002074279868513506, 0.002140693141233912, 0.00221583077929633, 0.0023006527124049235, 0.002396290736977365, 0.0025040801021655526, 0.002625598297920107, 0.0027627129046863238, 0.002917640604592685, 0.0030930202982387893, 0.003292003796670988, 0.0035183687984113297, 0.00377665985458793, 0.004072364912199211, 0.004412136771695111, 0.004804071705593389, 0.0052580604028050325, 0.00578623085989632, 0.0064035074685450406, 0.007128317151435655, 0.007983480222606271, 0.008997332744648931, 0.01020513601167989, 0.01165083949115405, 0.013389272085149341, 0.015488844448554395, 0.018034845406358455, 0.021133408046862284, 0.0249161939100603, 0.02954579345941883, 0.03522174879705296, 0.04218696388255962, 0.05073405380344991, 0.06121089521977987, 0.07402425693493014, 0.08963993634173809, 0.1085773245724882, 0.13139586415023288, 0.158670553171246, 0.1909536937371152, 0.2287206803664273, 0.27229904417730394, 0.3217823676454343, 0.3769341393328641, 0.43709087503825617, 0.5010783533148052, 0.5671585792764321, 0.6330268403461184, 0.6958765191360103, 0.752543160228428, 0.7997283607971785, 0.8342894377295715, 0.853564945369233, 0.8556926684035183, 0.8398696822908546, 0.80650670840754, 0.7572424175834649, 0.6948058785634399, 0.6227424525320329, 0.545043816609175, 0.4657401457967241, 0.38851748645475026, 0.3164150253164047, 0.25163795466851413]
6.946702033548779	1.9536238243462136	[0.19623884649670198, 0.14920397407767588, 0.11100345393151655, 0.08091331884400804, 0.05789382280762258, 0.04076675213934347, 0.02835600590307239, 0.01958418027279809, 0.01352694555598146, 0.009432781269016298, 0.006718093463540254, 0.0049475913662668436, 0.003808060869457074, 0.0030812996488133117, 0.00261967104373837, 0.0023258809934448596, 0.0021373091712762553, 0.0020144877324738083, 0.0019329906958932919, 0.001877932664066059, 0.0018403554018477967, 0.0018149201147855964, 0.0017984691674468882, 0.0017891486762100625, 0.0017858830226998167, 0.0017880652731976818, 0.0017953774018721093, 0.0018076875144930273, 0.0018249921718313336, 0.0018473851581661406, 0.0018750417689293141, 0.0019082125457191585, 0.0019472229808149848, 0.0019924774634632503, 0.002044466541041833, 0.002103777273036055, 0.0021711066955626183, 0.0022472788092318626, 0.0023332656114294615, 0.0024302130434452323, 0.0025394728617727114, 0.0026626418669821266, 0.002801610186155838, 0.0029586209016987312, 0.0031363438062462995, 0.0033379669616432303, 0.003567310600385413, 0.003828969304113799, 0.004128489861206649, 0.004472594401181482, 0.004869460831342553, 0.0053290760338700035, 0.0058636811574407305, 0.006488333566439854, 0.007221615882628817, 0.00808653008631719, 0.009111622777741921, 0.010332397391874464, 0.011793078549245292, 0.013548803239154989, 0.015668319580058016, 0.018237275395322893, 0.021362168869235226, 0.025175007954072775, 0.029838671740491804, 0.03555287722206237, 0.04256051060786388, 0.051153873159168695, 0.061680099331158034, 0.07454463062265823, 0.09021117530175567, 0.10919609677803264, 0.1320547181526024, 0.15935674266964972, 0.19164803681675507, 0.22939664033163665, 0.2729222749959273, 0.32231101928989514, 0.3773202188257269, 0.43728291227297444, 0.5010254768126949, 0.5668158904554352, 0.6323616689481173, 0.6948748258850354, 0.7512150668106353, 0.7981116572302156, 0.8324499961345474, 0.8515933361204321, 0.8536968794806141, 0.8379646115636801, 0.8048018336921469, 0.7558295740370533, 0.6937491988398794, 0.6220721971767235, 0.5447550800065996, 0.465796458073638, 0.38885838069020007, 0.31696595162235053, 0.2523206467512085]
6.9219806739987835	1.9625707506730203	[0.19698147057480445, 0.14994596657811599, 0.11169917474702247, 0.08153339683952567, 0.058423673129910675, 0.04120366718710005, 0.028705668785554146, 0.019857288951517428, 0.013736393384146547, 0.009591594338697128, 0.0068381299992318605, 0.005038885363731924, 0.0038786385664809965, 0.0031372958150203464, 0.002665601056556398, 0.0023649652423165823, 0.0021717857596977204, 0.0020458808918362888, 0.0019623240177891865, 0.0019058890232790955, 0.001867391622377456, 0.0018413462347375363, 0.0018245016424369319, 0.0018149452416937417, 0.0018115651394084613, 0.0018137324017052138, 0.0018211160543285367, 0.0018335770259557793, 0.0018511084678798004, 0.001873803311239459, 0.001901837855457584, 0.0019354651071087669, 0.001975014292671837, 0.0020208947299928406, 0.00207360310727846, 0.0021337339091336035, 0.0022019930114333566, 0.0022792148389930533, 0.0023663836223761867, 0.0024646596143303493, 0.0025754112963363553, 0.002700255004263713, 0.0028411036954141848, 0.0030002271502533426, 0.0031803264208230403, 0.0033846262093592833, 0.0036169897547427537, 0.003882062171494093, 0.004185449689087372, 0.004533944400258136, 0.004935806590931316, 0.00540112010948231, 0.005942240141297186, 0.006574357908728845, 0.00731621270461112, 0.008190989071763338, 0.009227445048796166, 0.010461326869534054, 0.01193713478082844, 0.013710313768135569, 0.015849948772936665, 0.018442044858786276, 0.021593462392531803, 0.025436550874389122, 0.03013447116369132, 0.03588710531159533, 0.04293730910767699, 0.05157705354460193, 0.06215271142208004, 0.0750683740880094, 0.09078563654927946, 0.10981780991783321, 0.13271607697996846, 0.16004483129894223, 0.19234350084997948, 0.23007278229687492, 0.2735446195980974, 0.32283763791730125, 0.3777031097652559, 0.437470677287283, 0.5009673992317654, 0.5664672955543044, 0.631690152922021, 0.6938666176826074, 0.7498805142292109, 0.7964886930866477, 0.8306045289709307, 0.849615866586046, 0.8516952504788794, 0.8360535541959797, 0.8030907045586397, 0.7544101931406879, 0.6926858279029371, 0.6213953712518892, 0.5444602765906075, 0.4658476310558027, 0.3891954467133642, 0.3175146300953663, 0.25300277758381245]
6.897259314448788	1.9715988655019652	[0.19772511908787377, 0.15069038638163304, 0.1123983902790976, 0.08215765026041158, 0.05895799962921539, 0.04164503153558007, 0.02905950613871939, 0.020134137726771775, 0.013949069394762256, 0.009753112233457987, 0.00696038278889353, 0.005131968843586759, 0.003950651881522127, 0.0031944464295795313, 0.0027124698733633247, 0.0024048277488610227, 0.0022069239754807356, 0.0020778526548664348, 0.001992177782934157, 0.0019343256251121883, 0.0018948806070819457, 0.0018682065857733982, 0.001850956082530766, 0.0018411559629360036, 0.001837656827981339, 0.0018398069571871807, 0.0018472619058286224, 0.0018598751170600762, 0.0018776361324964633, 0.0019006369347097196, 0.0019290547721435476, 0.0019631451196885684, 0.0020032409557772233, 0.00204975658484167, 0.0021031949002802957, 0.00216415791079398, 0.002233360436936387, 0.002311647467499793, 0.0024000156150292677, 0.0024996396310389434, 0.0026119049235236898, 0.002738447610002296, 0.002881203745426531, 0.0030424701293879372, 0.0032249794238043434, 0.0034319933865073005, 0.0036674187165479416, 0.003935951592416427, 0.004243258262540264, 0.004596201449715348, 0.005003124534840752, 0.005474209142806446, 0.006021925343547159, 0.00666159914505521, 0.007412127431533786, 0.008296878251655072, 0.009344821907859294, 0.010591948141422912, 0.012083033187438788, 0.013873829988651125, 0.016033759505193874, 0.01864918233530178, 0.021827317880095735, 0.025700852380555198, 0.030433221285636948, 0.0362244619496835, 0.04331738666816242, 0.05200361986876623, 0.06262875278463387, 0.07559550405922368, 0.09136333085239585, 0.11044246794939949, 0.13337993656977332, 0.16073480664663187, 0.19304006450189518, 0.23074907661097468, 0.2741660403875194, 0.3233621796203899, 0.37808276309388755, 0.43765411806324694, 0.5009040668591197, 0.5661127410508404, 0.6310122395260016, 0.6928518435348975, 0.7485394529373418, 0.7948594204381654, 0.8287529891942506, 0.8476324904985114, 0.8496877351674297, 0.8341364637548091, 0.8013732735457195, 0.7529842259012032, 0.6916157144147674, 0.6207119208832984, 0.5441593502026383, 0.4658936077309018, 0.3895286290292726, 0.3180610101394201, 0.25368430518165375]
6.872537954898792	1.9807092434558424	[0.1984697614460343, 0.15143721766883791, 0.1131011006321744, 0.08278609464024143, 0.05949683126328583, 0.04209088443098551, 0.02941756383115175, 0.020414775403404358, 0.014165022145692941, 0.009917380794143095, 0.007084893379154396, 0.005226878238453156, 0.004024132009291853, 0.0032527777417472353, 0.0027602994102357494, 0.002445486782466825, 0.0022427391792481425, 0.0021104161053372345, 0.002022563375611134, 0.001963252584836919, 0.0019228315723343586, 0.0018955097324111574, 0.0018778406145046058, 0.0018677886563010465, 0.0018641657150574925, 0.0018662964388493377, 0.001873822399921324, 0.0018865892069795378, 0.001904582608848135, 0.0019278935140061312, 0.0019567000847252806, 0.001991260243475573, 0.002031910758644419, 0.00207907095881029, 0.0021332500269306835, 0.0021950575766793473, 0.002265217497989925, 0.0023445854668009167, 0.002434170646354685, 0.0025351624585101466, 0.002648963459859297, 0.002777229780488574, 0.0029219208622328504, 0.0030853608291159644, 0.0032703143271072643, 0.003480080567955688, 0.0037186101909776293, 0.003990650950551772, 0.004301929721588875, 0.004659380500457425, 0.005071430513157028, 0.0055483599410160985, 0.006102754624642897, 0.006750076243414154, 0.007509380235819296, 0.008404219039358826, 0.009463776091681527, 0.010724285261023741, 0.01223079917985893, 0.014039378577319498, 0.016219779674029367, 0.018858716705044083, 0.022063765002793494, 0.02596794247242665, 0.03073495202688567, 0.03656497621543223, 0.043700770855211596, 0.05243359708984518, 0.0631082448634789, 0.07612603712062115, 0.09194426897111485, 0.11107007446475245, 0.13404629268074678, 0.16142665571784376, 0.19373770611031635, 0.23142549286548605, 0.27478649934052024, 0.32388459962634814, 0.378459129281125, 0.43783318167638496, 0.5008354255019037, 0.5657521725251653, 0.6303278755474719, 0.6918304515914535, 0.7471918329310134, 0.7932237905630721, 0.8268953293168462, 0.8456431608692282, 0.847674286875753, 0.8322132931426676, 0.7996494927261741, 0.7515516226753726, 0.690538806502501, 0.620021791509348, 0.5438522440436595, 0.46593433032832887, 0.3898578713989083, 0.31860504035537746, 0.25436518679488423]
6.847816595348797	1.9899029775870114	[0.19921536636729514, 0.1521864440313484, 0.11380730546529015, 0.08341874524954239, 0.06004019695383438, 0.04254126529027458, 0.02977988812721847, 0.0206992513310834, 0.014384300886529604, 0.01008444659846169, 0.00721170410168539, 0.00532365071865013, 0.004099110860891182, 0.0033123166212768724, 0.0028091121568565632, 0.0024869610834827925, 0.002279247161241444, 0.0021435846701351505, 0.002053492499393692, 0.001992680272280967, 0.0019512539820308126, 0.0019232644404778843, 0.0019051635708822695, 0.0018948513107959525, 0.0018910996106845665, 0.0018932085048008918, 0.0019008051527085578, 0.0019137268685496516, 0.0019319555084533172, 0.0019555806878447605, 0.001984781527178693, 0.0020198182944363356, 0.0020610316607681564, 0.0021088459435246146, 0.0021637767701791753, 0.002226441373061543, 0.0022975729038558356, 0.002378037785206504, 0.0024688579661790028, 0.0025712376485567475, 0.0026865968266439966, 0.0028166118116197143, 0.0029632657911910216, 0.003128910454087937, 0.003316342879391593, 0.0035289000606855423, 0.003770577140491396, 0.004046173881657189, 0.004361478487307714, 0.004723496777753737, 0.005140740683910604, 0.005623589609574906, 0.006184746182439073, 0.006839808494266086, 0.007607991657932179, 0.00851303319254239, 0.009584330734211803, 0.010858362641268248, 0.012380458589238289, 0.014206986571983125, 0.01640803760735269, 0.01907067718850391, 0.022302833850512033, 0.02623785143517315, 0.031039693682759675, 0.036908677372776075, 0.04408748952365702, 0.05286701019784579, 0.06359120926225673, 0.07665998968627571, 0.09252846165989062, 0.1117006326539401, 0.13471514089149075, 0.16212036488969103, 0.19443640368306375, 0.2321019998450489, 0.2754059580089072, 0.3244048522531426, 0.37883215834184847, 0.43800781426907665, 0.5007614205273639, 0.5653855346530887, 0.6296370073571373, 0.6908023891437557, 0.745837603790881, 0.7915817539209896, 0.8250315014066415, 0.8436478299185748, 0.845654858441524, 0.8302839944953496, 0.797919313634042, 0.7501123330797602, 0.6894550517128455, 0.619324927843798, 0.5435389006817913, 0.46596974033826777, 0.3901831168842407, 0.31914666858476165, 0.25504537895446505]
6.823095235798801	1.999181179762056	[0.19996190187335608, 0.152938048412025, 0.11451700394984951, 0.08405561710651455, 0.06058812552551636, 0.04299621376056555, 0.030146525614810012, 0.020987615494810385, 0.014606955479159498, 0.010254357069954272, 0.0073408579894576175, 0.0054223243099078035, 0.00417562097771898, 0.0033730906770995266, 0.0028589310897611567, 0.0025292699772063477, 0.002316464055865203, 0.0021773722251784517, 0.002084977095135716, 0.00202261940820826, 0.001980157470885668, 0.0019514797637684403, 0.0019329334197204357, 0.0019223521655701225, 0.0019184664450006819, 0.001920551041355558, 0.0019282178961750546, 0.0019412958905320834, 0.001959762560464173, 0.0019837063047049436, 0.002013306956001634, 0.0020488272964450643, 0.0020906117508430622, 0.0021390898401331135, 0.0021947835500831596, 0.0022583179804997982, 0.0023304355098720812, 0.0024120135931944434, 0.002504086980439972, 0.002607874986304352, 0.002724815112456591, 0.0028566042473062146, 0.0030052494572799316, 0.0031731304756395778, 0.0033630770224062777, 0.003578464461533228, 0.0038233327349875322, 0.004102534339622119, 0.004421919202858008, 0.004788565859029475, 0.005211071441001398, 0.005699915646440968, 0.006267918461499046, 0.0069308156275100724, 0.007707982489472808, 0.008623342961568074, 0.00970650921307206, 0.01099420524603606, 0.01253203746289734, 0.014376681621842616, 0.01659856179042599, 0.019285093675348298, 0.02254455456621552, 0.026510610271860767, 0.03134747643671233, 0.03725559543618523, 0.04447757017873272, 0.05330388494526206, 0.06407766692224266, 0.07719737892575734, 0.09311591863827923, 0.11233414644747436, 0.13538647535043083, 0.16281592127441138, 0.19513613343357977, 0.23277856708822284, 0.2760243758715131, 0.32492289261267226, 0.37920179806025106, 0.43817796281257504, 0.5006819950417207, 0.5650127729319997, 0.6289395791472664, 0.6897676042312406, 0.7444767130925887, 0.7899332615809439, 0.8231614557626864, 0.8416464502894986, 0.8436294011923685, 0.8283485201523145, 0.7961826865282432, 0.7486663066959434, 0.6883643964914428, 0.6186212743190891, 0.5432192616832947, 0.4659997787362992, 0.39050430759551524, 0.31968584198630456, 0.25572483732217044]
6.798373876248806	2.0085449810560663	[0.20070933519343417, 0.15369201314347117, 0.11523019478952469, 0.08469672490394915, 0.0611406458043204, 0.04345576957905781, 0.030517523361408474, 0.02127991833912715, 0.01483303659556069, 0.010427160284885474, 0.00747239900031087, 0.005522937692736421, 0.004253695765459601, 0.003435128055171085, 0.0029097799040943345, 0.0025724331752796097, 0.002354406562416048, 0.002211792905128516, 0.0021170295455667353, 0.0020530808862852523, 0.0020095520306560905, 0.001980164880792794, 0.001961158932215395, 0.001950299562380297, 0.0019462744182761344, 0.00194833203077315, 0.0019560686125228836, 0.001969304159206375, 0.0019880117326063445, 0.00201227831625239, 0.002042284460283543, 0.0020782953842278773, 0.002120659348549293, 0.0021698110693537725, 0.0022262790198890265, 0.002290696208539249, 0.0023638144104066523, 0.0024465222002641907, 0.002539867343655888, 0.0026450844065736318, 0.002763628667973355, 0.0028972177924736844, 0.0030478830654845188, 0.003218032537998567, 0.003410529000799733, 0.0036287865523691276, 0.0038768904759010777, 0.004159746475137417, 0.004483266878231516, 0.00485460352870073, 0.005282439588129594, 0.005777355763075889, 0.006352290367847416, 0.007023117585926124, 0.00780937404466815, 0.008735170796488096, 0.00983033549946756, 0.011131838205010717, 0.012685562521798073, 0.014548491475866903, 0.01679138146915947, 0.019501996041914403, 0.02278895814357867, 0.026786249794800297, 0.03165833141078628, 0.03760575997131542, 0.04487104134496117, 0.053744246287966306, 0.06456763987567633, 0.07773822078111228, 0.0937066507838282, 0.1129706180645549, 0.13606029143715925, 0.16351330979119502, 0.19583687289677185, 0.23345516152967946, 0.2766417138345042, 0.32543867293409395, 0.3795679977439123, 0.43834357128076057, 0.500597093714665, 0.5646338299086847, 0.6282355366127023, 0.6887260421238655, 0.7431091097348426, 0.7882782621208132, 0.821285143727648, 0.8396389724681195, 0.8415978671627925, 0.8264068206432376, 0.7944395620268089, 0.7472134916133844, 0.6872667873153095, 0.6179107741258459, 0.542893268347943, 0.4660243854203366, 0.39082138512374337, 0.3202225067561714, 0.2564035168950316]
6.77365251669881	2.017995532156587	[0.20145763283622783, 0.15444831989273783, 0.11594687618229244, 0.08534208305764615, 0.06169778651206887, 0.04391997269279843, 0.030892928768589404, 0.0215762109364352, 0.01506259554991961, 0.01060290517144421, 0.007606371837548152, 0.005625530417316264, 0.004333369310015634, 0.003498457656178122, 0.0029616828300725946, 0.002616470986473999, 0.0023930917667562617, 0.002246861300984454, 0.0021496625063152437, 0.002084075954245267, 0.0020394478535873165, 0.0020093292585098804, 0.0019898490402187165, 0.001978702092393434, 0.0019745318727453047, 0.0019765596825741544, 0.0019843654194551612, 0.0019977597761913473, 0.0020167111283158298, 0.0020413048839454185, 0.0020717222686919157, 0.002108230901138753, 0.002151182919207284, 0.002201018262815381, 0.0022582719861165856, 0.0023235850829984336, 0.00239771886210444, 0.0024815731405721055, 0.0025762088829935966, 0.0026828760803766635, 0.0028030480283327565, 0.002938463403189554, 0.0030911780185780835, 0.0032636285552730035, 0.0034587112718405012, 0.0036798794079264535, 0.003931264093445249, 0.004217824759482984, 0.004545536769183156, 0.004921625924709222, 0.005354862191528422, 0.005855928062915356, 0.006437881084678332, 0.007116734748139532, 0.007912187924149293, 0.008848539631666, 0.009955833849613661, 0.011271287183215687, 0.012841060752051815, 0.014722444468205578, 0.01698652610538461, 0.01972141479256775, 0.02303607569990396, 0.02706480147261728, 0.03197228970056842, 0.03795920120607552, 0.04526793130090157, 0.054188119822921245, 0.06506114961798279, 0.07828253178993705, 0.09430066809029741, 0.11361005026340373, 0.1367365832806264, 0.1642125158525674, 0.19653859802215365, 0.23413175058227853, 0.27725793096741086, 0.3259521459425023, 0.37993070472688106, 0.43850458417127897, 0.5005066592207841, 0.5642486486542714, 0.6275248235269394, 0.6876776485611853, 0.7417347408390033, 0.7866167044744221, 0.8194025150563294, 0.8376253471388374, 0.8395602070054418, 0.8244588465129797, 0.7926898895556477, 0.7457538357420513, 0.6861621696131993, 0.6171933700757749, 0.5425608610077844, 0.46604349971532544, 0.3911342901262648, 0.3207566083732351, 0.2570813718007553]
6.748931157148815	2.0275340037772005	[0.20220676055687892, 0.1552069496607535, 0.11666704581260212, 0.08599170568207856, 0.06225957627857514, 0.044388863224338264, 0.03127278960294753, 0.021876544952057438, 0.01529568434590961, 0.010781641477817747, 0.00774282200833215, 0.00573014287396082, 0.004414676440489755, 0.003563109106443663, 0.00301466469497743, 0.0026614042868715135, 0.0024325371988902856, 0.0022825924296876426, 0.002182888957679702, 0.0021156161838822886, 0.0020698553783074724, 0.0020389826237997674, 0.0020190128768090587, 0.002007568569917633, 0.0020032473286107338, 0.0020052424098828104, 0.002013116602384767, 0.00202667103739266, 0.0020458690158847897, 0.002070794360339786, 0.0021016287762395474, 0.0021386423824418417, 0.002182191098808818, 0.0022327202478756056, 0.0022907714324653747, 0.002356993831854348, 0.002432158307265335, 0.0025171761593951697, 0.002613121621722893, 0.0027212604014376423, 0.0028430839373103575, 0.002980352272654528, 0.0031351459427441347, 0.0033099306962139216, 0.0035076365333522874, 0.003731756378450364, 0.003986467577942793, 0.004276783963893008, 0.00460874441336628, 0.004989649513007875, 0.005428356622778196, 0.005935651008760734, 0.006524710124386596, 0.007211687885820829, 0.008016446079657208, 0.008963472828465418, 0.010083028886817488, 0.011412578303237735, 0.012998559510698667, 0.01489856941190868, 0.017184025514657798, 0.019943380914404483, 0.02328593865656541, 0.027346297232782174, 0.03228938261118075, 0.03831594976551508, 0.04566826838533084, 0.054635531438776155, 0.06555821749910003, 0.07883032863609468, 0.09489798015690869, 0.11425244578101634, 0.13741534435344796, 0.16491352469090964, 0.19724128387091025, 0.23480830136117375, 0.2778729852882021, 0.3264632640070345, 0.3802898652144572, 0.4386609456184065, 0.5004106331036237, 0.5638571718907003, 0.6268073825769871, 0.6866223689394216, 0.7403535525053394, 0.784948537215257, 0.817513518553038, 0.8356055245862947, 0.8375163704888147, 0.8225045478509276, 0.7909336177098519, 0.7442872864681451, 0.6850504880117709, 0.6164690043721445, 0.5422219791844967, 0.4660570602360226, 0.39144296241666693, 0.3212880915262169, 0.2577583553355641]
6.724209797598819	2.037161587081767	[0.20295668327624738, 0.15596788278628876, 0.1173907008580663, 0.0866456065269725, 0.06282604371012035, 0.04486248136850479, 0.03165715410975182, 0.022180972520010587, 0.015532355822599318, 0.010963419638096923, 0.007881795989473675, 0.005836816154877234, 0.004497652903001356, 0.0036291126187650347, 0.003068751095143046, 0.00270725438260075, 0.002472760996313952, 0.0023190016017792074, 0.0022167223555483655, 0.0021477133464445435, 0.0021007854268421788, 0.002069134848608757, 0.002048659899443261, 0.002036907928229113, 0.0020324295942832243, 0.002034388735845402, 0.0020423307132334057, 0.0020560463491568434, 0.0020754939175598856, 0.0021007552136457566, 0.002132012625537043, 0.002169538486692459, 0.0022136927693017267, 0.002264925984145827, 0.00232378659099405, 0.0023909318251953073, 0.0024671424427727146, 0.0025533411547592946, 0.002650615847789223, 0.0027602479276531647, 0.0028837474175590692, 0.0030228957704587127, 0.0031797987617647985, 0.003356951318886476, 0.0035573178045665162, 0.0037844310168462345, 0.004042515270733605, 0.004336639075392872, 0.004672905735690532, 0.005058690987050548, 0.005502940684465294, 0.00601654329908848, 0.006612797482419546, 0.007307998007469855, 0.00812217100678434, 0.009079993973746496, 0.010211945847545149, 0.01155573788118628, 0.01315808684432531, 0.01507689524949441, 0.017383910282448595, 0.02016792541306511, 0.023538579284219634, 0.02763076884658748, 0.03260964236913091, 0.038676035864333914, 0.04607208191760667, 0.05508650627210736, 0.06605886589413935, 0.07938162682995206, 0.0954985976436943, 0.11489780571083412, 0.1380965692289554, 0.16561631943097463, 0.19794490666329947, 0.23548477848238228, 0.2784868360525677, 0.3269719767357209, 0.38064542672640145, 0.4388125968905196, 0.500308958252788, 0.5634593395206892, 0.6260831577397603, 0.6855601460068677, 0.7389654919631031, 0.7832737065301164, 0.8156181039011172, 0.8335794530208797, 0.8354663079572752, 0.8205438729937993, 0.7891706953421787, 0.7428137897151269, 0.6839316870882312, 0.6157376179788057, 0.5418765620643523, 0.4660650044997209, 0.3917473412268162, 0.3218168999064214, 0.25843442007287615]
6.6994884380488235	2.046879494118784	[0.20370736519858287, 0.15673109888343842, 0.11811783792687067, 0.08730379907484052, 0.06339721721192657, 0.04534086759953275, 0.032046070764446044, 0.022489546524201518, 0.015772663364340706, 0.011148291100335897, 0.008023340915234215, 0.005945592406233259, 0.004582335039900119, 0.0036964993492500735, 0.0031239680769395103, 0.002754043356582112, 0.0025137815953897445, 0.002356104748005243, 0.002251176340097316, 0.002180379713448813, 0.002132248935393638, 0.002099796222811924, 0.002078799645139402, 0.0020667294648420453, 0.002062087546048806, 0.00206400751335822, 0.00207201637293011, 0.0020858944255516642, 0.0021055944320830257, 0.0021311962062182804, 0.0021628825459603074, 0.0022009281593315796, 0.0022456969106949116, 0.0022976447161367573, 0.002357326803387237, 0.0024254087208567475, 0.0025026810867037584, 0.002590078320043647, 0.0026887019818324256, 0.002799849524823159, 0.002925049635809391, 0.0030661055920074808, 0.003225148554608163, 0.003404703131099503, 0.003607768270344579, 0.0038379172566163923, 0.004099421687787895, 0.004397405500560693, 0.004738036841852479, 0.00512876750834701, 0.005578632360913975, 0.00609862416016364, 0.006702163327916093, 0.007405686722138823, 0.008229385351912546, 0.009198127342415869, 0.010342610072604204, 0.01170079302467797, 0.013319670821600202, 0.015257451834704155, 0.017586210882030863, 0.020395080340249817, 0.023794029535578128, 0.02791824927863039, 0.032933100585791714, 0.039039491066534815, 0.04647940019858828, 0.0555410709706843, 0.06656311564954077, 0.07993644356110752, 0.09610252908832911, 0.11554613300387788, 0.13878024973371914, 0.16632088524770822, 0.19864943929456932, 0.2361611488121708, 0.27909943874094323, 0.3274782361647569, 0.38099733274642517, 0.438959481786717, 0.500201573475333, 0.5630550939477053, 0.6253520890679676, 0.6844909248200355, 0.7375705028484885, 0.7815921605730027, 0.8137162176454678, 0.8315470821776692, 0.8334099671286835, 0.8185767713147025, 0.7874010691750232, 0.7413332919557662, 0.6828057097074712, 0.6149991519538185, 0.5415245474256257, 0.4660672697175579, 0.39204736458451694, 0.32234297659986794, 0.25910951756915324]
6.674767078498828	2.0566889582665886	[0.20445876965216175, 0.15749657687676427, 0.11884845309758768, 0.08796629640591362, 0.06397312516350256, 0.04582406242961867, 0.03243958854312551, 0.022802320295123562, 0.016016661236517175, 0.011336307989952615, 0.00816750495227756, 0.006056514476225337, 0.004668760180621771, 0.003765301042570966, 0.0031803425244118105, 0.0028017937210878534, 0.0025556181019414834, 0.0023939180876718993, 0.0022862650807561986, 0.0022136277472448837, 0.002164257269477896, 0.002130977170815761, 0.0021094420148804606, 0.0020970425853568423, 0.002092230383131978, 0.002094107695171873, 0.0021021825000174686, 0.0021162240821773243, 0.0021361794405941694, 0.002162126208586479, 0.002194247541028929, 0.002232820462980058, 0.0022782127742354266, 0.002330885815690516, 0.002391401684264998, 0.002460434314811963, 0.002538784336109996, 0.0026273979980775725, 0.0027273907338862076, 0.0028400762199890846, 0.0029670020632484766, 0.0031099936061762994, 0.003271207724866996, 0.0034531990266293794, 0.003659001466102576, 0.0038922292295772852, 0.004157201728170424, 0.004459098855642137, 0.004804154260813932, 0.005199896456917377, 0.005655450108662454, 0.006181913040524971, 0.006792828361106687, 0.0075047758557089585, 0.008338112362259611, 0.009317897405203378, 0.01047504758463116, 0.011847770991265057, 0.013483340284621939, 0.015440269087558208, 0.01779095866016708, 0.020624877676078526, 0.02405232234145231, 0.028208771211318068, 0.03325978995460842, 0.039406346353732975, 0.04689025270974107, 0.055999251201835465, 0.06707098888393569, 0.08049479455218032, 0.09670978438988928, 0.1161974286039627, 0.13946637915277818, 0.16702720477561364, 0.1993548562322531, 0.2368373762245993, 0.27971075053119904, 0.3279819910333758, 0.38134552856203885, 0.4391015406864348, 0.5000884194198028, 0.5626443742132627, 0.6246141183785844, 0.6834146472836731, 0.7361685303534137, 0.7799038446679019, 0.8118078075680323, 0.829508359347255, 0.831347296574788, 0.8166031901408551, 0.7856246863870072, 0.7398457379808363, 0.6816724988139272, 0.6142535459617529, 0.5411658727841827, 0.4660637919008854, 0.392342969965159, 0.3228662636292998, 0.2597835986537696]
6.6500457189488325	2.066591234689838	[0.20521085915700832, 0.15826429495484656, 0.1195825418695729, 0.08863311125929528, 0.0645537957957641, 0.04631210654534035, 0.03283775675609522, 0.023119347798603238, 0.016264404395066757, 0.011527523332526414, 0.00831433709732257, 0.006169626155664651, 0.0047569664350352306, 0.003835550276156212, 0.003237901953836841, 0.002850528654576531, 0.002598290091893184, 0.002432458350947976, 0.0023220030872584656, 0.0022474703050311194, 0.002196822048656276, 0.0021626884361021165, 0.0021405971138261084, 0.002127856969070613, 0.0021228674836932604, 0.0021246984821780245, 0.002132838181528471, 0.00214704436935704, 0.002167257990662012, 0.002193554320087238, 0.002226116783402221, 0.002265224688170507, 0.002311249785970024, 0.002364658885476889, 0.002426021030835515, 0.002496018640081559, 0.002575462480248737, 0.002665310778132727, 0.002766693017592731, 0.002880939299296154, 0.0030096163879241022, 0.0031545719571032717, 0.003317988908176973, 0.0035024521944961554, 0.0037110311764272587, 0.003947381386967207, 0.004215870559038394, 0.004521735105041225, 0.004871274809876185, 0.005272095594475129, 0.0057334126931394514, 0.006266429808682946, 0.006884813610053002, 0.007605287696417959, 0.008448375626919052, 0.009439329140060146, 0.010609284752022, 0.011996699589928663, 0.013649124407093722, 0.01562537751788027, 0.017998185252145922, 0.02085735001554585, 0.02431349083565973, 0.02850236794446988, 0.03358974322984921, 0.03977663329596884, 0.047304668783843026, 0.0564610731559367, 0.06758250728993057, 0.08105669595139658, 0.09732037269296348, 0.1168516937680291, 0.14015494967398226, 0.16773526086196483, 0.20006113054037766, 0.2375134247440639, 0.28032072697507343, 0.32848319021462813, 0.3816899577201941, 0.4392387141136936, 0.49996943498228175, 0.5622271195061765, 0.6238691858022246, 0.682331255415715, 0.7347595181017952, 0.7782087041739838, 0.8098928200321989, 0.8274632317429895, 0.829278243607116, 0.8146230765879074, 0.7838414930384483, 0.7383510722213007, 0.6805319963349531, 0.6135007391468794, 0.5408004746836281, 0.4660545063744378, 0.39263409387623877, 0.32338670220270477, 0.2604566132290071]
6.625324359398837	2.0765876008071493	[0.20596359538793096, 0.15903423056494598, 0.12032009915957571, 0.08930425599753614, 0.0651392572137093, 0.04680504075791247, 0.03324062509386467, 0.023440683582997664, 0.016515948552354824, 0.011721991003051753, 0.008463887256679351, 0.00628497212963352, 0.00484699277895613, 0.003907280412773368, 0.0032966745984303134, 0.0029002719542348793, 0.002641817690724399, 0.0024717427316550368, 0.0023584052817909673, 0.002281920593021053, 0.002229955210999303, 0.002194941038016765, 0.0021722753086021256, 0.0021591825292654777, 0.0021540084558199857, 0.0021557892875600747, 0.0021639927186551705, 0.0021783645400664845, 0.002198839337602316, 0.002225489840186529, 0.0022584996527806244, 0.002298150327501907, 0.0023448175821190785, 0.002398973735340215, 0.0024611948565944623, 0.0025321719445945677, 0.002612726033442204, 0.002703827474593219, 0.0028066199830660524, 0.002922450286721985, 0.0030529045485090337, 0.003199853042139426, 0.003365505007887459, 0.0035524760951473264, 0.0037638714738430956, 0.004003388472631113, 0.004275443658978494, 0.0045853305299007685, 0.004939415644478895, 0.005345383026249087, 0.005812539247420709, 0.006352194705235764, 0.006978140501703382, 0.007707244933213053, 0.008560199164710095, 0.009562447951181666, 0.010745348399605528, 0.012147607073223998, 0.01381705283580863, 0.015812808080548045, 0.01820792276443513, 0.021092530374010182, 0.024577568591824445, 0.028799073135260117, 0.03392299353303891, 0.0401503837079462, 0.04772267799824109, 0.05692656309991762, 0.0680976926312523, 0.08162216376620206, 0.09793430300257996, 0.11750892936854691, 0.1408459531273352, 0.16844503573731234, 0.20076823473827368, 0.23818925759835335, 0.28092932295671585, 0.32898178168305536, 0.38203056305031546, 0.4393709416674545, 0.49984455834559544, 0.5618032681127673, 0.6231172307825158, 0.6812406903725937, 0.733343409053548, 0.7765066836288499, 0.8079712007467434, 0.8254116457876646, 0.8272027548772972, 0.8126363769995596, 0.7820514345101839, 0.7368492383376019, 0.6793841434803838, 0.6127406698572886, 0.5404282888850732, 0.46603934760982657, 0.39292067196323055, 0.3239042326252984, 0.2611285103118236]
6.600602999848841	2.0866793567706434	[0.2067169391614868, 0.15980636039155002, 0.12106111928051351, 0.08997974260137463, 0.0657295373739202, 0.04730290601311816, 0.03364824360827544, 0.023766382803249136, 0.016771350164300338, 0.011919765761442389, 0.008616206238711855, 0.006402598019824981, 0.004938879049242621, 0.003980525644541945, 0.003356689403265276, 0.00295104807767754, 0.0026862215666583274, 0.0025117889245957373, 0.002395486990325607, 0.0023169921989694177, 0.002263669003281893, 0.0022277462999699136, 0.0022044872172710585, 0.002191029437866069, 0.002185663127991447, 0.002187389758676778, 0.0021956556181244005, 0.0022101940696957322, 0.0022309329369187346, 0.0022579422866550207, 0.002291405729390101, 0.0023316070926776918, 0.002378926003481884, 0.0024338403985925175, 0.0024969333864767614, 0.002568904707096654, 0.0026505857307746704, 0.0027429591428254074, 0.0028471830129139465, 0.0029646209602590687, 0.003096878730400561, 0.0032458495287184157, 0.0034137691909484074, 0.003603284478435536, 0.0038175367141248706, 0.004060265542601624, 0.004335936812273455, 0.004649901749892871, 0.005008594250781348, 0.005419777225745472, 0.005892849262237855, 0.006439228371580612, 0.007072830848086986, 0.007810670689678622, 0.008673607404820814, 0.009687279709797924, 0.010883265781336957, 0.012300522187062304, 0.013987155652149027, 0.016002592236991128, 0.01842020372073869, 0.021330452263824743, 0.024844589548681118, 0.029098920894149487, 0.03425957425129315, 0.04052762976914231, 0.048144310039599125, 0.05739574752691362, 0.06861656656784729, 0.08219121404775843, 0.09855158396549032, 0.1181691361170563, 0.1415393807216198, 0.16915651127951653, 0.2014761404960199, 0.23886483751976376, 0.2815364923548558, 0.32947771284288135, 0.38236728630485656, 0.43949816236034966, 0.4997137266129392, 0.5613727577460991, 0.6223581917202536, 0.6801428927509258, 0.7319201451787024, 0.7747977270111135, 0.8060428944879454, 0.8233535473320249, 0.8251207761577316, 0.8106430371198857, 0.7802544553413711, 0.7353401793438857, 0.6782288806262627, 0.611973275721339, 0.5400492502836731, 0.4660182492604118, 0.39320263895023166, 0.32441879430430703, 0.2617992379945288]
6.575881640298846	2.096867825957406	[0.2074708503854641, 0.16058066034812796, 0.12180559594377004, 0.09065958261696451, 0.06632466412672453, 0.04780574331455885, 0.034060662787553486, 0.024096501134790203, 0.017030666531672182, 0.012120903164727331, 0.00877134587264178, 0.006522550297328398, 0.0050326660703221655, 0.00405532090635047, 0.003417976150977759, 0.0030028820571994675, 0.0027315230497152562, 0.0025526150418131613, 0.0024332640520014015, 0.0023526990121837143, 0.0022979760797631633, 0.002261115774803962, 0.0022372437978229022, 0.0022234080571565153, 0.002217841628224878, 0.0022195097154000393, 0.0022278366632251544, 0.0022425426006791316, 0.002263548508543072, 0.0022909213457580203, 0.0023248448527862817, 0.00236560486929693, 0.0024135851501358658, 0.002469269090339748, 0.0025332471087518627, 0.0026062275978982804, 0.0026890525784684046, 0.0027827170411987736, 0.0028883937723988905, 0.0030074633139943125, 0.003141551417049306, 0.003292574315153788, 0.0034627949419509204, 0.003654891341569486, 0.003872041594867245, 0.004118027918281893, 0.004397366174238568, 0.004715465669170245, 0.005078828520624132, 0.005495296970209202, 0.005974362674312696, 0.006527551770492226, 0.00716890695300634, 0.007915588423768815, 0.008788625318521754, 0.009813850624985817, 0.011023064745900911, 0.012455474001795731, 0.014159463583232373, 0.016194761732384943, 0.018635061333653214, 0.0215711493996674, 0.025114588360811253, 0.029401945396563683, 0.03459951948903413, 0.04090840351707129, 0.048569595280571705, 0.057868652505490024, 0.06913915138089446, 0.08276386207336528, 0.09917222476197342, 0.11883231356519378, 0.14223522411083472, 0.16986966783323512, 0.20218481986687006, 0.23954012540324301, 0.282142189411945, 0.32997092906863607, 0.38270006961475994, 0.4396203131074118, 0.4995768772822091, 0.5609355240616353, 0.6215920073902033, 0.6790378012078871, 0.7304896687423509, 0.7730817765276116, 0.8041078461931555, 0.8212888806465863, 0.8230322532108143, 0.8086430013029182, 0.7784504998732938, 0.7338238370282717, 0.6770661477584267, 0.6111984932554693, 0.5396632931895495, 0.46599114392147434, 0.39347992879502025, 0.32493032562150204, 0.2624687435049849]
6.55116028074885	2.1071543554733814	[0.20822528813160962, 0.16135710553916863, 0.1225535221946069, 0.09134378723918167, 0.06692466506338642, 0.04831359389297026, 0.03447793335005491, 0.024431095003732386, 0.01729395556400051, 0.012325459837597459, 0.008929358757706955, 0.006644876574846329, 0.005128395398149058, 0.004131702173148549, 0.003480565207427822, 0.0030557997890666073, 0.0027777438849920406, 0.0025942398851025775, 0.002471752585164335, 0.00238905547447717, 0.002332889284848176, 0.0022950614725002517, 0.002270556149601605, 0.0022563291446818018, 0.002250554204660212, 0.0022521593340060764, 0.0022605457525070784, 0.002275420107970018, 0.002296695891612294, 0.002324437022324349, 0.0023588269900992383, 0.002400153854697659, 0.0024488052602635066, 0.0025052703363126873, 0.00257014666144183, 0.002644151601895613, 0.002728137744848188, 0.0028231127515252925, 0.0029302641018051885, 0.00305098967932879, 0.003186935280358452, 0.003340040656309533, 0.0035125959477550817, 0.003707311063463653, 0.0039274010298111115, 0.0041766913345981345, 0.004459748129590656, 0.004782039644792203, 0.005150136586615243, 0.005571961537755463, 0.006057099668424036, 0.00661718642317115, 0.007266391367968685, 0.00802202221980416, 0.008905278111242663, 0.00994218761075527, 0.011164773341139224, 0.012612492381129596, 0.014334007487219847, 0.016389349201223286, 0.018852528830280556, 0.021814656484841457, 0.0253875995141782, 0.029708181903336222, 0.03494286291417199, 0.041292738162767594, 0.04899856329210198, 0.05834530535358423, 0.06966546808888638, 0.08334012443577986, 0.09979623277725538, 0.11949846264660216, 0.14293347260137143, 0.17058448720600886, 0.2028942420547459, 0.24021508370766165, 0.2827463651415186, 0.33046137740376136, 0.3830288516725226, 0.4397373325596359, 0.4994339443853103, 0.5604915044289099, 0.6208186132378333, 0.6779253559723023, 0.7290519189484614, 0.7713587756986497, 0.8021659980971725, 0.8192175909749085, 0.8209371294953819, 0.8066362144956233, 0.7766395105290477, 0.7323001533881421, 0.6758958832681072, 0.6104162588193023, 0.5392703505485591, 0.46595796369771536, 0.39375247423780746, 0.32543876421035534, 0.2631369729965916]
6.526438921198855	2.1175403166700053	[0.20898021048637327, 0.1621356702677159, 0.12330489046175923, 0.09203236715725968, 0.06752956770417247, 0.048826498948822725, 0.03490010653010263, 0.024770221268107996, 0.01756127613274403, 0.012533493120174294, 0.009090298657344674, 0.0067696252391871116, 0.005226109731722702, 0.004209706089848404, 0.003544487930718986, 0.0031098276708738937, 0.0028249066245383168, 0.0026366825992207212, 0.0025109693528698163, 0.0024260762556925696, 0.002368421987641235, 0.002329595562032817, 0.0023044358158537757, 0.002289803582870176, 0.0022838114974878536, 0.0022853489037678878, 0.0022937931440373863, 0.002308836680163503, 0.002330385264916532, 0.0023584994419348308, 0.0023933624369855857, 0.0024352643772121395, 0.002484596896082601, 0.0025418548049687332, 0.002607643007724135, 0.002682687859218214, 0.0027678527297192224, 0.00286415802386669, 0.0029728061844000366, 0.003095212569345484, 0.003233043352137554, 0.0033882620024799723, 0.003563186277943699, 0.0037605582322824713, 0.003983630344812708, 0.004236271749077268, 0.004523099512009318, 0.0048496412682668185, 0.0052225370756686495, 0.005649790449478702, 0.006141080978624586, 0.0067081540960022045, 0.007365307259409832, 0.008129996398415064, 0.009023591680414255, 0.010072317790276005, 0.011308420395390383, 0.012771607342117295, 0.014510819101464328, 0.016586387332769324, 0.019072640422875407, 0.022061008118461154, 0.02566365858834283, 0.03001766533244782, 0.035289639393222653, 0.04168066623935799, 0.049431244940297915, 0.058825732273149196, 0.07019553909273106, 0.08392001608343987, 0.1004236168630449, 0.12016758207152738, 0.14363411705908719, 0.1713009484175549, 0.2036043779348484, 0.24088967163167904, 0.2833489723527389, 0.3309490013166854, 0.3833535730704021, 0.43984915566873445, 0.49928486388533444, 0.5600406325809117, 0.6200379465518836, 0.6768054938584513, 0.7276068366227176, 0.7696286649716622, 0.8002172937245723, 0.8171396209004175, 0.8188353493623988, 0.8046226194130476, 0.7748214302066443, 0.730769068578328, 0.6747180256177728, 0.609626507236422, 0.5388703550036543, 0.4659186393634242, 0.3940202073939011, 0.32594404651989417, 0.263803871797056]
6.501717561648859	2.1280271056740037	[0.2097355746377087, 0.16291632799922728, 0.12405969248919185, 0.09272533264864387, 0.06813939932955675, 0.049344499838671486, 0.03532723384858116, 0.025113937470552506, 0.01783268780854407, 0.012745061365254327, 0.009254220220292398, 0.006896845772749806, 0.005325852628742849, 0.004289370298796716, 0.0036097763890554618, 0.0031649929205416955, 0.0028730343539081944, 0.0026799629726394466, 0.002550931503732366, 0.002463776530837693, 0.0024045878412785617, 0.002364730622933915, 0.0023388945638504253, 0.0023238426054528675, 0.002317624340258797, 0.0023190890301748985, 0.002327589276729734, 0.0023428027023620042, 0.0023646269859933875, 0.002393119016750482, 0.0024284616716031588, 0.0024709470484667894, 0.0025209708095133123, 0.0025790334498107773, 0.0026457473099860697, 0.0027218478011026993, 0.0028082092434435287, 0.002905864909526998, 0.003016032427056795, 0.0031401448126308754, 0.003279888902547831, 0.003437252138089311, 0.003614580256888484, 0.003814647793679345, 0.004040745138530768, 0.004296785505271517, 0.00458743744720501, 0.004918288551293442, 0.00529604892637083, 0.00572880368680512, 0.006226327669173417, 0.006800477061862465, 0.0074656781387504, 0.008239535838355242, 0.009143592275152998, 0.01020426890036898, 0.0114540350806448, 0.012932849571758866, 0.014689930474568878, 0.016785909538094054, 0.019295430565271617, 0.022310239661405582, 0.02594280128199684, 0.030330431382611846, 0.03563988372094767, 0.04207222105013703, 0.04986767074938945, 0.059309960192175395, 0.07072938610353927, 0.08450355261849089, 0.10105438477671679, 0.12083967112100834, 0.14433714683799082, 0.17201903099113852, 0.20431519649860097, 0.2415638488483774, 0.2839499616995278, 0.33143374476144966, 0.3836741721046736, 0.4399557178978899, 0.4991295694364966, 0.5595828427610487, 0.6192499424016583, 0.675678152130618, 0.7261543605326655, 0.7678913851177106, 0.798261674747063, 0.8150549131531429, 0.8167268555310421, 0.8026021587119986, 0.7729962003796418, 0.729230522481317, 0.673532512010233, 0.6088291728417938, 0.5384632380381693, 0.46587310099101503, 0.3942830592638971, 0.3264461081277493, 0.2644693841854746]
6.476996202098864	2.1386161439306552	[0.2104913368289673, 0.16369905135310214, 0.12481791933300151, 0.09342269353608618, 0.06875418700992146, 0.04986763801461244, 0.035759367170453624, 0.02546230177246485, 0.018108250941895828, 0.0129602238735778, 0.0094211790774683, 0.007026588691249855, 0.0054276686101584915, 0.00437073337892163, 0.0036764634650887414, 0.003221323515962176, 0.0029221507908084423, 0.002724101377937484, 0.002591656662069269, 0.002502171922391469, 0.002441400863809306, 0.002400479590885512, 0.00237394445693758, 0.0023584577473536863, 0.0023520038240829795, 0.002353390589564652, 0.002361944827855418, 0.0023773288154704587, 0.0023994316431424248, 0.0024283064090210187, 0.0024641354022840933, 0.0025072127304341866, 0.002557937986613901, 0.0026168174792022083, 0.0026844709720810554, 0.0027616431216383403, 0.002849219248048849, 0.002948245733860118, 0.00305995550125599, 0.003185799526221366, 0.0033274854820905656, 0.0034870251537521, 0.0036667925079424354, 0.003869595020769775, 0.004098761330247542, 0.00435824929915995, 0.004652779406117403, 0.00498799988667688, 0.005370691449787401, 0.005809021644366247, 0.006312861205865149, 0.006894178041495037, 0.007567527948115687, 0.00835066590165023, 0.009265306601534877, 0.010338069193994983, 0.011601647044242332, 0.013096250298173354, 0.014871374133540819, 0.01698794977853949, 0.019520934167119718, 0.02256238700756333, 0.026225063688763428, 0.030646516229668977, 0.035993630974908104, 0.04246743627005315, 0.050307871354058335, 0.059798016250547766, 0.0712670307116109, 0.08509074964870796, 0.10168854388237432, 0.12151472885328836, 0.14504255062079452, 0.172738714014591, 0.20502666582811171, 0.2422375744370857, 0.28454928276644087, 0.33191555101481596, 0.3839905859324865, 0.4400569540152832, 0.49896799355682075, 0.5591180685345654, 0.6184545347630511, 0.6745432673940825, 0.7246944284073765, 0.7661468762530862, 0.7962990818504169, 0.8129634097946478, 0.8146115897780407, 0.8005747743516107, 0.7711637616081466, 0.7276844542376117, 0.6723392787402652, 0.6080241891621833, 0.5380489301970933, 0.46582127775284565, 0.3945409598541417, 0.326944883631861, 0.2651334534375558]
6.452274842548868	2.149308878760853	[0.2112474523020636, 0.16448381207278182, 0.12557956135443604, 0.09412445913095951, 0.06937395763861141, 0.05039595495503719, 0.036196558769780285, 0.025815372881214767, 0.01838802675269851, 0.013179040822114456, 0.009591231947855664, 0.007158905474113277, 0.005531603273550748, 0.004453834777448493, 0.003744582968875342, 0.0032788481273656202, 0.0029722803920457035, 0.002769118705192865, 0.002633163025915134, 0.0025412784359492686, 0.002478875526436431, 0.0024368556970211204, 0.0024095979334075287, 0.0023936607886795576, 0.0023869613681263336, 0.002388264678248047, 0.0023968707763774803, 0.002412425870358794, 0.002434810112849398, 0.0024640724897960647, 0.0025003946202761065, 0.0025440724979694006, 0.00259550969682006, 0.002655218321883004, 0.0027238256862049293, 0.0028020857453575077, 0.0028908950028582207, 0.002991313064986343, 0.0031045883885968428, 0.003232190084436098, 0.003375846968192006, 0.0035375954141027366, 0.003719838002420914, 0.003925415479650581, 0.004157695212791732, 0.0044206801407516245, 0.004719143263668032, 0.005058794003956552, 0.005446484396430172, 0.005890465076945671, 0.006400703534303938, 0.006989280138136633, 0.007670881153975917, 0.008463412350996631, 0.009388761936956617, 0.01047374733381973, 0.011751286550988444, 0.013261841151552016, 0.015055183262783173, 0.01719254238265929, 0.019749186821313196, 0.022817486342455093, 0.026510482587219362, 0.030965956209806873, 0.036350916884596705, 0.04286634553451294, 0.05075187796560259, 0.06028992727538719, 0.07180849496699983, 0.08568162213339012, 0.10232610185941475, 0.12219275331140406, 0.1457503172608993, 0.17345997521209025, 0.2057387540638462, 0.24291080583638214, 0.2851468851371377, 0.33239436154306246, 0.38430275169836337, 0.4401527969212253, 0.49880006875679506, 0.5586462416327038, 0.6176516575906856, 0.6734007745170338, 0.723226977903583, 0.7643950768944628, 0.7943294555616346, 0.8108650514445768, 0.8124894936087488, 0.7985404070018918, 0.7693240540479468, 0.7261308018190618, 0.671138261545724, 0.607211488621399, 0.5376273612965705, 0.46576309772613944, 0.39479383827362097, 0.3274403065321067, 0.26579602184406503]
6.4275534829988725	2.160106783932481	[0.21200387532475196, 0.16527058101369352, 0.1263446081816538, 0.09483063826915297, 0.06999873785219184, 0.05092949223853714, 0.0366388612293488, 0.026173210156370284, 0.018672077223343436, 0.013401573395367771, 0.009764436531645052, 0.007293848710871873, 0.00563770318793143, 0.0045387149607990914, 0.0038141695343251224, 0.003337596264106331, 0.0030234482521489512, 0.002815036499214755, 0.002675469269279777, 0.002581112585406867, 0.002517026661216011, 0.002473872580620905, 0.002445867721087806, 0.0024294638556582255, 0.0024225086418093902, 0.0024237227029935767, 0.0024323783327283187, 0.002448105009434808, 0.00247077349652998, 0.0025004284131996323, 0.002537250542467571, 0.0025815377073920434, 0.002633697440465495, 0.0026942476914290363, 0.0027638233839306484, 0.002843187889109281, 0.0029332490177049714, 0.0030350797746150717, 0.0031499443347974576, 0.0032793301802365913, 0.0034249875184815368, 0.0035889776214141603, 0.003773732010448625, 0.003982125097245028, 0.004217563398911486, 0.004484095428518654, 0.004786547238101475, 0.005130690053381692, 0.005523447885247392, 0.005973155196798053, 0.006489876994131954, 0.007085806953171474, 0.007775762640683898, 0.008577801490361064, 0.009513985994994152, 0.010611332566511287, 0.011902984308649788, 0.013429654383643316, 0.015241391476177315, 0.017399722325694422, 0.01998022450467598, 0.023075574501223734, 0.026799095048065408, 0.03128878827826542, 0.036711777319355224, 0.043268983023793485, 0.051199721712970624, 0.06078572051677632, 0.07235380054747241, 0.08627618529279776, 0.10296706567775472, 0.12287374262011051, 0.14646043455823662, 0.17418279222750527, 0.20645142799409877, 0.2435835002925268, 0.28574271683493135, 0.33287011757129004, 0.3846106048879321, 0.4402431792729049, 0.4986257258864209, 0.558167293552458, 0.616841243243067, 0.6722506081201839, 0.7217519451824969, 0.7626359252622877, 0.7923527350284784, 0.8087597783462241, 0.8103605072657668, 0.7964989968556861, 0.767477016693845, 0.7245695026067122, 0.6699293950736787, 0.6063910029245935, 0.5371984600840325, 0.4656984881265517, 0.3950416225458586, 0.3279323093474241, 0.2664570306290531]
6.402832123448877	2.1710113602465597	[0.21276055914682102, 0.16605932812284466, 0.1271130487070854, 0.09554123926160664, 0.0706285540604613, 0.05146829148034994, 0.037086327498588506, 0.026535873542934144, 0.01896046517990601, 0.0136278837210622, 0.009940851607922914, 0.007431472040287134, 0.005746015999475865, 0.004625415355766447, 0.0038852587250091815, 0.0033975982165549536, 0.003075680203563613, 0.00286187690203818, 0.00271859463376947, 0.002621691337009879, 0.002555869543289589, 0.0025115442360202373, 0.002482766910633818, 0.002465879371452169, 0.0024586576301856406, 0.002459776336268032, 0.002468478997483953, 0.002484377626316743, 0.002507333173720456, 0.0025373855801567617, 0.0025747146602650957, 0.002619619963653427, 0.002672512994455672, 0.0027339175561209637, 0.0028044762797364143, 0.0028849620338279786, 0.0029762940953452772, 0.0030795590108668395, 0.003196036892028283, 0.003327233798197719, 0.0034749216141360863, 0.0036411867877114744, 0.00382849014652145, 0.004039740131380785, 0.004278382870458596, 0.0045485129159869445, 0.004855009945503562, 0.0052037075671502245, 0.005601602465638286, 0.006057113627068244, 0.00658040439133186, 0.007183782528413582, 0.007882197796726255, 0.008693860091636188, 0.009641007030427, 0.01075085462771559, 0.012056771598085844, 0.013599722742989321, 0.015430032980534686, 0.01760952506459018, 0.020214083785151497, 0.023336688750264612, 0.027090938697827163, 0.031615049721833, 0.03707624862350399, 0.04367538308884489, 0.051651434065525546, 0.06128542316921337, 0.07290296928462227, 0.08687445401034193, 0.10361144223962557, 0.12355769426041362, 0.14717289002178074, 0.17490714177349034, 0.20716465393169944, 0.24425561389923237, 0.2863367252922739, 0.33334275904509947, 0.38491408035317737, 0.4403280324124926, 0.49844489516696394, 0.5576811545038408, 0.6160232234667199, 0.6710927015965698, 0.7202692657969099, 0.7608693584185076, 0.7903688587732731, 0.8066475296520323, 0.8082245703307572, 0.7944504830721851, 0.7656225878281652, 0.723000492983968, 0.6687126131882449, 0.605562662779863, 0.5367621544271044, 0.46562737513183516, 0.3952842397043848, 0.32842082351618074, 0.26711641997663604]
6.378110763898881	2.182024136138348	[0.21351745598846036, 0.16685002241273983, 0.12788487104817703, 0.09625626990044112, 0.07126343239372823, 0.05201239436625949, 0.03753901083780739, 0.026903423629353194, 0.019253254239557892, 0.013858034947131156, 0.010120536986995665, 0.007571830239063726, 0.00585659038732513, 0.004713978442028822, 0.0039578869911765435, 0.0034588851458934497, 0.003129002773584758, 0.0029096627360175316, 0.0027625588855542445, 0.002663032184167543, 0.0025954198488956194, 0.0025498850791726337, 0.002520308915750611, 0.0025029201153012825, 0.0024954205972158175, 0.0024964375690661993, 0.002505184528058224, 0.0025212554134812345, 0.0025445007721411526, 0.0025749556819265954, 0.002612798712685839, 0.00265833116074277, 0.0027119683878785755, 0.0027742401771445615, 0.002845796848535254, 0.002927420961403437, 0.003020043310257586, 0.003124764234672302, 0.003242879898289222, 0.0033759152513119697, 0.003525664039078929, 0.0036942382729210767, 0.0038841283476630933, 0.004098277211343615, 0.0043401709544645395, 0.004613950755947804, 0.004924550372487153, 0.005277866508820103, 0.005680969085034394, 0.0061423624583621, 0.006672308958420595, 0.007283231412364922, 0.007990212464443853, 0.00881161547388424, 0.009769853774314701, 0.010892343838593561, 0.012212680188095796, 0.013772079594341595, 0.015621142462873805, 0.017821986687413933, 0.020450801672144164, 0.023600866975493903, 0.027386051520815625, 0.03194477839653773, 0.03744436735675752, 0.044085580550332494, 0.05210704649804535, 0.06178906274434389, 0.07345602274071084, 0.0874764432900033, 0.10425923785924515, 0.12424460561867558, 0.14788767024979257, 0.17563300027192186, 0.20787839700199692, 0.244927102318435, 0.28692885656459227, 0.33381222540822775, 0.38521311148099024, 0.44040728716697225, 0.4982575053517497, 0.5571877541911796, 0.6151975285915737, 0.6699269878351949, 0.7187788739625292, 0.7590953129020321, 0.7883777640729569, 0.8045282439519413, 0.8060816212301308, 0.7923948041897774, 0.763760704650083, 0.7214237086342815, 0.6674878487067434, 0.6047263980895718, 0.5363183711341415, 0.4655496839836804, 0.39552161567774724, 0.32890577943036814, 0.2677741289656631]
6.353389404348886	2.1931466682941956	[0.21427451699913752, 0.16764263194686294, 0.12866006256399312, 0.09697573739159777, 0.0719033987623662, 0.05256184255470275, 0.03799696491377267, 0.027275921536829045, 0.01955050893622524, 0.01409209112877345, 0.010303553657455377, 0.007714979110633653, 0.005969476221240006, 0.004804447643119301, 0.0040320918277140195, 0.0035214889772074683, 0.003183443335058442, 0.0029584173998775097, 0.002807382454558082, 0.0027051530480961656, 0.0026356937815030334, 0.0025889098545918434, 0.0025585075864563186, 0.00254059913693425, 0.002532810187269506, 0.0025337186331944317, 0.002542507029967192, 0.0025587502921202462, 0.0025822882503979236, 0.002613150636727945, 0.0026515147621930294, 0.0026976834239712333, 0.002752075972640024, 0.002815228055264621, 0.002887797892732829, 0.0029705777043980658, 0.0030645100737204814, 0.0031707091711288883, 0.003290487542123003, 0.0034253891324986913, 0.0035772299460300433, 0.0037481477348935617, 0.003940662942694678, 0.004157753284515729, 0.0044029453978178396, 0.004680427441402004, 0.00499518795894, 0.005353187205630856, 0.005761569183073559, 0.0062289241686179055, 0.006765614464375244, 0.007384178562551649, 0.00809983307137124, 0.008931095381334504, 0.00990055559418977, 0.01103583095040191, 0.012370742534195433, 0.013946758717862388, 0.015814755340332824, 0.01803714365175808, 0.02069041593338023, 0.023868147340737292, 0.027684472262153478, 0.03227801228319313, 0.03781617080558516, 0.04449961012600964, 0.052566591134102836, 0.06229666634477306, 0.07401298300647506, 0.08808216735518228, 0.10491045923189297, 0.12493447289858457, 0.1486047620759802, 0.1763603425827279, 0.2085926224553789, 0.24559791935066347, 0.2875190567779729, 0.3342784540622487, 0.38550763172372693, 0.4404808722648944, 0.498063485269888, 0.5566870202651324, 0.6143640890086516, 0.668753397783393, 0.7172807038926102, 0.7573137234606961, 0.7863793880899217, 0.8024018582120743, 0.80393159813026, 0.7903318972871707, 0.761891303937208, 0.7198390839221432, 0.6662550338563039, 0.6038821375319893, 0.5358670362454014, 0.46546533873615054, 0.3957536754515868, 0.329387106308936, 0.26843009563142384]
6.32866804479889	2.204380542284145	[0.21503169227430918, 0.16843712381189557, 0.12943860977546565, 0.09769964842032003, 0.07254847871681791, 0.05311667781230555, 0.038460243625105264, 0.027653429107032224, 0.01985229452869488, 0.014330117452485101, 0.010489963587507015, 0.007860975729868535, 0.006084724361877991, 0.004896867577090635, 0.004107911576861964, 0.0035854426441057005, 0.0032390299146391327, 0.003008165099189454, 0.0028530862514731447, 0.0027480724898734155, 0.0026767079004628154, 0.002628633827645054, 0.0025973770513107613, 0.0025789299296823903, 0.0025708392816394866, 0.0025716321569038817, 0.0025804588271841015, 0.002596874552580151, 0.0026207077808625173, 0.002651982717538661, 0.00269087508823614, 0.002737689227771715, 0.0027928483255033765, 0.0028568940412610124, 0.002930492450468864, 0.003014445651729597, 0.003109708045882164, 0.0032174079130497216, 0.0033388742760448236, 0.0034756704187307646, 0.0036296347686472076, 0.003802931237043174, 0.003998110560109215, 0.004218185730868453, 0.004466724267350844, 0.004747961930895617, 0.005066942485965602, 0.005429690489643987, 0.0058434245618094295, 0.006316821786408746, 0.00686034505978033, 0.0074866495392901565, 0.008211086440576344, 0.009052328218542237, 0.0100331422566082, 0.011181347435425799, 0.012530991476211636, 0.014123794674571796, 0.016010907370483565, 0.018255033248663125, 0.02093296458968951, 0.024138568879862755, 0.027986239772676013, 0.03261479024306144, 0.03819169613878837, 0.04491750738930257, 0.05303009967063217, 0.06280826186550986, 0.07457387135601112, 0.08869164112741283, 0.10556511179118057, 0.12562729289740196, 0.1493241506213046, 0.17708914407365792, 0.20930729343479668, 0.24626801926089878, 0.2881072696684369, 0.3347413828732872, 0.3857975720011461, 0.4405487169151613, 0.49786276120943235, 0.5561788808456943, 0.6135228326663711, 0.6675718627887687, 0.715774687532876, 0.755524525110699, 0.784373665942647, 0.8002683094868993, 0.801774437394677, 0.7882616993221017, 0.7600143208881295, 0.7182465528662187, 0.6650140994589487, 0.6030298092047909, 0.5354080744979551, 0.46537426262599424, 0.3959803427510782, 0.32986473236043057, 0.26908425681341525]
6.303946685248895	2.215727373211263	[0.21578893078744255, 0.16923346409789805, 0.13022049840551483, 0.09842800903827126, 0.07319869756582593, 0.05367694184288853, 0.03892890128034917, 0.028036008699967727, 0.02015867722425563, 0.014572180020495882, 0.010679829979169034, 0.008009878223810888, 0.0062023869295586035, 0.004991283838547265, 0.004185385696928326, 0.0036507798754787796, 0.0032957914504285228, 0.0030589306412329652, 0.0028996919076019283, 0.0027918095167150125, 0.0027184793400501115, 0.0026690726048457397, 0.0026369319152856827, 0.002617926266171905, 0.0026095211764972617, 0.0026101910160503975, 0.0026190526223498563, 0.0026356407199615945, 0.0026597718947666965, 0.0026914644303524748, 0.0027308923200464632, 0.002778361284389805, 0.002834298371445234, 0.002899251232613026, 0.00297389391237121, 0.003059038450805449, 0.003155651248737168, 0.003264874825922544, 0.003388054928614909, 0.003526774376052929, 0.0036828943357322514, 0.003858605150393198, 0.004056488247782772, 0.004279592258540451, 0.0045315260789883, 0.004816573533404127, 0.005139834219267126, 0.00550739756661093, 0.005926557549388269, 0.006406078736886059, 0.00695652546863922, 0.007590670319572139, 0.008324000020900724, 0.009175342820060887, 0.010167644209376365, 0.01132892519630147, 0.012693460590254854, 0.014303222434146369, 0.016209635095977122, 0.018475693121699197, 0.021178486481205672, 0.02441217087335158, 0.028291393731750367, 0.032955151211859095, 0.03857098132730418, 0.04533930773637961, 0.053497604537697335, 0.06332387668968878, 0.07513870968696498, 0.08930487861335018, 0.10622320145974863, 0.12632306106344038, 0.1500458213649762, 0.17781937835477918, 0.2100223733464763, 0.24693735423296878, 0.2886934391942532, 0.3352009474292596, 0.38608286345788473, 0.44061074798510774, 0.497655259693086, 0.5556632617591527, 0.6126736877233683, 0.666382312030968, 0.7142607569583197, 0.7537276508745565, 0.7823605327443968, 0.7981275330351004, 0.7996100752109784, 0.7861841456531323, 0.7581296903369229, 0.7166460480556638, 0.6637649757756872, 0.6021693398933939, 0.5349414098633087, 0.46527637763007595, 0.39620154033809435, 0.33033858455949894, 0.2697365482698636]
6.279225325698899	2.227188806377734	[0.2165461803998301, 0.17003161787616186, 0.1310057133203822, 0.09916082470343628, 0.07385408027554248, 0.05424267637615064, 0.03940299247542356, 0.02842372332200491, 0.020469724048472353, 0.014818346008369312, 0.010873217137645838, 0.0081617459472414, 0.006322517175648514, 0.005087743180170385, 0.004264554636131057, 0.0037175353729346043, 0.0033537576689323255, 0.00311073960167316, 0.0029472216564445535, 0.002836383734588255, 0.0027610256975985686, 0.0027102422715974753, 0.0026771871560455035, 0.002657602321906296, 0.0026488694881593258, 0.0026494084450022705, 0.0026583014110288183, 0.002675061654177796, 0.0026994934047729693, 0.002731608605321273, 0.0027715793663961193, 0.002819712628042241, 0.002876439319220308, 0.002942313052562997, 0.003018015961415978, 0.0031043700833383635, 0.003202354008699305, 0.0033131246223159173, 0.003438044648066389, 0.0035787166344709576, 0.0037370248141260125, 0.003915186230987166, 0.004115813413118636, 0.0043419909860820715, 0.00459736973274755, 0.0048862819981569045, 0.005213883836032436, 0.005586330116769102, 0.006010990915005511, 0.006496718957873643, 0.007054180886381959, 0.007696267434087497, 0.008438601761321798, 0.009300168615776138, 0.010304092423331175, 0.011478596769341086, 0.01285818398608561, 0.014485077628813714, 0.016410975582099432, 0.01869916158748177, 0.021427020925623354, 0.024688993255330225, 0.02859997420255314, 0.033299134716929496, 0.038954064569335985, 0.04576504703982139, 0.05396913816480169, 0.06384353850548638, 0.07570751960145841, 0.08992189390801696, 0.10688473352566676, 0.12702177269929799, 0.1507697588110314, 0.17855101867920556, 0.21073782433146404, 0.24760587594313044, 0.28927750785147915, 0.33565708273668504, 0.38636343568628867, 0.4406668917485036, 0.49744090569036675, 0.5551400882515947, 0.6118165808397994, 0.6651846741146082, 0.7127388428267485, 0.7519230331811163, 0.7803399222814005, 0.7959794634789422, 0.7974384465262414, 0.7840991709399309, 0.7562373459473062, 0.7150375013002813, 0.6625075919358243, 0.601300655500335, 0.5344669651734162, 0.4651716047142067, 0.39641718979113294, 0.33080858875716806, 0.27038690457217357]
6.254503966148904	2.2387665179685046	[0.21730338782999672, 0.17083154917513688, 0.13179423850732336, 0.09989810025533685, 0.07451465145792012, 0.05481392314844375, 0.03988257209587474, 0.02881663661704204, 0.020785502862618, 0.015068683667841046, 0.011070190501622735, 0.008316639494491912, 0.0064451695204152245, 0.005186293528656889, 0.004345459872103209, 0.003785744826398666, 0.0034129591218547426, 0.003163618337246744, 0.002995698365714106, 0.0028818153573613265, 0.002804365060509944, 0.0027521593983962887, 0.002718158146702146, 0.0026979726795272846, 0.002688898172616671, 0.0026892980398877577, 0.0026982184989532356, 0.0027151505528567464, 0.002739885420671084, 0.002772428399720445, 0.00281294943029336, 0.002861756618161327, 0.0029192846754630955, 0.002986093253733524, 0.003062872586753703, 0.0031504548693589525, 0.0032498309704184027, 0.003362172366268127, 0.003488858916351956, 0.0036315131926699597, 0.003792042723215565, 0.003972691624861754, 0.004176103838250894, 0.004405400447570582, 0.004664274528889229, 0.00495710751972716, 0.005289112442310289, 0.005666510299661201, 0.006096747887817448, 0.006588766904041713, 0.00715333700066953, 0.007803467970186124, 0.00855492013407489, 0.009426835631823952, 0.010442518418283017, 0.011630395322210654, 0.013025196336481628, 0.01466939654611901, 0.01661496645029984, 0.01892547762127798, 0.021678607756808577, 0.024969076589139418, 0.028912021676934782, 0.03364678083932659, 0.03934098434298623, 0.04619476159344181, 0.054444733043220096, 0.06436727523005079, 0.07628032248045817, 0.09054270109505695, 0.10754971273135007, 0.12772342283726537, 0.15149594659386778, 0.1792840377946878, 0.21145360738838725, 0.24827353539122557, 0.289859416811903, 0.3361097230368251, 0.3866392168741022, 0.4407170736936463, 0.49721962276674636, 0.5546092847971376, 0.6109514373187328, 0.6639788768868432, 0.7112088745048571, 0.7501106037017684, 0.7783117671191294, 0.7938240346664245, 0.7952594851314277, 0.7820067090341603, 0.7543372202738889, 0.7134208435475744, 0.661241875974298, 0.6004236809825187, 0.533984662135294, 0.4650598637844954, 0.39662721150117003, 0.3312746696422242, 0.2710352590877875]
6.229782606598908	2.2504622157528766	[0.2180604986178415, 0.17163322095541306, 0.13258605706989054, 0.10063983986504337, 0.07518043539224667, 0.055390723841945454, 0.04036769536357805, 0.029214812806164052, 0.02110608243375177, 0.015323262272809193, 0.011270816731458114, 0.008474620652120917, 0.006570399651189143, 0.005286983941395687, 0.004428144011629499, 0.003855444871975946, 0.003473427281100084, 0.003217593943484557, 0.0030451456241879994, 0.0029281251646233763, 0.002848516083950779, 0.002794840999808829, 0.0027598607248138867, 0.0027390522900737142, 0.002729621586944902, 0.0027298737228913694, 0.0027388175571264645, 0.0027559209189616184, 0.0027809613994177534, 0.002813937268786128, 0.002855016055101815, 0.0029045069130749085, 0.0029628482879310697, 0.0030306058941191746, 0.003108478125045605, 0.0031973074449012, 0.0032980971371339416, 0.003412033451992033, 0.0035405135894298052, 0.0036851803970051836, 0.003847964976099539, 0.00403113884650234, 0.004237377723119106, 0.004469839569568188, 0.004732260214078467, 0.005029070712310536, 0.0053655416236584414, 0.0057479607242205775, 0.0061838522138032235, 0.006682247510814877, 0.00725402005665446, 0.00791229952695915, 0.008672984211108395, 0.00955537443328866, 0.010582954354267607, 0.011784354579501709, 0.013194532987911541, 0.014856216031137438, 0.016821646014155662, 0.019154680727873952, 0.021933287493345697, 0.025252461896992245, 0.02922757728531719, 0.0339981299906998, 0.03973177966754014, 0.04662848782380686, 0.05492442204933531, 0.06489511464336976, 0.0768571398792104, 0.09116731379305072, 0.10821814374855038, 0.12842800569322624, 0.15222436803511824, 0.18001840730807542, 0.21216968300677014, 0.24894028218874437, 0.290439106617717, 0.3365588010412183, 0.3869101345355848, 0.44076121773946453, 0.496991333818407, 0.5540707743326047, 0.6100781818078, 0.6627648467271537, 0.7096707807014562, 0.7482902927242929, 0.7762759991391878, 0.7916611791469864, 0.7930731240867845, 0.7799066925635132, 0.7524292450759063, 0.7117960045720205, 0.6599677550456737, 0.5995383401350474, 0.5334944214625731, 0.46494107354948094, 0.39683152473736916, 0.3317367506628279, 0.27168154399403194]
6.205061247048913	2.2622776398046214	[0.21881745710801978, 0.17243659508284873, 0.13338115119053123, 0.1013860470326774, 0.07585145597871532, 0.05597312010517818, 0.04085841779114377, 0.029618316730382125, 0.02143153239617135, 0.015582152181340393, 0.011475163679087505, 0.008635752474088657, 0.0066982644982993686, 0.005389864687085768, 0.004512650768906605, 0.003926673171139488, 0.0035351945166180276, 0.0032726943280446184, 0.0030955877182005983, 0.0029753345673174283, 0.0028934979664649325, 0.0028383045923798837, 0.0028023111681807593, 0.0027808565240585365, 0.002771054466289299, 0.002771149787685054, 0.002780112600650174, 0.0027973866017374422, 0.002822735126068574, 0.00285614900321183, 0.002897793107535096, 0.002947977504956367, 0.0030071443303219154, 0.0030758653702908697, 0.0031548472467482383, 0.003244942794194489, 0.003347167858004953, 0.003462723635753696, 0.003593024885166915, 0.0037397349737650397, 0.003904808867535713, 0.004090545812222968, 0.004299653672845477, 0.004535327706427883, 0.004801346967442544, 0.00510219264789209, 0.005443193428932026, 0.00583070449092456, 0.006272328136039391, 0.006777186241895523, 0.007356256832063235, 0.008022790269882897, 0.008792823631701066, 0.009685816188200736, 0.010725432988624896, 0.011940508898934206, 0.013366229902968523, 0.015045573578505873, 0.017031053201791328, 0.019386811053981347, 0.022191101234150013, 0.025539190798339217, 0.029546682657299914, 0.03435322308425028, 0.04012648991980256, 0.047066262501269295, 0.055408238207197334, 0.06542708464719026, 0.07743799322764283, 0.09179574546938864, 0.10889003081117805, 0.12913551504011817, 0.15295500570837856, 0.1807540981183081, 0.21288601066959428, 0.24960606504428035, 0.29101651663492506, 0.3370042484541063, 0.38717611493541554, 0.44079924677173954, 0.49675596049150483, 0.5535244787801517, 0.6091967377415677, 0.6615425090301135, 0.7081244889601556, 0.7464620295754102, 0.7742325491043103, 0.78949082852152, 0.7908792953710871, 0.7777990532041985, 0.7505133510501728, 0.7101629131708445, 0.6586851552301862, 0.5986445557160996, 0.5329961627399954, 0.46481515158446, 0.39703004755677485, 0.3321947540434959, 0.2723256902229553]
6.180339887498917	2.274214563241013	[0.21957420642947065, 0.17324163231044531, 0.1341795021148368, 0.10213672456230731, 0.07652773672955397, 0.05656115352917886, 0.04135479518541447, 0.030027213836029513, 0.021761923270878246, 0.015845424833641406, 0.011683300422117023, 0.00880009929021588, 0.00682882227831437, 0.005494987259546816, 0.0045990250113277, 0.003999468424870338, 0.0035982941396611842, 0.003328948222141257, 0.003147049669816596, 0.003023465615580766, 0.0029393304825984954, 0.0028825681994003103, 0.002845526222621056, 0.002823401174201985, 0.0028132119478749868, 0.002813140901123128, 0.0028221180100010362, 0.0028395617980986423, 0.0028652207331554703, 0.002899077730677356, 0.002941294795769047, 0.002992182721727249, 0.0030521873196030338, 0.0031218864197632237, 0.003201994973042953, 0.0032933762525020455, 0.003397058844962881, 0.003514259039137887, 0.0036464094004080186, 0.0037951940327849948, 0.0039625920915081535, 0.004150930844016727, 0.00436295071608693, 0.004601884644225448, 0.004871555420012482, 0.0051764948600406145, 0.00552209039114642, 0.005914765195134594, 0.006362200417348459, 0.006873609091702133, 0.007460074662052628, 0.008134968931700848, 0.008914468630010093, 0.009818192665929136, 0.010869987706795673, 0.012098893265957927, 0.013540323695060558, 0.015237507321465052, 0.017243227595210943, 0.019621909369403764, 0.022452090703317946, 0.025829305480262466, 0.029869379973058302, 0.034712101490948534, 0.040525154893250585, 0.04750812267833608, 0.0558962147568027, 0.06596321318202542, 0.07802290390922335, 0.09242800933321348, 0.10956537780607772, 0.12984594407571323, 0.1536878415428028, 0.18149108026037958, 0.21360254896984254, 0.25027083158812535, 0.29159158518186595, 0.33744599578533274, 0.3874370832267251, 0.4408310824541918, 0.49651342332503645, 0.5529703188662092, 0.608307027481465, 0.6603117880386642, 0.7065699257855684, 0.744625742470368, 0.7721813467597834, 0.7873129133077876, 0.7886779299520439, 0.7756837215632545, 0.7485894678727408, 0.7085214970674102, 0.6573940015555171, 0.597742249375564, 0.5324898044340236, 0.46468201428451067, 0.3972226968068178, 0.332648600755684, 0.2729676274540953]
6.1556185279489215	2.28627479298168	[0.22033068846429105, 0.17404829224679488, 0.1349810901091778, 0.10289187455126297, 0.07720930072533788, 0.05715486565823382, 0.04185688360985825, 0.0304415702067405, 0.022097326438228662, 0.016113152802716253, 0.011895297246818001, 0.008967726769874134, 0.00696213248407565, 0.005602404447112542, 0.004687312752116607, 0.004073870442122042, 0.0036627603946396982, 0.0033863852437712727, 0.003199557226482308, 0.0030725410549533277, 0.0029860339705388163, 0.0029276504001217126, 0.0028895230885713536, 0.002866702498577069, 0.0028561095576236186, 0.002855862141498848, 0.00286484851844552, 0.002882461087112981, 0.0029084326893273407, 0.002942737947514262, 0.0029855356594410674, 0.0030371372567022823, 0.003097992107301467, 0.0031686841492998574, 0.003249936668226332, 0.003342623533690799, 0.003447786165939939, 0.003566656176445497, 0.0037006841047288333, 0.003851575095224284, 0.0040213327351420365, 0.004212312698280793, 0.004427288298680079, 0.0046695306310488025, 0.004942906647564094, 0.005251999376460837, 0.0056022555188281935, 0.00600016696273365, 0.006453494329256304, 0.006971542625072635, 0.007565501424542311, 0.008248864857402853, 0.009037950015106107, 0.009952536288934877, 0.011016652494795987, 0.012259543354139634, 0.013716851590303962, 0.015432056103183314, 0.017458209377684598, 0.019860017152124338, 0.02271629817808751, 0.02612284879974801, 0.03019571186603376, 0.03507480716303243, 0.04092781466900911, 0.0479541058389755, 0.05638838498698787, 0.06650352840712892, 0.07861189305051913, 0.0930641185505703, 0.11024418801635948, 0.1305592856759584, 0.15442285652079088, 0.18222932319671203, 0.2143192552671791, 0.25093452869648436, 0.29216424915347655, 0.3378839726960319, 0.38769296305505974, 0.4408566455789864, 0.49626364134990725, 0.5524082144583838, 0.6074089719286063, 0.6590726071520657, 0.7050070162905478, 0.7427813587827307, 0.770122320533628, 0.7851273631678367, 0.7864689575494248, 0.7735606273603007, 0.7466575240223169, 0.706871683042959, 0.6560942178677616, 0.5968313417341902, 0.5319752637967556, 0.46454157689496306, 0.3974093880529085, 0.3330982105104623, 0.2736072840625419]
6.130897168398926	2.29846017052747	[0.22108684381447127, 0.17485653332600318, 0.13578589445854367, 0.10365149833435934, 0.07789617063920971, 0.05775429792262001, 0.04236473943469606, 0.030861452496702024, 0.022437814212864195, 0.016385409734768177, 0.012111225742944754, 0.009138701870318486, 0.007098255991064957, 0.005712170286117587, 0.00477756125922673, 0.004149920095220174, 0.003728628563493548, 0.003445035853240029, 0.003253136956854941, 0.0031225842819678565, 0.003033629418059755, 0.0029735702863712566, 0.0029343194975061946, 0.0029107771794084363, 0.0028997632782078895, 0.0028993289603742346, 0.0029083192731288393, 0.0029260993952351906, 0.002952385854848838, 0.0029871444872920576, 0.003030530620824786, 0.0030828561401767458, 0.0031445739275066716, 0.0032162740089664806, 0.0032986880856041554, 0.0033927007061087338, 0.0034993662896627364, 0.003619931931684128, 0.003755866385122274, 0.0039088960708907996, 0.0040810493243044225, 0.004274710542601366, 0.00449268633126119, 0.004738286352219918, 0.0050154222215101525, 0.005328728691398864, 0.005683712351657584, 0.0060869344181132, 0.006546235714186092, 0.00707101393875063, 0.007672565611225198, 0.008364507956441078, 0.009163299253667987, 0.010088880072022889, 0.011165462037254577, 0.012422495446558489, 0.013895851545556233, 0.015629259373912283, 0.017676039477620795, 0.020101176453106, 0.02298376666573783, 0.02641986410619299, 0.03052572164141297, 0.035441382402686045, 0.04133450988559659, 0.04840424960106133, 0.05688478256662387, 0.06704805832480765, 0.07920498192330318, 0.0937040857812913, 0.11092646460128273, 0.13127553184035656, 0.15516003123749675, 0.18296879517485184, 0.21503608632141913, 0.25159710177521555, 0.2927344447137667, 0.33831810723256334, 0.38794367728536616, 0.44087585528364126, 0.4960065328182371, 0.5518380838023612, 0.6065024912192842, 0.6578248882180013, 0.7034356848230184, 0.7409288044194002, 0.768055398067183, 0.7829341063830866, 0.7842523070544454, 0.7714296990095202, 0.7447174470882226, 0.7052133966235983, 0.654785727039786, 0.595911752166272, 0.5314524569920867, 0.4643937533741222, 0.39759003563912065, 0.33354350168218333, 0.27424458712800864]
6.10617580884893	2.310772572760208	[0.22184261178477696, 0.17566631278643113, 0.13659389342910616, 0.10441559648188113, 0.07858836868976915, 0.05835949165634863, 0.042878419290800496, 0.03128692796978637, 0.022783459806058066, 0.016662270408498624, 0.012331158776557173, 0.0093130929107085, 0.007237255038090328, 0.005824340141731155, 0.004869819039470679, 0.004227659400069957, 0.0037959349497115337, 0.0035049314277539843, 0.0033078162331513614, 0.003173619410921932, 0.003082138443343157, 0.003020347521341365, 0.0029799336922141477, 0.0029556423747896725, 0.0029441895298573523, 0.0029435572284900245, 0.0029525458171920896, 0.00297049203765669, 0.0029970954654266768, 0.003032312558706855, 0.0030762949704410954, 0.003129354774795692, 0.003191948384121069, 0.0032646718257981107, 0.0033482653561015857, 0.0034436242252842133, 0.0035518160752611248, 0.0036741035909886887, 0.003811974036186685, 0.003967175291062297, 0.004141760813891555, 0.004338143989679972, 0.004559165179086642, 0.004808172966094144, 0.005089124197558006, 0.00540670580418976, 0.005766484947078361, 0.0061750927265162205, 0.006640450968854959, 0.007172050708788688, 0.00778129630617367, 0.0084819287567676, 0.009290548441675036, 0.010227257684996294, 0.011316451679326376, 0.012587786509574124, 0.014077362196738063, 0.015829157279003036, 0.017896759498342345, 0.020345430002443217, 0.02325453980859758, 0.026720395370416494, 0.030859453148924902, 0.03581187001946035, 0.04174528157118776, 0.048858591908396996, 0.057385441327902846, 0.06759683101341096, 0.07980219167154903, 0.0943479234585802, 0.11161221026241823, 0.13199467402165713, 0.15589934550617474, 0.18370946360691023, 0.21575299784311014, 0.2522584951830951, 0.2933021068043888, 0.33874832628108936, 0.38818914748746, 0.4408886295181703, 0.49574201468875984, 0.5512598439786559, 0.6055875042342119, 0.6565685519551179, 0.7018558545201756, 0.7390680041883475, 0.7659805058296739, 0.7807330701536715, 0.7820279062130684, 0.7692908638461197, 0.7427691635241017, 0.7035465622379926, 0.6534684507911162, 0.5949833988981558, 0.530921298972837, 0.4642384564437295, 0.39776455261060334, 0.33398439132081775, 0.2748794623901307]
6.081454449298935	2.3232139127638867	[0.22259793035924125, 0.17647758664970212, 0.1374050642171636, 0.10518416880683729, 0.07928591657581624, 0.058970488131181234, 0.04339798000232102, 0.03171806455984139, 0.023134337264615768, 0.01694381081867476, 0.012555170438138225, 0.009490969672133164, 0.007379193182882294, 0.005938970815415441, 0.004964135797905449, 0.004307131622674805, 0.0038647168384944816, 0.0035661043612704936, 0.00336362319090596, 0.003225671364346788, 0.0031315832547142083, 0.0030680024202460222, 0.003026384387613449, 0.0030013157903696214, 0.002989405133342495, 0.0029885632998281316, 0.00299754405562564, 0.003015654776169108, 0.003042577101176561, 0.0030782577985782366, 0.003122844339010542, 0.0031766489848864695, 0.0032401314254187396, 0.003313893850556296, 0.0033986849648974687, 0.003495410979117129, 0.0036051527503563638, 0.00372918888721378, 0.003869025238977266, 0.004026431553446577, 0.004203486566675035, 0.004402633143673148, 0.004626745639992514, 0.004879212152889639, 0.005164035091728109, 0.005485954271851281, 0.005850597853057697, 0.006264667651905457, 0.006736167012083087, 0.0072746812555394445, 0.00789172314647686, 0.008601158479253579, 0.009419730254924496, 0.010367703539397893, 0.011469657363192474, 0.012755454295531005, 0.014261422776219916, 0.01603179078212042, 0.01812041160983791, 0.02059282135867617, 0.023528661742088678, 0.027024487366770492, 0.031196950597647984, 0.03618631355289842, 0.042160170904665284, 0.04931717130224208, 0.057890394963117174, 0.06814987495605813, 0.08040354293499781, 0.09499564418185683, 0.11230142678869985, 0.13271670358648247, 0.15664077782523542, 0.18445129559613382, 0.21646994389071045, 0.252918652814908, 0.2938671684884372, 0.3391745561891771, 0.38842929325066927, 0.44089488567954943, 0.49547000194208174, 0.5506734115198677, 0.6046639279461286, 0.6553035185234143, 0.7002674467176216, 0.7371988822977171, 0.7638975686110002, 0.7785241810103113, 0.7797956812142216, 0.7671440484445047, 0.7408125983319823, 0.7018711034438685, 0.6521423094590438, 0.5940461991517401, 0.5303817033247672, 0.4640755976623026, 0.39793285061509415, 0.3344207951697024, 0.27551183419379643]
6.056733089748939	2.3357861406677936	[0.2233527361494493, 0.17729030966764092, 0.1382193829793669, 0.10595721424754298, 0.07998883557041146, 0.059587328400893, 0.043923478732883596, 0.032154930697146034, 0.023490521659240423, 0.01723010799834252, 0.012783336261301962, 0.009672403222255661, 0.0075241355371613115, 0.006056120374045427, 0.005060562675443874, 0.0043883811131772985, 0.003935012725912054, 0.0036285879043161237, 0.0034205869427552877, 0.003278765720278645, 0.0031819868459408004, 0.0031165558069602864, 0.0030736909471938663, 0.0030478155467938074, 0.0030354274688193564, 0.0030343638904120505, 0.0030433303986004585, 0.0030616037089773907, 0.0030888468168658546, 0.0031249961716138903, 0.0031701948171210075, 0.0032247549246408116, 0.003289139455627507, 0.0033639566725214374, 0.003449963857352553, 0.0035480782073232936, 0.0036593940137271586, 0.003785205921964449, 0.0039270386628181995, 0.004086684044600046, 0.004266246456775566, 0.0044681985205841605, 0.004695449052277442, 0.004951426030283843, 0.005240177995791124, 0.005566498116565596, 0.005936076234830732, 0.006355685452194751, 0.00683341142746999, 0.007378934421355101, 0.008003876486699448, 0.008722228890976267, 0.009550878142755057, 0.010510252608378417, 0.011625115860654778, 0.012925537117468891, 0.014448073396555546, 0.016237201379698432, 0.018347038899076212, 0.020843394544033753, 0.02380617753058306, 0.027332185206207647, 0.03153825909984595, 0.03656475667701543, 0.042579219892585916, 0.049780026169008014, 0.05839967786075015, 0.06870721810470805, 0.08100905686787767, 0.09564725957643377, 0.11299411627385283, 0.13344161046180622, 0.15738430679691853, 0.18519425637933745, 0.21718687847336862, 0.25357751637142845, 0.29442956269641113, 0.3395967209185244, 0.3886640340085294, 0.4408945387225484, 0.49519040940225056, 0.5500787005667983, 0.6037316791505113, 0.6540297058124492, 0.6986703825096569, 0.7353213608491436, 0.761806510852406, 0.7763073635608192, 0.777555557758922, 0.7649891776355854, 0.7388476758657697, 0.7001869422052182, 0.6508072225554156, 0.5931000686502447, 0.5298335826109435, 0.46390508711837375, 0.39809484007592005, 0.33485262750444766, 0.2761416255311668]
6.032011730198944	2.3484912445125863	[0.22410696439216818, 0.178104435320653, 0.13903682474759918, 0.10673473093617049, 0.08069714638109253, 0.06021005342558125, 0.04445497281596568, 0.03259759547935774, 0.023852088903883333, 0.01752124022676476, 0.01301573304214346, 0.009857466147521119, 0.007672148590342551, 0.006175848391968762, 0.005159152077779896, 0.004471453544749296, 0.004006862153393115, 0.0036924163903726123, 0.0034787374196570834, 0.003332928921016946, 0.0032333728460070326, 0.003166029203460818, 0.0031218732430788277, 0.003095160350382262, 0.0030822743472087395, 0.0030809762320081796, 0.003089921644266936, 0.003108355409777451, 0.0031359210354012265, 0.0031725440974133766, 0.0032183628580695067, 0.0032736891956116217, 0.0033389892454163115, 0.003414877329996239, 0.0035021193552252387, 0.0036016436073997952, 0.0037145579552118114, 0.0038421732694596217, 0.003986033386732773, 0.004147952444182419, 0.004330060790289994, 0.00453486115556888, 0.004765297211910803, 0.005024837266743245, 0.005317576487986484, 0.005648361948509718, 0.006022945775372983, 0.00644817301580832, 0.006932212348876673, 0.007484839726149266, 0.00811778726323227, 0.008845172486503648, 0.00968402616324448, 0.01065494064233057, 0.011782864568690793, 0.01309807411016707, 0.014637354792795591, 0.01644543142143899, 0.018576685041772838, 0.021097194441875997, 0.02408713274723985, 0.027643534831785516, 0.031883424133562446, 0.03694724381823231, 0.043002470686343275, 0.050247195506923595, 0.05891332424852186, 0.06926888882114901, 0.08161875408264475, 0.0963027814294888, 0.11369027984468331, 0.13416938447600313, 0.15812990963942794, 0.18593831086635423, 0.21790375386753355, 0.2542350270686338, 0.29498922039264813, 0.34001474387123076, 0.3888932871239182, 0.44088750302893037, 0.49490314982603456, 0.5494756246929731, 0.6027906726488659, 0.6527470311323667, 0.6970645811066662, 0.7334353613193955, 0.75970725523668, 0.7740825417119787, 0.7753074599150173, 0.762826175450992, 0.7368743189556936, 0.6984939995717421, 0.6494631081435701, 0.592144922066791, 0.5292768479674202, 0.4637268336901772, 0.398250429963331, 0.33527980124406176, 0.27676875794487665]
6.007290370648948	2.361331251139534	[0.22486054889880097, 0.17891991576700708, 0.13985736342308017, 0.10751671611957231, 0.08141086918281863, 0.06083870398027936, 0.044992519823039, 0.033046128580144274, 0.024219115854916096, 0.017817286945046956, 0.013252438962393445, 0.010046232477252776, 0.00782330034676115, 0.0062982158813772865, 0.00525995781617983, 0.00455639584720337, 0.004080305843587337, 0.003757625170893587, 0.003538105496644445, 0.003388188209403148, 0.003285765632706125, 0.0032164447683233665, 0.0031709517575498956, 0.0031433694350583197, 0.003129964100876954, 0.003128418018376693, 0.003137335060247061, 0.003155926878686308, 0.003183816621848715, 0.0032209184059365462, 0.0032673653460400616, 0.003323468806213717, 0.0033896979957410683, 0.0034666732731020345, 0.003555169217591581, 0.0036561252998428898, 0.0037706631150407313, 0.0039001099432052757, 0.004046028958506033, 0.004210256892027452, 0.0043949503654386645, 0.0046026425692192565, 0.004836312435224584, 0.0050994690456390305, 0.005396254699907893, 0.005731570926122945, 0.006111232748423602, 0.006542157815981654, 0.007032598541952491, 0.007592427312984963, 0.00823348708727038, 0.008970022421153832, 0.00981920909137202, 0.010801804085044745, 0.011942941637543478, 0.013273105122925847, 0.014829308476512138, 0.016656523971613206, 0.01880939448987013, 0.02135426661630764, 0.024371573704157486, 0.02795858278423206, 0.03223249182637735, 0.037333819852733395, 0.043429965931877895, 0.05071871854020203, 0.05943136862200287, 0.06983491539393732, 0.08223265516948382, 0.09696222109922467, 0.11438991828000449, 0.13490001465615561, 0.1588775629070876, 0.18668342283069744, 0.2186205214298792, 0.2548911247380724, 0.2955460714597665, 0.34042854692768915, 0.3891169688111229, 0.4408736914207711, 0.4946081348200288, 0.5488640959382513, 0.6018408221168553, 0.6514554103145368, 0.6954499606166737, 0.7315408037694858, 0.757599723356825, 0.771849638015138, 0.7730513106583714, 0.7606549646138477, 0.7348924493171839, 0.6967921953044616, 0.6481098831187151, 0.5911806727626847, 0.528711409267716, 0.4635407448723773, 0.3983995278634416, 0.3357022278462034, 0.27739315152554817]
5.982569011098953	2.3743082271040628	[0.2256134220378402, 0.17973670182526907, 0.1406809717450411, 0.1083031661507308, 0.08213002358009742, 0.06147332065887505, 0.04553617752933823, 0.03350060027088053, 0.024591680288596842, 0.018118328797481223, 0.013493533580873452, 0.01023877774100394, 0.007977660327866143, 0.00642328535831515, 0.005363035114666507, 0.004643256274009171, 0.0041553857074965814, 0.0038242506778983837, 0.0035987229971509408, 0.003444571684448955, 0.0033391903336017076, 0.0032678253450830748, 0.003220947581386373, 0.003192462604349485, 0.0031785155805066872, 0.003176707442219312, 0.003185588380064272, 0.0032043355753998345, 0.0032325508801291313, 0.0032701363679338326, 0.0033172195934537928, 0.00337411120028047, 0.003441283335998675, 0.0035193623911523456, 0.0036091316397943575, 0.0037115418549187144, 0.003827728483472568, 0.003959035422676516, 0.004107045394833632, 0.0042736180152195165, 0.004460936472995383, 0.004671564795514478, 0.004908517559327177, 0.005175345094574248, 0.005476237316514045, 0.005816150787356635, 0.0062009640175742595, 0.006637667944541136, 0.007134599401591016, 0.0077017279850931444, 0.008351008239667362, 0.009096812552078951, 0.009956462409924467, 0.01095088011983387, 0.012105385955843009, 0.013450670771890447, 0.015023976712678596, 0.016870522868959667, 0.01904521243697599, 0.021614657381280353, 0.024659547402369596, 0.028277376282166148, 0.03258550888521643, 0.03772453020001741, 0.043861748674081866, 0.05119463482839806, 0.059953845618457596, 0.07040532616616271, 0.08285078053533936, 0.09762558966347226, 0.11509303181258873, 0.1356334893992449, 0.1596272422560736, 0.18742955510372591, 0.21933713133170957, 0.25554574804227204, 0.29610004441094134, 0.34083805067870676, 0.3893349938386409, 0.4408530154013731, 0.4943052745478644, 0.5482440250469294, 0.6008820398278998, 0.6501547579321566, 0.6938264377930008, 0.7296376070325943, 0.7554838354913672, 0.7696085738105122, 0.7707870316782552, 0.758475466637274, 0.7329019873901654, 0.6950814479354985, 0.6467474630853521, 0.5902072328198431, 0.5281371750389273, 0.4633467267899404, 0.3985420399269351, 0.33611981730543855, 0.2780147248821704]
5.957847651548957	2.3874242796140854	[0.22636551469275548, 0.1805547429300594, 0.14150762126365865, 0.10909407644008914, 0.08285462859769743, 0.062113943830174025, 0.04608600392557822, 0.03396108138868095, 0.024969860935095647, 0.01842444761466994, 0.013739097887043713, 0.010435178964901063, 0.0081352996385952, 0.006551120846986195, 0.005468440681066125, 0.004732084408841909, 0.004232144913361485, 0.0038923304287985907, 0.0036606227556845363, 0.0035021083028584587, 0.0033936728811185266, 0.003320194460659269, 0.0032718824617653476, 0.0032424602277614043, 0.003227948196997842, 0.003225863190656122, 0.003234699840395797, 0.0032535994146702125, 0.003282141586834831, 0.003320215690980372, 0.003367943372348124, 0.0034256342539191087, 0.0034937633537747864, 0.003572963010388414, 0.0036640252822251816, 0.00376791229120619, 0.003885773529186179, 0.00401896965251071, 0.004169103209848888, 0.004338056927717333, 0.004528040925456958, 0.004741650381593647, 0.004981935972431413, 0.0052524896849449835, 0.005557549608163114, 0.005902127848552412, 0.006292167070610615, 0.006734732109467329, 0.007238244989269485, 0.007812773201246698, 0.008470383712056804, 0.009225577430264524, 0.010095822355318437, 0.011102206656536225, 0.01227023720221125, 0.013630812419878003, 0.015221402578331865, 0.017087472696480394, 0.01928418488559341, 0.021878413756750124, 0.024951101609431085, 0.02859996316028367, 0.03294252268641201, 0.038119420738259996, 0.044297862461811305, 0.05167498415402722, 0.060480790139604716, 0.07098014939105603, 0.08347315054731289, 0.09829289774055594, 0.11579962029563218, 0.1363697962579193, 0.1603789226349367, 0.1881766693278468, 0.22005353277181094, 0.25619883420083805, 0.2966510666195665, 0.34124317413259686, 0.38954727576628106, 0.4408253848538518, 0.4939944779631062, 0.5476153211705682, 0.5999142368707641, 0.6488449870217147, 0.6921939282284633, 0.7277256884681127, 0.7533595107705175, 0.7673592690235876, 0.7685145435124732, 0.7562876016653646, 0.7309028524399596, 0.69336167464793, 0.645375762421059, 0.5892245129496395, 0.5275540524883117, 0.46314468412703647, 0.3986778708630317, 0.33653247809726394, 0.27863339511199453]
5.933126291998962	2.4006815574939737	[0.22711675623945932, 0.18137398711467315, 0.14233728229207185, 0.10988944145986111, 0.08358470261849843, 0.06276061366426852, 0.046642057154355356, 0.03442764338732881, 0.02535373742338138, 0.018735726488649067, 0.013989214258303604, 0.010635514765536353, 0.008296290935205255, 0.0066817879834992055, 0.005576232680615489, 0.004822931270114214, 0.0043106278616446385, 0.003961903125105658, 0.003723838591826938, 0.0035608279685385973, 0.0034492399852368875, 0.003373576404921114, 0.003323778774511899, 0.003293383311195193, 0.003278281894433322, 0.003275904507929852, 0.0032846881556804234, 0.0033037368228382435, 0.003332606967991162, 0.003371174571255916, 0.0034195548934159636, 0.0034780563237826936, 0.003547156575999158, 0.0036274939398333495, 0.003719869253248932, 0.0038252561200126985, 0.0039448181835097925, 0.004079933086398901, 0.0042322234001079834, 0.004403595274614016, 0.004596286042151793, 0.0048129224332999765, 0.00505659159834441, 0.005330927679752435, 0.005640217413583416, 0.005989529055622224, 0.006384869999837628, 0.006833379690734109, 0.007343566009245669, 0.007925595137813803, 0.008591647176979716, 0.009356352370668081, 0.01023732587908957, 0.011255822412053628, 0.01243753579470733, 0.013813572270171817, 0.015421629895529912, 0.01730741889199682, 0.019526358557926, 0.022145583600241263, 0.02524628474110442, 0.028926392026956484, 0.033303581120116485, 0.03851853799368974, 0.04473835114613151, 0.05215980674992537, 0.061012237094943335, 0.07155941350345633, 0.08409978521383915, 0.09896415580997195, 0.11650968281782569, 0.13710892231311267, 0.16113257783474325, 0.18892472637981098, 0.2207696734694588, 0.25685031945767045, 0.2971990637701107, 0.3416438352132315, 0.3897537263751839, 0.4407907085508419, 0.4936756522434579, 0.5469778923656412, 0.5989373226127326, 0.6475260095431605, 0.6905523458680687, 0.7258049643613207, 0.7512266667524523, 0.7651016424884856, 0.7662337651950014, 0.7540912887151392, 0.7288949622791859, 0.6916327914419884, 0.6439946940711483, 0.5882324225955725, 0.5269619473640997, 0.4629345201790429, 0.39880692385466826, 0.33694011718918215, 0.27924907775557467]
5.908404932448966	2.4140822521747705	[0.22786707450053456, 0.1821943809589243, 0.14316992389231675, 0.11068925467281027, 0.08432026339932, 0.06341337005584724, 0.04720439555579513, 0.03490035826599003, 0.025743390355517703, 0.01905224971308565, 0.014243966558093953, 0.010839865302080344, 0.008460708538564468, 0.006815353976295183, 0.005686470854445978, 0.004915849275093522, 0.004390880300240731, 0.004033008616971848, 0.0037884054168656595, 0.003620761496411842, 0.0035059192293964044, 0.003427996194217934, 0.003376659609337173, 0.0033452534613147397, 0.0033295372258672316, 0.0033268511616824006, 0.0033355725860712564, 0.0033547667067015605, 0.0033839657607907777, 0.0034230316652426648, 0.0034720728629933136, 0.0035313962214750905, 0.003601482022493052, 0.003682974448035318, 0.0037766831604826136, 0.0038835933239305663, 0.004004882890513214, 0.004141946666826789, 0.004296427494534639, 0.004470255212344865, 0.004665694700082225, 0.004885404595031841, 0.005132508949310503, 0.005410684512123896, 0.00572426719593357, 0.006078381960050907, 0.0064791015627471285, 0.006933640712263678, 0.0074505938755150105, 0.008040226654664246, 0.008714833063159639, 0.009489173409472387, 0.010381010733971567, 0.011411766855497458, 0.012607322990805166, 0.013998993295032307, 0.015624703349060949, 0.017530407654201954, 0.019771781036022153, 0.022416215483165882, 0.025545146029608033, 0.029256712102114356, 0.03366873279329867, 0.03892192893022577, 0.045183259125517024, 0.05264914303051106, 0.06154822169696332, 0.07214314678355548, 0.08473070453714551, 0.09963937380223789, 0.1172232181182231, 0.13785085368833488, 0.16188818096733176, 0.18967368581413988, 0.22148550020052113, 0.25750013846545544, 0.2977439604382686, 0.34203995010460947, 0.3899542562699622, 0.44074889348417595, 0.4933487033872457, 0.5463316449374818, 0.597951205262091, 0.646197735768546, 0.6889016035136977, 0.7238753493840675, 0.7490852198539913, 0.762835611499556, 0.7639446146038256, 0.7518864453251746, 0.7268782335293794, 0.6898947128738302, 0.642604169725367, 0.5872308697470056, 0.5263607640539328, 0.4627161367247567, 0.39892910059086845, 0.3373426399582946, 0.27986168677877105]
5.8836835728989705	2.427628598711862	[0.2286163957210908, 0.18301586956943613, 0.14400551382916502, 0.11149350853094686, 0.08506132801292315, 0.06407225264271499, 0.04777307760999413, 0.035379298611198914, 0.026138901259381783, 0.019374102849372927, 0.014503440102697107, 0.011048312361723111, 0.008628628412791044, 0.006951887702271798, 0.005799216504721342, 0.005010892337595395, 0.004472949311055216, 0.004105687995667911, 0.003854359218901156, 0.003681940696149219, 0.003563739053461185, 0.003483479645538962, 0.0034305487513805214, 0.003398092950913076, 0.0033817353346166966, 0.0033787235009735965, 0.0033873729195059332, 0.003406708505732495, 0.003436237197094761, 0.003475806137546742, 0.0035255164682643993, 0.0035856732581822713, 0.0036567591928598963, 0.0037394243055415112, 0.0038344870991576744, 0.003942944398061581, 0.004065988596502191, 0.0042050318658816655, 0.004361737544617643, 0.004538059449876784, 0.004736290324313238, 0.004959121092123424, 0.005209713115976663, 0.005491786229742436, 0.005809726031587926, 0.006168714766317817, 0.0065748911686649685, 0.007035545893439609, 0.007559360695034685, 0.008156701352082397, 0.008839976533612449, 0.009624077367943048, 0.01052691544464599, 0.011570080280878303, 0.012779640847787712, 0.014187119319524011, 0.01583066843256157, 0.017756486040428784, 0.02002050068861613, 0.02269035880590951, 0.02584773542503581, 0.029590973353636633, 0.03403802689857338, 0.039329641111743904, 0.0456326311743119, 0.0531430337849004, 0.06208877924164862, 0.07273137758583058, 0.08536592823961772, 0.10031856136785797, 0.11794022425521587, 0.13859557586102017, 0.16264570407814488, 0.1904235062159892, 0.2222009583611413, 0.25814822467469123, 0.2982856796186885, 0.3424314336654896, 0.3901487743890777, 0.4406998452894913, 0.4930135357280879, 0.545676483855237, 0.5969557914081473, 0.6448600746657587, 0.6872416124063324, 0.7219367569271516, 0.7469350849859266, 0.7605610920781617, 0.7616470081551943, 0.7496729877522589, 0.724852581376891, 0.6881473521876608, 0.6412040996354084, 0.5862197610183933, 0.5257504054596487, 0.4624894340642708, 0.3990443011890772, 0.33773995019559366, 0.28047113452964634]
5.858962213348975	2.4413228768304696	[0.22936464452843086, 0.18383839653587264, 0.14484401854378928, 0.11230219442545095, 0.08580791283808104, 0.06473730075901657, 0.048348161947656135, 0.03586453756197368, 0.0265403526225296, 0.019701372708109437, 0.014767721716535918, 0.011260939356355396, 0.008800128235505439, 0.007091459713317434, 0.005914532571195311, 0.005108115877998778, 0.004556883385204797, 0.004179983602326307, 0.003921737131860159, 0.0037443983774442056, 0.0036227288146703676, 0.0035400533782026407, 0.003485470734283074, 0.003451924717991858, 0.0034348980006559137, 0.0034315424539796877, 0.0034401095128844903, 0.003459582189422089, 0.0034894410407484634, 0.003529517658569584, 0.0035799054118427352, 0.0036409072430352543, 0.0037130080992414214, 0.003796863784081733, 0.0038933016837954517, 0.004003330349993848, 0.004128156781246984, 0.004269210685892508, 0.004428176155761797, 0.00460703124980586, 0.004808096919986022, 0.00503409673212306, 0.005288229800609046, 0.0055742594959423825, 0.005896621645119889, 0.006260556332330519, 0.006672268916107103, 0.007139126648219655, 0.007669899308144482, 0.008275053567649442, 0.00896711352990623, 0.009761101845850497, 0.010675079356720102, 0.011730803795384286, 0.012954532277462778, 0.014377995002390414, 0.016039571510152412, 0.017985701937167184, 0.020272566741058824, 0.022968063754269696, 0.026154103675189437, 0.029929226435259183, 0.034411513305817674, 0.039741722616482324, 0.046086512548326054, 0.05364152006279501, 0.06263394523054143, 0.0733241341920954, 0.08600547590493748, 0.1010017276948549, 0.11866069876901414, 0.13934307344440502, 0.16340511833115492, 0.19117414495039275, 0.22291599217391014, 0.2587945100565475, 0.29882414294782944, 0.3428181991348777, 0.3903371882361089, 0.44064346794537623, 0.4926700521634909, 0.5450123124569096, 0.5959509862354365, 0.6435129336219979, 0.685572282415984, 0.7199890988536649, 0.7447761757121506, 0.7582779987640923, 0.7593408609286679, 0.7474508308038352, 0.7228179196626483, 0.6863906211864582, 0.6397943926696354, 0.5851990015516826, 0.5251307730191103, 0.46225431094561165, 0.3991524241885211, 0.3381319500509001, 0.28107733170958454]
5.834240853798979	2.4551674120000824	[0.23011174389570477, 0.1846619038992482, 0.14568540310685857, 0.11311530266757064, 0.08656003351072726, 0.0654085534329216, 0.04892970730916033, 0.03635614882920153, 0.02694782786665204, 0.020034147391668537, 0.015036899723959316, 0.011477831384368666, 0.008975287403267583, 0.007234142309373384, 0.0060324836437405304, 0.0052075768989149375, 0.00464273243651047, 0.004255939099671043, 0.0039905774461964465, 0.0038081684143847134, 0.0036829187943358804, 0.0035977448700933628, 0.003541450843368717, 0.0035067724146544744, 0.003489047641466261, 0.0034853295709523337, 0.003493803291791737, 0.0035134082957591663, 0.0035435975870903892, 0.0035841864397656307, 0.003635259911637752, 0.003697118516164767, 0.0037702492668296086, 0.003855313688236269, 0.003953148049452369, 0.004064772730754997, 0.004191409459917296, 0.004334505690249062, 0.004495766489779562, 0.004677194459572533, 0.0048811390751612675, 0.0051103569369150975, 0.005368085320006558, 0.005658131623254332, 0.005984982411906242, 0.006353936204933419, 0.006771265594560646, 0.007244415123196253, 0.007782243288805028, 0.008395318417508844, 0.00909628076986901, 0.009900285266658945, 0.01082554263054953, 0.011893979369303918, 0.013132041034259107, 0.014571665891625113, 0.016251459796366587, 0.018218104122321787, 0.02052802924394761, 0.023249381369591173, 0.026464302279073322, 0.030271522765973072, 0.0347892424961133, 0.040158222127338175, 0.04654494889455316, 0.054144643277593454, 0.06318375525188279, 0.07392144492956572, 0.08664936682739088, 0.10168888164388526, 0.11938463849780913, 0.1400933303411727, 0.16416639379319986, 0.19192555833442015, 0.2236305444446742, 0.2594389252911059, 0.2993592704404653, 0.3432001583310044, 0.39051940360567133, 0.44057966397512327, 0.4923181538816206, 0.5443390326444095, 0.5949366932631539, 0.6421562186225561, 0.6838935218042483, 0.7180322856531106, 0.7426084040427262, 0.7559862447389569, 0.7570260864941571, 0.7452198879277475, 0.7207741607430821, 0.6846244302885766, 0.6383749562052786, 0.5841684950429882, 0.5245017666252572, 0.4620106645659878, 0.39925336649056015, 0.3385185400130959, 0.2816801873294101]
5.809519494248984	2.469164576538691	[0.2308576151065514, 0.1854863321112921, 0.14652963119310658, 0.11393282244249606, 0.08731770491096935, 0.06608604934394587, 0.0495177725494794, 0.036854206665454664, 0.027361411374713155, 0.020372516281630688, 0.015311063998085855, 0.01169907523479126, 0.009154187096269372, 0.007380009553659822, 0.006153136034303939, 0.005309334004544149, 0.004730547872818288, 0.004333599490114509, 0.004060919674462246, 0.00387328575960214, 0.003744340255591239, 0.0036565824674741885, 0.0035985151656721293, 0.003562660413475977, 0.00354420735553574, 0.0035401070284200266, 0.003548475788957129, 0.0035682079343988438, 0.0035987276977495486, 0.003639833236589716, 0.0036916007331216083, 0.003754327951919793, 0.003828503764496994, 0.003914795359172296, 0.004014047881424955, 0.004127293639145299, 0.004255769212449573, 0.004400940008299192, 0.004564532294432866, 0.0047485735168104545, 0.004955441991008036, 0.005187927748336402, 0.005449306636796093, 0.00574343057902366, 0.0060748373909947926, 0.006448884625155941, 0.00687191271940816, 0.007351444201945304, 0.007896426982104012, 0.008517531799068286, 0.009227515788239818, 0.010041666877545045, 0.010978346285639776, 0.012059649831924764, 0.013312211764036313, 0.014768178414307782, 0.01646638141008012, 0.01845374224643472, 0.020786939132954884, 0.023534363518159466, 0.026778383553489923, 0.03061791448374851, 0.035171265636113634, 0.040579188865661885, 0.04700798633451468, 0.054652445116002805, 0.0637382450743891, 0.07452333805271001, 0.08729762011774404, 0.10238003160025315, 0.12011203969738747, 0.14084632956585758, 0.16492949956842207, 0.19267770143303403, 0.22434455671152767, 0.26008139954258813, 0.2998909806507377, 0.34357722141414054, 0.39069532475128577, 0.44050833420661284, 0.4919577405281477, 0.5436565446500147, 0.5939128145016259, 0.6407898340322712, 0.6822052373612855, 0.7160662262445014, 0.7404316805445119, 0.7536857416554881, 0.754702596992986, 0.7429800710702015, 0.7187212155421828, 0.682848688414566, 0.636945696154606, 0.5831281436561371, 0.5238632846304611, 0.4617583905077198, 0.3993470233448843, 0.3388996188628859, 0.2822796086803622]
5.784798134698988	2.4833167907477005	[0.2316021777119182, 0.1863116199914421, 0.14737666504085623, 0.11475474176957674, 0.08808094113132253, 0.06676982679386657, 0.050112416622299975, 0.03735878585369606, 0.027781188496087943, 0.020716570048509193, 0.01559030598703549, 0.011924759415585648, 0.009336910320405283, 0.007529137312740338, 0.00627655782679091, 0.005413447444610291, 0.004820382646230744, 0.004413011157444093, 0.004132804597053875, 0.003939786480518054, 0.0038070254827348026, 0.0037165954151319215, 0.003656690623041121, 0.003619613832372197, 0.0036004009503925387, 0.003595897650141882, 0.0036041491686206587, 0.003624002805021854, 0.003654852822577768, 0.00369647936531219, 0.0037489492097770092, 0.003812556974891898, 0.0038877932244449115, 0.003975330690390941, 0.004076023434584742, 0.004190915737552484, 0.004321259202920022, 0.004468537351465582, 0.004634497923107868, 0.004821193465926191, 0.005031031501985349, 0.005266835845326824, 0.005531921380281853, 0.005830185003191839, 0.006166216346739683, 0.006545432546627566, 0.006974242554419225, 0.007460247524010051, 0.008012485527597077, 0.008641730410386449, 0.009360856960753698, 0.010185286768870785, 0.011133532225232863, 0.01222785889058408, 0.013495090028738149, 0.014967579894472545, 0.016684385398559196, 0.01869266684831519, 0.02104934825132952, 0.02382306290322712, 0.027096400652804508, 0.03096845445233991, 0.035557634593727204, 0.04100467259112999, 0.04747567147456679, 0.05516496752945679, 0.06429745065123296, 0.07512984172523651, 0.08795025470060612, 0.10307518544635505, 0.1208428980324153, 0.1416020532086022, 0.16569440378469907, 0.19343052801572053, 0.2250579692278208, 0.26072186041059153, 0.3004191906527777, 0.34394929683386605, 0.39086485436396806, 0.4404293777167514, 0.4915887101828311, 0.5429647469793409, 0.59287925042733, 0.6394136825391766, 0.6805073343805429, 0.7140908279233635, 0.738245914317078, 0.7513763995899667, 0.7523703031154733, 0.7407312906337151, 0.7166589935293235, 0.681063302948553, 0.6355065169402518, 0.5820778479844143, 0.5232152238168605, 0.461497382698175, 0.39943328831381864, 0.3392750836304573, 0.2828755012932673]
5.760076775148993	2.497626524078492	[0.2323453494954735, 0.1871377046997182, 0.14822646540244605, 0.11558104748947377, 0.08884975542084274, 0.0674599237114576, 0.05071369852905867, 0.037869961734868125, 0.028207245509858345, 0.021066400704397265, 0.015874718695057802, 0.012154974227730962, 0.009523541903434239, 0.007681603343734176, 0.0064028188818122745, 0.0055199792052155, 0.004912291259963607, 0.004494221953821083, 0.004206274266973449, 0.004007707838305047, 0.003871007782360823, 0.0037778139260782875, 0.0037160049699782555, 0.003677658595683985, 0.00365765293832952, 0.003652724961036525, 0.00366084622138639, 0.003680815245718858, 0.003711994994589741, 0.0037541467473110467, 0.003807327238710847, 0.003871827601328085, 0.0039481398387610145, 0.004036942167258102, 0.004139097530921282, 0.0042556622904374895, 0.0043879031779608885, 0.00453732205141875, 0.0047056883338853365, 0.004895079996633552, 0.005107934075259006, 0.005347108583478285, 0.005615957845806245, 0.005918424249524065, 0.006259149747582398, 0.006643611679187794, 0.007078288109256712, 0.007570859531657287, 0.008130454854611243, 0.00876795180092586, 0.0094963434959821, 0.010331185929899754, 0.01129114322297974, 0.012398651192448618, 0.013680722285620906, 0.015169918622211927, 0.016905521706264373, 0.018934929432913028, 0.02131530930449232, 0.024115533153314998, 0.027418407504726357, 0.031323196361917514, 0.0359484018497977, 0.0414347237168756, 0.04794805128788638, 0.055682252866158764, 0.06486140796710113, 0.0757409841715863, 0.08860728912261999, 0.1037743507349659, 0.12157720834419375, 0.1423604826317923, 0.16646107332275858, 0.1941839907763943, 0.22577072065838902, 0.2613602341706264, 0.3009438157137264, 0.3443162915843369, 0.39102789323478493, 0.44034269209212373, 0.49121095902571765, 0.5422635366651639, 0.5918358996659706, 0.6380276653877719, 0.6787997163691205, 0.7121059965616114, 0.7360510127372231, 0.7490581271996853, 0.7500291138835692, 0.7384734555893351, 0.7145874025421654, 0.6792681798086916, 0.6340573213586831, 0.5810175070864202, 0.5225574792977062, 0.4612275334180159, 0.3995120532054025, 0.33964482958076236, 0.28346776889503034]
5.735355415598997	2.5120962963316167	[0.23308704643191486, 0.18796452168163688, 0.14907899152527695, 0.11641172519404117, 0.0896241601890665, 0.06815637757974025, 0.051321677349034485, 0.03838781014415117, 0.02863966968346547, 0.02142210155541335, 0.016164396767547464, 0.012389811734528437, 0.009714168598856104, 0.007837487275910783, 0.006531990949136826, 0.005628992996291228, 0.005006329879842739, 0.004577281187876811, 0.004281372113911207, 0.004077088273972248, 0.003936321577061825, 0.003840269165240976, 0.0037764868766461033, 0.003736821416366782, 0.0037159886098697688, 0.003710613169110452, 0.0037185904298581325, 0.0037386682156960857, 0.0037701768895076213, 0.003812857893196327, 0.0038667573356629143, 0.003932162424931481, 0.00400956641122496, 0.004099652854444766, 0.0042032936092901135, 0.004321557153175797, 0.0044557255154633255, 0.004607319049942772, 0.0047781291381324585, 0.004970259434358964, 0.005186176860086478, 0.005428773985385674, 0.0057014450458468795, 0.006008178375173853, 0.006353668819837648, 0.0067434544767402335, 0.007184083197030835, 0.007683315454828094, 0.008250371744792795, 0.008896234352031355, 0.009634015504302986, 0.010479406222721135, 0.011451223000017562, 0.012572072289132125, 0.013869155974438914, 0.015375243805393658, 0.01712984127452696, 0.01918058240554752, 0.021584875975029255, 0.024411828733294408, 0.027744458943939773, 0.03168219461034879, 0.03634362065420648, 0.04186939315365169, 0.04842517329732884, 0.05620434367082427, 0.06543015325231645, 0.07635679342600941, 0.08926874180207077, 0.10447753438377151, 0.12231496493877775, 0.1431215981098666, 0.16722947414329983, 0.19493804092302233, 0.22648274844214508, 0.26199644532321376, 0.30146476968311675, 0.3446781107273417, 0.391184340657161, 0.4402481729443027, 0.4908243817347866, 0.5415528087953466, 0.5907826593668343, 0.6366316819396107, 0.6770822853821108, 0.7101116362176275, 0.7338468817407869, 0.7467308313935527, 0.7476789368729692, 0.7362064732117206, 0.7125063489472794, 0.6774632232440171, 0.6325980106822463, 0.5799470183372973, 0.5218899445672531, 0.46094873319721663, 0.39958320807932585, 0.34000875014462395, 0.2840563133793802]
5.710634056049002	2.52672867888959	[0.23382718264098454, 0.1887920046363213, 0.14993420108582703, 0.11724675921686777, 0.09040416693192073, 0.06885922545121358, 0.05193641216951206, 0.03891240745427588, 0.02907854921685598, 0.02178376727357203, 0.016459436453141307, 0.012629365857132816, 0.009908879063656182, 0.007996870720566634, 0.0066641476550105515, 0.00574055436539955, 0.005102556324871554, 0.00466223973408724, 0.004358142933844081, 0.004147967508470391, 0.004003002392462235, 0.003903993338686934, 0.0038381659136306518, 0.0037971298748461562, 0.0037754340174019174, 0.0037695872354746294, 0.003777405952355339, 0.0037975853582488694, 0.003829421810449514, 0.003872635960433664, 0.003927262621153778, 0.003993584670605482, 0.004072096345054088, 0.004163486447044531, 0.004268635714641503, 0.004388624821632736, 0.004524751215001927, 0.004678553947941602, 0.004851846591711725, 0.005046758789593776, 0.0052657876792901, 0.00551186079124874, 0.00578841270111143, 0.00609947819347035, 0.0064498055376055845, 0.006844994193235525, 0.007291662421996107, 0.007797651371444417, 0.008372273816235455, 0.009026617342855337, 0.009773913976669246, 0.010629990455301355, 0.01161381619600301, 0.01274816871864848, 0.014060439477616359, 0.015583605662616719, 0.01735739598681624, 0.01942967917835002, 0.02185810284797493, 0.02471200506723576, 0.02807461061127971, 0.03204550444584396, 0.03674334489196998, 0.042308732476128895, 0.04890708540113693, 0.056731282878840245, 0.0660037227613859, 0.07697729755884253, 0.08993463075525547, 0.10518474293742978, 0.12305616125926551, 0.14388537912916233, 0.16799957090759224, 0.19569262851412986, 0.22719398836827423, 0.26263041696132217, 0.3019819645367091, 0.34503465777950093, 0.39133409395429414, 0.4401457143007797, 0.4904288710154493, 0.5408324568889058, 0.5897194247537778, 0.6352256300167077, 0.6753549416133574, 0.7081076494331293, 0.7316334254677905, 0.7443944175740107, 0.7453196779210386, 0.7339302492627617, 0.7104157374116656, 0.6756483359603747, 0.6311284844883274, 0.578866277500636, 0.5212125113778253, 0.460660870839171, 0.3996466411617238, 0.34036673690318364, 0.2846410347510519]
5.685912696499006	2.541526295984435	[0.23456567034879824, 0.18962008546961906, 0.1507920501657488, 0.11808613257521246, 0.0911897862234666, 0.06956850388944331, 0.052557962098491985, 0.03944383052836837, 0.029523973281108003, 0.02215149386833404, 0.016759935668179248, 0.012873732365328893, 0.010107763942385415, 0.00815983727574913, 0.006799364596104721, 0.005854730708935988, 0.005201030161587373, 0.004749150044205655, 0.004436632977236104, 0.004220386550899981, 0.004071086936185952, 0.003969019697755699, 0.003901072621294964, 0.003858612419808117, 0.00383601603604413, 0.0038296728730912275, 0.003837317676959065, 0.003857590998692793, 0.003889753736828044, 0.003933504751352675, 0.003988866865685135, 0.004056118193067405, 0.004135753685598592, 0.004228467270024789, 0.004335148539189934, 0.004456890432473637, 0.004595005938305687, 0.004751053006484288, 0.0049268676354845145, 0.005124605759441501, 0.0053467950704737775, 0.005596398460588247, 0.005876891283133535, 0.006192355275355243, 0.006547592667425602, 0.006948264883231766, 0.00740106122698272, 0.007913904206278645, 0.0084961995744797, 0.009159140946426577, 0.009916080840044464, 0.0107829823732534, 0.011778968429947786, 0.012926987990865915, 0.014254622187568344, 0.015795055399681044, 0.017588238743775027, 0.019682274134314486, 0.022135045494959045, 0.025016118485785714, 0.02840891904858858, 0.03241318189266056, 0.03714762919064832, 0.042752793821455505, 0.04939383599500827, 0.05726311368227686, 0.0665821529120514, 0.07760252450544343, 0.09060497375484847, 0.10589598235676657, 0.12380079006535064, 0.14465180413756637, 0.1687713271788737, 0.19644770217270346, 0.22790437479804118, 0.26326207045621036, 0.3024953106144339, 0.34538583438129206, 0.3914770487258768, 0.4400352082708561, 0.49002431784593276, 0.5401023725729082, 0.5886460893572311, 0.633809405601633, 0.6736175836014732, 0.7060939369648744, 0.7294105464315737, 0.7420487894047472, 0.7429512412527327, 0.7316446877971122, 0.7083154709855641, 0.673823418964245, 0.6296486407048336, 0.5777751786095728, 0.5205250697556473, 0.46036383333544817, 0.39970223883713885, 0.34071867952971574, 0.2852218310967797]
5.6611913369490106	2.556491826000926	[0.2353024198422753, 0.19044869424146377, 0.15165249320886173, 0.11892982692115427, 0.09198102768214018, 0.07028424893158952, 0.05318638624823805, 0.039982156701541115, 0.029976032025375545, 0.02252537869146067, 0.017065994027883363, 0.013123008903926068, 0.01031091591745137, 0.008326472567367463, 0.006937719400228679, 0.005971591319303171, 0.0053018127665442364, 0.0048380661932953695, 0.004516890007234192, 0.004294387739247318, 0.004140613148953446, 0.004035382573239538, 0.003965238553488733, 0.003921298396426546, 0.003897762401054211, 0.0038908965704415577, 0.003898351254157397, 0.003918710164943158, 0.0039511973536863485, 0.003995488731859383, 0.004051594516943741, 0.004119787494590928, 0.004200563146298302, 0.004294620295614008, 0.004402857447773207, 0.0045263797806023845, 0.004666516034501185, 0.004824843164558033, 0.005003219920806847, 0.0052038287458505755, 0.00542922831206291, 0.005682417191049606, 0.005966912041091447, 0.006286841968779498, 0.006647063796060459, 0.007053301421824806, 0.007512315922272241, 0.00803211175126718, 0.008622188442517801, 0.00929384625006189, 0.010060558988473078, 0.010938426679862973, 0.011946726332149887, 0.013108578606406657, 0.01445175453908732, 0.01600964522630709, 0.017822423495406477, 0.019938422640415242, 0.02241576050526667, 0.02532422623388578, 0.028747441727473906, 0.032785283751322974, 0.03755652894548543, 0.043201629879779574, 0.04988547399238259, 0.057799879508758506, 0.06716548029988705, 0.07823250203215495, 0.0912797883386979, 0.10661125797169672, 0.12454884343709827, 0.14542085048556422, 0.16954470542259528, 0.1972032090176105, 0.2286138406630788, 0.2638913253818858, 0.30300471661757317, 0.3457315402169086, 0.3916130988437744, 0.4399165449626693, 0.489610611470109, 0.5393624454983449, 0.5875625450029949, 0.6323829027546819, 0.6718701082147418, 0.7040703977066649, 0.7271781455012117, 0.7396938487411806, 0.7405735294616344, 0.7293496911029326, 0.7062054510811108, 0.6719883715124676, 0.6281583755832585, 0.5766736139219142, 0.5198275079653355, 0.46005750582231125, 0.39974988560410313, 0.34106446574501975, 0.28579859853462375]
5.636469977399015	2.5716280028168073	[0.23603733941881677, 0.19127775914947104, 0.15251548293693423, 0.11977782255688439, 0.09277789986636542, 0.07100649613515243, 0.05382174362636379, 0.04052746386169654, 0.03043481647705759, 0.02290552055186922, 0.017377712762924706, 0.013377295135783883, 0.010518429642022162, 0.008496864409447203, 0.0070792916706754515, 0.006091207549997747, 0.005404967276231643, 0.00492904403940964, 0.004598963251056132, 0.00437001488835826, 0.004211620155857392, 0.004103117509157823, 0.004030696229011752, 0.003985218166110164, 0.003960701660608988, 0.00395328569883857, 0.003960533052075267, 0.003980968684510766, 0.004013778010110033, 0.004058613120267996, 0.004115470661634303, 0.004184617807663095, 0.004266550073754043, 0.004361971221570824, 0.004471788445673032, 0.004597119394657849, 0.0047393085099815095, 0.004899952113290872, 0.0050809317805883426, 0.005284456930006753, 0.0055131173945487345, 0.005769947994415579, 0.00605850697205837, 0.00638297147786108, 0.006748253298331857, 0.007160139588619477, 0.007625463649268389, 0.008152312756183087, 0.008750280718084856, 0.009430775354933231, 0.010207392231134342, 0.011096369147148729, 0.012117137479313665, 0.013292990182318389, 0.014651887926769532, 0.01622742850015086, 0.01806000513477453, 0.02019818121441574, 0.02270030534835644, 0.02563638666561271, 0.02909023687177268, 0.03316186782752452, 0.03797010009181585, 0.04365529416390624, 0.05038204853634907, 0.058341624338881855, 0.06775374134001083, 0.07886725810810112, 0.09195909137404928, 0.10733057491246581, 0.1253003122587324, 0.14619249491880779, 0.17031966641302293, 0.19795909521429786, 0.22932231680558046, 0.2645181001140485, 0.30351008890118064, 0.3460716736442481, 0.391742135722167, 0.43978961312058495, 0.4891876386751477, 0.5386125639572151, 0.5864686811275108, 0.6309460141823541, 0.6701124100299813, 0.7020369291842917, 0.7249361213625141, 0.7373294960341975, 0.7381864430632676, 0.7270451600068389, 0.7040855771208129, 0.6701430913212594, 0.6266575834391198, 0.5755614740438397, 0.5191197123333695, 0.45974177163324803, 0.3997894639675337, 0.3414039813125702, 0.28637123115885155]
5.6117486178490195	2.586937617180918	[0.23677033534989264, 0.19210720642514395, 0.15338097039058796, 0.12063009826893252, 0.09358041037986907, 0.07173528037554175, 0.05446409329840086, 0.04107983023313941, 0.030900418755628038, 0.02329201950208558, 0.01769519497516009, 0.013636692539802051, 0.010730402023543377, 0.008671102615229456, 0.007224163280896181, 0.006213652637659667, 0.005510558877633631, 0.005022141054125892, 0.004682903675372607, 0.004447313127956409, 0.0042841485205150805, 0.004172261108757014, 0.004097479362685393, 0.004050402961647167, 0.004024863384728863, 0.004016868377692544, 0.004023890345687003, 0.00404439306020067, 0.004077521891791023, 0.004122903772978669, 0.0041805211846037815, 0.004250634989538269, 0.004333740596551173, 0.004430546373045108, 0.00454196832014317, 0.004669136444301301, 0.0048134111655301235, 0.004976408206561334, 0.0051600323648525554, 0.0053665201839541085, 0.005598493157369246, 0.005859022606671414, 0.006151708962250475, 0.0064807777684587385, 0.006851196486091108, 0.007268815965343705, 0.007740542541018126, 0.008274546814055381, 0.008880517750258618, 0.009569971243995374, 0.010356625490477523, 0.011256856459607216, 0.01229025062088246, 0.013480273263124247, 0.014855074967721482, 0.016448459494420312, 0.018301039807059688, 0.020461607235726997, 0.022988738741269072, 0.025952658882201655, 0.02943736389740901, 0.033542992478701135, 0.03838839963332094, 0.04411384044411639, 0.05088360963335371, 0.05888839200900051, 0.06834697302292038, 0.07950682005839754, 0.09264289994939724, 0.10805393710207978, 0.1260551872542172, 0.1469667124088882, 0.17109617041004332, 0.19871530465690931, 0.23002973327973758, 0.2651423103925092, 0.30401133286714005, 0.3464061301822365, 0.3918640497535018, 0.43965429859452604, 0.4887552852105492, 0.5378526133975576, 0.5853643861171698, 0.6294986298604885, 0.6683443825357632, 0.6999934263394343, 0.7226843715431903, 0.734955629310572, 0.735789881318817, 0.72473099306576, 0.7019557471549429, 0.6682874739642274, 0.6251461570736123, 0.5744386475134565, 0.5184015674956325, 0.4594165120389786, 0.399820854540061, 0.34173710990406897, 0.2869396210245989]
5.587027258299024	2.6024235181307316	[0.23750131181849568, 0.1929369603550406, 0.15424890477255968, 0.12148663143392376, 0.09438856565035951, 0.07247063602216929, 0.05511349413047085, 0.04163933461428316, 0.03137293180360048, 0.02368497712838214, 0.018018545373229104, 0.013901304739858534, 0.010946931971423558, 0.008849279347179898, 0.007372418135348318, 0.006339002054871949, 0.0056186545808177835, 0.005117416663136558, 0.004768763769595508, 0.00452632922132118, 0.004358240039340639, 0.00424285132679916, 0.004165622671762679, 0.004116885152579275, 0.004090277984968292, 0.004081673714889315, 0.0040884511502710715, 0.00410901068866029, 0.004142455867836291, 0.004188387384851189, 0.004246772627769913, 0.004317865708182151, 0.004402161494450975, 0.0045003728777557005, 0.004613424517586043, 0.0047424589081733895, 0.0048888524789205, 0.005054240625202877, 0.0052405515259654565, 0.005450049234526929, 0.0056853871737106865, 0.005949673655281304, 0.006246551667980409, 0.006580295742708738, 0.00695592948136513, 0.007379368122054821, 0.007857591582817954, 0.008398854564184837, 0.00901294178168183, 0.009711478007987835, 0.010508304618748033, 0.01141993647070914, 0.012466115460613604, 0.01367047961704727, 0.015061369236484653, 0.016672793745161188, 0.01854558458321628, 0.02072875935752339, 0.02328112024314343, 0.02627310322538781, 0.029788882906634794, 0.03392871720751414, 0.03881148501219195, 0.04457732346259549, 0.05139020737431275, 0.05944022706786888, 0.06894521196305908, 0.08015121558227273, 0.09333123023233343, 0.10878134844951001, 0.12681345764628665, 0.14774347752495512, 0.1718741756262256, 0.19947178050653028, 0.23073601765247, 0.2657638709954269, 0.3045083511444404, 0.3467348042706311, 0.39197872843235965, 0.4395104861182173, 0.48831343393171733, 0.5370824781436354, 0.5842495455502146, 0.6280406386207895, 0.6665659165428228, 0.6979397829187585, 0.7204227910440797, 0.7325721453216288, 0.733383741116395, 0.7224070874575343, 0.6998158569987067, 0.666421413511522, 0.6236239871528193, 0.5733050212131406, 0.5176729559907758, 0.4590816064669186, 0.3998439358138061, 0.34206373316147665, 0.2875036580607088]
5.562305898749028	2.618088614450191	[0.23823017088212786, 0.193766943172609, 0.155119233488136, 0.12234739784826791, 0.09520237103446053, 0.0732125967315873, 0.05577000495179133, 0.042206056157474074, 0.031852449601116946, 0.024084496334656418, 0.01834787053036091, 0.014171237301801481, 0.011168120684115239, 0.00903148892865079, 0.00752414246901193, 0.0064673333339637954, 0.005729323515120001, 0.005214932079184551, 0.004856597827116743, 0.004607111405847885, 0.004433938001352216, 0.0043149273179024, 0.004235162112210315, 0.00418469810232977, 0.004156976928035252, 0.004147731673665963, 0.004154244414840198, 0.004174849737373924, 0.00420860766716034, 0.004255091375947857, 0.004314252352783713, 0.004386337337738828, 0.004471840350550968, 0.004571478568674172, 0.004686185288289233, 0.004817115481956441, 0.004965661745177627, 0.005133479288366722, 0.005322519957307862, 0.0055350755757147966, 0.005773831890510382, 0.00604193456999019, 0.006343069660063734, 0.006681561145321407, 0.007062489368538613, 0.007491834515445728, 0.007976650776012863, 0.008525277578203498, 0.009147596128499861, 0.009855340713924006, 0.01066247659949541, 0.011585658047085437, 0.012644782886272103, 0.01386366204734716, 0.01527082553100657, 0.01690048781897382, 0.01879369777206787, 0.020999697217499707, 0.023577510625254657, 0.026597780915146526, 0.03014485512985677, 0.03431910220804022, 0.039239414638376435, 0.045045798367937484, 0.05190189256795053, 0.05999717407946129, 0.06954849515249895, 0.08080047190705741, 0.09402409835702909, 0.10951281184412667, 0.12757511218505432, 0.14852276326820385, 0.17265363939378162, 0.2002284638791177, 0.23144109629207488, 0.266382694309806, 0.30500104496672503, 0.3470575877675525, 0.3920860577737502, 0.4393580577903825, 0.48786196620006955, 0.5363020399237296, 0.5831240435168741, 0.6265719267866391, 0.6647769013687953, 0.6958758902693338, 0.718151273347221, 0.730178938533077, 0.7309679177795562, 0.7200733381794971, 0.6976658008368002, 0.6645448019318242, 0.6220909626193114, 0.572160479954692, 0.5169337585004655, 0.45873693224121653, 0.399858584256397, 0.3423837305619462, 0.28806323004998685]
5.537584539199033	2.6339358761694407	[0.2389568124091304, 0.19459707504753102, 0.15599190203013483, 0.12321237176590207, 0.09602183067055918, 0.07396119552967462, 0.05643368439538929, 0.04278007449517971, 0.032339067011751065, 0.024490681510343865, 0.018683278745659414, 0.014446597935252452, 0.011394071528156477, 0.00921782806651769, 0.007679424740660065, 0.006598726295715956, 0.005842636831277236, 0.005314750524281511, 0.004946461852189115, 0.0046897096006173, 0.004511287098043769, 0.004388529625798461, 0.00430613479171228, 0.0042538763388458335, 0.004224992652934107, 0.004215073226298927, 0.004221299944425374, 0.004241939283929942, 0.004276005806446229, 0.004323044019130713, 0.0043829884746252705, 0.004456078077118236, 0.004542805489970493, 0.004643892096073061, 0.004760279629283151, 0.004893135686171145, 0.005043869022426007, 0.005214154959225435, 0.005405969140727102, 0.005621631574376171, 0.005863860575925435, 0.006135839690679548, 0.006441298369472424, 0.006784610675834644, 0.007170914136021459, 0.007606254607977495, 0.008097761073030044, 0.008653858488931751, 0.009284525105459109, 0.010001605546987837, 0.01081918945852485, 0.011754071227430564, 0.012826304861072833, 0.014059874573005181, 0.01548349973774621, 0.01713159952123765, 0.01904543875050996, 0.02127448168052779, 0.023877971655830853, 0.026926754334901364, 0.030505342652705984, 0.03471420870284501, 0.03967224754507934, 0.04551932111433297, 0.05241871631042364, 0.060559278094831, 0.0701568594315312, 0.081454616342424, 0.0947215197860684, 0.11024832979937113, 0.12834013839745756, 0.14930454180694505, 0.17343451730661757, 0.2009852946661258, 0.23214489341827915, 0.2669986912218004, 0.30548931315651684, 0.34737437088283624, 0.39218592126705154, 0.4391968940153793, 0.4874007608482974, 0.5355111787772281, 0.5819877616387015, 0.625092379006476, 0.662977223949834, 0.6938016380646906, 0.7158697096483718, 0.7277759017212352, 0.7285423044367234, 0.7177296385056291, 0.6955054707327657, 0.6626575294136811, 0.6205469703334433, 0.5710049066774685, 0.5161838536069285, 0.4583823646752382, 0.3998646741650049, 0.3426969794233109, 0.28861822255941316]
5.512863179649037	2.64996833610754	[0.23968113404316901, 0.19542727398525184, 0.15686685400249867, 0.12408152575041072, 0.09684694755291308, 0.07471646463755446, 0.05710459102005676, 0.04336146956022384, 0.03283287995082521, 0.024903638360484842, 0.01902488025330327, 0.014727496340875798, 0.011624890276814539, 0.009408395715368273, 0.007838355885700327, 0.006733262926002133, 0.005958667953558605, 0.0054169371140145835, 0.005038413800114546, 0.004774175295497358, 0.004590333645267609, 0.0044637000765633756, 0.004378579171138176, 0.00432445545266277, 0.004294358752771437, 0.004283730258063596, 0.004289648564492058, 0.004310309226613301, 0.004344679740037852, 0.004392274357428228, 0.004453009999920729, 0.004527116873687061, 0.004615086109406468, 0.004717642856623073, 0.004835737407762437, 0.004970549799427024, 0.005123505251644906, 0.005296299180879181, 0.005490931465001365, 0.005709750407090762, 0.005955507438872238, 0.006231424203219454, 0.006541274210402959, 0.006889481921206187, 0.007281242805494683, 0.007722668794522345, 0.008220964515770403, 0.0087846409077404, 0.009423774176883434, 0.010150319714462067, 0.010978492431541404, 0.011925227107736308, 0.013010734612852426, 0.014259172288585413, 0.015699449048234556, 0.017366187722195277, 0.019300868214489304, 0.021553174620588526, 0.024182566393778946, 0.02726008675688161, 0.030870408762158436, 0.035114098597536884, 0.040110043798073786, 0.045997948030027484, 0.052940730469260296, 0.06112658411952615, 0.07077034205832626, 0.08211367563428582, 0.09542350997494536, 0.1109879036858423, 0.12910852335141448, 0.15008878358963357, 0.17421676408188352, 0.2017422105386915, 0.23284733204912444, 0.2676117700349572, 0.30597305313396533, 0.34768504104436565, 0.392278200912189, 0.4390268723601515, 0.48692969520167906, 0.5347097719486409, 0.5808405800302088, 0.6236018772293299, 0.6611667697016904, 0.6917169133984543, 0.7135779895864578, 0.7253629252091285, 0.7261067926015298, 0.7153758793754708, 0.6933347570571936, 0.6607594839045257, 0.6189918953585228, 0.5698381821245774, 0.5154231179520222, 0.4580177768654939, 0.3998620777192845, 0.3430033547936856, 0.2891685189068237]
5.488141820099042	2.666189091459618	[0.24040303112238234, 0.1962574558399597, 0.1577440309582626, 0.12495483076326439, 0.09767772331536807, 0.0754784356248468, 0.05778278306618751, 0.04395032179828443, 0.033333985136053575, 0.025323474170690155, 0.019372786983153388, 0.01501404451603326, 0.011860684886913933, 0.009603293407155654, 0.00800102910875676, 0.006871027711327535, 0.006077492384879027, 0.005521559183537445, 0.005132513392152035, 0.004860561857252244, 0.004671125406974738, 0.004540482059834721, 0.004452534897612278, 0.004396472352369693, 0.004365109818163084, 0.004353735798693604, 0.0043593219753937625, 0.004379990494929311, 0.00441465972544279, 0.004462812397194378, 0.004524346702738363, 0.0045994836026971, 0.004688712161839417, 0.0047927611626063585, 0.004912589252864945, 0.0050493890207819175, 0.0052046021533636655, 0.005379944435109779, 0.005577440125038509, 0.005799466218529441, 0.006048807528049314, 0.006328724300763154, 0.00664303447609761, 0.006996213523567993, 0.007393515321017901, 0.00784111858049291, 0.008346304113803315, 0.008917669617586738, 0.009565389818770408, 0.010301531659009329, 0.0111404358036638, 0.012099178081202845, 0.013198126442869985, 0.01446161163851077, 0.015918731726932728, 0.01760431267495362, 0.019560047893227663, 0.021835839293713688, 0.02449135883389127, 0.02759784278318957, 0.031240117504735494, 0.035518835004992685, 0.040552863946918226, 0.04648173644106177, 0.0534679870070248, 0.06169913785338879, 0.07138897988622075, 0.08277767683543331, 0.09613008338915087, 0.11173153474288647, 0.12988025250773033, 0.150875458499159, 0.1750003322542839, 0.2024991482340708, 0.2335483325605102, 0.2682218378628794, 0.3064521593803887, 0.34798948435495775, 0.3923627756399322, 0.4388478690200097, 0.4864486435171376, 0.5338976952999942, 0.5796823758208391, 0.6221003020033012, 0.6593454211825882, 0.6896216019188359, 0.7112760000914253, 0.7229398978036691, 0.7236612712307287, 0.7130119501199373, 0.6911535477604581, 0.6588505516289412, 0.6174256204357966, 0.5686601851710112, 0.5146514258901356, 0.45764303985519084, 0.3998506647825345, 0.34330272947880364, 0.28971400008063813]
5.463420460549046	2.6826013054299622	[0.24112239665270585, 0.1970875341850205, 0.1586233724610286, 0.1258322559614298, 0.09851415836517295, 0.07624713916223033, 0.0584683186536764, 0.04454671190184454, 0.03384248034368341, 0.02575029754327926, 0.01972711286598777, 0.015306356504953952, 0.01210156583831462, 0.009802625018600944, 0.008167540238851622, 0.007012107421465672, 0.006199188059748069, 0.005628686082253162, 0.005228822452516051, 0.004948924334347956, 0.0047537119081708734, 0.004618920343553076, 0.004528043090396816, 0.004469965090115861, 0.004437281696584451, 0.0044251238595475265, 0.004430352987785603, 0.004451014898758573, 0.0044859770383513875, 0.004534688968790091, 0.004597029323042448, 0.004673208938298994, 0.00476371454221801, 0.004869278121505318, 0.004990866732237121, 0.00512968535575034, 0.005287192398615869, 0.005465124032358633, 0.005665529290652141, 0.005890814012683216, 0.006143796901999023, 0.0064277770731908926, 0.006746617513820924, 0.0071048450644124305, 0.007507772732877095, 0.007961646456679376, 0.008473824041556497, 0.00905299043353229, 0.009709419734533271, 0.010455290898723218, 0.011305071149930006, 0.012275977650111992, 0.013388535998557943, 0.014667250191065363, 0.016141407425286882, 0.017846035739521725, 0.019823040915491422, 0.022122539997235367, 0.02480441433828295, 0.02794008792261246, 0.031614534198106246, 0.0359284817196015, 0.04100076963343125, 0.04697074402136825, 0.05400053870420469, 0.06227698489542652, 0.07201281021775359, 0.08344664634756317, 0.09684125450271705, 0.11247922294743473, 0.1306553108696281, 0.15166453454954176, 0.1757851734721364, 0.20325604209621778, 0.2342478141096692, 0.2688287990466694, 0.3069265249533485, 0.34828758393600523, 0.3924395228670113, 0.43865975715042793, 0.4859574785156933, 0.5330748216985882, 0.5785130245986608, 0.6205875309842037, 0.6575130593878785, 0.6875155865115304, 0.7089636264839555, 0.7205067056883406, 0.7212056276030038, 0.7106377375790258, 0.6889617290260887, 0.6569306164277369, 0.6158480264259497, 0.5674707923657255, 0.5138686497430496, 0.4572580223514636, 0.399830302999649, 0.3435949739026126, 0.2902545447102838]
5.438699100999051	2.6992082089122698	[0.2418391212208647, 0.19791742031915854, 0.15950481592544963, 0.12671376877163687, 0.09935625167596189, 0.07702260515585524, 0.05916125555235554, 0.0451507210010279, 0.034358464178070126, 0.026184218639604337, 0.020087973616571258, 0.015604548682260778, 0.012347645935859361, 0.010006497080188602, 0.008337987548678361, 0.007156591426201692, 0.006323835176429491, 0.005738389482854226, 0.005327404749555561, 0.005039319747750182, 0.004838144283311949, 0.0046990613412892165, 0.0046051461965319175, 0.004544973104445811, 0.004510911356135459, 0.004497929653587431, 0.004502775395338023, 0.004523415328458649, 0.00455866385455847, 0.004607935910277225, 0.004671089457385128, 0.004748324524336728, 0.004840124985868712, 0.004947225797261706, 0.0050706022566443815, 0.005211471771214507, 0.005371309517895907, 0.005551872263345118, 0.00575523401773881, 0.005983829804197204, 0.006240512540107159, 0.006528620661229401, 0.006852062632943255, 0.007215417224758377, 0.007624057099539962, 0.008084296069076041, 0.008603569530269082, 0.00919065038633239, 0.009855912732225944, 0.010611648229262225, 0.011472451191849009, 0.012455680652253606, 0.013582020101888906, 0.014876146896003684, 0.016367536972500842, 0.018091419679871913, 0.02008991155112224, 0.02241334241614228, 0.02512179931460962, 0.028286888997777104, 0.03199372502961522, 0.03634310369826611, 0.04145382309246088, 0.04746502936175311, 0.05453843854379584, 0.06286017141500456, 0.07264187005645659, 0.08412061070730814, 0.0975570369053842, 0.11323096792335716, 0.13143368194165822, 0.15245597891968796, 0.17657123731579807, 0.20401282522412026, 0.2349456933344777, 0.2694325563944261, 0.30739604010219646, 0.34857922122053075, 0.39250831707534223, 0.43846240816442045, 0.4854560699806829, 0.5322410222636491, 0.5773323990845433, 0.6190634400784265, 0.6556695625515856, 0.6853987482952971, 0.7066407514433596, 0.7180632332428807, 0.718739746475166, 0.7082531267337498, 0.6867591846189159, 0.6549995602056472, 0.6142589918372673, 0.5662698782102817, 0.5130746594860167, 0.45686259085724235, 0.3998008576146435, 0.3438799561172559, 0.29079002898906026]
5.413977741449055	2.71601310221884	[0.242553092942191, 0.19874702318672033, 0.1603882965875897, 0.1275993347956722, 0.10020400078144255, 0.07780486265122963, 0.059861651204537056, 0.045762430580602254, 0.03488203612894461, 0.026625349120849243, 0.020455486826603673, 0.015908739720596463, 0.01259904043169961, 0.010215018766006953, 0.00851247189463515, 0.007304571698572916, 0.006451516341897512, 0.005850743389198977, 0.0054283261354634085, 0.005131807097445119, 0.004924475404827882, 0.004780953114764753, 0.004683888106128747, 0.004621537218682462, 0.004586036988174508, 0.004572189590765611, 0.0045766240665890585, 0.004597225748702203, 0.004632753333300786, 0.004682586060927283, 0.004746559635902743, 0.004824862968330729, 0.004917976141054864, 0.005026637205129047, 0.005151829149714267, 0.005294782191208916, 0.005456987969479656, 0.005640224395591259, 0.005846590316413354, 0.006078550615238134, 0.006338992411701087, 0.006631294253073436, 0.006959410176119155, 0.007327971780724508, 0.007742411562057881, 0.008209112212322093, 0.008735586946834725, 0.009330697712327762, 0.010004918809086778, 0.010770655708341601, 0.011642629889072244, 0.012638343237493545, 0.013778636849793057, 0.015088362049906276, 0.016597182486505546, 0.018340528613859184, 0.020360725334601853, 0.022708313552279456, 0.025443581354546732, 0.028638314047279765, 0.03237775721230805, 0.036762766928238357, 0.04191208732842885, 0.04796465179582583, 0.055081739911642336, 0.0634487439287251, 0.07327619633440587, 0.08479959630856432, 0.09827744356048743, 0.11398676860673537, 0.13221534801993826, 0.15324975756333048, 0.17735847161996943, 0.2047694290331077, 0.23564188470388292, 0.27003301070562574, 0.307860592638058, 0.348864275456604, 0.39256903018839084, 0.4382556912337977, 0.48494428512403037, 0.5313961658850693, 0.5761403694709801, 0.617527902997322, 0.6538148064422744, 0.6832709662264402, 0.7043072552492259, 0.7156093627069315, 0.7162635102639198, 0.7058580004320795, 0.6845457960070452, 0.6530572627173242, 0.6126583928924769, 0.5650573149986315, 0.5122693227665875, 0.4564566095561295, 0.3997621914491549, 0.3441575417235998, 0.2913203266196106]
5.3892563818990595	2.733019356860061	[0.24326419743731423, 0.19957624923567555, 0.1612737475670775, 0.1284889175978789, 0.10105740190894398, 0.07859393957700779, 0.060569562923053974, 0.04638192220646826, 0.035413296829315086, 0.027073801878584255, 0.02082977227431374, 0.016219050337675033, 0.012855867372182783, 0.010428301660611292, 0.008691097082211816, 0.007456142599057585, 0.006582316936958889, 0.005965823933777091, 0.005531654896363841, 0.005226447170381621, 0.005012760209152054, 0.004864645191454626, 0.004764314450684581, 0.004699699468717406, 0.004662698278153603, 0.004647941116866888, 0.004651935190828736, 0.004672481048828178, 0.004708279841800883, 0.004758673122810069, 0.004823473529470075, 0.0049028577132995506, 0.004997301762662868, 0.005107546192131836, 0.005234581831910474, 0.00537965138399065, 0.005544263317269757, 0.005730216564758005, 0.00593963532619728, 0.006175014368472329, 0.00643927565204107, 0.006735837976068466, 0.007068701699654498, 0.007442551490565117, 0.007862880532637149, 0.008336140708164234, 0.008869923994825743, 0.009473181718600428, 0.010156489369922082, 0.010932366501723625, 0.011815662680848075, 0.012824022687347223, 0.013978445885458287, 0.015303957080275708, 0.016830407683183706, 0.018593427750619822, 0.020635549421785707, 0.023007521401415026, 0.025769829649250776, 0.02899443192634463, 0.032766699471945146, 0.037187537933238105, 0.042375626688018815, 0.048469670792409644, 0.055630497269479474, 0.06404274856074015, 0.07391582669948898, 0.0854836285157815, 0.09900248771736375, 0.11474662220400446, 0.1330002912347287, 0.15404583401418875, 0.17814682364215195, 0.20552578192238186, 0.2363363017954391, 0.2706300593309864, 0.3083200692893052, 0.3491426222033609, 0.3926215329598029, 0.4380394717757016, 0.4844219899534737, 0.5305401177596699, 0.5749368047101487, 0.6159807899000426, 0.6519486655189212, 0.681132115895505, 0.701963016764216, 0.7131449731630124, 0.7137767998317597, 0.7034522385734943, 0.6823214429453768, 0.6511036009524022, 0.6110461039201555, 0.563832972388381, 0.5114525051246767, 0.4560399400464616, 0.3997141649764959, 0.34442759374028176, 0.2918453087676148]
5.364535022349064	2.750230417375908	[0.24397231770467126, 0.20040500249066626, 0.16216109959841066, 0.12938247890670784, 0.10191644961046208, 0.07938986305256343, 0.061285047461284374, 0.047009277923601905, 0.03595234759906207, 0.027529691508060727, 0.02121095146740339, 0.01653560382564217, 0.013118247155123554, 0.0106464603203895, 0.008873969443538252, 0.007611401443639681, 0.0067163247150625735, 0.006083709930591133, 0.005637461372119597, 0.005323303062800068, 0.005103055337850383, 0.004950189048122133, 0.004846472266517937, 0.0047795035454511236, 0.004740936092256065, 0.0047252231166358795, 0.004728745988025739, 0.004749217410814988, 0.0047852786874231275, 0.004836231998924922, 0.004901865701910205, 0.004982343351775746, 0.005078136481398766, 0.005189987732731605, 0.005318895603011386, 0.005466115245022329, 0.005633172022399827, 0.00582188605052169, 0.006034407112220103, 0.006273260161425575, 0.00654140235818356, 0.006842293175327114, 0.007179979763550311, 0.007559200383724574, 0.007985509472600587, 0.008465428711816497, 0.00900662947300158, 0.009618153114508105, 0.010310676957226605, 0.011096835249226266, 0.011991606176801685, 0.013012777826566306, 0.01418150803617923, 0.01552299501610277, 0.01706727744447497, 0.01885018393625499, 0.020914452067709127, 0.023311035593259703, 0.02610061435229825, 0.029355313063583563, 0.03316062126672094, 0.03761748467220363, 0.042844505905597026, 0.04898014702331566, 0.0561847649944701, 0.06464223230626762, 0.07456079812060035, 0.08617273314620129, 0.09973218126188095, 0.1155105259073455, 0.133788491639982, 0.15484417133455622, 0.17893623790466587, 0.20628181143657046, 0.237028854927229, 0.27122359850231414, 0.30877435318599056, 0.34941413575956054, 0.3926656923951563, 0.43781361389012885, 0.48388904673108263, 0.529672741737719, 0.5737215701118414, 0.6144219695520575, 0.6500710107608197, 0.6789820714170018, 0.6996079115662864, 0.7106699421027818, 0.7112794929619399, 0.701035719327587, 0.6800860023022564, 0.6491384500112023, 0.609421996515026, 0.5625967179608136, 0.5106240694498527, 0.4556124416265486, 0.3996566360298821, 0.34468997266002815, 0.2923648439735349]
5.339813662799068	2.7676498032211088	[0.2446773340921884, 0.20123318440059088, 0.1630502810918685, 0.13027997838955707, 0.10278113689836495, 0.08019265911847892, 0.06200816121636474, 0.0476445799696416, 0.036499290710750455, 0.027993134027056492, 0.02159914796313019, 0.01685852578821496, 0.01338630288951717, 0.010869612032576274, 0.009061198217421212, 0.007770448282056741, 0.00685363018311515, 0.00620448266812361, 0.005745818322297919, 0.0054224399845623165, 0.00519541947899702, 0.005037637925235015, 0.004930410307446722, 0.004860994619536044, 0.004820792761435198, 0.0048040757495823976, 0.0048070949667871725, 0.004827472156574923, 0.0048637863533188015, 0.004915298651721891, 0.0049817718274841605, 0.005063355494557476, 0.005160516007264325, 0.005273997806199896, 0.005404806835542026, 0.005554210680896933, 0.005723751630407969, 0.005915271164630352, 0.006130944849802008, 0.006373328155937081, 0.006645413774631192, 0.006950702301494855, 0.007293288122004786, 0.007677963643366404, 0.008110345091810857, 0.008597024585059678, 0.00914575348818068, 0.009765663870299892, 0.010467535482754043, 0.011264117902553862, 0.012170518413315994, 0.013204668832363804, 0.01438788560185484, 0.015745540258692764, 0.017307858147724432, 0.019110865374117627, 0.02119750300718663, 0.02361892704644718, 0.026436007023754354, 0.029721029033250367, 0.03355959330881658, 0.038052676009176105, 0.043318790717725424, 0.04949614171010151, 0.05674459810279923, 0.06524724223534145, 0.07521114773555655, 0.08686693551451187, 0.10046653570063316, 0.11627847577157933, 0.13457992833922208, 0.15564473082696306, 0.17972665745723942, 0.20703744282898737, 0.23771945253827095, 0.2718135217799747, 0.3092233253233212, 0.3496786875428058, 0.39270137324887283, 0.4375779787298243, 0.483345315443685, 0.5287938987477885, 0.5724945287248714, 0.6128513078669517, 0.6481817109037264, 0.6768207041399531, 0.69724181299734, 0.7081841443416564, 0.7087714651958089, 0.6986083182684272, 0.6778393486805949, 0.6471616824554248, 0.6077859399538074, 0.5613484167696081, 0.5097838762136659, 0.45517397101412327, 0.3995894598783689, 0.344944536309465, 0.2928787981005659]
5.315092303249073	2.7852811107056596	[0.24537912422583466, 0.20206069378088024, 0.1639412180528361, 0.13118137360790247, 0.10365145516443307, 0.08100235271098, 0.06273896016079503, 0.048287910778155356, 0.03705422934642377, 0.028464246915028527, 0.0219944873572023, 0.0171879442155664, 0.01366016041489983, 0.011097876917852365, 0.009252895590567543, 0.007933386015577222, 0.006994326653364208, 0.006328226029888153, 0.005856800979084305, 0.005523925373478072, 0.005289913415169084, 0.00512704693041985, 0.00501617908558734, 0.004944219432891341, 0.004902312115266345, 0.004884540530668716, 0.004887021952734542, 0.004907283819862991, 0.004943840523075281, 0.004995910168425405, 0.0050632287133440665, 0.0051459308314069354, 0.005244477150958033, 0.005359613454308033, 0.005492352995884809, 0.005643975665314282, 0.005816040792506176, 0.006010411306207537, 0.006229288846088202, 0.00647525963364562, 0.00675135231534297, 0.007061108967142108, 0.007408671745633038, 0.007798887664299295, 0.008237435370746378, 0.008730977956258124, 0.009287347476608868, 0.009915767279672081, 0.010627120247259023, 0.011434271790828796, 0.012352458870421187, 0.013399757303193857, 0.014597642367272458, 0.015971658653849388, 0.017552217671006, 0.019375541700402017, 0.021484773450116717, 0.023931268047375064, 0.026776080611661448, 0.0300916526370646, 0.03396368752762001, 0.03849318179783065, 0.043798547803278624, 0.05001771671121184, 0.05731005216196697, 0.06585782558287319, 0.07586691273168092, 0.08756626052672034, 0.10120556200759889, 0.11705046681328501, 0.13537457929844166, 0.15644747214013213, 0.18051802365908243, 0.20779259917539253, 0.23840800094539422, 0.2723997201738615, 0.30966686430112783, 0.3499361462148878, 0.39272843775547445, 0.43733242462488775, 0.482790653535641, 0.5279034469138945, 0.5712555410806355, 0.6112686680088879, 0.6462806322019954, 0.6746478827292317, 0.6948645919494946, 0.7056874520745011, 0.7062525896463817, 0.6961699084028161, 0.6755813542596972, 0.6451731683101053, 0.6061378010644092, 0.5600879313195982, 0.5089317833636071, 0.4547243823054603, 0.39951248914144716, 0.3451911397916122, 0.2933870342648263]
5.290370943699077	2.803128014992485	[0.2460775629256204, 0.20288742676891036, 0.16483383397478396, 0.13208661999840254, 0.10452739406223113, 0.08181896767252406, 0.06347749973000069, 0.04893935302574753, 0.03761726750553791, 0.02894314920161, 0.022397097221290508, 0.017523989612165294, 0.013939948268781727, 0.011331378087779278, 0.009449176687866651, 0.00810032056987005, 0.007138510246362663, 0.006455026668874928, 0.0059704870539081046, 0.005627829061164912, 0.005386600028086793, 0.005218473190314933, 0.005103830871830962, 0.005029226435107735, 0.004985539478464553, 0.0049666604523496815, 0.00496856808237801, 0.004988692256226973, 0.005025480073445887, 0.005078104861476199, 0.005146274292321776, 0.005230107224423735, 0.005330057817478652, 0.005446872869772112, 0.005581572639029275, 0.005735449324433713, 0.005910079261461276, 0.0061073470456020915, 0.006329480536774079, 0.006579097079749971, 0.006859261560787854, 0.00717355803173892, 0.007526176818109845, 0.00792202014041428, 0.008366829555737702, 0.00886733981149023, 0.009431464196457365, 0.010068518055872817, 0.010789487928554614, 0.0116073557229348, 0.01253748845309478, 0.013598106368707988, 0.014810843573662543, 0.016201417610875648, 0.017800425351084975, 0.01964428411370036, 0.02177633602102817, 0.024248132391922864, 0.027120909367332937, 0.03046725805982399, 0.03437297695404767, 0.038939073052899835, 0.04428384462957135, 0.050544934711376735, 0.05788118309170285, 0.06647402995845379, 0.07652813009570802, 0.08827073291292098, 0.10194927031967181, 0.11782649326878772, 0.13617242098748625, 0.15725235355326364, 0.1813102757706951, 0.20854720168325644, 0.2390944038945124, 0.2729820824727002, 0.31010484584757586, 0.3501863780219211, 0.3927467451415817, 0.4370768074207395, 0.48222491542647156, 0.5270012418761644, 0.5700044647336245, 0.6096739106811169, 0.644367638007357, 0.6724634734096633, 0.6924761164939474, 0.7031797350672963, 0.7037227366842957, 0.6937203603062477, 0.6733118885401844, 0.6431727751448518, 0.6044774440271407, 0.5588151215974327, 0.5080676461745923, 0.4542635269613739, 0.39942557368284376, 0.34542963543348615, 0.2938894127632016]
5.265649584149082	2.821194272154172	[0.24677252214013143, 0.20371327673479966, 0.16572804979239686, 0.13299567077278968, 0.10540894148140433, 0.0826425266536909, 0.0642238348254101, 0.0495989895511027, 0.03818851004520234, 0.02942996141486373, 0.02280710718379559, 0.017866794978396452, 0.014225797803074668, 0.011570241655157144, 0.009650159712746395, 0.008271360923908363, 0.007286280041085417, 0.006584974043995712, 0.006086956885148132, 0.005734223308732632, 0.005485544436097062, 0.005311975881085587, 0.005193419819760352, 0.005116065807672633, 0.005070521781154207, 0.005050480003357476, 0.005051775901458804, 0.005071738657969027, 0.005108745163152258, 0.005161922281289176, 0.005230947704585163, 0.005315923719872623, 0.005417297082751361, 0.005535815407997175, 0.005672505481943019, 0.005828671948998319, 0.006005907963183459, 0.006206120137048627, 0.006431562557151463, 0.0066848841961164715, 0.0069691863295238314, 0.007288095614905929, 0.007645850809244767, 0.008047410077558454, 0.008498578234428228, 0.009006162506273204, 0.009578157806509915, 0.010223972341177695, 0.010954696664211795, 0.01178342999324375, 0.01272566957873166, 0.01379978068968593, 0.015027556011632554, 0.01643488609399557, 0.018052552082442313, 0.019917165354410387, 0.02207226486474802, 0.024569595348474468, 0.027470568958166908, 0.03084792081083944, 0.034787535841019505, 0.03939042186420431, 0.04477474958114451, 0.05107785910227539, 0.05845804730200122, 0.06709590318828888, 0.07719483676241148, 0.08898037702669655, 0.10269767009757376, 0.11860654834976206, 0.13697342855489442, 0.15805933168986602, 0.18210335114343054, 0.20930116936938964, 0.23977856276379278, 0.2735604948942953, 0.3105371430319925, 0.350429246428529, 0.39275615184136153, 0.4368109801090452, 0.4816479527194806, 0.5260871364316126, 0.5687411544527627, 0.6080668937887038, 0.642442588933273, 0.6702673396604716, 0.690076252010904, 0.7006608603898161, 0.7011817740291726, 0.6912595418967985, 0.6710308183962154, 0.6411603678886781, 0.602804730390174, 0.557529844924451, 0.5071913172317285, 0.4537912536932203, 0.3993285605648815, 0.345659872699256, 0.2943857910034027]
5.240928224599086	2.8394837212905193	[0.2474638709091462, 0.20453813413819766, 0.16662378390006943, 0.13390847673130793, 0.10629608361656606, 0.083473050904114, 0.0649780199343035, 0.05026690314547663, 0.03876806285319148, 0.029924805389608726, 0.02322464915392132, 0.018216495646452942, 0.014517843449465065, 0.0118145965976252, 0.009855966237719015, 0.008446618994888905, 0.007437738372665844, 0.006718160318101928, 0.006206293727828584, 0.0058431827114382405, 0.005586814265862271, 0.0054076161363419036, 0.005285002214769702, 0.005204789374399986, 0.005157307784972627, 0.005136045082331287, 0.005136689570069887, 0.005156465472016576, 0.005193677420209252, 0.005247403139103529, 0.005317289470674915, 0.0054034204761933035, 0.005506235355787247, 0.005626481519863616, 0.005765192558018765, 0.005923684931043675, 0.006103569146374554, 0.006306773458071193, 0.00653557888968048, 0.0067926658418353495, 0.007081172826309274, 0.007404769036271017, 0.007767742626236674, 0.008175107730478446, 0.008632733492858917, 0.009147499696918464, 0.009727484031959898, 0.010382187629348758, 0.011122806229186915, 0.01196255629110885, 0.012917066370145183, 0.014004846349413786, 0.015247848233539191, 0.01667213448920257, 0.018308670553579168, 0.020194259539142258, 0.02237263591183363, 0.024895733450352918, 0.02782513676807121, 0.031233717463320102, 0.03520744000539182, 0.03984730107076325, 0.04527133235023836, 0.05161655357885895, 0.05904070213936256, 0.06772349282232792, 0.07786707012340817, 0.08969521625464023, 0.10345077070249976, 0.11939062355186648, 0.13777757647453295, 0.15886836072931443, 0.1828971859331029, 0.2100544181866274, 0.2404603773340274, 0.27413484014814693, 0.3109636270733751, 0.3506646111447726, 0.39275651231654307, 0.4365347918527203, 0.481059615001107, 0.5251609795931828, 0.567465462966589, 0.6064474715659015, 0.6405053435158056, 0.6680593414396966, 0.6876648617434378, 0.6981306917569619, 0.6986295671834738, 0.6887873179027184, 0.6687380083862594, 0.6391358084229212, 0.6011195192625893, 0.5562319556656561, 0.506302646516906, 0.45330740827326194, 0.3992212940430522, 0.3458816980848545, 0.29487602342178115]
5.216206865049091	2.8580002867090397	[0.24815147518539749, 0.20536188662887245, 0.16752095182563873, 0.1348249864996627, 0.1071888045343403, 0.08431056062339035, 0.065740108631334, 0.05094317700237188, 0.0393560323217124, 0.030427804801535317, 0.023649856796975937, 0.01857322987981885, 0.014816222213914045, 0.012064575397439745, 0.010066720725147254, 0.008626210290603082, 0.007592990380007857, 0.006854680997826357, 0.006328583326549492, 0.005954784807403676, 0.005690479249578498, 0.005505457613974319, 0.005378636095590018, 0.005295451122562773, 0.005245947729334665, 0.005223403474436806, 0.005223354533647948, 0.005242916836276482, 0.00528031963664883, 0.005334589708884765, 0.005405341207846077, 0.005492639137882843, 0.0055969141135420696, 0.005718913104135743, 0.005859675966587736, 0.006020531101284794, 0.006203106142262172, 0.006409351338186306, 0.006641574629036028, 0.006902488359557445, 0.007195268407063182, 0.0075236271459067664, 0.00789190237253181, 0.008305164944201185, 0.008769348661361235, 0.009291406700342772, 0.009879499889268088, 0.010543223152376768, 0.011293877730083788, 0.01214479812425537, 0.013111744307479242, 0.014213371325258475, 0.015471790148715758, 0.016913235137634857, 0.018568854768060066, 0.02047564277198547, 0.022677526304354455, 0.02522662520377493, 0.028184691203209062, 0.031624726480501436, 0.035632765985611964, 0.04030978522881556, 0.045773662916286435, 0.05216108327407873, 0.05962920465844542, 0.0683568474595199, 0.07854486656536593, 0.09041527455170248, 0.1042085796842187, 0.12017871041100425, 0.13858483658133278, 0.15967939438078943, 0.183691712900563, 0.2108068631929309, 0.24113974339409988, 0.27470499975438506, 0.3113841648140781, 0.35089233052672586, 0.3927476764815331, 0.4362480903817838, 0.4804597473131834, 0.5242226188856636, 0.5661772385802396, 0.6048154966802863, 0.6385557560628184, 0.6658393370202061, 0.6852418049455373, 0.6955890910449447, 0.6960659779184097, 0.686303551035665, 0.6664333195868523, 0.6370989564154601, 0.5994216664806922, 0.5549213057499724, 0.5054014808742622, 0.4528118337789158, 0.3991036152873249, 0.346094955129444, 0.29535996141494986]
5.191485505499095	2.876747980170347	[0.24883519785737893, 0.20618441878257215, 0.16841946641125285, 0.1357451461317601, 0.1080870864827399, 0.0851550744732484, 0.06651015399697448, 0.05162789418067848, 0.03995252586038764, 0.030939084617075223, 0.02408286612534247, 0.01893713833493489, 0.015121074322973395, 0.012320313527938432, 0.010282551201270914, 0.008810253424447832, 0.007752144679665004, 0.006994634476330879, 0.006453914566185488, 0.006069109646541041, 0.005796611837125612, 0.005605566090613619, 0.005474381820359769, 0.005388106823067142, 0.005336493850176607, 0.005312604497431414, 0.005311817997345125, 0.005331138251020652, 0.005368716203853954, 0.005423525522364397, 0.005495146032803808, 0.00558362255143564, 0.005689376277847098, 0.005813153240652798, 0.005955999230827197, 0.006119254475231378, 0.00630456371014042, 0.006513899313086924, 0.006749596321854996, 0.007014399332401948, 0.0073115219194485916, 0.007644720078050505, 0.008018381696136686, 0.008437634897900616, 0.008908478678017443, 0.009437940220376294, 0.010034264073065987, 0.010707139580038463, 0.011467974024864266, 0.012330220480622068, 0.013309770691810717, 0.014425425099248237, 0.015699453544000055, 0.017158261878364486, 0.018833180637412815, 0.020761392599432462, 0.022987015079348284, 0.02556235043098458, 0.028549312487070006, 0.03202102741932673, 0.03606359197212349, 0.04077794964548093, 0.04628181263723891, 0.05271151359092381, 0.06022361290009868, 0.0689960153487511, 0.07922826295796359, 0.0911405747881732, 0.10497110449553872, 0.12097079858561931, 0.13939518001699572, 0.16049238370796554, 0.18448686357590702, 0.21155841614801535, 0.2418165550887232, 0.275270851466575, 0.31179862119180696, 0.3511122589029415, 0.39272949221838016, 0.43595071931843415, 0.4798481926148215, 0.5232718977719851, 0.5648763274847675, 0.6031708178581462, 0.6365936787207808, 0.6636071808950667, 0.6828069386377342, 0.6930359165314647, 0.6934908656785147, 0.6838081005907288, 0.6641166106368411, 0.6350496682775684, 0.5977110253091219, 0.5535977439586074, 0.5044876644035291, 0.45230437017272507, 0.3989753625117549, 0.34629948424008805, 0.2958374532509013]
5.1667641459491	2.895730903200579	[0.2495148986175284, 0.20700561210165924, 0.1693192376111429, 0.1366688991788928, 0.10899090964253003, 0.08600660970972994, 0.06728820834875618, 0.052321137799429034, 0.040557651632355786, 0.0314587713495829, 0.024523815257584177, 0.019308364371364132, 0.015432543013628576, 0.012581949802414566, 0.010503589074948506, 0.00899887048299194, 0.007915313206330432, 0.007138122399975148, 0.0065823793263941445, 0.006186240141305533, 0.005905287059193535, 0.00570800978764229, 0.005572301935928729, 0.005482814328507362, 0.005429000255141934, 0.005403699272514467, 0.005402128807742337, 0.005421176825541957, 0.00545891300144851, 0.005514255595494465, 0.0055867484579297496, 0.005676414975809364, 0.0057836661185031, 0.005909246388875127, 0.006054207206673091, 0.00621990044362315, 0.006407987950575223, 0.006620464310533469, 0.006859691882311646, 0.007128447768708649, 0.007429983618523153, 0.007768099438072428, 0.00814723370263689, 0.008572572297508822, 0.009050179995823582, 0.009587158549644932, 0.010191836853521664, 0.010873999235060359, 0.01164515960566301, 0.012518890061202487, 0.01351121450737616, 0.014641078913727758, 0.015930911917890728, 0.017407290332765096, 0.019101725777945732, 0.021051588330295065, 0.0233011829170129, 0.02590299063359524, 0.028919082346678286, 0.03242270134616543, 0.036499997416427996, 0.04125187085677046, 0.046795853765268035, 0.05326791075325601, 0.060823985297855855, 0.06964104502291925, 0.07991729593775541, 0.09187113947600567, 0.10573835164518429, 0.12176687668090057, 0.14020857625136268, 0.16130727805075298, 0.18528256715798652, 0.21230898652349975, 0.24249070371719694, 0.27583227035016955, 0.3122068579699559, 0.351324247689664, 0.3927018040803047, 0.4356425192881581, 0.47922479050645905, 0.5223086567147106, 0.5635625725498445, 0.6015132808524497, 0.6346189603795145, 0.6613627246157889, 0.6803601166572516, 0.6904710235800214, 0.6909040867969751, 0.681300822966181, 0.6617877371229933, 0.6329877975209951, 0.5959874459889088, 0.5522611161311496, 0.5035610381536252, 0.4517848543752953, 0.39883637079195866, 0.3464951226519352, 0.2963083439878574]
5.142042786399104	2.9149532494730543	[0.2501904338766191, 0.2078253449255934, 0.17022017241195156, 0.13759618660203632, 0.10990025205944981, 0.08686518210776166, 0.06807432319662027, 0.0530229909885198, 0.04117151854509773, 0.0319869930478737, 0.024972844451955994, 0.019687054081994344, 0.015750774607532977, 0.012849626440284586, 0.010729969242218708, 0.00919218711577083, 0.00808261133333291, 0.007285249767871981, 0.006714072604659524, 0.0063062621648493165, 0.006016582643585706, 0.005812859461309575, 0.00567246128285655, 0.0055796336528053615, 0.005523523016419268, 0.005496740793888843, 0.005494337534858289, 0.005513081339434996, 0.00555095747070749, 0.005606826483618122, 0.005680194458414619, 0.0057710621334756615, 0.005879829316166667, 0.006007238436415678, 0.006154346143091837, 0.0063225158196342345, 0.006513426364316439, 0.006729094697070166, 0.006971910650614179, 0.007244684148818828, 0.007550705225517992, 0.007893818349635276, 0.008278513014752664, 0.008710033423350576, 0.009194510643331379, 0.009739121617548318, 0.010352280138200496, 0.011043866141027748, 0.011825500661734363, 0.012710875327189772, 0.013716146485245802, 0.01486040581658454, 0.016166240544237792, 0.017660397946172274, 0.019374569573344866, 0.021346311071559793, 0.023620112200665237, 0.026248629019772256, 0.029294084067954706, 0.032829830851884324, 0.03694206307959923, 0.0417316266267488, 0.04731585948615555, 0.053830341785306456, 0.06143038070629052, 0.07029198525563224, 0.08061200192443857, 0.09260699070087121, 0.1065103267021579, 0.12256693215618031, 0.14102499307638186, 0.16212402491005518, 0.18607875050045264, 0.21305848136877764, 0.24316207771417234, 0.2763891286343041, 0.3126087337150085, 0.3515281452336451, 0.39266445326635857, 0.43532332775840915, 0.4785893772011166, 0.521332733014951, 0.562235813290161, 0.5998427282858122, 0.6326314466321448, 0.6591058166424691, 0.6779011896103487, 0.6878942644995605, 0.6883054944399317, 0.6787815715340536, 0.6594465515166419, 0.6309131946400619, 0.594250775667446, 0.5509112650587069, 0.502621440046838, 0.4512531201677293, 0.3986864719839314, 0.346681704337517, 0.29677247538808393]
5.1173214268491085	2.9344193072613605	[0.2508616566864875, 0.20864349232171733, 0.17112217477301417, 0.1385269466540055, 0.11081508960559447, 0.08773080584777407, 0.06886854923462031, 0.053733536796167505, 0.04179423628315266, 0.03252387923855076, 0.02543009618594725, 0.02007335627618844, 0.01607591863409471, 0.013123489087020141, 0.010961830241163123, 0.009390332580766644, 0.008254158043480238, 0.007436124989641341, 0.006849092688437643, 0.006429264610110828, 0.0061305791783605856, 0.005920188456526561, 0.00577492714433696, 0.005678627017173803, 0.005620120304319385, 0.005591783967128987, 0.005588496591747572, 0.005606902274959415, 0.0056448987226632155, 0.005701286309745831, 0.0057755315715854695, 0.005867611236301113, 0.005977913055391834, 0.006107176723787817, 0.0062564637709597295, 0.006427148863306007, 0.006620927938771051, 0.006839840302576578, 0.007086303478521311, 0.007363160449859675, 0.007673740013609768, 0.00802193147954744, 0.008412275859397899, 0.008850076154628995, 0.00934153031388104, 0.009893891013641843, 0.010515657564226453, 0.011216806043565142, 0.012009065175170865, 0.012906246517391418, 0.013924639203062071, 0.01508348067277041, 0.016405516576275033, 0.017917663990683314, 0.01965179328304842, 0.02164564371883248, 0.023943887129257352, 0.02659935047784371, 0.029674402611945965, 0.033242500003384357, 0.03738987115166313, 0.04221729587127411, 0.04784190404130833, 0.05439887440195188, 0.06204285852545679, 0.07094888491319856, 0.08131241724806536, 0.09334814993282997, 0.10728703442672083, 0.12337095109391956, 0.14184439674224736, 0.16294256967790743, 0.18687533825414376, 0.21380680500833538, 0.24383056279806786, 0.2769412953849524, 0.31300410394853684, 0.3517237964715392, 0.3926172777719989, 0.43499297869543774, 0.47794178566649376, 0.520343960477704, 0.5608958859911503, 0.5981589993344132, 0.630630979877126, 0.6568363020544961, 0.6754300049451125, 0.6853054882876323, 0.685694938647074, 0.6762501964186425, 0.6570929031818261, 0.6288257069257217, 0.5925008583761413, 0.5495480303315938, 0.5016687048294346, 0.4507089980694346, 0.398525494651329, 0.3468590599096458, 0.2972296858250137]
5.092600067299113	2.9541334619662845	[0.251528416632192, 0.209459926016007, 0.17202514550405232, 0.1394611148306735, 0.11173539585343284, 0.08860349349380402, 0.06967093622698116, 0.054452858204529386, 0.04242591522284914, 0.0330695609882236, 0.025895715110872342, 0.020467422590175116, 0.016408127826304884, 0.01340368696469729, 0.01119931428096822, 0.009593439920296074, 0.008430075978336019, 0.007590860070283141, 0.006987541211811625, 0.0065553395703394, 0.006247360166614691, 0.006030072874826947, 0.005879769294333371, 0.005779859002201648, 0.005718852427599521, 0.005688885745562343, 0.005684660267988504, 0.005702691939783796, 0.005740787566579781, 0.0057976848764250445, 0.005872808922219834, 0.0059661110893044845, 0.006077966048281789, 0.006209110142502641, 0.0063606093260891354, 0.006533849376052915, 0.006730543171007845, 0.006952752512900286, 0.0072029227525623706, 0.007483930237940612, 0.0077991428312814476, 0.00815249513074431, 0.008548580090818455, 0.008992760064247216, 0.009491300387851608, 0.010051530085216599, 0.010682034518630066, 0.011392886511459241, 0.012195922937891214, 0.013105075753546377, 0.014136767096671613, 0.015310380274288604, 0.01664881905022109, 0.01817916968009031, 0.019933480034341845, 0.021949671076264873, 0.024272593693609953, 0.026955241701037237, 0.03006012456997843, 0.03366079447278941, 0.03784350517977839, 0.04270895879124559, 0.04837406262282941, 0.05497357714581249, 0.06266147855718131, 0.07161179309581094, 0.08201857796228747, 0.09409463817244727, 0.10806847853871543, 0.12417891835210394, 0.14266675168210624, 0.16376285579746017, 0.18767225255295472, 0.2145538592096403, 0.2444960416260472, 0.2774886366789632, 0.3133928207816224, 0.3519110431055884, 0.3925601120147072, 0.43465130273455, 0.4772818452540048, 0.5193421695681043, 0.5595426233531832, 0.5964619298616539, 0.6286173989878907, 0.6545540226545058, 0.672946406654473, 0.6827045407000487, 0.683072266072922, 0.673706544530158, 0.6547266381566235, 0.6267251784641702, 0.5907375348507762, 0.5481712483057116, 0.5007026639275732, 0.45015231527581717, 0.398353263951609, 0.34702701653425466, 0.2976798101937433]
5.067878707749117	2.974100198718936	[0.25219055975244137, 0.21027451426931767, 0.17292898220775374, 0.14039862373542597, 0.11266114204352533, 0.08948325586033255, 0.07048153300981438, 0.05518103801656846, 0.043066666478639326, 0.03362417082587278, 0.02636984814872538, 0.020869407452198906, 0.016747558264753364, 0.013690372876751206, 0.011442567420809896, 0.009801645994321626, 0.00861049163517443, 0.0077495706583681585, 0.007129523354582733, 0.006684582390522194, 0.006367012216216989, 0.006142591621693041, 0.005987060171863419, 0.005883396588013298, 0.005819781990678556, 0.005788105163191913, 0.005782884871053812, 0.005800504494129414, 0.005838676638065476, 0.005896073688988687, 0.0059720773403487025, 0.006066612111701717, 0.00618003864476926, 0.006313089155165136, 0.006466833654412809, 0.006642668720593895, 0.0068423241698911084, 0.007067884289989036, 0.0073218224948386965, 0.007607048688496658, 0.007926970203252944, 0.008285567262537806, 0.008687485292918743, 0.009138146438347376, 0.009643884037499167, 0.01021210395516219, 0.010851478246675548, 0.011572176951470827, 0.012386145664329076, 0.013307437050162825, 0.014352606577879241, 0.015541183342501012, 0.01689622900864207, 0.018444998161303634, 0.02021971495167118, 0.0222584798328385, 0.024606319811802807, 0.027316391143428535, 0.03045133830506206, 0.03408480146702997, 0.038303050215495536, 0.043206696769284125, 0.048912411526553366, 0.0555545192445941, 0.06328630116410885, 0.07228075895010576, 0.08273052001016387, 0.09484647571517468, 0.10885466189141442, 0.12499081728009735, 0.14349202069537603, 0.16458482443362216, 0.18846941320736488, 0.2152995428155739, 0.24515839399667827, 0.2780310152083905, 0.3137747331227661, 0.35208972319209253, 0.392492787040204, 0.4342981267660368, 0.47660938189402585, 0.5183271870081683, 0.558175854665801, 0.594751352038111, 0.626590539457021, 0.6522588166218951, 0.6704502353836956, 0.6800912639453147, 0.6804373200541602, 0.6711504593039201, 0.6523475991799125, 0.6246114499211396, 0.5889606425197353, 0.5467807519292648, 0.49972314540067364, 0.449582895522549, 0.3981696015589344, 0.34718539782577557, 0.29812267980794993]
5.043157348199122	2.994324105062612	[0.2528479284162546, 0.2110871218143144, 0.17383357913457198, 0.14133940304389758, 0.11359229692993558, 0.09037010200988925, 0.07130038734473992, 0.05591815889634324, 0.04371660178367377, 0.034187842834495746, 0.026852644413019305, 0.02127946822675357, 0.017094369341840995, 0.013983703396127471, 0.011691739570434994, 0.010015091696563214, 0.008795535391122065, 0.007912376272270167, 0.007275147876772672, 0.006817091888890661, 0.006489625074815616, 0.00625782661389007, 0.006096874911155831, 0.005989309343337044, 0.005922973917355617, 0.005889503505341741, 0.005883228744302109, 0.005900396105089205, 0.0059386204130031095, 0.005996506096573077, 0.006073389372864838, 0.006169166467769228, 0.0062841828432839, 0.00641916591906736, 0.0065751892226028055, 0.006753659939780674, 0.006956324667072478, 0.0071852902880964326, 0.007443058374401582, 0.00773257270171587, 0.00805728034190257, 0.008421207606884619, 0.008829052790045934, 0.009286298394872449, 0.009799346236061136, 0.01037567964415231, 0.011024057857828838, 0.011754748735355145, 0.012579806992246903, 0.013513406447520098, 0.014572236027466717, 0.015775970668116816, 0.01714782948220735, 0.018715234662212647, 0.020510585122718583, 0.02257215871883698, 0.024945155274116042, 0.027682889185627908, 0.030848133869239052, 0.034514609903261904, 0.03876859269728281, 0.0437105925554352, 0.04945702799226613, 0.05614177080782997, 0.06391738706071964, 0.07295583187806466, 0.08344827896077461, 0.09560368237392, 0.10964558615142066, 0.12580662995646602, 0.14432016457250066, 0.1654084147270407, 0.18926673727996854, 0.21604375201363626, 0.245817496386299, 0.2785682905609818, 0.31414968618850253, 0.35225967142561554, 0.3924151300229407, 0.43393327421230016, 0.4759242176028205, 0.5172988360342453, 0.5567954053371315, 0.5930270945668771, 0.6245502329622218, 0.6499505186956923, 0.6679413280436293, 0.6774654968181731, 0.6777899402767421, 0.6685817807818202, 0.6499556254147045, 0.6224843585724007, 0.5871700152821798, 0.545376370726352, 0.49872997376990563, 0.4490005590276477, 0.3979743255360845, 0.34733402375353817, 0.2985581223074266]
5.018435988649126	3.014809873715929	[0.2535003612448644, 0.21189760971234176, 0.17473882713498992, 0.1422833793426113, 0.11452882676412353, 0.09126403908937737, 0.07212754594213693, 0.05666430322266453, 0.04437583356249164, 0.0347607125397488, 0.02734425533657606, 0.021697765147498983, 0.017448723940932467, 0.014283838840700168, 0.011946984707549043, 0.010233921961955623, 0.008985341740663018, 0.00807940032584058, 0.007424527358763419, 0.006952970388596823, 0.0066152918596893385, 0.006375862809138113, 0.006209291554068987, 0.006097669449552894, 0.006028495643596549, 0.005993144326639843, 0.005985752441200154, 0.006002424959785312, 0.006040675365941577, 0.006099037302201486, 0.006176799429360875, 0.0062738280754391605, 0.006390452427236787, 0.006527394294431193, 0.006685730248065018, 0.006866877765120851, 0.007072600142972074, 0.0073050268627594265, 0.007566687831352366, 0.007860560911747446, 0.008190133271346507, 0.008559477677238232, 0.008973345772707515, 0.009437280891108775, 0.009957753886623654, 0.010542326075507506, 0.011199844459163315, 0.011940675200188707, 0.012776982622004886, 0.013723062004939076, 0.01479573594151492, 0.016014825094138208, 0.01740370564416358, 0.018989966460093963, 0.020806179761999916, 0.02289079845444775, 0.025289191916593564, 0.02805482805721458, 0.031250603187856274, 0.0349503102978155, 0.03924022064623686, 0.04422073011474805, 0.05000799041171072, 0.0567354026253568, 0.06455479753477861, 0.07363706127984691, 0.08417189024563804, 0.09636627716213406, 0.11044125205178894, 0.12662633681185678, 0.14515114236614102, 0.16623356336076212, 0.1900641393746747, 0.2167863798550048, 0.24647322225346677, 0.279100318704344, 0.3145175218166461, 0.35242071860401575, 0.3923269645778656, 0.4335565644912386, 0.47522617077974627, 0.5162569358764996, 0.5554010971625891, 0.5912889821955559, 0.6224963075938774, 0.6476289597326195, 0.665419517987675, 0.6748270743131701, 0.6751299628970931, 0.6660003452862248, 0.6475505525128202, 0.6203437380384071, 0.5853654835191682, 0.5439579305889726, 0.49772296998116555, 0.44840512233478835, 0.39776725025562915, 0.34747271052838213, 0.29898596154362733]
4.993714629099131	3.035562305419991	[0.254147692995919, 0.21270583525824813, 0.17564461353826175, 0.14323047604797967, 0.11547069517761496, 0.09216507227182807, 0.0729630543627543, 0.057419553066890484, 0.04504447486826589, 0.03534291693590694, 0.027844834656059574, 0.022124461395784903, 0.01781078846968446, 0.014590943398160215, 0.012208460951085295, 0.010458285923445986, 0.009180049393904629, 0.00825077029984719, 0.007577778309180845, 0.007092323888870402, 0.006744109163517944, 0.006496788367154137, 0.006324391147079622, 0.006208551847073183, 0.006136417203477553, 0.0060990935821695754, 0.006090518800822194, 0.006106651383026448, 0.006144900037120222, 0.006203724469627614, 0.006282363842977161, 0.006380652705110629, 0.006498903021764656, 0.00663782993766597, 0.006798512753215813, 0.006982378706531882, 0.007191207879761549, 0.007427152158682835, 0.007692770129292811, 0.007991073773995348, 0.008325590879761044, 0.008700440856236644, 0.00912042934984732, 0.009591160812500773, 0.01011917587411051, 0.010712114165635793, 0.011378911206470794, 0.012130031740669116, 0.012977750365756076, 0.013936483894914432, 0.015023188977153759, 0.016257831611433005, 0.017663944850459724, 0.019269282977836776, 0.021106590242448656, 0.023214491845401884, 0.02563852364037209, 0.028432301930105177, 0.03165884006216606, 0.03539199485525318, 0.0397180236469256, 0.04473719470985295, 0.05056537828251245, 0.05733548624147647, 0.0651985943697208, 0.0743244966182928, 0.08490138904630042, 0.09713427834851637, 0.1112416592437341, 0.12744991667501376, 0.14598491120859225, 0.1670602045995988, 0.1908615314240905, 0.21752731628940716, 0.24712544180265003, 0.27962695201756055, 0.3148780782138126, 0.3525726916563396, 0.3922281104996513, 0.43316781303813895, 0.47451505594585586, 0.5152013017713631, 0.5539927480699709, 0.5895368357157009, 0.6204285876129149, 0.6452939666906949, 0.6628846347874042, 0.6721758275909527, 0.6724572203388003, 0.663405985368894, 0.6451322124341073, 0.6181894182169274, 0.5835468739350484, 0.5425252536951725, 0.4967019512667666, 0.44779639821862827, 0.3975481862788665, 0.34760127049654804, 0.29940601747255785]
4.968993269549135	3.056586311872249	[0.254789754398641, 0.21351165194807994, 0.17655082194229374, 0.14418061342422359, 0.11641786294415535, 0.09307320482534535, 0.07380695677483433, 0.05818399031931028, 0.045722639158923634, 0.035934594675719855, 0.02835453822560445, 0.022559723352884087, 0.01818073271876584, 0.01490518542938328, 0.012476330461165794, 0.010688337247442116, 0.009379801206609351, 0.008426618088238101, 0.007735021112195742, 0.007235262404005326, 0.006876177008760975, 0.0066206949693505615, 0.0064422576967772425, 0.006322034530050959, 0.006246811183591817, 0.00620741989637838, 0.0061975929013333, 0.006213138082636706, 0.006251354986186142, 0.006310626948763836, 0.00639014082556446, 0.006489698189288221, 0.006609592051129175, 0.006750530499216305, 0.0069135945253384085, 0.007100221242070853, 0.007312206923341152, 0.007551726294666559, 0.007821366318590466, 0.008124173748256565, 0.008463716882652973, 0.008844162579846875, 0.009270370510388143, 0.009748007160463968, 0.010283683022865198, 0.010885117018115485, 0.011561333255041831, 0.01232289601208615, 0.01318219008783607, 0.014153754617630467, 0.015254679878007578, 0.016505077587550834, 0.0179286365445629, 0.01955327602991725, 0.021411909972590223, 0.0235433340490875, 0.025993246252779243, 0.02881540720792417, 0.03207293996456639, 0.03583975778427045, 0.04020209258599622, 0.04526007324683955, 0.05112927187913302, 0.05794209433441216, 0.06584883943786314, 0.07501818783556698, 0.08563680980222452, 0.0979077039140439, 0.11204680571586997, 0.12827734727212606, 0.14682142564485576, 0.16788827083112134, 0.19165882194566172, 0.21826644874283896, 0.24777402117949643, 0.2801480398950549, 0.3152311891118559, 0.35271541425614705, 0.3921183829066698, 0.432766831906726, 0.4737906829039296, 0.5141317455260009, 0.5525701713235945, 0.5877704724671252, 0.6183468927238222, 0.6429453630538225, 0.660336503593513, 0.6695115843098979, 0.6697715407533299, 0.6607985300438334, 0.6427004330112034, 0.6160212254182994, 0.5817140092237957, 0.5410781585533083, 0.49566673090548896, 0.4471741956480956, 0.3973169401979874, 0.3477195120332023, 0.29981810606560105]
4.94427190999914	3.077886918749996	[0.25542637215996294, 0.21431490917887958, 0.17745733234035888, 0.1451337081861269, 0.11737028820981944, 0.09398843765297643, 0.07465929627905908, 0.05895769620283124, 0.046410440712766156, 0.036535885591566626, 0.02887352451617767, 0.023003720152448462, 0.018558730429766836, 0.01522673706276014, 0.012750760051772567, 0.010924233769100317, 0.009584744809769778, 0.008607079667177154, 0.007896380648202196, 0.007381899657940105, 0.0070115994402002845, 0.006747677532918942, 0.006562978723142974, 0.006438198276795001, 0.006359753233171716, 0.006318194308717467, 0.006307042528272298, 0.006321949910059224, 0.00636010322307447, 0.006419806050871813, 0.006500190867109476, 0.006601024211350657, 0.006722579113133992, 0.006865555424113836, 0.00703103547240875, 0.007220465627727545, 0.0074356584267596055, 0.007678811179442232, 0.007952539573335445, 0.00825992511680379, 0.008604577159147265, 0.00899071015327932, 0.009423238464642521, 0.009907890860997495, 0.010451348449149106, 0.011061409718970048, 0.01174718812957918, 0.01251934770504816, 0.01339038409897798, 0.014374958746441254, 0.015490295900370621, 0.016756652472397007, 0.018197872724188862, 0.019842039475502633, 0.021722234913525457, 0.02387742215984976, 0.0263534580454675, 0.029204242025744103, 0.03249300068996983, 0.03629369469192836, 0.04069252038986009, 0.04578945354274708, 0.051699753090463915, 0.058555299836195875, 0.06650559565109973, 0.07571818430744019, 0.08637818728585946, 0.09868657032869092, 0.1128566890007396, 0.12910860382356926, 0.14766063897054707, 0.16871769099267878, 0.19245591750038746, 0.21900366039981256, 0.2484188240264463, 0.2806634269239928, 0.31557668538193717, 0.3528487049471264, 0.3919975938621467, 0.43235342790519626, 0.47305285830708227, 0.5130480737303318, 0.5511331769795218, 0.5859897046879085, 0.616251039362242, 0.6405829673713314, 0.6577749462147215, 0.6668341673910418, 0.6670727488662301, 0.6581778037952472, 0.6402550385567356, 0.613838981616524, 0.5798667084461896, 0.5396164594820769, 0.49461711838969236, 0.4465383194712196, 0.3970733146191289, 0.34782723940273147, 0.30022203913670825]
4.919550550449144	3.099469268826435	[0.25605736871506213, 0.2151154523227721, 0.17836402075392702, 0.14608967368916886, 0.11832792604120661, 0.09491076958497949, 0.07552011440917851, 0.05974075166109359, 0.04710799411901268, 0.03714693117446135, 0.029401954126993868, 0.023456624239552373, 0.01894495884604488, 0.015555774813108469, 0.013031920786135218, 0.011166138143870323, 0.009795032245017017, 0.008792295750778924, 0.008061985960849666, 0.007532353720338282, 0.007150484215902543, 0.006877834811258635, 0.006686644969493366, 0.006557127206709415, 0.006475321790712651, 0.006431490785823849, 0.00641893791709827, 0.006433154330874484, 0.006471209966102631, 0.00653132548291384, 0.006612576508610717, 0.0067146927102606285, 0.006837925765280834, 0.0069829663337973935, 0.00715089742023964, 0.007343174262956174, 0.0075616254553333, 0.007808470867259397, 0.008086355000776663, 0.008398394336156299, 0.008748239561456362, 0.00914015310498832, 0.009579104448840527, 0.01007088512704409, 0.010622247354910337, 0.011241069713793269, 0.011936555500311011, 0.01271946894426297, 0.013602416906490515, 0.014600183355883001, 0.015730126527408954, 0.017012648263956518, 0.01847174760736448, 0.02013566973144626, 0.022037663182229796, 0.024216855780040777, 0.02671925931768671, 0.029598906891254682, 0.032919121779271206, 0.036753903308194946, 0.04118940132668092, 0.04632542514758278, 0.05227690457808572, 0.059175176866400295, 0.0671689259547628, 0.07642453590183637, 0.0871255554159986, 0.09947089374476462, 0.11367130479967748, 0.1299436603760899, 0.1485025016719473, 0.169548392037209, 0.1932527209662406, 0.21973883178496778, 0.2490597096235315, 0.2811729545490511, 0.3159143930918286, 0.3529723788437102, 0.3918655504091411, 0.4319274042739866, 0.4723013837393796, 0.5119500893480283, 0.5496815700795986, 0.5841943409573324, 0.6141408390624672, 0.6382065945018707, 0.6551997797044968, 0.6641433960280763, 0.6643606648107102, 0.6555436273376555, 0.6377958489526111, 0.6116425049616161, 0.5780047863672422, 0.538139966891547, 0.4935529189909216, 0.4458885704902325, 0.3968171079282724, 0.3479242526569124, 0.3006176242772438]
4.894829190899149	3.121338625182392	[0.25668256217162894, 0.21591312249544078, 0.1792707592485463, 0.147048419645936, 0.11929072850649228, 0.09584019706770584, 0.0763894512795869, 0.06053323704816801, 0.04781541449708472, 0.03776787429099336, 0.029939990078299904, 0.023918611132302484, 0.019339599071508756, 0.015892479392576313, 0.013319988383892128, 0.011414217701128715, 0.010010820396665914, 0.008982411675084782, 0.008231970690829715, 0.00768674690837423, 0.007292943224800584, 0.007011269304399071, 0.006813350793054599, 0.006678908694398164, 0.006593598443326594, 0.006547386137684096, 0.006533352081879034, 0.006546821343268574, 0.0065847429433484525, 0.006645251269178852, 0.00672736262076969, 0.006830767806022836, 0.006955695785709807, 0.007102826955540946, 0.007273244360434513, 0.007468411623585422, 0.00769017322602998, 0.007940771493193012, 0.008222879876197872, 0.008539649973150059, 0.008894774149030333, 0.009292563121331124, 0.009738041962158103, 0.010237065388979446, 0.010796457271224014, 0.011424176730617328, 0.012129517436408041, 0.012923344199471899, 0.013818375481323907, 0.014829517915297743, 0.01597426375375855, 0.017273159377898212, 0.01875035793869729, 0.020434265609605637, 0.022358295383948477, 0.0245617368150481, 0.027090752739616707, 0.02999950442574107, 0.033351404918814234, 0.03722048315961458, 0.041692831447555145, 0.04686807893659939, 0.052860810265046285, 0.05980180022931557, 0.06783889386995008, 0.07713729236931088, 0.08787894785912408, 0.10026068927333233, 0.1144906476471234, 0.13078248896425812, 0.14934696215409785, 0.1703802979869742, 0.19404913232564505, 0.22047183972537324, 0.2496965337235983, 0.28167645996829177, 0.3162441343688587, 0.35308624649277137, 0.3917220554334091, 0.4314885595503188, 0.47153605654568276, 0.510837590622504, 0.5482151514144206, 0.5823841851797152, 0.6120160991234561, 0.6358160547055814, 0.6526108169076658, 0.6614390849093857, 0.6616351045421351, 0.6528958169787752, 0.6353226799295607, 0.6094316092839264, 0.5761280536062836, 0.5366484869209031, 0.4924739337917899, 0.44522474521864264, 0.3965481142193596, 0.348010347494135, 0.30100466469597165]
4.870107831349153	3.143500374516835	[0.2573017661423659, 0.21670775647963608, 0.1801774157401071, 0.14800985208550532, 0.12025864446951677, 0.09677671416372406, 0.07726734538745236, 0.06133523218029547, 0.04853281732940696, 0.038398859297551435, 0.030487797692650854, 0.02438985960201879, 0.01974283600711087, 0.016237035948915988, 0.013615143207213761, 0.011668644723070859, 0.010232271013472747, 0.009177577696143772, 0.00840647311698949, 0.007845206084606725, 0.007439092533597759, 0.007148087542970664, 0.006943194209066008, 0.006803633632524558, 0.006714667964251309, 0.006665960257483906, 0.006650360845780358, 0.006663023696406836, 0.0067007724174521005, 0.006761651951444295, 0.0068446164249763635, 0.0069493159854545124, 0.007075955192067316, 0.0072252032975573, 0.007398142468355275, 0.007596244429605643, 0.007821369125197057, 0.008075781436527131, 0.008362183660535961, 0.008683762866430259, 0.009044253205705658, 0.009448014208349516, 0.009900126782564066, 0.010406509458596076, 0.010974058071505076, 0.011610812947792006, 0.012326158414654198, 0.01313106045871993, 0.014038349259614991, 0.015063054468778229, 0.016222802076505265, 0.017538282835271746, 0.019033802965356412, 0.02073792851312031, 0.022684234567605828, 0.024912169678720075, 0.027468043280432203, 0.030406139578981476, 0.03378995383323657, 0.037693535793840424, 0.042202908435506906, 0.04741750734462829, 0.05345155513230056, 0.0604352456584828, 0.06851556322965988, 0.07785650359863078, 0.08863839769974007, 0.10105597125217117, 0.11531471051323387, 0.13162505989223003, 0.15019396627836404, 0.1712133302298227, 0.19484504814564127, 0.22120255765993352, 0.25032914798733114, 0.28217377645104547, 0.3165657268056765, 0.3531901141913947, 0.3915669070581145, 0.4310366878738533, 0.47075666923441006, 0.5097103713566169, 0.5467337169526554, 0.5805590368246842, 0.6098766220809971, 0.6334111538338304, 0.650007865988051, 0.6587210443499935, 0.6588958794291786, 0.650234184690856, 0.63283534272507, 0.6072061041062481, 0.5742363163606329, 0.5351418213958765, 0.4913799594709799, 0.44454663579038967, 0.3962661231335691, 0.3480853151268902, 0.3013829591041733]
4.8453864717991575	3.1659600305594875	[0.2579147896593149, 0.21749918651908154, 0.18108385395574308, 0.14897387311934482, 0.12123161959611141, 0.09772031230873557, 0.07815383367109363, 0.062146816107965325, 0.049260318582434806, 0.03904003185086584, 0.03104554478566519, 0.024870551537083823, 0.020154858608432347, 0.016589633984672246, 0.0139175705710011, 0.011929596409799015, 0.010459551049958653, 0.009377948985562386, 0.008585636506410213, 0.00800786266760153, 0.007589052727589652, 0.007288400102463881, 0.007076277211046835, 0.00693139644331651, 0.006838618607701848, 0.00678729612814694, 0.006770043110391878, 0.006781836892369028, 0.006819371432114069, 0.006880598587778913, 0.006964407720937807, 0.007070406099452064, 0.007198772454505191, 0.007350163645942369, 0.007525660305511793, 0.007726741642439133, 0.007955282903955054, 0.008213571318417386, 0.008504338191967956, 0.008830806124027216, 0.009196751430307586, 0.0096065826882615, 0.010065437158966585, 0.010579297522980579, 0.011155132167502413, 0.011801062983121263, 0.012526565521415631, 0.013342707209918918, 0.014262430352598823, 0.015300887605469903, 0.016475838714870905, 0.01780811821681819, 0.019322184668202496, 0.021046762368793413, 0.023015586469875563, 0.025268261196559578, 0.02785123846663779, 0.030818919494689838, 0.03423487455925889, 0.038173164597711445, 0.04271973189587725, 0.04797380412670092, 0.054049225526945806, 0.06107558951026745, 0.06919899850635723, 0.07858221923554566, 0.0894039377889994, 0.10185675278536271, 0.1161434851752281, 0.1324713411945947, 0.15104345775728528, 0.17204740690744497, 0.19564036199487006, 0.22193085496708012, 0.250957400417398, 0.28266473262224806, 0.31687898390199165, 0.3532837832489333, 0.3913998990790552, 0.4305715782497182, 0.46996300988897505, 0.5085682202001556, 0.5452370582105619, 0.5787186902607422, 0.607722206018958, 0.6309916927266455, 0.6473907306691236, 0.655989079765361, 0.6561427964170293, 0.6475585376675856, 0.6303336441681864, 0.6049657942850898, 0.5723293764161386, 0.533619767551005, 0.4902707882467696, 0.44385402975588417, 0.3959709197442466, 0.3481489421420194, 0.3017523015503591]
4.820665112249162	3.188723237588966	[0.2585214369722011, 0.2182872402608168, 0.1819899331906645, 0.14994038093459913, 0.12220959608733066, 0.09867098035815536, 0.07904895124346048, 0.06296806722453603, 0.04999803446656564, 0.03969153908784895, 0.03161340147363807, 0.025360872196038182, 0.02057585975079186, 0.01695046767411075, 0.014227460662091027, 0.012197255240656693, 0.010692832626802195, 0.009583686012506667, 0.00876960909981653, 0.00817485301285765, 0.007742948907015259, 0.007432321967388527, 0.0072127057687556865, 0.007062295417374841, 0.006965542103930172, 0.006911480133208798, 0.0068924808468746905, 0.006903339470539409, 0.0069406158001962285, 0.007002165014066871, 0.007086808873201503, 0.0071941096060931554, 0.007324218481934087, 0.007477778793842074, 0.007655868806344674, 0.007859974684338033, 0.008091986665703647, 0.00835421421525752, 0.008649417673741982, 0.008980855334021261, 0.009352345923847103, 0.009768347410417794, 0.010234053796259284, 0.010755512358497709, 0.011339764490072547, 0.011995014113420667, 0.012730828426317344, 0.013558376668377977, 0.014490713509510394, 0.015543114697359414, 0.016733473557625063, 0.018082767913188698, 0.019615607687768148, 0.021360873891801475, 0.023352459412399752, 0.025630120886873154, 0.028240448241749906, 0.031237953809963706, 0.034686275257745314, 0.03865947511682749, 0.04324340310981249, 0.04853706469965644, 0.054653908846163855, 0.06172290912959562, 0.06988926441664735, 0.07931448907496355, 0.09017560026324259, 0.10266304616418818, 0.11697696164746087, 0.13332129908753482, 0.15189537749973386, 0.17288244339635223, 0.1964349637138847, 0.22265659747150093, 0.2515811345702202, 0.28314915298579924, 0.3171837142392369, 0.353367050512326, 0.3912208201271725, 0.43009301505656, 0.46915486134470136, 0.5074109211193093, 0.5437249614693856, 0.5768629351659172, 0.6055526438504947, 0.6285574675482989, 0.6447592095974144, 0.6532429919215287, 0.6533756574847902, 0.6448686784846837, 0.6278173862353502, 0.602710480083231, 0.570407030799097, 0.532082118019939, 0.48914620761777405, 0.44314670999864, 0.3956622843761529, 0.3482010103531892, 0.3021124813063648]
4.795943752699166	3.2117957740599254	[0.2591215074360006, 0.219071740560012, 0.18289550823063336, 0.15090926958335746, 0.12319251263829144, 0.09962870437737953, 0.07995273139675603, 0.06379906307996573, 0.05074608150024672, 0.04035352948509804, 0.03219154030741287, 0.025861010126982862, 0.02100603643278241, 0.017319735843607978, 0.014545008800137562, 0.012471809004675122, 0.010932293328349458, 0.009794954606770313, 0.008958544423153933, 0.008346318490946568, 0.007900910993929072, 0.0075799726111392, 0.007352590118136091, 0.007196432787512085, 0.007095533926565438, 0.007038602121692597, 0.007017759339969984, 0.007027613063724528, 0.007064584326662616, 0.007126427893095601, 0.007211895016666684, 0.007320500614801722, 0.007452366814068932, 0.007608122082546711, 0.007788841460542571, 0.007996017477739776, 0.008231555042006077, 0.008497785697046255, 0.008797498846447316, 0.009133988602110853, 0.009511116360561928, 0.009933389787728565, 0.010406060027146835, 0.010935239365199263, 0.011528042663481428, 0.012192756305453151, 0.012939039560414697, 0.013778163802140444, 0.014723296300724026, 0.015789835916082746, 0.016995809351966235, 0.01836233712934213, 0.019914179519288918, 0.02168037257269637, 0.02369496450298135, 0.025997860924195534, 0.02863578517326155, 0.031663354587782876, 0.03514426642571762, 0.03915257494885145, 0.043774025250439184, 0.049107385987594385, 0.05526569375678028, 0.062377282639408956, 0.0705864261438924, 0.08005336278794897, 0.09095341677006362, 0.10347486252820964, 0.1178151284120288, 0.1341748975646475, 0.15274966384735228, 0.17371835184380663, 0.19722873965788806, 0.2233796469301353, 0.25220018980336406, 0.2836268573743637, 0.31747972172784794, 0.3534397077960364, 0.3910294539076337, 0.42960077747422454, 0.46833200140915704, 0.5062382528395449, 0.5421972079655036, 0.5749915560017089, 0.6033677234674474, 0.6261082693052342, 0.6421130964431229, 0.65048257650608, 0.6505942596929438, 0.6421644047290416, 0.6252863660445396, 0.6004399568586947, 0.5684690717206514, 0.5305286605827544, 0.4880060002632425, 0.4424244545363102, 0.39533999246772766, 0.3482412966487463, 0.3024632826975556]
4.771222393149171	3.2351835563428484	[0.25971479530774155, 0.2198525053928293, 0.18380042912255395, 0.15188042893497844, 0.12418030419719855, 0.10059346763918504, 0.08086520537130208, 0.06463988043531142, 0.05150457631332701, 0.04102615298304585, 0.032780136130559225, 0.02637115736661691, 0.021445589698231803, 0.017697642238667176, 0.014870415418733051, 0.012753451117563859, 0.01117811622820034, 0.010011926302288537, 0.009152601339313287, 0.008522405835253656, 0.008063073793869618, 0.007731476331322513, 0.007496044821897476, 0.007333915042102889, 0.007228693346528683, 0.007168755696093444, 0.007145967233798927, 0.007154742661632659, 0.00719135884720457, 0.007253466956727974, 0.0073397440899207675, 0.007449656111332115, 0.007583293651392663, 0.007741269613480088, 0.007924654341122283, 0.008134946648120272, 0.008374065219686517, 0.008644364024494401, 0.008948661014425686, 0.009290286745896763, 0.009673145013361134, 0.010101793990635462, 0.010581541835777886, 0.011118566762641845, 0.011720057025789066, 0.012394382415437223, 0.013151294131225675, 0.014002166536736789, 0.014960279124544961, 0.016041154444163857, 0.01726295169824041, 0.01864693410317496, 0.020218010490424893, 0.02200537090395024, 0.02404321559016083, 0.026371596373869786, 0.02903736437667514, 0.03209523655936281, 0.03560896078134571, 0.03965257399309465, 0.044311703219643964, 0.04968486667808157, 0.05588466997477651, 0.06303878920311043, 0.07129054905264706, 0.08079889019054859, 0.09173741811247862, 0.10429221214124604, 0.11865797199143928, 0.1350320986811677, 0.1536062520793831, 0.17455504146085277, 0.19802157214248695, 0.2240998613327209, 0.2528144006754922, 0.2840976612529761, 0.3177668049780012, 0.3535015421804461, 0.39082557855988515, 0.4290946397653634, 0.46749420223064453, 0.505049989097252, 0.5406535732858121, 0.5731043322221931, 0.6011672271791575, 0.6236438840027081, 0.6394521793956172, 0.6477076242262798, 0.6477983947444478, 0.6394455090363441, 0.6227403754860649, 0.5981540150432151, 0.5665152862767444, 0.5289591780892821, 0.486849943807898, 0.44168703639493295, 0.3950038143936639, 0.34826957282382964, 0.302804484974255]
4.746501033599175	3.2588926425803386	[0.26030108976987104, 0.2206293474478328, 0.18470454133128478, 0.1528537441651253, 0.12517290223826902, 0.10156525004599835, 0.0817864027365796, 0.06549059465885093, 0.052273636133979146, 0.04170956039553694, 0.03337936666801171, 0.026891508893420273, 0.021894725313324745, 0.018084395035807794, 0.015203886806710365, 0.013042380192653004, 0.01143049066324845, 0.010234777957900685, 0.009351944823263226, 0.00870326680027148, 0.008229577746343596, 0.007886961935005378, 0.0076431894785802534, 0.007474852630358186, 0.0073651240918637725, 0.007302037934109111, 0.007277197141716985, 0.007284816347560848, 0.00732102479202761, 0.0073833647567847485, 0.007470437359415243, 0.007581655721901319, 0.007717078347253004, 0.007877300023980946, 0.0080633865721924, 0.008276841309014543, 0.008519597391812446, 0.008794029940061978, 0.00910298648720885, 0.009449833087925328, 0.009838517192679459, 0.010273646737344641, 0.010760588300824875, 0.011305585371592828, 0.011915901082969176, 0.012599987955434612, 0.013367690594881562, 0.014230485498125901, 0.01520176570471117, 0.016297176184757015, 0.017535009580608517, 0.018936669770336218, 0.020527214333504205, 0.022335983985862663, 0.02439732988612625, 0.02675144472265197, 0.029445304198864864, 0.032533716560757764, 0.036080474018168246, 0.04015958377266383, 0.04485654448395757, 0.05026960640879351, 0.0565109291935934, 0.06370750805596306, 0.0720016997192864, 0.08155112010416257, 0.09252763538961588, 0.10511510307203945, 0.11950547820296666, 0.1358928610565422, 0.15446507577756574, 0.17539241686126297, 0.1988133409064018, 0.22481709310570774, 0.25342359848218826, 0.28456137383021485, 0.3180447588710993, 0.3535523340839874, 0.3906089682162643, 0.42857436936961046, 0.4666412317887169, 0.503845896818951, 0.539093828734481, 0.5712010365969591, 0.5989509329060545, 0.6211640911598781, 0.6367762421464123, 0.6449179195501149, 0.644987849735123, 0.6367117780755123, 0.6201792017344847, 0.5958524393720894, 0.5645454567298711, 0.5273734479234575, 0.4856778108922111, 0.44093422328703746, 0.3946535153484166, 0.3482856054452633, 0.30313586203547094]
4.72177967404918	3.2829292366637124	[0.26088017438634603, 0.2214020744703584, 0.18560768494699584, 0.15382909634211542, 0.1261702337796002, 0.10254402892086194, 0.08271635028296671, 0.06635128069431236, 0.05305337761846557, 0.042403904531956665, 0.03398941135102859, 0.02742226387628223, 0.022353652628972133, 0.018480208181434556, 0.01554563403180637, 0.013338801426269212, 0.011689611226715482, 0.010463693144301718, 0.009556745022780304, 0.008889059511279966, 0.008400568047833422, 0.008046564023264197, 0.00779414790239957, 0.007619361166215161, 0.007504933580136956, 0.007438550507202257, 0.0074115449277475055, 0.007417926335010427, 0.007453670512660313, 0.007516207628243933, 0.0076040587871352445, 0.007716582614333105, 0.007853802810682368, 0.008016295339023727, 0.008205119759975808, 0.008421783877327643, 0.00866823420882609, 0.008946867459859764, 0.009260560041601583, 0.009612714237100865, 0.010007320709277243, 0.01044903807772937, 0.010943291047541126, 0.011496389413727229, 0.012115670937249962, 0.012809671922809605, 0.013588330045845023, 0.014463224886934268, 0.015447862424147366, 0.01655801069711401, 0.017812094624471808, 0.019231658779189472, 0.02084190734269914, 0.02267233064139178, 0.024757426995762055, 0.0271375271160552, 0.029859725087095643, 0.03297891491754199, 0.03655892347867033, 0.040673718992999916, 0.04540865751516854, 0.05086170752706415, 0.057144563254716854, 0.06438352049155688, 0.07271994379986929, 0.08231010259067913, 0.09332409753869945, 0.10594354369156876, 0.12035762936707654, 0.13675714263406744, 0.15532606371460864, 0.17623038106467268, 0.19960391971933525, 0.225531192316209, 0.2540276076501491, 0.28501780139398675, 0.31831337083305467, 0.3535918606371728, 0.3903793892672901, 0.42803973020443314, 0.4657728502750883, 0.5026257392309832, 0.5375177379517542, 0.5692814380186295, 0.5967186111445001, 0.618668666223965, 0.634085061283079, 0.6421132426649571, 0.6421624050276226, 0.6339629940225535, 0.6176026256202518, 0.5935350098748994, 0.5625593593662529, 0.5257712425375779, 0.4844893684802519, 0.4401657777330596, 0.3942888550552835, 0.34828915561269996, 0.3034571824831801]
4.697058314499184	3.3072996923339617	[0.2614518273259272, 0.2221704885479259, 0.1865096951913893, 0.15480636147811416, 0.12717222212559467, 0.10352977788880738, 0.08365507296533124, 0.06722201184022426, 0.05384391796909967, 0.04310933893981646, 0.03461045258313136, 0.02796362443417222, 0.02282258596140132, 0.018885300204529647, 0.01589587439354472, 0.013642925480848294, 0.011955679246086308, 0.010698861101101603, 0.009767178716738045, 0.009079947491582745, 0.00857619605491411, 0.00821042208279315, 0.007949049448180675, 0.007767560579093275, 0.007648234154578451, 0.007578398886261172, 0.007549110853376925, 0.0075541682242995884, 0.007589388345839832, 0.007652084992301846, 0.007740696022218662, 0.007854522841975799, 0.007993552438543798, 0.008158340349129399, 0.008349938879132615, 0.008569859477140005, 0.008820061632875383, 0.009102963294109404, 0.009421469757791644, 0.0097790195154537, 0.010179646705880946, 0.010628060814861633, 0.011129745088881744, 0.011691075914945382, 0.01231946615218855, 0.013023536170542803, 0.013813317121324649, 0.014700491798671004, 0.015698679285424687, 0.016823770446717883, 0.01809432213143106, 0.01953201864738699, 0.021162209504052516, 0.023014532451685714, 0.025123630164681474, 0.02752996724107858, 0.030280750980430732, 0.033430954138905636, 0.03704442971658341, 0.041195096008417316, 0.04596815355238148, 0.0514612732889147, 0.05778566613815833, 0.06506690775576146, 0.07344534827495836, 0.08307588651099854, 0.09412683385363071, 0.10677753987897498, 0.12121440710773387, 0.13762489753659538, 0.1561891429269081, 0.17706883202964405, 0.20039317969477036, 0.22624200293876973, 0.25462624923065963, 0.28546674339735306, 0.31857242442146433, 0.35361989169796837, 0.390136603932446, 0.42749047873751167, 0.46488881352449946, 0.5013892721215308, 0.5359250600812919, 0.5673452980786187, 0.5944700277611915, 0.6161573775622367, 0.6313784086275858, 0.6392933669570549, 0.6393218360842926, 0.6311989325635469, 0.6150104229426678, 0.5912015004043739, 0.560556765305327, 0.5241523284818032, 0.48328437820489323, 0.4393814565464885, 0.3939095877000059, 0.3482799788428029, 0.30376820920237074]
4.672336954949189	3.332010517411422	[0.2620158209507881, 0.22293438623917702, 0.18741040185993754, 0.15578541081092434, 0.12817878620184406, 0.10452246729387896, 0.08460259317555814, 0.06810286029361529, 0.05464537419215768, 0.04382601856968776, 0.035242675025900345, 0.028515796411536187, 0.023301743934796688, 0.019299895080780904, 0.016254830834516173, 0.013954969405701336, 0.01222890226023561, 0.010940477677673281, 0.009983428847127197, 0.009276100589837001, 0.008756618858555783, 0.008378681374469898, 0.008108028617737534, 0.0079195759487594, 0.007795142715953818, 0.007721693117216483, 0.007689999231286746, 0.007693641720386243, 0.007728274287070579, 0.007791090022266125, 0.007880440092685063, 0.007995565965838463, 0.008136415823368718, 0.008303523197821934, 0.008497931993870438, 0.008721156501674312, 0.008975168668472967, 0.009262407392574725, 0.009585806754934182, 0.009948841495680141, 0.010355589392152404, 0.010810811043078102, 0.01132004855331572, 0.011889745252317962, 0.012527389465608031, 0.013241685971545923, 0.014042759690177445, 0.014942396814242597, 0.015954329564701848, 0.017094571431368836, 0.018381810685169996, 0.019837870433631957, 0.021488244037673687, 0.023362714484493854, 0.025496065739306337, 0.027928892123188578, 0.030708508666431926, 0.03388995979605774, 0.03753711572649483, 0.04172383379553211, 0.04653514567938496, 0.05206840894143692, 0.058434332862813396, 0.06575775225150543, 0.07417798015129899, 0.0838485208637818, 0.09493587247291013, 0.10761709650185691, 0.12207579062193638, 0.1384960776890496, 0.15705423677506802, 0.17790766440870126, 0.20118098716732366, 0.2269493647195372, 0.25521933863676205, 0.2859079943928135, 0.3188216969811889, 0.35363619180212513, 0.3898803679046454, 0.4269263658878981, 0.46398887072467515, 0.5001362456230379, 0.5343155476211554, 0.5653923726652104, 0.5922049420520229, 0.613629987821906, 0.628656049554609, 0.636458060096762, 0.636465912077062, 0.6284193636883647, 0.6124023633832987, 0.5888516791402909, 0.5585374397105297, 0.5225164666348147, 0.4820625958558317, 0.4385810108180205, 0.3935154616663665, 0.34825782483894735, 0.3040686993099241]
4.647615595399193	3.357068378158214	[0.2625719216912597, 0.22369355829502235, 0.18830962925231967, 0.1567661104977489, 0.1291898405406518, 0.10552206388634468, 0.08555893079121103, 0.06899389685837448, 0.05545786322320923, 0.04455409953329249, 0.035886265812103975, 0.029078989206656254, 0.023791349782833097, 0.01972422213725236, 0.016622732317086848, 0.014275156609221127, 0.012509494447335831, 0.01118874535453775, 0.010205684970410626, 0.009477695029906134, 0.00894199973426043, 0.008551492994291643, 0.008271225491292864, 0.00807553756586449, 0.007945781125776511, 0.007868547875464831, 0.007834318797517904, 0.007836450679668434, 0.007870428333364043, 0.007933319683588165, 0.008023385722795928, 0.008139805089610827, 0.008282485050325368, 0.008451935413369645, 0.00864919053956796, 0.008875766643003956, 0.00913364763344943, 0.009425292972813618, 0.00975366545558603, 0.010122276027801155, 0.010535246306225177, 0.010997388172189121, 0.011514302946602502, 0.012092501174241755, 0.012739547054326178, 0.01346423003233899, 0.014276769122914468, 0.015189054003780903, 0.016214930088939702, 0.017370533170693637, 0.01867468243743032, 0.02014933870709203, 0.021820137693600906, 0.023717005236248343, 0.025874863473299013, 0.028334432032296266, 0.03114312809841733, 0.03435606038188849, 0.038037107271849974, 0.04226005375534834, 0.047109749163169026, 0.05268322145576519, 0.05909065983540048, 0.06645613719201904, 0.07491790682152243, 0.08462805435083051, 0.09575124075102827, 0.10846221688982054, 0.12294175706406124, 0.13937063220175813, 0.15792126534198528, 0.1787467688494082, 0.20196720410346553, 0.22765311240925282, 0.25580668606203494, 0.2863413432165899, 0.3190609600620515, 0.3536405193218242, 0.3896104307531941, 0.42634713618403713, 0.4630727647878301, 0.49886640339474975, 0.5326889467465216, 0.5634224111939399, 0.5899231070007377, 0.611086253227978, 0.6259177431750136, 0.6336070834182804, 0.6335943959900077, 0.6256240511607797, 0.6097782105271989, 0.586485308152638, 0.5565011417332839, 0.520863411857656, 0.4808237712535979, 0.4377641856533101, 0.39310621934940754, 0.3482224373027926, 0.3043584039168015]
4.622894235849198	3.382480103778246	[0.26311988980998785, 0.2244477895078824, 0.18920719592754015, 0.15774832149724216, 0.1302052950389757, 0.10652853074619761, 0.08652410295651626, 0.06989519092658869, 0.05628150175656378, 0.045293739160944695, 0.036541414446053896, 0.029653415916397682, 0.024291631330824928, 0.02015851628200732, 0.016999813882841327, 0.014603717156977853, 0.012797676744405207, 0.011443873584942118, 0.010434143414154936, 0.00968491376983428, 0.009132508313949024, 0.008729014228486619, 0.008438785898387867, 0.008235581269430851, 0.008100276366801756, 0.008019082779247174, 0.007982182857866225, 0.007982703398241751, 0.008015954615675041, 0.00807887499931596, 0.008169631453639649, 0.008287337106189877, 0.008431855808689099, 0.008603672140657442, 0.008803809427707929, 0.009033785113297032, 0.00929559425939199, 0.00959171673429535, 0.009925143683026022, 0.010299422449052064, 0.010718718409591071, 0.011187895135445136, 0.011712613244239839, 0.0122994510082199, 0.012956048623447026, 0.013691280701825233, 0.014515460376343851, 0.015440581137020041, 0.01648060131354003, 0.017651778918087935, 0.018973063175267847, 0.02046655176017639, 0.022158020804157685, 0.024077536844168086, 0.026260156559265526, 0.028746720691873565, 0.03158474239953758, 0.03482938751404446, 0.038544532853419015, 0.042803879906715435, 0.04769208137828233, 0.0533058197072215, 0.059754744722512444, 0.0671621467644365, 0.0756651958771165, 0.08541453552202395, 0.09657296500825037, 0.10931290296021903, 0.12381228123210225, 0.14024850747810597, 0.15879014505947553, 0.17958603208609514, 0.2027516876765607, 0.22835307584112985, 0.256388096015249, 0.286766573053365, 0.3192899789262085, 0.3536326265157941, 0.38932653541770823, 0.4257525277956462, 0.4621402318448092, 0.49757948263146023, 0.5310449968168746, 0.5614351565882854, 0.5876242688104442, 0.6085259235320474, 0.6231632419008099, 0.6307401918345583, 0.6307070442242813, 0.6228127523996343, 0.6071377215118032, 0.5841021432511991, 0.5544476242074781, 0.5191929128153164, 0.4795676479889099, 0.43693071997100913, 0.3926815969362528, 0.34817355371328007, 0.30463706794508827]
4.598172876299202	3.4082526910592934	[0.2636594792566269, 0.22519685842041018, 0.1901029146089747, 0.15873189925904674, 0.13122505491500316, 0.10754182697319813, 0.08749812410042045, 0.0708068101962185, 0.057116406340597836, 0.04604509577548576, 0.03720831298984502, 0.030239293187321655, 0.024802821275776276, 0.020603017938590117, 0.017386317014690747, 0.014940887780212983, 0.013093677267793983, 0.011706078857565031, 0.010669007727324055, 0.009897946596024042, 0.009328321039885056, 0.008911408659653215, 0.008610861856249109, 0.008399848551683995, 0.008258760954879025, 0.008173422486253594, 0.00813370966932019, 0.008132512698165922, 0.008164961750901428, 0.008227861126769929, 0.008319279969409836, 0.008438262766743244, 0.008584627697256314, 0.008758832204776325, 0.00896188733543643, 0.009195310704653866, 0.009461107970005173, 0.009761778915543619, 0.010100342932520169, 0.010480383638647058, 0.01090611035478318, 0.011382438441479705, 0.011915088158514022, 0.012510705708756181, 0.013177007675201035, 0.01392295401306064, 0.014758952266110917, 0.015697099715900963, 0.016751467599962575, 0.01793843568001261, 0.01927708260456728, 0.020789641609097482, 0.022502027573560634, 0.0244444450612431, 0.026652081923992103, 0.02916589522005317, 0.032033488162528184, 0.03531007583250349, 0.03905952401191546, 0.04335543872981922, 0.04828226211037901, 0.053936314254034286, 0.06042668675325725, 0.06787586583410946, 0.07641991540888801, 0.0862080123981354, 0.09740107082854503, 0.11016915475645454, 0.12468733586361709, 0.14112964667057182, 0.15966078900310174, 0.18042533632163288, 0.20353429056055128, 0.2290490792516975, 0.2569633676105135, 0.2871834607137026, 0.3195085128289039, 0.3536122587834665, 0.3890284184700334, 0.42514227178591596, 0.4611910014762564, 0.49627521333483066, 0.5293834305639916, 0.5594303445895712, 0.585308167037598, 0.6059487413772935, 0.6203922915175433, 0.6278571332697902, 0.6278036066054032, 0.6199852179865172, 0.6044806469696306, 0.5817019335713778, 0.5523766335313518, 0.517504711639487, 0.478293963249748, 0.4360803462374776, 0.39224132418575086, 0.3481109051255446, 0.30490442986804145]
4.5734515167492065	3.4343933091618912	[0.2641904373845707, 0.225940537193143, 0.19099659187794527, 0.15971669364062055, 0.13224902039376027, 0.10856190765868244, 0.08848100563791611, 0.07172882071218581, 0.05796269312400459, 0.04680832881959769, 0.03788715588098498, 0.030836841439530697, 0.025325157089991328, 0.021057973362940886, 0.01778248962471572, 0.015286912267771664, 0.013397731369430075, 0.01197558513610786, 0.010910488781898271, 0.01011699058161588, 0.00952962128887006, 0.009098846619975358, 0.00878761169893533, 0.00856848699019299, 0.008421373062231155, 0.008331697096832132, 0.008289022552651779, 0.008285996300143504, 0.008317562943078031, 0.008380387702063561, 0.008472438188693076, 0.008592687001451115, 0.008740904307982304, 0.008917518413022456, 0.009123526783698122, 0.009360446077280277, 0.009630291955343945, 0.009935583572917297, 0.01027936844253199, 0.01066526629099455, 0.011097530553668343, 0.01158112844517331, 0.012121840203181956, 0.01272638012849658, 0.013402541568480683, 0.014159369956741516, 0.015007367518622564, 0.015958735251915424, 0.017027657256509683, 0.018230634498108723, 0.019586874374926157, 0.02111874428102368, 0.02285229608076181, 0.02481786954799138, 0.027050780201613573, 0.029592096424841063, 0.03248950538412021, 0.03579826329644833, 0.03958221521338228, 0.04391485946247961, 0.0488804133817423, 0.05457481763073647, 0.061106586474512566, 0.06859738023317835, 0.07718213368334297, 0.08700853275352306, 0.09823558265183197, 0.11103097072484612, 0.12556689114333155, 0.1420139899526852, 0.1605331063202189, 0.1812645594953354, 0.20431486028912957, 0.2297409415440613, 0.25753229387303717, 0.2875917768892623, 0.3197163142896781, 0.35357915490526515, 0.38871580937167427, 0.4245160923269603, 0.46022479597749205, 0.4949533184925514, 0.5277039733845096, 0.5574077038887807, 0.5829745339300524, 0.6033544423740657, 0.6176046305818992, 0.6249576486733546, 0.6248838258500188, 0.617141191616727, 0.6018067305692752, 0.5792844214647968, 0.5502879092838124, 0.5157985437643999, 0.4770024475106453, 0.43521279025526777, 0.39178512418512346, 0.3480342159198164, 0.3051602215259231]
4.548730157199211	3.4609093045603267	[0.26471250473161173, 0.22667859136312005, 0.19188802797497048, 0.16070254867742703, 0.13327708653635487, 0.1095887236816916, 0.08947275584354501, 0.07266128671085026, 0.05882047779586938, 0.04758359877328843, 0.03857813995923561, 0.03144628487469837, 0.025858881143620616, 0.0215236347449074, 0.018188586265484544, 0.015642041648198834, 0.013710081916317344, 0.012252624098264884, 0.011158805093298085, 0.01034225035562513, 0.009736599707341564, 0.009291505467496089, 0.008969200407020492, 0.008741650515378306, 0.00858825682952878, 0.00849404240426823, 0.008448250181717873, 0.00844327705396876, 0.008473876249709918, 0.008536569051830735, 0.008629217510472579, 0.008750719115451775, 0.008900793455480178, 0.009079837738528183, 0.009288834354200744, 0.009529297934047947, 0.009803253379809402, 0.01011323874876363, 0.010462329396677633, 0.010854181079393848, 0.011293091375585537, 0.011784079508097572, 0.012332985889306902, 0.012946593175867263, 0.013632771713173756, 0.014400652635690691, 0.01526083296392977, 0.016225617416221843, 0.017309302729001344, 0.018528510592748553, 0.019902576266461483, 0.021453999947776043, 0.023208968459713902, 0.025197953991809446, 0.027456395903606726, 0.03002546890339597, 0.032952937620001475, 0.036294091256639155, 0.04011274398354098, 0.04448227413802299, 0.04948665955905266, 0.055221444343845356, 0.06179454582645181, 0.0693267767072181, 0.07795191918149783, 0.08781614400887684, 0.09907652377368005, 0.11189834755163948, 0.12645091466397823, 0.14290147430209704, 0.16140700215482984, 0.18210357501742067, 0.20509323914933864, 0.2304284759817436, 0.2580946616067568, 0.2879912858153517, 0.3199131289385761, 0.35353304668331653, 0.38838843030166653, 0.4238737063275697, 0.4592413301697961, 0.4936135137012627, 0.5260063431357589, 0.555366955752098, 0.5806230942087448, 0.6007427547347752, 0.6147999901912005, 0.6220414716698376, 0.6219474373258674, 0.6142804097688865, 0.599115708768938, 0.5768493421913906, 0.5481811839745803, 0.5140741376427248, 0.47569282428201365, 0.43432777090252006, 0.39131271310043114, 0.3479432035624384, 0.3054041678794244]
4.524008797649215	3.4878082061406888	[0.2652254147921781, 0.22741077958900008, 0.19277701659709173, 0.1616893023381751, 0.13430914306898586, 0.11062222148895022, 0.09047337972793372, 0.07360427044788641, 0.0596898755321211, 0.048371067055557396, 0.03928146450362107, 0.03206785147045803, 0.026404240841633588, 0.022000260299447075, 0.018604868360176045, 0.01600653436542367, 0.014030979592786057, 0.012537435372061673, 0.011414183166565553, 0.010573938372565737, 0.00994945457401223, 0.009489569865069587, 0.009155799965388494, 0.008919499681971917, 0.008759562705662064, 0.008660600149558318, 0.008611526899389595, 0.008604483173527149, 0.008634024873332003, 0.008696524409297718, 0.008789734083879844, 0.008912472988821698, 0.009064407428882268, 0.009245901507604506, 0.009457920927540824, 0.009701977198468074, 0.009980103610324266, 0.010294856642712288, 0.010649339145098241, 0.011047242822605984, 0.011492909364335465, 0.01199141016154142, 0.012548645939541588, 0.013171467974934466, 0.013867823782662679, 0.01464693042108813, 0.015519479746581081, 0.016497880190875214, 0.017596540809263605, 0.01883220350686474, 0.020224330394262725, 0.021795553058702455, 0.02357219109707875, 0.02558484622407769, 0.027869077605934323, 0.030466161137272078, 0.03342393215651597, 0.03679770452155812, 0.04065125105831561, 0.04505781761433604, 0.050101127476611516, 0.05587631085576456, 0.06249066823265675, 0.07006414284684888, 0.07872934065128628, 0.08863089310548744, 0.09992391635751685, 0.11277127997803998, 0.1273393713984951, 0.143792033258269, 0.16228237758259323, 0.18294225147493304, 0.20586926408407155, 0.23111148985124516, 0.2586502512695955, 0.2883817449000759, 0.32009869536877084, 0.3534736585474725, 0.38804599598983724, 0.4232148230259432, 0.45824031121628667, 0.49225550675508173, 0.524290249935441, 0.5533078136133895, 0.5782535648521729, 0.5981133988773905, 0.61197809375393, 0.6191083281793215, 0.6189941688101946, 0.6114026013465494, 0.5964073105653331, 0.5743964235856914, 0.54605618278688, 0.5123312144386668, 0.47436480985007967, 0.43342499985354166, 0.39082379991650174, 0.3478375783530838, 0.3056359867510963]
4.49928743809922	3.515097730461398	[0.26572889376274966, 0.22813685340405698, 0.1936633446594967, 0.1626767862980096, 0.13534507416966518, 0.1116623429014702, 0.09148287886766773, 0.07455783206023937, 0.06057100089318762, 0.04917089596664066, 0.03999733122078627, 0.03270177302113327, 0.02696148871442036, 0.022488114409179798, 0.019031604390268873, 0.016380656509794426, 0.01436068316515979, 0.012830266830181253, 0.011676857809941925, 0.010812275241105876, 0.010168392134417574, 0.009693232117820949, 0.009347589696673623, 0.00910220199716972, 0.008935447766072255, 0.008831518330194766, 0.008778993014240235, 0.008769748522709246, 0.008798137435470216, 0.00886037817813961, 0.008954109061574657, 0.009078067321454419, 0.009231863228232594, 0.009415825629512499, 0.009630901906482794, 0.009878599233128029, 0.010160958430007971, 0.010480553822003897, 0.010840515411379214, 0.011244570689569647, 0.011697105440422972, 0.01220324330732018, 0.012768945486972055, 0.013401132063202592, 0.014107827909722797, 0.014898336147310651, 0.015783443518150773, 0.016775662059843845, 0.01788951282289282, 0.019141857291277767, 0.0205522833889278, 0.02214355251732022, 0.023942114801873332, 0.02597869838390987, 0.02828897810288882, 0.030914325637840582, 0.03390264014259061, 0.03730925147798303, 0.041197880486776126, 0.04564162766236414, 0.05072394650280272, 0.05653953563394015, 0.06319505862298586, 0.07080956709118424, 0.0795144670811532, 0.08945282645859566, 0.1007777813557637, 0.1136497607019862, 0.12823222356877853, 0.1446855967745584, 0.16315912943065572, 0.18378045243909255, 0.20664276646916854, 0.23178978423164628, 0.259198836715484, 0.2887629044638295, 0.3202727448512995, 0.353400707271816, 0.3876882134112988, 0.42253914368930584, 0.4572214383022453, 0.49087899733351437, 0.5225553958331453, 0.5512299827550208, 0.575865654764031, 0.595466087103468, 0.6091386566581238, 0.6161579360967321, 0.6160237401631371, 0.608507487362692, 0.5936812571757835, 0.571925385749853, 0.5439126232712561, 0.510569487732296, 0.47301811298465135, 0.43250418129633966, 0.39031808615973457, 0.3477170431562918, 0.30585538856299616]
4.474566078549224	3.542785787181913	[0.26622266026495717, 0.22885655696879031, 0.19454679203117936, 0.163664825717357, 0.13638475822631782, 0.11270902493214448, 0.0925012512050631, 0.07552202944397078, 0.0614639676915072, 0.049983248650912936, 0.040725944204802106, 0.03334828520394808, 0.027530882482986095, 0.022987467797215336, 0.01946907006209005, 0.016764682083773328, 0.014699459729984326, 0.013131374922426699, 0.011947072436441806, 0.011057490093043888, 0.010393626927122368, 0.009902692551701833, 0.009544756589041024, 0.009289932289406075, 0.00911607602717337, 0.009006951548186395, 0.008950795094338639, 0.008939212938650371, 0.0089663482482206, 0.009028260231574015, 0.009122468850949724, 0.009247625911164126, 0.009403282798737133, 0.009589730857682638, 0.009807897437024479, 0.010059284088116701, 0.010345938249482458, 0.010670451460693895, 0.011035980496846627, 0.01144628843222181, 0.011905805100290262, 0.012419706446243522, 0.01299401427038079, 0.013635717616923783, 0.014352918878019164, 0.015155007334407321, 0.016052864624220783, 0.017059106228045778, 0.01818836480993959, 0.01945762071864395, 0.02088658656798375, 0.022498151887391665, 0.0243188949633876, 0.026379667112337832, 0.028716254545921548, 0.031370119123326136, 0.034389216702609346, 0.03782888424453051, 0.041752779710192554, 0.04623384508911164, 0.05135524857703282, 0.05721123923623329, 0.06390782342056905, 0.07156313876938879, 0.08030736763086957, 0.0902819899508942, 0.10163813838099793, 0.11453378032218828, 0.12912943045732939, 0.14558209111459394, 0.16403715003372712, 0.18461803631863027, 0.20741357182104933, 0.23246315381123675, 0.25974018486259354, 0.2891345075258457, 0.32043500097346844, 0.35331390173692523, 0.38731478140413034, 0.42184636135644343, 0.45618440224036444, 0.48948367672782317, 0.5208014744106932, 0.5491331600212386, 0.5734590643755135, 0.592800523301785, 0.6062813858817813, 0.6131900049891656, 0.6130358629515824, 0.6055947806343132, 0.5909372616798361, 0.5694359407491165, 0.5417502150081266, 0.5087886632191715, 0.4716524346242716, 0.43156501163888744, 0.3897952656060734, 0.3475812931154975, 0.306062076067115]
4.449844718999229	3.570880484665319	[0.26670642506166564, 0.22956962680262372, 0.19542713126966543, 0.16465323899740125, 0.1374280675991295, 0.1137621995783665, 0.09352849085674247, 0.07649691810664187, 0.062368888872206985, 0.05080828903532265, 0.041467509914672296, 0.03400762762340405, 0.028112685146651033, 0.02349859768217133, 0.019917548500667397, 0.017158893254625746, 0.015047584993828765, 0.013441025000000375, 0.012225079400209365, 0.0113098209482886, 0.010625382146550354, 0.010118159891231548, 0.009747495661056812, 0.009482873078422714, 0.00930161879719733, 0.009187061360564752, 0.009127086296036981, 0.00911302255797894, 0.009138797619007166, 0.009200306214564597, 0.009294945396617646, 0.00942127793476782, 0.009578793294529127, 0.009767743053666603, 0.009989032657459401, 0.010244156751877826, 0.010535168344957421, 0.010864675580931554, 0.011235861510735034, 0.011652524619972173, 0.012119138640807239, 0.012640931907704323, 0.013223986854424266, 0.013875361676827215, 0.014603236338420672, 0.015417086410054579, 0.0163278883163065, 0.017348360838591943, 0.01849324773083636, 0.019779647493940948, 0.021227396133031283, 0.022859509593358515, 0.024702691735445637, 0.026787913738075337, 0.029151068609561747, 0.03183370268395031, 0.03488382107725206, 0.03835675880906438, 0.04231609967006502, 0.046834613839457695, 0.051995168276817515, 0.05789154436926923, 0.06462907056030058, 0.07232494810867736, 0.08110811159539066, 0.09111842888542634, 0.10250500561186726, 0.11542332723428475, 0.1300309482554371, 0.14648143869361985, 0.16491632702837536, 0.18545485615150029, 0.20818149954387846, 0.2331313866369653, 0.2602740554017521, 0.2894962895195309, 0.32058517931713715, 0.35321294261884045, 0.3869253903254764, 0.4211361605070961, 0.45512888511165184, 0.4880692274967511, 0.5190281704140162, 0.547017033465443, 0.5710334852737228, 0.5901164025918957, 0.603405979622812, 0.6102042357401073, 0.6100302400851113, 0.6026641854314285, 0.5881750286652396, 0.5669277922693596, 0.5395686592673524, 0.5069884383797328, 0.47026746755240556, 0.4306071791928686, 0.38925502397559647, 0.3474300153527616, 0.3062557440581712]
4.425123359449233	3.5993901357608347	[0.2671798907829577, 0.23027579147062946, 0.19630412737856356, 0.16564183748165076, 0.1384748684169288, 0.11482179355418759, 0.09456458796588206, 0.07748255095522241, 0.06328587644576233, 0.05164618170199204, 0.04222223721109622, 0.034680043791096946, 0.028707165136377666, 0.024021787872223165, 0.02037733051454004, 0.017563580551370764, 0.015405343627987598, 0.013759491590021046, 0.012511140409983423, 0.011569515035969993, 0.010863890083254795, 0.010339851598607378, 0.009956010402607686, 0.00968121491104017, 0.009492255100370845, 0.009372016599017922, 0.009308026762557153, 0.009291330114840441, 0.00931563222128788, 0.009376657819831928, 0.009471676525084351, 0.009599158204519018, 0.009758527401233143, 0.009949993427574735, 0.01017443800339858, 0.010433347379299001, 0.010728779150074759, 0.011063357271828993, 0.011440290652588512, 0.011863412851685831, 0.01233724143514692, 0.01286705705620006, 0.013459002901010644, 0.014120206349637242, 0.014858925076975999, 0.015684720905498554, 0.016608665016539664, 0.01764357916146237, 0.018804317726836755, 0.020108096432920615, 0.021574873423803008, 0.02322778908423699, 0.025093670280677056, 0.02720360442103331, 0.029593586721170625, 0.032305241897770856, 0.03538661683274971, 0.03889303510829403, 0.04288799498993409, 0.04744408103016708, 0.05264384296479198, 0.0585805758675698, 0.0653589095941334, 0.07309508615049087, 0.08191676846299623, 0.09196218783325702, 0.10337839980112301, 0.11631838740816823, 0.1309367300212636, 0.14738355778798407, 0.16579654326435583, 0.18629075925320096, 0.20894636279949225, 0.23379426371140852, 0.26080020063105347, 0.28984797784957067, 0.3207229872634618, 0.3530975219181177, 0.38651972183048827, 0.4204082165742784, 0.4540545600213418, 0.48663532297263573, 0.5172351594881544, 0.5448812818597801, 0.5685885999179007, 0.5874134108459002, 0.6005121269991509, 0.6072003200907988, 0.6070065655033194, 0.5997153970439494, 0.5853942539063072, 0.5644006352138596, 0.5373676486817227, 0.5051685021087359, 0.468862896069794, 0.4296303638366121, 0.38869703860672594, 0.34726288866393956, 0.3064360790526072]
4.400401999899238	3.6283232637724625	[0.267642751585002, 0.23097477132098335, 0.19717753747453012, 0.16663042523277066, 0.13952502026416477, 0.11588772811813071, 0.09560952843091743, 0.0784789781961373, 0.06421504128783483, 0.05249709188603712, 0.04299033725607545, 0.03536578124090125, 0.029314596331282836, 0.02455732900194021, 0.020848714728013227, 0.01797904320915458, 0.015773029497653555, 0.01408705881919283, 0.012805526825558855, 0.011836829263546619, 0.01110939245611408, 0.010567994357084349, 0.010170513116316955, 0.009885156835490518, 0.009688172009384028, 0.009561993821145304, 0.009493783937721302, 0.009474295363123886, 0.009497005386286013, 0.00955746318081564, 0.00965280621537623, 0.00978140753489375, 0.009942623588474057, 0.010136618883241936, 0.010364249445784273, 0.010626991620072983, 0.010926906482815035, 0.011266633005414755, 0.011649405430759761, 0.012079092062881304, 0.012560254144681758, 0.013098224592545352, 0.013699207375407143, 0.014370399105127519, 0.015120135214986534, 0.01595806374928601, 0.016895350510310703, 0.017944919883680036, 0.019121736302553115, 0.020443131747347135, 0.02192918508651411, 0.02360315911126523, 0.025492000919053518, 0.027626910418382746, 0.030043980182445088, 0.03278490707983396, 0.03589777194665796, 0.039437877253539026, 0.04346862401561239, 0.04806239714506886, 0.053301412773185744, 0.059278460850941773, 0.06609745161025518, 0.07387364486385231, 0.08273340776165355, 0.09281331069856692, 0.10425833604506239, 0.1172189444034229, 0.13184672537270037, 0.14828836250260388, 0.16667767642597295, 0.18712558714047428, 0.20970796806651362, 0.23445155887816063, 0.2613183649648272, 0.29018929174422065, 0.3208481234651497, 0.35296732278289994, 0.3860974483214288, 0.41966219574043734, 0.4529610905378736, 0.4851816270318873, 0.5154221076182406, 0.5427255744409223, 0.5661240810933625, 0.5846912244109241, 0.5975995075250117, 0.6041779403416833, 0.6039645236818839, 0.5967481014653176, 0.5825946239053392, 0.5618541553730745, 0.5351468668273576, 0.5033285343755817, 0.4674383956158009, 0.4286342366709165, 0.3881209781187056, 0.34707958317458065, 0.3066027589895418]
4.375680640349242	3.6576886086203904	[0.2680946928394434, 0.2316662781471577, 0.19804711050940157, 0.16761879871581345, 0.14057837594372427, 0.11695991879295375, 0.09666329372713167, 0.07948624711714303, 0.06515649304584173, 0.053361185349646775, 0.043772023530347155, 0.03606509151933746, 0.02993525820162203, 0.025105518647251048, 0.021332007846109207, 0.01840558939779457, 0.016150946027427445, 0.014424020729578938, 0.013108520091496984, 0.012112030586669072, 0.01136214088003751, 0.010802824463574567, 0.0103912253904648, 0.010094906792699527, 0.009889565103717586, 0.009757177685424038, 0.009684532998984667, 0.009662085428157038, 0.009683077507243997, 0.00974287719890585, 0.009838484975744058, 0.009968173047548793, 0.010131226462748185, 0.010327762304605354, 0.010558608824533505, 0.01082523089044688, 0.011129691864423053, 0.011474644897257165, 0.011863348970507654, 0.012299706777925266, 0.01278832301927796, 0.013334582799366312, 0.01394475084078289, 0.014626093015587404, 0.015387022498809518, 0.016237273500238614, 0.017188106231236833, 0.018252547334092522, 0.019445670604784703, 0.020784923258506775, 0.022290503343918248, 0.02398579392556136, 0.025897859385110987, 0.028058008260180126, 0.030502425408276294, 0.03327287342801555, 0.03641745902145693, 0.03999145363769633, 0.04405814899560342, 0.048689716093258124, 0.05396802074274677, 0.05998532872411802, 0.06684480932275916, 0.0746607170779718, 0.08355809909337981, 0.09367184057843594, 0.10514482775933698, 0.11812497915438533, 0.13276088040487546, 0.14919576248390964, 0.16755959889497618, 0.18795917517899172, 0.21046611495486187, 0.23510303841428729, 0.26182828470704644, 0.29051994180418234, 0.3209602775856755, 0.35282201902613974, 0.3856582326584125, 0.4188977544343991, 0.4518481303796526, 0.483707793582244, 0.513588670796072, 0.5405495703973429, 0.563639591561506, 0.5819495096051651, 0.5946677907481689, 0.6011367688647771, 0.6009037892612927, 0.5937619749274835, 0.5797758155172407, 0.5592880289873091, 0.5329059878487664, 0.5014682058183682, 0.4659936323979168, 0.427618459645634, 0.3875265020485574, 0.3468797599980481, 0.3067554528786224]
4.3509592807992465	3.687495133201642	[0.2685353907974988, 0.23235001484368897, 0.19891258696542946, 0.16860674647987725, 0.1416347812120711, 0.11803827508870969, 0.09772586070072138, 0.08050440187730679, 0.06611034001940362, 0.05423862826926557, 0.044567511827642764, 0.036778230194466126, 0.030569435933095617, 0.02566666146468957, 0.02182752490648803, 0.018843536480240206, 0.01653940655986055, 0.014770681629176137, 0.01342041216953259, 0.012395396417423363, 0.011622397337008936, 0.01104458826163063, 0.010618378578574129, 0.01031068204844349, 0.010096638936680245, 0.009957761366333763, 0.009880457300176905, 0.009854875197051582, 0.009874016453649331, 0.009933061907425033, 0.010028870230153487, 0.010159608511056895, 0.010324487129659, 0.010523572875024988, 0.010757664191016519, 0.01102821267633902, 0.011337282846590331, 0.011687540997187426, 0.01208227032973179, 0.01252540739137028, 0.013021600204536736, 0.013576285815069387, 0.01419578975888476, 0.014887447023345607, 0.015659748594789257, 0.016522514608277486, 0.017487099549969146, 0.018566631735958378, 0.019776293703524322, 0.021133646638601622, 0.022659006265403465, 0.02437587350382788, 0.02631142708248008, 0.028497079953256427, 0.03096910415948096, 0.033769321197373955, 0.036945855487791585, 0.04055393707099372, 0.044656736246069494, 0.049326195296399616, 0.0546438129402567, 0.060701311205887926, 0.06760109713314985, 0.07545639644483669, 0.08439091213304994, 0.09453781965324316, 0.10603788661143963, 0.1190364697865752, 0.13367913755654495, 0.1501056626649387, 0.16844217755494478, 0.18879135226382124, 0.21122059595521617, 0.23574846065577487, 0.2623296877544831, 0.29083962958398535, 0.32105912996478886, 0.35266127467383945, 0.38520172779505274, 0.4181145388566628, 0.45071532302757905, 0.48221346607443594, 0.5117344946154996, 0.5383529183758935, 0.5611347836436386, 0.579187922227128, 0.5917166358275732, 0.5980764676224611, 0.5978240266234239, 0.5907566834351614, 0.5769374955301082, 0.5567019223012325, 0.5306446760482093, 0.4995871773224008, 0.4645282629942541, 0.4265826851653599, 0.38691326047005903, 0.34666307087045445, 0.30689382043657104]
4.326237921249251	3.717752029957271	[0.26896451218112266, 0.23302567511060449, 0.1997736984545574, 0.16959404891374938, 0.14269407440014567, 0.11912270032079857, 0.09879720123512781, 0.08153348340919468, 0.06707668890444604, 0.05512958724893322, 0.04537702010890556, 0.037505457002047896, 0.031217420412087495, 0.02624106947638474, 0.022335589397210042, 0.01929321142255769, 0.016938734587535587, 0.01512735659690562, 0.013741505853694679, 0.012687215186921405, 0.011890434539336869, 0.011293542725959954, 0.010852214180196676, 0.010532709772000562, 0.01030960741169926, 0.010163947109451411, 0.0100817487304536, 0.010052847841784413, 0.010069997907537358, 0.010128186961097255, 0.010224126631691356, 0.01035587479940539, 0.010522563486935097, 0.010724206509539638, 0.010961570084235012, 0.011236090944686672, 0.01154983327429179, 0.011905475684795986, 0.012306324751306085, 0.012756350551913308, 0.013260243985492349, 0.013823494009611028, 0.01445248672583627, 0.015154626310626071, 0.015938481316649104, 0.016813957779486043, 0.017792503991314622, 0.018887349567094865, 0.020113784795434537, 0.021489483764509442, 0.023034877951791186, 0.024773583892777683, 0.02673289124319475, 0.028944313311823993, 0.03144420366799403, 0.034274436010945666, 0.03748314368527406, 0.0411255050647009, 0.04526455617577952, 0.04997199593729992, 0.05532893841581919, 0.0614265425345045, 0.06836643100907853, 0.07626077759452242, 0.08523191642013592, 0.09541128928716983, 0.10693752222100579, 0.11995339166075183, 0.13460143521965873, 0.15101796325459182, 0.1693252733162981, 0.18962194075815486, 0.2119711958904666, 0.23638757589124057, 0.26282229298898724, 0.29114804744582795, 0.3211443509677254, 0.3524847437827109, 0.38472757610106817, 0.417312184762895, 0.4495623010370506, 0.480698277252468, 0.5098592135888759, 0.5361352561996897, 0.5586092985554927, 0.5764061072426203, 0.5887456908976405, 0.5949966878262011, 0.594724889295003, 0.5877318824001736, 0.5740793201147077, 0.5540954911788876, 0.5283625853855943, 0.49768509962161755, 0.4630419339058991, 0.4255265556827951, 0.386280893598375, 0.34642915774053845, 0.30701751174253344]
4.3015165616992554	3.7484687276531217	[0.2693817138586959, 0.23369294300926016, 0.2006301674528473, 0.1705804778113464, 0.1437560862116755, 0.12021309120491541, 0.09987728212903023, 0.08257352907379258, 0.06805564477581029, 0.05603422907096292, 0.046200768615184844, 0.03824703572217328, 0.03187950848368793, 0.026829062086376285, 0.022856533655752284, 0.019754950942412513, 0.01734926426950913, 0.015494371737772182, 0.014072115367870003, 0.012987786672356299, 0.012166536568992777, 0.011549955826718025, 0.011092984487908025, 0.010761227409729787, 0.010528694412563266, 0.010375946595693911, 0.01028860831377943, 0.0102561951642765, 0.010271205926852166, 0.010328429958751783, 0.010424426590403841, 0.010557140193214182, 0.010725620720758076, 0.010929826137479486, 0.011170488001127722, 0.011449026410853252, 0.01176750373577195, 0.012128609924662316, 0.012535674097941592, 0.01299269940761824, 0.01350441921067216, 0.014076374220770663, 0.014715010888662275, 0.015427802526664994, 0.016223395036598063, 0.01711178019247246, 0.01810449964080148, 0.01921488376234608, 0.020458329605418022, 0.021852622901517897, 0.023418308930007348, 0.02517911736743673, 0.027162445312012503, 0.029399902081700752, 0.0319279170058168, 0.03478840893936632, 0.03802951120959669, 0.04170633985407776, 0.045881783603850645, 0.05062728291327499, 0.05602354948328008, 0.062161159338870134, 0.06914092872002582, 0.07707395591343698, 0.0860811815438772, 0.09629228970630634, 0.10784374229132097, 0.12087571694878071, 0.13552770781716308, 0.15193255921513674, 0.1702087411431378, 0.1904507558822239, 0.21271769189596723, 0.23702012567685826, 0.2633058102155024, 0.2914448778182834, 0.3212156008839094, 0.35229206966192156, 0.38423540922259414, 0.4164903166681955, 0.4483886858592044, 0.4791618483592227, 0.5079624509279772, 0.5338962100924473, 0.5560627661471272, 0.5736036980429975, 0.5857545927677765, 0.5918970692410538, 0.5916060196091605, 0.5846872160013984, 0.5712009344523562, 0.5514683805251893, 0.5260593590785726, 0.4957616127848666, 0.46153428113609174, 0.4244497032503964, 0.3856290313551765, 0.346177652385006, 0.30712616679525334]
4.27679520214926	3.779654898381913	[0.2697866424054374, 0.234351492613703, 0.20148170687890402, 0.171565796074777, 0.14482063933257913, 0.1213093376245394, 0.10096606476039469, 0.08362457251605351, 0.06904731083883874, 0.05695272066908017, 0.04703897974033353, 0.03900323429456788, 0.03255600296782957, 0.027430966346682097, 0.023390699030907007, 0.020229101913499112, 0.01777134072031287, 0.01587206469544909, 0.01441256674871242, 0.013297422578545673, 0.012450999316508069, 0.011814107141537276, 0.011340953048183134, 0.010996483296729073, 0.010754134261102848, 0.010593981532175762, 0.010501246648145394, 0.010465118155920413, 0.010477833359333548, 0.010533976968573952, 0.010629950660840791, 0.010763580872615591, 0.010933831669309696, 0.011140602167396067, 0.011384586739894046, 0.011667186980882425, 0.011990461889571988, 0.012357111691029316, 0.01277048716625212, 0.013234624017358303, 0.013754297595544739, 0.014335100155669713, 0.014983538239257525, 0.015707154181421386, 0.016514670969605422, 0.017416165885081304, 0.018423273417558853, 0.019549424092691413, 0.020810120644752808, 0.02222325907267041, 0.02380949639132302, 0.02559267278690111, 0.027600289157684428, 0.029864046276919135, 0.03242044326029978, 0.035311436811096386, 0.03858515104106276, 0.042296628673587945, 0.046508597829516406, 0.05129222506692004, 0.05672780171888769, 0.06290530081556192, 0.06992470975349371, 0.07789602765964464, 0.08693877696822894, 0.0971808600469355, 0.10875655233840661, 0.12180341461313626, 0.13645788543688978, 0.152849340175075, 0.17109242959814724, 0.1912776055649146, 0.21345985288643782, 0.23764584263392133, 0.2637799395652358, 0.2917297929471371, 0.3212725292822142, 0.352082884583439, 0.3837248474055713, 0.4156485475217254, 0.4471940871479257, 0.47760378877909493, 0.5060438178491845, 0.5316353942925303, 0.5534948042195063, 0.5707803160343397, 0.5827429662618584, 0.5887772397543104, 0.5884670480773028, 0.5816223167379484, 0.5683019721465602, 0.5488202238292784, 0.5237346290592806, 0.4938163457554635, 0.4600049296953211, 0.4233517490619756, 0.3849572929231461, 0.3459081759572566, 0.3072194151163005]
4.252073842599264	3.8113204647944015	[0.27017893371128854, 0.23500098755335666, 0.20232801975343218, 0.17254975728302832, 0.1458875481503495, 0.12241132224387477, 0.10206350488454617, 0.08468664335157793, 0.07005178833454734, 0.057885228924445455, 0.047891878072894606, 0.03977432475453902, 0.03324721285666834, 0.028047117047212907, 0.02393843623458739, 0.020716021601358336, 0.01820532049404392, 0.016260785006640816, 0.014763198425234237, 0.013616446972966358, 0.01274413111466805, 0.012086288332824416, 0.011596395312157505, 0.011238737144763691, 0.010986172357572653, 0.010818284129127132, 0.010719884518938327, 0.010679827451595693, 0.010690082421535267, 0.010745022954910791, 0.010840888085995402, 0.01097538131744719, 0.011147377334831666, 0.011356712863796968, 0.011604042885181586, 0.011890748108791378, 0.012218882928235584, 0.012591156309464164, 0.013010940133901265, 0.013482301679837277, 0.014010058157100254, 0.01459985270900008, 0.01525825203921621, 0.015992866953520875, 0.01681249758997347, 0.017727306051075097, 0.018749019482678878, 0.019891167448042188, 0.021169357609723747, 0.022601594323257347, 0.02420864457701508, 0.026014455834153193, 0.028046629440583004, 0.030336952386467966, 0.0329219878768441, 0.03584372237575375, 0.03915026185380835, 0.04289656386492016, 0.0471451828981164, 0.05196699522609194, 0.057441854173904884, 0.06365910868839297, 0.07071789546485507, 0.07872708983150882, 0.08780477211166392, 0.09807703812631895, 0.10967595569683444, 0.12273645007786908, 0.13739189376349548, 0.1537681900040144, 0.17197618070467977, 0.19210228993166123, 0.2141974393550495, 0.2382644498630031, 0.2642443712397548, 0.2920024542514504, 0.3213147747076921, 0.3518568090964119, 0.3831954991514935, 0.41478647799555096, 0.44597810237978036, 0.47602369531667277, 0.5041029131620858, 0.5293524103357033, 0.5509050180862041, 0.567935569936986, 0.5797104237578029, 0.5856368147026522, 0.5853075929117829, 0.5785368047927467, 0.5653820547344577, 0.5461506425714242, 0.5213880154804565, 0.49184891580641044, 0.4584534931081339, 0.4222323029590587, 0.3842652862595374, 0.34562033854496443, 0.3072968752756816]
4.227352483049269	3.84347560756786	[0.2705582124212851, 0.23564108070582163, 0.2031687986347774, 0.1735321054684488, 0.14695661820282294, 0.12351892037687835, 0.10316955212545506, 0.08575976714823856, 0.07106917611258946, 0.05883192078654952, 0.04875969009106034, 0.040560583515528825, 0.03395345316045151, 0.028677857166517665, 0.024500105346401062, 0.021216078267263714, 0.018651571732466014, 0.016660894824232803, 0.01512436147838036, 0.013945197084398658, 0.013046253070726077, 0.012366803978535694, 0.011859599004227507, 0.011488260869845644, 0.011225065557686913, 0.011049097900380634, 0.010944753266443886, 0.010900544090342638, 0.010908165047628376, 0.010961772495244862, 0.011057437124565637, 0.011192734982522821, 0.011366447190250843, 0.011578344985968452, 0.011829041096660596, 0.012119893405517916, 0.012452949851684037, 0.012830927042572339, 0.013257216820033864, 0.013735917502063147, 0.014271887462510407, 0.014870820519218108, 0.015539343056528635, 0.016285134237895155, 0.017117070854315082, 0.018045399581573876, 0.01908193944497412, 0.020240318373357935, 0.02153624756469825, 0.0229878382508817, 0.024615964931176126, 0.026444679537620155, 0.02850167972540247, 0.03081883388310937, 0.033432762719397026, 0.03638547479423934, 0.03972504801002301, 0.043506343341028104, 0.047791727513652925, 0.052651770633588085, 0.05816586918993681, 0.06442272759545237, 0.07152060878133801, 0.07956724050491289, 0.08867923592913475, 0.09898086072511243, 0.11060195297439268, 0.12367478545414713, 0.1383296534074718, 0.15468898698216246, 0.17285982915920692, 0.19292460142066042, 0.21493020248525413, 0.23887566100996716, 0.2646987845434188, 0.29226251234104467, 0.321341963659124, 0.3516134519954189, 0.3826469601660386, 0.4139036964007102, 0.44474031579966705, 0.47442115205650726, 0.5021393222368367, 0.5270468468548469, 0.5482929995846899, 0.5650690555230903, 0.5766565642614443, 0.582475396547905, 0.5821272591767965, 0.5754302876496046, 0.5624407909247916, 0.5434592457869776, 0.5190191260465976, 0.48985892805875475, 0.4568795728398465, 0.42109096291293796, 0.38355260761659815, 0.3453137386263884, 0.30735815450081233]
4.202631123499273	3.8761307731205057	[0.2709240915762006, 0.2362714135872312, 0.20400372535388284, 0.17451257450638086, 0.14802764600987037, 0.12463199940124779, 0.1042841499177258, 0.08684396490131496, 0.0720995707074201, 0.059792962852932424, 0.049642644398993414, 0.04136229109199549, 0.03467504531972877, 0.029323537759162403, 0.025076076397525, 0.021729651217574232, 0.019110474894512817, 0.01707276910433216, 0.015496420474562143, 0.014284023590320931, 0.013357699957211373, 0.012655971920068334, 0.012130865027906074, 0.011745338966393846, 0.011471083061758217, 0.011286678039201099, 0.011176095638632269, 0.011127499878180156, 0.011132303696919707, 0.011184440123308338, 0.011279805812177348, 0.01141584461967646, 0.011591239897988347, 0.011805694090460565, 0.012059774791777096, 0.01235481492440235, 0.012692854121049497, 0.013076615360875933, 0.01350950931705438, 0.013995664657148797, 0.014539980244855902, 0.015148200213504735, 0.015827010170083977, 0.016584157376586032, 0.017428594798303974, 0.018370653278627178, 0.019422242951961474, 0.020597089259930996, 0.021911005527740623, 0.02338220816721101, 0.02503167667962322, 0.026883564393794742, 0.028965661050205635, 0.03130991129483665, 0.033952986624667406, 0.03693690964471256, 0.04030972009271878, 0.04412617051051108, 0.048448425542283256, 0.05334673277299279, 0.05890001286483585, 0.0651963048001461, 0.07233297462257474, 0.080416578415858, 0.08956223728115573, 0.09989236303269197, 0.1115345423661682, 0.12461837884623389, 0.13927108016357345, 0.15561160297281373, 0.17374320253573147, 0.19374432383571252, 0.21565788430365643, 0.23947917921986656, 0.2651428479861898, 0.2925096058971254, 0.3213537106408358, 0.3513524091563596, 0.3820788133561918, 0.4129997775079203, 0.44348029835761554, 0.4727957291976121, 0.5001526168746339, 0.5247182784550942, 0.5456583268757511, 0.5621803545556591, 0.57358097313271, 0.5792925738985532, 0.578925638442333, 0.5723023592106139, 0.5594777761840676, 0.540745629288199, 0.5166275555397748, 0.4878459748120541, 0.4552827577715677, 0.41992731446326065, 0.3828188409764758, 0.3449879626126915, 0.30740284808309337]
4.177909763949278	3.909296681580459	[0.27127617207282234, 0.23689161590251862, 0.20483247050518172, 0.1754908877291142, 0.14910041860930118, 0.12575041845049192, 0.1054072351129793, 0.087939252829912, 0.07314306605101256, 0.060768521303424375, 0.050540971583703305, 0.04217973220091864, 0.03541231723330595, 0.02998451823748925, 0.025666729575313955, 0.0222571312555065, 0.019582423119242905, 0.01749679619661932, 0.015879753950633367, 0.014633291302073666, 0.013678820775036954, 0.012954123996975457, 0.012410508065693958, 0.012010269253224978, 0.011724507018958285, 0.011531292148458286, 0.011414166378613807, 0.011360938086829496, 0.011362731913469759, 0.011413250990080332, 0.011508212489705537, 0.0116449229011608, 0.011821963808255582, 0.012038965120670493, 0.012296446617650328, 0.01259571372229571, 0.012938796108471307, 0.01332842148094479, 0.013768018422223555, 0.014261744904281745, 0.014814539819403392, 0.015432196913230533, 0.016121460772123525, 0.01689014615192679, 0.017747281925175034, 0.0187032823367034, 0.019770148062455868, 0.02096170081398691, 0.02229385482332104, 0.023784929550535995, 0.025456007156540953, 0.027331338798506355, 0.02943880221850193, 0.031810412607467725, 0.0344828856488353, 0.037498249287094824, 0.040904495094242654, 0.04475625459299303, 0.049115476128428516, 0.0540520676230433, 0.05964445508193305, 0.06597999037297785, 0.07315511982976236, 0.08127520305988298, 0.0904538447528156, 0.10081157865775171, 0.112473719358198, 0.12556718427126803, 0.14021608459995755, 0.15653590325412978, 0.17462612076753475, 0.19456123209692175, 0.216380217066863, 0.2400746968160134, 0.26557621859174874, 0.292743361289838, 0.3213496174100327, 0.3510732631018804, 0.38149062803509354, 0.41207428206898933, 0.44219760688893983, 0.4711469825379531, 0.498142354479977, 0.522366265168015, 0.5430005636232719, 0.5592690342190062, 0.570483221286449, 0.576087920923248, 0.5757023080174194, 0.5691525991997701, 0.5564925920112617, 0.5380093750652889, 0.5142128851425469, 0.4858096349501589, 0.4536626235763567, 0.4187409301362773, 0.3820635574845726, 0.34464258428490613, 0.3074305388695672]
4.153188404399282	3.942984335019007	[0.2716140420575473, 0.23750130510648, 0.20565469286541527, 0.17646675756352645, 0.15017471301673044, 0.12687402814140447, 0.10653873750826702, 0.08904564221959459, 0.07419975310812674, 0.06175876189086935, 0.05145490399775038, 0.04301319592980576, 0.036165603218077824, 0.030661166729638586, 0.026272455368139713, 0.022798921218263164, 0.020067822538723763, 0.01793337852777892, 0.016274754858663764, 0.014993379948762119, 0.014009979285387721, 0.013261606883611728, 0.012698857155145647, 0.012283363722211862, 0.011985633113379749, 0.011783221072127956, 0.011659232797804722, 0.011601114250945017, 0.011599694873937695, 0.011648441619624927, 0.011742886321297923, 0.011880193133936161, 0.012058837447786063, 0.012278373083504768, 0.012539268913606155, 0.012842800504354, 0.013190985537306762, 0.013586554984397075, 0.014032954059058713, 0.014534369187386837, 0.01509577848865892, 0.01572302481657916, 0.016422911157952736, 0.017203319355952186, 0.018073353579370687, 0.01904351090002743, 0.02012588160147802, 0.021334382601214747, 0.022685027413640205, 0.024196236574725187, 0.02588919210503914, 0.027788239555338764, 0.0299213400593826, 0.03232057374533025, 0.035022693275189955, 0.03806972330671038, 0.041509596557246946, 0.04539681101469169, 0.04979308375354242, 0.05476796599315927, 0.060399369470924, 0.06677393745530869, 0.07398717301453579, 0.08214321487403212, 0.09135412638003909, 0.10173853972166867, 0.11341947632595255, 0.12652115166153133, 0.14116457153045625, 0.15746174643240718, 0.175508395501814, 0.19537509207089204, 0.21709692251315346, 0.24066189505523536, 0.2659985410651706, 0.2929633922670791, 0.3213292720817453, 0.35077558263125175, 0.3808819589861457, 0.4111267563939238, 0.44089178315894106, 0.4694744530039968, 0.49610807710623794, 0.5199903519385856, 0.5403192580590741, 0.5563346465684983, 0.5673628642925015, 0.5728609967693826, 0.5724568300984704, 0.565980572557307, 0.5534848051445818, 0.5352500506642242, 0.5117746817107032, 0.48374947331099205, 0.4520187320627142, 0.4175313688145394, 0.3812863148653431, 0.344277164171531, 0.3074407967511629]
4.128467044849287	3.977205025957305	[0.2719372764290684, 0.23810008576359826, 0.2064700389791416, 0.17743988492229867, 0.1512502959014342, 0.12800267001952217, 0.1076785796313096, 0.09016313895713061, 0.07526971980113976, 0.06276384960795515, 0.052384675856823146, 0.04386297557451696, 0.03693524430230136, 0.03135386011004973, 0.02689365505597141, 0.023355436196726823, 0.020567092942957114, 0.018382932982920742, 0.016681831363287745, 0.015364684677651065, 0.014351554889406643, 0.013578782661829878, 0.012996256603467562, 0.012564949142084681, 0.012254771476039514, 0.012042759499586001, 0.011911575660465353, 0.011848296753818252, 0.011843450231578128, 0.011890260466878503, 0.011984068093829384, 0.012121889787095516, 0.012302090276671042, 0.012524143548045045, 0.012788464430511815, 0.013096296097349502, 0.013449642170272478, 0.013851235269511743, 0.014304535940470164, 0.014813758067971534, 0.015383918185778295, 0.01602090761424452, 0.016731587153536488, 0.017523905188883623, 0.01840704056057889, 0.019391572441832466, 0.020489679761121832, 0.021715373402583265, 0.023084764484681004, 0.024616372434978002, 0.026331476244510852, 0.028254512162131654, 0.030413519969988645, 0.03284063880669299, 0.03557265092321905, 0.03865156868439583, 0.04212525503989151, 0.04604806149708412, 0.05048145864550849, 0.05549462351371448, 0.06116493374915464, 0.0675783021350224, 0.07482926482082967, 0.08302071498443246, 0.09226314982326823, 0.10267327646936367, 0.1143718026149935, 0.1274802263365944, 0.1421164400019927, 0.1583889837810532, 0.17638982999795616, 0.19618565978932465, 0.21780771167870744, 0.24124044324471455, 0.26640944753531237, 0.2931692989919681, 0.3212922488049872, 0.35045892180264915, 0.3802523460791138, 0.4101567313024302, 0.4395623534238161, 0.46777766559502715, 0.4940493109656275, 0.5175900675842046, 0.5376139424464025, 0.5533767275235778, 0.5642194417979058, 0.5696113446061969, 0.5691887511565236, 0.5627858285454256, 0.550453966921293, 0.5324672083642971, 0.5093124971143262, 0.481665039941925, 0.4503506305065763, 0.4162981750740766, 0.38048665675503723, 0.343891248968927, 0.3074331780045803]
4.103745685299291	4.011970346156985	[0.27224543619538555, 0.238687549005129, 0.20727814256099406, 0.17840995873559604, 0.15232692304882645, 0.12913617618156248, 0.10882667628997865, 0.09129174327245498, 0.07635305068469575, 0.06378394858574565, 0.053330523080721386, 0.04472936872811132, 0.0377215882635265, 0.03206298429555986, 0.027530740953546247, 0.02392710403072991, 0.02108066821037827, 0.018845891567900338, 0.01710140742067505, 0.015747616836128096, 0.014703943306682378, 0.013906029671559432, 0.013303066717690265, 0.01285536793276992, 0.012532247427821011, 0.012310216830452858, 0.01217148991262714, 0.012102767662157206, 0.012094268816002065, 0.01213896871265585, 0.012232010881445004, 0.0123702592451995, 0.012551963317642155, 0.012776513360056753, 0.013044266928019924, 0.013356432130470086, 0.013714996379084507, 0.014122692203974555, 0.014582994115076279, 0.015100142354909465, 0.01567919100083649, 0.016326079100114292, 0.01704772462348585, 0.017852141852940685, 0.01874858361334398, 0.019747710341615512, 0.02086178856957893, 0.022104921773196576, 0.023493316890052907, 0.02504558988410631, 0.026783113682158795, 0.028730411317992692, 0.030915596284903597, 0.03337086053228232, 0.036133008263447224, 0.039244030214932626, 0.04275170836146366, 0.04671023441180658, 0.05118081693892286, 0.05623224091303123, 0.06194132978028476, 0.06839324363170858, 0.07568152786724541, 0.08390780528795634, 0.09318098218248791, 0.10361581723969027, 0.11533068422314278, 0.1284443488599723, 0.14307158284514376, 0.15931745898677518, 0.17727021855465258, 0.19699268109302237, 0.21851228421527893, 0.24180999829543712, 0.26680855678099835, 0.2933606675187236, 0.3212381069173151, 0.35012281934420814, 0.3796013133732543, 0.4091637214819687, 0.4382088275019686, 0.46605612869909135, 0.491965565487237, 0.5151649240787777, 0.5348841321417153, 0.5503947961298217, 0.5610524766075032, 0.5663384908743336, 0.5658976010494828, 0.559567899994653, 0.547399612432137, 0.5296603844304577, 0.5068258674429887, 0.47955586936727407, 0.448657850913715, 0.415040878474862, 0.37966411202553435, 0.3434843708615391, 0.3074072246811439]
4.0790243257492955	4.047292195705047	[0.27253806783047246, 0.23926327190443436, 0.20807862391636006, 0.1793766553925585, 0.15340433885857754, 0.13027436880244272, 0.10998293417290837, 0.09243144938324697, 0.07744982668552808, 0.06481922189638173, 0.05429268321255062, 0.04561267727907217, 0.03852498975704391, 0.032788934459477, 0.028184136755506777, 0.02451436573342455, 0.02160899685037641, 0.019322702013098575, 0.017533923477444105, 0.01614260470731633, 0.01506755737886581, 0.014243743325915135, 0.01361966466220157, 0.013154979013160402, 0.012818402349285041, 0.012585918019609798, 0.012439285535245021, 0.012364823545791132, 0.012352435453102575, 0.012394841046698425, 0.012486980825513869, 0.012625560551509237, 0.012808709895919665, 0.013035731347303384, 0.01330692187787945, 0.013623451707094367, 0.013987289816289272, 0.014401166768139333, 0.014868569612603353, 0.015393763723667896, 0.015981839803893592, 0.016638783769663407, 0.017371570074358626, 0.018188278131359824, 0.019098234011262726, 0.020112178444176718, 0.02124246445469639, 0.022503286578436595, 0.02391094568996715, 0.025484151740288057, 0.027244368420796007, 0.02921620139446482, 0.03142783274346007, 0.03391150072890536, 0.03670402363226001, 0.039847360869624524, 0.04338920195043917, 0.047383565066724226, 0.051891380940615205, 0.056981024210577366, 0.06272874374128759, 0.06921892438127779, 0.07654409680108964, 0.0848045884151343, 0.09410768992738992, 0.10456618829810826, 0.11629610360118474, 0.12941345473916122, 0.14402988634622066, 0.16024700772134473, 0.1781493460606144, 0.19779589108591814, 0.21921032783201558, 0.2423702040735312, 0.2671954735796597, 0.2935370690587748, 0.32116639021722754, 0.3497667978529791, 0.37892836833024396, 0.40814722463714104, 0.4368306979434318, 0.4643093332094952, 0.48985633245794813, 0.5127144156519191, 0.5321293247210572, 0.5473883536551619, 0.5578614738085999, 0.5630419443919102, 0.5625828921566401, 0.5563263024310534, 0.5443212596761166, 0.5268290982715146, 0.504314312189917, 0.4774214797860108, 0.44693990924165644, 0.4137589928061493, 0.37881819405204065, 0.3430560468209263, 0.307362463925819]
4.0543029661993	4.083182792404009	[0.2728147025668447, 0.23982681683833035, 0.20887108929603973, 0.1803396381813709, 0.15448227577610577, 0.13141705967272269, 0.11114725138478214, 0.09358224516132876, 0.07856012478053985, 0.06586983138894957, 0.055271395282338306, 0.04651320745434302, 0.039345810397550376, 0.033532115302398954, 0.028854277845719648, 0.02511767598414125, 0.02215254252213279, 0.019813828456377316, 0.017979837157922424, 0.01655009433356906, 0.01544282787236504, 0.014592337020259217, 0.013946445323994843, 0.013464158746087352, 0.01311359456444547, 0.012870204520104078, 0.012715288415317529, 0.01263477639395355, 0.012618249805104535, 0.012658166544669414, 0.012749257935498593, 0.012888066241848954, 0.013072596399839676, 0.013302059111992146, 0.01357668718728841, 0.01389761016036608, 0.014266776106002927, 0.014686911779126108, 0.015161515106757045, 0.01569487541386659, 0.016292118883800635, 0.016959277494633874, 0.017703381271613472, 0.0185325740420605, 0.019456254152289226, 0.020485241691983787, 0.021631974815508527, 0.022910737602292498, 0.0243379226942559, 0.025932331465977024, 0.02771551486582106, 0.02971215697677792, 0.031950502950200056, 0.034462830761939005, 0.03728596443255096, 0.040461822226279455, 0.04403798916960858, 0.04806829605762915, 0.05261337936201787, 0.05774118497366344, 0.0635273662447064, 0.07005551018159867, 0.07741710829493197, 0.08571116775130315, 0.09504333875654912, 0.10552441372454091, 0.11726803936883176, 0.13038747417757335, 0.1449912298212708, 0.16117745726171454, 0.17902698743497866, 0.19859501363353088, 0.21990151761656804, 0.24292069079156675, 0.2675697879273406, 0.2936980592816061, 0.32107662610303844, 0.3493903630224352, 0.37823300089207057, 0.40710672066039755, 0.4354274390662553, 0.4625367516543351, 0.487721085035705, 0.5102380178919494, 0.5293489989871647, 0.5443568826799353, 0.5546459197871003, 0.5597211954440648, 0.5592441184171387, 0.5530605331766263, 0.5412184086327473, 0.5239728515618236, 0.5017773333681913, 0.47526137222441334, 0.4451963045684749, 0.41245201527820613, 0.37794839994063895, 0.3426057778442656, 0.30729840726877355]
4.029581606649304	4.119654681478902	[0.27307485569619666, 0.24037773074323907, 0.2096551302826717, 0.18129855661288397, 0.15556045377752836, 0.1325640496121696, 0.11231951705454635, 0.09474411167176651, 0.07968401776531811, 0.06693593739890338, 0.05626689977707065, 0.04743126974115203, 0.04018441896199308, 0.03429294121112022, 0.02954161174121353, 0.025737503521768797, 0.02271178469967971, 0.020319752040693643, 0.01843962410665142, 0.01697055026888543, 0.015830204442113544, 0.014952242983238077, 0.014283822341402568, 0.013783301836270172, 0.013418200387284467, 0.013163435187676917, 0.012999841376482892, 0.01291295449957728, 0.012892027365139842, 0.012929249517618924, 0.013019137038546602, 0.013158063153847323, 0.013343903184256562, 0.013575771800288303, 0.01385383405945941, 0.014179175786538985, 0.014553721667030738, 0.014980192592524408, 0.015462095706562972, 0.016003742903434665, 0.016610294712562663, 0.017287828172411392, 0.01804342798021315, 0.018885301463103167, 0.019822918276737114, 0.020867176725261057, 0.022030598716386483, 0.02332755611799748, 0.024774531128746502, 0.026390413702081134, 0.028196838456962626, 0.030218563351493588, 0.03248389096213728, 0.035025131983279445, 0.03787910766372861, 0.04108768482148869, 0.044698331773570174, 0.04876467752676265, 0.05334704768727838, 0.058512940463249626, 0.06433739260030927, 0.07090317020755738, 0.07830070118638024, 0.0866276473060158, 0.09598799360362986, 0.1064905151276347, 0.11824646618125181, 0.1313663316313287, 0.14595548534346833, 0.1621086258949691, 0.17990290722265212, 0.19938976062909095, 0.22058551551068575, 0.24346107415452142, 0.26793107440996056, 0.29384317736261784, 0.3209683248562627, 0.34899300261559896, 0.37751468269265814, 0.40604167055369855, 0.4339985061115968, 0.46073783708903915, 0.4855592768623889, 0.5077351866301615, 0.5265426140536165, 0.5412998459916712, 0.5514052812956041, 0.5563757147046162, 0.5558807543938937, 0.5497700703116033, 0.5380905403330877, 0.521091127255653, 0.49921441459960014, 0.4730750296119791, 0.4434265182097119, 0.4111194256678532, 0.37705420968313685, 0.34213304817520546, 0.30721454982675583]
4.004860247099309	4.1567207456131205	[0.2733180257565018, 0.24091554440131382, 0.2104303230471041, 0.18225304580120694, 0.15663857971258663, 0.13371512796429394, 0.11349961079427634, 0.09591702281420728, 0.08082157387081576, 0.06801769857868414, 0.0572794384614389, 0.048367178947129004, 0.04104119145058327, 0.035071836571231065, 0.030246598405982074, 0.026374331705257, 0.023287219221450113, 0.020840971689669818, 0.01891377873125586, 0.01740445651683458, 0.016230156511179275, 0.015323913317193644, 0.014632229062499566, 0.01411282241788818, 0.013732615109430446, 0.013465987372070934, 0.013293305159768254, 0.01319970352526854, 0.013174100408650505, 0.013208410536699213, 0.01329692869061865, 0.013435853404526965, 0.013622925438588212, 0.013857159033486846, 0.014138647820620487, 0.014468430733982149, 0.014848406503083842, 0.015281287954753532, 0.01577058971441195, 0.016320644729568547, 0.016936646674940357, 0.017624716519548667, 0.01839199266782744, 0.01924674490082112, 0.020198513143914184, 0.021258272624402306, 0.02243862753432759, 0.02375403560168953, 0.025221066247482757, 0.026858694946862254, 0.028688636236564716, 0.030735717141462608, 0.03302829180095403, 0.0355986963099969, 0.03848374036253659, 0.041725228657724656, 0.04537050026024911, 0.049472967580907974, 0.05409262841593524, 0.05929651394462198, 0.06515902292936304, 0.07176207719670472, 0.07919501644649196, 0.08755413175899229, 0.09694171844694587, 0.10746451154143682, 0.11923135437341248, 0.13234994555379678, 0.14692251722385774, 0.16304032251514947, 0.18077685892113116, 0.2001798314535941, 0.22126196949959798, 0.2439909546986894, 0.26827889127639043, 0.2939719452189144, 0.3208409786218517, 0.3485741856162353, 0.37677286596926124, 0.404951515513068, 0.4325433341097098, 0.45891202213129106, 0.48337034090660047, 0.505205356942107, 0.5237096081848168, 0.5382166855676542, 0.548139004308734, 0.5530049522136585, 0.5524922541598746, 0.5464543716598038, 0.5349371157900918, 0.5181833885921858, 0.49662502010005005, 0.470861915817262, 0.4416300127683177, 0.4097606853955778, 0.37613508527970396, 0.341637324431986, 0.307110369504472]
3.980138887549313	4.194394215325672	[0.273543693688315, 0.24143977164987684, 0.2111962275885988, 0.1832027257676146, 0.15771634664513887, 0.13487007201639983, 0.11468740216884685, 0.09710094489427058, 0.0819728564039897, 0.06911527166554987, 0.058309254236030145, 0.049321254207610604, 0.04191651119929618, 0.03586923603950439, 0.030969710630606804, 0.027028659048349692, 0.023879358919489245, 0.021378004872404203, 0.01940281503724713, 0.017852317471863638, 0.016643174252013754, 0.015707821054043676, 0.014992119611698138, 0.014453155166963667, 0.014057254099371096, 0.013778258039619509, 0.013596059516415989, 0.013495387604458713, 0.013464819055291228, 0.01349598749490099, 0.013582960195171823, 0.013721755405269888, 0.013909974158778553, 0.01414652587591156, 0.01443142884712054, 0.014765671927611208, 0.015151125089456043, 0.015590490889103244, 0.016087289477277365, 0.016645873341264047, 0.017271467888364332, 0.01797023689437403, 0.01874937129590583, 0.01961720228408037, 0.020583338794525532, 0.0216588316749435, 0.022856365690130127, 0.024190482464240555, 0.025677836027059107, 0.02733748424756978, 0.029191217498131323, 0.03126392694682383, 0.033584012043387644, 0.03618382680088397, 0.039100160119636636, 0.04237474369856019, 0.046054774295298376, 0.05019343268611726, 0.05485037137508669, 0.060092134961517635, 0.06599246234450044, 0.07263240758364259, 0.08010019720942751, 0.08849072643891934, 0.09790457617555387, 0.10844641923838264, 0.1202226696559939, 0.1333382280399503, 0.14789218153850137, 0.16397234610423428, 0.18164858434834563, 0.20096491230604235, 0.22193051283672385, 0.24450991698930796, 0.2686127795406607, 0.29408386659556435, 0.32069406041065923, 0.3481333612260426, 0.37600698248830244, 0.40383567585871977, 0.4310613367516079, 0.45705871784515395, 0.4811536883023949, 0.5026479420054344, 0.520849397621442, 0.53510682142449, 0.5448465128529565, 0.549608336234953, 0.5490780501478835, 0.5431128736680508, 0.5317575748820625, 0.5152490780096327, 0.4940085936090175, 0.4686214746083413, 0.43980623112096584, 0.40837523654259494, 0.3751904697909859, 0.34111805468955286, 0.30698532612128493]
3.955417527999317	4.23268867970303	[0.27375132197663, 0.2419499084857311, 0.2119523869825677, 0.1841472006328535, 0.15879343322193668, 0.1360286463049984, 0.11588275021329349, 0.09829583608083471, 0.08313792345441853, 0.07022881113970295, 0.059356591079029956, 0.05029381889167916, 0.04281076909288442, 0.036685584727212756, 0.03171143452869001, 0.0277009996802862, 0.024488734380401767, 0.021931388310665937, 0.019907267607159943, 0.01831465881912771, 0.01706976972142396, 0.01610446118412273, 0.015363970115768353, 0.014804756398548771, 0.014392554063169983, 0.014100664889581506, 0.01390850446120252, 0.013800390442508694, 0.013764552488036168, 0.01379233667265076, 0.013877576774359803, 0.014016104882766865, 0.014205377266476736, 0.01444419380959092, 0.014732493634448129, 0.015071211999894162, 0.015462187396723889, 0.015908109587347657, 0.016412502370721054, 0.01697973595569409, 0.017615066152154406, 0.018324698120967316, 0.019115874237314215, 0.019996985756559466, 0.020977709437563847, 0.02206917012616484, 0.02328413150254426, 0.02463721677111092, 0.02614516198282364, 0.027827103873040097, 0.02970490455591568, 0.03180351395821369, 0.034151370531961704, 0.03678083819452341, 0.03972867571581416, 0.04303653031260523, 0.046751443255245835, 0.0509263479961694, 0.05562053414917731, 0.06090003952688983, 0.06683792124576698, 0.073514341532125, 0.0810163889164979, 0.0894375371797024, 0.09887662856758118, 0.10943625139886101, 0.12122037292094007, 0.1343310843067434, 0.14886432576210054, 0.16490448502998947, 0.18251781311300985, 0.20174467533394222, 0.22259076336576786, 0.24501752860547998, 0.2689322621748701, 0.294178425930802, 0.32052702318395965, 0.34766995763772623, 0.3752164425423603, 0.40269354974368693, 0.4295519053186053, 0.45517731241192694, 0.47890870723038215, 0.5000623317578563, 0.5179613754308252, 0.5319696502856136, 0.5415272078425727, 0.5461852719524833, 0.5456375519870479, 0.5397449901482847, 0.528551335203425, 0.5122876159467076, 0.49136455726762784, 0.4663531285252249, 0.4379545953359764, 0.4069625008046075, 0.3742197863078661, 0.3405746675239725, 0.30683886044284114]
3.930696168449321	4.271618097499536	[0.27394035362806063, 0.24244543223073933, 0.21269832643613484, 0.18508605791137964, 0.15986950282851248, 0.13719060205905778, 0.11708550272339693, 0.09950164603264372, 0.08431682736725205, 0.07135846907919353, 0.06042169375453755, 0.05128520072887217, 0.04372436355176425, 0.03752133862471819, 0.0324722698205273, 0.028391884064947272, 0.025115894511405498, 0.022501678957771262, 0.02042769240507423, 0.01879202871472219, 0.017510477841506496, 0.016514351969320083, 0.015748279794986404, 0.015168105447466362, 0.014738974186988838, 0.014433647749351804, 0.014231061421303093, 0.014115116689129506, 0.014073690078651458, 0.014097834065463118, 0.014181142654769073, 0.014319256152162018, 0.014509480648617045, 0.01475050195157681, 0.015042175790508372, 0.015385380455914869, 0.015781919840752858, 0.01623446852822988, 0.01674655170952519, 0.017322555635910095, 0.01796776482193817, 0.018688424530655567, 0.019491827115890217, 0.020386422684515532, 0.021381954253804274, 0.022489619164879293, 0.023722257951402842, 0.02509457317871324, 0.02662337988384508, 0.028327890205644544, 0.030230033400124482, 0.03235481279356677, 0.034730698954944635, 0.03739005767648971, 0.04036960760753998, 0.04371089995330414, 0.04746080659651766, 0.0516719979246554, 0.05640338230862947, 0.06172047056593018, 0.0676956153852495, 0.07440806322866253, 0.08194373919597071, 0.09039467044772397, 0.09985793596999361, 0.11043401806101782, 0.12222441971410845, 0.13532841246193145, 0.14983878803618841, 0.16583651663842697, 0.18338426169092242, 0.20251877806129964, 0.22324232242623906, 0.24551333942082307, 0.26923684287117416, 0.29425508750917956, 0.32033929850260423, 0.34718338108117863, 0.3744006335183901, 0.4015245121130061, 0.4280144072010902, 0.45326717002134964, 0.47663476141694366, 0.4974478917383018, 0.5150449100139265, 0.5288045443891309, 0.5381804656183564, 0.5427351402605639, 0.5421701450933224, 0.5363501110645947, 0.5253177907236035, 0.5092983996408219, 0.4886923103592448, 0.46405627770335195, 0.4360745055068354, 0.4055218783541314, 0.37322243688773254, 0.3400065709260095, 0.30667039322842055]
3.905974808899325	4.311196808620656	[0.27411021122239465, 0.24292580046530854, 0.21343355247534168, 0.1860188675378834, 0.16094420292698106, 0.1383556763489855, 0.11829549577177828, 0.10071831521317012, 0.08550961447898583, 0.07250439469489091, 0.061504807815253346, 0.05229573161702739, 0.04465770083956274, 0.038376964716865435, 0.033252730458710765, 0.029101859427594155, 0.025761407464416044, 0.023089454706763574, 0.02096466794972995, 0.019284998719324556, 0.01796585775394565, 0.01693803603378979, 0.0161455724267932, 0.015543705849073922, 0.015096997646342968, 0.014777669789372892, 0.014564174742336558, 0.014439993146977692, 0.01439264285839238, 0.014412876561035428, 0.014494042485388743, 0.014631583249914742, 0.014822649516391237, 0.015065808138524591, 0.015360827336521173, 0.015708524710723953, 0.016110666530265143, 0.01656990947085668, 0.017089777947940366, 0.017674672243678625, 0.01832990396806979, 0.01906175687637305, 0.01987757192680053, 0.02078585653244409, 0.02179641847932573, 0.022920525749168502, 0.024171093722412145, 0.025562901719484325, 0.02711284075349819, 0.02884019446707535, 0.030766954643949875, 0.03291817214988497, 0.035322342726494656, 0.03801182543832869, 0.04102328872310371, 0.044398175602777604, 0.04818317454728536, 0.05243067644881312, 0.05719918997520754, 0.06255367805424113, 0.0685657662837018, 0.07531376083102238, 0.08288239811102621, 0.09136223308121068, 0.10084855736285378, 0.11143972563899227, 0.12323476010793949, 0.13633010279891464, 0.15081539685070391, 0.16676820633372347, 0.18424763292415078, 0.20328686227218767, 0.2238847741855753, 0.24599688031732997, 0.2695260052263308, 0.29431329403766954, 0.32013029558519074, 0.3466730142963736, 0.3735589188507129, 0.400327913108456, 0.4264481847667045, 0.4513276292421423, 0.4743311889368739, 0.49480396145484085, 0.512099343860511, 0.5256108498812876, 0.5348056366721264, 0.5392572962068785, 0.5386751893791877, 0.5329276010456165, 0.522056310497019, 0.5062808017257786, 0.4859912280349821, 0.46173029856949455, 0.43416533850835776, 0.404052746645613, 0.3721978013558547, 0.3394131512254968, 0.3064793240908505]
3.881253449349329	4.351439546004475	[0.27426029574302474, 0.24339045006441348, 0.21415755187105023, 0.18694518105151772, 0.16201716410166073, 0.13952359144177529, 0.11951255291022297, 0.10194577445368767, 0.08671632452731136, 0.07366673414966955, 0.06260617927662435, 0.05332574774480949, 0.0456111950487135, 0.039252941438373, 0.03405334494649255, 0.029831490541793106, 0.026425861273810063, 0.023695315473514212, 0.021518796225953887, 0.019794165115640545, 0.018436493938395065, 0.017376081841372532, 0.01655639759827192, 0.015932086904060155, 0.015467132926390582, 0.015133219114742538, 0.014908313024375014, 0.014775470346254996, 0.01472184483411891, 0.014737883469731572, 0.014816682613124365, 0.014953481406854435, 0.01514526963084971, 0.015390490338799571, 0.015688819880872704, 0.016041011442903482, 0.016448790391123194, 0.0169147927548988, 0.017442539757932116, 0.018036443691945826, 0.018701841410814313, 0.019445053541862156, 0.020273468029767924, 0.0211956480312383, 0.022221464355102284, 0.023362253734707003, 0.024631004107983516, 0.026042568882003573, 0.02761391171248723, 0.029364383743896518, 0.0313160342954874, 0.03349395576164639, 0.035926661669828844, 0.03864649555206789, 0.04169006503531777, 0.04509869254195472, 0.048918868544713896, 0.05320268775208379, 0.058008240097014135, 0.06339991950857542, 0.06944860131689581, 0.07623162678417617, 0.08383251803430693, 0.09234033241239768, 0.10184855000525087, 0.11245337683894184, 0.12425133811105026, 0.13733603750285103, 0.15179397022037372, 0.16769930707987477, 0.18510761497833972, 0.20404855332170385, 0.22451768440105954, 0.2464676623255016, 0.26979921133885404, 0.29435246563825856, 0.3198993997750979, 0.34613821540281886, 0.3726906363940881, 0.39910307683890694, 0.42485255367523395, 0.44935800171625206, 0.4719973005040796, 0.4921298530244587, 0.5091239918466519, 0.5223878854217832, 0.5314020439781448, 0.5357510675816941, 0.5351520176418006, 0.5294767979746164, 0.5187662371267787, 0.5032341688389546, 0.4832606598684409, 0.4593745424822547, 0.43222644665575255, 0.40255445910479803, 0.3711452360793968, 0.338793771843356, 0.3062650303968257]
3.856532089799333	4.392361447917437	[0.2743899854508862, 0.2438387960119174, 0.21486979065912853, 0.18786453053152946, 0.16308799924479722, 0.14069405388865486, 0.1207364845528643, 0.10318394423798909, 0.08793699027775106, 0.0748456300966614, 0.0637260545393116, 0.054375589439009726, 0.04658526836193253, 0.040149758867398584, 0.034874656955696824, 0.030581360274203787, 0.027109864813146544, 0.02431988406151798, 0.022090703929538352, 0.020320150033026316, 0.018922997673307757, 0.01782908500501237, 0.016981332304415113, 0.016333805097666767, 0.015849915486130038, 0.015500810230306951, 0.015263970795718585, 0.015122024008173172, 0.015061754633048326, 0.01507329795577867, 0.015149492676176986, 0.015285368430635628, 0.015477748835159585, 0.01572494797992066, 0.016026546088940517, 0.01638322786698842, 0.01679667457711104, 0.017269498520957393, 0.017805215386087907, 0.01840824711663481, 0.019083954028224822, 0.019838691667170283, 0.02067989341098013, 0.021616176257233364, 0.02265747234321242, 0.023815184903924074, 0.02510237217449159, 0.026533958582939624, 0.028126977089843963, 0.02990084189058928, 0.031877654800753955, 0.03408254321868466, 0.03654403097603436, 0.03929443668217894, 0.04237029641564762, 0.04581279893193015, 0.04966822196047454, 0.05398834664743452, 0.05883082501943929, 0.06425946022390003, 0.07034435410621598, 0.07716185784476044, 0.08479425383526748, 0.093329076058078, 0.10285796940237296, 0.11347497020253194, 0.1252740914064098, 0.13834608994449257, 0.15277431519526266, 0.16862955845383604, 0.18596388063670893, 0.2048034589681922, 0.22514059951648543, 0.2469251752640293, 0.2700559007330426, 0.2943719983290995, 0.31964597131929906, 0.34557831625893604, 0.3717950970853303, 0.39784929965518806, 0.4232268014503666, 0.4473575703852944, 0.46963237797939483, 0.4894248493846395, 0.5061181397026084, 0.5191349404104952, 0.5279689814428333, 0.5322157531855207, 0.5315999340141367, 0.5259970113197108, 0.5154468852351424, 0.5001578200321226, 0.4804999283623177, 0.45698833423865826, 0.4302571562634311, 0.40102634374554963, 0.3700640725965649, 0.3381477720322839, 0.3060268659808202]
3.831810730249337	4.433978070680873	[0.2744986345284395, 0.24427023029563447, 0.21556971289782847, 0.18877642766634783, 0.16415630245460905, 0.14186675379342498, 0.1219670870554056, 0.10443273420974142, 0.08917163683892475, 0.07604122147709055, 0.0648646800018808, 0.05544560130379045, 0.04758035101420404, 0.041067919239095724, 0.03571722566306758, 0.031352070472951764, 0.027814048493987536, 0.024963807388869063, 0.022681043481113845, 0.020863602947219968, 0.01942600829326996, 0.018297669978135065, 0.017420982368809717, 0.016749445901786345, 0.016245909267840676, 0.015880985884356314, 0.015631670050928977, 0.01548015687877021, 0.015412857026864783, 0.01541958882800726, 0.015492927088227327, 0.015627686435758036, 0.015820518485879065, 0.01606960361160108, 0.016374421057304744, 0.016735583330427833, 0.017154723787921593, 0.017634428245934617, 0.0181782039181502, 0.01879048035579838, 0.019476638969672177, 0.02024306857591493, 0.021097245846163227, 0.022047840009528474, 0.023104842236978902, 0.024279720291994968, 0.02558559981317122, 0.027037473436299746, 0.028652439403859958, 0.030449970732143266, 0.032452215939156606, 0.03468433108743796, 0.03717484199371008, 0.039956033106098465, 0.04306435729314454, 0.0465408567102196, 0.05043158060051774, 0.05478797932283557, 0.05966724679545361, 0.06513257384052167, 0.07125326460979531, 0.07810465544382796, 0.08576776272630401, 0.09432857205654462, 0.10387686888804672, 0.11450450000417228, 0.1263029506620208, 0.13936012433351502, 0.1537562269035396, 0.1695586860611721, 0.18681608609124878, 0.2055511685669056, 0.22575304522893383, 0.24736888673426924, 0.27029548873645637, 0.2943712628467823, 0.3193693435963915, 0.344992621140722, 0.3708715830636224, 0.39656584871359274, 0.42157018553367226, 0.4453255879662261, 0.46723567239751296, 0.4866882027068461, 0.5030810420484255, 0.5158512733623276, 0.5245057119801618, 0.5286506211867203, 0.5280182121062967, 0.5224875204937975, 0.512097539692337, 0.4970510451521886, 0.47770832728289314, 0.4545709704940317, 0.42825676610158825, 0.3994677016459181, 0.36895361620673883, 0.3374744654266491, 0.3057641598812335]
3.807089370699341	4.476305401846495	[0.27458557184052407, 0.24468412046423538, 0.21625673961885378, 0.18968036243717123, 0.16522164819600657, 0.14304136365988, 0.12320414211754513, 0.10569204223563117, 0.09042028135317487, 0.07725364286296421, 0.06602230209307244, 0.05653613190606908, 0.04859688171116308, 0.04200793701795399, 0.03658162657274668, 0.032144242436957654, 0.028539065473441257, 0.02562775732518143, 0.023290494563891977, 0.02142520182264651, 0.01994619497770172, 0.01878249142182571, 0.017875984395769196, 0.017179625284253916, 0.01665570873148327, 0.016274318647492295, 0.016011962302160322, 0.015850400321681505, 0.015775664953998805, 0.015777252108952977, 0.01584746700394796, 0.015980903367138595, 0.016174035348572036, 0.016424904373600564, 0.01673288413642614, 0.01709851072294924, 0.017523366021764922, 0.018010006094895385, 0.01856192696694966, 0.019183563245878606, 0.019880315284524913, 0.020658603016695972, 0.021525944473684246, 0.02249105899469802, 0.023563994679180585, 0.02475628130933755, 0.02608110920024294, 0.027553535803775717, 0.02919072075639967, 0.03101219102737706, 0.033040136139320234, 0.03529973376718535, 0.037819503448571705, 0.04063168543828282, 0.043772637755342084, 0.04728324215319607, 0.05120930366092098, 0.05560192370974399, 0.06051781796783796, 0.06601954248569002, 0.07217557970271686, 0.07906022557117114, 0.08675320461565783, 0.09533892847041874, 0.10490529973138905, 0.11554195555792086, 0.12733783938137894, 0.14037799472763074, 0.1547394881463264, 0.17048640025929987, 0.18766387029288645, 0.20629125153238215, 0.22635452561370414, 0.2477982403574385, 0.2705173654047253, 0.2943496027013669, 0.3190688218691434, 0.3443804046615513, 0.36991934627920414, 0.3952519598083783, 0.4198819317770755, 0.44326127474310334, 0.46480640236944576, 0.48391913219069016, 0.5000119207307777, 0.51253610974194, 0.521011465805297, 0.5250549070290089, 0.5244060932766668, 0.5189475728611147, 0.5087174538848386, 0.4939131029679727, 0.4748851199447841, 0.4521217180263432, 0.4262245457163509, 0.39787780536613304, 0.36781314434846435, 0.33677313862697794, 0.30547621479741394]
3.782368011149345	4.519359873838991	[0.27465009935820783, 0.24507980835151616, 0.2169302673846583, 0.19057580204812388, 0.16628359002320664, 0.14421753755582856, 0.12444741571595798, 0.1069617538460711, 0.09168293219967735, 0.07848302422948518, 0.06719916681177132, 0.057647533934502185, 0.04963530756314592, 0.04297033947979871, 0.03746845187370529, 0.03295851792332959, 0.029285592424814707, 0.02631243208713406, 0.02391976525835144, 0.022005654825785613, 0.020484258172624104, 0.019284236147383206, 0.01834700739095705, 0.01762499179027297, 0.017079940590122786, 0.016681413054027594, 0.016405430359856376, 0.01623331645914646, 0.016150721294904177, 0.016146813135064404, 0.016213622056421927, 0.016345515036616548, 0.016538783279763887, 0.016791323958819784, 0.017102400549931777, 0.017472468365128828, 0.017903054130925557, 0.018396680738568663, 0.018956830165821628, 0.019587939373020592, 0.02029542535500932, 0.02108573685223065, 0.0219664311665238, 0.022946275455251474, 0.02403537246952156, 0.025245311307232888, 0.02658934403198623, 0.0280825892908593, 0.029742263982701043, 0.0315879438837868, 0.03364185352533308, 0.0359291848064825, 0.038478442362393284, 0.041321811825808914, 0.044495544311097875, 0.048040346923816826, 0.05200176430191217, 0.05643053035268365, 0.061382861919726056, 0.06692065743371838, 0.07311155327033861, 0.08002877919658954, 0.08775074191431867, 0.09636025354498988, 0.10594331063647727, 0.11658732109740463, 0.1283786730868895, 0.1413995446295686, 0.15572386826975518, 0.17141239547878134, 0.1885068535312335, 0.20702325640203614, 0.2269445214432495, 0.24821265460667094, 0.27072089362050455, 0.2943063328080445, 0.3187436812100354, 0.34374091023666464, 0.368937606294493, 0.39390683570232154, 0.4181612321682686, 0.44116381679567396, 0.4623437517784381, 0.48111682222047847, 0.49690996253124275, 0.5091886400755755, 0.5174854381915011, 0.5214278115232125, 0.5207627844676795, 0.5153763818313362, 0.5053058476547692, 0.49074321928791015, 0.47202953727447033, 0.4496398118989615, 0.42415973363615506, 0.39625589717672655, 0.3666419049627524, 0.33604304951395453, 0.30516230562565144]
3.757646651599349	4.56315837808575	[0.2746914905731957, 0.24545660856681367, 0.21758966688472417, 0.19146218960679284, 0.16734165938631895, 0.1453949100195311, 0.12569665716300416, 0.10824174141798304, 0.0929595883620177, 0.07972949047693917, 0.06839551946750103, 0.05878016412299683, 0.0506960842533693, 0.04395566708040023, 0.03837831106228876, 0.03379555996901359, 0.030054330601026913, 0.027018557479237364, 0.024569593492871664, 0.022605701915381506, 0.021040931345977995, 0.019803624965488313, 0.018834754726894925, 0.018086228556500685, 0.017519265895305308, 0.017102907697339423, 0.016812690462910448, 0.016629500283288284, 0.016538600991940655, 0.016528828638872842, 0.016591932431345487, 0.016722047149112525, 0.016915275236248774, 0.017169364570427715, 0.017483463331344953, 0.017857941892642695, 0.018294267685226195, 0.018794927165849497, 0.019363384961312007, 0.020004077816578095, 0.0207224366209637, 0.021524936735756808, 0.022419172190071515, 0.02341395577817669, 0.024519442153130077, 0.02574727711380917, 0.02711077103717729, 0.028625100200684393, 0.030307534075797844, 0.03217769211417072, 0.034257827235528164, 0.03657313814170719, 0.03915210524275103, 0.04202684904233973, 0.045233500922586364, 0.04881257898965366, 0.052809350489236385, 0.057274163116709055, 0.062262713490327304, 0.06783621956747125, 0.07406144656413742, 0.08101053245254684, 0.08876053960215294, 0.09739265558559204, 0.10699094749716195, 0.11764057533160695, 0.12942535875331806, 0.14242460621788755, 0.1567091222805282, 0.17233634913981202, 0.18934463624930284, 0.20774670946209126, 0.2275224887297868, 0.24861152117664, 0.27090540740118746, 0.29424073764166303, 0.31839316461619876, 0.3430733480673109, 0.36792554825018314, 0.3925296439858865, 0.4164072426913844, 0.43903236377753374, 0.45984686757636495, 0.478280420103187, 0.4937743169359823, 0.5058080176853561, 0.5139267872462094, 0.5177684986094806, 0.5170874560169176, 0.5117731246766954, 0.5018619051709374, 0.48754058485526675, 0.46914077576397645, 0.4471244534539569, 0.4220615354287432, 0.39460118717082643, 0.3654391146766228, 0.3352834255031502, 0.3048216777860018]
3.732925292049353	4.607718279654019	[0.2747089888859099, 0.24581380674970213, 0.2182342815482223, 0.192338942561384, 0.16839536449599612, 0.14657309472090188, 0.12695159826356284, 0.10953186311705504, 0.09425023893225204, 0.08099316072362933, 0.06961160459421094, 0.059934382963733615, 0.05177967641476844, 0.04496447363838803, 0.03931183180702308, 0.03465605355648323, 0.03084600717120091, 0.02774688801112329, 0.025240748794409216, 0.023226116341792565, 0.02161698306440574, 0.020341414474790362, 0.019339966444965953, 0.01856405529065825, 0.01797438246737102, 0.017539477311715925, 0.017234394756167996, 0.01703958176956848, 0.016939913514089574, 0.016923888844172025, 0.01698297128002412, 0.017111057348518418, 0.017304055614998197, 0.01755955890210515, 0.017876595582253674, 0.0182554461643429, 0.01869751514768852, 0.01920524851861899, 0.01978209070934803, 0.02043247491146332, 0.02116184360014712, 0.02197669580089, 0.022884660148474237, 0.023894592109516926, 0.025016695891434595, 0.02626267056636595, 0.027645881766357672, 0.029181558971927493, 0.030887019882549795, 0.03278192156204321, 0.034888539007635284, 0.03723206928573793, 0.0398409595335477, 0.04274725350985109, 0.045986950291784734, 0.04960036344238071, 0.053632466082732644, 0.058133199766092006, 0.06315771982935894, 0.06876653967719831, 0.07502552878639845, 0.08200570661731298, 0.08978276551160867, 0.09843624259667423, 0.10804825335681158, 0.11870169072306032, 0.13047779443219418, 0.14345299926218472, 0.1576949901371304, 0.1732579202183466, 0.19017679801716592, 0.2084611129936702, 0.22808785740852264, 0.24899420295102978, 0.27107021032702483, 0.2941520689754989, 0.31801648122237425, 0.3423768927053051, 0.36688232090459016, 0.3911195145231796, 0.4146190812336642, 0.4368660262973954, 0.457314857596506, 0.4754090334349472, 0.4906040938901548, 0.5023933560850941, 0.5103346316388072, 0.5140760928198832, 0.5133792393862878, 0.5081369400924332, 0.49838477268462816, 0.4843043530325837, 0.4662179952769036, 0.44457480814411016, 0.41992912158209056, 0.39291285126337167, 0.3642039567808589, 0.3344934617280634, 0.30445354532473917]
3.708203932499357	4.653057432417779	[0.274701805558475, 0.2461506580293932, 0.21886342565690073, 0.19320545143775936, 0.16944418863809932, 0.1477516835083812, 0.12821195188684245, 0.11083196230137116, 0.09555486201055736, 0.0822741481258316, 0.07084766525595863, 0.061110555003183256, 0.05288655741005226, 0.04599732714786353, 0.04026966024128704, 0.035540706946679754, 0.0316613760202711, 0.028498208710235663, 0.025934033544148333, 0.023867706860129175, 0.022213218619806855, 0.020898399572829192, 0.01986342115125763, 0.01905923097272928, 0.01844602696023439, 0.017991835567025202, 0.01767123343792228, 0.01746422868814339, 0.017355305021348646, 0.017332620240175914, 0.017387346855808377, 0.01751313792177031, 0.017705702334610923, 0.01796247275567513, 0.018282352484833585, 0.018665527788403292, 0.019113335812391066, 0.019628178527855984, 0.020213476536654666, 0.02087365659822629, 0.021614169672057894, 0.02244153592922804, 0.023363415687820663, 0.024388704540417323, 0.025527653077971058, 0.02679201061254826, 0.028195194108469383, 0.029752482186416893, 0.03148123550333343, 0.033401143000863574, 0.035534494437245163, 0.037906477097483876, 0.04054549470141064, 0.043483502910805126, 0.04675635473803149, 0.050404143919448696, 0.05447153146383732, 0.05900803315858455, 0.06406824073136967, 0.06971193938937956, 0.07600407708993125, 0.08301452874283356, 0.09081758995751309, 0.09949112257960757, 0.10911526764368519, 0.11977063343678995, 0.13153586808315834, 0.14448453071740763, 0.15868119518501916, 0.17417674849398196, 0.19100289559668174, 0.20916594419524223, 0.22864002907349384, 0.24936003263044124, 0.2712145730018418, 0.29403954425175943, 0.31761280354804494, 0.34165068120608616, 0.3658070337322252, 0.3896755374277657, 0.41279582460023234, 0.43466387375640053, 0.45474678754579395, 0.4725017278359869, 0.4873983608227965, 0.49894372664576075, 0.5067080477054402, 0.5103496769040307, 0.5096372243857242, 0.5044669258096094, 0.49487355590369453, 0.4810336374273744, 0.46326031659854905, 0.4419900031981902, 0.41776162524947347, 0.39119002892653554, 0.3629355791926704, 0.3336723188703473, 0.304057089117686]
3.683482572949361	4.699194194777157	[0.2746691178782705, 0.24646638491812076, 0.21947638279217407, 0.19406107793525615, 0.17048758893335308, 0.14893024475771316, 0.12947741108106864, 0.11214186618916497, 0.09687342423250105, 0.08357255894339147, 0.07210394305204323, 0.06230904838412947, 0.05401720987067186, 0.04705480985480163, 0.04125246206246733, 0.03645025230828051, 0.032501219390939716, 0.029273336274342057, 0.02665028509962044, 0.024531319333173342, 0.022830482534797056, 0.0214754154087193, 0.020405938792608175, 0.019572556048164796, 0.01893497779780447, 0.01846073740121283, 0.018123937762581557, 0.017904148992875082, 0.017785461362323503, 0.017755687966499567, 0.017805705458751018, 0.017928918140189147, 0.018120829699321533, 0.018378707315949958, 0.018701324072507436, 0.019088767319427272, 0.019542302478739768, 0.02006428362846789, 0.020658103920562602, 0.02132818045368771, 0.022079969566432565, 0.022920009694314278, 0.02385598989489918, 0.02489684295903914, 0.026052862645310607, 0.027335845060194222, 0.028759254498732727, 0.030338414201027977, 0.032090722387465874, 0.034035893625372085, 0.03619622494058511, 0.038596885103033406, 0.04126622403871828, 0.04423609730273715, 0.04754219780783673, 0.05122438347011725, 0.05532698491374008, 0.059899071817439135, 0.06499464974123352, 0.07067275139911247, 0.07699737737071695, 0.08403723150601837, 0.09186518618166539, 0.10055740297047971, 0.11019202624155515, 0.1208473623460516, 0.1325994572576302, 0.1455189932964149, 0.15966744345535483, 0.17509245270724907, 0.1918224618722171, 0.20986065296070464, 0.22917837556990248, 0.2497083101823878, 0.2713377313456918, 0.2939023437652794, 0.3171812655342459, 0.34089381011385234, 0.36469875475036584, 0.3881967599186207, 0.4109365061753377, 0.4324249311421577, 0.45214167854322235, 0.4695575237447828, 0.48415614010135616, 0.49545815544418226, 0.5030460668545964, 0.5065882887779892, 0.505860456561035, 0.5007621356815046, 0.4913273173912989, 0.4777275091464457, 0.46026681887381293, 0.4393691250667854, 0.4155581397607121, 0.38943182084485023, 0.36163309206731165, 0.3328191210569377, 0.30363145460291263]
3.658761213399365	4.74614744595458	[0.2746100667864135, 0.24676017546006654, 0.22007240366632339, 0.19490515339561887, 0.17152499441901015, 0.15010832219945672, 0.13074764746681147, 0.11346138509845241, 0.0982058795507027, 0.08488849225786195, 0.07338067737131908, 0.06353023510880468, 0.0551721254978743, 0.04813751911151611, 0.04226092292215896, 0.03738544717058927, 0.0333663488583717, 0.030073121081700734, 0.027390377299696157, 0.02521783921421684, 0.02346966050497799, 0.022073340226297363, 0.02096838292296301, 0.020104875511088336, 0.0194420576504834, 0.01894698223282838, 0.018593282627329972, 0.018360094073043412, 0.01823111069283205, 0.0181937990386466, 0.018238734031147653, 0.018359067416753902, 0.018550090936818604, 0.01880890221676436, 0.019134137690766176, 0.019525782223596688, 0.019985023826021072, 0.020514165821909156, 0.021116568973189555, 0.021796638452839565, 0.022559831554203404, 0.023412703024546705, 0.024362966390337335, 0.025419589613461326, 0.02659290505183062, 0.027894753034523073, 0.029338639784887672, 0.030939929487339278, 0.03271605105803852, 0.034686739254925526, 0.0368742893096734, 0.03930384353647237, 0.042003686013392494, 0.04500556096318922, 0.04834498537697859, 0.05206156616500311, 0.0561992834205642, 0.06080674126199982, 0.06593733461723814, 0.07164932047725252, 0.07800572433989023, 0.08507405385114465, 0.09292572999385229, 0.10163519088434173, 0.11127856067229337, 0.12193182885725712, 0.13366842781243748, 0.14655616486986706, 0.16065342191889803, 0.17600462954534654, 0.1926350036741523, 0.21054466047721163, 0.2297022364344943, 0.25003830108966835, 0.27143888371319186, 0.29373960860890214, 0.3167209594098014, 0.340105333154366, 0.3635565072070968, 0.386682183811429, 0.4090401125057081, 0.430148176367822, 0.44949850366794103, 0.46657539365068873, 0.48087640560688505, 0.4919356204304084, 0.4993476722228206, 0.5027909186628622, 0.5020479339742393, 0.4970215768259454, 0.48774507350686286, 0.47438499397222683, 0.4572365367383953, 0.4367112166644526, 0.4133177159660814, 0.38763728625827093, 0.36029556538158064, 0.33193295332918105, 0.3031757496365164]
3.634039853849369	4.793936602893984	[0.2745237550445813, 0.24703118037420344, 0.22065070470807197, 0.1957369761130287, 0.17255580507682877, 0.15128543246653628, 0.13202231074332552, 0.11479031031861113, 0.09955216927033311, 0.08622203826776752, 0.07467810601547185, 0.06477448985679375, 0.05635180632302294, 0.04924606679372284, 0.043295750342354736, 0.03834707447304803, 0.034257607875323844, 0.03089844785250864, 0.028155223563524807, 0.025928192749927283, 0.0241316829393585, 0.022693097003468242, 0.021551664554979946, 0.020657080861358843, 0.019968137469840455, 0.01945141612188699, 0.019080090679297168, 0.018832861021436553, 0.018693027570668302, 0.018647704649489533, 0.018687164182066094, 0.018804297589486797, 0.01899418211853144, 0.019253737773256358, 0.019581461797461657, 0.019977229040011008, 0.02044214809014582, 0.02097846475460665, 0.021589505997793256, 0.022279658955659518, 0.02305438088885032, 0.02392023708930379, 0.024884964659130926, 0.025957560884877648, 0.02714839550181578, 0.02846934662093534, 0.02993396033163489, 0.03155763411988372, 0.03335782408850095, 0.03535427563537399, 0.03756927654115113, 0.04002793041559789, 0.042758446922160936, 0.045792443191986915, 0.04916524809300032, 0.052916197571685634, 0.05708890487000311, 0.06173148410021433, 0.06689669922542651, 0.07264200312436828, 0.07902942307761754, 0.08612524015610061, 0.09399940094572451, 0.10272459175692898, 0.11237489885931051, 0.12302397500855561, 0.13474263424517047, 0.1475958060257407, 0.16163879839039033, 0.17691285069147858, 0.1934400012638602, 0.21121735581722156, 0.23021091798471358, 0.25034923255844077, 0.27151718961864657, 0.2935504365859059, 0.31623093408848774, 0.3392842569488622, 0.3623792676877476, 0.3851307611337353, 0.40710558115266543, 0.42783253588518144, 0.44681618559153613, 0.46355425779358306, 0.4775580801786741, 0.48837504729070574, 0.49561179596185684, 0.49895650517400114, 0.498198604362348, 0.49324420598984203, 0.48412579146618845, 0.47100506903996286, 0.4541684573126149, 0.4340152743878949, 0.41103935920086865, 0.3858054403450986, 0.3589220259093558, 0.33101285940826314, 0.3026890415266753]
3.609318494299373	4.842581637789908	[0.2744092435635084, 0.24727851184445426, 0.22121046441542425, 0.19655581071177508, 0.17357938829735178, 0.15246106507219656, 0.13330102536731608, 0.11612841471503342, 0.10091221906187879, 0.08757327955886651, 0.07599646267268631, 0.06604219196035799, 0.057556762756831664, 0.050381082000873725, 0.04435767241873298, 0.03933594597154833, 0.0351758711536854, 0.03175023969356649, 0.028945776915581683, 0.02666335155175944, 0.024817525545112094, 0.023335658411135926, 0.022156743191051265, 0.021230115305468665, 0.020514137844206696, 0.019974937079984493, 0.019585233883028335, 0.019323297946274368, 0.019172034641416702, 0.01911820540586171, 0.01915177392038247, 0.019265368034587026, 0.01945384388938636, 0.01971393994740723, 0.02004400765488005, 0.02044380819196798, 0.020914364694346814, 0.021457862379334412, 0.02207758904000356, 0.022777911228392213, 0.02356428126138046, 0.0244432726909831, 0.025422641390488672, 0.026511411558930106, 0.027719985146610653, 0.029060275019383967, 0.03054586105295061, 0.032192169810705454, 0.03401667692814398, 0.036039132343179646, 0.0382818064084251, 0.04076975529653872, 0.043531101154565266, 0.046597321888897834, 0.05000354126926332, 0.053788808120391635, 0.057996347503184276, 0.06267376314163903, 0.06787316249478066, 0.07365117038755258, 0.0800687874245464, 0.08719104271043983, 0.09508638010975282, 0.10382571144649243, 0.11348106226478787, 0.1241237351668021, 0.13582191618641073, 0.1486376613440292, 0.1626232174027661, 0.1778166636714785, 0.19423690364832896, 0.21187809636103747, 0.23070368816129894, 0.25064029352716016, 0.27157176421800006, 0.29333388181867726, 0.3157101894182325, 0.33842954023591265, 0.3611659602675037, 0.38354139297235756, 0.4051317948842388, 0.42547688316904536, 0.44409359093777134, 0.46049298229681535, 0.4742000302550697, 0.48477530724232126, 0.49183731425460164, 0.4950839327944733, 0.4943113606011972, 0.4894289267239481, 0.48046838530559716, 0.46758665974416125, 0.45106151670121036, 0.43128024479343186, 0.40872202634350857, 0.38393525071638934, 0.35751145485547464, 0.3300578380749764, 0.30217035524174846]
3.584597134749377	4.892103096275576	[0.2742655496969056, 0.24750123959702083, 0.22175082227112686, 0.19736088431440282, 0.1745950784282555, 0.15363467876917647, 0.13458339075670667, 0.11747544939666138, 0.10228593985709376, 0.08894228821069121, 0.07733597855029772, 0.06733372307898855, 0.05878751599386888, 0.051543209402601035, 0.045447441001130365, 0.040352901312386044, 0.03612204857766025, 0.03262945789426048, 0.029763034537654085, 0.027424333049812216, 0.02552821438481496, 0.02400204781779194, 0.02278463223287069, 0.021824975183814058, 0.02108103461021409, 0.020518496792307033, 0.020109639203493106, 0.019832305875087365, 0.019669008291919986, 0.01960615332390043, 0.01963339320936848, 0.019743087686201505, 0.01992986688262132, 0.020190282345245312, 0.02052253458623492, 0.020926265929338595, 0.021402409344223654, 0.021953084819570392, 0.022581536827275484, 0.023292107210667268, 0.024090239593649896, 0.024982511915430754, 0.025976695133884346, 0.027081836336488366, 0.028308365608494503, 0.029668225886562864, 0.031175025802777936, 0.032844215046268, 0.03469328215083912, 0.03674197367152102, 0.0390125335509496, 0.041529959854457524, 0.04432227509618372, 0.04742080376601254, 0.0508604485669346, 0.054679952878878155, 0.05892213333518311, 0.0636340606630109, 0.06886716152559838, 0.07467720654753553, 0.08112414273265858, 0.08827171976432771, 0.09618685242885465, 0.10493865360194018, 0.11459706780246885, 0.1252310326967329, 0.13690609985163602, 0.14968145537910657, 0.16360630118728617, 0.1787155871948221, 0.19502512909006023, 0.21252620257461627, 0.2311797765790718, 0.2509106289878644, 0.27160167791730294, 0.2930889487418231, 0.31515767536604306, 0.3375400876779715, 0.3599154552911748, 0.3819129232392861, 0.40311758006690185, 0.4230800325839835, 0.4413295283025835, 0.45739037326393556, 0.47080106353831513, 0.4811352114709277, 0.4880230446434015, 0.4911720267419989, 0.49038503771994596, 0.4855745847457824, 0.47677171261184703, 0.4641286356441059, 0.447914596476595, 0.42850502107645766, 0.40636462210114016, 0.38202563449348503, 0.35606278399588986, 0.3290668408481793, 0.30161866948280197]
3.559875775199381	4.942522116300569	[0.2740916435665053, 0.2476983886688533, 0.22227087528148817, 0.19815138484659123, 0.17560217360548772, 0.15480570043179792, 0.13586897850756408, 0.11883114323052185, 0.10367322556110366, 0.09032912601128694, 0.07869688069862515, 0.06864946818159147, 0.06004459705211595, 0.05273311103330553, 0.0465658315155911, 0.04139881064015349, 0.037097085818548675, 0.033537105292756726, 0.030608039124458017, 0.028212204509685913, 0.026264827868679366, 0.024693343813242462, 0.023436401474201334, 0.02244271484419254, 0.021669861701440273, 0.021083105692050432, 0.020654291676710696, 0.020360843904563414, 0.020184881831625024, 0.020112456959197347, 0.020132907174335638, 0.020238320082192313, 0.020423094894523333, 0.020683591139508198, 0.021017853078531178, 0.021425399108793878, 0.021907067033790265, 0.022464907000478745, 0.023102115661129637, 0.023823005996798645, 0.024633008802523428, 0.025538702464448462, 0.026547868919364167, 0.027669574015673718, 0.028914271436626587, 0.030293929360229135, 0.03182217963897032, 0.03351448893921623, 0.035388351490595535, 0.03746350228561731, 0.03976214923539461, 0.042309221308897, 0.04513262855991867, 0.048263527500196086, 0.05173658303266928, 0.055590214381096736, 0.059866808729871865, 0.06461288085696004, 0.06987915163113328, 0.0757205111300622, 0.08219582530810929, 0.08936753704916017, 0.09730100550670637, 0.10606352064893436, 0.11572292594093044, 0.1263457803837001, 0.1379949954485339, 0.15072689250886245, 0.16458764640563803, 0.1796091104397018, 0.1958040612151653, 0.2131609567582561, 0.23163837008998753, 0.2511593382403476, 0.2716059514918532, 0.2928145899128573, 0.31457228680926147, 0.33661474728389024, 0.3586265639596596, 0.380244135761756, 0.40106170116986006, 0.4206407361954037, 0.4385227427914995, 0.45424517336036063, 0.4673599236676291, 0.47745350752800153, 0.48416774092505216, 0.48721954922335065, 0.4864184080870884, 0.48167996409034053, 0.47303457005272687, 0.46062980655087826, 0.444726519595554, 0.4256884391381057, 0.4039659953452526, 0.3800754544008061, 0.3545748924665058, 0.32803876816530714, 0.30103291394713266]
3.535154415649385	4.993860447730783	[0.27388644484239044, 0.24786893605685242, 0.22276967519978774, 0.19892645808323242, 0.17659993347663555, 0.1559735225733915, 0.1371573306877316, 0.12019520092056347, 0.1050739520016622, 0.09173384320015171, 0.08007939170823615, 0.06998981505459533, 0.06132854729847944, 0.053951466641522144, 0.04771364436179892, 0.04247457581587764, 0.03810196659187369, 0.034474228328292, 0.03148188192667013, 0.029028085824345653, 0.027028500458195485, 0.02541068360185705, 0.02411318130942306, 0.023084450478320945, 0.0222817156999557, 0.021669837085205597, 0.021220239156441972, 0.020909933478512298, 0.020720650313117588, 0.020638085731314256, 0.020651260906663242, 0.020751987658236788, 0.020934429610699717, 0.021194749282235456, 0.021530829393405292, 0.021942059293401126, 0.02242917651985828, 0.02299415661677206, 0.02364014374389856, 0.024371417659627907, 0.02519339197173953, 0.026112641324524847, 0.027136954266456428, 0.02827541099141777, 0.029538483940415368, 0.030938161369415986, 0.03248809246128479, 0.034203754320673074, 0.03610263925520013, 0.03820446205869696, 0.040531384505788436, 0.04310825495467322, 0.04596285762324069, 0.04912616590039902, 0.05263258956442236, 0.056520204364589474, 0.0608309464291535, 0.06561075106884737, 0.07090960786258713, 0.07678149957237501, 0.0832841833673801, 0.09047876781128558, 0.09842902994013791, 0.10720041314307498, 0.11685864037373898, 0.12746787907999313, 0.1390883961685352, 0.15177365487436406, 0.1655668224719075, 0.1804966903149136, 0.19657304670044196, 0.21378159968695937, 0.23207860989258386, 0.2513854709901762, 0.27158355269249, 0.29250970166350204, 0.31395285972395953, 0.3356523057183923, 0.3572980341901911, 0.3785337493571251, 0.39896285638592305, 0.4181576787133284, 0.43567191148459017, 0.45105605672084653, 0.4638752856032741, 0.47372887428479077, 0.48027008851916764, 0.4832251945044137, 0.48241017681893433, 0.47774378235370746, 0.4692556888743852, 0.45708891799277446, 0.4414960460305751, 0.42282927331562353, 0.4015249349225003, 0.3780835148039058, 0.35304660279911815, 0.3269724657681225, 0.3004119656433806]
3.510433056099389	5.046140472704849	[0.2736488190460456, 0.24801180723307667, 0.223246225274041, 0.1996852046418808, 0.17758757646210144, 0.1571375008929014, 0.13844795769390508, 0.12156730119765283, 0.10648797547967855, 0.09315647740417565, 0.08148372905806775, 0.07135515408429711, 0.06263991868540998, 0.055198974393290974, 0.048891706090444374, 0.04358113206585871, 0.03913771476860119, 0.035441919595426676, 0.032385705723368644, 0.029873152870998308, 0.027820426371180693, 0.026155267013111713, 0.024816167008197654, 0.02375136461545348, 0.0229177605085923, 0.02227983195930746, 0.021808597224718246, 0.021480663364494435, 0.02127737554807763, 0.021184074951225443, 0.021189464484222886, 0.02128507674090379, 0.02146483556054505, 0.021724701406464302, 0.02206239041030843, 0.02247715752755269, 0.022969635026586124, 0.02354171875981446, 0.02419649572809951, 0.024938207716254136, 0.025772246734044435, 0.026705179059387064, 0.027744795386305345, 0.02890018536018165, 0.030181835194159554, 0.031601747530309886, 0.03317358279331107, 0.03491282139739289, 0.036836945850416664, 0.038965641450087324, 0.04132101340405709, 0.04392781720948317, 0.04681369748820437, 0.0500094285629058, 0.053549147344431, 0.057470565963101905, 0.06181514748564261, 0.06662822345180684, 0.07195902636608068, 0.07786060426655189, 0.08438957774723736, 0.09160569317719722, 0.09957111932224563, 0.1083494294057844, 0.11800420727486328, 0.12859721658262324, 0.1401860766789939, 0.1528214004983269, 0.1665433692951018, 0.18137774884750454, 0.1973313923092767, 0.21438732732396337, 0.23249958793054, 0.2515880234683119, 0.2715333920964164, 0.29217311972231186, 0.3132981665906502, 0.334651483533843, 0.35592854568519783, 0.37678041278209173, 0.3968196724707557, 0.41562947226339064, 0.4327756381467729, 0.4478216236378204, 0.46034575029799557, 0.4699599166216905, 0.4763286991782121, 0.47918758367156167, 0.47835897659337906, 0.4737646855861272, 0.4654337298741363, 0.45350464629183806, 0.43822186795102447, 0.4199262316903502, 0.39904016509175383, 0.37604855729673925, 0.3514766766643869, 0.3258667206209867, 0.2997546449920507]
3.485711696549393	5.099385226783854	[0.2733775734378062, 0.2481258723726147, 0.2236994766148565, 0.20042667674888653, 0.17856427668042585, 0.15829695165970212, 0.13974033582547857, 0.12294709491866279, 0.10791513109756876, 0.09459705255853612, 0.08291010431035209, 0.0727458781043094, 0.06397927391015587, 0.056476351723714256, 0.050100870583933324, 0.0447194498624874, 0.04020539657225821, 0.03644132071162035, 0.03332070796089495, 0.030748641256505813, 0.02864186352760773, 0.026928360966255158, 0.02554662329551993, 0.02444471112349634, 0.02357923238105351, 0.022914304339612678, 0.022420554499585625, 0.022074195204555187, 0.021856191547166108, 0.021751531437601154, 0.02174859843118091, 0.021838643134339614, 0.022015345517130427, 0.022274459318496333, 0.02261352891366279, 0.02303166969359705, 0.023529403386700527, 0.02410854111328858, 0.02477210769053272, 0.025524302145970075, 0.026370490062175803, 0.02731722463572457, 0.028372293773102453, 0.029544791536223476, 0.030845212407610866, 0.0322855675291807, 0.03387952190264495, 0.03564255186802406, 0.03759212160978222, 0.03974787731024929, 0.04213185645776977, 0.04476870905129442, 0.04768592556378952, 0.05091406487345616, 0.0544869724425987, 0.05844197619687964, 0.06282004330653868, 0.06766587686380592, 0.07302792578454494, 0.07895827578298992, 0.08551238258708659, 0.09274860263161033, 0.10072747014060132, 0.10951066520179925, 0.11915961436923632, 0.12973366647929896, 0.14128779135056566, 0.1538697612984498, 0.16751679467990208, 0.18225167039441165, 0.19807836151480276, 0.21497728729208576, 0.23290034281630553, 0.2517659342489556, 0.2714543184319302, 0.2918036144838974, 0.3126069112352971, 0.3336109300057243, 0.3545167044110763, 0.3749826992515759, 0.3946306989796744, 0.41305465070188535, 0.42983244733540366, 0.444540394775784, 0.45676983877610555, 0.46614515963235, 0.4723421051244245, 0.4751052589021871, 0.4742633619169582, 0.46974124269368844, 0.4615672778586187, 0.44987559315314773, 0.4349026044264994, 0.4169779509174843, 0.3965103405246404, 0.37396925582521684, 0.34986381022296564, 0.3247202563854844, 0.2990597115840047]
3.460990336999397	5.153618420933368	[0.27307145261005333, 0.24820994206495997, 0.22412832434815805, 0.20114987452036062, 0.17952916074178485, 0.15945114865622526, 0.14103390481389125, 0.12433420277810683, 0.10935523113405284, 0.09605557750625836, 0.08435872244591298, 0.07416238199820743, 0.0653471868101923, 0.057784336028845015, 0.05134202056911688, 0.04589053673614876, 0.04130612320118113, 0.03747362520818497, 0.03428814440369337, 0.03165585017525707, 0.029494138084316383, 0.027731304128689117, 0.02630588958453867, 0.025165820473596903, 0.02426744565382933, 0.023574546964835543, 0.023057378678516743, 0.022691769427339, 0.02245831071532211, 0.022341639522773443, 0.022329819940840805, 0.022413818113014388, 0.022587066658088944, 0.02284510790261198, 0.023185309631707483, 0.023606642279166836, 0.024109511919887763, 0.024695639551174597, 0.025367982825335773, 0.02613069279650707, 0.026989103757832315, 0.027949750618098117, 0.029020413470171556, 0.030210185212826483, 0.03152956294542496, 0.03299055982057125, 0.03460683854132708, 0.03639386331880288, 0.03836907121244774, 0.040552058922511916, 0.04296478471924803, 0.04563177964195782, 0.04858036505758616, 0.05184086713670962, 0.05544682088110528, 0.05943514852264836, 0.0638462981040334, 0.06872431874804731, 0.07411684900482103, 0.0800749839929494, 0.08665298628903438, 0.09390779430388983, 0.10189828188050065, 0.11068421313020585, 0.12032484013205164, 0.13087708661210498, 0.14239327253533154, 0.154918340625195, 0.1684865717006343, 0.183117798291739, 0.19881317102133608, 0.2155505747061369, 0.23327985558249198, 0.25191807936544003, 0.2713451136662428, 0.29139988552923907, 0.3118777233754266, 0.3325292171897942, 0.35306103673104483, 0.37313910016776963, 0.39239440211427185, 0.4104316631466201, 0.4268407780796658, 0.44121080462259327, 0.4531459857519016, 0.46228304209886745, 0.4683087526985894, 0.470976677051067, 0.4701218028809728, 0.4656719392087373, 0.45765483557307096, 0.44620027968187836, 0.4315367955886277, 0.4139829905474105, 0.39393404075795024, 0.3718442113710469, 0.3482066289288321, 0.3235317285259114, 0.29832585940221196]
3.436268977449401	5.208864464378947	[0.272729133452803, 0.2482627627728293, 0.22453160316274887, 0.20185374208875492, 0.18048130397252515, 0.16059932006808206, 0.14232806483337185, 0.12572821307247684, 0.11080806296473764, 0.09753204475837207, 0.08582978082287483, 0.0756050625723561, 0.06674424247132678, 0.059123685737402405, 0.05261606894084351, 0.04709543957417371, 0.042441053364584126, 0.03854008200968506, 0.03528933280177816, 0.032596146947182006, 0.03037864908360175, 0.028565512332854474, 0.027095385410162442, 0.025916105825668608, 0.02498379875202807, 0.024261937829230192, 0.0237204229133787, 0.023334712055446714, 0.023085030420691963, 0.022955667968112804, 0.022934369499795142, 0.023011815325854935, 0.02318118714294845, 0.02343781192970161, 0.02377887569642545, 0.02420319903402309, 0.02471106672822698, 0.025304104605920363, 0.025985197542753698, 0.026758443637608743, 0.027629140328570074, 0.028603799185559633, 0.029690186699971522, 0.03089738911711334, 0.032235899680030725, 0.033717727088240314, 0.03535652398205409, 0.03716773434788116, 0.03916875835124609, 0.04137913273511379, 0.0438207240006078, 0.04651793059758158, 0.04949788869962822, 0.05279067430269437, 0.056429491757386055, 0.06045083592381793, 0.06489461132023164, 0.06980418748952373, 0.0752263647858862, 0.08121121959605228, 0.08781179225751833, 0.095083575581873, 0.10308375680034056, 0.11187016226028765, 0.12149985255007988, 0.13202731770022488, 0.1435022282981153, 0.15596671087181802, 0.1694521354253292, 0.18397543149070344, 0.19953498654306148, 0.21610622790967607, 0.2336370446121519, 0.2520432672530474, 0.271204487211758, 0.2909605559015213, 0.31110915224456753, 0.3314048336698829, 0.35155998259758, 0.3712480184814596, 0.39010915763097787, 0.4077588670877642, 0.4237989766438379, 0.43783119447399327, 0.44947253237107604, 0.4583719094585305, 0.46422699518509924, 0.4668002026914053, 0.46593267815826256, 0.4615551704830435, 0.4536948169439022, 0.44247713979673375, 0.4281228961849176, 0.41093982672347157, 0.39130976412154117, 0.36967194599858644, 0.34650368189687025, 0.3222997187773921, 0.29755171169670575]
3.411547617899405	5.26514848837922	[0.2723492198310331, 0.24828301153530735, 0.22490808268924598, 0.20253716299709607, 0.18141972659359665, 0.1617406446824746, 0.1436221735906532, 0.12712867883099116, 0.11227338718860518, 0.09902642869556239, 0.087323468469097, 0.07707431796087269, 0.06817103779675646, 0.060495181018292266, 0.0539239606708717, 0.04833524666835356, 0.04361139652243243, 0.03964199877850464, 0.036325657370605745, 0.033570971535361364, 0.03129687400898496, 0.029432484079058213, 0.027916616847540158, 0.02669706929326986, 0.025729781238832763, 0.02497794698137654, 0.024411133268692653, 0.024004441829540306, 0.023737740668864388, 0.023594977239283024, 0.02356357862428532, 0.023633938087983683, 0.023798983797505932, 0.02405382326786875, 0.02439545619628057, 0.024822548031950505, 0.02533525706369641, 0.02593510833520809, 0.02662490861465207, 0.02740869739842545, 0.028291729882770733, 0.029280488509544268, 0.03038272048083631, 0.03160749909570549, 0.03296530729742281, 0.034468141998022575, 0.036129637970736185, 0.037965209933249075, 0.03999221127687879, 0.042230107278268716, 0.04470065993988879, 0.04742812037435168, 0.05043942324619405, 0.05376437572760294, 0.05743583108878425, 0.061489833942234146, 0.06596572070759775, 0.0709061546089782, 0.07635706996845931, 0.08236749537089419, 0.08898922013862272, 0.09627626332658512, 0.1042841001185039, 0.11306859724143417, 0.12268460820143677, 0.1331841813096024, 0.1446143403703573, 0.15701441030897323, 0.17041287976583758, 0.1848238203059596, 0.20024291861379623, 0.21664322322739185, 0.23397076050849686, 0.2521402326307651, 0.27103106998477244, 0.29048416526780557, 0.3102996599874452, 0.3302361771640916, 0.35001188843941616, 0.3693077609104099, 0.3877732433732387, 0.40503452037940285, 0.42070528884805486, 0.4343998043450212, 0.4457477184478822, 0.454410005762696, 0.46009508507536256, 0.46257410022849904, 0.46169426738561337, 0.45738923404559795, 0.44968553965968405, 0.43870451290829254, 0.42465926843066487, 0.4078468452509513, 0.38863592093256394, 0.36745089638448514, 0.3447534355144285, 0.3210227292092158, 0.2967358150968484]
3.386826258349409	5.322496370963711	[0.27193023637695735, 0.2482692904348959, 0.2252564620069464, 0.20319895549884773, 0.1823433890596683, 0.16287424813645535, 0.14491554262846867, 0.1285351151423006, 0.11375093504154597, 0.10053868411277458, 0.08883996475396091, 0.07857054752000239, 0.06962818156456281, 0.06189962512137336, 0.05526667432737906, 0.049611090533940534, 0.04481841586592203, 0.04078074615968423, 0.03739857314301641, 0.034581842078921995, 0.03225037433917454, 0.030333807150872204, 0.028771183043359325, 0.027510309397832628, 0.02650698107630529, 0.025724144567534083, 0.02513105647108364, 0.024702478611451424, 0.024417932128847894, 0.024261028076416512, 0.024218877990511357, 0.024281587967931548, 0.024441830217912828, 0.024694489377104323, 0.025036374160218, 0.025465989996493167, 0.025983363126396607, 0.026589912426015723, 0.027288360739757028, 0.028082683411118185, 0.028978087423882158, 0.02998102030344995, 0.03109920361327583, 0.03234169133463732, 0.03371894893306329, 0.0352429540445982, 0.036927314959051286, 0.03878740785073259, 0.04084052856042597, 0.04310605908287578, 0.045605643211412174, 0.048363369601522335, 0.05140595404070586, 0.054762915819840545, 0.05846673561380542, 0.0625529845247804, 0.06706040525229028, 0.072030927692362, 0.07750959140150247, 0.08354434807302519, 0.09018570664002755, 0.09748618463825011, 0.10549951963757417, 0.11427959786181098, 0.12387905062678807, 0.13434747816437148, 0.14572926125239877, 0.1580609401519846, 0.17136815334226518, 0.18566216228775362, 0.20093601729213234, 0.21716046973488706, 0.23427977976194148, 0.25220763029807536, 0.2708234071890801, 0.28996916289845276, 0.30944761373649665, 0.3290215468569427, 0.3484149987165877, 0.3673165297973012, 0.3853848304882969, 0.4022567727892398, 0.4175578511178893, 0.43091476436270376, 0.44196967349958644, 0.4503954650444774, 0.45591116521686675, 0.45829652535443, 0.4574047425356305, 0.45317232123915896, 0.44562521685675704, 0.4348806358207887, 0.42114417408857585, 0.4047023338429482, 0.3859108260459395, 0.3651794064887499, 0.3429542665422828, 0.31969917540840903, 0.2958766333485879]
3.362104898799413	5.380934762684611	[0.27147062189502497, 0.2482201201052842, 0.2255753639144576, 0.2038378669332147, 0.18325118731730786, 0.16399919829690418, 0.14620743370727313, 0.12994699569090376, 0.11524040605019421, 0.10206874407244412, 0.09037943846401914, 0.08009415114902042, 0.07111629505203731, 0.06333784527830418, 0.05664522432072229, 0.050924150432996314, 0.04606343217610627, 0.04195776187868073, 0.03850961133894344, 0.035630360424474344, 0.03324080224232404, 0.03127116536462215, 0.02966078398890315, 0.028357528776562453, 0.027317093205994365, 0.026502209228371616, 0.025881849032812706, 0.02543045221880237, 0.025127205565161567, 0.02495539055264374, 0.024901806983724257, 0.024956273900403694, 0.02511120629040659, 0.0253612623494287, 0.025703055941955346, 0.02613492717724985, 0.02665676523860809, 0.027269876841634143, 0.02797689545354944, 0.028781725978627395, 0.02968952145298919, 0.030706687867134735, 0.0318409149339968, 0.03310123003443731, 0.03449807403082518, 0.036043396802502986, 0.037750771510920655, 0.03963552543317797, 0.04171488597520212, 0.044008138864158816, 0.04653679579409005, 0.049324766589033564, 0.05239853056287959, 0.055787298755734724, 0.05952315750235804, 0.06364117981985958, 0.06817948891692058, 0.07317925313615382, 0.07868458858822446, 0.08474234000215333, 0.09140170696087672, 0.09871367713517651, 0.10673022586072052, 0.1155032379580775, 0.1250831090690251, 0.13551698564748738, 0.14684661155733053, 0.15910576066177798, 0.17231725546186333, 0.1864895969852392, 0.20161326685662018, 0.21765680279665833, 0.23456279828793306, 0.2522440276021844, 0.27057995085803066, 0.2894138992487098, 0.3085512773424394, 0.32775913429735604, 0.3467674470332786, 0.365272413529545, 0.3829419741133794, 0.39942365613717973, 0.41435468092220246, 0.4273740848025406, 0.43813640709464113, 0.44632630140891677, 0.4516732592078194, 0.45396551532308943, 0.453062158472669, 0.44890250778965957, 0.4415119479348947, 0.43100363369004613, 0.4175757656334975, 0.4015044735535107, 0.3831326904562698, 0.3628557195496796, 0.34110445424680436, 0.31832737912937886, 0.29497254007828233]
3.337383539249417	5.440491113436392	[0.2709687216965115, 0.24813393284147717, 0.22586332816684204, 0.20445256786998492, 0.18414194708943227, 0.16511450058320867, 0.14749705429640836, 0.13136374941462467, 0.1167414649014078, 0.10361651806094797, 0.09194204622191846, 0.08164552909824155, 0.07263601214935, 0.0648106942731396, 0.05806066279842226, 0.052275655744840395, 0.04734782749913743, 0.043174555853215155, 0.03966038471906646, 0.036718218822712964, 0.0342699074135461, 0.03224634661406942, 0.030587228580476487, 0.029240543290763404, 0.02816192854043209, 0.027313937974838647, 0.026665286886076445, 0.02619011279144084, 0.02586728185621484, 0.02567975469336951, 0.025614023885910518, 0.025659622868473675, 0.02580870838101333, 0.02605570951081156, 0.026397041287422877, 0.026830873767683946, 0.027356953699552614, 0.027976469980394186, 0.02869196070283895, 0.029507254217014185, 0.030427443207762025, 0.03145888556282914, 0.032609232166215966, 0.03388747646794053, 0.035304026746125775, 0.036870796505438445, 0.03860131418826107, 0.04051084759685659, 0.04261654377909824, 0.04493757890356737, 0.047495317546397124, 0.050313473955034875, 0.053418272174707085, 0.056838594226037875, 0.060606109136471, 0.06475536690380715, 0.06932384431110153, 0.07435191970964451, 0.07988275610208345, 0.0859620612617174, 0.09263769582129848, 0.09995908979016264, 0.10797643152882547, 0.11673958473983934, 0.12629669645159838, 0.13669245556845494, 0.1479659764147769, 0.16014828736400644, 0.17325943098971006, 0.18730520068149917, 0.20227357924244121, 0.21813097743511997, 0.23481842358046545, 0.25224789660416974, 0.27029905091636447, 0.2888166171174294, 0.3076088015621892, 0.3264470137631654, 0.34506724568059133, 0.36317337632621766, 0.3804426024987478, 0.39653307371209934, 0.4110936656866428, 0.4237756453238477, 0.43424579774330885, 0.4422003982514429, 0.44737926042430787, 0.4495789782912862, 0.4486644422498476, 0.44457774338811507, 0.43734370823674185, 0.42707150994994936, 0.4139520764141761, 0.39825132914675626, 0.380299612037871, 0.36047796899622436, 0.339202171818208, 0.31690555985761676, 0.2940218109977985]
3.312662179699421	5.501193700399306	[0.2704227792890527, 0.24800906460727434, 0.22611880423589573, 0.20504164522668344, 0.18501441786072836, 0.16621909236093796, 0.14878355295333162, 0.13278475635547154, 0.1182537383949619, 0.10518188948329432, 0.09352793118973257, 0.08322508127995111, 0.07418797996186444, 0.06631905169612586, 0.05951408223187601, 0.053666889209554994, 0.048673049709719175, 0.04443271537004251, 0.04085259401021515, 0.0378472068753655, 0.035339545148348646, 0.033261251336239334, 0.03155244405512225, 0.03016129170473419, 0.029043424440971105, 0.0281612567582276, 0.027483276585258024, 0.026983341948046954, 0.026640013633993886, 0.026435941954552775, 0.026357317712818976, 0.02639339148859705, 0.02653606118121521, 0.026779524947700712, 0.027119995047486058, 0.027555467250413773, 0.028085540261147724, 0.028711279748525727, 0.02943512200632744, 0.030260812784330463, 0.031193377443589097, 0.032239119136820205, 0.033405642260476084, 0.034701898830201694, 0.036138255780039596, 0.03772658135061502, 0.039480348799667865, 0.041414755511505544, 0.04354685528207967, 0.04589570097729487, 0.04848249397755899, 0.051330735686116284, 0.05446637496109981, 0.05791794348334608, 0.0617166688703228, 0.06589655265823552, 0.0704943972115883, 0.07554976210066576, 0.08110482670860511, 0.08720413181890072, 0.09389416904126666, 0.10122278337233534, 0.1092383515402764, 0.11798869751756509, 0.12751970756619874, 0.13787361113200597, 0.14908690190843485, 0.16118788627344346, 0.1741938650800275, 0.18810797995274642, 0.20291578717273936, 0.21858166036470966, 0.23504516640548256, 0.2522176047794724, 0.2699789456414258, 0.2881754412424653, 0.3066182135217604, 0.32508313100030356, 0.343312274346601, 0.3610172463737049, 0.3778845052065595, 0.39358278804578245, 0.40777255070651547, 0.42011718260176134, 0.43029558072471824, 0.43801549593919764, 0.44302691993315624, 0.4451346812109018, 0.44420938125239223, 0.44019583992925465, 0.43311833754549534, 0.4230821350151171, 0.4102710096173202, 0.39494083837258825, 0.3774095650852964, 0.35804416840659503, 0.3372454766029807, 0.31543182556931487, 0.29302261495486887]
3.287940820149425	5.563071657167549	[0.269830927012302, 0.247843746120627, 0.22634014314219342, 0.20560359461454467, 0.1858672660805447, 0.16731183673310795, 0.1500660140861522, 0.13420934309413804, 0.11977681196447569, 0.10676471294306249, 0.09513722154220816, 0.08483320657876997, 0.07577285939700391, 0.06786382541919593, 0.06100661820976508, 0.055099190617463156, 0.05004061750381417, 0.0457339109264885, 0.042088034974730876, 0.039019219352044936, 0.03645168525839541, 0.03431790203087266, 0.032558486443228826, 0.031121846574451342, 0.029963656357931242, 0.029046232374953553, 0.02833786778512199, 0.02781216537021091, 0.027447398281583876, 0.027225918190492904, 0.027133621461136084, 0.027159479119588707, 0.02729513098995721, 0.027534542568336394, 0.027873720330966974, 0.02831048126843902, 0.028844271029407932, 0.02947602613383228, 0.03020807501044835, 0.031044074071403388, 0.03198897456582476, 0.03304901745182393, 0.03423175302954661, 0.03554608343600934, 0.03700232543759584, 0.03861229207534139, 0.04038939078977044, 0.042348736453890624, 0.04450727645594643, 0.04688392536478311, 0.04949970494612647, 0.05237788515770361, 0.05554411936514731, 0.05902656621236077, 0.06285598743327604, 0.06706580931478297, 0.07169213155488113, 0.07677366495550418, 0.08235157477125357, 0.08846920386944443, 0.09517164519976835, 0.10250513099128604, 0.11051620273607246, 0.11925062632169639, 0.12875201690508095, 0.1390601435840354, 0.15020889093862433, 0.16222386858548185, 0.17511967712128962, 0.18889686449511842, 0.20353863630824742, 0.2190074211111574, 0.23524143133936856, 0.25215140464356695, 0.26961775082372397, 0.28748836668750255, 0.3055774047635463, 0.3236652906479142, 0.34150026732788263, 0.35880170257014754, 0.37526531975968697, 0.3905704072454663, 0.40438892548724636, 0.4163962764921219, 0.42628333434503035, 0.4337691780209136, 0.43861383286160754, 0.44063023626375386, 0.43969460984228853, 0.43575445832312953, 0.4288335271444177, 0.41903323360135386, 0.40653032586819415, 0.391570799919347, 0.37446038857808817, 0.35555220021778533, 0.3352322991627328, 0.31390416233100293, 0.2919730039275648]
3.263219460599429	5.626155004126081	[0.2691911753201799, 0.2476360930216272, 0.2265255880547017, 0.20613681196596656, 0.18669906728035776, 0.1683915158290563, 0.1513434518041142, 0.13563677791458026, 0.12131022548492446, 0.10836481149908558, 0.09677002844777538, 0.0864703023960924, 0.07739132549808775, 0.0694459535684663, 0.06253945222919371, 0.05657396125741399, 0.051452125643037805, 0.047079903083354184, 0.04336860597897846, 0.04023626525302177, 0.0376084217174405, 0.03541845423412345, 0.03360755195706049, 0.03212442676617194, 0.030924850580620358, 0.029971086140550305, 0.029231266967510813, 0.028678767257901788, 0.028291592281969105, 0.0280518085599372, 0.02794502677576824, 0.027959942945314918, 0.028087940454077143, 0.028322751146224144, 0.02866017312792536, 0.029097840464612005, 0.029635040825308677, 0.030272575715289164, 0.03101265947434745, 0.0318588522807426, 0.03281602414341862, 0.03389034604595353, 0.03508930610048625, 0.036421747669348754, 0.03789792792251766, 0.03952959419742931, 0.04133007676692738, 0.04331439522244549, 0.0454993765655761, 0.04790378129937374, 0.05054843424291293, 0.05345635445969186, 0.05665287854896173, 0.06016576854900062, 0.06402529487726294, 0.06826428097202941, 0.07291809477068915, 0.0780245676942751, 0.0836238197740498, 0.08975796476282423, 0.09647066716931588, 0.10380651897130516, 0.11181020330676142, 0.12052541061122032, 0.1299934758565111, 0.14025170870214643, 0.15133139819234248, 0.16325548497020606, 0.17603591354530115, 0.1896706993221046, 0.2041407760383679, 0.2194067222863449, 0.23540550575538052, 0.2520474223407204, 0.2692134472172149, 0.2867532460259882, 0.3044841174644383, 0.32219114232313134, 0.3396287988338455, 0.3565242598208435, 0.3725825163452772, 0.38749336979597593, 0.40094020813857867, 0.4126103346094939, 0.4222064642811848, 0.4294588558156057, 0.43413742291250734, 0.4360630856604413, 0.43511759423173696, 0.43125109367340514, 0.42448680520794707, 0.4149223704321771, 0.4027276292824138, 0.3881388597884615, 0.371449773032097, 0.3529998029109296, 0.33316043106909365, 0.3123204224488761, 0.2908709019198655]
3.238498101049433	5.690474680145202	[0.26850140083489543, 0.2473840945972872, 0.2266732638739463, 0.20663958388425807, 0.1875082974077465, 0.16945682301025763, 0.15261480323830284, 0.13706626510879574, 0.12285346882306784, 0.10998197331189742, 0.09842644408082699, 0.08813676385591167, 0.07904406810839515, 0.07106640644544863, 0.06411381511971836, 0.058092668608323024, 0.052909251129658115, 0.048472549852573016, 0.044696316775405684, 0.04150047768409125, 0.03881198377909067, 0.036565208556940156, 0.034701990076163015, 0.03317141125891468, 0.03192939887003025, 0.03093820902771987, 0.030165853194483186, 0.02958550638791808, 0.029174927695421647, 0.028915914133699778, 0.028793800809205964, 0.028797014820116564, 0.028916685530201446, 0.029146311154545693, 0.029481479154763263, 0.029919637111767407, 0.030459909743564925, 0.03110295793853497, 0.03185087540845132, 0.03270711922509037, 0.033676470514013804, 0.03476502234538744, 0.03598019187960744, 0.037330754501512214, 0.03882689754999697, 0.04048029171958595, 0.04230417783699973, 0.044313466890392623, 0.04652485047566419, 0.04895691860936428, 0.051630280698293195, 0.054567684740205576, 0.05779412810546578, 0.06133695191991636, 0.06522590867822406, 0.06949319070931573, 0.07417340404893467, 0.07930346967494648, 0.08492243053488151, 0.09107114000589848, 0.09779180407899933, 0.1051273475168398, 0.11312057235135427, 0.1218130774760484, 0.13124390976781558, 0.14144792248107566, 0.15245382469663937, 0.1642819187707604, 0.17694153994396541, 0.19042823559423505, 0.20472074932135254, 0.2197779082515453, 0.2355355476250304, 0.251903644413486, 0.26876386660050966, 0.28596777454019223, 0.3033359290944866, 0.32065816460051705, 0.33769526659611965, 0.3541822521532837, 0.36983338072194943, 0.3843489271497579, 0.3974236279027316, 0.40875657470063187, 0.4180621860174099, 0.42508175083851957, 0.429594924956142, 0.43143048434733905, 0.43047561543944274, 0.4266830584592077, 0.4200755203021069, 0.41074693406524637, 0.39886035167293626, 0.3846424959243715, 0.36837524557160845, 0.3503845566050652, 0.3310275110072949, 0.3106783111988464, 0.28971409227674366]
3.213776741499437	5.75606257566568	[0.26775933282612574, 0.2470856009831193, 0.2267811654561716, 0.2071100766946901, 0.18829332304575078, 0.17050635403136685, 0.15387892102049713, 0.13849693851912598, 0.12440597684524936, 0.1116159478354906, 0.10010653941314242, 0.08983298288427301, 0.08073179265261826, 0.07272618866354529, 0.06573099093115492, 0.05965685159158596, 0.05441376018953874, 0.04991381498404954, 0.04607329842277039, 0.04281412494963356, 0.040064748537223215, 0.03776062422999676, 0.03584431834384566, 0.03426535470202897, 0.032979875027469754, 0.031950178762346654, 0.031144195974818226, 0.03053493428539659, 0.03009993088000876, 0.02982073072389357, 0.029682405408793827, 0.029673120401570094, 0.029783754818966286, 0.030007573915828402, 0.03033995308105466, 0.030778150053491875, 0.031321122072630644, 0.03196938366950647, 0.032724901528042756, 0.03359102234726765, 0.03457243063501934, 0.0356751330192878, 0.03690646667302336, 0.03827512905099992, 0.039791227003439594, 0.04146634275334107, 0.04331361484725509, 0.04534783133300509, 0.04758553270986444, 0.05004512096289842, 0.05274697085841087, 0.05571353795598787, 0.05896945712802575, 0.06254162306308031, 0.0664592429557067, 0.07075384862728425, 0.07545925345681775, 0.08061143600204325, 0.08624832997430443, 0.09240949660456863, 0.09913565351603545, 0.10646803138994514, 0.11444752934158547, 0.1231136395135069, 0.13250311457282637, 0.1426483561518415, 0.1535755115975756, 0.16530227820311405, 0.17783543208570296, 0.1911681201367839, 0.2052769811216303, 0.22011919218440035, 0.23562957164688556, 0.25171790272921996, 0.26826667593579306, 0.2851294733741457, 0.3021302349881623, 0.31906364678890786, 0.3356968732516945, 0.3517728135200483, 0.36701499480715166, 0.38113412393994334, 0.3938362053112218, 0.40483200461693486, 0.4138475048966249, 0.4206348748379822, 0.4249833652561151, 0.4267294803675694, 0.4257657499285581, 0.4220474634410261, 0.41559682263941156, 0.4065041185370139, 0.3949257346078111, 0.38107900077932905, 0.36523415297130235, 0.34770386672560705, 0.3288310089919222, 0.3089753717935433, 0.28850020328032683]
3.189055381949441	5.82295156725308	[0.26696253769578615, 0.24673830874295816, 0.226847144071811, 0.20754632416212992, 0.18905239013172997, 0.1715385971870008, 0.1551345645630353, 0.13992785441484834, 0.1259671235617949, 0.11326644171776264, 0.10181036150692442, 0.09155934739178424, 0.08245522080715734, 0.07442634179360097, 0.06739232110981154, 0.06126812673947637, 0.05596751594320807, 0.051405777563799535, 0.04750181428055372, 0.04417962332740645, 0.041369254919139245, 0.03900733466347213, 0.037037238915195225, 0.0354090052734659, 0.034079053484695476, 0.03300977945254829, 0.03216907536813071, 0.031529816105043365, 0.03106934361104463, 0.030768970545525284, 0.0306135188119656, 0.03059090118854993, 0.030691751468609942, 0.03090910368598123, 0.031238120345197025, 0.03167586657055616, 0.03222112778653354, 0.032874266632690025, 0.03363711622982565, 0.0345129055553883, 0.03550621438015449, 0.036622954055207574, 0.03787037214813795, 0.039257077744384465, 0.04079308580081909, 0.04248987759933504, 0.044360475680843725, 0.04641953004008379, 0.04868341337198929, 0.0511703211982479, 0.05390037330328869, 0.05689571047762775, 0.06018058066842971, 0.06378140564029865, 0.06772681879296083, 0.07204766118456409, 0.0767769218348661, 0.08194960430404957, 0.08760250031088955, 0.09377384701841526, 0.10050284377572521, 0.1078290008225696, 0.11579129323862632, 0.124427092547392, 0.13377085266831334, 0.1438525306474233, 0.15469573278935284, 0.166315587614241, 0.17871636540093616, 0.19188888364767512, 0.20580776496561254, 0.2204286414989346, 0.2356854331851039, 0.2514878574627464, 0.26771935907938305, 0.28423567049259657, 0.3008642282653368, 0.3174046683142906, 0.33363060493204677, 0.3492928560581676, 0.3641242143836897, 0.37784577554839904, 0.390174729427111, 0.40083339958440933, 0.40955919327099993, 0.41611500711141725, 0.420299538849463, 0.42195689251718715, 0.42098484748953485, 0.4173411959085353, 0.41104764270016503, 0.40219090242431704, 0.3909208089833381, 0.3774454613977724, 0.36202364238896534, 0.3449549453227359, 0.3265682084750427, 0.30720896816079923, 0.2872266918665574]
3.164334022399445	5.891175553704546	[0.266108401348095, 0.24633974428212424, 0.22686889206441085, 0.20794621334218488, 0.18978361122889484, 0.1725519219338573, 0.15638039027994408, 0.14135798322606652, 0.12753621563467174, 0.11493311397621371, 0.10353793062092567, 0.09331624017829729, 0.08421509145274167, 0.07616794719750444, 0.06909920943446995, 0.06292819502356607, 0.057572487308629856, 0.05295064273512307, 0.048984272686406684, 0.04559955140447774, 0.042728219777382566, 0.0403081649661426, 0.03828365757052852, 0.036605324843349205, 0.03522993066779322, 0.034120023808730734, 0.033243505107488074, 0.032573154325375324, 0.0320861473996758, 0.03176358685029538, 0.03159006066031531, 0.03155323963199949, 0.031643518461833435, 0.03185370285881403, 0.03217874236921007, 0.03261550736931834, 0.03316260740971635, 0.033820247932381226, 0.0345901218787878, 0.035475333066174994, 0.03648034805085589, 0.03761097373457459, 0.03887435788387975, 0.04027901023722283, 0.04183484169332188, 0.04355321941523044, 0.04544703529567254, 0.047530785309723524, 0.049820656590304414, 0.052334618793017124, 0.055092515231062164, 0.058116148553040245, 0.06142935416627193, 0.06505805338750872, 0.06903027619489817, 0.07337614171189458, 0.07812778195910747, 0.08331919229006517, 0.08898598911566881, 0.09516505346326985, 0.10189403653388497, 0.1092107023200179, 0.11715208157461775, 0.12575341276663976, 0.13504684828778016, 0.14505991001478585, 0.15581368657675473, 0.16732077722635133, 0.1795830030543776, 0.19258892695914243, 0.2063112476691303, 0.22070416092900016, 0.23570081000788176, 0.2512109774057081, 0.2671191959732478, 0.28328347869171544, 0.29953487697284953, 0.315678074945564, 0.33149320687315975, 0.34673904504894226, 0.36115764368685666, 0.37448044229527544, 0.38643573188305547, 0.396757276074223, 0.40519376441364924, 0.4115186684524721, 0.41553998369753753, 0.4171092847077291, 0.41612950594245524, 0.4125608947488563, 0.4064246667571733, 0.397804024874986, 0.38684237161770885, 0.3737387366503453, 0.3587406392683545, 0.3421347897517839, 0.32423618580830776, 0.3053762653286922, 0.285890824916126]
3.139612662849449	5.960769493797116	[0.26519410893367185, 0.24588724483010987, 0.22684392523464245, 0.20830746838210493, 0.19048495092058887, 0.17354456588848807, 0.15761494037431284, 0.14278620012269969, 0.12911248493721522, 0.116615570526672, 0.10528923689007642, 0.09510403772867494, 0.08601216174753787, 0.07795212930932972, 0.07085312763200396, 0.06463884969071362, 0.05923075913872224, 0.054550753973819005, 0.050523241401543496, 0.047076666482148054, 0.04414455624300836, 0.04166615200006444, 0.03958670542850069, 0.03785751207773077, 0.03643574943204204, 0.03528417863743204, 0.034370759090977004, 0.03366821597563179, 0.03315359140370623, 0.03280780227832502, 0.03261522075753619, 0.03256328808001116, 0.03264216773242333, 0.03284444105922908, 0.03316484563071914, 0.03360005545858722, 0.034148500715193444, 0.034810224414392306, 0.03558677285927048, 0.03648111699819123, 0.037497601541855205, 0.03864191922840754, 0.03992110742649737, 0.041343564787740705, 0.042919085382871494, 0.04465890813077365, 0.046575778856374976, 0.04868402244373189, 0.050999621787913944, 0.05354030004719871, 0.05632560155753374, 0.05937696615237627, 0.06271779003700872, 0.0663734652678803, 0.07037138780131741, 0.07474092250425517, 0.07951331100950723, 0.08472150641591565, 0.09039991618221185, 0.09658403281639663, 0.10330992980985744, 0.11061359953072523, 0.11853010927596179, 0.1270925533767062, 0.13633078205818983, 0.14626989378362681, 0.15692848596775752, 0.16831667129610245, 0.18043388211794678, 0.19326650520381095, 0.20678541167585893, 0.2209434730524584, 0.23567318120180944, 0.25088451731280964, 0.26646323864322086, 0.28226977031181516, 0.2981388977364985, 0.31388045146113974, 0.3292811553152003, 0.34410777013153476, 0.3581116061344105, 0.37103439976611235, 0.3826154569846201, 0.39259986175966005, 0.40074744248050426, 0.4068420911914372, 0.4107009509271856, 0.41218293648000737, 0.4111960420182687, 0.4077029217693059, 0.401724308711231, 0.39333995803739563, 0.382686958327253, 0.36995543105044076, 0.35538182193534057, 0.3392401581589372, 0.3218317866480566, 0.30347420687868965, 0.28448965777994156]
3.114891303299453	6.03176944577326	[0.2642166214282111, 0.2453779365677709, 0.22676956247552707, 0.2086276319259, 0.19115420892799256, 0.1745146199422963, 0.15883662987574793, 0.1442112742742241, 0.13069507994070004, 0.11831335800058904, 0.10706423645077841, 0.09692310893921117, 0.08784720829478981, 0.0797800595096127, 0.07265562175061337, 0.06640198535768346, 0.06094454377479275, 0.05620860727061484, 0.05212146410472334, 0.048613923498991615, 0.045621394713830185, 0.04308456750720277, 0.040949763816159966, 0.03916902909528701, 0.037700027097703634, 0.03650579428581035, 0.035554401832392626, 0.03481856412323615, 0.034275224568053375, 0.03390514169353885, 0.033692492242869625, 0.03362450234806805, 0.033691113805092356, 0.03388468892915148, 0.03419975529577571, 0.03463278972127325, 0.03518203995918643, 0.0358473816667908, 0.036630208083102904, 0.03753334949660815, 0.038561019834340626, 0.039718787569255634, 0.04101356849613674, 0.04245363780534469, 0.04404865916686452, 0.04580972828996388, 0.047749428521972115, 0.04988189557437147, 0.05222288828710195, 0.05478986155109775, 0.05760203697512249, 0.06068046569800656, 0.06404807678995465, 0.06772970305516647, 0.07175207464506789, 0.07614376883366546, 0.08093510254455537, 0.08615795190974151, 0.0918454813152722, 0.09803176227503314, 0.10475126122055992, 0.11203817422894113, 0.11992558712299095, 0.12844444070350047, 0.13762228452771214, 0.14748180812497896, 0.15803914728018897, 0.16930197441813044, 0.18126739742939338, 0.19391970951655116, 0.20722805450138937, 0.2211440957978769, 0.23559980267730912, 0.25050549174770204, 0.26574828335246636, 0.281191148047846, 0.2966727252194444, 0.3120080900979851, 0.32699062494978937, 0.34139511207074713, 0.3549821104335558, 0.36750360454828407, 0.3787098271027203, 0.38835706081446986, 0.3962161277483787, 0.402081184578038, 0.4057783704016043, 0.40717380892235694, 0.40618045768170863, 0.40276332854105074, 0.3969426775325116, 0.3887948751771222, 0.37845081282100235, 0.36609186447159325, 0.35194359227126915, 0.3362675411285667, 0.3193515987440558, 0.30149948887115097, 0.28302000954276263]
3.090169943749457	6.104212608664604	[0.2631726485240975, 0.2448087092161531, 0.2266429022414815, 0.20890404351829742, 0.19178900064634014, 0.17546001097805605, 0.16004373174306513, 0.14563185637568304, 0.13228305586939976, 0.12002595654787551, 0.10886284708465915, 0.09877381359130696, 0.08972102861126564, 0.08165296053437554, 0.07450831962992462, 0.06821960843304761, 0.06271619448442743, 0.057926867414836256, 0.05378187952569127, 0.05021449678598775, 0.04716210718078368, 0.04456694473299234, 0.04237649309863229, 0.040543632201043414, 0.03902658797424148, 0.0377887386458316, 0.036798323827461406, 0.036028094300342046, 0.03545493300385936, 0.03505947023471472, 0.034825710225744926, 0.03474068068411963, 0.03479411302578861, 0.034978157398402356, 0.03528713448741326, 0.03571732398140745, 0.03626678872206858, 0.03693523245547988, 0.037723889007926295, 0.038635440168295655, 0.03967395984232366, 0.04084488174950058, 0.04215498833211498, 0.043612418284052136, 0.04522669045055588, 0.04700874147889977, 0.04897097477254653, 0.05112731771775443, 0.053493284063991134, 0.05608603745837653, 0.05892445171042798, 0.06202916211301539, 0.06542260132776825, 0.0691290116825209, 0.07317442450857646, 0.07758659510887615, 0.08239488042740244, 0.08763004426462513, 0.09332397336661058, 0.09950928574930804, 0.10621881173035942, 0.11348492725944054, 0.12133871992229178, 0.1298089694649082, 0.13892092861041155, 0.14869489538217556, 0.1591445768793365, 0.17027525542845473, 0.18208178282914558, 0.1945464456102494, 0.20763676485882668, 0.22130331616764237, 0.2354776787348225, 0.25007064457431877, 0.2649708382861038, 0.28004391093362646, 0.2951324766829095, 0.3100569538085556, 0.3246174511449441, 0.33859680407337617, 0.35176481124330955, 0.36388365435890646, 0.37471440249541366, 0.38402441353983713, 0.39159535624400127, 0.3972314945147583, 0.40076781072207446, 0.4020775050364092, 0.40107840099473013, 0.3977378178541857, 0.3920755394152514, 0.3841646136297966, 0.3741298505403422, 0.3621440369832876, 0.34842204162081775, 0.3332131287884088, 0.3167919203097966, 0.29944852962577984, 0.2814784342768749]
3.065448584199461	6.178137365563504	[0.26205861700143246, 0.244176186434025, 0.2264607951169665, 0.20913381448137203, 0.19238673447888163, 0.17637848179958596, 0.16123435953836607, 0.1470464641993266, 0.1338753632693771, 0.12175277154049254, 0.11068494317512757, 0.10065650064903424, 0.09163444284697145, 0.08357211165927725, 0.07641293957780959, 0.07009384926902046, 0.06454822105210464, 0.0597083869386577, 0.05550764363930981, 0.05188180536009972, 0.04877033545681937, 0.04611710938679391, 0.04387086616240561, 0.04198540765422795, 0.0404196011798452, 0.03913723677377052, 0.03810678273667421, 0.03730107700380914, 0.036696983581812344, 0.03627503777528963, 0.03601909691183666, 0.03591600936092528, 0.03595530944819193, 0.03612894369400371, 0.03643103027304579, 0.03685765282411216, 0.037406687439284714, 0.03807766184066278, 0.03887164423432023, 0.03979116004720378, 0.04084013365112254, 0.0420238531262105, 0.043348955172006466, 0.04482342824817778, 0.046456631064365345, 0.04825932440105849, 0.05024371314010841, 0.05242349603741259, 0.054813919432210464, 0.05743183145653458, 0.060295731658172806, 0.06342581097601077, 0.06684397499015463, 0.07057384302666023, 0.07464071331285742, 0.07907148372099573, 0.08389451499650462, 0.08913942259476773, 0.09483678065898336, 0.10101772123376983, 0.10771340987752508, 0.11495437952918523, 0.1227697042073408, 0.13118599713191795, 0.14022622059769993, 0.14990830173364011, 0.16024355553435443, 0.1712349285092499, 0.18287508910986844, 0.19514440867779537, 0.20800889466016156, 0.22141815949317983, 0.23530352876276664, 0.2495764132883875, 0.264127085734773, 0.27882401459136286, 0.2935139105355812, 0.3080226333329706, 0.32215708577535124, 0.3357081865954938, 0.34845496318346836, 0.36016974146021263, 0.37062433433500164, 0.3795970491874049, 0.3868802525442969, 0.39228815649596516, 0.39566443246296157, 0.3968892234088255, 0.3958851203610131, 0.3926216986601019, 0.38711827353890227, 0.37944463149719593, 0.3697196164028521, 0.358107587757066, 0.34481291097170985, 0.330072772382209, 0.3141487231035152, 0.2973174344383612, 0.2798611875176258]
3.040727224649465	6.253583328957927	[0.2608706336557102, 0.24347669106540515, 0.22621981171006417, 0.20931379844465403, 0.19294458535681788, 0.1772675676115084, 0.1624064472374437, 0.14845346568019313, 0.13547083474455304, 0.12349312386952302, 0.11253034992807319, 0.10257150626753754, 0.09358829591079586, 0.08553885474568462, 0.07837130061300376, 0.07202697633054925, 0.0664433080821263, 0.061556228205104584, 0.05730215567140436, 0.053619542425247274, 0.050450024236718544, 0.047739215778909314, 0.04543720763959541, 0.04349881346140455, 0.04188362498088068, 0.04055591724535744, 0.0394844517226667, 0.03864220749397983, 0.038006075166048814, 0.03755653109755581, 0.037277314710579525, 0.03715511625714183, 0.03717928890628887, 0.03734158548188214, 0.03763592791806976, 0.038058205573093536, 0.03860610716627629, 0.03927898036899964, 0.04007772220308512, 0.04100469345606791, 0.04206365962846841, 0.04325975145175367, 0.04459944728688325, 0.0460905704650195, 0.047742303733556514, 0.04956521377265275, 0.051571287599717616, 0.05377397339072072, 0.05618822680359302, 0.058830554389642145, 0.061719053914584196, 0.06487344160141743, 0.06831506422275777, 0.07206688379366254, 0.07615343026115208, 0.08060070707223006, 0.08543604202854929, 0.09068786516876562, 0.09638540315821084, 0.10255826927561473, 0.10923593663888403, 0.1164470729604197, 0.12421872542431511, 0.1325753370867237, 0.14153758948693212, 0.15112106248960086, 0.16133471994091886, 0.17217923079937328, 0.1836451580322091, 0.19571105374016984, 0.20834152606698086, 0.22148535317594897, 0.23507374807940393, 0.24901888699902666, 0.26321283764973213, 0.2775270244380099, 0.29181237762876266, 0.3059002966865701, 0.3196045453243706, 0.3327241541766394, 0.34504736679069176, 0.356356597860677, 0.36643430949887035, 0.3750696304637364, 0.38206547428660503, 0.3872458402482905, 0.39046293317964975, 0.39160370371539527, 0.3905954107113381, 0.3874098330775937, 0.3820658200336996, 0.374629956730602, 0.3652152351036452, 0.353977746770945, 0.34111154413202005, 0.32684193913793635, 0.31141760903362026, 0.2951019541784889, 0.27816418687990485]
3.016005865099469	6.330591388254007	[0.25960444131277166, 0.24270620434525184, 0.22591620454138936, 0.2094405568609852, 0.19345946327992986, 0.1781245686202425, 0.1635577251990508, 0.14985105935833756, 0.1370681690918661, 0.12524623891958372, 0.11439883631580211, 0.10451915186280435, 0.09558345970169586, 0.08755460176638132, 0.08038533422095102, 0.07402141326135273, 0.06840433620964724, 0.06347368977017494, 0.05916908835385447, 0.05543171044443555, 0.052205459653577584, 0.049437789708648254, 0.04708023974739321, 0.045088728953077896, 0.04342365870913785, 0.042049867158415966, 0.040936476155333634, 0.04005666492616164, 0.03938739882675652, 0.03890913590545393, 0.03860552875620341, 0.03846313461088887, 0.03847114276854455, 0.03862112535519999, 0.03890681493539718, 0.039323910643431936, 0.03986991311369022, 0.04054398753789959, 0.04134685350944738, 0.04228069991643339, 0.04334912288072963, 0.04455708461593225, 0.045910890976997715, 0.047418185423207984, 0.049087957012707004, 0.05093055992923799, 0.052957741817755886, 0.05518267792158228, 0.05762000758348815, 0.06028586914827739, 0.06319792860489774, 0.06637539649083692, 0.06983902658007367, 0.07361108876171314, 0.0777153072384554, 0.08217675383270387, 0.08702168476766255, 0.09227730793640712, 0.09797146642355889, 0.10413222311221346, 0.11078733070708653, 0.11796357172277354, 0.1256859541153345, 0.13397675063420397, 0.1428543738777412, 0.15233208481767074, 0.16241654040703585, 0.17310619605006955, 0.18438959116557757, 0.19624356073659574, 0.20863143213420943, 0.22150128398431543, 0.2347843612762708, 0.2483937569268042, 0.2622234827749479, 0.27614806053646507, 0.2900227633874201, 0.303684629599694, 0.3169543492706656, 0.3296390927143602, 0.34153630439489596, 0.3524384306192563, 0.3621384850932912, 0.37043628796384737, 0.3771451463871035, 0.38209868427511695, 0.38515748224662694, 0.38621516223929536, 0.38520354977293636, 0.3820965736462344, 0.3769126184037947, 0.3697151268090882, 0.36061135235936703, 0.34974927756634194, 0.3373128324424952, 0.3235156587552269, 0.30859375899824654, 0.29279743618340315, 0.27638296571580495]
2.9912845055494732	6.409203759619399	[0.2582553669976892, 0.24186031689228024, 0.22554586332865836, 0.20951031748113938, 0.19392797662532782, 0.17894651691070546, 0.1646856923980163, 0.15123725054943019, 0.13866591330469635, 0.12701123284197208, 0.11629010757947073, 0.10649974114104795, 0.0976208366430101, 0.08962084300611779, 0.08245709917254765, 0.07607975835064902, 0.07043440810439651, 0.06546433683346943, 0.06111242462440199, 0.05732266190044542, 0.05404131580794903, 0.05121777850696336, 0.04880513746362488, 0.04676051280838739, 0.045045205183461084, 0.043624696677248914, 0.04246854177567424, 0.041550181902740686, 0.04084671024540681, 0.04033860991901391, 0.04000948213891214, 0.03984577830454486, 0.03983654471508172, 0.03997318710474533, 0.04024925828212212, 0.040660271743977926, 0.04120354128187201, 0.041878047008904386, 0.04268432611167763, 0.04362438755189717, 0.0447016482530743, 0.04592088947894259, 0.04728823062244579, 0.04881111885748875, 0.05049833165062431, 0.05235999029299471, 0.05440758106977901, 0.05665398168447495, 0.05911348883563417, 0.06180184361507627, 0.06473624943750562, 0.06793537771557394, 0.07141935426707352, 0.07520971968270743, 0.07932935441858044, 0.08380235944187092, 0.08865388069560699, 0.09390986575682293, 0.09959673871281069, 0.10574097985946347, 0.11236859524092517, 0.11950446278932512, 0.12717154183103602, 0.13538993657387685, 0.1441758068328552, 0.1535401262753917, 0.1634872947636314, 0.17401362239450782, 0.18510571328731656, 0.19673879214605908, 0.20887503046516134, 0.22146194645589062, 0.23443096718509396, 0.24769625677550125, 0.26115392420474365, 0.27468173130933243, 0.2881394193781697, 0.3013697640435786, 0.31420044714034523, 0.3264468042851816, 0.3379154641045354, 0.34840884438509884, 0.3577304107341522, 0.36569054174273036, 0.37211278285413185, 0.376840217636196, 0.3797416433022615, 0.38071721489691135, 0.37970322211630925, 0.37667568851791383, 0.3716525340462011, 0.3646941169314704, 0.35590206470679847, 0.34541640923053135, 0.33341114863991056, 0.32008845996232127, 0.3056718716108838, 0.29039876619732, 0.27451261753582235]
2.9665631459994772	6.489464038288921	[0.2568182592250079, 0.2409341706553931, 0.22510426077460316, 0.20951892541839837, 0.19434638752333014, 0.1797301377070254, 0.16578758246273181, 0.15260982383685504, 0.1402624402736562, 0.12878709720657314, 0.1182037954492387, 0.10851355764991077, 0.09970136304273486, 0.09173915796893223, 0.08458879831553939, 0.07820480888135402, 0.07253687857526886, 0.06753203867752569, 0.06313650047661554, 0.059297149027189376, 0.05596270935859814, 0.053084611853217105, 0.050617593485587996, 0.048520073435201816, 0.04675434440603492, 0.0452866172609245, 0.0440869553691454, 0.04312912876897865, 0.042390415596281206, 0.04185137150141402, 0.04149558531248249, 0.04130943320920419, 0.04128184213576176, 0.041404068330354246, 0.04166949638251465, 0.04207346047585787, 0.042613089906322135, 0.0432871780649017, 0.04409607513125427, 0.04504160239138397, 0.04612698751072994, 0.047356818080288104, 0.04873701232163805, 0.050274803951306825, 0.05197873977022644, 0.05385868664722572, 0.05592584602046387, 0.058192772031058014, 0.06067339067328284, 0.06338301515031049, 0.06633835366308981, 0.06955750343600914, 0.07305992557905365, 0.07686639273741225, 0.08099890208210835, 0.08548054340689455, 0.09033531265739018, 0.09558785850908794, 0.10126315044132707, 0.10738605453566676, 0.11398080485545226, 0.12107035718518117, 0.12867561510021736, 0.13681451927167987, 0.14550099659843957, 0.15474376965452527, 0.16454503598248255, 0.17489903430417722, 0.18579052744467625, 0.19719324279221848, 0.20906832665186312, 0.22136288165424126, 0.23400867197086597, 0.24692109184714262, 0.2599985036663343, 0.27312205463355343, 0.28615608048365815, 0.2989491930402321, 0.31133613033976365, 0.32314041742161487, 0.3341778480360443, 0.3442607488267358, 0.35320293481054243, 0.36082520745619157, 0.3669611925776574, 0.37146326620408326, 0.37420828089448377, 0.3751027848569941, 0.37408742783719995, 0.3711402715513744, 0.36627877003023035, 0.3595602536028067, 0.35108083536505047, 0.34097275444096087, 0.3294002677571037, 0.31655429397672474, 0.302646090102426, 0.2879002982330314, 0.27254772991181603]
2.9418417864494812	6.571417253484639	[0.2552874125914452, 0.23992238839373267, 0.22458638757104188, 0.20946178366731094, 0.19471055857167405, 0.1804718022235455, 0.16686032336807136, 0.1539663094881176, 0.14185592263070662, 0.1305726800802366, 0.12013944712991662, 0.11056086138359363, 0.10182601392664145, 0.09391122803669606, 0.0867827995709032, 0.08039958993078151, 0.07471539156822452, 0.06968101319264632, 0.0652460572755998, 0.06136038311808591, 0.05797526596593607, 0.055044274451248654, 0.05252389718202428, 0.05037395322613815, 0.0485578230986842, 0.04704253547777743, 0.045798742802200955, 0.04480061487593996, 0.044025675977946904, 0.043454606298482676, 0.04307102490478758, 0.0428612672587932, 0.04281416746438509, 0.04292085218787775, 0.043174551321172226, 0.04357042818231355, 0.044105431030757605, 0.04477816616575238, 0.04558879248219393, 0.04653893636749012, 0.04763162581134645, 0.04887124190216155, 0.05026348605380401, 0.05181536072338858, 0.05353516158138832, 0.05543247849665372, 0.05751820282163051, 0.05980453775490719, 0.06230500852729706, 0.06503446827594793, 0.06800909524032386, 0.07124637582659535, 0.07476506764826839, 0.07858513537379243, 0.08272765161810067, 0.08721465374350747, 0.09206894683979606, 0.09731384190844934, 0.10297281798248133, 0.10906909619282841, 0.1156251143014331, 0.12266189063222864, 0.1301982683494528, 0.13825003336445707, 0.14682890351200958, 0.15594139171283217, 0.165587553267979, 0.1757596357813359, 0.1864406608994948, 0.19760297840160396, 0.20920684619985697, 0.22119910243283133, 0.23351200856491391, 0.24606235271066207, 0.2587509102983387, 0.27146236186705164, 0.28406576505927683, 0.29641566713627127, 0.30835392580008075, 0.31971227814300934, 0.3303156615248661, 0.3399862462528888, 0.3485480912258026, 0.3558322824587486, 0.36168236539663534, 0.36595983894527934, 0.36854944748542895, 0.36936399052812935, 0.3683483719367849, 0.3654826333712982, 0.360783760154534, 0.3543061100162067, 0.3461403921827407, 0.3364112103582617, 0.3252732711370101, 0.31290644208456375, 0.2995099135867981, 0.28529577003660417, 0.27048230421640745]
2.9171204268994853	6.6551099261127895	[0.2536564757835887, 0.23881898776134425, 0.22398667319971216, 0.2093337807525149, 0.19501588799928427, 0.1811674704339761, 0.1679004884836835, 0.15530394281566698, 0.14344430107606834, 0.13236666327507052, 0.12209651207170831, 0.11264188492796955, 0.10399580907131378, 0.09613885211263548, 0.08904166158026154, 0.08266738959446415, 0.07697392521641874, 0.07191588116710874, 0.06744630538685024, 0.06351810675657317, 0.060085201081975494, 0.05710339451610866, 0.05453103062074662, 0.05232943117674465, 0.05046316367980772, 0.04890016734678626, 0.047611768460933894, 0.04657261211973054, 0.04576053478661321, 0.045156397480467694, 0.044743896588872414, 0.044509365037370956, 0.04444157428575424, 0.04453154416502147, 0.04477236613822347, 0.045159042973293304, 0.04568834715446897, 0.0463586984805885, 0.04717006121445324, 0.048123859771775496, 0.049222912218304854, 0.050471379764838606, 0.05187473090940704, 0.053439717925872335, 0.05517436389505261, 0.05708795752680129, 0.05919105345239587, 0.06149547463034432, 0.06401431380269844, 0.06676192975384972, 0.06975393424031898, 0.073007164099888, 0.07653963298583073, 0.08037045565968982, 0.08451973759402635, 0.0890084210724663, 0.09385807882934719, 0.09909064487408896, 0.10472807233346904, 0.11079190729454409, 0.11730276862353026, 0.12427972399540893, 0.1317395548109332, 0.13969590475657176, 0.14815831138647387, 0.15713112471153437, 0.1666123241825241, 0.17659225298678988, 0.18705229882732358, 0.19796356043483104, 0.2092855511803751, 0.22096500210118078, 0.23293483812720714, 0.2451134097618546, 0.2574040691484708, 0.2696951806642931, 0.28186065292514456, 0.29376106799891, 0.3052454660158164, 0.31615381688381444, 0.32632017772906685, 0.3355764943371754, 0.34375696095200814, 0.35070280662027253, 0.35626733279608586, 0.3603209889142487, 0.36275624526713107, 0.363492008602539, 0.3624773290304216, 0.35969416815002764, 0.3551590381624374, 0.34892337812606883, 0.3410726028682331, 0.3317238374687534, 0.3210224291397067, 0.30913740270986845, 0.2962560887106073, 0.2825781998640833, 0.2683096577167433]
2.8923990673494893	6.740590129411031	[0.25191833811712827, 0.237617275697774, 0.22329888833788245, 0.20912920196924845, 0.1952572298556898, 0.18181262105029303, 0.168904236391346, 0.15661961466451593, 0.14502524549839202, 0.13416753488830777, 0.12407432577841823, 0.11475682923931031, 0.10621182045887367, 0.09842396632909314, 0.09136816520237415, 0.08501180269009494, 0.07931684710109269, 0.07424173334683311, 0.0697430021982909, 0.06577668286672926, 0.062299419027162406, 0.05926935278947574, 0.05664678639174631, 0.054394649312668665, 0.05247879808455327, 0.05086817927707238, 0.049534882069273936, 0.04845410733991703, 0.047604074469217654, 0.046965886563927466, 0.04652336879620587, 0.046262894135893504, 0.04617320522567049, 0.04624524130714835, 0.046471974353430576, 0.04684825940174716, 0.047370700090755044, 0.048037531825905165, 0.04884852161624549, 0.04980488544957127, 0.050909221110376525, 0.0521654563953616, 0.05357880996039834, 0.05515576416208713, 0.056904046635546476, 0.058832619447375625, 0.06095167203326427, 0.06327261611789052, 0.06580807810160827, 0.0685718862305071, 0.07157904702642193, 0.07484570711607466, 0.07838909362980466, 0.0822274278686176, 0.08637980390010452, 0.09086602524743231, 0.09570638988052887, 0.10092141541598978, 0.10653149384343256, 0.11255646734812531, 0.11901511501786444, 0.12592454354414595, 0.13329947464027114, 0.1411514269151519, 0.14948779159334144, 0.15831080876810213, 0.16761645505467984, 0.17739326335044112, 0.18762110209567742, 0.1982699533345445, 0.2092987370828235, 0.22065424181306867, 0.23227022825178953, 0.24406678326808703, 0.2559500034534199, 0.2678120905582615, 0.27953193472398596, 0.29097625261381344, 0.30200132859928946, 0.3124553844222159, 0.32218157046281437, 0.3310215367927914, 0.3388195010714593, 0.3454266905664546, 0.35070599585903367, 0.3545366416344971, 0.3568186554736307, 0.3574769049035003, 0.35646447623235633, 0.35376518903045934, 0.3493950762208404, 0.343402710595865, 0.3358683209572753, 0.32690170991396367, 0.3166390564332275, 0.30523875195386657, 0.2928764760983777, 0.27973975907661824, 0.2660223030394177]
2.8676777077994933	6.827907552732692	[0.2500649883882465, 0.236309716804709, 0.22251602365811982, 0.20884161887807623, 0.19542879512092318, 0.18240216445777532, 0.16986723655759173, 0.15790980994620044, 0.14659610723683847, 0.13597355529902588, 0.12607209031592082, 0.11690585851856772, 0.1084751821583837, 0.1007686686029746, 0.09376535320652503, 0.08743678504202929, 0.08174898338485041, 0.07666421364630757, 0.07214254945165194, 0.06814320518070283, 0.06462563643676998, 0.061550417800434194, 0.058879914361713394, 0.05657876964328388, 0.054614234483874674, 0.05295636318594892, 0.05157810171422304, 0.050455291870205976, 0.04956661209952876, 0.04889347366275759, 0.04841988717258913, 0.048132312525489745, 0.048019501824849424, 0.048072343382985536, 0.048283712068944724, 0.04864833037452661, 0.049162642389727756, 0.049824702541578884, 0.050634079293622146, 0.05159177407796534, 0.05270015443866368, 0.0539629006921426, 0.05538496432593967, 0.05697253679689854, 0.05873302638667721, 0.060675041216812414, 0.06280837550725483, 0.06514399653403649, 0.06769402864251454, 0.07047173092508943, 0.07349146395833524, 0.07676864111615493, 0.08031965865390463, 0.0841617987865852, 0.08831309862161707, 0.09279217785019368, 0.09761801685204341, 0.10280967713754047, 0.1083859551870659, 0.11436496158071731, 0.12076361723985388, 0.12759706046900016, 0.1348779597312103, 0.1426157305407955, 0.15081565796609664, 0.15947793175680583, 0.16859660645507038, 0.17815850660515023, 0.18814210463249842, 0.19851640842385398, 0.20923990419686725, 0.22025960981833226, 0.23151030118092186, 0.24291398108580303, 0.2543796630412788, 0.26580354269979695, 0.27706962421239795, 0.28805085884567655, 0.2986108363052637, 0.30860604711092166, 0.317888705762075, 0.32631009200914696, 0.333724331513853, 0.3399925012285469, 0.34498691054073266, 0.3485953807806124, 0.3507253252607431, 0.3513074231243047, 0.3502986844292874, 0.3476847225887963, 0.3434810831486052, 0.33773352345900637, 0.3305171934031633, 0.3219347287082559, 0.31211333127505786, 0.3012009696849764, 0.2893618836425811, 0.27677161342993856, 0.2636117978137421]
2.8429563482494973	6.917113568665859	[0.24808733675354316, 0.234887767684944, 0.2216301370451441, 0.20846375048856963, 0.19552402720947146, 0.18293033362675656, 0.1707845759151733, 0.1591705309349214, 0.14815385922756927, 0.13778271511822276, 0.12808885003453868, 0.11908909451391421, 0.11078710296788855, 0.10317525022808122, 0.09623658032823634, 0.08994672237301243, 0.08427570578401776, 0.07918962431471654, 0.0746521155787875, 0.07062563760351612, 0.06707253738868624, 0.06395591639102342, 0.06124030613954283, 0.05889217203087728, 0.05688026697208509, 0.05517585736114319, 0.05375284423881732, 0.05258780077449966, 0.051659945817022615, 0.050951070452000057, 0.05044543247809352, 0.0501296307633587, 0.0499924695430159, 0.05002482012478814, 0.050219486030212146, 0.050571075544095435, 0.05107588473403349, 0.05173179246446293, 0.052538168468849546, 0.05349579441024387, 0.054606797716733865, 0.055874597109701635, 0.05730385878152195, 0.05890046144749183, 0.06067146860390728, 0.06262510562623556, 0.06477073943069701, 0.0671188576837771, 0.06968104455854275, 0.07246994921291995, 0.07549924307734326, 0.07878356112354226, 0.0823384221090847, 0.08618012182512634, 0.09032559318000358, 0.09479222604015461, 0.09959763969063665, 0.10475940012349033, 0.11029467469603309, 0.11621981661886266, 0.12254987283228322, 0.12929800974287856, 0.13647485361675954, 0.14408774481159792, 0.15213990903698185, 0.1606295530846642, 0.16954889842621282, 0.17888317226668082, 0.18860958333825728, 0.19869631728128434, 0.20910159488133107, 0.21977284385414947, 0.2306460419619803, 0.24164529395516307, 0.25268270756898603, 0.26365863248923155, 0.27446232119746033, 0.28497306014404844, 0.2950618044685894, 0.3045933284635119, 0.31342887858951984, 0.32142928619738825, 0.3284584655890428, 0.33438719095972397, 0.3390970162775569, 0.3424841773370044, 0.3444632982865537, 0.3449707177510216, 0.34396725439288395, 0.3414402489344946, 0.3374047493470559, 0.3319037465755522, 0.3250074174209289, 0.31681138558690436, 0.3074340672636483, 0.2970132197508084, 0.28570185612814797, 0.27366372262207195, 0.26106855515160843]
2.8182349886995013	7.00826130370229	[0.24597498707026866, 0.23334166538479476, 0.22063215858970514, 0.20798728626504692, 0.1955354433490286, 0.18339054531335658, 0.17165064012549808, 0.16039719997857743, 0.14969502023875417, 0.1395926822129698, 0.13012346124375684, 0.12130660992557384, 0.11314888314631336, 0.10564623676724137, 0.09878557761133362, 0.09254651863537386, 0.0869030428464901, 0.0818250603815392, 0.07727979194202002, 0.07323299215738278, 0.0696499713801865, 0.06649645136005779, 0.06373923047648111, 0.0613467067690462, 0.059289243250903, 0.05753942853506793, 0.05607221955478395, 0.05486501862082653, 0.05389766990648494, 0.053152423779065906, 0.05261385062951873, 0.05226874774208418, 0.05210601720763447, 0.05211655372766288, 0.0522931172776188, 0.05263022554578844, 0.053124038970438735, 0.05377227026099327, 0.05457408991418877, 0.05553005737223727, 0.05664204864794081, 0.057913208409813, 0.05934789704519963, 0.06095165940632631, 0.06273118560529443, 0.06469428945088083, 0.06684987472015742, 0.06920791377662462, 0.07177940841501759, 0.07457635630035991, 0.07761169237428454, 0.08089922735679753, 0.08445355203977602, 0.08828992821544694, 0.09242413422019541, 0.09687228477138432, 0.10165059259573864, 0.1067750908001809, 0.1122612836904858, 0.11812374520566866, 0.12437563422055117, 0.1310281477291206, 0.1380898848548722, 0.14556614694700143, 0.15345815336042518, 0.16176220546984785, 0.1704687886396663, 0.1795616551659542, 0.18901689126135265, 0.19880202383651002, 0.20887518516902875, 0.21918440377130133, 0.22966705295827458, 0.24024953357664372, 0.25084722923964337, 0.261364808706123, 0.27169690829597964, 0.2817292517138504, 0.2913402178783441, 0.3004028784514273, 0.3087874758663539, 0.3163643117567299, 0.32300696498096526, 0.3285957505997594, 0.3330212883775195, 0.3361880425848926, 0.33801766951117723, 0.3384520117756492, 0.3374555785975542, 0.3350173685797012, 0.3311519199098143, 0.32589950380048466, 0.31932542892582105, 0.3115184604304434, 0.30258842100619016, 0.2926630685263199, 0.2818844059785117, 0.2704045838114494, 0.2583816013187288]
2.7935136291495053	7.101405712681708	[0.2437159424851609, 0.23166015199727527, 0.2195116390217392, 0.2074026558048391, 0.19545443063607898, 0.1837752194689619, 0.17245896169523953, 0.16158453285273588, 0.15121555892553493, 0.1414007325308243, 0.1321745552607625, 0.12355841926653102, 0.11556193841278348, 0.10818444028356247, 0.1014165379619426, 0.0952417094864658, 0.08963782612154417, 0.08457858264938209, 0.08003479705905907, 0.07597555815283535, 0.07236921148594314, 0.0691841819937371, 0.06638963987572065, 0.0639560204374077, 0.06185541316381076, 0.06006183616350543, 0.05855141390442132, 0.057302474801939354, 0.05629558529561585, 0.05551353451818682, 0.05494128297171682, 0.05456588572835552, 0.054376399864712, 0.054363783070201725, 0.054520789788286825, 0.05484186883459821, 0.055323066203130745, 0.05596193475353464, 0.056757452573038894, 0.05770995012905133, 0.058821046682127516, 0.060093594997241595, 0.06153163390004405, 0.06314034694104194, 0.06492602600403878, 0.06689603747660626, 0.06905878916756916, 0.0714236949422167, 0.07400113456225721, 0.07680240497221376, 0.07983965972637247, 0.0831258319714097, 0.08667453681393794, 0.09049994763241746, 0.09461664134424645, 0.09903940648283005, 0.10378300856903304, 0.10886190640040898, 0.11428991390958257, 0.12007980194105244, 0.126242836019588, 0.13278824677039483, 0.13972263241102073, 0.14704929454862006, 0.1547675126059725, 0.162871765464118, 0.17135091442174033, 0.1801873662095684, 0.1893562414093709, 0.19882457903266781, 0.2085506147639581, 0.2184831752234848, 0.22856123577590393, 0.23871369165632017, 0.24885939344445962, 0.2589074951064417, 0.2687581577597662, 0.27830364235684835, 0.28742981156931036, 0.2960180434226568, 0.30394753899633087, 0.3110979829446497, 0.3173524914959166, 0.3226007581988337, 0.32674228604540706, 0.3296895766935014, 0.3313711360444962, 0.3317341514567209, 0.33074670094670233, 0.32839936921041896, 0.3247061688724332, 0.3197046972449501, 0.31345549665249955, 0.306040628252371, 0.2975615112723244, 0.2881361197309521, 0.27789566252376396, 0.26698089931139957, 0.2555382601649432]
2.7687922695995093	7.196603657259007	[0.24129621403203702, 0.2298301142965412, 0.21825641501108584, 0.20669872872940323, 0.19527097431633725, 0.18407554540422488, 0.1732020170197754, 0.16272637658329497, 0.15271076464376332, 0.14320366402979565, 0.134240486898638, 0.1258444720742697, 0.11802782857001434, 0.11079303340465833, 0.10413422561527715, 0.09803861689993221, 0.09248787920109673, 0.08745945050954143, 0.08292774188394589, 0.07886520882270157, 0.07524329055787927, 0.07203319825650917, 0.06920657065383773, 0.06673598983597537, 0.06459538421012459, 0.0627603171693293, 0.061208191526436695, 0.059918369503786706, 0.05887223764379176, 0.05805321496955382, 0.05744673103753195, 0.0570401695466274, 0.05682280073848206, 0.05678569542769739, 0.05692164062753186, 0.057225047186996315, 0.05769186665997729, 0.05831950599994025, 0.059106755167845026, 0.060053714997176884, 0.061161738803894576, 0.062433374272132046, 0.06387231788936525, 0.06548336791913452, 0.06727238720054761, 0.06924626133837886, 0.07141286268509281, 0.07378100525796266, 0.07636040010803088, 0.07916159580197668, 0.08219591261116331, 0.0854753545225295, 0.08901250673121959, 0.09282040219633618, 0.09691236408737901, 0.10130180736384867, 0.10600200581228823, 0.11102580794714483, 0.11638530828430943, 0.12209145850607668, 0.12815362638401723, 0.1345790895944317, 0.14137247537785855, 0.1485351378649395, 0.15606448931421382, 0.16395328423003144, 0.17218888026990548, 0.18075248441640515, 0.18961841785190545, 0.19875341892985646, 0.20811602754558053, 0.21765608051628968, 0.22731436871016103, 0.23702249172235948, 0.24670296203384776, 0.2562695925477304, 0.2656282103420818, 0.2746777169008125, 0.28331151547815714, 0.2914192990385126, 0.29888918451184276, 0.30561014935804615, 0.31147471357741974, 0.31638178264360495, 0.3202395541127425, 0.32296837150600494, 0.32450340281329887, 0.3247970166586981, 0.3238207344875105, 0.32156665140697566, 0.31804823656246645, 0.3133004557535766, 0.3073791863354247, 0.30035993749449397, 0.29233591694344857, 0.283415529415008, 0.2737194105107927, 0.2633771350372045, 0.2525237388978142]
2.7440709100495133	7.2939139886536095	[0.23869929734618064, 0.22783609522531587, 0.21685216327002546, 0.20586240748001958, 0.19497329758604093, 0.184281163916298, 0.17387095946187048, 0.1638154880258173, 0.15417508028978794, 0.14499767753375803, 0.13631927204208225, 0.1281646401438015, 0.12054830285857322, 0.11347564490316048, 0.10694413000138658, 0.10094455260021314, 0.09546227825285876, 0.09047843008370972, 0.0859709924888808, 0.08191580837333783, 0.07828745897143023, 0.0750600185177621, 0.072207686417415, 0.0697053001223237, 0.06752873964905282, 0.06565523273193803, 0.06406357508959998, 0.06273427648452291, 0.06164964719470043, 0.060793834617355845, 0.06015282280968566, 0.059714402415770376, 0.05946812118520469, 0.0594052199171836, 0.059518561414737194, 0.059802554886632456, 0.06025308113016864, 0.060867418993880325, 0.06164417669175075, 0.0625832270124575, 0.06368564868327918, 0.06495367187234426, 0.06639062911245874, 0.06800090883798202, 0.06978991204641709, 0.07176400862696508, 0.07393049318706775, 0.07629753631538312, 0.07887413044627645, 0.081670025648735, 0.08469565382847803, 0.08796203603925852, 0.09148067074080314, 0.09526339713898462, 0.09932223093381923, 0.10366916628724493, 0.10831594118142829, 0.11327376016910863, 0.1185529722198481, 0.12416269875210349, 0.1301104112051047, 0.13640145568891646, 0.14303852729921446, 0.1500210958853843, 0.15734479104124194, 0.16500075440409356, 0.17297497421433053, 0.18124761835407147, 0.18979238944401639, 0.19857592721957742, 0.20755729039380422, 0.2166875511527888, 0.22590954066345473, 0.2351577826777249, 0.24435865407861027, 0.25343080600127316, 0.2622858758318072, 0.27082951000340016, 0.27896270826804564, 0.2865834845095927, 0.2935888247615478, 0.29987690406716494, 0.30534950706602426, 0.30991457863078326, 0.31348881644161153, 0.31600020457074124, 0.31739038041871165, 0.3176167253779411, 0.3166540747742414, 0.3144959543776625, 0.31115526886293965, 0.3066643919647723, 0.30107463575920357, 0.29445510809824266, 0.28689099738607804, 0.2784813544373368, 0.2693364651092866, 0.2595749285915147, 0.24932056686071094]
2.7193495504995173	7.393397634964062	[0.2359054504494976, 0.2256596239850084, 0.21528178549633595, 0.20487807038447847, 0.1945473650344426, 0.18437973417711273, 0.17445525154244357, 0.1648432340989653, 0.15560187191832286, 0.14677821800081708, 0.13840850126544751, 0.1305187051417293, 0.12312536150341526, 0.11623649607345349, 0.10985267603213043, 0.10396810231688422, 0.09857170841768423, 0.09364822194417072, 0.08917916639106196, 0.08514377525044038, 0.08151981130064496, 0.07828427721701671, 0.07541402251231989, 0.07288624302366796, 0.0706788857698795, 0.06877096117273093, 0.06714277918306093, 0.06577611349068885, 0.06465431098461187, 0.06376235038105112, 0.0630868659089332, 0.06261613838438738, 0.06234006740415589, 0.062250124938324276, 0.06233930171674403, 0.06260204470842859, 0.06303419497199289, 0.06363292252091618, 0.0643966657391893, 0.06532507072207018, 0.06641893671068903, 0.06768016206245422, 0.06911169585914335, 0.07071748890127123, 0.0725024483234393, 0.07447238902417225, 0.07663398538562441, 0.07899471598069091, 0.08156280402801551, 0.08434714581541085, 0.0873572291617138, 0.09060303369113708, 0.09409491436310435, 0.09784345969291426, 0.10185932565537419, 0.1061530366347684, 0.1107347543375507, 0.11561400647717425, 0.12079937673570293, 0.12629814911286996, 0.1321159097786327, 0.13825610207995104, 0.1447195408192244, 0.1515038855724649, 0.15860308380690927, 0.16600678939627636, 0.17369977352107197, 0.1816613408091311, 0.1898647749205169, 0.19827683417382597, 0.20685732827708556, 0.21555880323508442, 0.2243263698398096, 0.2330977055326019, 0.2418032641456939, 0.25036671948495964, 0.25870566849038606, 0.26673260736989174, 0.2743561883400101, 0.28148274865373574, 0.28801809304674564, 0.2938694929100199, 0.2989478525978297, 0.30316997697397674, 0.30646086294241487, 0.308755927345668, 0.31000307817274414, 0.31016453574893105, 0.3092183143530071, 0.3071592867439952, 0.30399976771218845, 0.2997695760727055, 0.29451555515020916, 0.2883005618451944, 0.281201956103264, 0.2733096525559164, 0.26472381182049426, 0.25555227194654834, 0.24590782438065065]
2.6946281909495213	7.495117693347086	[0.23289067301805327, 0.2232782709403381, 0.21352454021057268, 0.20372678735358332, 0.19397618289970134, 0.18435632529603027, 0.17494214779947959, 0.16579917231423213, 0.15698310608391994, 0.14853975446607445, 0.1405052205238389, 0.1329063450391871, 0.1257613449091767, 0.11908059670103781, 0.11286752264209374, 0.10711952979234216, 0.10182896782137318, 0.09698406684742379, 0.09256983332485921, 0.08856887851588753, 0.08496217051744932, 0.08172969641218461, 0.078851036234127, 0.0763058443786368, 0.07407424741777412, 0.0721371595012831, 0.07047652813755992, 0.0690755139909963, 0.06791861859386585, 0.06699176383635909, 0.0662823364481146, 0.0657792002535957, 0.06547268780212186, 0.06535457251383638, 0.06541803103562119, 0.06565759524552044, 0.06606910178077528, 0.06664963702832621, 0.06739748389687818, 0.0683120671041554, 0.06939390204013027, 0.07064454301445024, 0.07206653494546189, 0.07366336358853741, 0.07543940753972338, 0.07739988654105102, 0.07955080861344234, 0.08189891005009371, 0.0844515901505654, 0.0872168342833436, 0.09020312656756924, 0.09341934538164069, 0.09687464249858332, 0.10057829881770275, 0.10453955720579694, 0.10876742546821334, 0.11327045005897889, 0.1180564541107699, 0.12313224112200281, 0.1285032592349398, 0.13417322909763935, 0.14014373269361188, 0.1464137689942468, 0.15297927760466087, 0.15983264047920315, 0.16696216803927125, 0.17435158521472596, 0.1819795299374081, 0.18981908566955558, 0.19783736682734218, 0.20599518413336443, 0.21424681367854198, 0.22253989971305613, 0.23081551636444028, 0.23900841658862687, 0.24704748924319417, 0.2548564441446281, 0.26235473435319817, 0.26945871942521077, 0.2760830598508255, 0.2821423236974713, 0.287552771627195, 0.2922342756946272, 0.29611231400872756, 0.29911997425065834, 0.3011998908499497, 0.302306036717981, 0.30240529065883437, 0.30147870541911703, 0.2995224116158762, 0.2965481047424556, 0.2925830818037838, 0.2876698117838101, 0.28186504882782304, 0.27523851554744994, 0.26787120832405137, 0.25985339013305647, 0.2512823551366528, 0.24226005334398862]
2.6699068313995253	7.59913952738508	[0.22962522157612839, 0.2206642706956076, 0.2115547820652499, 0.20238517864598315, 0.19323878529665373, 0.18419253239285296, 0.17531594813956491, 0.1666704427537057, 0.1583088870420197, 0.15027546256651933, 0.1426057644923682, 0.13532711691297805, 0.12845907005808666, 0.12201403208230978, 0.11599800301431387, 0.11041136551443088, 0.10524970573729574, 0.10050462689586095, 0.09616453866192093, 0.09221539546400717, 0.08864137751145426, 0.08542549771513408, 0.08255013754918937, 0.07999750302003877, 0.07775001035829635, 0.07579059783911476, 0.0741029771003438, 0.07267182302451616, 0.0714829169454213, 0.07052324294097834, 0.0697810517173425, 0.06924589130110843, 0.06890861784771601, 0.06876138462682217, 0.0687976209084534, 0.06901199749021059, 0.06940038897728573, 0.0699598283305759, 0.07068846234213139, 0.07158550253517136, 0.0726511789174633, 0.07388669028829827, 0.07529415750739706, 0.07687657281313275, 0.07863775074250254, 0.0805822732588903, 0.08271543389974405, 0.08504317315720249, 0.08757200924610968, 0.09030895615275229, 0.0932614325415301, 0.09643715319107835, 0.09984400608371284, 0.10348990676889543, 0.10738263289381769, 0.11152963077286536, 0.11593779703647543, 0.12061322797441548, 0.1255609403455192, 0.1307845577369415, 0.13628596779074367, 0.14206494680610665, 0.14811875959114865, 0.1544417346101117, 0.1610248259317791, 0.16785516663683997, 0.17491562970146243, 0.18218440633035488, 0.1896346225502705, 0.1972340092263114, 0.20494465029532352, 0.21272282810845805, 0.22051899229284275, 0.22827787158507915, 0.23593875251364307, 0.24343594005568284, 0.25069941595674, 0.2576556995092717, 0.2642289121010765, 0.27034203422455433, 0.27591833683932654, 0.28088295606045155, 0.28516457182080046, 0.28869714033369503, 0.2914216229347577, 0.293287648058933, 0.2942550396786067, 0.2942951472519517, 0.29339191452778773, 0.29154263501270483, 0.28875835009052797, 0.28506386408098394, 0.28049736257076113, 0.2751096434346152, 0.2689629820212937, 0.2621296754254007, 0.25469031829310645, 0.24673188201181848, 0.2383456684144182]
2.6451854718495293	7.705530869990074	[0.22607136648346648, 0.21778244578529993, 0.20934005979594406, 0.20082369705261358, 0.1923087071841441, 0.18386514937856996, 0.17555687569558076, 0.1674408587636802, 0.1595667639412968, 0.1519767543679553, 0.14470551077073826, 0.13778043970335524, 0.1312220413602816, 0.1250444039021526, 0.11925579261421519, 0.11385930141932024, 0.10885353858688733, 0.104233319878875, 0.09999034827432322, 0.096113861684739, 0.09259123629050006, 0.08940853519450294, 0.08655099772897522, 0.08400346596328243, 0.08175074957071543, 0.07977793034069407, 0.07807061112693543, 0.07661511314515616, 0.07539862809398291, 0.07440932993244366, 0.07363645302709498, 0.07307034126303673, 0.07270247417683812, 0.07252547382226934, 0.07253309733817488, 0.07272021779376192, 0.07308279707934345, 0.07361785227906825, 0.07432341816453664, 0.07519850623045041, 0.07624306193338838, 0.07745791970276723, 0.0788447565700161, 0.08040604328647914, 0.08214499310131787, 0.08406550649600653, 0.08617211148237164, 0.08846989728610054, 0.09096444055100547, 0.09366172150455608, 0.0965680288502569, 0.09968985056487167, 0.10303374914374011, 0.10660621839646703, 0.1104135203495746, 0.11446149958226076, 0.11875537393469454, 0.12329949959208032, 0.12809711040452956, 0.13315003075336004, 0.13845836345674029, 0.14402015412345123, 0.14983103592046065, 0.15588385912863711, 0.16216831276453572, 0.16867054637471823, 0.17537280320170956, 0.1822530769433532, 0.18928480727484892, 0.19643663010534623, 0.20367220081645623, 0.210950108720469, 0.21822390190592722, 0.22544224013419706, 0.2325491923497067, 0.2394846917783026, 0.24618515798676496, 0.2525842893672704, 0.25861402343305184, 0.2642056544680153, 0.2692910902724438, 0.273804221143873, 0.27768236625172293, 0.2808677550913328, 0.28330899564925366, 0.2849624767836626, 0.28579365032495196, 0.2857781394935488, 0.28490262370084674, 0.28316545690273914, 0.28057698563768196, 0.27715954518622954, 0.2729471250930285, 0.2679847103776664, 0.26232731837712125, 0.2560387656016029, 0.2491902098741779, 0.2418585234372856, 0.23412455795346296]
2.6204641122995334	7.81436193221262	[0.222179854184738, 0.21458693237000923, 0.20683812067030022, 0.19900392305868103, 0.1911515841063422, 0.18334408340716257, 0.17563931796669519, 0.16808948263366777, 0.1607406506360437, 0.15363254740674506, 0.14679850487258003, 0.14026557704730094, 0.13405479473926127, 0.1281815339120469, 0.12265597224343465, 0.1174836078951675, 0.11266581690764776, 0.10820042699317506, 0.10408228931667539, 0.1003038321021044, 0.09685558415782064, 0.09372665868904576, 0.09090519172229218, 0.08837873119741815, 0.08613457602438314, 0.0841600653356857, 0.08244282056697969, 0.08097094313322803, 0.07973317210778948, 0.07871900579568208, 0.07791879215133361, 0.07732379202868732, 0.07692621993126497, 0.0767192657168964, 0.07669710118540603, 0.07685487416708449, 0.07718869312136878, 0.07769560394792414, 0.07837356109663625, 0.07922139381385848, 0.0802387687746747, 0.08142614918152088, 0.08278475085948932, 0.08431649479143818, 0.08602395601963544, 0.08791030783115755, 0.08997926065435563, 0.09223499415949335, 0.09468208159176712, 0.09732540451053674, 0.10017005668166629, 0.10322123510968544, 0.10648411683707523, 0.10996371950463499, 0.11366474441740476, 0.11759140040661024, 0.12174720769373953, 0.126134780753463, 0.13075559031517434, 0.13560970474380823, 0.14069551246510034, 0.1460094275572769, 0.15154558235697904, 0.15729551173558995, 0.16324783568010995, 0.16938794788088157, 0.17569772010241744, 0.1821552332268395, 0.18873454773714718, 0.19540552721051957, 0.20213372964413587, 0.20888038145418464, 0.2156024490987403, 0.22225282199574287, 0.22878061888568021, 0.2351316268082845, 0.24124887842388199, 0.24707336863073057, 0.25254490619362735, 0.2576030899151727, 0.2621883925251977, 0.2662433288565323, 0.2697136786476815, 0.2725497287620543, 0.27470749513227116, 0.27614988190670536, 0.2768477341102165, 0.2767807413673615, 0.27593815336807886, 0.2743192735607082, 0.27193370490921703, 0.26880133122793987, 0.26495202786386957, 0.2604251071724242, 0.25526851508404774, 0.24953780614515841, 0.24329493319942486, 0.2366068958328749, 0.2295442962249396]
2.5957427527495374	7.9257055183603775	[0.21788401280213868, 0.21101572996800652, 0.20399192625830728, 0.19687406987301476, 0.18972116555445317, 0.18258889681216808, 0.1755289129063823, 0.16858827236984772, 0.16180904449925887, 0.15522806761569513, 0.14887685368755302, 0.14278162819539475, 0.13696348688957968, 0.1314386527444501, 0.1262188113406806, 0.12131150676245944, 0.11672057682888798, 0.11244661195415846, 0.10848741982520849, 0.10483848443691854, 0.10149340639095986, 0.09844431790586204, 0.09568226426633386, 0.09319754967481247, 0.09098004332016423, 0.08901944713744599, 0.08730552402634756, 0.08582829030559254, 0.08457817294704154, 0.08354613655187247, 0.08272378139307551, 0.08210341779862108, 0.08167811826016322, 0.08144175226810732, 0.08138900487534409, 0.08151538338855156, 0.08181721258899394, 0.08229162214433862, 0.08293652595186998, 0.0837505963257371, 0.08473323213877122, 0.08588452313770092, 0.08720520898981828, 0.0886966346678959, 0.09036070027436133, 0.09219980638729564, 0.09421679267307422, 0.09641487041750518, 0.09879754646730954, 0.10136853891739567, 0.10413168189737397, 0.10709081962680045, 0.11024968711036767, 0.11361177767161992, 0.11718019494385037, 0.12095748980629771, 0.12494548044877203, 0.1291450566885821, 0.13355596769263864, 0.1381765952955384, 0.1430037135105252, 0.14803223797140488, 0.1532549678353179, 0.15866232588081397, 0.16424210166417355, 0.16997920575152534, 0.17585544237801598, 0.18184931078195102, 0.1879358447718811, 0.1940865024162878, 0.20026911671482883, 0.20644791949792404, 0.21258364907172508, 0.2186337521890457, 0.22455268819125418, 0.23029234163734277, 0.23580254586909408, 0.24103171682391175, 0.24592759159818436, 0.25043806187501266, 0.2545120871759219, 0.25810066802906917, 0.2611578546302256, 0.2636417623288655, 0.26551556259668174, 0.266748415700538, 0.2673163115811402, 0.26720278572500694, 0.266399480696608, 0.26490652728432373, 0.2627327265604349, 0.25989551986524717, 0.2564207435254725, 0.25234217185656044, 0.24770086254677945, 0.24254432441483054, 0.23692553688621382, 0.2309018537619784, 0.22453383040275512]
2.5710213931995414	8.039637147852705	[0.21308922582095932, 0.20698097339132016, 0.20072076406770253, 0.19436097300760363, 0.1879522187749017, 0.1815426576005894, 0.17517737608205478, 0.16889791101179075, 0.16274188036610682, 0.1567427452326339, 0.15092967716051273, 0.1453275435775452, 0.13995697890179912, 0.13483454967361638, 0.12997297776646033, 0.12538142867851626, 0.1210658284737927, 0.11702921753434614, 0.11327210652612885, 0.10979284549222602, 0.10658797465629458, 0.10365257123821849, 0.10098056447637892, 0.09856503639363451, 0.09639848386500441, 0.09447306209665603, 0.092780787803608, 0.09131372388267893, 0.09006412583812275, 0.0890245725599353, 0.08818806298060362, 0.0875481012702831, 0.08709875281729158, 0.08683469316732438, 0.08675123252322452, 0.08684433714077902, 0.08711063037388683, 0.08754739367622498, 0.08815255038474697, 0.08892465148889295, 0.089862846285615, 0.09096685601903981, 0.0922369335310088, 0.09367382595495378, 0.09527872368436346, 0.09705321164074897, 0.09899920637437438, 0.1011188940881242, 0.10341465353182662, 0.10588897801785956, 0.10854438105152261, 0.11138329911211048, 0.11440797679689, 0.11762034730659295, 0.1210218944363937, 0.12461350869356964, 0.12839532495690084, 0.13236655419124008, 0.13652529824208906, 0.14086836040402115, 0.14539104279213638, 0.15008694367942557, 0.15494774821275875, 0.15996302635951415, 0.16512003415901666, 0.17040353287000612, 0.17579562480954225, 0.18127562096807254, 0.1868199416269928, 0.19240206489053804, 0.1979925260350923, 0.2035589812455576, 0.20906633905556699, 0.2144769700621589, 0.21975099695423886, 0.2248466704491066, 0.22972083003053942, 0.2343294481553263, 0.23862825205579227, 0.24257341345335476, 0.24612229471186045, 0.24923423305031478, 0.2518713462158189, 0.2539993337190735, 0.2555882539854148, 0.25661324683875647, 0.257055182225755, 0.2569012040748579, 0.25614515530259635, 0.25478785703004203, 0.2528372376319697, 0.25030829294793866, 0.24722288617657623, 0.24360937942697808, 0.23950211943275565, 0.2349407799500316, 0.22996959576115664, 0.22463649868262195, 0.2189921989747433]
2.5463000336495454	8.156235184275195	[0.20765231393060118, 0.20234988997948758, 0.1969028618450417, 0.19135443449135223, 0.18574667385780247, 0.1801199463748763, 0.17451242760910254, 0.16895970055203327, 0.1634944346990112, 0.15814616013390945, 0.15294112113879993, 0.14790221822088867, 0.14304901804900802, 0.13839783661938307, 0.1339618722210657, 0.12975139193991683, 0.12577394744079395, 0.12203462395615225, 0.1185362990807608, 0.11527991674725364, 0.1122647549374777, 0.10948869459740743, 0.10694847075250928, 0.10463991548070303, 0.10255817617418411, 0.10069792063580936, 0.09905351454688736, 0.09761918422176043, 0.09638915181403998, 0.09535775667934383, 0.09451955119635094, 0.09386938500857617, 0.09340246670560244, 0.0931144167389099, 0.09300130099648297, 0.09305965836344274, 0.09328651189869662, 0.09367937630038327, 0.09423625139174942, 0.09495561355009727, 0.09583639487972194, 0.09687796127096321, 0.09808007923258953, 0.09944288187269633, 0.10096682405087729, 0.1026526363539662, 0.10450126812469548, 0.10651382853995968, 0.1086915162698612, 0.11103554613967007, 0.11354706375708076, 0.11622705605188792, 0.11907624928250396, 0.12209500211525799, 0.1252831861118563, 0.12864006106141576, 0.13216413849733774, 0.13585304086201658, 0.13970335091805483, 0.14371045909905267, 0.1478684049138987, 0.15216972050567984, 0.15660527420951803, 0.16116412271780034, 0.16583337153647415, 0.17059805279735143, 0.17544102187377655, 0.18034288204041446, 0.18528194004910806, 0.1902342014587203, 0.195173409358596, 0.20007113401592333, 0.20489691688154152, 0.20961847399106237, 0.21420196079231255, 0.21861229962150153, 0.22281356922878773, 0.22676945255747516, 0.230443738586832, 0.2338008686685762, 0.2368065192242864, 0.23942820548749516, 0.24163589476916542, 0.24340260923169846, 0.24470500486239896, 0.24552390402427382, 0.24584476901861438, 0.24565809430235774, 0.2449597085894625, 0.24375096785545747, 0.24203883719260166, 0.23983584854804774, 0.23715994107793711, 0.23403417863713458, 0.2304863605416993, 0.2265485274762564, 0.2222563870023032, 0.21764866610814637, 0.21276642097383353]
2.5215786740995494	8.27558097213178	[0.20133555492581454, 0.1969023636918014, 0.19233666916745482, 0.18767238981140147, 0.182942823728049, 0.17818022988253818, 0.17341545718172988, 0.16867762734713931, 0.1639938753503379, 0.15938914914961133, 0.15488606846645972, 0.1505048406251377, 0.14626322992649157, 0.14217657585203927, 0.13825785444044142, 0.13451777661860617, 0.1309649169203216, 0.12760586602618693, 0.12444540071021254, 0.12148666519977382, 0.11873135844488764, 0.11617992246018051, 0.11383172755609805, 0.11168525102488142, 0.10973824651611495, 0.10798790204037843, 0.10643098512212486, 0.10506397420292556, 0.10388317583746932, 0.10288482764798516, 0.10206518728852161, 0.10142060793858504, 0.10094760098969648, 0.10064288672413839, 0.10050343381628189, 0.10052648852251794, 0.1007095943774728, 0.10105060318291983, 0.10154767797944494, 0.10219928862192418, 0.10300420046175723, 0.10396145655538881, 0.10507035369920782, 0.10633041251084871, 0.1077413416718587, 0.10930299638320932, 0.11101533100780779, 0.11287834583736996, 0.11489202788287535, 0.11705628558898169, 0.1193708773826653, 0.12183533401726447, 0.12444887474028749, 0.12721031742463568, 0.1301179829364969, 0.13316959419182833, 0.13636217056012404, 0.1396919185219814, 0.14315411976570266, 0.14674301821794855, 0.15045170784038867, 0.15427202337416615, 0.15819443657807689, 0.16220796085491743, 0.16630006749946646, 0.17045661708539678, 0.1746618097484703, 0.1788981582593199, 0.1831464878301307, 0.1873859664939355, 0.19159416966436738, 0.19574718205007266, 0.19981973951158616, 0.2037854126328601, 0.20761683281107665, 0.21128596047847684, 0.2147643937673767, 0.21802371445909685, 0.22103586656252558, 0.2237735613064087, 0.2262107008752779, 0.22832281183623, 0.23008747808570373, 0.23148476224778478, 0.23249760397269273, 0.23311218344401935, 0.23331823878111368, 0.23310932679996887, 0.23248301791080464, 0.23144101760593883, 0.22998920912236728, 0.22813761421478604, 0.2259002716041913, 0.2232950352978556, 0.2203432976489197, 0.21706964444693236, 0.21350145155694544, 0.20966843437982233, 0.20560216278383237]
2.4968573145495534	8.397758981829941	[0.1936815903636362, 0.19021555282110805, 0.18663566432504505, 0.1829663434815969, 0.17923179376159068, 0.1754557260882298, 0.17166110691967174, 0.16786993584775242, 0.16410305550313103, 0.1603799955927007, 0.15671885168456134, 0.15313619849398805, 0.1496470363894741, 0.14626476920685066, 0.14300121069786928, 0.1398666166029404, 0.1368697388797199, 0.13401789857756166, 0.1313170736678081, 0.12877199834568168, 0.12638627035390024, 0.12416246325683744, 0.12210224076303292, 0.12020647066441387, 0.11847533618697043, 0.11690844303849214, 0.11550492066040796, 0.11426351664898887, 0.11318268348600817, 0.11226065711255596, 0.11149552698705856, 0.11088529758443157, 0.11042794132918253, 0.11012144319476834, 0.10996383717346456, 0.10995323499451216, 0.11008784739034945, 0.11036599833300861, 0.11078613255133561, 0.11134681672648046, 0.11204673463429948, 0.11288467656935089, 0.11385952325352604, 0.11497022449024646, 0.11621577270317841, 0.11759517155938123, 0.11910739977286046, 0.12075137026261665, 0.12252588475435792, 0.12442958402370374, 0.1264608939226668, 0.12861796746496357, 0.13089862323526086, 0.13330028054790435, 0.13581989181250054, 0.13845387275922147, 0.14119803124495986, 0.14404749558911453, 0.14699664348569244, 0.15003903278617006, 0.1531673355609965, 0.1563732770948036, 0.15964758157559145, 0.1629799264544684, 0.16635890751609778, 0.1697720168461515, 0.1732056358631251, 0.17664504561300434, 0.18007445638060007, 0.18347705854392835, 0.18683509629058684, 0.19012996549693406, 0.1933423365811471, 0.19645230262382954, 0.1994395523878296, 0.2022835671789709, 0.20496383970433613, 0.20746011229141495, 0.20975263101532649, 0.21182241149470313, 0.2136515113980271, 0.2152233040603791, 0.21652274713513878, 0.21753663984997437, 0.2182538623385131, 0.21866559056432525, 0.21876548072122376, 0.21854981749198157, 0.21801762139252118, 0.2171707113466208, 0.21601371987955917, 0.21455405953325404, 0.21280184058250504, 0.21076974144531666, 0.20847283466958053, 0.20592837255973054, 0.20315553777578424, 0.20017516507327668, 0.19700944120699]
2.4721359549995574	8.52285696347564	[0.1835247483842819, 0.18121342661965392, 0.1788179493040179, 0.1763527196883316, 0.17383219318706444, 0.17127073632984718, 0.16868249466375257, 0.1660812715680497, 0.163480419486859, 0.16089274477829812, 0.15833042690715124, 0.15580495239772874, 0.15332706352877942, 0.1509067214864766, 0.14855308333274675, 0.1462744919565878, 0.14407847791575107, 0.14197177197620575, 0.13996032700016273, 0.138049347820107, 0.13624332767414074, 0.134546089836001, 0.13296083308684456, 0.1314901797833505, 0.13013622534341143, 0.1289005881039238, 0.12778445860236307, 0.12678864747155927, 0.12591363124572746, 0.1251595955014635, 0.12452647486388455, 0.12401398951063689, 0.12362167790279438, 0.1233489255456521, 0.12319498966530776, 0.12315901973154988, 0.12324007382770832, 0.1234371308857005, 0.12374909886535401, 0.12417481895182082, 0.12471306590145904, 0.12536254464359728, 0.12612188330345786, 0.1269896227761585, 0.12796420304638045, 0.12904394640537623, 0.13022703779355996, 0.13151150245043636, 0.13289518114575433, 0.13437570321965914, 0.1359504577688369, 0.137616563272364, 0.13937083607783812, 0.1412097581281755, 0.14312944445241924, 0.14512561090495818, 0.14719354279296362, 0.14932806498912413, 0.15152351428857752, 0.15377371471474433, 0.1560719566376755, 0.15841098049282568, 0.16078296603218972, 0.16317952793038226, 0.1655917186838229, 0.16801003958535674, 0.17042446063020383, 0.1728244499954301, 0.17519901375554198, 0.17753674621812285, 0.17982589122495396, 0.1820544144205525, 0.18421008639564748, 0.18628057621487626, 0.18825355470171404, 0.1901168064224617, 0.19185834915902025, 0.1934665592293256, 0.19493030088269567, 0.19623905760892785, 0.1973830631310068, 0.19835342955038088, 0.1991422701489095, 0.19974281417791817, 0.20014951113662416, 0.20035812202130213, 0.2003657953503067, 0.20017112590592995, 0.19977419460158508, 0.19917658815352804, 0.19838139781462621, 0.19739319678637146, 0.1962179965597833, 0.19486318281783144, 0.19333743215443788, 0.1916506111996976, 0.18981366028124028, 0.18783846397547177, 0.18573771130207065]
