I_value	Tstar	ystar
15.959999999999997	0.5525379362979634	[0.034982763115884566, 0.04001529628403343, 0.04610388064375633, 0.05350656042001043, 0.06254640193539165, 0.07362540350852706, 0.08723918460455643, 0.10399080673035815, 0.12460080608558187, 0.14990875988105484, 0.1808595047779412, 0.21846472897117877, 0.2637286733176558, 0.31752619499405577, 0.3804240988113671, 0.45244440516698803, 0.5327828320600968, 0.6195175860851624, 0.7093700418927478, 0.7976031744110966, 0.8781542579214017, 0.9440816105652597, 0.9883505376407243, 1.0048918482681906, 0.9897563565829253, 0.9420983863668178, 0.8646965145712168, 0.7637938794726322, 0.648210778843004, 0.5278999059286756, 0.4122972178451021, 0.3088901426743032, 0.22234548168383375, 0.15434408712162473, 0.10404212631234577, 0.06891177927751296, 0.045662210523328285, 0.031000441063528516, 0.022111395719569712, 0.01685521274537493, 0.013755758951923696, 0.01187698607171339, 0.010667701977206427, 0.00982341199887505, 0.009184237582088781, 0.008668832490484, 0.008235878827792035, 0.00786353928879231, 0.007539264373558364, 0.0072550141685310526, 0.0070050923452898385, 0.006785163091171936, 0.006591782132671628, 0.006422149383478752, 0.006273961048443399, 0.006145310853245538, 0.0060346189680595625, 0.005940578642490035, 0.005862115254345056, 0.005798354575931209, 0.005748598141636486, 0.005712304238280885, 0.005689073458094543, 0.005678638048354895, 0.005680854508581672, 0.005695699052445116, 0.00572326568415364, 0.005763766749705859, 0.00581753592055453, 0.005885033657594889, 0.00596685529256138, 0.006063741957000303, 0.006176594691069671, 0.006306492180954382, 0.00645471271092127, 0.006622761081448355, 0.00681240144768053, 0.007025697284352088, 0.007265059999192981, 0.00753330811598516, 0.0078337394559156, 0.008170219394424416, 0.008547289103220638, 0.008970298759759106, 0.009445572092999956, 0.009980610431418293, 0.010584346753500262, 0.011267463277113242, 0.01204279007538788, 0.012925807346217521, 0.013935280635036913, 0.015094066942322446, 0.016430140748071937, 0.017977903134647408, 0.019779854988268165, 0.02188873722333091, 0.024370267316372415, 0.02730663167709553, 0.03080092567106197]
15.919999999999998	0.5541886175183047	[0.03514123966943319, 0.040191984361336516, 0.046301284289147794, 0.05372735970137611, 0.06279334195647204, 0.07390109881624267, 0.0875458032365283, 0.10432959148360191, 0.1249713884879513, 0.15030823029302084, 0.18128122789249693, 0.21889694724834408, 0.2641530303668631, 0.3179164395376549, 0.3807453866448348, 0.45265376682463837, 0.532831452151882, 0.6193554531022473, 0.7089531764547327, 0.7969029753839739, 0.877167577904557, 0.9428392145635375, 0.9869210124647492, 1.003378280215994, 0.98828448619276, 0.9407973623900621, 0.8636761161770612, 0.7631240392000175, 0.6479093449061877, 0.5279324156107102, 0.41258864818449126, 0.30934468384627345, 0.22286802942134423, 0.1548573253640821, 0.10449548264322202, 0.06928187807166195, 0.04594718329714745, 0.031211623675107294, 0.02226552299382061, 0.016968888326713748, 0.013842571213607154, 0.011946714448801864, 0.010726739780392963, 0.009875647635367687, 0.009231926022939471, 0.0087132601131886, 0.008277796894961506, 0.00790341629279816, 0.007577420895983035, 0.0072916907558647805, 0.0070404827040718475, 0.006819430549933879, 0.00662506836033043, 0.006454579535466456, 0.0063056471848801435, 0.0061763544356581105, 0.006065112801635609, 0.005970608447666872, 0.005891760972605875, 0.005827691477510254, 0.005777697782967129, 0.005741235305025965, 0.005717902521703285, 0.005707430258641788, 0.005709674240991008, 0.005724610525983203, 0.005752333564148192, 0.005793056748405767, 0.005847115407990323, 0.0059149722950108214, 0.005997225701061537, 0.006094620434814296, 0.006208061994046406, 0.0063386343825697355, 0.006487622160288773, 0.006656537480626363, 0.006847153073073034, 0.007061542381326441, 0.007302128384339418, 0.007571743027899087, 0.007873699703213293, 0.008211881859142803, 0.008590851669076522, 0.009015983748221964, 0.009493630306021574, 0.01003132591813015, 0.010638042439238712, 0.01132450761639855, 0.012103604915034375, 0.012990877208527788, 0.01400516365043724, 0.015169407669214752, 0.016511685104454717, 0.018066515613721496, 0.01987653821145605, 0.02199465365692391, 0.024486762579659777, 0.02743525820918942, 0.030943464472722903]
15.879999999999999	0.5558491103173755	[0.03530066891949081, 0.04036970059839748, 0.04649979311103032, 0.05394933961498775, 0.06304153187001776, 0.07417810053089507, 0.08785376321692683, 0.10466971962968796, 0.12534326969540677, 0.15070889275526989, 0.18170395818581922, 0.21932989571893596, 0.2645777398619773, 0.31830655885747916, 0.38106598608376857, 0.45286182209110937, 0.5328781394222926, 0.6191908091357543, 0.7085333262851897, 0.796199463139811, 0.8761774127435746, 0.9415932925376268, 0.9854879950711573, 1.0018612625269891, 0.9868091733891015, 0.9394928739206617, 0.8626522677243699, 0.7624509059203632, 0.6476050189874839, 0.527962722951149, 0.4128788091987532, 0.30979900127696675, 0.2233913370225036, 0.15537208672224234, 0.10495081285444632, 0.06965408264731698, 0.04623413986405846, 0.03142451500292683, 0.022421029960283053, 0.01708363323729196, 0.013930199499654825, 0.012017072300756172, 0.01078627947526063, 0.009928301893731093, 0.009279979589068536, 0.008758017838234794, 0.008320020957761748, 0.007943581556878387, 0.007615851778353498, 0.007328630283906427, 0.007076126344947054, 0.0068539429934978855, 0.006658592396303916, 0.006487241280064018, 0.006337559543050861, 0.00620761962480228, 0.006095824312376754, 0.006000852629287042, 0.005921618349801256, 0.005857237867097359, 0.00580700525892424, 0.005770373048075122, 0.005746937581640956, 0.005736428252114684, 0.005738700003539968, 0.005753728734467599, 0.005781609343821655, 0.005822556277753293, 0.005876906533836413, 0.005945125170293023, 0.006027813457994319, 0.006125719906931522, 0.006239754501817729, 0.0063710065989683465, 0.006520767074899678, 0.0066905554836977285, 0.006882153184429264, 0.007097643653400913, 0.007339461513900855, 0.007610452217519143, 0.007913944821365858, 0.008253840957281938, 0.008634723925372118, 0.009061992921113175, 0.009542028796620758, 0.010082399558943127, 0.010692116147625346, 0.01138195207433717, 0.012164844461043062, 0.013056399151061606, 0.014075529230819733, 0.01524526490977595, 0.016593783763015266, 0.01815572441138006, 0.019973864379204582, 0.02210126461574673, 0.02460400916546522, 0.02756469818681787, 0.03108688402428045]
15.84	0.5575195006692322	[0.035461057745421555, 0.04054845208797873, 0.0466994143236934, 0.05417250736285738, 0.06329097868086554, 0.07445641521602905, 0.08816307035964445, 0.10501119586121495, 0.12571645285484068, 0.15111074841552652, 0.18212769436358575, 0.2197635702699123, 0.26500279462792475, 0.31869654267465214, 0.38138588395794326, 0.4530685553889855, 0.5329228766080355, 0.6190236361028105, 0.7081104733556253, 0.7954926204348091, 0.8751837464412977, 0.9403438298652766, 0.9840514720105126, 1.0003407824480586, 0.9853304054491756, 0.9381849075198755, 0.8616249543888197, 0.7617744630601735, 0.6472977829811485, 0.5279908093176218, 0.413167683505996, 0.31025308103852844, 0.22391539602855712, 0.15588836937884026, 0.1054081216985905, 0.07002840304708272, 0.046523093510782265, 0.03163912939528713, 0.022577930256238738, 0.017199459325909314, 0.014018653488050575, 0.012088067258618725, 0.010846327031154313, 0.00998137952684843, 0.009328402203926792, 0.008803109045757294, 0.008362554042564791, 0.007984037870299738, 0.007654559641929574, 0.0073658352469621454, 0.007112025660856535, 0.006888702730763329, 0.006692356478303255, 0.0065201367940875415, 0.006369700247564503, 0.006239108500663477, 0.006126755542412001, 0.006031313197759771, 0.0059516893702598215, 0.0058869957081845725, 0.005836522517094944, 0.005799719403798743, 0.005776180567565365, 0.005765633956090828, 0.0057679337254917295, 0.005783055613351355, 0.005811094969058302, 0.005852267298341368, 0.005906911277745386, 0.0059754942866159, 0.006058620594667253, 0.0061570424375923995, 0.006271674316585948, 0.00640361097561601, 0.006554149649103287, 0.006724817339883145, 0.006917404092250005, 0.007134003479242828, 0.007377061842137368, 0.007649438222729623, 0.00795447744058924, 0.008296099420846947, 0.008678908716186342, 0.009108329245774368, 0.009590770667570945, 0.010133834605274549, 0.010746571293030624, 0.011439800243681467, 0.012226512501101315, 0.013122377174018013, 0.014146381607323536, 0.015321643145051167, 0.01667644147370248, 0.018245534564722762, 0.02007183883210722, 0.022208575756672545, 0.024722013053866437, 0.02769495791119492, 0.03123119093287302]
15.8	0.5591998755383077	[0.03562241308217295, 0.04072824597611142, 0.0469001551907268, 0.05439687019028096, 0.06354168942865616, 0.07473604945863606, 0.0884737304874043, 0.10535402486142752, 0.1260909410818476, 0.15151379836450748, 0.182552435045265, 0.22019796667004102, 0.26542818733808266, 0.3190863805264246, 0.38170506688573613, 0.45327395091190886, 0.5329656462154084, 0.6188539157102497, 0.7076845994712583, 0.7947824299228265, 0.8741865629698669, 0.9390908119533447, 0.9826114298891075, 0.9988168272609997, 0.983848169618453, 0.9368734496250424, 0.8605941611371112, 0.7610946937897527, 0.6469876185300719, 0.5280166558750168, 0.41345525358985363, 0.31070690913129717, 0.22444019795284398, 0.15640617151610686, 0.10586741394956123, 0.07040484936038266, 0.046814057601116774, 0.031855481306457614, 0.022736237644516474, 0.017316378572646066, 0.014107942980710162, 0.012159707061502073, 0.010906888506650926, 0.01003488535929034, 0.009377197848583459, 0.008848537163322534, 0.008405399216268598, 0.008024788058312086, 0.00769354714094395, 0.0074033081702333, 0.007148183074114361, 0.006923712098819093, 0.006726362871267355, 0.0065532682807772635, 0.00640207144877406, 0.006270823168393279, 0.006157908558547176, 0.006061992187760412, 0.005981976042236803, 0.005916966987916446, 0.005866251528505516, 0.005829276331850402, 0.005805633432315981, 0.005795049321020022, 0.005797377359243916, 0.0058125931212737875, 0.005840792409030063, 0.005882191794201397, 0.005937131643008959, 0.006006081671044254, 0.006089649166581288, 0.006188590115586997, 0.006303823565514473, 0.006436449683408443, 0.006587772103207764, 0.006759325324954114, 0.006952908134245143, 0.007170624265457266, 0.007414931852049364, 0.007688703611036183, 0.007995300221684785, 0.008338660013479656, 0.008723408918377635, 0.009154995723565214, 0.009639859056999867, 0.010185634345337253, 0.010801411328169395, 0.011498055757189887, 0.012288612864651641, 0.013188815321184265, 0.014217725056579037, 0.015398546903527984, 0.016759663035867716, 0.018335951162167203, 0.020170466963871, 0.022316592791264363, 0.024840780280857355, 0.02782604374015747, 0.03137639186223694]
15.760000000000002	0.5608903228935577	[0.03578474192181439, 0.04090908946370866, 0.047102023026691794, 0.05462243538755281, 0.06379367118958788, 0.07501700987097679, 0.08878574943375611, 0.10569821130663176, 0.12646673746402995, 0.15191804364091058, 0.1829781787719701, 0.22063308058216446, 0.265853910532641, 0.3194760617919689, 0.3820235213074916, 0.45347799266344946, 0.5330064305595515, 0.6186816294859644, 0.7072556862844465, 0.7940688741422173, 0.8731858462279829, 0.9378342241718931, 0.9811678552964757, 0.9972893842261816, 0.9823624530908502, 0.9355584865748741, 0.8595598727885025, 0.7604115810970615, 0.6466745070829929, 0.5280402436048283, 0.4137415017760516, 0.3111604714291024, 0.22496573421509933, 0.15692549125804406, 0.10632869436355838, 0.07078343170427541, 0.04710704557148546, 0.03207358530007118, 0.022895966019283304, 0.017434403094104864, 0.01419807790725815, 0.012231999559046906, 0.010967970051143068, 0.010088824288400616, 0.009426370562540712, 0.008894305666587117, 0.008448559586856395, 0.00806583498264078, 0.00773281696304821, 0.007441051610230558, 0.007184601036799146, 0.006958973463319485, 0.006760613867726726, 0.006586637970152677, 0.006434675323124506, 0.006302765758651877, 0.0061892854526030255, 0.006092891658565252, 0.00601248039824647, 0.0059471537174209535, 0.005896194287951701, 0.00585904581549716, 0.005835298152245083, 0.0058246763208173015, 0.005827032880663489, 0.005842343240398336, 0.005870703656537989, 0.0059123317731490975, 0.005967569656908993, 0.006036889374890169, 0.006120901253794439, 0.006220365054626366, 0.006336204401107684, 0.006469524919060799, 0.0066216366838803015, 0.006794081741644948, 0.006988667675758915, 0.0072075084470265074, 0.007453074055832965, 0.007728250980038964, 0.008036415856531504, 0.008381525530972416, 0.008768227442122266, 0.009201995390429383, 0.009689297138988874, 0.010237802104772577, 0.010856639744765953, 0.011556722288315236, 0.012351149423619874, 0.013255717680713904, 0.014289563901543094, 0.015475980762031107, 0.016843453299224362, 0.018426979344478442, 0.020269754222422595, 0.022425321486963926, 0.024960316939623143, 0.027957962089530507, 0.03152249353416181]
15.720000000000002	0.5625909317228993	[0.03594805131475158, 0.041090989807792445, 0.04730502519834, 0.054849210291147754, 0.06404693107753898, 0.07529930309163746, 0.0890991330441048, 0.10604375986731225, 0.12684384506245913, 0.15232348523367134, 0.18340492401020578, 0.22106890756938277, 0.2662799566283046, 0.3198655757065449, 0.3823412335044951, 0.4536806644800046, 0.5330452117885691, 0.6185067587995676, 0.7068237153058047, 0.7933519355116259, 0.872181580018379, 0.9365740518156207, 0.9797207347593728, 0.9957584405422821, 0.9808732429876347, 0.9342400046151685, 0.8585220740450938, 0.7597251078304492, 0.6463584299326202, 0.5280615533240363, 0.41402641022602676, 0.3116137536516535, 0.22549199610344464, 0.1574463266338594, 0.10679196765197835, 0.07116416020830246, 0.04740207092580842, 0.03229345605019198, 0.02305712940974175, 0.017553545147441785, 0.014289068328379445, 0.012304952713902003, 0.011029577906605869, 0.010143201285572227, 0.009475924444694573, 0.008940418080058923, 0.008492038304030067, 0.008107181542036651, 0.0077723718298084755, 0.0074790681552333186, 0.0072212820311890686, 0.006994489218901601, 0.006795111788208167, 0.0066202481194067775, 0.006467514073539049, 0.0063349384279877225, 0.006220888341789567, 0.00612401369442165, 0.006043204495429092, 0.005977557932174089, 0.005926352814361811, 0.00588902986198206, 0.005865176727580296, 0.005854516953226403, 0.005856902289451753, 0.005872307976779899, 0.005900830728382703, 0.005942689267158789, 0.005998227371096232, 0.006067919474097216, 0.006152378961312019, 0.006252369393739728, 0.006368819001615959, 0.00650283890552132, 0.006655745664570314, 0.006829088920086746, 0.007024685110215474, 0.007244658487768708, 0.007491490995353077, 0.007768082957920937, 0.008077827068591835, 0.008424698801792654, 0.008813367231459032, 0.009249331317461335, 0.009739088124163188, 0.010290341247266487, 0.010912260074200082, 0.01161580355188476, 0.01241412609313065, 0.013323088385878775, 0.014361902512290005, 0.01555394934655699, 0.016927817164729204, 0.018518624305699904, 0.020369706110891464, 0.022534767668127554, 0.025080629181630187, 0.028090719434266245, 0.031669502729672276]
15.680000000000003	0.5643017920484751	[0.03611234838029451, 0.04127395433340273, 0.04750916913789173, 0.05507720229839511, 0.0643014762602278, 0.07558293580351755, 0.08941388719644452, 0.10639067523365468, 0.1272222669458986, 0.15273012413155554, 0.18383266922699293, 0.22150544320936824, 0.2667063180874866, 0.32025491159933617, 0.3826581899104234, 0.45388195040290713, 0.5330819722767256, 0.6183292852072445, 0.7063886681095718, 0.7926315963066676, 0.8711737477450276, 0.9353102795465675, 0.9782700540487347, 0.9942239827103094, 0.9793805259830916, 0.9329179899181961, 0.8574807498974683, 0.7590352573339918, 0.6460393688359288, 0.5280805660623941, 0.4143099609540622, 0.3120667410507735, 0.2260189742693327, 0.15796867505306433, 0.1072572380660306, 0.07154704476102108, 0.04769914712819277, 0.03251510832947617, 0.023219742011229404, 0.017673817168501707, 0.014380924464556055, 0.012378574618145809, 0.011091718414831551, 0.01019802139839802, 0.009525863653353502, 0.008986877976534626, 0.008535838558672251, 0.00814883067190923, 0.0078122144964929445, 0.007517360425186124, 0.007258228569732207, 0.007030261789209231, 0.006829858981301074, 0.0066541010130093965, 0.006500589929555705, 0.006367343359005003, 0.006252719368902811, 0.006155360404772606, 0.006074150415802372, 0.006008181692277608, 0.005956729151100357, 0.005919230502853388, 0.005895271182779758, 0.005884573240200981, 0.00588698760955241, 0.005902489360800438, 0.005931175665828508, 0.005973266332857233, 0.006029106862115742, 0.006099174069798804, 0.006184084419680478, 0.006284605297905996, 0.006401669571707771, 0.006536393892687356, 0.0066901013462732795, 0.006864349218622965, 0.007060962859991552, 0.007282076881273115, 0.007530185243147651, 0.007808202204529572, 0.00811953661407911, 0.008468182688346983, 0.008858831265663033, 0.009297006612404367, 0.009789235261332031, 0.01034325517635383, 0.010968275889499538, 0.011675303306314158, 0.012477546833978092, 0.013390931617842888, 0.014434745309142452, 0.01563245733582639, 0.01701275958863267, 0.0186108912977924, 0.020470328192939726, 0.02264493722216276, 0.025201723223691554, 0.028224322316566335, 0.03181742629832481]
15.640000000000004	0.5660229949394862	[0.036277640276853, 0.04145799039940381, 0.0477144623042571, 0.05530641882393374, 0.06455731391052057, 0.0758679146788685, 0.08973001773727786, 0.10673896203613546, 0.12760200608421854, 0.15313796116923212, 0.184261412657886, 0.22194268274302079, 0.26713298690024695, 0.3206440581673077, 0.382974376162746, 0.4540818335477489, 0.5331166934331618, 0.6181491894117571, 0.7059505257215973, 0.7919078387444404, 0.8701623333432157, 0.9340428930865546, 0.9768158002667136, 0.9926859984269616, 0.9778842893875703, 0.9315924284673903, 0.8564358843508001, 0.7583420115043205, 0.6457173041482788, 0.5280972619569309, 0.4145921358199499, 0.31251941939456024, 0.22654666026938697, 0.15849253488553855, 0.10772451063165915, 0.07193209575236094, 0.047998287909164036, 0.03273855703641637, 0.023383818091642247, 0.01779523166288324, 0.014473656618056344, 0.012452873452549383, 0.011154398003243592, 0.010253289750294844, 0.009576192410917797, 0.009033688982487183, 0.008579963587441066, 0.00819078534794007, 0.007852347754922905, 0.007555931074029891, 0.007295443197025308, 0.007066293628617225, 0.006864857825182042, 0.006688198964063652, 0.00653390514853601, 0.006399982761439558, 0.006284780703279135, 0.0061869339250990255, 0.006105320266999281, 0.006039027083098575, 0.005987325366514393, 0.0059496497944221, 0.005925583566903557, 0.0059148472281925005, 0.005917290889357198, 0.005932889447293132, 0.005961740534645915, 0.006004065051484073, 0.006060210231282923, 0.006130655288108141, 0.0062160197846872845, 0.006317074957659656, 0.0064347583419760435, 0.006570192156805632, 0.006724706056816678, 0.006899865022971679, 0.007097503375443447, 0.0073197661497779185, 0.007569159401140368, 0.00784861140990393, 0.008161547280276123, 0.00851198008506255, 0.008904622557055203, 0.009345024417147255, 0.009839741834621923, 0.01039654733212626, 0.011024690801550472, 0.011735225349225034, 0.012541415647541871, 0.013459251599737362, 0.014508096755740557, 0.01571150945314465, 0.01709828557289061, 0.018703785619308813, 0.02057162607936779, 0.022755836083686712, 0.02532360532926505, 0.02835877732388596, 0.031966271132494506]
15.600000000000005	0.5677546325290546	[0.036443934228657014, 0.041643105428805255, 0.04792091221705867, 0.055536867337522285, 0.0648144512483069, 0.0761542464261972, 0.09004753053609543, 0.10708862491317575, 0.12798306543988486, 0.153546997160657, 0.18469115250954235, 0.22238062138254536, 0.2675599550388431, 0.3210330041108355, 0.3832897779289043, 0.4542802970813334, 0.5331493567185372, 0.617966452130528, 0.7055092690989011, 0.7911806448494105, 0.869147320418994, 0.932771877724451, 0.975357960060271, 0.9911444750209721, 0.9763845203266008, 0.9302633062808081, 0.8553874616152342, 0.7576453524914878, 0.6453922163818762, 0.5281116210999102, 0.41487291641567886, 0.3129717740249968, 0.22707504519053, 0.159017904101173, 0.10819379011650282, 0.0723193234731444, 0.048299507033491576, 0.03296381719033478, 0.02354937207922528, 0.01791780130062424, 0.014567275239041973, 0.012527857521026985, 0.011217623197559643, 0.01030901154207559, 0.00962691500142511, 0.009080854774990313, 0.008624416670218925, 0.008233048584198082, 0.007892774432098992, 0.007594782788671905, 0.007332928489016218, 0.007102587221603425, 0.006900110727122636, 0.00672254431393018, 0.006567462015393717, 0.006432858871982843, 0.0063170745407079764, 0.0062187364169155775, 0.006136716182342663, 0.006070096215419582, 0.006018143554156784, 0.005980289818056188, 0.005956115953978279, 0.005945340988584444, 0.0059478142022100534, 0.005963510316117287, 0.005992527425758995, 0.006035087529613055, 0.0060915396054823275, 0.006162365280997235, 0.006248187238325017, 0.006349780590144716, 0.00646808757008811, 0.006604236001725196, 0.0067595621522247365, 0.006935638747711811, 0.0071343091365258125, 0.007357728845935803, 0.007608416102568011, 0.007889313296383383, 0.008203861887846827, 0.008556093920928097, 0.008950744153804317, 0.009393387910824641, 0.009890611166920839, 0.010450221195075089, 0.011081508463401639, 0.01179557352229442, 0.012605736581275654, 0.013528052602910692, 0.014581961366193563, 0.015791110474629517, 0.01718440017467052, 0.018797312626422456, 0.020673605440942693, 0.022867470249467513, 0.025446281825845688, 0.02849409110912368, 0.03211604419069359]
15.560000000000006	0.5694967980298516	[0.03661123753111394, 0.04182930691478213, 0.04812852646334101, 0.055768555371438856, 0.06507289554858046, 0.07644193779905771, 0.09036643149505272, 0.10743966852221293, 0.12836544798160118, 0.15395723291755312, 0.18512188698690066, 0.22281925435316138, 0.26798721452163704, 0.3214217382282223, 0.3836043810380493, 0.45447732439114863, 0.5331799438415282, 0.617781054292784, 0.7050648792852, 0.7904499965160824, 0.8681286921747107, 0.931497218088419, 0.9738965192707902, 0.9895993990614722, 0.9748812054207507, 0.9289306092662967, 0.854335466185287, 0.7569452629693343, 0.6450640865607162, 0.52812362384354, 0.4151522842147015, 0.3134237898171849, 0.2276041194590436, 0.1595447800123311, 0.10866508078965421, 0.07270873794417661, 0.048602818210308915, 0.033190903905234326, 0.023716418572383092, 0.018041538938200492, 0.014661790945888912, 0.01260353526438843, 0.011281400629303244, 0.010365192055342271, 0.009678035771817802, 0.00912837908212335, 0.008669201130269973, 0.008275623433278853, 0.00793349739037894, 0.007633918289200806, 0.007370687053244464, 0.007139145083006515, 0.006935620123759859, 0.0067571394325084185, 0.006601262842885983, 0.006465973954583028, 0.006349603103742524, 0.006250770068091335, 0.006168340321176006, 0.006101391225779663, 0.006049185833137728, 0.006011152680543298, 0.005986870443371174, 0.005976056618078666, 0.0059785596468063555, 0.005994354072571179, 0.0060235384556726465, 0.0060663358995952255, 0.006123097137627185, 0.006194306226774532, 0.006280588989288302, 0.006382724439632639, 0.006501659541326425, 0.006638527759463177, 0.006794672017310789, 0.006971672836904987, 0.00717138265344629, 0.007395967553503725, 0.007647958012709801, 0.007930310619380227, 0.008246483291656906, 0.008600527160368349, 0.00899719914086125, 0.009442100310818087, 0.009941846620954422, 0.010504280287252926, 0.011138732571525815, 0.011856351712629023, 0.01267051373021294, 0.013597338948580798, 0.014656343706905925, 0.015871265231237344, 0.017271108508614665, 0.01889147773546602, 0.020776272011259745, 0.02297984578166231, 0.025569759108639588, 0.02863027039479592, 0.032266752502305984]
15.520000000000007	0.5712495857489368	[0.036779557538826745, 0.04201660240682736, 0.0483373126817597, 0.05600149050262295, 0.06533265412137355, 0.07673099557331836, 0.0906867265224095, 0.10779209750678792, 0.128749156640206, 0.15436866918586392, 0.18555361419758806, 0.22325857674841806, 0.26841475719970626, 0.3218102491162635, 0.38391817108910364, 0.4546728986168354, 0.5332084362629512, 0.6175929766031844, 0.7046173371483767, 0.7897158755326693, 0.8671064317832776, 0.9302188988404619, 0.9724314638005713, 0.9880507571547432, 0.9733743312553665, 0.9275943231974593, 0.8532798823302824, 0.7562417253360405, 0.644732895438149, 0.5281332503210145, 0.4154302205441452, 0.31387545156665037, 0.2281338734681877, 0.1600731599269341, 0.10913838693820894, 0.07310034923094196, 0.048908235226155894, 0.03341983240498688, 0.023884972302770185, 0.018166457574091462, 0.014757214493199644, 0.012679915243849847, 0.011345737030465843, 0.010421836652954765, 0.00972955913450164, 0.009176265685763787, 0.008714320336630001, 0.008318512988222943, 0.007974519529031275, 0.007673340330190835, 0.00740872152997667, 0.007175969759039738, 0.006971388482015062, 0.006791986719076542, 0.006635309972384378, 0.006499330301154474, 0.006382368642353705, 0.0062830370934525565, 0.006200194869419142, 0.006132914276986359, 0.006080454348595814, 0.00604224051452307, 0.006017849160185628, 0.006006996239055534, 0.0060095293475187625, 0.006025422847684593, 0.006054775766732066, 0.006097812319785423, 0.006154885006852993, 0.006226480330245063, 0.006313227273099428, 0.006415908777612203, 0.006535476568641012, 0.006673069790217285, 0.006830038065647785, 0.007007969764020031, 0.007208726466539926, 0.007434484887162481, 0.007687787828645861, 0.007971606167069248, 0.008289414380385994, 0.008645282802767133, 0.009043990639379764, 0.00949116487205861, 0.009993451598450232, 0.010558728171274175, 0.011196366864625122, 0.011917563851336244, 0.01273575123525791, 0.013667115005793087, 0.014731248394130345, 0.01595197860582842, 0.01735841574331374, 0.01898628641869285, 0.020879631581650546, 0.023092968801709524, 0.025694043633263063, 0.028767321964353988, 0.03241840315734058]
15.480000000000008	0.5730130911036828	[0.03694890166722629, 0.042204999512443296, 0.0485472785643132, 0.056235680354425624, 0.06559373431351312, 0.07702142654895418, 0.09100842153447075, 0.10814591649889965, 0.12913419431194945, 0.1547813066507979, 0.1859863321599686, 0.22369858354285768, 0.2688425747757929, 0.32219852519673636, 0.3842311334847211, 0.4548670026892439, 0.5332348152344147, 0.6174021995715662, 0.7041666233913448, 0.7889782635648586, 0.8660805223427512, 0.9289369046091112, 0.9709627795409194, 0.9864985358903845, 0.9718638843643994, 0.9262544337424289, 0.8522206941579804, 0.7555347217882207, 0.6443986235527477, 0.5281404804638444, 0.4157067065595234, 0.3143267439334344, 0.2286642975119378, 0.16060304109055382, 0.10961371282812361, 0.07349416742427296, 0.049215771940337646, 0.033650618026564945, 0.02405504814100774, 0.018292570354043608, 0.014853556775677958, 0.012757006143634654, 0.011410639235250415, 0.010478950780271805, 0.009781489568298584, 0.009224518422363851, 0.00875977770476487, 0.00836172038309194, 0.008015843784753757, 0.007713051701181352, 0.007447034592658819, 0.007213063827724368, 0.007007418299513783, 0.00682708860270076, 0.006669605774276271, 0.006532930231972781, 0.006415373434320044, 0.006315539735168972, 0.006232282039951756, 0.006164667558497373, 0.006111951272078797, 0.006073555478867885, 0.00604905425564274, 0.006038161999957067, 0.006040725454782884, 0.006056718798607604, 0.006086241527515862, 0.006129518974940346, 0.006186905418921532, 0.006258889823121088, 0.006346104352526918, 0.006449335903216916, 0.006569540993086647, 0.006707864482814055, 0.006865662740028279, 0.007044532032406347, 0.00724634314675667, 0.00747328349301978, 0.007727908279776927, 0.008013202760926295, 0.008332658077086108, 0.008690363883048478, 0.009091121807322277, 0.009540584887659569, 0.010045429540800592, 0.010613568451011439, 0.011254415124365034, 0.011979213914301364, 0.012801453284008672, 0.013737385192292924, 0.014806680094896298, 0.016033255534155567, 0.017446327102363362, 0.019081744205406745, 0.020983690002391153, 0.023206845491622066, 0.02581914191712325, 0.028905252663654356, 0.03257100330798578]
15.440000000000008	0.5747874106380698	[0.037119277394004696, 0.0423945058986083, 0.04875843185782028, 0.05647113259807936, 0.06585614351007016, 0.07731323755148904, 0.09133152245708892, 0.10850113012073719, 0.1295205638607902, 0.15519514594026482, 0.18642003880858948, 0.22413926960060196, 0.2692706588173443, 0.32258655473497255, 0.3845432534557115, 0.4550596193594788, 0.5332590618285563, 0.6172087035384985, 0.7037127185654297, 0.7882371421499774, 0.8650509468476637, 0.9276512199409261, 0.9694904523143767, 0.9849427217905802, 0.9703498512032407, 0.9249109264698449, 0.8511578856513771, 0.7548242343739753, 0.6440612512767754, 0.5281452940274418, 0.415981723239317, 0.31477765140986785, 0.2291953817387538, 0.1611344206407336, 0.11009106266940943, 0.07389020262004281, 0.04952544227721506, 0.03388327622042011, 0.024226661100715047, 0.01841989057578958, 0.014950828832140755, 0.012834816773956316, 0.011476114182183472, 0.010536539966660577, 0.009833831619573616, 0.00927314118383819, 0.008805576697306366, 0.00840524879360616, 0.008057473132246478, 0.0077530552272062825, 0.00748562894841631, 0.007250429899368636, 0.007043712105048929, 0.0068624475426865734, 0.006704152648406274, 0.006566776096108342, 0.006448619785655001, 0.006348280263175905, 0.006264604073031596, 0.006196653286835901, 0.006143678801956997, 0.006105099759095265, 0.006080487907493672, 0.0060695560757000585, 0.00607215014551188, 0.006088244109027761, 0.006117937933256185, 0.006161458076642755, 0.006219160606649734, 0.006291536964456661, 0.006379222518026403, 0.006483008143673265, 0.00660385518427942, 0.006742914255174938, 0.006901548512941337, 0.007081362175783028, 0.007284235296164443, 0.007512366049129276, 0.007768322128361023, 0.008055103256284364, 0.00837621733975961, 0.00873577347227759, 0.009138595840086309, 0.009590363689570313, 0.010097783929745406, 0.010668804772310232, 0.011312881176122759, 0.012041305922971793, 0.012867624111582278, 0.013808153975394451, 0.01488264352792529, 0.016115101005831377, 0.0175348478653852, 0.019177856683041613, 0.02108845318384345, 0.023321482095191963, 0.025945060540687116, 0.029044069402289346, 0.03272456016999705]
15.40000000000001	0.5765726420395328	[0.03729069226639563, 0.04258512929989196, 0.04897078037287578, 0.05670785496248541, 0.06611988914502387, 0.07760643544374249, 0.09165603523909853, 0.10885774300115394, 0.129908268140512, 0.15561018765705226, 0.18685473204311542, 0.22458062975003104, 0.2696990008671457, 0.32297432599535497, 0.3848545162644894, 0.45525073144168143, 0.5332811571952971, 0.6170124688998818, 0.7032556032042118, 0.7874924926822201, 0.8640176879923928, 0.9263618289371878, 0.9680144674203379, 0.9833833008884456, 0.9688322178925934, 0.9235637868465258, 0.8500914409200268, 0.7541102454015426, 0.643720759226252, 0.5281476708531416, 0.4162552514171659, 0.31522815813438415, 0.22972711583210476, 0.16166729526420054, 0.1105704403369455, 0.07428846474255295, 0.0498372601463044, 0.03411782253656972, 0.02439982635646898, 0.018548431714265474, 0.015049041865845027, 0.012913356083490242, 0.01154216892026909, 0.010594609827905227, 0.00988658990290886, 0.009322137917639127, 0.008851720824022047, 0.00844910143716218, 0.008099410584297348, 0.0077933537689323365, 0.00752450733822875, 0.007288070616769451, 0.00708027245880433, 0.006898066028821535, 0.006738953024337182, 0.006600870271704752, 0.006482110030902321, 0.006381260975486316, 0.006297163236623144, 0.0062288737059359054, 0.006175639163785446, 0.006136875567747172, 0.00611215232041637, 0.006101180668091004, 0.0061038056235304125, 0.00612000098962362, 0.006149867206313274, 0.006193631863798045, 0.006251652830429743, 0.006324424041192779, 0.006412584088312753, 0.006516927854901565, 0.006638421541028859, 0.006778221554981713, 0.006937697887274382, 0.007118462758979485, 0.007322405548732691, 0.007551735266319504, 0.007809032170393523, 0.008097310543269402, 0.008420095162356858, 0.008781514678728609, 0.009186415971650519, 0.009640504649811673, 0.010150518288709926, 0.010724440824443402, 0.011371768890576386, 0.012103843946103003, 0.012934268002540607, 0.01387942587411764, 0.014959143466015632, 0.01619752006700165, 0.017623983371040774, 0.019274629500573123, 0.021193927100330807, 0.023436884922401827, 0.026071806152506018, 0.02918377915930051, 0.03287908102916762]
15.36000000000001	0.5783688841548209	[0.037463153887263234, 0.04277687750243684, 0.04918433196563047, 0.056945855213716354, 0.06638497867830422, 0.07790102709988087, 0.09198196582199543, 0.10921575973798334, 0.130297309943978, 0.15602643230537105, 0.18729040961756996, 0.2250226586162212, 0.2701275921968776, 0.32336182689708504, 0.38516490675722914, 0.45544032128179796, 0.5333010820053111, 0.6168134756249326, 0.7027952575448848, 0.7867442964609386, 0.8629807286132294, 0.9250687160485306, 0.9665348106100615, 0.9818202596105653, 0.9673109707239592, 0.9222130001867062, 0.849021343610376, 0.7533927365345093, 0.6433771273843814, 0.5281475903367591, 0.41652727175657284, 0.3156782483300077, 0.23025948971743093, 0.16220166193320645, 0.11105184995537272, 0.07468896390405388, 0.05015123959751598, 0.034354272645882304, 0.024574559204555126, 0.018678207372308738, 0.015148207208299415, 0.01299263314038243, 0.011608810602646416, 0.010653166066585899, 0.009939769103973277, 0.009371512629956133, 0.008898213644574552, 0.008493281575051647, 0.008141659193574902, 0.00783395022415824, 0.007563672538229474, 0.007325988656368405, 0.007117101953399433, 0.006933946582327195, 0.006774009362221228, 0.006635215166777842, 0.006515846533869356, 0.006414484198864088, 0.006329961827015046, 0.006261331087707611, 0.006207834610820358, 0.006168885144860066, 0.0061440497264415115, 0.006133038006209342, 0.006135694119916354, 0.00615199167836593, 0.006182031596436496, 0.006226042602855128, 0.006284384378409463, 0.006357553368296699, 0.006446191410457052, 0.0065510974215692895, 0.0066732424913451055, 0.006813788859635489, 0.006974113396219889, 0.007155836377787214, 0.007360856570122795, 0.007591393887919324, 0.007850041235258454, 0.008139827546369946, 0.008464294574253527, 0.008827590647255964, 0.009234585473825236, 0.009691011179585426, 0.010203636181749591, 0.010780480338862253, 0.011431082182227556, 0.012166832098007323, 0.013001389288813505, 0.013951205456719143, 0.015036184733099974, 0.016280517816833248, 0.01771373901283148, 0.019372068363490938, 0.02130011778412091, 0.023553060342234814, 0.026199385460650683, 0.029324388973028435, 0.03303457322938869]
15.320000000000011	0.5801762370067125	[0.03763666991178066, 0.04296975833994718, 0.049399094533020806, 0.05718514114942472, 0.06665141958932089, 0.07819701939797596, 0.09230932013134474, 0.10957518488788795, 0.13068769199057864, 0.1564438802743306, 0.18772706911717663, 0.22546535058713396, 0.27055642375727873, 0.3237490449422592, 0.3854744092648305, 0.4556283706302686, 0.5333188163010567, 0.6166117031033372, 0.7023316614015008, 0.7859925346282495, 0.8619400517262037, 0.9237718662310828, 0.9650514683459898, 0.9802535850853223, 0.9657860964334706, 0.9208585518064748, 0.8479475768894859, 0.75267168861309, 0.6430303348290634, 0.5281450311639431, 0.41679776458516077, 0.31612790628147786, 0.23079249366790863, 0.16273751808395268, 0.11153529608441036, 0.07509171054915825, 0.05046739490675613, 0.03459264237405628, 0.02475087506451224, 0.01880923126875683, 0.015248336306323551, 0.013072657123495002, 0.011676046482520524, 0.01071221447124085, 0.009993373980302452, 0.009421269387027033, 0.008945058769839377, 0.008537792513614473, 0.008184222053608489, 0.007874847528661676, 0.0076031273604592, 0.007364186728940374, 0.007154203214529433, 0.006970091756461567, 0.00680932415337089, 0.006669813219759446, 0.0065498316881473975, 0.006447952289323198, 0.006363002169300794, 0.006294027732501495, 0.006240267424468296, 0.006201130758400725, 0.006176182385376156, 0.006165130346820217, 0.006167817893403715, 0.006184218440911669, 0.00621443338114999, 0.006258692588184629, 0.006317357566863732, 0.006390927289126668, 0.006480046860245092, 0.006585519257443432, 0.006708320492785503, 0.0068496186765969165, 0.007010797603609977, 0.007193485659286785, 0.0073995910580084276, 0.007631344690068548, 0.007891352186030081, 0.008182657224726546, 0.008508818640525889, 0.0088740045595531, 0.009283107656490042, 0.009741886729487005, 0.010257141213731714, 0.010836927089340196, 0.011490825009496632, 0.01223027453859025, 0.013068992349661123, 0.014023497340563192, 0.015113772204003685, 0.01636409940713241, 0.017804120238543053, 0.01947017903303133, 0.02140703132439701, 0.02367001478132956, 0.026327805230984304, 0.029465905938933157, 0.03319104416993776]
15.280000000000012	0.5819948018134508	[0.037811248079834194, 0.043163779730461364, 0.049615076054034125, 0.05742572064467355, 0.06691921942761572, 0.07849441927644796, 0.09263810414169425, 0.10993602304575684, 0.13107941703174997, 0.15686253198950434, 0.18816470818644868, 0.2259087001594027, 0.27098548668913514, 0.3241359679343002, 0.38578300854531106, 0.4558148617719386, 0.5333343406983804, 0.6164071312125348, 0.7018647948242482, 0.7852371881468916, 0.860895639657947, 0.9224712632849653, 0.9635644256831438, 0.9786832631339696, 0.9642575809267228, 0.9195004269150271, 0.8468701245350077, 0.7519470835244066, 0.6426803616716007, 0.5281399726115003, 0.41706671014913366, 0.3165771155625715, 0.23132611687652463, 0.16327486003946162, 0.11202078240660944, 0.07549671460546388, 0.05078574017650537, 0.03483294761666104, 0.024928789550684997, 0.01894151734929544, 0.015349440812466265, 0.013153437376687128, 0.0117438839378227, 0.01077176092350995, 0.010047409360597597, 0.009471412312085568, 0.0089922598588311, 0.00858263760179191, 0.008227102296960083, 0.007916048654827411, 0.007642874651810136, 0.007402667578763949, 0.007191578900312534, 0.007006504136013898, 0.006844899919884418, 0.006704666899241527, 0.0065840679169653785, 0.006481667632084399, 0.006396286617432675, 0.006326965969255241, 0.0062729399145228975, 0.006233614704590464, 0.006208552585214015, 0.006197459974870212, 0.0062001792309639425, 0.00621668357127166, 0.006247074866508647, 0.006291584142925419, 0.006350574741134571, 0.006424548176470124, 0.006514152843318673, 0.006620195806640952, 0.006743658033821371, 0.00688571354487822, 0.007047753105543192, 0.00723141326362233, 0.007438611744010733, 0.007671590483831451, 0.007932967921782752, 0.008225802574662022, 0.008553670464727974, 0.00892075963720841, 0.009331985870967162, 0.0097931347932417, 0.010311037034489517, 0.010893784896611077, 0.01155100137992647, 0.012294175479217342, 0.013137081618321946, 0.014096306199693686, 0.01519191081311334, 0.016448270052318015, 0.017895132561774066, 0.019568967339550634, 0.02151467388281534, 0.02378775474209816, 0.02645707230825273, 0.02960833723407515, 0.03334850133375334]
15.240000000000013	0.5838246810049184	[0.037986896194471736, 0.04335894965167767, 0.0498322845617989, 0.05766760162069373, 0.06718838577801249, 0.07879323369475466, 0.09296832383062495, 0.11029827878743548, 0.13147248777356713, 0.15728238780061443, 0.1886033243597992, 0.22635270168254076, 0.2714147719481745, 0.3245225834557912, 0.3860906891068185, 0.45599977672558, 0.5333476355503636, 0.6161997395954819, 0.7013946376832761, 0.7844782378740742, 0.8598474747090106, 0.9211668910465399, 0.9620736677353963, 0.9771092796062455, 0.9627254100590574, 0.918138610568423, 0.845788970080373, 0.7512189028639285, 0.6423271877410176, 0.5281323937292562, 0.4173340885419229, 0.31702585966040225, 0.23186034849439707, 0.1638136841081176, 0.11250831261268318, 0.07590398603804684, 0.051106289584054276, 0.035075204382111244, 0.025108318418892245, 0.019075079713703414, 0.015451532529534998, 0.013234983378361466, 0.01181233045987453, 0.010831811397343141, 0.010101880148115942, 0.009521945589555908, 0.009039820622421021, 0.008627820234129252, 0.008270303097635935, 0.007957556613643184, 0.00768291729573622, 0.0074414339851267, 0.007229231702635129, 0.007043186338517472, 0.006880739215742783, 0.006739778704969763, 0.006618557674089505, 0.006515632642388364, 0.006429817554954668, 0.006360148156151645, 0.00630585441975194, 0.006266339308424768, 0.006241162642590477, 0.006230029203879724, 0.006232780448137219, 0.006249389392081871, 0.006279958387309483, 0.00632471961913606, 0.006384038275722277, 0.0064584184325727515, 0.006548511795140853, 0.006655129543527592, 0.0067792576336670185, 0.006922076034797961, 0.007084982530059794, 0.007269621883590362, 0.007477921393192872, 0.007712134114586942, 0.007974891376865436, 0.008269266628825298, 0.008598853187887886, 0.008967859140533219, 0.009381223508655914, 0.009844758906114984, 0.010365327336970986, 0.010951057626210809, 0.011611615347660262, 0.012358539179759181, 0.01320566157854114, 0.014169636760744916, 0.015270605549546281, 0.0165330350236998, 0.01798678155514116, 0.019668439174447407, 0.02162305168389884, 0.023906286791317895, 0.026587193602575693, 0.02975169010120287, 0.03350695226882521]
15.200000000000014	0.5856659782405779	[0.038163622123144975, 0.043555276142161474, 0.05005072814472787, 0.0579107920459347, 0.06745892626156928, 0.0790934696342841, 0.09329998517970683, 0.11066195667101145, 0.13186690687883235, 0.1577034479851394, 0.18904291506765436, 0.22679734936868726, 0.271844270319444, 0.3249088788878872, 0.38639743523126424, 0.4561830972690377, 0.533358680969228, 0.6159895076729469, 0.7009211696651766, 0.7837156645386126, 0.8587955391136626, 0.919858733339725, 0.9605791796327463, 0.975531620358993, 0.9611895696451085, 0.9167730877086671, 0.8447040968697888, 0.7504871279857723, 0.6419707926106951, 0.5281222733339194, 0.4175998796691958, 0.31747412192519975, 0.23239517758133935, 0.1643539865465305, 0.11299789038060787, 0.07631353484230967, 0.051429057382692295, 0.03531942879612679, 0.025289477571060148, 0.019209932619470963, 0.015554623413185167, 0.01331730474338105, 0.01188139365493292, 0.010892371960319787, 0.0101567913218113, 0.009572873466031263, 0.009087744824174116, 0.008673343851499577, 0.008313827671727492, 0.007999374455283228, 0.00772325821279784, 0.0074804887628426775, 0.00726716434765018, 0.007080141014732963, 0.0069168446272817406, 0.006775151168306343, 0.006653303444278644, 0.006549849765945191, 0.0064635973954475035, 0.00639357668106029, 0.006339013308336941, 0.006299306924111866, 0.006274014903221062, 0.006262840376382463, 0.00626562388947378, 0.0062823382550473645, 0.006313086307539334, 0.006358101398246923, 0.006417750574742481, 0.006492540489601837, 0.006583126181466035, 0.006690322973195574, 0.0068151218427660015, 0.006958708748476675, 0.007122488537647925, 0.00730811424515763, 0.007517522804591008, 0.007752978462573919, 0.008017125521463012, 0.00831305245677052, 0.008644369989106454, 0.00901530636918201, 0.009430824001676436, 0.00989676264558161, 0.010420015857936164, 0.011008749189205061, 0.011672671014202838, 0.012423369949389482, 0.01327473676540907, 0.014243493803821478, 0.015349861458074234, 0.016618399650448024, 0.01807907285129802, 0.019768600491230904, 0.021732171016154333, 0.024025617561294333, 0.026718176090650796, 0.029895971849986307, 0.03366640458944484]
15.160000000000014	0.5875187984278732	[0.038341433799573436, 0.04375276730328004, 0.05027041494850366, 0.058155299938083556, 0.06773084853762237, 0.07939513410045367, 0.0936330941767693, 0.11102706123951273, 0.13226267697069483, 0.15812571275368933, 0.18948347764480084, 0.22724263730552574, 0.2722739724365522, 0.32529484143729537, 0.3867032310092558, 0.4563648049802338, 0.5333674568683776, 0.6157764146784036, 0.7004443702904434, 0.7829494487315425, 0.8577398149992095, 0.9185467739085242, 0.9590809464419174, 0.9739502711869644, 0.9596500454221825, 0.9154038431723541, 0.8436154881088288, 0.7497517400755994, 0.6416111556654731, 0.5281095900456375, 0.4178640632435416, 0.31792188552827944, 0.23293059304393848, 0.16489576349730975, 0.11348951932728393, 0.0767253710149266, 0.05175405788979241, 0.03556563710108431, 0.025472283059855445, 0.01934609048760566, 0.01565872557690854, 0.013400411226731314, 0.011951081246717472, 0.010953448775402268, 0.010212147937611724, 0.009624200251266524, 0.009136036281166797, 0.008719211941810419, 0.008357679278045144, 0.008041505269693395, 0.007763900361213659, 0.007519834762781091, 0.007305379596288675, 0.007117370849147366, 0.00695321877368041, 0.00681078685271064, 0.006688307743758614, 0.006584321479403673, 0.006497628582994157, 0.0064272539620005955, 0.006372418978334466, 0.0063325199355334875, 0.006307111742362707, 0.0062958958643879745, 0.006298711928998845, 0.006315532541410635, 0.00634646102084734, 0.006391731891538125, 0.006451714072410763, 0.006526916810138124, 0.006617998498840685, 0.006725778631974522, 0.006851253243313191, 0.006995614320371828, 0.007160273821792653, 0.007346893108025929, 0.007557418811796006, 0.007794126443492057, 0.008059673362217254, 0.008357163165600756, 0.008690224086225396, 0.009063104662847422, 0.009480790823593956, 0.009949149632082639, 0.010475106378749556, 0.011066863543020493, 0.01173417252929562, 0.012488672147506569, 0.01334431176633385, 0.014317882163527423, 0.015429683640214837, 0.016704369320753584, 0.01817201214416881, 0.019869457306835314, 0.021842038233473693, 0.02414575375135472, 0.026850026817341638, 0.030041189858702584, 0.03382686597798292]
15.120000000000015	0.589383247741131	[0.03852033922945134, 0.04395143130549738, 0.05049135318295431, 0.05840113337150596, 0.06800416031182291, 0.0796982341314997, 0.0939676568258974, 0.11139359703313259, 0.1326598006490445, 0.15854918227383463, 0.18992500936657042, 0.2276885595113515, 0.2727038688629943, 0.32568045825017, 0.3870080604886451, 0.45654488141385574, 0.5333739431484106, 0.6155604398206674, 0.6999642190101436, 0.7821795708950847, 0.8566802842430162, 0.9172309961523887, 0.9575789528334782, 0.9723652175102079, 0.958106822853829, 0.9140308616762726, 0.8425231270357226, 0.74901272044218, 0.6412482564032514, 0.5280943224905662, 0.4181266188244349, 0.31836913334173333, 0.23346658341189078, 0.165439010740199, 0.1139832027993904, 0.07713950441641533, 0.05208130542042851, 0.035813845640429075, 0.025656751099416644, 0.019483567920975796, 0.015763851308007663, 0.013484312734078545, 0.012021401082188847, 0.011015048103662679, 0.01026795512959301, 0.009675930318714282, 0.009184698864324208, 0.008765428040307183, 0.008401861218432885, 0.008083952186921286, 0.007804846737203384, 0.0075594748722183185, 0.0073438802446202855, 0.007154878560342342, 0.006989864307338318, 0.00684668835412464, 0.006723573120616599, 0.006619050290755142, 0.006531913592593363, 0.0064611824475653435, 0.006406073858110674, 0.006365980756690661, 0.006340455565271529, 0.006329198069852276, 0.006332046970696867, 0.006348974662450348, 0.006380084951059511, 0.006425613540670648, 0.006485931233591707, 0.006561549887744618, 0.0066531312751930555, 0.006761499088043638, 0.00688765444989181, 0.0070327954179415, 0.007198341109669037, 0.007385961266356881, 0.0075976122837138685, 0.007835581009300586, 0.00810253794306952, 0.008401601900857788, 0.008736418736770694, 0.009111257402262981, 0.009531127490488489, 0.010001923530170456, 0.010530602726609524, 0.011125404692772026, 0.011796124092349801, 0.012554450185293553, 0.013414391222743873, 0.014392806730838472, 0.015510077256298445, 0.016790949484121277, 0.018265605191505944, 0.019971015704482037, 0.021952659758348574, 0.024266702131465402, 0.02698275289975231, 0.030187351578815098, 0.03398834419001834]
15.080000000000016	0.5912594336401139	[0.03870034648562764, 0.04415127638269497, 0.05071355111545793, 0.0586483004696862, 0.06827886932751047, 0.08000277678855072, 0.0943036791356416, 0.11176156857439992, 0.13305828047046475, 0.15897385664121266, 0.1903675074057152, 0.22813510987065513, 0.2731339499986732, 0.3260657162833065, 0.3873119075092486, 0.4567233079082767, 0.5333781194985493, 0.6153415621167156, 0.6994806951161703, 0.7814060113527962, 0.8556169286428792, 0.9159113834176335, 0.9560731834290124, 0.9707764446784215, 0.9565598872923149, 0.9126541277794272, 0.8414269966954862, 0.7482700501878127, 0.6408820741248045, 0.5280764491202271, 0.41838752581984495, 0.31881584810315394, 0.23400313709424503, 0.1659837239549819, 0.11447894408008066, 0.07755594489706727, 0.0524108143412374, 0.036064070865965615, 0.02584289805212998, 0.019622379688200856, 0.01587001305648124, 0.013569019316802731, 0.012092361130923835, 0.011077176305803987, 0.010324218112129616, 0.00972806810757017, 0.009233736500136602, 0.00881199573097458, 0.008446376838935031, 0.008126718378124153, 0.007846100375887313, 0.007599412015661221, 0.007382669124617842, 0.00719266690171159, 0.007026783914551902, 0.006882858301614329, 0.006759102155411084, 0.006654038739915103, 0.006566454930715981, 0.006495364617454097, 0.006439980406853445, 0.006399691832196761, 0.006374048807678111, 0.0063627494251368025, 0.006365631448955238, 0.006382667059910905, 0.00641396055259472, 0.006459748818089941, 0.006520404554190274, 0.006596442247346066, 0.0066885270702011865, 0.006797486941788547, 0.0069243281098187335, 0.007070254741977965, 0.007236693162463208, 0.0074253215490803085, 0.007638106124859167, 0.007877345148496267, 0.008145722345519392, 0.008446371846760472, 0.008782957238165785, 0.009159768009387385, 0.00958183756110454, 0.010055088048615768, 0.010586508774606925, 0.01118437669125785, 0.011858529952375817, 0.01262070852555644, 0.01348497982982335, 0.01446827245269835, 0.015591047524899182, 0.016878145650594964, 0.018359857813862495, 0.020073281832344768, 0.02206404208016086, 0.0243884695400733, 0.027116361524533616, 0.030334464531658743, 0.034150847050312676]
15.040000000000017	0.5931474648879674	[0.038881463687610245, 0.044352310808637906, 0.05093701704427464, 0.05889680937537071, 0.06855498333253673, 0.08030876911857213, 0.09464116707649343, 0.11213098031651714, 0.1334581188802289, 0.15939973578271396, 0.1908109686875259, 0.2285822819149389, 0.27356420575574597, 0.3264506018470934, 0.3876147551005009, 0.45690006485834694, 0.5333799646150919, 0.6151197596844642, 0.6989937772828393, 0.7806287502791285, 0.8545497304315967, 0.9145879200388571, 0.9545636241729466, 0.9691839393208312, 0.9550092249012976, 0.9112736260756189, 0.8403270793414113, 0.7475237090478927, 0.6405125866483791, 0.5280559472649712, 0.41864676317961147, 0.3192620127840108, 0.234540243219851, 0.16652989971943635, 0.11497674726450664, 0.07797470289655369, 0.05274259937823097, 0.03631632942763159, 0.026030740400112322, 0.019762540657332635, 0.0159772233759469, 0.013654541135061652, 0.012163969468310372, 0.011139839838013189, 0.010380942181695071, 0.009780618126423526, 0.009283153174304707, 0.008858918649616567, 0.008491229532301539, 0.008169807057637353, 0.007887664353049386, 0.007639649156392023, 0.007421749105537098, 0.00723073866270556, 0.007063980316643756, 0.006919299358396162, 0.006794897462105297, 0.006689289399571588, 0.006601255136074276, 0.0065298029831687525, 0.006474141115198732, 0.006433655637837939, 0.006407893936285023, 0.006396552393445052, 0.006399467828941791, 0.006416612206321738, 0.006448090310726445, 0.006494140227229647, 0.006555136561297334, 0.006631596445314822, 0.0067241884753174415, 0.006833744825761631, 0.006961276903037414, 0.00710799502642922, 0.0072753327751174995, 0.007464976819556169, 0.007678903274927294, 0.007919421885585915, 0.008189229687987892, 0.008491476225444428, 0.008829842926832882, 0.009208639946347855, 0.009632924635613114, 0.010108646938961784, 0.010642828440033027, 0.011243783636984132, 0.01192139440566, 0.012687451679999068, 0.013556082333295557, 0.0145442843282271, 0.01567259971834329, 0.016965963385426414, 0.01845477588824891, 0.020176261895990862, 0.022176191746174044, 0.024511062873378963, 0.02725085993514991, 0.030482536293395944, 0.034314382435164485]
15.000000000000018	0.5950474515736177	[0.039063699048013954, 0.04455454294954092, 0.051161759357250015, 0.05914666831530262, 0.06883251015012165, 0.0806162182324184, 0.09498012666963142, 0.11250183675109429, 0.13385931835538603, 0.15982681966316448, 0.19125539020335877, 0.22903006930135833, 0.2739946262692805, 0.3268351016070516, 0.38791658679594776, 0.45707513329015076, 0.5333794578730733, 0.6148950112233896, 0.6985034444765441, 0.7798477676611488, 0.8534786710641488, 0.9132605890289485, 0.9530502593870884, 0.9675876865442281, 0.9534548208558059, 0.9098893409961617, 0.8392233578987158, 0.7467736779579236, 0.6401397730138081, 0.5280327950020918, 0.4189043098434276, 0.31970760961314504, 0.23507788972080115, 0.16707753333867054, 0.11547661541434745, 0.07839578821768602, 0.053076675013706165, 0.03657063801998072, 0.026220294826033264, 0.019904065944729717, 0.016085495051374233, 0.01374088853735727, 0.012236234313199215, 0.011203045263745198, 0.010438132716504601, 0.009833584948935081, 0.009332952927116075, 0.008906200480059601, 0.008536422735090574, 0.008213221480764886, 0.00792954178341012, 0.007680189295087689, 0.007461123092803284, 0.007269096667940525, 0.007101456269266802, 0.006956014221317752, 0.006830961687711159, 0.006724804874981398, 0.00663631677956225, 0.006564500088091282, 0.006508558505440494, 0.00646787468091146, 0.006441993449231169, 0.006430609469411691, 0.0064335586073183135, 0.006450812605836214, 0.006482476742548971, 0.006528790303608386, 0.006590129814421027, 0.006667015070842574, 0.00676011811528704, 0.006870275406356076, 0.006998503543957385, 0.0071460190404155, 0.0073142627785378325, 0.007504929977989563, 0.007720006711435657, 0.007961814283977096, 0.008233063128983757, 0.008536918300435773, 0.008877079182011418, 0.009257876719648365, 0.009684392360263404, 0.010162604000683022, 0.010699565690126209, 0.01130362968059111, 0.011984721802993821, 0.012754684217389822, 0.013627703538706848, 0.014620847419323148, 0.015754739174889582, 0.017054408323138485, 0.018550365364446163, 0.02027996217737421, 0.0222891153836998, 0.02463448911122995, 0.027386255462086555, 0.030631574530134268, 0.034478958312980236]
14.960000000000019	0.5969595051304075	[0.039247060848835925, 0.044757981237039696, 0.05138778650156944, 0.0593978855669766, 0.06911145764278581, 0.08092513126565835, 0.09532056394308698, 0.11287414235550604, 0.13426188133472886, 0.1602551081827409, 0.19170076885200715, 0.22947846556621077, 0.27442520152624117, 0.32721920205614874, 0.3882173859369993, 0.45724849402529544, 0.5333765784402925, 0.6146672952343635, 0.6980096754852418, 0.7790630433366307, 0.8524037318784596, 0.9119293733105313, 0.9515330733157022, 0.9659876713713824, 0.9518966602227655, 0.9085012568311001, 0.8381158151212587, 0.7460199376647999, 0.6397636120703777, 0.5280069702267065, 0.4191601445798283, 0.32015262065812855, 0.23561606438033986, 0.16762661999255277, 0.11597855150784775, 0.07881921063926701, 0.05341305577361917, 0.036827013443154075, 0.026411578162151055, 0.020046970836769522, 0.0161948410363809, 0.013828072024424267, 0.012309164013311233, 0.01126679925159888, 0.010495795179689002, 0.009886973218290239, 0.009383139857533876, 0.008953844957490738, 0.008581959930346566, 0.008256964945982692, 0.007971735822503323, 0.0077210354714642776, 0.007500794029477579, 0.007307743778518849, 0.00713921456359804, 0.00699300562193929, 0.006867297513268319, 0.006760587804855472, 0.006671642465054131, 0.006599458508200964, 0.00654323513217148, 0.006502351500794131, 0.006476349876590697, 0.0064649231795344195, 0.006467906312607299, 0.0064852707945345, 0.006517122397216971, 0.006563701615006138, 0.006625386905599536, 0.006702700745988157, 0.006796318648129604, 0.006907081383718282, 0.00703601078129434, 0.007184329587993026, 0.007353486039276131, 0.007545183961025266, 0.007761419449222813, 0.008004525445372205, 0.008277225866381166, 0.008582701375798639, 0.008924669424758204, 0.009307481879001217, 0.009736244426020458, 0.010216963079596996, 0.010756724540217583, 0.01136391902268419, 0.012048516547127066, 0.01282241076056279, 0.01369984830787939, 0.014697966846455005, 0.01583747129371435, 0.017143486161530216, 0.01864663225782094, 0.02038438902621308, 0.022402819689752548, 0.024758755304733374, 0.027522555508082563, 0.030781586980441922, 0.034644582723776254]
14.92000000000002	0.5988837383559226	[0.03943155743996948, 0.044962634166252305, 0.05161510698115477, 0.0596504694550376, 0.06939183370724751, 0.08123551537122756, 0.09566248492110606, 0.11324790157755937, 0.13466581019697985, 0.1606846011465741, 0.19214710139850505, 0.2299274640710152, 0.27485592129788006, 0.3276028894344033, 0.3885171355835833, 0.45742012759021033, 0.5333713051969802, 0.6144365899644383, 0.6975124489035559, 0.7782745570307306, 0.8513248941857328, 0.9105942558486916, 0.9500120502752057, 0.9643838788727501, 0.9503347280400214, 0.9071093577337908, 0.8370044335223092, 0.7452624686087778, 0.6393840823512277, 0.5279784505606876, 0.41941424595687316, 0.320597027861549, 0.23615475491716045, 0.1681771548393605, 0.11648255853582384, 0.07924497998786358, 0.05375175627110275, 0.037085472623252694, 0.02660460739631193, 0.020191270789440514, 0.016305274451502927, 0.013916102248392681, 0.012382767045653352, 0.01133110857656982, 0.010553935120869957, 0.009940787648757275, 0.009433718124593218, 0.009001855869668448, 0.008627844648655573, 0.008301040795877273, 0.008014249667530993, 0.007762190765070048, 0.007540764897003079, 0.007346682892736811, 0.007177258027014714, 0.00703027632718214, 0.006903907654469058, 0.006796640861962741, 0.006707234829989563, 0.006634680852643132, 0.006578173582837323, 0.0065370886694830835, 0.0065109657809021325, 0.006499496082692661, 0.006502513505701264, 0.0065199893409242675, 0.006552029856438559, 0.006598876761950226, 0.006660910459880387, 0.006738656126150998, 0.006832792765606404, 0.006944165492209484, 0.0070738013985259945, 0.007222929508603872, 0.007393005459973606, 0.00758574174218408, 0.007803144540876872, 0.008047558510187649, 0.008321721137828262, 0.008628828796530577, 0.008972617118327239, 0.009357459017688358, 0.009788484568903478, 0.010271728068176108, 0.010814309054010955, 0.01142465591407761, 0.01211278309296839, 0.012890635986569811, 0.013772521559006368, 0.014775647788690201, 0.015920801534865848, 0.017233202661546754, 0.018743582649100532, 0.020489548859658695, 0.022517311430599388, 0.024883868575670143, 0.02765976754738936, 0.03093258145441823, 0.034811263778011386]
14.88000000000002	0.6008202654329456	[0.03961719724192676, 0.045168510298671236, 0.051843729359792166, 0.05990442835477909, 0.06967364627853945, 0.08154737772459462, 0.09600589563105993, 0.11362311884520716, 0.1350711072748166, 0.16111529828507953, 0.19259438450314012, 0.23037705804265288, 0.27528677519284317, 0.3279861497951832, 0.3888158185908919, 0.45759001429645113, 0.533363616807965, 0.614202873455408, 0.6970117431416067, 0.7774822883135456, 0.850242139175997, 0.9092552195190718, 0.9484871745143817, 0.9627762940564154, 0.9487690092690856, 0.9057136277509978, 0.8358891954702617, 0.7445012510491834, 0.639001162183227, 0.5279472134087755, 0.41966659232879716, 0.32104081296794806, 0.23669394887986897, 0.16872913290876312, 0.11698863941586697, 0.07967310608249603, 0.05409279117920117, 0.037346032604558786, 0.026799399674426988, 0.020336981434309523, 0.016416808590034433, 0.01400499001724238, 0.012457052019569082, 0.011395980122083654, 0.010612558177562527, 0.009995033026723285, 0.009484691948224312, 0.009050237057620251, 0.008674080468765003, 0.008345452417717628, 0.008057086557904545, 0.0078036582958077826, 0.007581038715714497, 0.007385916946586335, 0.007215589523590498, 0.007067829139821774, 0.006940794862149219, 0.006832966753620395, 0.006743096545864484, 0.0066701697642215195, 0.006613376478231337, 0.006572088792094262, 0.006545843757671458, 0.006534330770656192, 0.006537382780377943, 0.006554970846463714, 0.006587201735007203, 0.006634318378257327, 0.00669670313587414, 0.006774883900637231, 0.006869543193801096, 0.006981530501002337, 0.0071118782145062715, 0.007261821677709737, 0.007432823980016314, 0.007626606332541873, 0.007845185077441124, 0.008090916658288807, 0.008366552221514466, 0.008675303949366346, 0.009020925769014363, 0.009407811773451447, 0.009841116570927498, 0.010326902906545388, 0.010872323344643829, 0.011485844656923167, 0.012177525948789882, 0.012959364627965854, 0.013845728268026429, 0.014853895485167013, 0.016004735420840664, 0.017323563648967578, 0.01884122268618044, 0.02059544816422704, 0.022632597443819784, 0.025009836118686592, 0.027797899128091014, 0.031084565836145574, 0.03497900965916881]
14.840000000000021	0.6027692019506781	[0.0398039887481782, 0.04537561826460519, 0.05207366226363202, 0.06015977069464022, 0.06995690333242889, 0.08186072552603847, 0.09635080210557363, 0.11399979856865854, 0.13547777485735982, 0.16154719925763264, 0.1930426147276991, 0.23082724058418086, 0.2757177526750636, 0.32836896903264434, 0.389113417647872, 0.4577581342893848, 0.5333534917769347, 0.6139661235945226, 0.696507536459214, 0.7766862166041277, 0.849155447882447, 0.9079122470329933, 0.9469584301140995, 0.961164901768135, 0.9471994887255607, 0.9043140508065108, 0.8347700832303029, 0.7437362651475671, 0.6386148297793581, 0.5279132360260027, 0.4199171618562848, 0.32148395749445163, 0.2372336335831257, 0.16928254902681644, 0.11749679692697246, 0.08010359869029639, 0.05443617520878749, 0.03760871054426503, 0.026995972304576805, 0.020484118585886835, 0.01652945692509529, 0.014094746300224333, 0.012532027680465277, 0.01146142088246808, 0.010671670076859404, 0.010049714211925156, 0.00953606561022987, 0.009098992416473276, 0.008720671018325979, 0.008390203244139617, 0.00810024977589108, 0.007845441224553463, 0.007621618545437106, 0.007425448914338794, 0.00725421195466781, 0.0071056668990508625, 0.006977961922844272, 0.006869568222244563, 0.006779230318777734, 0.00670592791994247, 0.006648846473037576, 0.006607354507405482, 0.006580986435916242, 0.006569429868631688, 0.006572516763850324, 0.006590217946116297, 0.006622640681362124, 0.006670029131600864, 0.006732767626329722, 0.006811386793244673, 0.006906572693715311, 0.007019179214688515, 0.007150244084086497, 0.00730100900742823, 0.007472944576187969, 0.007667780781401675, 0.007887544189106067, 0.008134603109704767, 0.008411722436909463, 0.008722130263543853, 0.009069598926951326, 0.009458543829317063, 0.009894144260961246, 0.010382491583377338, 0.010930771575621319, 0.011547489605689286, 0.01224274967725529, 0.013028601473892126, 0.013919473469768748, 0.01493271523630666, 0.016089278537871343, 0.017414575015778193, 0.018939558585588063, 0.020702093497365806, 0.022748684639986378, 0.025136665203096844, 0.02793695787404148, 0.03123754808576255, 0.03514782862596856]
14.800000000000022	0.6047306649267901	[0.039991940537403056, 0.04558396677686086, 0.05230491439629836, 0.06041650497271686, 0.07024161290338139, 0.08217556602038345, 0.09669721040498079, 0.11437794516770139, 0.13588581522650095, 0.161980303704919, 0.19349178861444896, 0.2312780047946281, 0.2761488432405123, 0.32875133312956284, 0.38940991560136745, 0.4579244679358816, 0.5333409088583501, 0.6137263184811239, 0.6959998071951283, 0.7758863211695416, 0.8480648008921587, 0.9065653203732811, 0.9454258002545834, 0.9595496859760024, 0.9456261505924523, 0.9029106105997337, 0.8336470792786664, 0.7429674915777419, 0.6382250639170507, 0.5278764960218822, 0.420165932677085, 0.32192644254543684, 0.23777379566844875, 0.16983739728574612, 0.11800703323655308, 0.08053646719540516, 0.05478192293236471, 0.037873523655696885, 0.027194342768109267, 0.020632698277275215, 0.0166432331442194, 0.014185382251770825, 0.012607702922926206, 0.011527437968688171, 0.010731276637250875, 0.010104836137653497, 0.009587843454039102, 0.009148125895212801, 0.008767619973770586, 0.00843529675313909, 0.008143742646692188, 0.007887542753298392, 0.007662507485678017, 0.007465281808777489, 0.007293128259127303, 0.007143792480782995, 0.007015411659125581, 0.006906448045717823, 0.006815638889829152, 0.006741958031442714, 0.0066845862562882425, 0.006642888488343269, 0.006616396478682532, 0.006604796035809891, 0.006607918117345047, 0.006625733308961194, 0.006658349378232372, 0.006706011724190197, 0.006769106658850577, 0.006848167563018155, 0.006943884062065393, 0.007057114474120148, 0.007188901899004761, 0.007340494447473688, 0.007513370263667336, 0.007709268177351313, 0.007930225046334933, 0.008178621125826912, 0.00845723514604445, 0.008769311212175451, 0.009118640187580252, 0.0095096589151856, 0.009947571516447078, 0.010438498137759745, 0.010989657962854268, 0.0116095951693938, 0.012308458897876856, 0.01309835137279576, 0.013993762260976317, 0.015012112407196049, 0.016174436539729994, 0.017506242724470194, 0.019038596637368153, 0.0208094914930264, 0.02286558000903853, 0.025264363180186763, 0.028076951493227618, 0.03139153624901896, 0.03531772902322826]
14.760000000000023	0.6067047728259755	[0.04018106122317938, 0.04579356457341643, 0.052537494474391516, 0.06067463968503295, 0.07052778300524967, 0.08249190640863159, 0.09704512651572436, 0.1147575629475117, 0.13629523049209888, 0.16241461101290544, 0.1939419023325402, 0.23172934323592695, 0.27658003563424816, 0.32913322706337106, 0.3897052940296214, 0.4580889941232604, 0.533325845256772, 0.6134834348326343, 0.695488532783151, 0.775082581152939, 0.8469701796318205, 0.9052144232658587, 0.9438892703954778, 0.9579306328403221, 0.9440489804626501, 0.9015032909560918, 0.8325201648555283, 0.7421949088284382, 0.6378318409935856, 0.5278369692165775, 0.4204128822333448, 0.32236824967997124, 0.2383144230467, 0.1703936733475939, 0.1185193519292724, 0.08097172200100305, 0.055130049517688476, 0.03814048943647872, 0.027394528667759273, 0.020782736613102683, 0.01675815101316716, 0.014276909123481197, 0.012684086748524585, 0.011594038595898554, 0.010791383770718092, 0.01016040381778346, 0.00964002989214051, 0.009197641503025513, 0.008814931065427162, 0.008480736472221785, 0.008187568541908647, 0.007929966128123425, 0.007703708678228027, 0.007505418683497067, 0.007332341415426924, 0.007182208799460806, 0.007053146931198093, 0.006943609038793435, 0.00685232503634343, 0.00677826284604412, 0.006720598552257926, 0.006678693442724044, 0.006652076583637961, 0.006640431965814949, 0.006643589536410408, 0.006661519638361268, 0.006694330542664702, 0.006742268892656739, 0.0068057229956366636, 0.0068852290038428215, 0.0069814801307219, 0.007095339155687652, 0.007227854586992926, 0.007380280984082661, 0.007554104094757294, 0.0077510716467811885, 0.007973230858148325, 0.00822297400743884, 0.008503093751256838, 0.008816850309675616, 0.009168053188720994, 0.009561160804491514, 0.010001402259593168, 0.010494926654848925, 0.011048986769686304, 0.0116721658058987, 0.01237465828045078, 0.013168619224844672, 0.014068599791510062, 0.015092092417343043, 0.016260215135750627, 0.01759857279398545, 0.019138343188538406, 0.02091764884214839, 0.022983290597240122, 0.02539293745602237, 0.0282178877457605, 0.031546538419768934, 0.03548871923821678]
14.720000000000024	0.6086916455865415	[0.040371359521571615, 0.04600442049379602, 0.052771411312724156, 0.06093418341960542, 0.07081542173455697, 0.0828097539624248, 0.09739455648166562, 0.11513865625950814, 0.1367060228067046, 0.1628501206225205, 0.19439295214442012, 0.23218124863795905, 0.2770113188863153, 0.32951463625144894, 0.38999953512153307, 0.4582516924908975, 0.5333082789749137, 0.6132374500424381, 0.6949736909904656, 0.7742749754729148, 0.8458715646219085, 0.9038595379043463, 0.9423488241162093, 0.9563077267508814, 0.9424679627646498, 0.9000920754828601, 0.8313893219504227, 0.7414184967688578, 0.6374351388462259, 0.527794632357303, 0.420657988039625, 0.32280935967771074, 0.2388555022952251, 0.17095137141221764, 0.11903375536714397, 0.0814093727241814, 0.05548056979651246, 0.03840962539005049, 0.027596547806281554, 0.02093424996651574, 0.016874224556179433, 0.014369338381211865, 0.012761188323659443, 0.011661230102943985, 0.010851997483349177, 0.010216422340720486, 0.009692629399136836, 0.009247543303411902, 0.008862608072940393, 0.008526525974867869, 0.008231730876750463, 0.007972714636945459, 0.0077452253053193025, 0.007545862631399869, 0.007371854440393477, 0.0072209188071128225, 0.0070911706362018516, 0.006981054052624445, 0.006889291571614019, 0.006814845146701791, 0.0067568861206080705, 0.0067147721135886445, 0.006688029483592723, 0.0066763403874092785, 0.0066795337518046555, 0.006697579673035912, 0.006730586927283476, 0.0067788034095057886, 0.006842619435133777, 0.006922573946299403, 0.0070193637687803265, 0.0071338561736185415, 0.007267105114317907, 0.007420371642814789, 0.0075951491619667185, 0.007793194357270307, 0.008016564875844814, 0.008267665098803384, 0.008549301699685584, 0.008864751116710692, 0.0092178416160335, 0.00961305332024376, 0.010055640464074268, 0.010551781273326687, 0.011108762315223087, 0.011735206031252927, 0.012441352555583663, 0.013239409993848464, 0.014143991277919502, 0.015172660756205972, 0.016346620108691173, 0.017691571320357955, 0.019238804667041372, 0.021026572320541243, 0.023101823539700025, 0.02552239552939326, 0.02835977448807766, 0.03170256279126352, 0.035660807759799455]
14.680000000000025	0.6106914046412645	[0.040562844225316745, 0.04621654344965886, 0.05300667379125696, 0.061195144819700904, 0.07110453722986314, 0.08312911597865634, 0.09774550635155212, 0.11552122943643704, 0.13711819427833877, 0.1632868319034743, 0.19484493421583884, 0.23263371361199456, 0.27744268189208693, 0.3298955459678566, 0.39029262092153216, 0.4584125425381026, 0.5332881878813261, 0.6129883413717377, 0.6944552594450505, 0.773463482890416, 0.8447689361976578, 0.9025006462680477, 0.9408044447626442, 0.9546809518651586, 0.940883081721166, 0.8986769476280726, 0.8302545324448166, 0.74063823519566, 0.6370349352427869, 0.5277494620880752, 0.4209012274482444, 0.32324975309589904, 0.23939701973477354, 0.17151048543337347, 0.11955024572406629, 0.08184942888599943, 0.05583349860764828, 0.03868094911766801, 0.02780041814693379, 0.0210872549008757, 0.01699146798892995, 0.014462681664577667, 0.012839016962171889, 0.011729019949062473, 0.010913123878389793, 0.010272896874215414, 0.009745646516325706, 0.009297835417985609, 0.008910654828336143, 0.008572668883051866, 0.00827623311217802, 0.008015791611389067, 0.0077870605912927085, 0.007586616786196449, 0.007411670390580285, 0.007259925494584319, 0.007129485709327993, 0.007018785975774519, 0.0069265413458165035, 0.0068517077528264915, 0.0067934517571236345, 0.0067511272798578305, 0.0067242579470770305, 0.0067125240649959, 0.006715753529924944, 0.006733916187417917, 0.006767121320576083, 0.006815618083330032, 0.006879798812174776, 0.006960205257731224, 0.007057537882551852, 0.007172668479888305, 0.007306656485609007, 0.007460769488291023, 0.00763650859765323, 0.00783563951712586, 0.008060230392426732, 0.008312697786964253, 0.008595862482433218, 0.008913017239204353, 0.009268009201845232, 0.009665340333650142, 0.01011029015342133, 0.01060906618351913, 0.011168988972136208, 0.011798720417127572, 0.012508546511690604, 0.013310728703736516, 0.014219941999292272, 0.015253822978290988, 0.0164336573089233, 0.017785244469814214, 0.01933998757353774, 0.021136268779116514, 0.023221186048750814, 0.02565274497801587, 0.028502619656622544, 0.03185961763696332, 0.03583400315606442]
14.640000000000025	0.612704172939981	[0.04075552419985336, 0.04642994242010347, 0.05324329084961109, 0.061457532577458264, 0.07139513766431398, 0.08344999977057542, 0.09809798216796498, 0.11590528677786338, 0.13753174695036213, 0.16372474412522733, 0.19529784457337698, 0.23308673058929716, 0.27787411332642775, 0.33027594122933535, 0.39058453318825925, 0.4585715234640277, 0.5332655495501935, 0.6127360858179957, 0.6939332155673029, 0.7726480820345341, 0.84366227464374, 0.9011377303520711, 0.9392561157264113, 0.9530502923659875, 0.939294321510867, 0.8972578906966898, 0.8291157779802202, 0.7398541036021223, 0.6366312076351842, 0.5277014347720217, 0.4211425775933252, 0.3236894103400968, 0.23993896158961708, 0.1720710093110297, 0.12006882515867634, 0.08229190003520781, 0.05618885086650374, 0.03895447834556394, 0.028006157815886168, 0.02124176816254352, 0.01710989571081433, 0.014556950782327478, 0.012917582123991122, 0.01179741571467475, 0.010974769157999198, 0.01032983266732144, 0.00979908585350597, 0.009348522028036215, 0.008959075217362942, 0.008619168868416184, 0.008321078755954784, 0.008059200427751875, 0.007829217803496635, 0.007627684323251899, 0.007451792363068953, 0.007299231892301159, 0.007168095124549003, 0.00705680773491841, 0.006964077246682425, 0.006888853520934473, 0.006830298294341313, 0.006787761756940766, 0.006760764778931869, 0.006748985799192863, 0.0067522516733669, 0.006770531992199403, 0.0068039365474261695, 0.00685271575933118, 0.006917263998490096, 0.006998125842744375, 0.007096005416053489, 0.007211779064701038, 0.0073465117443287705, 0.007501477624655006, 0.007678185574474436, 0.007878410375823734, 0.008104230743029624, 0.00835807550216244, 0.00864277963496801, 0.00896165232872376, 0.009318559725517952, 0.009718025764462172, 0.010165355401339381, 0.010666785627680619, 0.011229671166903649, 0.011862713591000676, 0.012576244995112989, 0.013382580438590905, 0.014296457297190372, 0.015335584702965808, 0.01652133265409891, 0.01787959847825641, 0.01944189848066589, 0.02124674514287422, 0.023341385412607125, 0.025783993456800523, 0.02864643126565719, 0.03201771130782362, 0.03600831407101136]
14.600000000000026	0.6147300749732331	[0.04094940838564367, 0.04664462645405622, 0.05348127148950068, 0.061721355436356866, 0.0716872312481765, 0.08377241267050176, 0.0984519899704674, 0.11629083255424842, 0.13794668280731098, 0.16416385646581827, 0.19575167911791957, 0.2335402918411466, 0.2783056016719872, 0.33065580683272855, 0.39087525344004825, 0.45872861421723127, 0.5332403413075506, 0.6124806601473975, 0.6934075365775236, 0.7718287513767158, 0.8425515601342122, 0.8997707720825399, 0.9377038203553189, 0.9514157323924178, 0.9377016662414303, 0.8958348878747672, 0.8279730400243093, 0.739066081261494, 0.6362239332292647, 0.527650526523448, 0.421382015376402, 0.32412831161163563, 0.24048131391603164, 0.17263293682146086, 0.1205894957603186, 0.08273679571509805, 0.05654664155028106, 0.039230230922368665, 0.028213785105745265, 0.02139780668623156, 0.017229522309963267, 0.014652157716327973, 0.012996893418120143, 0.011866425103619831, 0.011036939624968387, 0.010387235051761217, 0.009852952090102545, 0.009399607375486783, 0.00900787318033514, 0.008666029653037014, 0.008366271363361684, 0.008102944507683972, 0.007871700252942319, 0.00766906846022336, 0.0074922234960938024, 0.0073388410708841115, 0.007207001895225053, 0.0070951222954425556, 0.007001902200095457, 0.006926285345240838, 0.00686742860214151, 0.006824678397326834, 0.006797552820901958, 0.006785728427428476, 0.0067890310215236475, 0.0068074299349354305, 0.006841035469723529, 0.006890099319937078, 0.006955017903333469, 0.007036338643843599, 0.007134769351655311, 0.007251190957149645, 0.00738667397344776, 0.00754249919626416, 0.007720183306096834, 0.00792151022473783, 0.008148569305673104, 0.008403801718611423, 0.008690056737925807, 0.009010660083310255, 0.009369497014310564, 0.009771113581871924, 0.010220840332642428, 0.010724943900970335, 0.01129081338083343, 0.011927190237233062, 0.01264445291125088, 0.013454970343842942, 0.014373542576912144, 0.01541795161579527, 0.016609652130563844, 0.017974639652762893, 0.01954454403463515, 0.0213580084125974, 0.02346242899716764, 0.025916148699765496, 0.02879121740928697, 0.03217685223442976, 0.036183749226789325]
14.560000000000027	0.6167692367962957	[0.041144505800888735, 0.04686060467315946, 0.05372062477779624, 0.061986622194465185, 0.07198082623230495, 0.08409636203360252, 0.09880753579991647, 0.11667787101223412, 0.1383630037819457, 0.16460416802195932, 0.19620643363968213, 0.233994389501216, 0.27873713525163296, 0.3310351273996319, 0.3911647630123056, 0.4588837935630492, 0.5332125403012432, 0.6122220409549255, 0.6928781995300567, 0.7710054692233469, 0.8414367726745196, 0.8983997532118551, 0.9361475418217213, 0.9497772559143202, 0.9361050998669207, 0.8944079222155952, 0.8268262999292739, 0.7382741473350363, 0.6358130891020491, 0.5275967132922242, 0.42161951749105636, 0.32456643686966813, 0.24102406252039993, 0.17319626152023318, 0.12111225946291061, 0.08318412540306011, 0.056906885665576, 0.039508224808619694, 0.02842331847795049, 0.02155538760254861, 0.017350362571181898, 0.01474831462789113, 0.013076960607056163, 0.011936055946084784, 0.011099641684687949, 0.010445109443334166, 0.009907249976261159, 0.00945109576381139, 0.009057052712945657, 0.008713255010171351, 0.008411814537901371, 0.008147027318863175, 0.00791451129495883, 0.007710772457700337, 0.007532966969671656, 0.007378756141770257, 0.007246209074720044, 0.007133732662056718, 0.007040019170700737, 0.006964006158267952, 0.0069048455883568005, 0.006861880091195859, 0.006834624952248574, 0.006822754824558435, 0.0068260944512077495, 0.006844612900672708, 0.006878420987000228, 0.006927771685446816, 0.006993063474137608, 0.007074846642099199, 0.007173832710760732, 0.0072909072259106774, 0.007427146296155609, 0.007583837388418563, 0.00776250504794484, 0.007964942397910351, 0.00819324950205574, 0.008449879955318236, 0.008737697417960143, 0.009060044248360712, 0.009420824944295502, 0.009824607805466536, 0.010276749124249642, 0.01078354535249408, 0.011352420151154624, 0.011992155098214257, 0.012713175225768002, 0.01352790362754255, 0.014451203308832906, 0.015500929469960721, 0.016698621794863297, 0.018070374373187925, 0.01964793095692912, 0.021470065666668762, 0.02358432424795475, 0.026049218522111832, 0.02893698626368256, 0.032337048929375986, 0.03636031742623914]
14.520000000000028	0.6188217860542665	[0.04134082555479295, 0.0470778862865131, 0.05396135986270479, 0.06225334172197732, 0.07227593092700749, 0.08442185525832355, 0.09916462572131039, 0.11706640640200763, 0.13878071179129248, 0.1650456778609511, 0.19666210389699332, 0.23444901568607035, 0.27916870240772285, 0.33141388762968105, 0.39145304339104686, 0.45903704048520516, 0.5331821239309119, 0.6119602050515563, 0.6923451815620951, 0.7701782137285769, 0.8403178918144141, 0.8970246547404213, 0.9345872623573644, 0.9481348459692515, 0.9345046056467856, 0.8929769764908417, 0.8256755392198043, 0.7374782814866088, 0.6353986529154723, 0.5275399714236196, 0.4218550606516281, 0.32500376568846623, 0.2415671925364856, 0.1737609762020699, 0.1216371175443661, 0.08363389814651415, 0.0572695980441371, 0.03978847800198332, 0.028634776565930078, 0.021714528272747727, 0.017472431513071218, 0.014845433884949622, 0.01315779362254233, 0.01200631620601154, 0.011162881847852225, 0.010503461342522776, 0.009961984332768745, 0.009502991557868073, 0.00910661786619347, 0.008760848764298897, 0.008457711931430602, 0.008191452375194733, 0.007957654329444643, 0.0077527996194999785, 0.007574026005935513, 0.007418980257583328, 0.007285719756805859, 0.007172641879231751, 0.007078431162375121, 0.00700201893134734, 0.006942552199306101, 0.006899369766984025, 0.006871984090348076, 0.006860067903497134, 0.006863444877316889, 0.0068820838126504805, 0.006916096037168285, 0.006965735814807328, 0.007031403697331109, 0.007113652858007902, 0.007213198554713424, 0.007330930980200736, 0.00746793187687131, 0.0076254954284287945, 0.007805154098331959, 0.008008710273251828, 0.008238274798830124, 0.00849631377744205, 0.00878570534919238, 0.009109808618181227, 0.00947254744202573, 0.00987851250702418, 0.010333086007126208, 0.010842594387409803, 0.011414496073311695, 0.012057612976870243, 0.012782416967350978, 0.013601385563403989, 0.014529445031789625, 0.015584524090034971, 0.016788247777978743, 0.018166809096937776, 0.019752066049717944, 0.021582924067225027, 0.023707078697135266, 0.026183210828241883, 0.029083746096234885, 0.032498309997688685, 0.036538027564700704]
14.480000000000029	0.6208878520032457	[0.041538376792679854, 0.047296480528297075, 0.05420348590382416, 0.06252152288376911, 0.07257255361690308, 0.08474889969215854, 0.09952326571624791, 0.1174564428466751, 0.1391998085639674, 0.16548838477361924, 0.19711868524588624, 0.23490416193608565, 0.27960029068018066, 0.3317920711514341, 0.3917400747138005, 0.45918833239693374, 0.5331490679513988, 0.611695127778762, 0.6918084588403197, 0.769346962894783, 0.839194897966516, 0.895645459492389, 0.9330229666065085, 0.946488487952816, 0.9329001684150707, 0.8915420337196515, 0.8245207382241991, 0.7366784611329807, 0.6349805997978859, 0.5274802752695769, 0.42208862068077385, 0.32544027796251856, 0.24211069032277258, 0.1743270752716008, 0.12216407279358842, 0.08408612412003984, 0.057634794204956034, 0.04007100884692168, 0.0288481781594867, 0.02187524614697323, 0.017595744242434316, 0.014943527961714059, 0.013239402513892145, 0.012077213963289181, 0.011226666730415766, 0.010562296341230704, 0.010017160058976734, 0.009555299190928202, 0.009156572752137116, 0.008808814795803078, 0.008503967248058445, 0.008236223240146383, 0.008001132803778656, 0.0077951532952366944, 0.007615403871414022, 0.0074595166141556805, 0.0073255370774516744, 0.007211853032774644, 0.0071171412196027765, 0.007040326675808704, 0.006980551420806118, 0.006937150392226081, 0.006909633191370876, 0.00689767061573777, 0.006901085253197947, 0.006919845632509574, 0.006954063596574403, 0.007003994705511209, 0.007070041598077438, 0.007152760351067239, 0.007252869984201393, 0.007371265369002546, 0.0075090339202798844, 0.0076674765844524685, 0.007848133797080048, 0.00805281727092656, 0.008283648705732408, 0.008543106794141149, 0.008834084250746391, 0.009159957033170091, 0.009524668481324472, 0.009932831806854876, 0.010389855262111196, 0.010902095462164632, 0.01147704579551305, 0.012123568730413979, 0.012852183220509326, 0.013675421482493897, 0.014608273343433724, 0.01566874136075262, 0.01687853627219501, 0.018263950343562742, 0.019856956177719542, 0.021696590838763474, 0.023830699938263183, 0.026318133581963592, 0.029231505230497796, 0.032660644095782586, 0.03671688858231411]
14.44000000000003	0.6229675655403842	[0.041737168769944454, 0.04751639674107871, 0.05444701216479453, 0.06279117464125164, 0.07287070267229773, 0.08507750275460717, 0.09988346182352555, 0.11784798451416638, 0.13962029586947716, 0.16593228760488102, 0.1975761731375725, 0.2353598199663576, 0.28003188790766265, 0.33216966205557036, 0.39202583775941646, 0.4593376475006036, 0.5331133489544783, 0.6114267851870949, 0.6912680078827547, 0.7685116944925278, 0.8380677705960644, 0.8942621486803729, 0.9314546372191136, 0.9448381653545196, 0.9312917717077089, 0.8901030766007626, 0.8233618779763653, 0.7358746650996547, 0.6345589064091182, 0.5274176002326643, 0.4223201735856677, 0.3258759528686252, 0.24265454089690772, 0.17489455160221384, 0.12269312667325386, 0.08454081260721806, 0.05800248925046486, 0.040355835648723665, 0.029063542236716436, 0.022037558955334307, 0.017720316147643377, 0.015042609572448195, 0.013321797518672601, 0.012148757440684253, 0.011291003057433701, 0.01062162011753423, 0.010072782125604682, 0.009608023158235463, 0.009206921538776901, 0.008857157036999585, 0.008550584241019772, 0.008281343524234193, 0.008044950210772854, 0.007837836878655764, 0.007657103875694236, 0.007500368449486838, 0.007365664214053914, 0.007251369249311334, 0.0071561524271966, 0.007078932442927986, 0.007018846278337644, 0.006975224973933247, 0.006947575250866056, 0.006935565952141692, 0.006939018571639947, 0.006957901361490855, 0.006992326681405773, 0.007042551395215915, 0.007108980242113225, 0.007192172221842574, 0.007292850141563273, 0.007411913583623344, 0.0075504556741600925, 0.007709784168608864, 0.007891447528945331, 0.00809726685711525, 0.00832937477971361, 0.00859026266311052, 0.008882837891735516, 0.009210493385308221, 0.009577192089338575, 0.009987569880493034, 0.010447061227337838, 0.010962053092749119, 0.011540074027951944, 0.012190027280682053, 0.012922479137230727, 0.013750016786422327, 0.014687693915252745, 0.01575358724419161, 0.016969493550860713, 0.018361804717582763, 0.019962608294678, 0.021811073298946146, 0.023955195662181242, 0.026453994848335608, 0.02938027209486921, 0.03282405998785217, 0.03689690952890031]
14.40000000000003	0.6250610592276696	[0.041937210824779164, 0.04773764434472595, 0.054691947978293846, 0.06306230601335865, 0.07317038650585606, 0.0854076718885214, 0.10024522008258706, 0.1182410355472993, 0.1400421754246663, 0.16637738511961522, 0.19803456291855723, 0.23581598136808954, 0.28046348179360336, 0.33254664429516984, 0.39231031317459464, 0.4594849638758146, 0.5330749434159809, 0.6111551532077814, 0.6907238050684341, 0.76767238611606, 0.8369364889430079, 0.8928747032443741, 0.9298822565443329, 0.9431838613687371, 0.9296793988100542, 0.8886600876556532, 0.8221989394115435, 0.7350668721681012, 0.6341335493730103, 0.5273519216354888, 0.4225496952134114, 0.32631076933893194, 0.24319872897756428, 0.17546339776823422, 0.12322428040548304, 0.08499797275300133, 0.05837269826289603, 0.04064297679979773, 0.02928088793986876, 0.022201484631982696, 0.017846162827893003, 0.015142691626181072, 0.013404989041806085, 0.012220954998754497, 0.011355897665606365, 0.010681438440675112, 0.010128855579748004, 0.009661168021256772, 0.009257668453515102, 0.008905879474985438, 0.008597566715092276, 0.008326816887132224, 0.008089110090550125, 0.00788085380932482, 0.007699129372954225, 0.007541539045135834, 0.007406104386702026, 0.007291193697436799, 0.00719546791134124, 0.0071178393248706815, 0.00705743983789509, 0.007013596559353662, 0.006985813304437188, 0.006973756943532151, 0.006977247865388389, 0.006996254040871104, 0.0070308883480489715, 0.007081408962024826, 0.007148222735951292, 0.007231891612089864, 0.007333142210828785, 0.007452878857649718, 0.007592200429248706, 0.007752421536747382, 0.007935098723283393, 0.008142062543568434, 0.008375456624370482, 0.00863778508987779, 0.008931970090407748, 0.009261421617134362, 0.009630122345322534, 0.010042730957261476, 0.010504708296544506, 0.011022471852715184, 0.011603585540480205, 0.012256993611409169, 0.012993309933776119, 0.013825176943578366, 0.014767712488128476, 0.015839067774528592, 0.017061125962176127, 0.018460378901119633, 0.020069029434609413, 0.021926378848197082, 0.024080573644665166, 0.02659080277902301, 0.029530055205296862, 0.03298856652556889, 0.03707809954031214]
14.360000000000031	0.6271684673175841	[0.04213851237254493, 0.047960232829988514, 0.05493830273883959, 0.06333492606855204, 0.07347161356368423, 0.08573941454986438, 0.10060854652103954, 0.11863560004725532, 0.14046544887008167, 0.1668236759671847, 0.19849384977683032, 0.23627263752865982, 0.2808950597924609, 0.33292300153314563, 0.3925934812840166, 0.4596302592643598, 0.5330338274813512, 0.6108802074778039, 0.6901758265478922, 0.7668290152196359, 0.8358010322023985, 0.8914831041575484, 0.9283058070006285, 0.9415255592370402, 0.9280630329751289, 0.8872130492582548, 0.8210319032026259, 0.7342550607797693, 0.6337045049543232, 0.5272832144791721, 0.42277716116210423, 0.326744706135867, 0.24374323918020765, 0.17603360629054315, 0.12375753520021497, 0.0854576137334265, 0.058745436404831396, 0.04093245082325028, 0.029500234583463084, 0.02236704130761042, 0.017973300082993363, 0.015243787219596107, 0.013488987652590703, 0.01229381513591204, 0.011421357504924328, 0.010741757173221752, 0.010185385546997003, 0.009714738409561531, 0.009308817784779313, 0.008954986153053963, 0.008644918527856907, 0.00837264703881964, 0.008133616031605945, 0.007924207573627039, 0.007741483762899545, 0.0075830317271087435, 0.007446860859023014, 0.007331329588521251, 0.007235090840364886, 0.007157050455432612, 0.0070963352066991114, 0.007052268236659537, 0.007024350428406024, 0.007012246661336638, 0.007015776207767844, 0.007034906752567656, 0.0070697516936775884, 0.00712057052505935, 0.007187772227437962, 0.00727192170529934, 0.007373749418248801, 0.007494164467464743, 0.007634271519744615, 0.007795392088938737, 0.007979090854526825, 0.008187207888069653, 0.008421897890393298, 0.008685677828232699, 0.00898148471455571, 0.00931274572213142, 0.009683463380996543, 0.010098319320595853, 0.010562800919358156, 0.011083356373409176, 0.011667585162779085, 0.012324472768320006, 0.013064680890673898, 0.013900907489000733, 0.014848334872058928, 0.015925189057574635, 0.017153439928501713, 0.018559679652926576, 0.020176226710494783, 0.022042514967989254, 0.02420684174423114, 0.026728565609547374, 0.02968086316189579, 0.033154172643995006, 0.0372604678335916]
14.320000000000032	0.6292899257798941	[0.04234108290790621, 0.04818417176058178, 0.055186085904774945, 0.06360904392668279, 0.07377439232708634, 0.08607273820948727, 0.10097344715674933, 0.11903168207656084, 0.14089011777477162, 0.1672711586894042, 0.19895402875474258, 0.2367297796513148, 0.2813266091378318, 0.3332987171793312, 0.39287532213490495, 0.45977351111786147, 0.5329899770086778, 0.6106019233681614, 0.6896240482462496, 0.7659815590884642, 0.8346613794636847, 0.8900873323443123, 0.9267252709923587, 0.9398632421868321, 0.9264426574036592, 0.8857619436628044, 0.8198607498256291, 0.7334392091150249, 0.633271749122617, 0.5272114534705186, 0.42300254676434057, 0.3271777418005896, 0.24428805594867123, 0.17660516957034555, 0.12429289220413485, 0.08591974472413562, 0.05912071890487857, 0.041224276370061874, 0.029721601657316497, 0.022534247314401797, 0.01810174391821885, 0.01534590964107825, 0.013573804087908436, 0.012367346490955942, 0.01148738964069676, 0.010802582272721956, 0.010242377232810611, 0.009768739021990996, 0.009360373883046644, 0.009004481171619465, 0.008692643590555346, 0.008418837740392681, 0.008178471671588552, 0.007967901705518626, 0.007784170491503301, 0.007624849866585378, 0.007487936938897441, 0.00737178017741773, 0.007275024425440367, 0.007196569010736165, 0.007135535533889409, 0.007091243135638182, 0.0070631897405029325, 0.007051038218278236, 0.007054606713375676, 0.007073862619835423, 0.007108919856954315, 0.007160039245167265, 0.00722763190646904, 0.007312265727420332, 0.007414675033031132, 0.007535773732995597, 0.007676672324070605, 0.0078386992702522, 0.008023427442979935, 0.008232706495249662, 0.008468702276401594, 0.008733944681087461, 0.009031385682402812, 0.00936446974564231, 0.009737219381494263, 0.010154339309028083, 0.010621343602316624, 0.011144711345036633, 0.011732077785471336, 0.012392469860293482, 0.013136597353943439, 0.013977214025664993, 0.01492956694751352, 0.016011957272204745, 0.01724644194786812, 0.01865971380998357, 0.02028420731596515, 0.022159489222623716, 0.024334007904010052, 0.026867291661250296, 0.02983270465099192, 0.03332088736368815, 0.03744402370910908]
14.280000000000033	0.631425572328981	[0.042544932007385496, 0.048409470775811765, 0.055435307000947696, 0.06388466876172144, 0.07407873131537662, 0.08640765035613233, 0.10133992800127524, 0.11942928566343103, 0.14131618364233783, 0.16771983172955324, 0.19941509476271665, 0.2371873987757178, 0.2817581168720457, 0.33367377443070756, 0.3931558155478299, 0.45991469665618223, 0.532943367627877, 0.6103202760328892, 0.689068445888679, 0.7651299948281521, 0.8335175096575385, 0.8886873685888008, 0.92514063079705, 0.9381968933249925, 0.9248182551737967, 0.8843067529906679, 0.8186854596061991, 0.7326192951812937, 0.6328352576493489, 0.527136613093677, 0.4232258271108788, 0.32760985462503783, 0.24483316348951353, 0.17717807980868056, 0.12483035242687805, 0.08638437484641955, 0.059498561026773145, 0.041518472207192195, 0.029945008826673503, 0.022703121191716972, 0.018231510551234897, 0.015449072376785408, 0.013659449256851438, 0.012441557846399111, 0.011554001255936235, 0.010863919793473682, 0.01029983592390306, 0.009823174627806502, 0.009412341161842594, 0.009054368689119848, 0.008740745868929511, 0.00846539280486168, 0.008223680698066104, 0.008011939787274078, 0.007827193051735378, 0.0076669968806357194, 0.00752933597916622, 0.007412548763161485, 0.00731527192127908, 0.007236398209920544, 0.007175044011213341, 0.0071305244283799505, 0.007102334400556181, 0.007090134769067624, 0.007093742538777733, 0.007113124807968601, 0.007148396018739377, 0.00719981832563975, 0.007267805005716887, 0.0073529269476004175, 0.0074559223680925706, 0.007577710018481409, 0.007719406265658031, 0.00788234657155935, 0.00806811205564404, 0.00827856201743535, 0.008515873529819164, 0.008782589501380155, 0.009081676963538931, 0.009416597785839495, 0.009791394586371478, 0.010210795317236005, 0.010680340909963932, 0.011206541517807825, 0.011797068361320544, 0.012460990060621329, 0.013209064736416174, 0.014054102225874523, 0.015011414666898957, 0.01609937867190566, 0.017340138595609858, 0.018760488289224754, 0.020392978527128822, 0.022277309261160626, 0.02446208015378598, 0.027006989343444157, 0.02998558844738337, 0.03348871979307116, 0.0376287765530323]
14.240000000000034	0.6335755464525102	[0.04275006934585329, 0.04863613960892037, 0.055685975638854336, 0.06416180982359498, 0.0743846391093818, 0.0867441585218971, 0.10170799508840872, 0.11982841483602254, 0.14174364795611333, 0.1681696934973498, 0.199877042677432, 0.23764548592718898, 0.2821895700666508, 0.3340481565806088, 0.39343494152082703, 0.4600537933503512, 0.5328939752534907, 0.6100352408661801, 0.6885089952885283, 0.7642742993695509, 0.8323694012042816, 0.887283192839129, 0.9235518676497088, 0.9365264947244061, 0.9231898085883784, 0.8828474590387859, 0.8175060130452215, 0.7317952975314782, 0.632395006956514, 0.5270586682923232, 0.4234469773524487, 0.32804102251614814, 0.24537854529585773, 0.17775232837554483, 0.12536991614102946, 0.0868515127184431, 0.059878977807097715, 0.04181505711202928, 0.03017047592517845, 0.022873681722390526, 0.01836261645516839, 0.015553289143775424, 0.013745934260683506, 0.012516458138227242, 0.011621199655095784, 0.010925775887434428, 0.010357766988153556, 0.009878050066420152, 0.009464724097566945, 0.009104652921985066, 0.008789229383309801, 0.008512316097330441, 0.008269246848777037, 0.008056325449795844, 0.007870554983923968, 0.007709476232630129, 0.007571061378086378, 0.007453638689469484, 0.007355836626673037, 0.0072765413157254944, 0.0072148638736503215, 0.007170115329943929, 0.0071417876111986205, 0.007129539511151128, 0.007133186883299625, 0.007152696525135049, 0.007188183402970771, 0.007239911013138605, 0.007308294801607701, 0.007393908679214426, 0.007497494781144309, 0.007619976733617424, 0.007762476814154655, 0.007926337530811128, 0.008113148307568395, 0.008324778156082017, 0.008563415448394888, 0.008831616193693955, 0.00913236258064701, 0.009469133995573559, 0.00984599329158784, 0.010267691798178115, 0.010739797467157036, 0.011268851704439704, 0.011862561907958834, 0.01253003860999323, 0.013282088521023389, 0.014131577834896668, 0.015093884058608975, 0.016187459589306844, 0.017434536529468737, 0.018862010093315576, 0.02050254770914192, 0.02239598282492587, 0.02459106661859385, 0.027147667163271674, 0.030139523425637787, 0.03365767914133565, 0.03781473585197628]
14.200000000000035	0.6357399894360382	[0.042956504642590314, 0.048864188025963845, 0.05593810144832827, 0.06444047636279808, 0.07469212426878495, 0.08708227019091802, 0.1020776543699384, 0.12022907349560749, 0.1421725120111415, 0.16862074212838488, 0.20033986698171968, 0.23810403157502136, 0.2826209550295876, 0.33442184591560636, 0.39371267879723654, 0.4601907772213512, 0.5328417742888971, 0.6097467919133731, 0.6879456713602434, 0.7634144494778532, 0.8312170332656966, 0.8858747866472333, 0.9219589649267027, 0.934852030571875, 0.9215573013898734, 0.8813840438764795, 0.8163223896224916, 0.7309671927253614, 0.6319509711591181, 0.5269775921224474, 0.42366597169239173, 0.3284712235089216, 0.24592418582792586, 0.17832790800672815, 0.1259115849537948, 0.08732116799302557, 0.0602619849465913, 0.04211405022746186, 0.03039802297811192, 0.023045947814385633, 0.018495078222336384, 0.015658573790450627, 0.013833270338653506, 0.012592056435396192, 0.011688992262279941, 0.010988156810180828, 0.010416175882360091, 0.00993337025453086, 0.009517527235433025, 0.009155338149497285, 0.00883809821266465, 0.008559611538456547, 0.008315173914648878, 0.00810106237528067, 0.007914259878124958, 0.007752291434346911, 0.007613116581202902, 0.007495053346396186, 0.007396721885949949, 0.007317001635758461, 0.0072549984005018065, 0.0072100190992783406, 0.007181552618625523, 0.007169255685310915, 0.007172942989471652, 0.007192581022669066, 0.00722828527680403, 0.00728032059768303, 0.007349104614151405, 0.007435214279535067, 0.007539395674195616, 0.007662577332885536, 0.007805887484572266, 0.007970675731989393, 0.008158539860592872, 0.008371358660288139, 0.00861133187846969, 0.008881028712248884, 0.009183446607191373, 0.00952208257971827, 0.00990101984646783, 0.010325033259613984, 0.010799717955081913, 0.011331646775590353, 0.01192856350264125, 0.012599620810459207, 0.013355674253816572, 0.01420964666287479, 0.015176981217605693, 0.01627620642518075, 0.01752964247669391, 0.018964286295477185, 0.020612922298313144, 0.022515517726370716, 0.024720975493744784, 0.02728933369623903, 0.03029451852544387, 0.033827774677927205, 0.038001911146010196]
14.160000000000036	0.6379190443960607	[0.043164247726729894, 0.04909362589936401, 0.056191694159147355, 0.06472067771989347, 0.07500119542975309, 0.08742199290685176, 0.10244891183817692, 0.12063126556585153, 0.14260277711256442, 0.16907297576912556, 0.20080356219217568, 0.23856302627632536, 0.28305225824740776, 0.3347948250252644, 0.3939890065635064, 0.4603256248523777, 0.5327867397434508, 0.6094549037335729, 0.6873784492589017, 0.7625504217050523, 0.8300603842255749, 0.8844621302531879, 0.9203619043711199, 0.9331734834655893, 0.9199207161905045, 0.8799164892068528, 0.8151345692752422, 0.7301349583693453, 0.6315031255591765, 0.5268933584830706, 0.42388278450587924, 0.32890043508311706, 0.2464700684652675, 0.1789048101726005, 0.1264553593502684, 0.08779334955003075, 0.06064759777409026, 0.042415470659062655, 0.030627670187621275, 0.02321993864918192, 0.018628912731201975, 0.015764940419065076, 0.0139214689366722, 0.012668361968661803, 0.011757386627761246, 0.011051068917877957, 0.010475068146608552, 0.009989140180762406, 0.00957075518514054, 0.009206428710453747, 0.008887356492018088, 0.008607283102422241, 0.008361465738187412, 0.008146154295947812, 0.007958311373140974, 0.007795446045251709, 0.007655505080866529, 0.007536796170073197, 0.007437931088922297, 0.00735778252264306, 0.007295450915731171, 0.007250239039746797, 0.007221632713302761, 0.0072092865765534375, 0.007213014144097369, 0.007232781596320714, 0.007268704952045837, 0.0073210504142711885, 0.007390237808758715, 0.007476847151751829, 0.007581628495786294, 0.00770551531801138, 0.00784964183998304, 0.008015364808060962, 0.008204290426578801, 0.00841830733032863, 0.00865962671883936, 0.008930831065130058, 0.009234933172048687, 0.009575447800254008, 0.00995647865929006, 0.010382824270268366, 0.01086010711807144, 0.011394931667425693, 0.01199507829067858, 0.012669742034864836, 0.01342982755458163, 0.014288314596819696, 0.015260712319045602, 0.016365625663997612, 0.01762546325189176, 0.019067324060064793, 0.020724109825917967, 0.02263592187671846, 0.02485181507697156, 0.02743199762359787, 0.030450582794996368, 0.03399901578268292, 0.03819031208620863]
14.120000000000037	0.6401128563075786	[0.043373308511798825, 0.04932446317875661, 0.056446763568115746, 0.06500242328881832, 0.0753118612643466, 0.08776333422774318, 0.102821773474353, 0.12103499493028859, 0.14303444449353372, 0.16952639246053267, 0.20126812268616967, 0.23902246041669875, 0.283483466005951, 0.33516707627388354, 0.39426390376234827, 0.4604583125718698, 0.5327288463696465, 0.6091595506371974, 0.6868073039101747, 0.7616821924033154, 0.8288994323042245, 0.8830452037698503, 0.9187606676259197, 0.9314908359129532, 0.9182800354989723, 0.8784447765973339, 0.8139425317628218, 0.7292985718518784, 0.631051445212654, 0.5268059410147314, 0.4240973899112675, 0.32932863447436816, 0.2470161763669262, 0.17948302616107029, 0.1270012396894468, 0.08826806621714971, 0.061035831649825546, 0.04271933762366432, 0.03085943792973733, 0.02339567361891359, 0.018764137080723494, 0.015872403340640426, 0.014010541684775819, 0.012745384123826151, 0.011826390429460838, 0.011114518671793758, 0.010534449409159789, 0.010045364909953173, 0.009624412624419234, 0.009257929006097718, 0.008937008414937579, 0.008655334819105598, 0.008408126215413543, 0.008191604995790035, 0.008002713158116336, 0.00783894367395606, 0.007698230417570035, 0.007578870643934386, 0.007479467672009939, 0.007398887375046203, 0.007336224788901551, 0.007290778499981371, 0.007262031230739646, 0.007249635514804583, 0.007253403678873668, 0.007273301586802331, 0.007309445785627836, 0.007362103843281835, 0.00743169779656917, 0.007518810745225217, 0.0076241967411641125, 0.007748794238062574, 0.007893743491534702, 0.008060408440904323, 0.008250403767241623, 0.008465628017385048, 0.008708303920373818, 0.008981027313783228, 0.00928682645886757, 0.00962923397547359, 0.010012374196320301, 0.010441069458665863, 0.010920969762213054, 0.011458711379963958, 0.012062111483475019, 0.012740407724528148, 0.013504554114086716, 0.014367587597347822, 0.015345083614408188, 0.016455723869322852, 0.01772200575154325, 0.019171130636022302, 0.02083611791037775, 0.02275720327660905, 0.02498359375724711, 0.027575667719004906, 0.03060772537514137, 0.03417141192709988, 0.038379948412696686]
14.080000000000037	0.6423215720341084	[0.04358369700089928, 0.04955670989658989, 0.0567033195450008, 0.06528572252303351, 0.07562413048673597, 0.08810630173220982, 0.10319624525484912, 0.12144026543910558, 0.14346751532378044, 0.16998099015076248, 0.20173354272246852, 0.23948232424404348, 0.2839145644435667, 0.3355385818788187, 0.39453734919879063, 0.460588816583588, 0.5326680688039698, 0.6088607068135966, 0.686232210092484, 0.7608097377289575, 0.8277341554630858, 0.8816239869912557, 0.917155235980765, 0.9298040700778575, 0.9166352415399139, 0.8769688874265523, 0.8127462567556567, 0.728458010539704, 0.6305959051606228, 0.5267153132845894, 0.424309761851251, 0.32975579863625853, 0.24756249234102273, 0.18006254690500972, 0.1275492260397604, 0.08874532664632016, 0.06142670189270741, 0.04302567041994482, 0.031093346752780096, 0.023573172337638178, 0.01890076860426652, 0.01598097708657442, 0.014100500405169775, 0.012823132446763525, 0.011896011475981193, 0.011178512640203331, 0.010594325387780113, 0.010102049584209613, 0.009678504299948022, 0.009309843500967663, 0.00898705823434323, 0.008703770774865416, 0.008455159296632472, 0.008237418311332819, 0.008047468973290537, 0.007882787978968015, 0.007741296180698294, 0.00762128029946716, 0.007521335118994024, 0.007440319638436494, 0.007377323435939981, 0.007331640874653925, 0.007302751552268561, 0.007290305875699315, 0.007294114971191491, 0.007314144380602065, 0.0073505111804342115, 0.007403484311317416, 0.007473488035311739, 0.007561108556366178, 0.007667103953184985, 0.007792417690371536, 0.007938196099397913, 0.008105810362283894, 0.008296883695154338, 0.008513324624581032, 0.008757367487087166, 0.009031621574123093, 0.009339130707218249, 0.009683445481177073, 0.010068710983055847, 0.010499773514430075, 0.010982310756707617, 0.011522990978500836, 0.01212966836002633, 0.012811623390820728, 0.013579859695755475, 0.014447471700462542, 0.015430101433394672, 0.01654650768585469, 0.01781927695619952, 0.019275713359264694, 0.02094895425985653, 0.022879370018949897, 0.02511632001792809, 0.02772035285200338, 0.030765955503238924, 0.03434497267861807, 0.03857082995938154]
14.040000000000038	0.6445453403579078	[0.04379542328237313, 0.04979037616306726, 0.05696137202671906, 0.06557058492889171, 0.07593801184558725, 0.08845090301045481, 0.10357233314002967, 0.12184708089428196, 0.1439019906885459, 0.17043676666407953, 0.2021998163949569, 0.23994260780092738, 0.2843455394560973, 0.33590932378429145, 0.39480932138425795, 0.4607171127909407, 0.5326043813923562, 0.6085583461890298, 0.6856531423644805, 0.7599330336720378, 0.8265645315513959, 0.8801984596416041, 0.9155455906745277, 0.9281131680623772, 0.914986316436603, 0.8754888029144076, 0.8115457237067775, 0.7276132515381799, 0.6301364801625142, 0.5266214485812323, 0.42451987400905317, 0.3301819042902277, 0.24810899899620953, 0.18064336317901644, 0.12809931836624763, 0.08922513945601887, 0.06182022386722705, 0.04333448846836575, 0.03132941738717865, 0.02375245463722925, 0.01903882486249371, 0.016090676403678218, 0.014191357110533608, 0.012901616644208832, 0.011966257708684246, 0.011243057500850197, 0.010654701892100039, 0.010159199424991954, 0.009733035029162377, 0.009362176724479823, 0.009037510263924384, 0.008752595113837691, 0.00850256898764122, 0.008283598132773157, 0.00809258261108116, 0.007926982669728161, 0.007784706009523884, 0.007664028717172751, 0.007563536961946394, 0.00748208280598586, 0.007418750320014481, 0.007372829605331226, 0.007343797105880527, 0.007331301081399533, 0.007335151444938035, 0.007355313410771632, 0.007391904586076676, 0.007445195291967257, 0.0075156120300572705, 0.007603744129378412, 0.007710353723045988, 0.007836389321259398, 0.007983003373481373, 0.008151574354556023, 0.00834373407444403, 0.00856140110766854, 0.008806821476812304, 0.009082618017194642, 0.009391850213238422, 0.009738086751299342, 0.010125493604830735, 0.010558941188861477, 0.011044135034413951, 0.011587775594113092, 0.012197754267372194, 0.012883394615556775, 0.013655750135977428, 0.014527973017765065, 0.01551577218402026, 0.016637983839367432, 0.01791728393024399, 0.019381079652216446, 0.021062626671530506, 0.023002430287859137, 0.025250002435311614, 0.027866061986127524, 0.030925282510747547, 0.03451970769761886, 0.03876296665030747]
14.000000000000039	0.6467843120098021	[0.04400849752870125, 0.05002547216463979, 0.05722093101545045, 0.06585702006345258, 0.07625351412172525, 0.08879714566199173, 0.10395004307227756, 0.12225544504814752, 0.1443378715876984, 0.17089371970019926, 0.2026669376312409, 0.24040330092066597, 0.28477637668773714, 0.33627928364370685, 0.39507979850719593, 0.46084317675427494, 0.5325377581357751, 0.6082524423669526, 0.6850700750116274, 0.7590520560242953, 0.82539053830986, 0.8787686014223278, 0.9139317129813544, 0.9264181120131324, 0.9133332423086867, 0.8740045041812555, 0.8103409118536143, 0.7267642716362543, 0.6296731446050898, 0.5265243198201083, 0.42472769974103397, 0.3306069279024069, 0.2486556787616603, 0.18122546564726713, 0.12865151658598364, 0.08970751327787972, 0.06221641301346448, 0.04364581132497418, 0.03156767074821018, 0.023933540565050843, 0.01917832364034969, 0.016201516252557786, 0.014283124004140862, 0.012980846585100422, 0.012037137203583142, 0.011308160042893006, 0.010715584825370274, 0.010216819734613412, 0.009788009701521902, 0.009414933272019237, 0.009088368879104873, 0.008801812038812864, 0.008550359350542611, 0.008330148404745942, 0.008138057916812517, 0.007971531507306923, 0.007828463593877897, 0.0077071195272141475, 0.007606076781857609, 0.007524180419180908, 0.007460508952130528, 0.007414348181059363, 0.007385171366799203, 0.0073726246011600405, 0.007376516571056129, 0.007396812157481487, 0.007433629499446562, 0.007487240306359016, 0.007558073333770371, 0.007646721056813072, 0.007753949690843949, 0.007880712826600756, 0.008028169074003787, 0.008197704251250866, 0.008390958821384449, 0.008609861475633541, 0.008856670001821257, 0.00913402086981008, 0.009444989330287453, 0.00979316227858403, 0.010182726707509627, 0.010618577295652815, 0.011106447592585432, 0.011653070424416068, 0.012266374621374133, 0.012955727051787973, 0.013732231344917339, 0.014609097737271445, 0.01560210235343029, 0.01673015913751393, 0.01801603382266516, 0.019487237024534403, 0.021177143032233475, 0.023126392359201563, 0.02538464967902207, 0.028012804179092382, 0.031085715823166524, 0.03469562673706591, 0.038956368498943975]
13.96000000000004	0.6490386397046406	[0.04422293002261298, 0.050262008193082304, 0.05748200661047279, 0.06614503756871945, 0.07657064616443006, 0.08914503733406258, 0.10432938101773259, 0.12266536165196432, 0.14477515899862115, 0.1713518469246975, 0.20313490033105577, 0.24086439344133806, 0.28520706185246575, 0.33664844327674426, 0.3953487590374927, 0.46096698442066997, 0.53246817347365, 0.6079429693366928, 0.6844829825079936, 0.7581667804175356, 0.8242121528673102, 0.8773343909752486, 0.9123135828167181, 0.9247188826988908, 0.9116760002135343, 0.872515971870371, 0.8091318006300056, 0.7259110483473701, 0.6292058737935543, 0.5264239006365232, 0.42493321262936595, 0.33103084557868945, 0.24920251324266252, 0.18180884394456076, 0.12920581965668845, 0.09019245604885284, 0.06261528441394212, 0.043959658491438514, 0.031808127907057795, 0.024116450431810602, 0.019319283012400858, 0.01631351186092909, 0.014375813513468281, 0.013060832317767281, 0.012108658178308317, 0.01137382716881546, 0.010776980184449536, 0.010274915895802454, 0.009843433278192587, 0.009468117804857287, 0.009139638517170798, 0.008851425811525355, 0.008598534504159946, 0.00837707312684149, 0.008183898789324118, 0.008016438305097264, 0.007872572674922806, 0.007750556410266407, 0.007648958209563351, 0.0075666160688232734, 0.007502602892206322, 0.007456200139512378, 0.007426877858704407, 0.007414279952626983, 0.007418213868919637, 0.007438644149474058, 0.0074756894662491745, 0.007529622924775646, 0.007600875549013255, 0.007690042981362107, 0.0077978955474638295, 0.007925391953810486, 0.008073697013586961, 0.008244203939275389, 0.00843856190671944, 0.008658709793145872, 0.008906917231413253, 0.009185834417284707, 0.009498552471846403, 0.009848676617660047, 0.010240415000763252, 0.010678686714383318, 0.011169253496612437, 0.011718880737586172, 0.01233553491105915, 0.013028626428518085, 0.01380930931166116, 0.014690852129067785, 0.0156890985141548, 0.016823040476797287, 0.018115533874884578, 0.0195941930819618, 0.021292511328539526, 0.02325126461213706, 0.0255202705252935, 0.028160588598106672, 0.031247264977681585, 0.034872739662773, 0.03915104563131052]
13.92000000000004	0.6513084781670514	[0.04443873108489347, 0.05049999456407221, 0.05774460891783032, 0.06643464707294684, 0.07688941678468417, 0.08949458560556862, 0.10471035283603225, 0.1230768342993917, 0.14521385366973277, 0.1718111456720573, 0.20360369791800778, 0.24132587452561924, 0.2856375797317042, 0.33701678326745804, 0.3956161798994731, 0.46108850994613054, 0.5323955999755506, 0.6076298994163589, 0.683891838213737, 0.757277182281568, 0.8230293532862677, 0.8758958089673596, 0.9106911828245642, 0.923015463628804, 0.9100145731556539, 0.8710231871433608, 0.8079183683616099, 0.7250535568020218, 0.6287346401617874, 0.5263201622191673, 0.4251363849205085, 0.33145363342780804, 0.24974948514548598, 0.18239348938197553, 0.1297622282422899, 0.09067997707303486, 0.06301685405306884, 0.044276049970055006, 0.032050810183099895, 0.0243012046857815, 0.01946172116948528, 0.016426678586215566, 0.01446943820926363, 0.013141584034876337, 0.012180828984555242, 0.011440065899478442, 0.010838894068696361, 0.010333493380492165, 0.009899310799517919, 0.00952173505625509, 0.009191323682286161, 0.008901440756861658, 0.008647098627635057, 0.008424376356717982, 0.008230109183672703, 0.008061706931155727, 0.007917037047165851, 0.0077943430992292, 0.007692184927175183, 0.007609393396197181, 0.007545035749988545, 0.007498389067669579, 0.0074689201541783224, 0.007456270702060997, 0.007460246906337734, 0.007480812963853354, 0.007518088080579121, 0.007572346766017504, 0.007644022327091476, 0.007733713594785119, 0.007842195033279322, 0.007970430500312587, 0.008119591055479079, 0.008291077356882578, 0.008486547353357042, 0.008707950177962753, 0.008957567388999539, 0.009238063000177002, 0.009552544107872605, 0.009904634380972126, 0.010298563253514968, 0.010739274385419433, 0.011232557874292323, 0.011785211865901535, 0.012405240691305032, 0.013102098542379545, 0.013886990094694546, 0.014773242534351458, 0.015776767311428, 0.016916634827808887, 0.018215791403482555, 0.019701955506020694, 0.021408739622804356, 0.023377055500791024, 0.025656873823456015, 0.028309424480285113, 0.03140993957658218, 0.035051056398943826, 0.039347008222888426]
13.880000000000042	0.6535939841701041	[0.04465591116355295, 0.050739441716859346, 0.05800874816039374, 0.06672585831038971, 0.07720983488513299, 0.08984579812913024, 0.10509296444233955, 0.12348986662398881, 0.14565395638538364, 0.17227161332780594, 0.20407332391635816, 0.241787733528304, 0.2860679154436197, 0.33738428472153453, 0.3958820387447651, 0.46120772837852314, 0.5323200111605977, 0.6073132057291993, 0.6832966158999967, 0.7563832368019511, 0.8218421165807439, 0.8744528342462536, 0.9090644933578973, 0.9213078360512899, 0.9083489424975718, 0.8695261305782865, 0.8067005939683487, 0.7241917736071917, 0.6282594179027731, 0.5262130771166273, 0.42533718933336195, 0.3318752670109346, 0.25029657583966136, 0.1829793915884607, 0.13032074143563566, 0.09117008450307096, 0.06342113728777435, 0.04459500559520155, 0.0322957390375527, 0.02448782407006782, 0.019605656633105324, 0.0165410320864436, 0.014564010908363149, 0.013223112120860107, 0.012253658122062373, 0.011506883372415675, 0.010901332673073503, 0.01039255774252361, 0.00995564737888034, 0.009575789826655443, 0.00924342894176716, 0.008951861259949222, 0.008696055958134885, 0.008472062208306203, 0.008276693109757937, 0.00810734130720283, 0.007961860557798354, 0.00783848337888071, 0.007735760668027466, 0.007652516093294166, 0.00758781118554087, 0.007540918602558851, 0.007511301875694568, 0.00749860046556866, 0.007502619301023894, 0.007523322227792786, 0.0075608289868668195, 0.007615415499592662, 0.007687517370492953, 0.007777736640606454, 0.007886851941118692, 0.008015832316788476, 0.008165855117104253, 0.008338328497541037, 0.008534919240587269, 0.008757586805522891, 0.00900862475711252, 0.009290711019755007, 0.00960696877077792, 0.00996104024533126, 0.01035717630114219, 0.010800345317858012, 0.0112963659246245, 0.011852069215525963, 0.01247549759377385, 0.013176149269920633, 0.013965279835778194, 0.014856275381200877, 0.015865115481197456, 0.017010949255921552, 0.018316813824081055, 0.01981053208171349, 0.02152583608538666, 0.02350377359184432, 0.025794468539785807, 0.028459321183787266, 0.03157374934665078, 0.035230586996824576, 0.03954426657723529]
13.840000000000042	0.6558953165681495	[0.04487448077360011, 0.05098036015513374, 0.05827443460071298, 0.0670186810521066, 0.07753190936349844, 0.09019868255113546, 0.10547722167610377, 0.12390446218491355, 0.14609546773884197, 0.1727332470875588, 0.20454377146676023, 0.24224995941768565, 0.28649805342394447, 0.33775092807560564, 0.39614631218701485, 0.4613246138549453, 0.5322413793386152, 0.6069928606145164, 0.6826972885259991, 0.7554849191670855, 0.8206504199851355, 0.8730054467653996, 0.9074334958703151, 0.9195959826210944, 0.9066790903147269, 0.8680247830113401, 0.8054784556120691, 0.7233256741681406, 0.6277801796225548, 0.5261026166013101, 0.42553559775808064, 0.3322957217663097, 0.2508437670690858, 0.18356654089808175, 0.1308813590696804, 0.09166278712984584, 0.06382814993396069, 0.04491654551774569, 0.03254293615833416, 0.02467632952154026, 0.019751108111790396, 0.016656588206274494, 0.014659544606532784, 0.013305427123020769, 0.012327154232634786, 0.011574286846237939, 0.01096430229578679, 0.0104521146250442, 0.010012448209107438, 0.009630286988813236, 0.009295958930476252, 0.009002691769759494, 0.008745410794156954, 0.008520134854601817, 0.008323654635003617, 0.008153345410904244, 0.008007047108940154, 0.00788298108778343, 0.007779689218581219, 0.007695987904423495, 0.007630932910868415, 0.0075837924326243285, 0.007554026697004502, 0.007541272910261444, 0.007545334721771025, 0.007566175619504549, 0.007603915880856203, 0.007658832846502713, 0.007731364433670046, 0.007822115914710064, 0.007931870116839561, 0.008061601307558916, 0.008212493170402064, 0.008385961410063248, 0.008583681704138058, 0.008807623908755655, 0.009060093677101033, 0.009343782937386256, 0.009661831054645744, 0.010017898950736044, 0.010416259044039798, 0.010861904587554925, 0.011360682915458737, 0.011919458263414047, 0.012546311323256802, 0.013250784562893837, 0.01404418475441756, 0.014939957177518663, 0.015954149841882356, 0.017105990910817173, 0.018418608639195328, 0.01991993068210304, 0.021643808976949522, 0.023631427542064192, 0.025933063732159024, 0.02861028815562279, 0.03173870410385119, 0.035411341589800506, 0.03974283107886168]
13.800000000000043	0.658212636336046	[0.045094450593192725, 0.05122276051183037, 0.0585416786669315, 0.06731312516655513, 0.07785564927681202, 0.09055324655753326, 0.10586313053717039, 0.12432062451922242, 0.1465383885520001, 0.17319604413874784, 0.20501503420021117, 0.24271254138476522, 0.2869279791970755, 0.3381166945214644, 0.39640897879632414, 0.4614391418220797, 0.5321596792950491, 0.6066688374331995, 0.6820938306302257, 0.7545822036261182, 0.8194542397244697, 0.8715536227214766, 0.9057981685085182, 0.9178798814555065, 0.9050049963044656, 0.8665191237365658, 0.8042519328390892, 0.7224552361964832, 0.6272969014156875, 0.5259887544426591, 0.4257315834604017, 0.33271497251911075, 0.25139103869402335, 0.18415492492351088, 0.13144407837446553, 0.09215809169213181, 0.06423790660074523, 0.04524068941246341, 0.03279242328850608, 0.024866742298156202, 0.01989809471706236, 0.016773363161235542, 0.014756052598424873, 0.013388539813796192, 0.01240132612520649, 0.011642283707203167, 0.011027809337066055, 0.01051216975814331, 0.010069718559907412, 0.009685231486759422, 0.009348918349795086, 0.009053936799340256, 0.008795167495295911, 0.008568598528446764, 0.00837099788446347, 0.008199723276890841, 0.008052600657927655, 0.007927840119414699, 0.00782397441883151, 0.007739812627384808, 0.007674404690409468, 0.007627014298901658, 0.007597098343690674, 0.007584291755413857, 0.0075883968890521954, 0.007609376869376635, 0.007647352510247538, 0.007702602580368337, 0.007775567323729303, 0.007866855266477799, 0.007977253460084073, 0.008107741431776271, 0.008259509242685632, 0.008433980199916728, 0.00863283893720006, 0.008858065779610035, 0.009111978550424926, 0.009397283276434767, 0.009717135616955374, 0.010075215302864973, 0.010475816450019725, 0.010923957340557042, 0.0114255141869432, 0.011987384562203631, 0.012617687662731776, 0.013326010455395684, 0.014123711155362215, 0.015024294521600933, 0.01604387730551369, 0.017201767042238556, 0.01852118345468844, 0.020030159291758907, 0.021762666672407772, 0.023760026132899875, 0.026072668583965522, 0.028762334981811997, 0.031904813799236945, 0.03559333046413997, 0.03994271225102693]
13.760000000000044	0.6605461065598437	[0.04531583130826087, 0.05146665344496614, 0.058810490748470313, 0.06760920052310493, 0.07818106357658412, 0.09090949780746174, 0.10625069681401426, 0.12473835708520065, 0.1469827192351533, 0.17366000144395363, 0.20548710492718356, 0.2431754680294402, 0.2873576767220412, 0.33848156400541957, 0.3966700145830045, 0.4615512858417771, 0.5320748826673796, 0.6063411079519105, 0.6814862145577555, 0.7536750649500998, 0.818253552646261, 0.8700973419297947, 0.9041584926133489, 0.9161595152534463, 0.9033266424787355, 0.8650091334899465, 0.8030210034776332, 0.7215804346369739, 0.6268095552482942, 0.5258714612396577, 0.42592511764305907, 0.3331329941040894, 0.2519383719437809, 0.18474453361226137, 0.1320088989277647, 0.0926560068821989, 0.06465042316770162, 0.045567457653493244, 0.03304422246927119, 0.025059083775104914, 0.020046635627783978, 0.01689137325245859, 0.01485354829117317, 0.013472461092795535, 0.012476182734733192, 0.011710881456169503, 0.011091860297849912, 0.010572728959050193, 0.010127463778326604, 0.009740628333828877, 0.009402311965747838, 0.009105600922013528, 0.008845330479327316, 0.008617457518079462, 0.008418727037581139, 0.008246478992126317, 0.008098525213960282, 0.007973064417515897, 0.007868620158900943, 0.007783994108873521, 0.007718230337601377, 0.007670587990517136, 0.0076405205897202635, 0.007627660768070972, 0.0076318095715712355, 0.007652929755685565, 0.007691142671247889, 0.00774672852322881, 0.007820129896974724, 0.007911958594640797, 0.00802300592079315, 0.008154256699272477, 0.008306907413082057, 0.008482389024983189, 0.008682395186714233, 0.008908916764594044, 0.009164283834657262, 0.009451216617377465, 0.00977288717408561, 0.010132994167452749, 0.010535853548976237, 0.010986508786245283, 0.011490865144816195, 0.012055853731354576, 0.012689632464451778, 0.013401833051805095, 0.014203865416220391, 0.015109294085029448, 0.0161343048599952, 0.017298284975038776, 0.0186245459539878, 0.020141225969871338, 0.021882417623511657, 0.02388957821592752, 0.026213292350868594, 0.028915471307712336, 0.03207208844627229, 0.03577656394561045, 0.04014392066340356]
13.720000000000045	0.6628958925643079	[0.0455386337337548, 0.051712049744990635, 0.059080881345456186, 0.06790691710195204, 0.07850816128214912, 0.091267444026803, 0.10663992629087495, 0.1251576633474724, 0.1474284601089079, 0.17412511593299884, 0.20595997632601476, 0.24363872798187647, 0.2877871299167415, 0.33884551674885327, 0.39692939577342284, 0.46166102010874893, 0.5319869615316489, 0.6060096446730954, 0.680874412815985, 0.7527634780250588, 0.8170483347407793, 0.8686365831307911, 0.9025144476124186, 0.9144348650472633, 0.9016440091577207, 0.8634947923066785, 0.8017856452547489, 0.7207012452955176, 0.6263181141351125, 0.5257507086611847, 0.4261161719476723, 0.3335497611776578, 0.2524857472101852, 0.18533535579434138, 0.13257581917758068, 0.09315654054878063, 0.06506571504395743, 0.04589687051532525, 0.03329835590255444, 0.02525337563305884, 0.02019675036937282, 0.017010635107443467, 0.014952045369254333, 0.013557202083868068, 0.012551733174741729, 0.011780087737861147, 0.011156461798720405, 0.010633798148048549, 0.01018568930366702, 0.009796482628003679, 0.009456144624012848, 0.009157688786727316, 0.008895904236943527, 0.008666716182073543, 0.008466846342437242, 0.008293616710357122, 0.008144824851894493, 0.008018657990111634, 0.007913630392468146, 0.007828536258143868, 0.007762413728024792, 0.007714517358064281, 0.007684297270373778, 0.007671383776201001, 0.0076755765990343715, 0.007696838117583022, 0.007735290221237197, 0.007791214558417706, 0.007865056071517097, 0.007957429860099726, 0.008069131511808105, 0.008201151183384017, 0.00835469182518233, 0.008531192108459713, 0.008732354766141951, 0.008960181277845656, 0.009217014056476066, 0.009505587611180455, 0.009829090514679664, 0.01019124048417992, 0.010596375446863343, 0.01104956421206334, 0.01155674127538177, 0.012124871473242774, 0.01276215166653619, 0.013478258545085338, 0.014284654006655306, 0.015194962634523173, 0.016225439592435914, 0.017395552136668012, 0.0187287039278506, 0.02025313888648158, 0.02200307039827995, 0.024020092762190703, 0.026354944413994087, 0.029069706906022223, 0.03224053819194682, 0.03596105249204102, 0.040346467023228916]
13.680000000000046	0.6652621618595215	[0.04576286873915417, 0.0519589602182457, 0.05935286099172388, 0.06820628485300884, 0.07883695142249743, 0.0916270928448274, 0.10703082473474093, 0.12557854657297993, 0.14787561143453626, 0.1745913841655346, 0.20643364091985614, 0.2441023091972649, 0.2882163223416778, 0.3392085318289824, 0.3971870979511769, 0.4617683171809851, 0.531895887206265, 0.6056744183804206, 0.6802583976766625, 0.7518474168149996, 0.8158385630679972, 0.8671713255526468, 0.900866015202494, 0.9127059130434134, 0.8999570785732365, 0.8619760803254858, 0.8005458358627627, 0.719817642333665, 0.6258225495675123, 0.5256264664555532, 0.4263047169807071, 0.3339652478604639, 0.2530331452460252, 0.18592738099747935, 0.13314483851118614, 0.09365970134094383, 0.06548379827196535, 0.04622894868248453, 0.03355484606974956, 0.025449639753375376, 0.020348458647524128, 0.017131165528118934, 0.015051557688607149, 0.013642774071140116, 0.012627986701895732, 0.011849910321118966, 0.01122162056630666, 0.010695383337431995, 0.010244400655963099, 0.009852799540722977, 0.009510421237630596, 0.009210205106330565, 0.008946893319071543, 0.008716378937450349, 0.008515360102951093, 0.008341140640163638, 0.008191503699393402, 0.008064624897482654, 0.007959009123867015, 0.007873443034869, 0.007806958786441244, 0.007758806301321965, 0.007728432269205531, 0.007715464656251537, 0.007719701849015696, 0.007741105842476506, 0.007779799065519812, 0.007836064617759276, 0.007910349813890917, 0.008003273072929997, 0.008115634295332333, 0.00824842900775758, 0.008402866673323796, 0.00858039372545219, 0.008782722041534163, 0.009011863787490755, 0.009270173797467335, 0.0095604009653738, 0.009885750485093683, 0.010249959252372595, 0.0106573873106331, 0.011113128968675175, 0.011623148129662803, 0.012194443557471993, 0.012835251275867357, 0.013555293199726565, 0.014366083469222312, 0.015281307012643817, 0.016317288666614155, 0.017493576034264408, 0.018833665246386477, 0.020365906293908734, 0.02212463364449326, 0.02415157882520744, 0.026497634230619165, 0.029225051628254416, 0.03241017324942971, 0.03614680663105215, 0.040550362084797405]
13.640000000000047	0.6676450842293593	[0.04598854737883777, 0.05220739585924464, 0.05962644039932942, 0.06850731390207422, 0.07916744317906212, 0.09198845204129613, 0.10742339803197237, 0.12600101017398171, 0.14832417360931746, 0.17505880295701745, 0.20690809155986575, 0.24456620026760556, 0.2886452383929265, 0.3395705896877661, 0.39744309827662566, 0.4618731517242917, 0.531801632914261, 0.605335401767141, 0.6796381421496723, 0.7509268551511553, 0.8146242125467922, 0.8657015452555457, 0.8992131724885342, 0.9109726373092666, 0.8982658294540846, 0.8604529765438959, 0.7993015537331825, 0.7189296027744295, 0.6253228363964888, 0.5254987074525689, 0.42649072478530337, 0.3343794279704011, 0.2535805448228191, 0.18652059596517032, 0.1337159534432773, 0.09416549563625987, 0.06590468745343214, 0.04656371222001219, 0.03381371541530822, 0.02564789830905982, 0.02050178056997811, 0.017252981703746333, 0.01515209942235207, 0.013729188579567559, 0.012704952751233258, 0.011920357109499685, 0.01128734343414046, 0.010757490629302644, 0.01030360343495462, 0.009909584316666624, 0.009565146788961764, 0.009263154659985881, 0.008998302341082608, 0.008766450263882225, 0.008564272684654073, 0.008389055050515256, 0.008238565943925637, 0.008110969258862549, 0.008004760416116297, 0.007918718456849784, 0.007851869495722207, 0.0078034587778830255, 0.007772929527782301, 0.007759907342630617, 0.007764189257449199, 0.007785736876317763, 0.007824673168542148, 0.007881282692640509, 0.007956015150997645, 0.008049492304237802, 0.008162518395627061, 0.008296094359019502, 0.008451436216098169, 0.0086299982165242, 0.0088335014459565, 0.009063968830187142, 0.009323767709634369, 0.009615661459780394, 0.009942872006249588, 0.010309155548214636, 0.010718894386831783, 0.011177208489121168, 0.011690091344355552, 0.012264575842683643, 0.01290893739234144, 0.013632943377289902, 0.014448160448343341, 0.01536833416868393, 0.0164098593588116, 0.017592364293231386, 0.01893943790485334, 0.020479536576281435, 0.02224711614975931, 0.024284045605639522, 0.026641371414071892, 0.029381515489158516, 0.03258100400412092, 0.0363338370677564, 0.04075561678728433]
13.600000000000048	0.6700448317209104	[0.04621568070065286, 0.05245736762546027, 0.05990163023302188, 0.06881001428072783, 0.07949964562789602, 0.09235152921174498, 0.10781765186358677, 0.1264250572087147, 0.14877414661462562, 0.1755273684146163, 0.20738332023074746, 0.24503038839116037, 0.2890738607936708, 0.3399316683375783, 0.39769737125122745, 0.4619754950730539, 0.5317041688997902, 0.6049925646200028, 0.6790136179036932, 0.7500017667216481, 0.8134052604731219, 0.8642272220287589, 0.8975559019600651, 0.9092350207521194, 0.8965702443877235, 0.8589254609113521, 0.7980527757662849, 0.7180370995595798, 0.624818944701567, 0.5253674001422022, 0.42667416504823286, 0.3347922751634221, 0.2541279265998873, 0.18711499039504248, 0.1342891636472627, 0.09467393241776835, 0.0663283989818104, 0.04690118219708221, 0.03407498684909199, 0.02584817365208622, 0.020656736331252555, 0.017376100912766108, 0.015253684862918638, 0.01381645727432222, 0.012782640901684876, 0.011991436141491897, 0.01135363735609069, 0.010820126231797901, 0.010363303334173424, 0.0099668422854173, 0.009620326338353169, 0.009316542300199956, 0.00905013598769647, 0.008816934707732225, 0.008613588517074808, 0.008437364272647498, 0.008286015833222296, 0.008157695252560306, 0.008050888389782051, 0.007964366598636063, 0.00789714989434128, 0.00784847880045145, 0.0078177930419612, 0.007804715823803038, 0.0078090428137924245, 0.007830735218574907, 0.007869916547992944, 0.007926872827890447, 0.008002056163143876, 0.008096091678929301, 0.008209787990935885, 0.008344151478360895, 0.008500404767047347, 0.008680009977952539, 0.008884697468758921, 0.009116500999811603, 0.009377800502932349, 0.009671373933265365, 0.010000460058969965, 0.010368834509007266, 0.010780901984047584, 0.011241808269774408, 0.011757576620382496, 0.012335274253020043, 0.012983216182059464, 0.013711215506652216, 0.014530891656016382, 0.015456051120230291, 0.016503159013024498, 0.017691924606671156, 0.01904602996418777, 0.020594038182194664, 0.022370526761812757, 0.024417502361308897, 0.02678616562696357, 0.029539108547525436, 0.032753040872442005, 0.03652215453058568, 0.04096224207294355]
13.560000000000048	0.6724615787413756	[0.046444279915218524, 0.05270888667968707, 0.06017844129886355, 0.06911439623274976, 0.07983356794266543, 0.09271633218029278, 0.10821359195686099, 0.126850691037898, 0.14922553047907736, 0.17599707718655533, 0.20785931914070566, 0.24549486185900302, 0.28950217296328956, 0.3402917477810699, 0.3979498927178541, 0.4620753213789777, 0.5316034668750729, 0.6046458792658701, 0.6783847966231923, 0.7490721254982526, 0.8121816810624483, 0.862748332739835, 0.8958941806455271, 0.9074930424378854, 0.8948703019794043, 0.8573935127243553, 0.7967994795351833, 0.7171401090031317, 0.6243108479589798, 0.5252325163381761, 0.42685500876583304, 0.3352037627169857, 0.2546752690011231, 0.1877105510106391, 0.13486446571661412, 0.0951850182707169, 0.0667549477181632, 0.047241379024605096, 0.03433868322803803, 0.026050488429518296, 0.020813346537495874, 0.01750054083375437, 0.015356328632487886, 0.01390459207263201, 0.012861060920480779, 0.012063155598237877, 0.011420509399952821, 0.010883296448173638, 0.010423506131852058, 0.010024578853417492, 0.009675965019222979, 0.009370372948376345, 0.00910239901104397, 0.008867836879926566, 0.00866331209376855, 0.008486072699626888, 0.00833385767680602, 0.008204807116933843, 0.00809739722575263, 0.008010391593741829, 0.007942804080232234, 0.007893870440185875, 0.007863026866727895, 0.007849894146689029, 0.00785426656679433, 0.007876104927651107, 0.007915533281498173, 0.007972839128225577, 0.00804847699171099, 0.008143075383237946, 0.008257447322233135, 0.008392604670261263, 0.008549776704663194, 0.00873043347183867, 0.008936314667088807, 0.009169464959250686, 0.009432276958678149, 0.009727543297634101, 0.010058519699834822, 0.01042900134978902, 0.010843415491999048, 0.011306933890555535, 0.011825609746324375, 0.012406544803163274, 0.013058093906675877, 0.013790116115580632, 0.014614283909292595, 0.015544464993623225, 0.01659719508963325, 0.01779226478786959, 0.019153449615040678, 0.020709419693211963, 0.022494874473406833, 0.024551958496393904, 0.02693202669375526, 0.02969784102069578, 0.03292629444984016, 0.03671176991396622, 0.0411702490784107]
13.52000000000005	0.6748955020860812	[0.04667435634328683, 0.05296196419339481, 0.06045688451389612, 0.06942046993283477, 0.08016921941082475, 0.09308286857029886, 0.10861122415729649, 0.12727791460371282, 0.14967832534692696, 0.1764679251537285, 0.20833608058288317, 0.24595960767535624, 0.289930158333655, 0.3406508060757735, 0.3982006384853962, 0.46217260227264934, 0.5314994987386273, 0.6042953154623119, 0.6777516509840688, 0.748137903708245, 0.8109534508142354, 0.8612648537931451, 0.8942279886625327, 0.9057466814552328, 0.8931659830862612, 0.8558571103013352, 0.7955416427714261, 0.7162386051756457, 0.623798518484797, 0.5250940258637531, 0.4270332263340514, 0.33561386347369937, 0.2552225510511332, 0.188307265232885, 0.13544185721046154, 0.09569876051749296, 0.06718434913733173, 0.04758432350767312, 0.03460482771291748, 0.02625486552601247, 0.020971632023828162, 0.01762631936623106, 0.015460045566419767, 0.01399360508705303, 0.012940222746483623, 0.01213552380936382, 0.011487966759674433, 0.010947007692374968, 0.010484217702959035, 0.010082799516585103, 0.009732068046355643, 0.009424651604499387, 0.009155096236406252, 0.008919161463728974, 0.008713447976383336, 0.008535184792703801, 0.00838209584883791, 0.008252309155548494, 0.00814429116713986, 0.008056797638753487, 0.007988836211929966, 0.007939637829870507, 0.007908635116701233, 0.007895446418989914, 0.00789986462443592, 0.007921850122436637, 0.007961527506026652, 0.008019185759074142, 0.008095281838013552, 0.008190447664834958, 0.008305500691480285, 0.008441458301859208, 0.0085995564699377, 0.00878127322466169, 0.008988357662568126, 0.009222865437992125, 0.009487201925102204, 0.009784174534032148, 0.010117056055238391, 0.010489661358200376, 0.010906440373561466, 0.011372591007768055, 0.011894196587650598, 0.012478393588452954, 0.013133576908739078, 0.013869651817205342, 0.014698344110172346, 0.015633583005574193, 0.016691975137674033, 0.017893392745580647, 0.019261705139374093, 0.020825689791235988, 0.022620168369019204, 0.024687423519634905, 0.02707896452683724, 0.029857723233695403, 0.033100775408490234, 0.03690269422176892, 0.04137964899332759]
13.48000000000005	0.6773467809256106	[0.04690592135823471, 0.05321661147377402, 0.060736970790136055, 0.06972824569943219, 0.08050660921677512, 0.09345114616899762, 0.10901055405496729, 0.12770673106214608, 0.15013253089088588, 0.17693990851787758, 0.20881359610209038, 0.24642461335931787, 0.2903577992724804, 0.34100882208664485, 0.3984495829806201, 0.46226731054449094, 0.5313922347239877, 0.6039408444327089, 0.677114151776556, 0.7471990751701232, 0.8097205442210398, 0.8597767630718772, 0.8925573041805185, 0.9039959181142351, 0.8914572669354887, 0.854316232927788, 0.7942792420846712, 0.7153325628738282, 0.6232819279078416, 0.5249518989277899, 0.4272087876186599, 0.3360225502487887, 0.2557697512413317, 0.18890512021056666, 0.13602133526708438, 0.0962151662831434, 0.0676166185808929, 0.04793003650449349, 0.034873443609550484, 0.02646132806216878, 0.021131613887594426, 0.017753454673915932, 0.015564850738650163, 0.014083508634649146, 0.013020136488611854, 0.012208549243409736, 0.011556016745775242, 0.011011266476424038, 0.010545444010274607, 0.010141509848838826, 0.009788640708844923, 0.009479383336993432, 0.009208232556633096, 0.008970913205673354, 0.008764000790143046, 0.008584705073159976, 0.008430734784365141, 0.00830020572984268, 0.008191574516068405, 0.008103588986733261, 0.008035250505739432, 0.007985785157975982, 0.007954621963570612, 0.007941376803824578, 0.007945841151567228, 0.007967974977439523, 0.008007903415690215, 0.008065916942125809, 0.008142474961251745, 0.008238212828733675, 0.0083539524597417, 0.008490716799161102, 0.00864974856467551, 0.008832533823758773, 0.009040831139860895, 0.009276707228865458, 0.00954258031626341, 0.009841272689956068, 0.010176074320792428, 0.010550819891797587, 0.010969982164868615, 0.0114387853517693, 0.011963343087828373, 0.012550826782977503, 0.0132096716142671, 0.013949829308573252, 0.01478307925033068, 0.01572341246214367, 0.016787506802734803, 0.01799531648315675, 0.019370804923089523, 0.020942857256974177, 0.022746417644661815, 0.02482390704017541, 0.027226989157467817, 0.030018765608226815, 0.03327649454595233, 0.03709493854097302, 0.04159045313809562]
13.440000000000051	0.6798155969014168	[0.04713898640320443, 0.0534728398808491, 0.06101871108045044, 0.07003773386507682, 0.08084574654375, 0.09382117272013285, 0.10941158717620753, 0.12813714343366647, 0.15058814661338535, 0.17741302318005284, 0.20929185687180923, 0.24688986582893443, 0.2907850774243313, 0.34136577361734693, 0.39869669945118197, 0.4623594174737716, 0.5312816436474114, 0.6035824359347066, 0.6764722689111131, 0.7462556132664766, 0.8084829363749183, 0.8582840396675989, 0.8908821073541285, 0.9022407346301861, 0.8897441343669613, 0.8527708603979645, 0.7930122535441233, 0.7144219552288892, 0.622761045734688, 0.5248061036516602, 0.4273816610853597, 0.3364297953400106, 0.2563168484288333, 0.18950410401339596, 0.13660289815567458, 0.09673424372273506, 0.06805177217877036, 0.048278539403992654, 0.03514455456919906, 0.0266698994037278, 0.021293313435041743, 0.01788196512228596, 0.01567075942214315, 0.014174315221771035, 0.013100812427870855, 0.012282240520357871, 0.011624666800334528, 0.011076079427251619, 0.01060719111870378, 0.01020071551691063, 0.009845688381880241, 0.009534573295502585, 0.00926181294208919, 0.009023096926930929, 0.00881497523254122, 0.008634638132610015, 0.008479778987104848, 0.00834850126855069, 0.008239251640771442, 0.008150769955891493, 0.00808205124230045, 0.008032316676686262, 0.008000991642243339, 0.007987689527202987, 0.007992200375717172, 0.008014483729788307, 0.008054665267271164, 0.008113036961936267, 0.00819006068379309, 0.008286375243558098, 0.008402807052241777, 0.008540384653025541, 0.0087003575563323, 0.00888421992306582, 0.00909373985128414, 0.009330995193564244, 0.009598417116403005, 0.009898842884566883, 0.010235579765361389, 0.010612482383146564, 0.01103404647892039, 0.011505522731805875, 0.01203305527131884, 0.012623850644077256, 0.013286384534825328, 0.014030655374698968, 0.014868496411775362, 0.015813960762160368, 0.016883797825385544, 0.018098044101124464, 0.01948075745094185, 0.021060930971518812, 0.02287363159725814, 0.02496141876832424, 0.02737611071651786, 0.030180978663770425, 0.03345346275264659, 0.03728851404662536, 0.04180267291126023]
13.400000000000052	0.6823021341411628	[0.04737356313717715, 0.05373066087554347, 0.06130211657633186, 0.07034894479065233, 0.08118664084197758, 0.09419295587119862, 0.10981432937529834, 0.12856915448119155, 0.1510451725156389, 0.1778872646659838, 0.20977085499425496, 0.24735535170820105, 0.2912119762112758, 0.3417216385655817, 0.39894196410435795, 0.46244889485895646, 0.5311676980932485, 0.6032200598115712, 0.675825975275256, 0.7453074892834752, 0.8072406025428012, 0.8567866574719182, 0.8892023757488814, 0.9004811070909805, 0.888026564187802, 0.851220969684744, 0.791740655016514, 0.7135067571821829, 0.6222358457218767, 0.5246566108530063, 0.42755181736283626, 0.33683557067105724, 0.25686381986988516, 0.19010420181546178, 0.13718654130629052, 0.0972559985389047, 0.06848982453139323, 0.04862985285889321, 0.035418184169070374, 0.026880603193752614, 0.02145675239810357, 0.018011869495841208, 0.015777787242339587, 0.01426603762605112, 0.013182261046946406, 0.012356606413244032, 0.011693924484248224, 0.011141453271909569, 0.010669465178725914, 0.010260422267346248, 0.009903216513027432, 0.009590226700851162, 0.009315842429223314, 0.009075717515257632, 0.008866376063511204, 0.008684988626353864, 0.008529233020911957, 0.008397200262156844, 0.008287326968205099, 0.008198344924955216, 0.008129242760246022, 0.008079236698058904, 0.00804774844546595, 0.008034388874902702, 0.008038946582613615, 0.008061380676786573, 0.00810181737659302, 0.00816055016415245, 0.008238043388363816, 0.008334939340459046, 0.008452068956368686, 0.008590466418817675, 0.008751388076849729, 0.00893633624358979, 0.009147088616524385, 0.009385734264061486, 0.009654717380636469, 0.009956890311236616, 0.010295577732885681, 0.010674654343783832, 0.011098639008780827, 0.011572809041817813, 0.012103339248523665, 0.01269747152064547, 0.01336372227478934, 0.014112136900366749, 0.014954602777271245, 0.015905235414074865, 0.016980856055981288, 0.018201583821450446, 0.019591571327380652, 0.021179919951538968, 0.0230018196535433, 0.02509996856671739, 0.027526339473316855, 0.030344373091543, 0.03363169106100277, 0.03748343210707545, 0.04201631984481059]
13.360000000000053	0.6848065793226563	[0.04760966319478649, 0.05399008603084753, 0.06158719835720592, 0.07066188897214083, 0.08152930130950233, 0.09456650345279799, 0.11021878602562596, 0.12900276721702225, 0.15150360772898697, 0.17836262878456585, 0.21025058103570346, 0.24782105780208077, 0.2916384764749453, 0.34207639471406476, 0.3991853492795733, 0.46253571415092076, 0.5310503659327337, 0.6028536861563213, 0.6751752397524972, 0.7443546768904384, 0.8059935165834284, 0.8552845955830507, 0.8875180881078127, 0.8987170174856554, 0.8863045359878713, 0.8496665404505405, 0.7904644218364945, 0.7125869419674414, 0.6217062970248839, 0.5245033886460992, 0.4277192244334484, 0.3372398480553825, 0.25741064361181226, 0.19070540092459393, 0.1377722622536072, 0.09778043841880388, 0.0689307915711937, 0.04898399837546397, 0.035694356413303964, 0.027093463313408523, 0.021621952663409647, 0.018143186735862196, 0.01588594999520843, 0.014358688803593908, 0.01326449300228387, 0.012431655852150676, 0.011763797499341536, 0.011207394859061751, 0.010732272451486446, 0.010320635944189662, 0.009961230643033708, 0.009646348858315128, 0.009370326138221962, 0.009128779935465984, 0.008918208120919528, 0.008735761281966823, 0.008579101523507179, 0.008446307270090415, 0.008335804996190507, 0.008246318339268343, 0.008176829466883305, 0.008126549599222384, 0.008094896733154326, 0.008081479196875394, 0.008086084124263997, 0.008108670179579246, 0.008149364125440343, 0.008208460958441289, 0.008286427523877577, 0.00838390961526738, 0.008501742726455609, 0.008640966717709829, 0.008802844826398641, 0.008988887573733815, 0.009200882325310801, 0.009440929441772357, 0.009711486236469532, 0.01001542023527, 0.010356073642578026, 0.010737341360078619, 0.011163765526189386, 0.011640650253807314, 0.012174201212401096, 0.01277169584303417, 0.013441691525353848, 0.014194280855078909, 0.015041405620866583, 0.015997244013634872, 0.017078689440528597, 0.01830594395436698, 0.01970325525634486, 0.021299833299800466, 0.023130991342524335, 0.025239566376353974, 0.027677685800789584, 0.030508959644128534, 0.03381119060718617, 0.03767970412037147, 0.04223140557549298]
13.320000000000054	0.6873291216774544	[0.04784729846194833, 0.05425112684515437, 0.06187396783049251, 0.0709765766591512, 0.08187373760338358, 0.09494182276541532, 0.11062496318929534, 0.12943798369580936, 0.1519634524733571, 0.17883910981211504, 0.21073102731511312, 0.24828696870954664, 0.2920645618072244, 0.3424300169522713, 0.3994268313161555, 0.4626198432268419, 0.5309296201462367, 0.6024832806686313, 0.6745200366517778, 0.743397144265337, 0.8047416569501489, 0.8537778266440037, 0.885829226444025, 0.8969484416242443, 0.8845780320815981, 0.8481075482716717, 0.7891835324741693, 0.7116624813211254, 0.6211723718278526, 0.5243464046885614, 0.42788385173734994, 0.33764259824534765, 0.2579572973081367, 0.1913076870648951, 0.13836005753541997, 0.09830756995374064, 0.06937468875365277, 0.04934099722689344, 0.03597309543982054, 0.0273085039016827, 0.021788936462751343, 0.018275936112241643, 0.015995263768729888, 0.014452281951115937, 0.013347519141549151, 0.012507397923953969, 0.011834293671927136, 0.011273911147731467, 0.010795619289554853, 0.010381362480457264, 0.010019736388821462, 0.00970294515221099, 0.009425269257805348, 0.009182289226013492, 0.008970476306753706, 0.008786960897157418, 0.008629389193965574, 0.00849582691939774, 0.00838469028219755, 0.008294694709979431, 0.008224815828252066, 0.008174259821898901, 0.008142440923671288, 0.008128964907019096, 0.008133617411367026, 0.008156356663160686, 0.008197309955004527, 0.008256773818771566, 0.008335217599813977, 0.008433290629126027, 0.008551832979000461, 0.008691890237772937, 0.008854732569366574, 0.009041878770992887, 0.009255125934118789, 0.00949658580005061, 0.009768728881191568, 0.010074437997475282, 0.010417072987008773, 0.010800549098273436, 0.011229431880368523, 0.011709052424938207, 0.012245647438047114, 0.012846530133111595, 0.013520299064937166, 0.014277094307468693, 0.015128912309097452, 0.016089994264857244, 0.017177306022418952, 0.018411132929421228, 0.019815818042587308, 0.02142068025193404, 0.02326115629386272, 0.02538022228817518, 0.02783016016481738, 0.03067474924652988, 0.03399197259797217, 0.037877341688443145, 0.04244794176142048]
13.280000000000054	0.6898699530951691	[0.048086480613419406, 0.054513795470970024, 0.06216243589967294, 0.07129301911174117, 0.08221995836829467, 0.09531892271715056, 0.11103286508669068, 0.1298748085528659, 0.1524247038750887, 0.1793167061158876, 0.21121218133646016, 0.24875307528971655, 0.29249020885236676, 0.3427824891860288, 0.39966637721815806, 0.46270126184531307, 0.5308054219144259, 0.6021088229629973, 0.6738603261549269, 0.7424348737546043, 0.8034849863247643, 0.8522663359016631, 0.8841357571485002, 0.8951753657510416, 0.8828470220209738, 0.8465439775849526, 0.7878979573717908, 0.7107333544678233, 0.6206340383148123, 0.5241856317307237, 0.42804566630939844, 0.3380437939260308, 0.2585037562848417, 0.19191104568729175, 0.13894992172339207, 0.09883739904034687, 0.06982153057397518, 0.04970087052452539, 0.03625442532772654, 0.027525749376414017, 0.021957726336634002, 0.01841013724954037, 0.01610574496011043, 0.014546830525187984, 0.01343135052792324, 0.012583841880190816, 0.011905420975046214, 0.011341009207679395, 0.010859512158416157, 0.010442607894555853, 0.010078739465346194, 0.009760021040134154, 0.009480677067418798, 0.00923625049210592, 0.009023185609172252, 0.008838592332558919, 0.008680100814111146, 0.008545763897886118, 0.008433987463689842, 0.008343478608007, 0.008273206388204921, 0.008222371867456158, 0.008190385511605489, 0.008176850479406136, 0.008181550929899384, 0.008204444613740626, 0.008245659381488286, 0.008305493281800436, 0.008384418201113629, 0.008483087007737235, 0.008602344407160803, 0.008743241733903888, 0.008907056148788743, 0.009095314762366318, 0.00930982448090695, 0.009552708484864485, 0.009826450597344459, 0.01013394901482742, 0.010478581348832174, 0.010864283304751678, 0.011295644016707372, 0.01177802169682715, 0.012317684304343574, 0.012921981001642322, 0.01359955178533791, 0.01436058441920544, 0.015217130334155988, 0.01618349396776689, 0.01727671398683885, 0.018517159272305843, 0.0199292686547092, 0.02154247013386756, 0.023392324332685215, 0.02552194646567031, 0.027983773274508936, 0.03084175285572005, 0.03417404855912622, 0.03807635636204644, 0.04266594050451421]
13.240000000000055	0.6924292681022718	[0.04832722188307408, 0.05477810331758498, 0.0624526143874498, 0.07161122623145344, 0.08256797379916879, 0.0956978098385462, 0.11144249853772452, 0.13031324242258005, 0.15288736328037233, 0.17979540960998663, 0.21169403710514936, 0.24921935852123786, 0.29291540365570873, 0.3431337811971221, 0.3999039667414225, 0.4627799313529825, 0.5306777487850807, 0.6017302713613791, 0.6731960884330352, 0.741467826345075, 0.8022234901549363, 0.8507500899010126, 0.8824376694381885, 0.8933977607066058, 0.8811114938928827, 0.8449757994301758, 0.7866076781266862, 0.7097995287989921, 0.6200912695714526, 0.5240210340449744, 0.4282046377803272, 0.3384434041268016, 0.2590499986166483, 0.19251546213065387, 0.13954185193951385, 0.09936993245652134, 0.07027133302272792, 0.05006363992781826, 0.03653837075118521, 0.027745224394138714, 0.022128345087542706, 0.018545809964161625, 0.016217410171159904, 0.014642348177692645, 0.013515998396824859, 0.01266099713931652, 0.011977187509920462, 0.011408696240844141, 0.010923957617433998, 0.010504378314774757, 0.010138245661648441, 0.00981758207790484, 0.009536554909870185, 0.009290668930507541, 0.009076341073577321, 0.008890660535584198, 0.008731241219445388, 0.008596122976158988, 0.008483701229901976, 0.008392674683614407, 0.00832200574161122, 0.008270890313690243, 0.00823873504260397, 0.008225140462222148, 0.008229889217477603, 0.008252938589991097, 0.008294416973684741, 0.008354623955700436, 0.00843403396652309, 0.008533303448095941, 0.008653281759323214, 0.008795026032805442, 0.008959820464524574, 0.009149200547923819, 0.009364983062191303, 0.009609302717300457, 0.009884656727841548, 0.010193958782310908, 0.010540604372857061, 0.010928549807745422, 0.011362407944288942, 0.011847564297900003, 0.012390318254765704, 0.012998055152569575, 0.013679456642490066, 0.014444758453406273, 0.015306067249260582, 0.016277751034881268, 0.01737692157192012, 0.01862403163665631, 0.02004361609705705, 0.021665212422442046, 0.023524505286169537, 0.025664749259815153, 0.028138535777812154, 0.031009981678175823, 0.03435742983985997, 0.03827676005150999, 0.04288541352399528]
13.200000000000056	0.695007263956591	[0.048569534371753244, 0.05504406234590808, 0.06274451474755742, 0.07193120875239922, 0.0829177933139191, 0.09607849196834045, 0.11185386892259574, 0.13075328802826927, 0.15335142959415954, 0.1802752155075001, 0.2121765847907115, 0.24968580439702964, 0.2933401266508489, 0.34348386991199487, 0.40013957197106564, 0.46285582240600914, 0.5305465684845931, 0.6013475950442272, 0.672527291926712, 0.7404959742235275, 0.8009571410652273, 0.8492290654932344, 0.880734940168214, 0.8916156061475158, 0.879371425764766, 0.843402992195071, 0.7853126697486811, 0.7088609774889576, 0.619544034998466, 0.5238525796011595, 0.42836073349426573, 0.33884139929595863, 0.2595960005028599, 0.19312092164633976, 0.1401358438805056, 0.0999051765714955, 0.0707241114177373, 0.050429327027429804, 0.03682495637011442, 0.027966953862477148, 0.0223008157960608, 0.01868297439547555, 0.016330276294936722, 0.01473884881341261, 0.013601474198190413, 0.012738873289325804, 0.012049601527918476, 0.0114769795665273, 0.010988962341568842, 0.010566679960860423, 0.010198260866431493, 0.009875633900308019, 0.009592908219796959, 0.009345549810278207, 0.009129947832460416, 0.008943170522013518, 0.008782815329126113, 0.008646908990876528, 0.008533836351060684, 0.00844228765194452, 0.008371218562304055, 0.00831981980295204, 0.008287494139873881, 0.008273839468547744, 0.008278636888521755, 0.008301843216362799, 0.008343587377107511, 0.008404170515781878, 0.008484069612125887, 0.00858394471614288, 0.008704649862554651, 0.00884724803238526, 0.009013030497222184, 0.009203541201670322, 0.009420606858204566, 0.009666373795608963, 0.009943352703141409, 0.010254472875824622, 0.010603147796283848, 0.010993354520675121, 0.011429729770619937, 0.011917686546522071, 0.012463555838674248, 0.01307475938486025, 0.01376002070746581, 0.014529623773296493, 0.01539573073436837, 0.016372773483214677, 0.017477937157383296, 0.018731758782926513, 0.02015886953519994, 0.021788916698934502, 0.023657709169822044, 0.025808641113970184, 0.028294458550454572, 0.03117944698191953, 0.034542128077888576, 0.0384785646628181, 0.0431063729258598]
13.160000000000057	0.6976041406673801	[0.04881343021732318, 0.05531168466762877, 0.06303814839690815, 0.07225297756780599, 0.08326942617161942, 0.09646097712183475, 0.11226698127834717, 0.13119494831152073, 0.15381690112928764, 0.18075611933409302, 0.21265981368230033, 0.2501523994094167, 0.29376435712421095, 0.3438327330621389, 0.40037316366813924, 0.4629289068411508, 0.5304118473322953, 0.6009607646382793, 0.6718539035792642, 0.7395192909459088, 0.799685910004949, 0.8477032404619738, 0.8790275444217795, 0.8898288822298055, 0.8776267942545455, 0.8418255347089114, 0.7840129065145593, 0.7079176742825822, 0.6189923037933506, 0.5236802367351777, 0.42851392052614795, 0.33923774970219506, 0.2601417375690888, 0.1937274089710774, 0.14073189269152014, 0.10044313740396434, 0.0711798808973829, 0.050797953449542056, 0.03711420702812039, 0.028190962974948056, 0.022475161867673593, 0.018821651004628577, 0.01644436051667107, 0.014836346586631176, 0.013687789590773372, 0.012817480088774685, 0.012122671424078236, 0.011545866624333007, 0.011054533113338089, 0.01062951914723222, 0.010258791058358026, 0.00993418222423282, 0.009649742512809414, 0.009400898475730005, 0.009184011093939454, 0.008996127378591873, 0.008834828134328995, 0.00869812684678666, 0.00858439766687022, 0.008492322294317501, 0.008420849591860605, 0.008369165042615298, 0.008336667493315861, 0.008322952175968982, 0.008327798623709354, 0.008351163181860742, 0.00839317530366851, 0.008454137702486384, 0.008534529921103914, 0.008635015644039555, 0.008756453612278602, 0.008899912698374967, 0.009066691297714147, 0.009258341867564622, 0.009476701121784711, 0.009723927090670586, 0.010002544029353697, 0.010315496947139624, 0.010666217435672769, 0.011058703436651867, 0.011497615686976435, 0.011988394845129795, 0.012537403694339637, 0.013152100586428484, 0.01384125114612574, 0.014615187836258939, 0.015486128570815369, 0.01646856942915916, 0.01757976923154422, 0.018840349575540732, 0.020275038250951068, 0.021913592651440557, 0.023791946123197013, 0.025953632577474083, 0.02845155259979242, 0.03135016013312894, 0.03472815504952164, 0.03868178217992631, 0.043328830960883254]
13.120000000000058	0.7002201010574549	[0.049058921509274704, 0.05558098269928998, 0.0633335265535122, 0.07257654398200934, 0.08362288117469402, 0.0968452739052269, 0.11268183977155653, 0.1316382271087319, 0.15428377471467988, 0.18123811801161577, 0.21314371076354152, 0.25061913223017934, 0.29418807108570927, 0.34418035166655186, 0.40060470831885614, 0.4629991611061731, 0.5302735464604285, 0.6005697565541425, 0.6711758843542567, 0.7385377563479938, 0.7984097613239554, 0.8461725984255016, 0.8773154505526043, 0.888037573933464, 0.8758775700953495, 0.8402434097158559, 0.782708358597994, 0.7069695961379177, 0.6184360428487778, 0.5235039760225796, 0.4286641645655482, 0.33963242654640907, 0.2606871842605071, 0.19433490879724316, 0.1413299925860973, 0.1009838207366859, 0.07163865620715879, 0.0511695408740029, 0.037406147677756026, 0.028417277232705724, 0.022651407030583565, 0.018961860599086316, 0.01655968032926348, 0.014934855917088173, 0.0137749564557651, 0.012896827474919001, 0.012196405747959707, 0.011615364978548854, 0.011120676832895648, 0.010692902285825277, 0.010319842316205852, 0.009993232850765088, 0.00970706339581344, 0.009456720348112107, 0.009238536152117092, 0.009049536264559952, 0.008887284708479935, 0.008749781518318428, 0.00863539009648794, 0.00854278346005284, 0.008470903649243326, 0.008418930807235206, 0.008386259868808773, 0.008372483329124417, 0.008377379178929362, 0.008400903242987999, 0.008443185540360608, 0.00850453032470491, 0.008585419752229118, 0.00868652113382069, 0.008808697980666615, 0.008953025068267867, 0.00912080799540615, 0.009313607763687858, 0.009533271186865755, 0.009781968050335668, 0.010062236296950874, 0.010377036728343007, 0.010729819196021598, 0.011124602632943235, 0.01156607197804141, 0.012059695684607281, 0.012611868559415595, 0.013230085738259848, 0.013923155230848772, 0.014701458197440356, 0.015577268654949494, 0.0165651470910961, 0.017682426407875082, 0.01894981298368832, 0.02039213166357793, 0.022039250072289504, 0.023927226438595628, 0.026099734296708595, 0.02860982910579104, 0.031522132575233605, 0.03491552273110013, 0.03888642462133197, 0.043552800120492736]
13.080000000000059	0.7028553508072428	[0.04930602105823012, 0.05585196818515315, 0.06363066158173937, 0.07290191802749456, 0.08397816899785743, 0.09723138866077861, 0.11309845163147918, 0.13208312442548995, 0.15475205207685075, 0.18172120229714928, 0.2136282705162387, 0.2510859821435844, 0.29461125535541766, 0.3445266933435215, 0.4008341869192429, 0.46306654395583413, 0.5301316450315151, 0.6001745259543768, 0.6704932159287543, 0.7375513274373245, 0.7971286812916148, 0.8446371012569489, 0.8755986479356104, 0.8862416476946849, 0.8741237416807189, 0.8386565853532219, 0.7813990086485473, 0.7060167091575009, 0.617875226344158, 0.5233237607297226, 0.4288114350584317, 0.3400253969778355, 0.2612323170306905, 0.19494340413928804, 0.1419301389355889, 0.10152723188637663, 0.07210045273436703, 0.051544110975679555, 0.037700803656594735, 0.028645922317777916, 0.02282957531967775, 0.01910362423819701, 0.016676253487646023, 0.01503439146159549, 0.013862986873017236, 0.01297692557155744, 0.012270813187844325, 0.011685482337602136, 0.011187400500160009, 0.010756835908967173, 0.010381420797580584, 0.010052791689739743, 0.009764876543559904, 0.00951302095098937, 0.009293528362881815, 0.009103402436896104, 0.008940190183480383, 0.00880187807378743, 0.008686818616042036, 0.008593676088993073, 0.008521385610145243, 0.008469121959059927, 0.008436276089602743, 0.008422437758162179, 0.0084273833686882, 0.00845106824032438, 0.008493622934465957, 0.008555353274797508, 0.008636744026558573, 0.008738466171257498, 0.008861388004449076, 0.00900659026447654, 0.009175385786799462, 0.009369344195186693, 0.009590322457269276, 0.0098405022127032, 0.010122435169315939, 0.010439098046107261, 0.010793959058421105, 0.011191058287076611, 0.011635105007767875, 0.012131595663399875, 0.012686957253663785, 0.013308721938287226, 0.014005740317978164, 0.014788442541158167, 0.01566915896676981, 0.016662514832922228, 0.017785917378836218, 0.019060158144779935, 0.020510159258340658, 0.022165898955189195, 0.0240635604458238, 0.026246957170597312, 0.0287692992291504, 0.031695376087393055, 0.035104242972198316, 0.039092504482200766, 0.043778292572730505]
13.04000000000006	0.7055100985029114	[0.04955474117381756, 0.05612465361525026, 0.06392956488253063, 0.07322911094438163, 0.08433529858129718, 0.09761932972545295, 0.11351682112121345, 0.13252964353553456, 0.1552217301101617, 0.18220536812780042, 0.21411347994543778, 0.25155293622017477, 0.295033885852078, 0.34487173666764853, 0.4010615656890289, 0.4631310285101928, 0.5299861039425523, 0.5997750455815322, 0.6698058598184082, 0.7365599812579098, 0.7958426365361064, 0.843096731625177, 0.8738771087436273, 0.88444108865411, 0.8723652830309457, 0.8370650434553938, 0.7800848274040826, 0.7050589873420474, 0.6173098194339911, 0.5231395581676647, 0.4289556961953278, 0.34041663077624185, 0.2617771104689032, 0.19555288007919305, 0.14253232696169948, 0.10207337748115024, 0.07256528606772732, 0.05192168605784349, 0.03799820049299555, 0.02887692425169984, 0.023009691000860602, 0.01924696326304797, 0.016794098003588668, 0.015134968116944819, 0.01395189314463715, 0.013057784679707508, 0.012345902602443481, 0.01175622653464469, 0.011254711249498839, 0.010821326642630321, 0.010443532775825874, 0.010112864728343147, 0.009823187736945923, 0.009569805876435697, 0.009348993182266292, 0.009157731215992707, 0.008993549786726535, 0.008854421642059924, 0.008738688293195426, 0.008645005180181601, 0.008572300438411853, 0.008519743419248705, 0.008486721064345327, 0.008472820352586848, 0.008477816090839571, 0.008501663074761993, 0.008544492415330276, 0.0086066115067622, 0.00868850774673434, 0.008790855805376632, 0.00891452880229241, 0.009060613474539412, 0.009230429951535677, 0.009425556534434625, 0.009647860422052098, 0.009899535185400873, 0.010183146398117175, 0.010501686799073134, 0.010858643096360438, 0.011258076650991485, 0.011704721237856701, 0.012204101456548726, 0.012762676701455426, 0.013388016362466547, 0.01408901387728917, 0.014876148629507362, 0.015761807611238923, 0.016760681092720837, 0.01789025097739976, 0.019171394260453074, 0.02062913068293841, 0.022293549336293766, 0.024200958669811288, 0.026395312097165023, 0.02892997437738585, 0.031869902365793706, 0.03529432795541799, 0.03930003402437981, 0.04400532096803937]
13.00000000000006	0.7081845556742461	[0.04980509474900553, 0.0563990511508996, 0.06423024871659283, 0.07355813324521314, 0.08469428017403391, 0.09800910403365955, 0.11393695453836404, 0.13297778526067616, 0.15569280890436418, 0.1826906075316753, 0.21459933105864598, 0.25201997586767144, 0.295455946117218, 0.34521545273586723, 0.40128682172824953, 0.46319257864198143, 0.5298368979166345, 0.5993712768676593, 0.6691137923274998, 0.7355636807639977, 0.7945516064150033, 0.8415514555047932, 0.872150814294132, 0.8826358656013257, 0.8706021755233847, 0.8354687545777068, 0.7787657938521246, 0.7040964003067242, 0.6167397956288206, 0.522951334692743, 0.42909691702452757, 0.34080609576866144, 0.26232153927289964, 0.19616331826001127, 0.14313654987706173, 0.10262226142825509, 0.07303317050966401, 0.052302287513671726, 0.03829836368703356, 0.029110309280992917, 0.023191778809770663, 0.019391899467338547, 0.016913232297133155, 0.015236601106298011, 0.014041687817926836, 0.013139415300270992, 0.012421682995681575, 0.011827605539809603, 0.011322616315921399, 0.010886381224237796, 0.010506184605743804, 0.010173458054387277, 0.00988200282900965, 0.009627080811419284, 0.009404936133338327, 0.009212528013241112, 0.009047368809828645, 0.008907417439949935, 0.008791004258515929, 0.008696775818154746, 0.008623653160572713, 0.008570800192584644, 0.008537599764949602, 0.008523636084299879, 0.008528682307689259, 0.008552692729067146, 0.00859579897842049, 0.008658310056703401, 0.008740715983608994, 0.008843695168339874, 0.008968125563563844, 0.009115099970997275, 0.009285945842857064, 0.009482250241566952, 0.009705890647201702, 0.0099590726675484, 0.010244375815731793, 0.010564808982192012, 0.010923877468261893, 0.011325664079019712, 0.011774927219563863, 0.0122772198490968, 0.01283903392159755, 0.01346797630629677, 0.014172983477825037, 0.014964584356238361, 0.015855222796754342, 0.016859654455966745, 0.017995436142278026, 0.01928353070087715, 0.02074905568898812, 0.02242221144990873, 0.024339431729173428, 0.026544810216035195, 0.029091866025010182, 0.03204572341473746, 0.035485789872282146, 0.03950902592310074, 0.04423389784933468]
12.960000000000061	0.7108789368852251	[0.05005709414947901, 0.05667517371519391, 0.06453272436320953, 0.07388899669503265, 0.08505512230257371, 0.0984007206072842, 0.11435885527917469, 0.13342755382789048, 0.15616528382393252, 0.18317691781548873, 0.2150858084267036, 0.25248709011092324, 0.2958774085125307, 0.3455578228115538, 0.4015099164857084, 0.46325117098171087, 0.5296839820381978, 0.598963196875798, 0.6684169686300527, 0.734562407970835, 0.793255551417559, 0.8400012607860654, 0.8704197314255413, 0.8808259684502303, 0.8688343888081221, 0.833867704092617, 0.777441875140599, 0.703128923972717, 0.6161651171561647, 0.5227590582225874, 0.42923505956603675, 0.3411937616914445, 0.26286557667534916, 0.19677470360183888, 0.14374280226288408, 0.10317389037037467, 0.07350412159889624, 0.05268593797148307, 0.03860131916517801, 0.029346104006707067, 0.023375863625937035, 0.019538454826809784, 0.01703367497073345, 0.015339305851437739, 0.014132383649048579, 0.013221828112300238, 0.012498163552472182, 0.011899627458449172, 0.011391123081901865, 0.010952006494112137, 0.010569382769094275, 0.010234577840317043, 0.009941327788751559, 0.009684851517516708, 0.009461362848264633, 0.009267798308866555, 0.009101652648221199, 0.008960870749819633, 0.008843771741914499, 0.008748993151377229, 0.008675448898667377, 0.00862229734732158, 0.008588917255698717, 0.008574889989021598, 0.00857998707154621, 0.008604162250733282, 0.008647547707676588, 0.008710454026766658, 0.008793373895854164, 0.00889698945998327, 0.009022183565696031, 0.009170055095972674, 0.009341938903240534, 0.009539430848454211, 0.009764418790067236, 0.01001912043236203, 0.010306129349043442, 0.010628470667001176, 0.01098966843131545, 0.011393827004533336, 0.01184572960844431, 0.012350957707227156, 0.012916036044238431, 0.013548609147569694, 0.014257656808909055, 0.015053757696527288, 0.015949412863477213, 0.016959443584759617, 0.018101481959137564, 0.01939657690073381, 0.020869944196142888, 0.022551895569538714, 0.024478990441812006, 0.026695462657388574, 0.029254985895717248, 0.03222285114002029, 0.03567864124866825, 0.039719492597461444, 0.04446403624591811]
12.920000000000062	0.7135934597572021	[0.05031075259968237, 0.05695303350644088, 0.06483700442728117, 0.07422171165314231, 0.08541783559424011, 0.09879418594117634, 0.11478253010600771, 0.13387894921841967, 0.1566391555965718, 0.18366428963064854, 0.21557290496060474, 0.25295425827753104, 0.29629825777913843, 0.34589881501759356, 0.401730828483922, 0.46330676544569843, 0.5295273326140693, 0.5985507624114972, 0.667715366987106, 0.7335561214518661, 0.7919544536988409, 0.8384461103455318, 0.8686838450885447, 0.8790113642161509, 0.8670619075341437, 0.8322618608713709, 0.7761130516052971, 0.7021565254061309, 0.615585756901181, 0.5225626924040845, 0.42937009183422653, 0.3415795947960402, 0.2634091971080927, 0.19738701744968729, 0.14435107766248603, 0.10372826846845518, 0.07397815407501661, 0.05307265921291282, 0.03890709290873826, 0.029584335188736828, 0.023561970759096284, 0.01968665172069892, 0.017155445012416008, 0.015443098095991108, 0.014223993639304693, 0.013305034008726499, 0.012575353606327213, 0.01197230054891401, 0.011460239030467239, 0.011018209418836435, 0.010633133825916657, 0.010296230373259871, 0.010001168652430151, 0.00974312386482217, 0.00951827902060671, 0.009323547687192056, 0.009156406755758979, 0.009014786954347584, 0.008896996030661528, 0.008801662425287765, 0.008727692832367804, 0.008674240045869126, 0.008640678659696725, 0.008626587194481694, 0.008631735495343728, 0.008656076777919146, 0.008699743749886283, 0.008763048609315162, 0.008846486707524965, 0.00895074397087374, 0.009076708154307948, 0.009225484283848376, 0.009398414646409666, 0.00959710398184011, 0.009823450582565304, 0.010079684351730199, 0.010368413003075476, 0.010692678028860841, 0.011056022324623858, 0.011462571971493252, 0.011917135145807287, 0.01242532201651062, 0.012993690288900638, 0.013629922394964808, 0.014343041652054002, 0.01514367677172106, 0.016044386244640607, 0.01706005730822208, 0.01820839760351248, 0.01951054249116408, 0.020991806202555325, 0.022682612208332332, 0.024619645676924994, 0.026847280856924085, 0.029419345707207858, 0.03240129785705176, 0.035872894491193144, 0.039931447045336105, 0.04469574885323703]
12.880000000000063	0.7163283450039357	[0.05056608288214709, 0.05723264345649631, 0.06514310065910298, 0.07455628964409378, 0.0857824291329528, 0.09918950840595106, 0.1152079831338788, 0.13433197439941125, 0.15711442063215425, 0.1841527182395262, 0.21606060692145745, 0.2534214665088551, 0.2967184690979131, 0.3462384070185573, 0.4019495235842727, 0.46335933450213734, 0.5293669106886908, 0.5981339456111231, 0.6670089490237249, 0.7325447968563268, 0.790648278963643, 0.8368859839855893, 0.8669431252750315, 0.8771920344671895, 0.8652847036968705, 0.8306512044760012, 0.7747792937595019, 0.7011791784802849, 0.6150016810602295, 0.5223622048558104, 0.4295019780427258, 0.34196356356720936, 0.2639523732289183, 0.19800024232426253, 0.14496136893197797, 0.10428540046918279, 0.07445528253139833, 0.053462473400476065, 0.03921571106370977, 0.029825029954417062, 0.023750125830042365, 0.019836512877143896, 0.017278561723141392, 0.015547993859338197, 0.014316531035936013, 0.0133890440745373, 0.012653262671455603, 0.012045633202378716, 0.011529971785595408, 0.011084997065042977, 0.01069744445735154, 0.010358422023612885, 0.010061531567348398, 0.009801903797709375, 0.009575690448780478, 0.00937978180169873, 0.009211636686464877, 0.00906917150251534, 0.008950682508287318, 0.008854788950292377, 0.00878039023433174, 0.008726633515333749, 0.008692889190424729, 0.008678732893586104, 0.008683932780515347, 0.008708441514974859, 0.00875239233924863, 0.008816099064321587, 0.008900059729823924, 0.00900496406093641, 0.009131704762751694, 0.00928139304040816, 0.0094553786752815, 0.009655275342182993, 0.009882991848176741, 0.01014077037380714, 0.010431232877755287, 0.010757437322113355, 0.011122945586597613, 0.011531905605574714, 0.011989150677885032, 0.012500319846695139, 0.013072003987090986, 0.013711923643006609, 0.014429145909653694, 0.015234349788947504, 0.016140151505764855, 0.017161504537815304, 0.01831619239836645, 0.019625437175950868, 0.021114651874989825, 0.022814371931120233, 0.0247614085039241, 0.027000276261101006, 0.029584957427707455, 0.03258107581608701, 0.036068562341355415, 0.040144902062857216, 0.04492904884732131]
12.840000000000064	0.7190838165444494	[0.050823098043101304, 0.057514016364421196, 0.06545102515444927, 0.07489274186188508, 0.0861489124968536, 0.09958669573383154, 0.11563521922765937, 0.13478663123733206, 0.15759107648410212, 0.184642197127343, 0.21654890223259424, 0.25388869821332677, 0.29713801987384353, 0.3465765725078893, 0.40216597038221646, 0.46340884534476967, 0.5292026805490341, 0.5977127125362849, 0.6662976803723242, 0.7315284041258847, 0.7893369980223943, 0.8353208573029681, 0.8651975477832898, 0.8753679580048654, 0.8635027541832982, 0.8290357118400608, 0.7734405744471367, 0.7001968537780686, 0.6144128558247518, 0.5221575601695154, 0.42963068194065396, 0.34234563504877763, 0.26449507803448075, 0.19861436081911216, 0.14557366975986885, 0.10484529166461101, 0.07493552221108267, 0.05385540309854967, 0.039527200147403775, 0.030068215713731042, 0.023940354746749225, 0.01998806130176256, 0.017403044678766813, 0.015654009421399634, 0.014410009318237191, 0.01347386960296055, 0.012731900436433723, 0.01211963396789085, 0.011600329103131104, 0.01115237662605227, 0.010762321452676587, 0.010421159272089336, 0.010122422776430223, 0.009861197361851422, 0.009633603019625866, 0.009436506401395664, 0.009267348078230854, 0.009124029934715092, 0.00900483663923976, 0.008908378125196277, 0.008833546456335519, 0.008779483069113532, 0.008745554139588808, 0.00873133236424089, 0.008736584206577122, 0.00876126175073056, 0.008805498788558514, 0.008869610736466069, 0.008954098353664893, 0.009059655175769454, 0.009187178905784953, 0.00933778695881663, 0.00951283667644782, 0.009713950719790273, 0.009943048496907924, 0.010202384539858427, 0.010494595162975058, 0.010822754898318201, 0.011190444749632955, 0.011601834634683459, 0.012061783149455883, 0.012575958375756228, 0.013150984573847469, 0.013794620601515126, 0.014515977592787362, 0.015325785078862614, 0.01623671732586886, 0.017263794318032245, 0.018424875783666878, 0.019741270802824222, 0.0212384914976525, 0.022947185459284345, 0.02490429010395284, 0.027154460487911293, 0.029751833120101268, 0.032762197458045234, 0.03626565759844655, 0.040359870664393664, 0.04516394939239785]
12.800000000000065	0.7218601014805425	[0.051081811488878116, 0.05779716489845913, 0.0657607904817729, 0.07523107913140353, 0.08651729591559038, 0.09998575489602037, 0.116064244200187, 0.13524292025537551, 0.15806912216077676, 0.18513271768013373, 0.21703778113046884, 0.2543559338774197, 0.2975568911637066, 0.3469132815191185, 0.4023801428643992, 0.46345526085315736, 0.529034613445282, 0.5972870240118588, 0.6655815340176838, 0.730506906364151, 0.788020587647249, 0.8337506972726818, 0.863447092199223, 0.8735391048438423, 0.8617160388204966, 0.8274153538475165, 0.772096870468767, 0.6992095198260623, 0.6138192519487334, 0.5219487228330522, 0.42975617004700845, 0.34272577533939974, 0.2650372844237169, 0.19922935338463293, 0.1461879723670348, 0.10540794550931099, 0.07541888738883921, 0.0542514702333931, 0.03984158665220741, 0.03031392008886752, 0.024132683827155263, 0.020141320423979172, 0.017528913852052994, 0.01576116139543734, 0.014504442230017706, 0.0135595221044163, 0.012811276757326634, 0.012194311544077227, 0.011671318857461695, 0.01122035541379518, 0.010827771697428892, 0.010484448704123312, 0.01018384860805865, 0.009921010700427408, 0.009692022699479674, 0.0094937273282017, 0.009323546644880368, 0.009179367880906257, 0.009059463961818032, 0.008962435435858167, 0.0088871669229907, 0.008832794105855508, 0.008798678871531147, 0.008784390968483092, 0.00878969512614057, 0.008814542857723512, 0.008859068484727907, 0.008923589054422656, 0.009008608045614904, 0.00911482284598404, 0.009243136175856507, 0.009394671719033075, 0.009570794416743111, 0.00977313599435215, 0.010003626522099757, 0.01026453298398941, 0.010558506135624752, 0.010888637206289142, 0.01125852643738125, 0.01167236588947492, 0.012135039601402225, 0.012652244891163832, 0.013230639585692592, 0.01387802109803199, 0.014603544819759067, 0.01541799109988558, 0.016334092496915465, 0.017366935833471694, 0.0185344573172518, 0.019858053375015006, 0.02136333547525641, 0.023081063689355804, 0.02504830177617036, 0.027309845356355923, 0.029919984952410245, 0.03294467546015293, 0.03646419313406929, 0.040576366150694355, 0.04540046365551221]
12.760000000000066	0.7246574302519089	[0.05134223643632904, 0.0580821021670971, 0.06607240878474033, 0.07557131293414936, 0.08688758881509202, 0.10038669389081155, 0.11649506246970348, 0.13570084359353507, 0.15854855438154275, 0.18562427374399534, 0.2175272302567092, 0.2548231574981693, 0.2979750586428998, 0.34724850872370544, 0.4025920074971093, 0.4634985496591701, 0.5288626711719737, 0.5968568478482499, 0.664860472727833, 0.7294802752199306, 0.7866990154760937, 0.8321754808636698, 0.8616917311834805, 0.8717054548571667, 0.8599245319615619, 0.8257901084234955, 0.770748153053697, 0.6982171480676947, 0.6132208346141429, 0.5217356577618047, 0.42987840510270736, 0.34310395103877206, 0.26557896419576354, 0.19984520176572776, 0.1468042694402163, 0.1059733667125052, 0.07590539295086986, 0.05465069742640128, 0.04015889741861685, 0.030562171052505586, 0.024327139649969264, 0.02029631395500983, 0.017656189487072108, 0.015869466656448145, 0.014599843761837735, 0.01364601329985694, 0.012891401685282019, 0.012269674786483381, 0.011742949076243271, 0.011288940862052219, 0.01089380220658156, 0.010548297007966615, 0.010245815507446628, 0.00998135004903396, 0.00975095556397217, 0.009551450510272473, 0.00938023820422277, 0.009235191053462726, 0.009114570114234631, 0.009016966448300039, 0.008941257155680586, 0.008886572103270065, 0.008852268845071582, 0.008837914147194863, 0.008843270984830268, 0.008868290287820917, 0.008913106907045566, 0.008978039527272238, 0.009063594364811309, 0.009170472684205448, 0.009299582259013794, 0.009452053085138816, 0.009629257758475467, 0.009832837132275873, 0.010064732015311396, 0.010327221930092148, 0.010622972174465827, 0.010955090788138375, 0.011327197379986328, 0.011743506297777718, 0.012208927186768768, 0.012729186781633733, 0.01331097667814207, 0.0139621330652907, 0.014691855836019075, 0.015510976418843449, 0.01643228594773001, 0.017470938378541245, 0.018644946705510253, 0.01997579500324483, 0.021489194375521502, 0.02321601761600624, 0.02519345500156644, 0.027466442761581014, 0.030089425300997487, 0.03312852253184552, 0.03666418206919045, 0.04079440177389155, 0.04563860512207775]
12.720000000000066	0.7274760366032555	[0.05160438630266412, 0.058368841274877924, 0.06638589242492318, 0.07591345461872831, 0.08725980086864446, 0.10078952037578931, 0.1169276787614981, 0.13616040274624716, 0.1590293703004717, 0.186116858123732, 0.2180172369467853, 0.25529035159586133, 0.2983924991441104, 0.34758222692941865, 0.40280153258168105, 0.4635386782431397, 0.5286868180751517, 0.5964221494228087, 0.664134462181628, 0.728448479447421, 0.7853722517248555, 0.8305951815750221, 0.8599314391735376, 0.8698669843373754, 0.8581282092341699, 0.8241599508143311, 0.7693943948683196, 0.6972197087292816, 0.6126175705729916, 0.5215183294759237, 0.4299973507473613, 0.34348012813722256, 0.26612008897475925, 0.20046188671232626, 0.14742255300214713, 0.10654155919949823, 0.07639505341353597, 0.05505310711739902, 0.04047915941407594, 0.030812996843145035, 0.02452374916669263, 0.020453065989933936, 0.017784892190899005, 0.015978942395945547, 0.014696228168319744, 0.013733355130996697, 0.012972285451469119, 0.012345732707087682, 0.01181522791895282, 0.011358140527752393, 0.010960420103130555, 0.010612710978924834, 0.010308330015912805, 0.010042221741804984, 0.009810407778119095, 0.009609681969020921, 0.00943742865922667, 0.009291505254369439, 0.009170160817125196, 0.009071976815580838, 0.008995822756547119, 0.00894082262438864, 0.00890632959897795, 0.008891907425626695, 0.00889731730813221, 0.008922509577021707, 0.008967619615221648, 0.009032967748684574, 0.009119062951979123, 0.00922661038879312, 0.00935652292465081, 0.009509936908791062, 0.009688232649656639, 0.009893060190104285, 0.010126371156779161, 0.010390457695504764, 0.01068799975054968, 0.011022122283530266, 0.011396464404151445, 0.011815262889927751, 0.012283453160085125, 0.012806791544247503, 0.013392003613733898, 0.014046964551203482, 0.014780919000056564, 0.015604749725545528, 0.01653130672639204, 0.017575811379427493, 0.018756353779956735, 0.020094505939735795, 0.02161607889576942, 0.02335205838594692, 0.02533976139195458, 0.02762426476194721, 0.03026016666776918, 0.03331375155739928, 0.03686563763300119, 0.041013990973072706, 0.04587838734727954]
12.680000000000067	0.7303161576942053	[0.05186827466304282, 0.05865739536335738, 0.06670125391674105, 0.07625751548461354, 0.08763394190036691, 0.10119424183034312, 0.1173620979609369, 0.13662159884649003, 0.15951156725880028, 0.18661046301157663, 0.21850778876396051, 0.25575749774589407, 0.298809189763311, 0.3479144075947004, 0.4030086867055998, 0.46357561134497577, 0.5285070188582692, 0.5959828921974565, 0.6634034686707441, 0.7274114861420096, 0.7840402676973525, 0.8290097718655828, 0.8581661920731378, 0.8680236690140278, 0.8563270474949176, 0.8225248555757108, 0.7680355689182968, 0.696217170876739, 0.6120094261002078, 0.5212967012607365, 0.4301129700424485, 0.34385427189784223, 0.266660630193981, 0.2010793888161172, 0.1480428151867549, 0.10711252700694703, 0.07688788349807134, 0.05545872195560507, 0.04080239987074575, 0.031066425992488694, 0.0247225396553158, 0.020611600958032918, 0.017915042894733304, 0.016089606103207674, 0.014793609965248429, 0.013821559765386855, 0.013053938478052125, 0.012422494484127897, 0.011888163688746659, 0.011427962099209696, 0.011027632628363877, 0.010677697525767924, 0.010371398779942125, 0.010103632216669824, 0.009870385604596115, 0.009668427823673501, 0.009495124005695946, 0.009348316379338877, 0.009226241880710058, 0.009127472281643427, 0.009050869415196203, 0.008995551321257296, 0.008960866758273525, 0.008946376417015569, 0.008951839707366505, 0.00897720634905036, 0.009022612255092977, 0.009088379400520522, 0.00917501953493762, 0.009283241747472115, 0.009413964030884235, 0.009568329132896746, 0.009747725129314074, 0.009953811318238184, 0.010188550220727744, 0.010454246694782303, 0.010753595432587646, 0.01108973843348804, 0.011466334438625339, 0.011887642802575246, 0.012358624883019986, 0.012885066788189892, 0.013473728267894343, 0.014132523722394682, 0.014870742789518355, 0.015699319835863004, 0.016631164006630474, 0.017681564396285144, 0.018868688503887135, 0.020214196578804782, 0.021743999869883145, 0.023489197295722943, 0.025487232697437658, 0.027783323572121727, 0.030432221688861297, 0.03350037558149012, 0.037068573174924825, 0.04123514734837097, 0.04611982397670269]
12.640000000000068	0.7331780341271362	[0.05213391518131265, 0.05894777776616758, 0.06701850578717096, 0.07660350701521121, 0.08801002161651923, 0.10160086590484615, 0.11779832464018927, 0.13708443320257702, 0.15999514204091747, 0.18710508085571, 0.2189988724915467, 0.2562245780352368, 0.2992251067272926, 0.348245023194609, 0.403213437687441, 0.4636093153584903, 0.5283232375583964, 0.5955390416048223, 0.6626674574712943, 0.7263692638158339, 0.7827030326458763, 0.8274192242948031, 0.8563959627079916, 0.8661754838173267, 0.8545210208218872, 0.8208847970825961, 0.7666716472559174, 0.6952095048216133, 0.6113963681335023, 0.5210707379479926, 0.430225226529327, 0.3442263478368021, 0.2672005584984787, 0.2016976876196823, 0.1486650467664596, 0.10768627306463797, 0.07738389711468334, 0.055867564237470545, 0.0411286460140355, 0.03132248729309645, 0.024923538781697837, 0.020771943715284562, 0.018046662930364218, 0.01620147561382042, 0.01489200395654081, 0.013910639604038646, 0.013136371381138939, 0.012499969456664444, 0.011961764830906173, 0.011498413389139019, 0.011095447141001908, 0.010743263664311935, 0.010435028551321519, 0.010165588009539494, 0.009930895404508403, 0.009727694286001495, 0.009553330333402596, 0.009405630413091894, 0.009282819206117588, 0.009183458677154135, 0.009106402910104457, 0.009050763931323761, 0.009015886035669794, 0.009001326819485914, 0.009006843881127777, 0.009032386312721156, 0.009078090560079652, 0.00914428025059992, 0.009231469930099514, 0.00934037263544153, 0.009471911526134282, 0.00962723578999807, 0.009807741329202983, 0.010015096759537824, 0.010251275577276628, 0.010518595438452395, 0.010819765889138388, 0.011157946079240531, 0.011536814516793528, 0.01196065327755757, 0.01243444982756373, 0.012964020233571554, 0.013556158633012586, 0.014218818862879179, 0.014961335806659539, 0.015794695690138152, 0.01673186709545632, 0.01778820712117174, 0.018981960983560302, 0.020334877453905775, 0.02187296828526023, 0.02362744578702187, 0.025635880832738513, 0.02794363155476017, 0.0306056031760489, 0.03368840779298969, 0.03727300222975861, 0.04145788462764351, 0.04636292884773242]
12.600000000000069	0.7360619101011612	[0.052401321740448696, 0.059240001773939455, 0.06733766082067749, 0.07695144051992489, 0.08838805006278884, 0.10200939989140341, 0.11823636386792571, 0.13754890651348162, 0.1604800921803946, 0.1876007031425279, 0.21949047597949414, 0.2566915730606414, 0.2996402275962921, 0.348574043924633, 0.40341575475237623, 0.4636397534065215, 0.5281354395365001, 0.5950905590377571, 0.6619263953362369, 0.7253217770983676, 0.7813605181018386, 0.8258235088474917, 0.8546207272280195, 0.8643224025515083, 0.8527101065762202, 0.8192397487236148, 0.765302603460827, 0.6941966788402327, 0.6107783630845177, 0.5208404018770562, 0.43033408271391704, 0.3445963199956303, 0.26773984435104403, 0.20231676255359524, 0.14928923904188246, 0.1082628007425422, 0.07788310871032723, 0.05627965663254957, 0.04145792541512975, 0.03158120982310907, 0.025126774507877963, 0.020934119416294184, 0.018179773931937645, 0.016314569055084566, 0.014991425211061052, 0.014000607286448526, 0.013219594980082868, 0.01257816714567992, 0.012036039945499392, 0.011569502355486901, 0.011163871126704705, 0.010809416535965108, 0.010499226194029987, 0.010228095771191796, 0.009991943642732001, 0.009787487675946355, 0.009612053830546958, 0.00946345344386046, 0.009339898789371736, 0.00923994193295451, 0.009162429112397499, 0.009106466289923829, 0.009071393235301163, 0.009056764427687283, 0.009062335619070423, 0.009088055272870812, 0.00913406035506732, 0.00920067616308972, 0.009288420046467294, 0.009398009025388345, 0.009530371453234075, 0.00968666301208855, 0.009868287478016054, 0.010076922859122537, 0.010314553696723685, 0.010583510542990582, 0.010886517892911484, 0.011226752172581424, 0.011607911780901188, 0.012034301672871096, 0.012510935579979893, 0.013043659723277385, 0.013639302821761451, 0.014305858387099338, 0.015052706780380381, 0.01589088636779481, 0.016833425432741893, 0.017895749394750363, 0.01909618146324989, 0.020456559257230635, 0.0220029952697867, 0.02376681547061671, 0.025785717850167787, 0.028105201251759714, 0.03078032406616605, 0.03387786157001102, 0.037478938428934974, 0.041682216739448594, 0.04660771584166804]
12.56000000000007	0.7389680333198665	[0.05267050815938817, 0.05953408098731512, 0.0676587315673578, 0.0773013276953622, 0.08876803675788665, 0.10241985157800215, 0.11867621971585099, 0.13801502013300984, 0.16096641352861452, 0.18809732227040793, 0.21998258453035727, 0.25715846478930776, 0.3000545265093854, 0.34890144215681396, 0.40361560311195244, 0.4636668919951101, 0.5279435860307812, 0.5946374105731549, 0.6611802450799901, 0.7242689959401944, 0.7800126916066716, 0.8242226001468713, 0.8528404573535128, 0.8624644020381337, 0.8508942776424102, 0.817589685675494, 0.7639284078117362, 0.6931786628266206, 0.6101553758887772, 0.520605657012371, 0.4304395006501426, 0.34496415331456903, 0.26827845767402775, 0.20293659298072067, 0.14991538257916528, 0.10884211304653948, 0.07838553233343573, 0.056695021786326995, 0.041790265775852126, 0.031842623001826734, 0.025332275201510993, 0.021098153648669963, 0.01831439793408509, 0.01642890490064979, 0.0150918890910634, 0.014091475687610976, 0.013303620295876648, 0.012657097234008713, 0.012110997781901266, 0.011641237079690954, 0.011232912194898076, 0.010876163386889428, 0.010563998683152002, 0.010291162247358881, 0.010053536888001435, 0.00984781440265304, 0.009671300784336746, 0.00952179164547918, 0.009397486721986892, 0.009296928063280774, 0.009218953986142548, 0.009162664314606541, 0.009127394252525987, 0.009112695118111767, 0.009118320801127608, 0.009144219116481916, 0.009190527555018249, 0.009257573085196587, 0.00934587588364575, 0.009456156974476996, 0.009589349946867765, 0.009746617017598285, 0.00992936989827405, 0.01013929605101968, 0.01037839114591715, 0.0106489987167567, 0.010953858316665751, 0.011296163760652018, 0.011679633477562868, 0.0121085954457667, 0.012588089836105591, 0.013123993203700004, 0.013723169062563847, 0.014393650817414077, 0.015144864562605572, 0.01598790106037993, 0.016935848589951546, 0.01800420117317348, 0.01921136032899011, 0.020579252797845747, 0.022134092105423598, 0.02390731807152321, 0.02593675597151537, 0.028268045309010194, 0.030956397485616727, 0.034068750370389964, 0.03768639562081177, 0.04190815764250918, 0.04685419909517662]
12.52000000000007	0.7418966551957101	[0.05294148849862965, 0.05983002890986557, 0.0679817308721928, 0.07765317997309895, 0.08914999162149224, 0.10283222824359795, 0.1191178968514884, 0.138482774564241, 0.16145410284407266, 0.1885949293105054, 0.22047518476282127, 0.25762523318719655, 0.3004679793293163, 0.3492271873359555, 0.40381294997206924, 0.46369069361889037, 0.5277476404163037, 0.5941795574670504, 0.6604289719772404, 0.723210885612685, 0.7786595239913495, 0.8226164694450769, 0.8510551290233191, 0.8606014572456941, 0.8490735109186774, 0.8159345815773716, 0.7625490326874821, 0.692155424282539, 0.6095273713320258, 0.520366464566939, 0.4305414415072318, 0.3453298110378253, 0.2688163682208535, 0.20355715801109636, 0.1505434684813051, 0.10942421339140238, 0.07889118261443512, 0.057113682746120505, 0.04212569519160929, 0.03210675656501343, 0.025540069553985738, 0.021264072315924625, 0.018450557286815286, 0.016544501926086894, 0.01519341123151415, 0.014183257928969293, 0.013388458558297138, 0.012736769592912582, 0.012186647248029826, 0.011713625793673127, 0.011302578084403611, 0.010943511593296349, 0.010629353107682322, 0.01035479430267154, 0.010115681814182547, 0.00990868098721603, 0.009731077581615124, 0.009580651298877805, 0.009455589191535456, 0.009354423185951196, 0.009275983589234201, 0.009219364024052, 0.009183895075352227, 0.009169124866873633, 0.009174805399581322, 0.009200883829533324, 0.009247498167712915, 0.009314977063350542, 0.009403843535238115, 0.009514822640164494, 0.009648853237583252, 0.009807104127166318, 0.009990995010908353, 0.010202222874248679, 0.010442794593352043, 0.010715066776786073, 0.011021794138737996, 0.011366188003896866, 0.01175198696358617, 0.012183542172419718, 0.012665920407214077, 0.013205028746815735, 0.013807765705005194, 0.014482204809488173, 0.015237818132325904, 0.01608574910151641, 0.01703914627110149, 0.018113572564395795, 0.01932750810336929, 0.020702969047134562, 0.022266270211338045, 0.024048965488168858, 0.026089007549955037, 0.028432176557415072, 0.03113383667491277, 0.03426108784971884, 0.03789538773158832, 0.04213572150980246, 0.04710239275690747]
12.480000000000071	0.7448480308443489	[0.05321427694412616, 0.060127859292013676, 0.06830667163492764, 0.07800700903910995, 0.0895339245065055, 0.1032465374352122, 0.11956139969972648, 0.13895217063269005, 0.16194315644420978, 0.1890935158308787, 0.2209682627231972, 0.2580918591283842, 0.3008805614008287, 0.34955125051619224, 0.40400776225663715, 0.46371112313934204, 0.5275475658483674, 0.5937169634882493, 0.6596725403123315, 0.7221474127434682, 0.7773009832852682, 0.8210050872499369, 0.8492647137254857, 0.8587335412107909, 0.8472477793676116, 0.8142744094200505, 0.7611644494120717, 0.6911269325719245, 0.6088943156732995, 0.5201227883036165, 0.4306398676258697, 0.3456932570344561, 0.26935354482478885, 0.20417843525664212, 0.15117348581478512, 0.11000910341033923, 0.07940007279437013, 0.05753566180982236, 0.04246424152207523, 0.03237364041905239, 0.025750186637967024, 0.02143190178443876, 0.018588274788868507, 0.016661379298235583, 0.015296007591935121, 0.0142759673925566, 0.013474121211677025, 0.012817194269738218, 0.012262997406762722, 0.01178667686406713, 0.011372876661378406, 0.01101146864692561, 0.010695296670744859, 0.010418998907517726, 0.010178385201957943, 0.009970094050756054, 0.009791390711376628, 0.009640038781364907, 0.009514212484587888, 0.009412433512873485, 0.009333524076508327, 0.009276571529781945, 0.00924090178759246, 0.009226059742555772, 0.009231795482215747, 0.009258055490879647, 0.009304978296923233, 0.009372894237995416, 0.009462329192105018, 0.009574012275773664, 0.009708887655234536, 0.009868130759871379, 0.01005316933901247, 0.010265709969591304, 0.01050777081339076, 0.01078172164598833, 0.011090332447946407, 0.011436832173585411, 0.011824979711857853, 0.012259149545669248, 0.012744435227328457, 0.013286774548030462, 0.013893101229265433, 0.014571529150112035, 0.01533157660825188, 0.016184439964509616, 0.017143328330438794, 0.018223873825267946, 0.01944463547117223, 0.02082771913476293, 0.022399541182317444, 0.024191769785844957, 0.026242485129036278, 0.028597608000642007, 0.031312655080621525, 0.03445488783610655, 0.038105928909243435, 0.042364922674344746, 0.04735231121151585]
12.440000000000072	0.7478224191517943	[0.05348888777997236, 0.060427585858471466, 0.06863356682019553, 0.07836282644397131, 0.0899198452882486, 0.10366278640265182, 0.12000673265329853, 0.13942320862793373, 0.16243357053034255, 0.1895930725056368, 0.22146180418811978, 0.2585583220685829, 0.30129224754131306, 0.3498736006685877, 0.40420000608339846, 0.4637281427850244, 0.5273433247229828, 0.5932495898888789, 0.6589109144922314, 0.7210785426856029, 0.7759370393807917, 0.8193884246783154, 0.8474691862432373, 0.8568606284558428, 0.8454170586898752, 0.8126091423592424, 0.759774629496508, 0.6900931549414827, 0.6082561732037017, 0.5198745892134203, 0.4307347396280672, 0.34605445395149714, 0.26988995634502455, 0.20480040290311238, 0.1518054247588688, 0.11059678582826318, 0.07991221711486506, 0.0579609820130962, 0.042805933184147785, 0.03264330488395888, 0.025962655881654455, 0.021601668748655965, 0.018727573556134337, 0.016779556485691224, 0.015399694408102214, 0.014369617708218398, 0.013560619915094739, 0.012898381501251428, 0.012340057485151204, 0.01186039880734519, 0.011443815926098727, 0.01108004216761727, 0.010761836693478681, 0.010483783148521105, 0.010241653940839646, 0.01003206032335907, 0.009852246765578233, 0.00969996057425555, 0.009573362986692181, 0.00947096535645554, 0.00939158169909909, 0.009334293041415866, 0.009298420567706888, 0.00928350591036946, 0.00928929721068123, 0.009315740275369796, 0.009362974140276962, 0.009431330845711298, 0.009521339139664051, 0.009633732231647065, 0.009769459625611931, 0.00992970343341916, 0.010115899503656727, 0.010329764078780841, 0.010573326681065863, 0.010848970351265114, 0.011159480437113933, 0.011508103648731527, 0.011898619303217072, 0.012335425370543614, 0.012823642342919108, 0.013369238920020163, 0.013979184232874125, 0.014661632748942277, 0.015426149231483345, 0.016283983251405603, 0.01724840474928658, 0.018335115347107335, 0.01956275324775604, 0.020953514329742365, 0.02253391674464314, 0.024335743172119537, 0.026397201379934176, 0.02876435278403489, 0.03149286626492239, 0.034650164293168514, 0.03831803339239448, 0.04259577559071429, 0.04760396888990187]
12.400000000000073	0.7508200829311583	[0.053765335307408145, 0.06072922269849043, 0.0689624292770438, 0.07872064419907557, 0.09030776351299244, 0.10408098301525164, 0.12045389945661208, 0.13989588971823844, 0.1629253402154222, 0.19009359129203696, 0.22195579329391368, 0.2590246033266085, 0.3017030103014033, 0.35019420934984163, 0.4043896446465399, 0.4637417180753032, 0.5271348758370427, 0.5927774016056954, 0.6581440546270808, 0.7200042442971017, 0.7745676572862448, 0.8177664556812926, 0.8456685164057728, 0.8549826956890215, 0.8435813204963241, 0.8109387555418806, 0.7583795419438677, 0.6890540606077653, 0.6076129070453278, 0.5196218297278911, 0.43082601733531045, 0.34641336479852874, 0.27042557059310796, 0.20542303863644312, 0.1524392744370803, 0.11118726278349168, 0.08042762925478189, 0.05838966624874763, 0.04315079863133397, 0.032915780557878256, 0.026177507082301852, 0.021773400327597166, 0.01886847711726987, 0.016899053329889807, 0.015504488242629899, 0.014464222776066045, 0.013647966562985238, 0.012980341716454782, 0.012417836887647004, 0.011934800288288151, 0.011515404026197653, 0.011149239901182852, 0.010828980629102463, 0.01054915422643488, 0.0103054950436694, 0.010094586642275137, 0.00991365245370904, 0.009760423261662748, 0.009633047196782056, 0.009530025129227453, 0.00945016281857795, 0.009392534867281263, 0.009356457702674702, 0.009341469633836185, 0.009347316854190463, 0.009373944456631469, 0.009421492002940646, 0.009490293223105507, 0.00958087977177401, 0.009693988960142537, 0.009830575684783594, 0.009991828770250184, 0.010179192238985805, 0.010394392051749017, 0.010639469188282123, 0.01091682003194666, 0.011229245420795762, 0.011580009925792228, 0.011972913446237562, 0.012412377575308936, 0.012903549935433169, 0.013452430305220094, 0.014066023456934562, 0.014752524652488774, 0.015521545396780292, 0.01638438870843871, 0.017354385674365178, 0.018447307672354807, 0.01968187242747226, 0.021080366057565008, 0.022669408819363693, 0.024480898012764717, 0.02655316918712696, 0.028932424205726684, 0.031674484025768376, 0.03484693131895592, 0.03853171568423404, 0.0428282948073855, 0.04785738052744655]
12.360000000000074	0.7538412888676159	[0.054043634260140215, 0.06103278358373546, 0.06929327244203927, 0.0790804736606326, 0.09069768956996725, 0.1045011339643942, 0.12090290511595898, 0.1403702131411973, 0.16341846254093376, 0.19059506122452635, 0.22245021710353752, 0.2594906801191246, 0.30211282650874866, 0.35051304275899187, 0.40457664697429624, 0.4637518079624132, 0.5269221851988756, 0.592300355939531, 0.6573719287183707, 0.7189244780159477, 0.7731928095977523, 0.8161391456348288, 0.8438626806133442, 0.8530997119526528, 0.8417405418361505, 0.8092632184036148, 0.7569791601831373, 0.6880096152577039, 0.6069644835434529, 0.5193644701708878, 0.4309136622469564, 0.34676995098012026, 0.2709603556675399, 0.20604631876765145, 0.15307502362268594, 0.11178053551945472, 0.08094632265708146, 0.05882173715956893, 0.04349886646075605, 0.03319109826582538, 0.02639477041846877, 0.021947124039879896, 0.019011009400182445, 0.017019890038190856, 0.015610405966454887, 0.014559796769068531, 0.013736173263840397, 0.013063085543524087, 0.01249634517210248, 0.012009890129525719, 0.011587649230808624, 0.011219069730856696, 0.010896736036233628, 0.010615119468745422, 0.010369915620009966, 0.010157679964803337, 0.00997561457696354, 0.009821433542871854, 0.009693271702629113, 0.009589619355118132, 0.009509273883948304, 0.009451303424243529, 0.009415019566571743, 0.009399957283033675, 0.009405860769535966, 0.009432674413754134, 0.0094805382788014, 0.009549787812054256, 0.009640957572718331, 0.009754789019609666, 0.009892242461463797, 0.010054513500454665, 0.010243054374510762, 0.010459600848702134, 0.010706205425524034, 0.010985277941281582, 0.01129963481582036, 0.011652558619886764, 0.012047869955896936, 0.01249001421285792, 0.012984166297184102, 0.01353635727804726, 0.014153627757989439, 0.014844214048238507, 0.015617774618591429, 0.016485666233821653, 0.017461281375194617, 0.018560461508992425, 0.01980200412795625, 0.021208285926275123, 0.022806029446005117, 0.024627246878031802, 0.02671040153877111, 0.029101835797716913, 0.03185752223187573, 0.035045203286750745, 0.03874699029404608, 0.04306249520948457, 0.048112560747230936]
12.320000000000075	0.7568863076504146	[0.054323799144757975, 0.06133828277265415, 0.06962610925778882, 0.07944232687749322, 0.09108963292885003, 0.10492324696648049, 0.12135375306504123, 0.14084617966526494, 0.1639129320223641, 0.19109747358167392, 0.2229450588573769, 0.2599565328335126, 0.30252166758729737, 0.3508300713877908, 0.4047609750785931, 0.4637583769860447, 0.5267052106253537, 0.5918184171809283, 0.6565944963165995, 0.7178392124992169, 0.7718124611740133, 0.8145064685517774, 0.8420516486407753, 0.8512116538711673, 0.8398946939670715, 0.8075825055774222, 0.7555734524636842, 0.6869597872646971, 0.6063108649045638, 0.5191024720921412, 0.43099763333579744, 0.3471241747161337, 0.27149427863550313, 0.20667022031031412, 0.15371266087952878, 0.112376605796186, 0.08146831086412791, 0.05925721777841884, 0.04385016553256364, 0.03346928922756345, 0.026614476445475405, 0.022122867814532904, 0.019155194724437104, 0.017142087175540777, 0.015717464775983018, 0.014656354128286012, 0.013825252370946292, 0.013146623803234081, 0.012575592084502403, 0.012085677300206607, 0.011660559966118372, 0.011289539661928891, 0.010965110614395552, 0.010681686311949278, 0.01043492291094904, 0.01022134734976577, 0.010038140061630401, 0.009882998214214301, 0.009754043212228196, 0.009649754652551393, 0.009568921460689089, 0.0095106052224855, 0.009474112647205853, 0.00945897532121526, 0.009464935425479682, 0.009491936619677548, 0.009540119472935064, 0.009609821149639106, 0.009701579138175641, 0.00981613906556199, 0.009954466696961884, 0.010117764453808794, 0.01030749285454469, 0.010525397532593858, 0.010773542601316032, 0.011054351438837793, 0.011370656161364547, 0.011725757456478102, 0.01212349677495985, 0.012568343450781078, 0.013065499854923633, 0.013621028532064686, 0.014242006134994495, 0.014936710246927429, 0.015714846563237947, 0.016587825851995086, 0.017569102284371817, 0.01867458769174016, 0.019923159643337563, 0.02133728566641434, 0.022943790857124564, 0.024774802447860247, 0.02686891163752246, 0.029272601173990487, 0.032041994996462556, 0.0352449945989218, 0.03896387202108142, 0.043298391616690496, 0.04836952453589522]
12.280000000000076	0.7599554140674649	[0.05460584478656163, 0.06164573445881824, 0.06996095305107344, 0.07980621564835806, 0.09148360355446959, 0.10534732920672381, 0.12180644742598809, 0.1413237891360024, 0.16440874418998583, 0.19160081822079644, 0.22344030331652506, 0.26042213985449525, 0.30292950716083755, 0.3511452630832415, 0.4049425938977453, 0.463761386334544, 0.5264839133764098, 0.5913315455068197, 0.6558117204789087, 0.7167484116359574, 0.7704265800221188, 0.8128683935280235, 0.8402353929875621, 0.8493184938568846, 0.8380437506556057, 0.8058965888236594, 0.7541623893074176, 0.685904543319842, 0.6056520149240082, 0.5188357958393764, 0.43107789010768033, 0.34747599702105786, 0.272027306253827, 0.2072947191638268, 0.1543521742395751, 0.11297547467690411, 0.0819936071652488, 0.05969613098998526, 0.04420472484931288, 0.03375038491865305, 0.026836656096833545, 0.02230065998882638, 0.01930105781793364, 0.017265665685047567, 0.015825682195760606, 0.01475390958220761, 0.013915216474097306, 0.013230967527699044, 0.012655587545303678, 0.012162170936044926, 0.011734144799168298, 0.011360657843299675, 0.01103411218669382, 0.010748862323986886, 0.010500524271634977, 0.010285595980008373, 0.010101235942282573, 0.009945124190924585, 0.009815368538235095, 0.009710437755167039, 0.009629112216801879, 0.009570446884846377, 0.009533743533913725, 0.009518530322738583, 0.00952454739226101, 0.009551737657848556, 0.009600242192663698, 0.009670399883783452, 0.00976275116759252, 0.009878045865617097, 0.010017255238602989, 0.010181588574394631, 0.010372514732389836, 0.010591789283854883, 0.010841488036886442, 0.011124048005849778, 0.011442317113784652, 0.011799614287972441, 0.012199801968614497, 0.012647373590065986, 0.01314755916381307, 0.0137064529019715, 0.01433116772194594, 0.015030022709581014, 0.015812771039124346, 0.016690877748405313, 0.01767785898354801, 0.018789697228771014, 0.02004535042277894, 0.021467377196359144, 0.02308270544362086, 0.024923577606631008, 0.02702871284206475, 0.0294447341723461, 0.03222791657581735, 0.03544631990493851, 0.03918237577587035, 0.04353599912554891, 0.04862828692807042]
12.240000000000077	0.7630488870533557	[0.05488978609634266, 0.06195515296541914, 0.07029781716128566, 0.08017215186039317, 0.091879611312993, 0.10577338790401686, 0.1222609920649819, 0.1418030413695806, 0.1649058941126204, 0.19210508490989014, 0.22393593453631988, 0.260887479439999, 0.3033363178950623, 0.35145858558108956, 0.4051214672137082, 0.4637607971950872, 0.5262582534973254, 0.5908397013254431, 0.6550235631840812, 0.7156520398504518, 0.7690351333337214, 0.8112248903926347, 0.8384138855261394, 0.8474202049457301, 0.8361876850039612, 0.8042054401234786, 0.7527459404173341, 0.6848438499267754, 0.6049878965595091, 0.5185644014075164, 0.4311543914066571, 0.3478253785850042, 0.27255940482885604, 0.2079197909760168, 0.15499355146039928, 0.11357714309849484, 0.08252222479535165, 0.06013849977532607, 0.04456257362151752, 0.03403441713586431, 0.027061340692795744, 0.02248052931826707, 0.019448623819959168, 0.01739064688929935, 0.01593507608614142, 0.014852478146723814, 0.014006078409246713, 0.013316127958234768, 0.01273634165911715, 0.012239380334983374, 0.011808412447251693, 0.011432432561618626, 0.011103748708992878, 0.010816655197571117, 0.01056672718017338, 0.010350433155459467, 0.010164909370226944, 0.010007818500303484, 0.009877254605799442, 0.009771675505325013, 0.0096898529299158, 0.009630835140785771, 0.009593918923899795, 0.0095786289675129, 0.009584703347194613, 0.009612084217103883, 0.009660913152480253, 0.009731530768473667, 0.009824480468526976, 0.009940516294925617, 0.010080615043590245, 0.010245992916080613, 0.010438127173818106, 0.010658783395741155, 0.010910049169361157, 0.011194375240211149, 0.011514625449616093, 0.011874137088071305, 0.01227679372737726, 0.012727113058424075, 0.013230352910355394, 0.013792639355361585, 0.014421121791016536, 0.015124161036904681, 0.015911558000369523, 0.01679483225531161, 0.01778756220808727, 0.018905801282059622, 0.02016858807715764, 0.021598572594263652, 0.023222785765337334, 0.025073585402014674, 0.027189818685257626, 0.029618248792592384, 0.03241530140180901, 0.03564919400664371, 0.03940251663959988, 0.04377533296180872, 0.04888886311474619]
12.200000000000077	0.7661670097723355	[0.05517563817616398, 0.06226655267537104, 0.07063671510380118, 0.08054014736322597, 0.09227766622748407, 0.10620143009862495, 0.12271739099372064, 0.14228393581962856, 0.16540437702303756, 0.19261026284260607, 0.22443193681335644, 0.26135252906188516, 0.3037420728509262, 0.3517700056441948, 0.4052975594074021, 0.4637565696139339, 0.5260281917903727, 0.5903428437128049, 0.6542299871571403, 0.714550060005441, 0.7676380888411666, 0.8095759272576135, 0.8365870984324705, 0.8455167585850654, 0.8343264703687653, 0.8025090303418153, 0.7513240758683504, 0.6837776730009808, 0.6043184731199088, 0.518288248392645, 0.43122709607753007, 0.3481722795246393, 0.2730905402253289, 0.20854541066715948, 0.15563677972756473, 0.11418161145250688, 0.08305417669317074, 0.06058434700382169, 0.04492374117843474, 0.03432141794689394, 0.027288561936226623, 0.022662504984287606, 0.019597918295126752, 0.017517052504793094, 0.016045664652568993, 0.014952075135370151, 0.014097851262379113, 0.01340211655279111, 0.01281786471586484, 0.012317314963660396, 0.011883371777918544, 0.011504872247530816, 0.011174028269453705, 0.010885072756385873, 0.010633539237037658, 0.010415866299258277, 0.010229167612993076, 0.01007108828771154, 0.009939708452265867, 0.009833474859914634, 0.00975115048728493, 0.009691776831993279, 0.009654645622573997, 0.009639278046428784, 0.009645410075363129, 0.009672983096967408, 0.00972213917509249, 0.009793220668991742, 0.00988677395803021, 0.01000355734142201, 0.010144553180708463, 0.010310984647885286, 0.010504337459082696, 0.010726387279918264, 0.010979233554072935, 0.011265340862406173, 0.011587589068172371, 0.011949333958204796, 0.012354480369972845, 0.012807570417423662, 0.013313889915539516, 0.013879597000822471, 0.014511877755924359, 0.015219134978723474, 0.016011217550311353, 0.016899699863117325, 0.017898222850509515, 0.019022911181421676, 0.0202928843820624, 0.02173088411606877, 0.023364044552854644, 0.025224839068939398, 0.027352242873252924, 0.02979315922964561, 0.03260416407557043, 0.03585363190558904, 0.03962430984733835, 0.04401640855027209, 0.04915126840722684]
12.160000000000078	0.7693100696867946	[0.05546341600612202, 0.06257994832618542, 0.0709776600656155, 0.08091021445857996, 0.09267777766514113, 0.10663146343938479, 0.12317564707510133, 0.1427664727933276, 0.1659041863118403, 0.19311634243523373, 0.22492829171304296, 0.2618172679463974, 0.30414674136022557, 0.3520794925163366, 0.4054708302192849, 0.46374866703494205, 0.5257936838553238, 0.5898409361396925, 0.6534309498902643, 0.713442440145397, 0.766235409472986, 0.8079214775649021, 0.8347549996514105, 0.8436081307815562, 0.8324600763373303, 0.8008073334404983, 0.7498967624110675, 0.6827059800854305, 0.603643705282397, 0.5180072971000654, 0.43129596125370473, 0.348516660291388, 0.273620677417787, 0.20917155335752644, 0.1562818458657296, 0.11478888029959007, 0.08358947577763529, 0.06103369580185221, 0.045288257098711274, 0.03461141981209457, 0.0275183519443215, 0.022846616616988162, 0.019748967241080006, 0.017644904643281525, 0.016157466456411255, 0.01505271615824991, 0.014190548384162144, 0.013488944982826464, 0.012900167206399074, 0.012395984451598546, 0.011959031824515945, 0.011577985467749975, 0.011244959103784308, 0.010954122945930053, 0.010700968179829275, 0.010481902948119954, 0.010294018068320669, 0.010134940806999823, 0.010002737240129332, 0.009895842881203444, 0.00981301189754632, 0.009753278903837242, 0.009715930554058371, 0.009700484453445343, 0.009706674478912422, 0.009734441200306782, 0.00978392719961094, 0.009855476554997019, 0.009949638669866971, 0.010067176099135775, 0.010209076836731678, 0.010376571047284297, 0.0105711529886703, 0.010794608459492936, 0.011049048869816898, 0.011336952707943684, 0.011661215996472301, 0.01202521311896717, 0.01243287034813063, 0.0128887543524028, 0.01339817913976907, 0.013967335075604097, 0.014603445177388753, 0.01531495441836819, 0.016111759948133523, 0.017005491199922066, 0.018009851969392244, 0.01914103839686183, 0.020418251290883666, 0.02186432415690868, 0.023506494728165944, 0.025377351974015024, 0.027515999319781482, 0.02996947979106259, 0.032794519425955675, 0.03605964867721316, 0.03984777088884144, 0.044259241318116226, 0.049415518410661524]
12.12000000000008	0.7724783586892007	[0.055753135298550756, 0.06289535416121789, 0.07132066627630312, 0.08128236449470445, 0.093079956543884, 0.1070634939305563, 0.12363576553498722, 0.14325064997664366, 0.16640531896422833, 0.19362331019075074, 0.22542498610794023, 0.2622816697999344, 0.30455030015013596, 0.35238700802359085, 0.4056412488660147, 0.46373704335121174, 0.5255546962176485, 0.5893339303584011, 0.6526264200829835, 0.7123291349422525, 0.7648270685099566, 0.8062615011399027, 0.832917566168631, 0.8416942857454356, 0.8305884804129195, 0.7991003149996695, 0.7484639736075724, 0.6816287337507315, 0.6029635587889411, 0.5177215048700132, 0.43136094672137343, 0.3488584789984997, 0.27414978187413774, 0.20979819209795503, 0.15692873615326466, 0.115398948753284, 0.084128134473548, 0.06148656871506058, 0.045656150951731936, 0.03490445529204908, 0.02775074318111806, 0.02303289424517677, 0.01990179708413032, 0.017774225830086064, 0.016270500410458077, 0.015154417151273846, 0.014284183373899383, 0.013576625164281571, 0.012983259798377896, 0.012475398624532076, 0.012035401757778404, 0.011651780960904625, 0.011316549564953123, 0.011023813870957057, 0.010769021852839325, 0.010548550790097852, 0.010359468234945084, 0.010199383457460473, 0.01006634823007774, 0.009958786772189, 0.009875444266673307, 0.0098153484387311, 0.009777780740340856, 0.009762255216949553, 0.009768503559400992, 0.00979646556294887, 0.009846284266886404, 0.009918305528861351, 0.010013081742516182, 0.010131379795845942, 0.01027419330670555, 0.010442759527884558, 0.01063858127546264, 0.010863454597505762, 0.011119502912471897, 0.01140921875759983, 0.011735514383859095, 0.012101782943246438, 0.012511972241636344, 0.012970673709947787, 0.013483229677566197, 0.014055862989426442, 0.014695833756290811, 0.015411629425624865, 0.016213195598520726, 0.017112217097767602, 0.01812246077217936, 0.01926019462445622, 0.02054470090498527, 0.02199890536659289, 0.023650149352049888, 0.02553113777669628, 0.027681102052937674, 0.03014722513034658, 0.032986382344887225, 0.03626725982044811, 0.040072915219914004, 0.04450384723492102, 0.049681628524438165]
12.08000000000008	0.7756721731101421	[0.05604481109973068, 0.06321278539732146, 0.07166574676326587, 0.08165661029036025, 0.09348421172878081, 0.10749752981947537, 0.12409774824795393, 0.14373646843687388, 0.16690776673577262, 0.19413115756184737, 0.22592199912317742, 0.26274571528459856, 0.30495271518355466, 0.35269252333185747, 0.40580877076667676, 0.46372166443854396, 0.5253111793860268, 0.5888217927677962, 0.6518163498460068, 0.7112101158371653, 0.7634130238874282, 0.804595975131814, 0.8310747618204463, 0.8397752029982496, 0.828711648909622, 0.7973879515323437, 0.7470256733477635, 0.6805459026501544, 0.6022779916663232, 0.5174308319363808, 0.4314220073933966, 0.34919769552936814, 0.2746778170216738, 0.21042530147060112, 0.1575774365594863, 0.11601181713389315, 0.08467016549261493, 0.06194298908392929, 0.046027452702560985, 0.03520055750028101, 0.02798576853957366, 0.02322136835759947, 0.020056434677028806, 0.01790503897436289, 0.016384785795103936, 0.01525719433978263, 0.014378770120306911, 0.013665169219222126, 0.013067153389143885, 0.01255556745978176, 0.01211249094367101, 0.011726267586789553, 0.011388808182858251, 0.011094153741020562, 0.010837708266360905, 0.01061581760905097, 0.010425525769582328, 0.010264423729348352, 0.010130548834061434, 0.010022313824617674, 0.009938454846108825, 0.009877992607386615, 0.009840203344041412, 0.009824597454358852, 0.009830904455259167, 0.00985906331126475, 0.009909217552066977, 0.009981714785532404, 0.010077110447435653, 0.010196175754292302, 0.010339910018634178, 0.010509557600888479, 0.010706629966608611, 0.0109329334573957, 0.011190603614864587, 0.011482147095418314, 0.011810492520753486, 0.012179051909965962, 0.012591794777066175, 0.01305333744505267, 0.013569050777765419, 0.014145190261880717, 0.014789053357530274, 0.015509170179821048, 0.01631553508269298, 0.01721988849461314, 0.018236060659239915, 0.019380391656740093, 0.020672245540769286, 0.022134640471823976, 0.023795021731441574, 0.02568621017647463, 0.027847565392941035, 0.030326409874896987, 0.03317976808759656, 0.036476480692884256, 0.04029975877405352, 0.044750241932465185, 0.049949614813264605]
12.04000000000008	0.7788918138265726	[0.05633845915149484, 0.06353225664473965, 0.07201291553506353, 0.08203296352608623, 0.09389055352067313, 0.1079335773986021, 0.12456159923610127, 0.14422392611441565, 0.16741152460911415, 0.1946398713336895, 0.22641931466489182, 0.26320937858055454, 0.30535395925872616, 0.3529960012462086, 0.4059733605347938, 0.46370248610449294, 0.5250630951750717, 0.5883044782982175, 0.651000703642144, 0.7100853417885213, 0.7619932453107628, 0.8029248639041003, 0.8292265603422551, 0.8378508503568146, 0.8268295559995883, 0.7956702106241132, 0.7455818318910974, 0.6794574500290425, 0.6015869669170961, 0.5171352356798661, 0.4314791011814315, 0.3495342678153355, 0.2752047471508998, 0.2110528542540653, 0.1582279326849233, 0.11662748442365131, 0.08521558113769001, 0.06240297975323588, 0.04640219240147714, 0.03549975974921684, 0.028223461351612234, 0.023412069920010648, 0.020212907360833133, 0.018037367442506762, 0.01650034227125913, 0.015361064295703726, 0.01447432277393867, 0.01375458952505116, 0.013151859059692779, 0.012636501137967793, 0.012190308889755416, 0.011801454382537793, 0.011461743607505952, 0.011165150929416636, 0.010907035539400308, 0.010683711344036392, 0.01049219843142397, 0.01033006926173383, 0.010195346563317888, 0.010086431473922724, 0.010002050985429877, 0.009941218720133784, 0.009903205626193073, 0.009887518419724399, 0.009893884404640346, 0.009922241706427968, 0.009972734332101761, 0.010045711654143427, 0.010141732160571022, 0.01026157143204445, 0.010406234508217777, 0.010576972914275593, 0.010775306820636677, 0.011003052942681673, 0.011262359025324565, 0.011555745950261043, 0.011886158817584713, 0.01225702864916544, 0.012672346805774098, 0.013136754671876137, 0.013655651818775583, 0.014235326581809184, 0.014883113979957993, 0.01560758704210078, 0.016418789118968727, 0.01732851652596743, 0.018350663168526796, 0.019501641503808547, 0.020800897647544087, 0.02227154244299708, 0.02394112529201434, 0.02584258315192388, 0.02801540374766725, 0.030507048981231858, 0.03337469193640779, 0.03668732705517076, 0.04052831740098425, 0.04499844155910524, 0.05021949306360945]
12.000000000000082	0.7821375863855127	[0.05663409512009896, 0.06385378295315161, 0.07236218633686822, 0.0824114364616431, 0.09429899167285051, 0.10837164377525517, 0.1250273215676539, 0.14471302214090756, 0.16791658606060375, 0.19514944002788345, 0.22691691441232234, 0.2636726362894197, 0.30575400204334735, 0.35329740770158385, 0.4061349785961742, 0.4636794678510919, 0.5248104001624134, 0.587781945902507, 0.6501794400140037, 0.7089547759401866, 0.7605676966551368, 0.8012481360915377, 0.8273729305523686, 0.8359211997361427, 0.8249421721451871, 0.7939470631699171, 0.744132416652624, 0.6783633410851115, 0.6008904451733477, 0.5168346741466145, 0.4315321841160887, 0.34986815377932445, 0.2757305353215525, 0.21168082308264122, 0.15888020949794673, 0.11724594954389678, 0.08576439351457517, 0.06286656367573203, 0.046780400232288154, 0.0358020956557272, 0.02846385530734402, 0.02360503031844506, 0.020371242905582454, 0.018171235007872513, 0.016617189877413268, 0.015466043912104113, 0.014570855775272604, 0.013844898695228416, 0.013237388112914111, 0.012718210020370414, 0.0122688652863276, 0.01187735053592579, 0.011535364651165439, 0.011236813944220447, 0.01097701194175677, 0.010752240059886219, 0.01055949412302598, 0.010396327814006335, 0.010260749067126653, 0.01015114727258546, 0.01006624016837201, 0.01000503420263923, 0.009966794979316854, 0.009951025481934878, 0.00995745077564822, 0.00998600812494916, 0.010036842013455777, 0.010110303580534333, 0.010206954388043834, 0.010327574405548455, 0.010473174443092457, 0.010645013237841158, 0.010844619730892261, 0.011073821082398816, 0.011334777331038211, 0.011630023680964404, 0.011962521828895421, 0.012335721926056298, 0.012753637329779932, 0.013220934645621789, 0.013743042337618123, 0.014326281785498808, 0.01497802579049825, 0.015706890527669444, 0.016522968604856355, 0.017438112487645166, 0.018466280030128634, 0.019623956340874674, 0.020930669881771016, 0.02240962441715122, 0.024088473684088636, 0.026000270843367604, 0.028184631770419043, 0.030689157551170614, 0.0335711694448753, 0.03689981477715434, 0.04075860725623821, 0.04524846230447079, 0.050491279418851454]
11.960000000000083	0.7854098010669146	[0.056931734931504926, 0.06417737932069754, 0.07271357319555576, 0.08279204113845955, 0.09470953626168617, 0.10881173559204375, 0.12549491871055937, 0.14520375484012324, 0.16842294509636724, 0.19565985091159413, 0.22741478077294872, 0.2641354632272823, 0.3061528142069262, 0.35359670629590656, 0.40629358672302734, 0.46365256638962243, 0.5245530526655818, 0.5872541515256309, 0.6493525196198654, 0.7078183785181829, 0.7591363441283703, 0.7995657577302696, 0.8255138434862256, 0.8339862208232269, 0.8230494695235656, 0.7922184781520892, 0.7426773960521103, 0.6772635394055054, 0.6001883874412588, 0.5165291041147614, 0.43158121219887235, 0.3501993104128737, 0.27625514436784504, 0.2123091799500382, 0.1595342517312308, 0.11786721108014708, 0.08631661467418784, 0.06333376382142347, 0.047162106601240726, 0.036107599157729084, 0.02870698452087511, 0.023800281398582583, 0.02053146954317922, 0.01830666587935569, 0.01673534903713531, 0.015572150422635784, 0.014668383849812562, 0.013936109596294731, 0.013323752063436261, 0.012800704666260609, 0.012348169993630273, 0.01195396540329915, 0.011609680274135068, 0.011309151446402025, 0.011047645879224887, 0.010821411964985561, 0.01062742087566825, 0.01046320728283377, 0.01032676411884968, 0.010216468905927825, 0.010131029999863579, 0.010069446610348812, 0.01003097891557051, 0.010015126137780536, 0.010021611055565998, 0.010050370070454168, 0.010101548122275537, 0.010175498137917568, 0.010272784757039913, 0.010394192379903204, 0.010540737614184836, 0.01071368647233694, 0.010914576717069701, 0.011145246039882522, 0.011407866849434447, 0.011704988785079798, 0.012039590244199923, 0.012415140650090879, 0.012835675491618131, 0.013305886772412212, 0.013831232018114408, 0.01441806586801225, 0.015073799109731481, 0.0158070913195374, 0.016628084598603685, 0.017548687853399084, 0.018582923141545814, 0.019747348532156386, 0.021061575072456734, 0.02254889973202704, 0.024237080732229934, 0.026159287603718502, 0.028355264283934464, 0.030872750910708742, 0.033769216319853475, 0.03711395996387127, 0.040990644613947504, 0.04550032060438798, 0.050764990077344634]
11.920000000000083	0.7887087729575541	[0.0572313943366759, 0.06450306120299569, 0.07306708971245011, 0.08317479019279306, 0.09512219654853776, 0.10925386030565067, 0.12596439274891263, 0.1456961236953358, 0.1689305935694447, 0.19617109293460722, 0.22791289305620419, 0.26459783663176917, 0.30655036229213484, 0.35389386398746975, 0.4064491416040625, 0.4636217428133588, 0.5242910052151284, 0.5867210563676682, 0.6485198970273575, 0.7066761154482757, 0.757699148007199, 0.797877700375961, 0.823649264830469, 0.8320458880204001, 0.8211514158347263, 0.7904844280519052, 0.7412167350163306, 0.6761580107757883, 0.5994807521734652, 0.5162184834667539, 0.4316261396656297, 0.35052769506489273, 0.27677853595944313, 0.212937896825529, 0.1601900434303979, 0.11849126754962161, 0.0868722564279437, 0.06380460328768874, 0.04754734208048242, 0.03641630456029271, 0.02895288352776359, 0.023997855485978978, 0.020693615984084725, 0.018443684708255408, 0.016854840580409557, 0.015679401399001935, 0.01476692202964093, 0.014028235338488342, 0.013410962659058433, 0.012883995818982112, 0.012428233063533547, 0.012031308492993203, 0.011684699606632244, 0.01138217223200484, 0.011118945915267105, 0.010891235393286517, 0.010695986870271316, 0.01053071568480836, 0.010393399635646524, 0.010282404175919989, 0.01019642822427597, 0.010134463613736626, 0.010095765083461215, 0.010079827998709996, 0.010086372866115741, 0.010115335161850668, 0.010166860318386308, 0.010241303016242065, 0.010339231028795486, 0.010461433179131712, 0.010608931947965075, 0.010783000640300293, 0.010985185937021401, 0.011217336103748933, 0.011481636039848819, 0.011780649889525195, 0.012117372899833381, 0.012495293864693877, 0.012918470586777172, 0.013391620597339287, 0.013920230704471528, 0.014510688968534524, 0.015170444427471098, 0.015908200249725633, 0.016734148338124196, 0.017660254249883232, 0.01870060459222333, 0.01987183059640354, 0.021193626255115106, 0.022689381877122043, 0.024386960485090637, 0.026319647926835107, 0.028527316356915737, 0.031057844501857574, 0.0339688485426256, 0.03732977878734643, 0.041224446061795025, 0.04575403287267203, 0.0510406416079203]
11.880000000000084	0.792034822087672	[0.05753308986261174, 0.06483084347130603, 0.07342275057359617, 0.0835596951602288, 0.09553698337188998, 0.10969802349976412, 0.1264357481146876, 0.14619012523809707, 0.16943952683976435, 0.19668315070883013, 0.2284112357091283, 0.2650597277846843, 0.3069466200446645, 0.3541888400636772, 0.40660160933455974, 0.4635869488469729, 0.5240242214530639, 0.5861826106246182, 0.6476815383461035, 0.7055279402216039, 0.7562560789544948, 0.7961839225121906, 0.8217791686216035, 0.8301001637775848, 0.8192479855128577, 0.7887448765996697, 0.7397504044790469, 0.6750467161904329, 0.598767502989592, 0.5159027678828597, 0.43166692395803796, 0.3508532633824762, 0.2773006724976988, 0.21356694366333215, 0.1608475678751059, 0.11911811573682224, 0.08743132979239014, 0.06427910437940061, 0.04793613711671604, 0.03672824624898021, 0.02920158725023319, 0.024197785381168766, 0.020857711448389493, 0.01858231664044798, 0.016975685753005156, 0.015787814797579118, 0.014866485636994796, 0.014121289317398622, 0.01349903185130623, 0.012968094448979749, 0.012509064704630033, 0.012109389511158567, 0.011760431911769013, 0.011455885279632875, 0.01119092073385879, 0.010961718851804894, 0.010765200401650769, 0.010598861202523133, 0.010460663645276796, 0.010348961044856015, 0.010262442695459222, 0.010200093039090445, 0.010161161241369697, 0.010145138828674552, 0.010151743940383104, 0.010180911168522395, 0.010232786375296713, 0.0103077260552696, 0.010406301081229205, 0.010529304777836118, 0.010677765491192976, 0.01085296391710959, 0.011056455673080418, 0.011290099719295682, 0.011556093490863052, 0.011857015783437671, 0.012195878766687693, 0.012576190782918457, 0.01300203205106628, 0.013478145844655474, 0.0140100483872185, 0.014604161417426499, 0.015267972385648386, 0.01601022835645288, 0.016841171218203624, 0.017772823528752917, 0.01881933663067691, 0.019997415301156396, 0.02132683662128805, 0.02283108462142741, 0.024538127134441236, 0.026481366626908635, 0.028700803170576373, 0.031244454143484847, 0.03417008214569713, 0.0375472878782933, 0.04146002812585536, 0.04600961610556665, 0.05131825032134899]
11.840000000000085	0.7953882734610366	[0.05783683742915959, 0.06516074187967075, 0.07378056937974205, 0.08394676889022884, 0.09595390574233746, 0.11014423273330722, 0.1269089862917822, 0.14668575891951635, 0.1699497356950533, 0.19719601299500392, 0.22890978639040277, 0.26552111356134506, 0.3073415516896016, 0.3544816009763369, 0.40675094368154235, 0.4635481451040492, 0.523752650737704, 0.5856387754444716, 0.6468373953912044, 0.7043738196383653, 0.7548070955574873, 0.7944843975941267, 0.8199035198876559, 0.8281490246356927, 0.8173391456842098, 0.786999797336876, 0.7382783678483956, 0.6739296207954586, 0.5980485959301006, 0.5155819136540633, 0.4317035170599491, 0.35117597139955053, 0.2778215143677471, 0.2141962918973846, 0.1615068087380845, 0.11974775420989342, 0.08799384676409809, 0.06475729063157716, 0.04832852286662296, 0.037043459292588586, 0.029453131096425455, 0.024400104348886432, 0.021023785586203332, 0.01872258721456196, 0.017097906191283447, 0.015897408894134303, 0.014967090317692718, 0.014215285167931857, 0.01358797185211929, 0.013053011705902555, 0.012590675344829242, 0.0121882183073907, 0.011836886648902947, 0.011530299691779537, 0.011263579201525691, 0.011032870960698358, 0.010835069937564052, 0.010667652125819464, 0.010528564340787246, 0.010416147579363903, 0.010329081426224037, 0.010266342816097304, 0.010227175301544437, 0.010211066495440504, 0.010217732161508154, 0.010247105965011745, 0.010299334214091072, 0.010374775201913627, 0.010474002938722414, 0.010597815260234013, 0.010747246437354767, 0.01092358459057266, 0.011128394355951175, 0.011363545447311245, 0.011631247942471768, 0.011934095374626804, 0.012275116971547564, 0.012657840739592047, 0.013086369482192103, 0.0135654723630742, 0.014100695226466236, 0.014698493671216126, 0.015366393805408373, 0.01611318680388627, 0.01694916482488261, 0.017886407663907856, 0.018939131711940418, 0.020124115526429835, 0.021461219588997646, 0.02297402182635573, 0.024690595125892174, 0.02664445857334725, 0.028875740199681206, 0.03143259564422052, 0.03437293351619249, 0.03776650374580446, 0.04169740778511607, 0.04626708699274994, 0.051597833143501186]
11.800000000000086	0.7987694571949541	[0.05814265344228751, 0.06549277195594534, 0.0741405603352205, 0.08433602369095641, 0.09637297346602855, 0.11059249456157748, 0.12738410988800147, 0.14718302257675195, 0.1704612126090497, 0.19770966623786096, 0.2294085253548897, 0.26598196784138556, 0.3077351253503912, 0.35477210961518907, 0.4068971038002953, 0.4635052880835722, 0.5234762488851277, 0.5850895069606064, 0.6459874262632387, 0.7032137139729857, 0.7533521610127636, 0.7927790910083483, 0.8180222861564755, 0.8261924390383363, 0.8154248652325747, 0.7852491581984473, 0.7368005913397438, 0.6728066878017163, 0.5973239907870539, 0.515255877201751, 0.4317358736104165, 0.351495774729518, 0.2783410221262517, 0.2148259111723629, 0.16216774823139107, 0.120380179547136, 0.08855981801836314, 0.06523918456945729, 0.048724530145206994, 0.03736197879417385, 0.029707550846269894, 0.024604846163815537, 0.021191868601108724, 0.01886452249920682, 0.017221523986971438, 0.016008202364931782, 0.015068752035546638, 0.014310236812465979, 0.013677795099188443, 0.013138758961921035, 0.012673075588976157, 0.012267804921475224, 0.011914073429994055, 0.011605424744588212, 0.01133693032462031, 0.011104700504000066, 0.010905604078338517, 0.010737096901728672, 0.010597110043593524, 0.010483971998377006, 0.010396352555555429, 0.010333221023251203, 0.010293815301690082, 0.010277619013344388, 0.01028434553853481, 0.010313927571424934, 0.010366511883184592, 0.01044245854887507, 0.010542344755291354, 0.010666972857800036, 0.010817383112707678, 0.01099487109850147, 0.011201010553070266, 0.011437682002665837, 0.011707108276197963, 0.012011897730473077, 0.012355096788366408, 0.012740253236129595, 0.013171492631495738, 0.013653610176597586, 0.014192181543168161, 0.014793696372313652, 0.01546571967647808, 0.016217086954829395, 0.017058140920609796, 0.01800101884314637, 0.01906000247450912, 0.020251944384382083, 0.02159678876441702, 0.023118207607330698, 0.024844379092676727, 0.02680893891601964, 0.02905214309591065, 0.031622285125705564, 0.0345774191888569, 0.03798744325322825, 0.04193660210462815, 0.046526462632832256, 0.05187940697150058]
11.760000000000087	0.8021787086547734	[0.05845055469021811, 0.06582694909849053, 0.07450273810755653, 0.08472747152486992, 0.09679419694827035, 0.11104281488152988, 0.12786112233054106, 0.14768191295715546, 0.17097395120095707, 0.19822409521859757, 0.22990743442310577, 0.2664422621034801, 0.3081273111632544, 0.35506032557584505, 0.4070400512332772, 0.46345833005468895, 0.5231949743646042, 0.5845347564012354, 0.6451315919878212, 0.7020475785945249, 0.7518912418534063, 0.791067964055634, 0.8161354386406229, 0.8242303724822485, 0.8135051164129791, 0.7834929248147243, 0.735317043262597, 0.6716778780892886, 0.5965936478649556, 0.5149246126360193, 0.43176394789485445, 0.35181262729722057, 0.2788591560131657, 0.21545577034422345, 0.16283036857682312, 0.12101538816700953, 0.0891292544345869, 0.06572480886748572, 0.04912419008494239, 0.03768384019505898, 0.029964882705086106, 0.02481204505396513, 0.021361991162657232, 0.01900814901901251, 0.017346561643078802, 0.0161202142648645, 0.015171487070893636, 0.014406158464515569, 0.013768514267614091, 0.013225347819520854, 0.012756276230891735, 0.012348159589491581, 0.01199200202987709, 0.011681269892186676, 0.011410983258180686, 0.01117721643285853, 0.01097681156470786, 0.010807204137063544, 0.010666309210495701, 0.010552442675325699, 0.010464264354925337, 0.010400735889786478, 0.010361089410669507, 0.01034480454504528, 0.010351592211585686, 0.010381384155035882, 0.010434327563045104, 0.010510784336097902, 0.010611334818916794, 0.010736785950545256, 0.010888183980262724, 0.011066832029760854, 0.011274312972266656, 0.011512518255043302, 0.01178368351843207, 0.012090432078213977, 0.012435827641255752, 0.012823437940183605, 0.0132574114065295, 0.013742569483250543, 0.014284517821178995, 0.014889780346415847, 0.015565961158557408, 0.016321940366189964, 0.017168111444778453, 0.01811666946081132, 0.019181961739824435, 0.020380915207822106, 0.02173355794020052, 0.023263656316310298, 0.024999493853122643, 0.026974823059199193, 0.029230027685720437, 0.03181353898448013, 0.03478355584774246, 0.03821012356361921, 0.04217762824887633, 0.04678776045718825, 0.0521629887146241]
11.720000000000088	0.8056163684481827	[0.05876055751915951, 0.06616328938525014, 0.07486711652536794, 0.08512112530378274, 0.09721758514223502, 0.11149520095202645, 0.1283400246884713, 0.14818242877445983, 0.17148794147440982, 0.19873928752808737, 0.2304064902043661, 0.2669019717563995, 0.3085180722795903, 0.35534621380093623, 0.4071797389389416, 0.4634072303047389, 0.5229087760990844, 0.5839744837239871, 0.644269844025046, 0.7008753788447148, 0.7504242958300812, 0.7893509880809252, 0.8142429408248207, 0.822262799011283, 0.8115798646828621, 0.7817310687600056, 0.7338276860891391, 0.6705431559159978, 0.5958575229803647, 0.5145880757807734, 0.43178769134579065, 0.35212648395714535, 0.27937587481488413, 0.21608583883084104, 0.16349465141640046, 0.12165337686595817, 0.08970216681593375, 0.06621418657726129, 0.049527534089380175, 0.038009079419896515, 0.03022516336314411, 0.025021735787337872, 0.021534184471266666, 0.019153493783184903, 0.01747304211870787, 0.016233464018856662, 0.01527531205522016, 0.014503064602840695, 0.013860142303754108, 0.013312790077854885, 0.01284028828906215, 0.012429292706123298, 0.012070682423221415, 0.01175784472702823, 0.011485747342835993, 0.011250427825586997, 0.011048701313371163, 0.010877982559519429, 0.010736170466879458, 0.010621568101204208, 0.010532825258502193, 0.01046889576117457, 0.01042900595546547, 0.010412631369519143, 0.010419480475631206, 0.010449484000538595, 0.010502789587044722, 0.010579760922823415, 0.01068098156988587, 0.01080726304027288, 0.010959657656091996, 0.011139476098018065, 0.01134831047654468, 0.011588063202373862, 0.011860982854230073, 0.012169707777113226, 0.012517319117896913, 0.012907404655393575, 0.01334413588480298, 0.013832360620919876, 0.014377714722297074, 0.014986756562412593, 0.015667129599060366, 0.016427758740078645, 0.017279088536352988, 0.018233372055837322, 0.019305022543373327, 0.020511041468795142, 0.021871541141078393, 0.02341038243082711, 0.025155954480863857, 0.027142126505026273, 0.02940941008237842, 0.0320063736638762, 0.03499136050897596, 0.03843456179745152, 0.04242050378297662, 0.047050997703529426, 0.05244859579044123]
11.680000000000089	0.8090827826537494	[0.0590726791343638, 0.06650180828920084, 0.07523371060757207, 0.0855169968095363, 0.09764314872123084, 0.11194965813764489, 0.12882082058352515, 0.1486845658103146, 0.17200317723376737, 0.19925522651754962, 0.23090567483075447, 0.26736106643213875, 0.3089073794563493, 0.3556297317317375, 0.4073161295186627, 0.46335193872469366, 0.5226176139755668, 0.5834086375102194, 0.6434021448156568, 0.6996970670365964, 0.7489512904337509, 0.7876281209519062, 0.8123447642874355, 0.8202896807931976, 0.8096490824557135, 0.7799635531765141, 0.7323324885564055, 0.6694024808012916, 0.5951155770209644, 0.5142462199389296, 0.43180705830214516, 0.352437297531801, 0.27989113789727843, 0.2167160839359237, 0.1641605776573142, 0.12229414072425446, 0.09027856520178364, 0.06670733993374171, 0.04993459339947147, 0.03833773241910715, 0.03048842985698724, 0.025233953586911495, 0.02170848023914287, 0.01930058431985263, 0.017600988820016376, 0.01634797147803371, 0.015380243944587924, 0.01460097003027446, 0.013952692384305172, 0.013401097794673194, 0.012925122957873103, 0.012511214890241821, 0.012150124732321962, 0.011835159047720985, 0.011561232052174698, 0.01132434395561811, 0.011121282366244633, 0.010949441083829187, 0.010806702559549628, 0.010691356947583289, 0.010602043820623994, 0.010537709158327746, 0.010497573383746834, 0.010481107937400777, 0.010488018748112813, 0.010518235561957232, 0.01057190641376343, 0.010649396836842174, 0.01075129357719835, 0.010878412798180479, 0.011031812889161293, 0.011212812188882424, 0.011423012066622648, 0.01166432601887461, 0.011939015611804226, 0.012249734368998186, 0.012599580955155521, 0.012992163376370002, 0.013431676299522048, 0.013922994129291724, 0.014471783070777946, 0.015084636204660034, 0.01576923651439049, 0.01653455401118531, 0.017391084508688814, 0.01835113942119226, 0.019429198097660152, 0.020642336920514905, 0.022010752565751992, 0.02355840074454008, 0.025313776209815834, 0.027310865117990524, 0.029590306526670076, 0.03220080603286184, 0.035200850250560085, 0.038660775591157014, 0.042665246213629895, 0.04731619226014139, 0.052736245350696646]
11.64000000000009	0.812578302807845	[0.05938693617521137, 0.06684252211343923, 0.07560253434365143, 0.08591509900974009, 0.09807089661076306, 0.11240619352107394, 0.1293035108174778, 0.1491883223184949, 0.1725196479490927, 0.1997718990150476, 0.2314049641309802, 0.2678195205076765, 0.30929519489297574, 0.3559108431007594, 0.4074491749252833, 0.46329241333858107, 0.5223214359783567, 0.5828371765216772, 0.6425284450305588, 0.6985126074675059, 0.7474721827994238, 0.7858993331503932, 0.8104408720304442, 0.8183109911478554, 0.807712734729631, 0.7781903489344582, 0.7308314125481985, 0.6682558161710006, 0.5943677649643144, 0.5138989998836957, 0.4318219990893981, 0.3527450216408333, 0.28040490280919433, 0.21734647387241407, 0.16482812789642748, 0.12293767574041382, 0.09085845993996707, 0.06720429191967955, 0.05034539973496408, 0.0386698357636262, 0.03075471976188442, 0.0254487342377154, 0.021884910716205103, 0.019449448643435268, 0.01773042562014827, 0.01646375687053572, 0.015486300064598146, 0.014699889823810165, 0.014046177976830913, 0.013490283231154719, 0.013010791674588499, 0.012593936923536624, 0.012230339296132282, 0.011913222793786694, 0.011637447061230771, 0.01139897422534628, 0.011194563956291398, 0.011021588747140357, 0.010877914418241989, 0.010761818005171767, 0.01067192877193545, 0.010607184720180077, 0.010566800314200046, 0.010550242817710057, 0.010557215613561422, 0.010587647413092356, 0.010641686666354037, 0.010719700727842769, 0.010822279573353483, 0.0109502440200237, 0.011104658592318501, 0.011286849315589072, 0.011498426908945404, 0.011741316009753292, 0.012017791288413512, 0.012330521530214952, 0.012682623063777501, 0.013077724235726743, 0.01352004306419859, 0.014014480689153267, 0.014566733879341758, 0.015183430600755018, 0.01587229361955205, 0.01664233825767441, 0.017504111886279677, 0.018469984490093305, 0.019554501842011643, 0.020774815447230147, 0.022151206659910827, 0.023707726162835896, 0.025472974547955187, 0.027481054838271356, 0.02977273357179333, 0.03239685297265018, 0.03541204252025912, 0.038888782485538696, 0.042911873506799265, 0.047583361740633455, 0.05302595514927708]
11.60000000000009	0.8161032861312825	[0.05970334587867009, 0.06718544684392869, 0.075973602493186, 0.08631544419668073, 0.09850083878681826, 0.11286481299352612, 0.12978809769663877, 0.14969369467260352, 0.1730373453004337, 0.2002892891236569, 0.23190433715318873, 0.2682773046792291, 0.30968148527305484, 0.3561895069347967, 0.40757883287489916, 0.46322860636886376, 0.5220201967067337, 0.5822600525421534, 0.6416487019429628, 0.6973219563646708, 0.7459869357548478, 0.784164586604816, 0.8085312315316546, 0.8163266956409381, 0.8057707902259542, 0.7764114213204357, 0.7293244234724041, 0.6671031224199042, 0.5936140448950286, 0.5135463689258476, 0.4318324658859235, 0.3530496086431839, 0.2809171273189323, 0.21797697530028057, 0.165497281959424, 0.12358397653625947, 0.09144186065401783, 0.06770506486709474, 0.05075998469025163, 0.03900542612386536, 0.031024071031544982, 0.025666114017145917, 0.02206350869619958, 0.01960011531059621, 0.017861376870521778, 0.01658084086540442, 0.015593498094000098, 0.014799839392046646, 0.014140612804885298, 0.013580358909095633, 0.013097306075900511, 0.012677469810318472, 0.012311336623421347, 0.01199204610736758, 0.011714402199187297, 0.01147432822792345, 0.01126855546188373, 0.011094434769196537, 0.010949815113195505, 0.010832960241199677, 0.010742488981147678, 0.010677331257692753, 0.01063669550291104, 0.010620044748449839, 0.010627079794594567, 0.010657728295116567, 0.010712139107841336, 0.010790681412723033, 0.010893948433458865, 0.011022765670078755, 0.011178203824634273, 0.011361596662718985, 0.011574564320647122, 0.011819042655963313, 0.01209731953731918, 0.012412079118921613, 0.012766455516657357, 0.01316409755575615, 0.013609246761415958, 0.014106831180820668, 0.014662578337331013, 0.015283151289902628, 0.015976312814024715, 0.01675112378395232, 0.017618183385610015, 0.018589920439622033, 0.01968094741374347, 0.02090849119826909, 0.0222929180696166, 0.02385837388186745, 0.025633565198766247, 0.02765271192838004, 0.02995670794825678, 0.032594531726645656, 0.035624954901740204, 0.03911860043613194, 0.04316040368438008, 0.047852524246757615, 0.05331774285500954]
11.560000000000091	0.8196580955194486	[0.060021925494735916, 0.06753059863480829, 0.07634692970083085, 0.08671804480081093, 0.09893298492606414, 0.11332552255573015, 0.13027458297481898, 0.15020067933574452, 0.17355626008220454, 0.20080738102699913, 0.23240377164085696, 0.2687343897204272, 0.31006621548749547, 0.3564656823453629, 0.4077050588181597, 0.46316047020386003, 0.521713848239079, 0.5816772178294282, 0.6407628705396493, 0.6961250710889778, 0.7444955106443024, 0.7824238451817831, 0.806615809716805, 0.8143367620630446, 0.8038232173846278, 0.7746267370542715, 0.7278114857914096, 0.6659443598987635, 0.592854373132646, 0.5131882793385477, 0.4318384091118495, 0.35335100996723134, 0.28142776824030924, 0.21860755461157155, 0.16616801952109478, 0.124233037929697, 0.09202877719820603, 0.06820968146329263, 0.05117838023234538, 0.03934454060899868, 0.0312965220917589, 0.02588612970780441, 0.022244307484730688, 0.019752613370242304, 0.01799386738154277, 0.016699244537589933, 0.015701856072694344, 0.014900834451629302, 0.014236010868110022, 0.013671337587996822, 0.013184678021112561, 0.012761824752112225, 0.01239312741631396, 0.012071639305970005, 0.011792107472386529, 0.011550415719417536, 0.011343266428615285, 0.011167988524906679, 0.01102241387517862, 0.010904792773026105, 0.010813733472875835, 0.010748157728798242, 0.010707267858832414, 0.010690522612910407, 0.01069762016502289, 0.01072848709405188, 0.010783272652010898, 0.010862347853899541, 0.010966309184118492, 0.011095986859833208, 0.011252457798535379, 0.01143706356472809, 0.011651433775175222, 0.011897515591931961, 0.012177610172132773, 0.01249441715124665, 0.012851088552136992, 0.013251293822053955, 0.013699298145326598, 0.014200056653970543, 0.014759327812727206, 0.015383809987242342, 0.01608130618379835, 0.016860923077082944, 0.017733311918082112, 0.018710960635763867, 0.01980854865358677, 0.02104337851660073, 0.02243590165222884, 0.024010359293004147, 0.025795564083249987, 0.0278258528418963, 0.030142246607192114, 0.0327938597156041, 0.035839605197472826, 0.039350247546997064, 0.043410854978395225, 0.04812369797726491, 0.05361162632990874]
11.520000000000092	0.823243099773799	[0.060342692426782835, 0.06787799384112707, 0.07672253067016355, 0.08712291338734109, 0.09936734462201732, 0.11378832825487456, 0.13076296813589677, 0.15070927272906706, 0.1740763826163501, 0.20132615883035776, 0.23290324471172974, 0.2691907464189034, 0.31044934977830363, 0.356739328726768, 0.407827807679479, 0.46308795786776014, 0.5214023422324502, 0.5810886254068218, 0.6398709051423332, 0.6949219093200655, 0.7429978673845643, 0.7806770721184421, 0.8046945712501525, 0.8123411568972387, 0.8018699823919258, 0.7728362619477831, 0.7262925628752147, 0.6647794892215837, 0.5920887062101895, 0.5128246842727088, 0.431839779573061, 0.3536491772825447, 0.28193678190099675, 0.21923817739337442, 0.1668403190925173, 0.12488485364100296, 0.0926192185058815, 0.06871816386110009, 0.05160061816591212, 0.039687216515584635, 0.03157211179178242, 0.026108818652634015, 0.022427340990064475, 0.019906972452517695, 0.0181279224906811, 0.016818989418622005, 0.015811392433665097, 0.015002891052596388, 0.014332386458043998, 0.013763232281945469, 0.013272919603321314, 0.012847013162542055, 0.01247572258027952, 0.012152012896812475, 0.011870573073906562, 0.011627246632858577, 0.01141870657873453, 0.01124225955815973, 0.011095720104968737, 0.01097732488179582, 0.010885671437318584, 0.010819673251989905, 0.010778526453788153, 0.010761685453300683, 0.010768845760285138, 0.010799932854568905, 0.010855096374369011, 0.010934709173419013, 0.011039371015012607, 0.011169916862571778, 0.011327429892108628, 0.011513259521194153, 0.011729044915442136, 0.011976744621686618, 0.012258673180968922, 0.012577545818559828, 0.012936532589355215, 0.0133393237022702, 0.0137902081584493, 0.014294168348308172, 0.01485699387072567, 0.01548541860701876, 0.01618728602215706, 0.01697174883325912, 0.0178495106135696, 0.01883311866427935, 0.019937319632719, 0.02117949197561838, 0.022580172507755673, 0.02416369802760224, 0.025958987376479815, 0.028000494279002003, 0.030329366762757992, 0.03299485460750388, 0.03605601147676648, 0.039583742159255614, 0.0436632458823901, 0.04839690133991388, 0.05390762367762603]
11.480000000000093	0.8268586736136745	[0.06066566419056153, 0.0682276488873766, 0.07710042014177756, 0.08753006249746897, 0.0998039274043665, 0.11425323599137104, 0.13125325447230998, 0.151219470970914, 0.17459770287352774, 0.20184560613578945, 0.23340273292583336, 0.2696463447974768, 0.31083085156621365, 0.35701040439573856, 0.4079470332891963, 0.4630110210551526, 0.5210856291513444, 0.5804942270368043, 0.638972759242276, 0.693712428114095, 0.7414939659699439, 0.7789242310593105, 0.802767481818725, 0.8103398476635169, 0.7999110525270133, 0.7710399623225477, 0.7247676180871088, 0.6636084701700722, 0.5913169993493351, 0.5124555351883323, 0.4318365264743224, 0.3539440609107484, 0.28244412376865374, 0.2198688088096123, 0.16751415915276208, 0.12553941758824003, 0.09321319384584485, 0.06923053460318594, 0.05202673072320623, 0.040033491597629645, 0.03185087947272286, 0.026334218710843932, 0.022612643644040295, 0.02006322269548162, 0.018263568008178237, 0.01694009746569173, 0.015922125984613723, 0.015106025572304851, 0.014429754152749094, 0.013856056259583362, 0.01336204314539264, 0.012933046667233411, 0.012559133219157166, 0.012233177576013545, 0.011949809377913808, 0.01170483107698137, 0.011494885805228783, 0.011317257580265461, 0.011169743367368564, 0.011050566010593076, 0.010958312224279202, 0.010891887104160534, 0.010850480516503511, 0.01083354246823723, 0.010840765771448069, 0.010872074777091867, 0.010927619506043134, 0.011007774649641108, 0.01111314327260307, 0.011244565109590089, 0.011403129642490285, 0.011590194192496512, 0.011807407546748637, 0.012056739713910677, 0.012340518718713346, 0.012661475481778367, 0.013022798219615436, 0.013428198039489235, 0.013881987921813558, 0.01438917768577384, 0.014955588262215255, 0.015587989253269187, 0.016294264815881154, 0.01708361394649444, 0.01796679280347891, 0.018956408316750398, 0.020067274631468967, 0.021316846361697426, 0.022725745951491183, 0.024318405935013287, 0.026123851471812325, 0.028176653158768206, 0.030518085844825682, 0.03319753428317027, 0.03627419201309744, 0.039819102810143024, 0.04391759506917488, 0.048672152906637, 0.054205753137791045]
11.440000000000094	0.8305051978752088	[0.06099085856754305, 0.06857958025369111, 0.07748061309030102, 0.0879395045793164, 0.10024274299382821, 0.11472025136464532, 0.1317454434307069, 0.15173126962495764, 0.17512021098944394, 0.2023657057381322, 0.23390221313327483, 0.2701011538983401, 0.31121068486063486, 0.3572788666536946, 0.4080626905029584, 0.46292961048656217, 0.52076366082673, 0.579893973373606, 0.6380683875555336, 0.6924965828376164, 0.7399837668106597, 0.7771652830757674, 0.8008345065172477, 0.8083327988949839, 0.7979463942109954, 0.7692378022950268, 0.7232366147603735, 0.6624312618920816, 0.5905392087213908, 0.5120807838777889, 0.43182859987721844, 0.3542356111248829, 0.2829497490887825, 0.22049941306043688, 0.16818951711452984, 0.12619672247344313, 0.09381071155646438, 0.06974681560314049, 0.05245674993536204, 0.040383403744576184, 0.032132864880407515, 0.026562368294330656, 0.022800250487008598, 0.020221394835612333, 0.01840083028632381, 0.01706259111563562, 0.016034075938978577, 0.015210254742219024, 0.01452812882965901, 0.013949823061638047, 0.013452061207554874, 0.013019937119420186, 0.012643370641569902, 0.012315144243874634, 0.012029826945811235, 0.011783179351284947, 0.011571814177962974, 0.011392992484697384, 0.011244493397485983, 0.011124525778810901, 0.011031665349694412, 0.010964808734596867, 0.010923139439454829, 0.010906103026413377, 0.010913389552423691, 0.01094492223123571, 0.011000851441400483, 0.011081553730573616, 0.011187635468188748, 0.011319941203589895, 0.011479566754406268, 0.01166787741346842, 0.011886531645879259, 0.01213751101609077, 0.01242315711677635, 0.012746216686302204, 0.013109896216941893, 0.013517927868324512, 0.013974648746513593, 0.014485096288282089, 0.015055122936588642, 0.015691534239855757, 0.016402255259645053, 0.017196531531831222, 0.01808517203714297, 0.019080843618185392, 0.02019842815817227, 0.021455456707867644, 0.022872637535824143, 0.02447449912464921, 0.026290173005992654, 0.02835434667280661, 0.03070842152717169, 0.03340191690575184, 0.036494165313887425, 0.04005634832370171, 0.044173921417953316, 0.0489494715319043, 0.05450603310122696]
11.400000000000095	0.8341830595846108	[0.06131829337701461, 0.0689338045975593, 0.07786312439977659, 0.08835125221725398, 0.10068380084027043, 0.11518938006914368, 0.13223953594749852, 0.1522446643173996, 0.1756438962845195, 0.20288644047275317, 0.23440166099125273, 0.27055514278038856, 0.31158881203217553, 0.3575446727828005, 0.40817473208366833, 0.4628436768646015, 0.5204363867163255, 0.579287815253182, 0.6371577425983048, 0.6912743296072125, 0.7384672288684325, 0.7754001907848027, 0.7988956099305501, 0.8063199770559178, 0.7959759736852514, 0.7674297472665204, 0.7216995154206521, 0.6612478234280645, 0.5897552888172328, 0.5117003810160786, 0.4318159480589797, 0.3545237771385263, 0.2834536120543066, 0.22112995395016918, 0.16886637015042882, 0.12685676111856947, 0.09441178016609851, 0.07026702910837929, 0.052890708206620694, 0.04073699129837335, 0.032418108258996874, 0.026793306354782612, 0.022990197112608687, 0.02038152014629199, 0.018539736182369003, 0.01718649325524148, 0.01614726191272822, 0.015315595638760802, 0.014627525675625391, 0.014044546495642195, 0.013542986599143264, 0.013107696593092901, 0.012728446371645276, 0.012397923996355063, 0.012110636535842, 0.011862301936680655, 0.011649501952296474, 0.011469474337567447, 0.011319980108390932, 0.011199213972848782, 0.011105740502338514, 0.01103844775611495, 0.01099651278466377, 0.010979376658257252, 0.010986726624938725, 0.011018484747975803, 0.011074801742305112, 0.01115605602647281, 0.011262857281570029, 0.011396054911575465, 0.011556751103356787, 0.01174631918640637, 0.011966427363900146, 0.012219068847404148, 0.012506598885569773, 0.012831780154475753, 0.013197837540270194, 0.013608524406551534, 0.014068202135613089, 0.014581935967975362, 0.01515561004333017, 0.015796066078565794, 0.016511270257236317, 0.017310514910179348, 0.018204662082630434, 0.019206438806979247, 0.020330794949616843, 0.021595338266552522, 0.023020863050558765, 0.024631993928053205, 0.026457968860141002, 0.028533592231575904, 0.030900391731133094, 0.03360802084386825, 0.03671595013121401, 0.040295497700198905, 0.04443224404101325, 0.04922887619362411, 0.05480848216949495]
11.360000000000095	0.8378926520955134	[0.06164798643594082, 0.06929033889832628, 0.07824796878212979, 0.08876531833063016, 0.10112710997172479, 0.11566062816722471, 0.1327355321964297, 0.1527596511205648, 0.1761687468921493, 0.20340779378257964, 0.2349010505006782, 0.27100828139534133, 0.3119651933506265, 0.35780778137888425, 0.4082831083448971, 0.4627531726921208, 0.5201037535936479, 0.5786757056797133, 0.6362407740207612, 0.6900456267306572, 0.7369443080595282, 0.7736289186101177, 0.796950753540227, 0.8043013498789315, 0.7939997544204261, 0.7656157635830567, 0.720156280613901, 0.6600581146853084, 0.5889651929914453, 0.5113142779367382, 0.43179851852874007, 0.35480850825963434, 0.28395566597962957, 0.22176039478753795, 0.16954469448290246, 0.12751952572356517, 0.09501640758897976, 0.07079119712609719, 0.05332863791519009, 0.0410942928699697, 0.032706650291861136, 0.027027072406408184, 0.02318251971964159, 0.020543630488986366, 0.018680313103786435, 0.01731182724766982, 0.016261703947641495, 0.015422065691393259, 0.014727960199948976, 0.014140240637195954, 0.013634832389102217, 0.013196337382470138, 0.012814372159330052, 0.012481528124220563, 0.012192249113549146, 0.011942209494762525, 0.011727959579575432, 0.011546713377224202, 0.011396213601482722, 0.011274640546152966, 0.011180547553944637, 0.011112813945589878, 0.011070610293505262, 0.011053373056946522, 0.011060786688012985, 0.011092772021107393, 0.011149480147292723, 0.011231291311685288, 0.01133881856997913, 0.01147291616700638, 0.011634692744385673, 0.011825529683461974, 0.012047105034875239, 0.01230142370128245, 0.012590854723305234, 0.012918176788264698, 0.013286633342500888, 0.01369999905784907, 0.014162659793687716, 0.014679708729989497, 0.015257061942371305, 0.015901597481871123, 0.016621322933189513, 0.017425577611040983, 0.018325276940336227, 0.01933320833757028, 0.020464389987592292, 0.02173650651205409, 0.023170438543963792, 0.024790906900950007, 0.026627256187568192, 0.028714407465421497, 0.031094014663491345, 0.03381586467029329, 0.03693956551450037, 0.04053657010953627, 0.04469258235774336, 0.04951038597535631, 0.055113119258787195]
11.320000000000096	0.8416343752250223	[0.06197995611882167, 0.06964919975063737, 0.07863516164629178, 0.0891817150722946, 0.10157268033537731, 0.11613400040496952, 0.13323343361912052, 0.15327622404614974, 0.17669475273640695, 0.2039297461124134, 0.2354003581801002, 0.2714605356137361, 0.312339792513289, 0.3580681458335465, 0.4083877740167936, 0.46265804426773255, 0.5197657135327797, 0.5780575907782436, 0.6353174373417078, 0.6888104254776642, 0.7354149662606668, 0.771851424379912, 0.7949999043368545, 0.8022768794334412, 0.7920177044352364, 0.7637958130684748, 0.7186068741248176, 0.6588620921261997, 0.5881688764739134, 0.5109224234235255, 0.43177625956023996, 0.3550897519621798, 0.28445586424711955, 0.22239069763214173, 0.17022446613368591, 0.12818500777594408, 0.09562460163610324, 0.07131934149044437, 0.05377057164368984, 0.041455347364645505, 0.03299853215235581, 0.027263706523626807, 0.02337725510315036, 0.020707758323930677, 0.018822588993362224, 0.017438616962123555, 0.016377422496777302, 0.015529682722125397, 0.014829448216147288, 0.01423691987272017, 0.013727611882921521, 0.013285872045529416, 0.012901159953901889, 0.012565968156303987, 0.012274675823776256, 0.012022912909898724, 0.011807197679235104, 0.011624720054339725, 0.011473204139855067, 0.011350815656697828, 0.01125609653455294, 0.01118791727855382, 0.011145441864372507, 0.011128102110155344, 0.011135579597967574, 0.011167793936418778, 0.011224896553728853, 0.011307269551694317, 0.011415529352053701, 0.01155053509527027, 0.011713401897449918, 0.011905519271164068, 0.01212857516215347, 0.012384586269666202, 0.012675935502661141, 0.013005417694003856, 0.013376294956917398, 0.01379236343792659, 0.014258033612203992, 0.01477842680105784, 0.015359491187365789, 0.016008141395451172, 0.016732426612423766, 0.017541733410960113, 0.018447030816670346, 0.019461166927738856, 0.02059922846302327, 0.0218789772011372, 0.023321380271574373, 0.024951254904039565, 0.026798052337937455, 0.028896810336575658, 0.031289308700891236, 0.034025467322906504, 0.037165030630728874, 0.04077958512989907, 0.04495495581146034, 0.04979402042895355, 0.05541996315186335]
11.280000000000097	0.8454086353753418	[0.06231422055232517, 0.07001040438385527, 0.0790247178427792, 0.08960045541521744, 0.10202052086109481, 0.11660950264187685, 0.13373324000091635, 0.15379437867174084, 0.17722190125835358, 0.20445228013714914, 0.23589955708866148, 0.271911874438102, 0.31271256872611763, 0.3583257237577444, 0.4084886783771433, 0.46255824319086664, 0.5194222123667599, 0.5774334227111717, 0.6343876812667912, 0.6875686831996187, 0.733879158243978, 0.770067671287341, 0.7930430224119361, 0.8002465320591512, 0.7900297858361317, 0.7619698608898728, 0.7170512555246875, 0.6576597149192682, 0.5873662920119914, 0.5105247682213789, 0.43174911793026355, 0.35536745658341373, 0.28495415892841036, 0.22302082436076873, 0.1709056598579817, 0.1288531981775852, 0.09623636927680153, 0.07185148374490007, 0.054216541826625934, 0.04182019392423996, 0.033293795420994456, 0.027503249345449614, 0.023574440680969276, 0.020873936716361615, 0.018966592377618344, 0.017566886758999048, 0.01649443847259506, 0.01563846491316365, 0.014932005890272094, 0.014334598857124, 0.013821338673065462, 0.013376313356678942, 0.012988821956244482, 0.012651255810342609, 0.012357928043383619, 0.012104423240545769, 0.011887227090380738, 0.011703504985423559, 0.011550962197461847, 0.011427749623837528, 0.011332397678457352, 0.011263767889954972, 0.011221017595089939, 0.011203573864802176, 0.011211115407400541, 0.011243560540138548, 0.011301061053742326, 0.011384000874725133, 0.011492999841315443, 0.011628921987747908, 0.011792888979147046, 0.011986298486142981, 0.012210848449128231, 0.01246856741949921, 0.012761852301440146, 0.013093514158656916, 0.013466833928733544, 0.01388562934935607, 0.014354335703169649, 0.014878102601403992, 0.015462910563032053, 0.016115710965109394, 0.01684459486350718, 0.017658996292563112, 0.018569938176538535, 0.019590329505468792, 0.020735325842738666, 0.022022766301112388, 0.02347370478528253, 0.025113055001950595, 0.026970374981618302, 0.02908081899249606, 0.03148629257051345, 0.03423684788591825, 0.037392365035715754, 0.0410245624142454, 0.04521938428662952, 0.05007979905831685, 0.055729033148926764]
11.240000000000098	0.8492158456826819	[0.06265079848259264, 0.07037396951337024, 0.07941665301721945, 0.09002155137630444, 0.10247064154994256, 0.11708713914541515, 0.13423495261957816, 0.15431410811552734, 0.17775018199809278, 0.20497537496148022, 0.2363986231888737, 0.27236226198628083, 0.3130834850598591, 0.35858046648670766, 0.4085857755918254, 0.4624537135674304, 0.5190732017886492, 0.5768031454627314, 0.6334514611817322, 0.6863203492386064, 0.7323368459768507, 0.7682776155249711, 0.7910800749373064, 0.7982102684314933, 0.7880359666893206, 0.7601378675611083, 0.7154893882943486, 0.6564509381499504, 0.5865573940942981, 0.5101212596221733, 0.4317170408027724, 0.3556415680433305, 0.28545050210927914, 0.22365073558480972, 0.17158825051672466, 0.1295240874073344, 0.09685171772998268, 0.07238764550876726, 0.054666581295647304, 0.042188872087247774, 0.03359248222320419, 0.027745742094219355, 0.023774114476167393, 0.0210421993430343, 0.0191123523274959, 0.017696661525284815, 0.016612773211806924, 0.015748430862586014, 0.015035649703866828, 0.014433292577504246, 0.013916026596193195, 0.013467674372787019, 0.013077370571448074, 0.012737403058906454, 0.012442017331882046, 0.012186751783382263, 0.01196805882288353, 0.011783079013733586, 0.011629498412436906, 0.011505452984985813, 0.011409461380811137, 0.011340376126123446, 0.011297347743246481, 0.011279798574310721, 0.0112874043291954, 0.011320082081883452, 0.011377983901503142, 0.011461495611029, 0.011571240416081529, 0.011708087338237748, 0.011873164574479672, 0.01206787806959449, 0.01229393577196857, 0.01255337822620913, 0.012848616375267524, 0.013182477683395366, 0.013558261986592081, 0.013979808816511115, 0.014451578367985333, 0.01497874878261735, 0.015567333049446543, 0.01622431957969445, 0.01695784145570954, 0.01777738049552513, 0.018694013689211166, 0.019720711272428283, 0.020872697798144598, 0.022167890072732507, 0.023627428835407555, 0.02527632457646534, 0.02714424197018371, 0.02926645192695157, 0.03168498514496138, 0.03445002582722759, 0.03762158836473405, 0.04127152204994183, 0.0454858876335331, 0.05036774187505567, 0.05604034832951914]
11.200000000000099	0.8530564261106031	[0.06298970821445211, 0.07073991271181644, 0.07981098195835734, 0.09044501613343708, 0.10292305093698345, 0.11756691581527734, 0.13473857044000317, 0.1548354078298665, 0.1782795810759492, 0.20549901300287834, 0.23689752767840122, 0.27281166693175257, 0.31345249832465194, 0.35883233130277836, 0.4086790120855737, 0.4623444067578028, 0.5187186245256763, 0.5761667111978691, 0.6325087228176924, 0.68506538141384, 0.7307879818521412, 0.7664812213322847, 0.7891110204171566, 0.7961680561955512, 0.7860362079272024, 0.7582997990490983, 0.713921230544744, 0.655235720667895, 0.5857421334263134, 0.5097118470818873, 0.4316799727303694, 0.35591203312777425, 0.2859448440343298, 0.22428039195100394, 0.17227221171043205, 0.13019766570556068, 0.09747065355366602, 0.07292784835321138, 0.05512072284068081, 0.04256142171013169, 0.033894635110281984, 0.027991226559428845, 0.023976315134242924, 0.02121258048016369, 0.019259898511261524, 0.017827966642113374, 0.01673244853503513, 0.015859599533617562, 0.015140396517528685, 0.01453301629124099, 0.014011689800856361, 0.013559968365433607, 0.013166818479315055, 0.01282442205960555, 0.012526955502490833, 0.012269910004423387, 0.012049704126717384, 0.011863453143532886, 0.011708823652928857, 0.011583936434488957, 0.011487298258872014, 0.01141775248898701, 0.011374442782454364, 0.011356786648254633, 0.011364456787971267, 0.01139736896933541, 0.011455675560457042, 0.011539764251875329, 0.011650261663347605, 0.011788041805352591, 0.011954239478420649, 0.01215026893205354, 0.012377848220025531, 0.012639029939733733, 0.01293623919813236, 0.013272319949623326, 0.013650591084736064, 0.01407491405011329, 0.014549774143075954, 0.015080378188852009, 0.01567277187351957, 0.016333980826415493, 0.017072180419616494, 0.017896900462345683, 0.01881927230285095, 0.019852327634694834, 0.021011360300853228, 0.022314364977280808, 0.02378256949856374, 0.02544108119632742, 0.027319671514129406, 0.029453727790596046, 0.0318854056980017, 0.03466502071427998, 0.03785272071156208, 0.04152048412282948, 0.045754486243122144, 0.05065786872020337, 0.056353928437596346]
11.1600000000001	0.8569308036630027	[0.0633309685920051, 0.07110825122161296, 0.08020772010527183, 0.09087086217100433, 0.10337775838062711, 0.11804883733456328, 0.13524409352150576, 0.1553582713488106, 0.17881008612386867, 0.20602317390171326, 0.23739624388073943, 0.27326005423810146, 0.3138195682900621, 0.3590812709080366, 0.408768338226509, 0.4622302688628387, 0.5183584281537353, 0.5755240663714412, 0.6315594172128768, 0.6838037315640161, 0.7292325232897104, 0.7646784469086433, 0.7871358214661084, 0.7941198573574623, 0.7840304735613671, 0.7564556167847893, 0.7123467427635394, 0.6540140183408156, 0.5849204625833822, 0.5092964783372874, 0.43163785939092075, 0.35617879738760894, 0.28643713510229535, 0.22490975288761675, 0.17295751653640512, 0.13087392229107128, 0.09809318283018481, 0.07347211341038823, 0.05557899926497818, 0.042937882865098864, 0.03420029711301326, 0.02823974513400066, 0.02418108196206204, 0.02138511507578284, 0.019409261202131742, 0.017960828058189, 0.0168534867277221, 0.0159719903264308, 0.015246263535149176, 0.014633785598803413, 0.014108342702295669, 0.013653208895212493, 0.013257178584310185, 0.012912325229629184, 0.01261275457057756, 0.012353909612006539, 0.012132174441460086, 0.01194463860990472, 0.011788948969504715, 0.011663210889150673, 0.011565919108413808, 0.011495907696775711, 0.011452313363207962, 0.011434548708248915, 0.011442283385295451, 0.011475431819740936, 0.011534146672419403, 0.01161881749735813, 0.011730074351045615, 0.011868796257501844, 0.01203612467046584, 0.012233482196523865, 0.012462597071701005, 0.012725534026857558, 0.013024732438476268, 0.013363052861700465, 0.013743833378045722, 0.014170957491725424, 0.01464893577231398, 0.015183003904835717, 0.01577924047675884, 0.016444708544726783, 0.01718762600739961, 0.01801757090149747, 0.018945729193173534, 0.01998519428026268, 0.02115132955353908, 0.022462207776372187, 0.023939144081115207, 0.025607342751891547, 0.027496682043682986, 0.029642665580626264, 0.032087573698266494, 0.034881852491139384, 0.03808578231549914, 0.041771469133399665, 0.04602520056341113, 0.05095019990061525, 0.05666979312528258]
11.1200000000001	0.86083941244775	[0.06367459855081226, 0.0714790024335381, 0.08060688286736352, 0.09129910204077492, 0.10383477304402618, 0.11853290835784148, 0.13575152151966005, 0.15588269208015523, 0.17934168412830107, 0.20654783708935867, 0.23789474421512308, 0.27370738860518357, 0.3141846535668162, 0.3593272377201897, 0.40885370300739354, 0.4621112457254878, 0.5179925587612596, 0.5748751572960308, 0.6306034940070562, 0.6825353516377396, 0.72767042664373, 0.7628692508957291, 0.7851544400621223, 0.792065634538734, 0.7820187271753817, 0.7546052825738445, 0.7107658848199236, 0.6527857868251199, 0.5840923331547342, 0.508875100393738, 0.43159064532478286, 0.3564418055044578, 0.2869273247560013, 0.22553877713908707, 0.17364413748414895, 0.13155284601398867, 0.09871931142061355, 0.07402046180950946, 0.05604144354499567, 0.0433182959806514, 0.0345095117555006, 0.02849134080033102, 0.024388454900515198, 0.02155983870835341, 0.019560471270270555, 0.018095272259883003, 0.01697591055381088, 0.016085623055333606, 0.015353268327153013, 0.014735616420442054, 0.014206000008247593, 0.013747409785992606, 0.013348464041675785, 0.013001125218495316, 0.012699426779275385, 0.012438762529368133, 0.01221548142079599, 0.01202664685218566, 0.01186988561801191, 0.011743287463169012, 0.011645334924616424, 0.011574852660783314, 0.011530970331703114, 0.011513095566597197, 0.011520894916535957, 0.01155428144031552, 0.01161340807271153, 0.01169866623830168, 0.011810689441807912, 0.011950361755962322, 0.0121188313274246, 0.012317529182326254, 0.012548193806698782, 0.012812902155401424, 0.013114107971377239, 0.013454688530970498, 0.013838001234684963, 0.014267951797008387, 0.014749076220757731, 0.0152866392375572, 0.015886752530900956, 0.016556516805335795, 0.01730419271142141, 0.01813940676213763, 0.019073399786569047, 0.020119327147008155, 0.02129262201986876, 0.02261143548932861, 0.024097170159451328, 0.025775127395912728, 0.02767529226518999, 0.029833284555413057, 0.03229150889115528, 0.03510054135180694, 0.03832079368440974, 0.04202449780514502, 0.04629805128967221, 0.05124475589615154, 0.05698796225302719]
11.080000000000101	0.8647826938884261	[0.06402061714249746, 0.07185218392200103, 0.08100848564836315, 0.09172974839958295, 0.10429410391713739, 0.11901913355218102, 0.1362608537081236, 0.15640866335652698, 0.17987436146171176, 0.2070729818676265, 0.23839300026060833, 0.2741536346083361, 0.3145477117339636, 0.35957018410004904, 0.4089350542441168, 0.461987283227273, 0.5176209611513535, 0.5742199303881989, 0.6296409014759756, 0.6812601936883798, 0.7261016468828101, 0.761053591998211, 0.7831668368830101, 0.7900053503863883, 0.780000931250432, 0.7527487582159988, 0.7091786157072799, 0.6515509816863425, 0.5832576959863147, 0.5084476599747402, 0.43153827431250413, 0.3567010016211566, 0.28741536159914, 0.22616742274613133, 0.17433204625588272, 0.1322344251276308, 0.09934904471777177, 0.07457291448024779, 0.05650808868957085, 0.043702701767122876, 0.03482232302798604, 0.028746057136853957, 0.024598474547770605, 0.021736787616042468, 0.019713560212307652, 0.018231326296984297, 0.017099743278728968, 0.016200517967345028, 0.015461428847670185, 0.014838525010118168, 0.01430467673292256, 0.013842585136455737, 0.013440688269851224, 0.013090834918405219, 0.01278698461112289, 0.012524480904395563, 0.01229963694371923, 0.01210948952339771, 0.011951645070497483, 0.011824177477398421, 0.01172555691277788, 0.011654598494548304, 0.01161042474039267, 0.011592438235451849, 0.011600302381304961, 0.011633928837427511, 0.011693470800537595, 0.011779321565506014, 0.01189211810332717, 0.012032749564221014, 0.012202370833818015, 0.012402421414576748, 0.012634650116525186, 0.012901146203881393, 0.013204377889226973, 0.013547239285657589, 0.013933107247046262, 0.014365909845928159, 0.014850208685975525, 0.015391297726881265, 0.01599532194975551, 0.016669419921356468, 0.01742189527678374, 0.018262423245964006, 0.019202299773596002, 0.020254742435454127, 0.021435254439273296, 0.022762065407138977, 0.024256665596491228, 0.02594445355898074, 0.02785552117982663, 0.030025604251752637, 0.03249723132031939, 0.035321107759606944, 0.03855777561952265, 0.04227959110620005, 0.046573059392923125, 0.051541557383275344, 0.05730845592176177]
11.040000000000102	0.8687610968346757	[0.06436904370376588, 0.07222781323079255, 0.08141254410438795, 0.0921628136779153, 0.10475576020144221, 0.11950751708711993, 0.1367720895361045, 0.15693617766893075, 0.18040810466935722, 0.20759858630947198, 0.23889098384556268, 0.2745987552285172, 0.31490870082580774, 0.3598100605530704, 0.4090123405523715, 0.4618583252814192, 0.517243581311775, 0.5735583300686474, 0.6286715892849899, 0.6799782076859214, 0.7245261401891526, 0.759231426642933, 0.7811729733320814, 0.7879389651914249, 0.7779770485770257, 0.75088600351254, 0.7075848946869716, 0.650309557229805, 0.5824165023191084, 0.5080141031294911, 0.4314806903468271, 0.3569563292361755, 0.28790119390132607, 0.22679564683907796, 0.17502121381164432, 0.13291864699149833, 0.09998238751450617, 0.07512949194083256, 0.056978967655832005, 0.04409114114841075, 0.035138775383183114, 0.02900393833247482, 0.02481118218353227, 0.021915998728890145, 0.019868560168267095, 0.018369017808623808, 0.017225008673668395, 0.01631669576149403, 0.015570763430874135, 0.014942527971819122, 0.01440438818938816, 0.013938749335354647, 0.013533864940993812, 0.013181467478967469, 0.012875440777854288, 0.012611077123784821, 0.012384653104300803, 0.012193178503661835, 0.012034239005407473, 0.011905892471860151, 0.011806596479212434, 0.011735156525383575, 0.01169068783970015, 0.011672587937375556, 0.011680516975992046, 0.011714385226279623, 0.011774346092261774, 0.011860794778687504, 0.01197437170224837, 0.012115971156345565, 0.012286754776221567, 0.012488170632173131, 0.012721977899090017, 0.012990278269307553, 0.013295554496366838, 0.013640717678686153, 0.01402916422615211, 0.01446484475082808, 0.014952346591874185, 0.015496993154149598, 0.016104962882011305, 0.016783432457798866, 0.017540748692491188, 0.018386635818111587, 0.01933244509761979, 0.02039145662187283, 0.02157924381177002, 0.022914115109040626, 0.024417648520771416, 0.026115339971719914, 0.028037388054124854, 0.030219644516208382, 0.03270476128529872, 0.03554357249346019, 0.0387967491534592, 0.042536770319860626, 0.04685024602770207, 0.05184062534423253, 0.057631294333336094]
11.000000000000103	0.8727750777450716	[0.06471989731672817, 0.07260590847649437, 0.08181907332515444, 0.09259831101126054, 0.10521975008782665, 0.11999806405425185, 0.13728522684086056, 0.15746522876690405, 0.18094289791220936, 0.20812463022062783, 0.23938866347702142, 0.27504271577007383, 0.31526757449924525, 0.36004682054920273, 0.4090855051223292, 0.4617243193891613, 0.5168603590216725, 0.5728903049456339, 0.627695500722729, 0.6786893483853051, 0.7229438570168715, 0.757402716481097, 0.7791728062690102, 0.7858664442844087, 0.7759470384030894, 0.7490169820873794, 0.7059846778176133, 0.6490614696523535, 0.5815687002199641, 0.507574376163278, 0.4314178346798546, 0.35720773146963747, 0.2883847681512515, 0.22742340630060684, 0.17571161031213847, 0.13360549901224483, 0.10061934445763782, 0.0756902149818048, 0.0574541136576033, 0.04448365552293181, 0.03545891380900612, 0.029265029204667326, 0.025026619758300717, 0.022097509630561844, 0.02002550392607421, 0.01850837499453949, 0.017351731047314745, 0.016434177568587824, 0.015681290835536935, 0.01504764223819545, 0.014505150037360899, 0.014035917036224544, 0.01362800802876167, 0.01327303627922249, 0.012964808267098513, 0.012698563784326843, 0.01247054225655201, 0.012277725872299295, 0.01211767934997414, 0.011988444179675222, 0.011888465270761456, 0.011816538270685186, 0.011771771114553577, 0.011753556084191208, 0.011761550127487194, 0.011795662012182939, 0.01185604541268411, 0.011943097369866982, 0.012057461833489342, 0.012200038202051717, 0.012371994971197934, 0.012574788774026811, 0.012810189285870148, 0.013080310653996148, 0.013387650336153578, 0.013735136474403104, 0.014126185229376273, 0.014564769842255508, 0.015055503617968145, 0.01560373952608031, 0.016215689743182427, 0.016898569212133605, 0.017660768227590936, 0.018512060182353535, 0.01946385199729158, 0.02052948642507925, 0.021724607449941657, 0.023067602416201233, 0.02458013739273758, 0.026287805597963128, 0.02822091250806714, 0.030415425406093804, 0.03291411946331267, 0.035767956498244186, 0.03903773572486741, 0.04279605681560558, 0.047129632790504625, 0.052141980714992625, 0.05795649818247152]
10.960000000000104	0.8768251008087277	[0.06507319780729351, 0.07298648720002628, 0.08222808934378684, 0.09303625247116418, 0.10568608302010186, 0.12049077779433197, 0.1378002651888617, 0.15799580774749128, 0.181478727790124, 0.20865108966760462, 0.23988601109530225, 0.27548547661515776, 0.3156242911042637, 0.3602804114844309, 0.4091544971938645, 0.4615852059638144, 0.5164712412025435, 0.5722157957056622, 0.6267125866019012, 0.6773935620143383, 0.7213547547881799, 0.7555674144855579, 0.777166298315597, 0.7837877450297799, 0.7739108645411331, 0.7471416513519653, 0.7043779249177589, 0.6478066711893878, 0.5807142407955836, 0.5071284231370177, 0.43134965046409746, 0.35745514983325943, 0.2888660313084985, 0.22805065641806063, 0.17640320538953883, 0.13429496721044418, 0.10125991955437076, 0.07625510368402426, 0.057933559782868155, 0.04488028637316187, 0.03578278372133647, 0.029529375161454673, 0.025244829902760127, 0.022281358628410627, 0.020184424924534393, 0.01864942669165614, 0.01747993521549602, 0.01655298502063308, 0.015793030192161266, 0.01515388513918232, 0.014606978219468946, 0.014134103228326481, 0.013723131740190958, 0.013365555000093935, 0.013055100273620076, 0.012786953764746041, 0.012557316947633979, 0.01236314397702561, 0.012201978217222152, 0.01207184459216292, 0.011971175116679686, 0.011898755498176025, 0.011853686231550153, 0.011835354332240833, 0.011843413445468107, 0.011877770841193038, 0.01193858041189777, 0.012026241070086846, 0.012141400280860689, 0.012284962610425491, 0.012458103428720757, 0.012662288020858056, 0.012899296607076487, 0.013171255906630932, 0.013480678156706519, 0.013830508690255842, 0.014224183525452393, 0.014665698712858185, 0.015159693662063637, 0.015711551122901044, 0.016327517173926588, 0.017014845269368365, 0.017781969382326342, 0.018638712346947292, 0.01959653694649445, 0.02066884888868008, 0.02187136290160558, 0.023222545498946014, 0.024744150900727055, 0.026461869780227982, 0.028406114369510103, 0.030612967393953396, 0.033125326698351734, 0.03599428118087535, 0.03928075686393511, 0.04305747248767546, 0.04741124124050385, 0.05244564504470327, 0.05828408791633467]
10.920000000000105	0.8809116381410216	[0.06542896476767439, 0.07336956752529095, 0.08263960764941944, 0.09347665083676705, 0.10615476744941273, 0.12098566255334335, 0.13831720253741756, 0.15852790691472665, 0.1820155784976876, 0.20917794235775813, 0.24038299528722948, 0.27592700036637463, 0.31597880462875677, 0.36051078368741113, 0.40921926074331033, 0.4614409291413416, 0.5160761689296083, 0.571534747506243, 0.6257227917854872, 0.6760907997739399, 0.7197587853446396, 0.7537254786035046, 0.7751534071616273, 0.7817028291108851, 0.7718684865734392, 0.7452599718532114, 0.7027645922551633, 0.6465451159020632, 0.5798530723089927, 0.5066761888877354, 0.43127607872802104, 0.3576985259461838, 0.28934492883323326, 0.2286773522454442, 0.17709596768960836, 0.13498703734261433, 0.10190411633785425, 0.07682417812410211, 0.0584173391910257, 0.045281075562201026, 0.03611043105023513, 0.02979702226408322, 0.025465855964731828, 0.022467584735128044, 0.02034535729803252, 0.01879220233835041, 0.0176096465647099, 0.016673140208842013, 0.015906001078187904, 0.015261274352750778, 0.014709889041482455, 0.014233323180924804, 0.013819250597329288, 0.013459037565012332, 0.01314633028002535, 0.012876260165765645, 0.012644989995725189, 0.012449445375961519, 0.012287147979510632, 0.01215610590448428, 0.012054738096946684, 0.011981820176074194, 0.011936445101745158, 0.011917994537298426, 0.01192611877989744, 0.011960723559475982, 0.012021962978107344, 0.012110237812587783, 0.012226199066063401, 0.012370756496042079, 0.012545092398355674, 0.012750680763239396, 0.012989312436119463, 0.01326312679108386, 0.013574650954854576, 0.013926847565080301, 0.014323172639247829, 0.014767645183571411, 0.01526493088746097, 0.015820442460441602, 0.0164404600917195, 0.017132275957353678, 0.017904367947067863, 0.01876660856933421, 0.019730516724542464, 0.02080956130954612, 0.02201952803730549, 0.023378962780453604, 0.024909708075134304, 0.026637552105472324, 0.028593013829925216, 0.030812291174885938, 0.03333840422238779, 0.03622256812711641, 0.039525834517573154, 0.04332103933128495, 0.047695093390195134, 0.05275163985388396, 0.05861408448676]
10.880000000000106	0.8850351699521685	[0.0657872181267642, 0.07375516746076245, 0.08305364405539702, 0.09391951853339481, 0.10662581215202241, 0.12148272190522647, 0.1388360372068387, 0.15906151750519062, 0.18255343469582078, 0.2097051644734489, 0.24087958529273584, 0.27636724760520676, 0.31633106996994137, 0.3607378849609071, 0.409279740929995, 0.4612914300718671, 0.5156750846972394, 0.5708471022160008, 0.6247260627517138, 0.6747810095909078, 0.7181559023328375, 0.7518768639158481, 0.7731340924234398, 0.7796116559614342, 0.7698198658363852, 0.7433719023431824, 0.7011446372226487, 0.6452767561725782, 0.57898514327159, 0.5062176165715686, 0.4311970600780608, 0.35793779992809466, 0.2898214055354145, 0.22930344772899672, 0.17778986532003788, 0.13568169452865878, 0.1025519381007, 0.07739745823312767, 0.058905485195028265, 0.04568606526952061, 0.036441902239115906, 0.03006801720250654, 0.025689741986625925, 0.022656227679364257, 0.020508335855727058, 0.018936732008636756, 0.017740891031266814, 0.016794665728266468, 0.016020223492108843, 0.015369827952859787, 0.014813899140710613, 0.014333592492102108, 0.013916379401900407, 0.01355349818859915, 0.013238512020087806, 0.012966496357741225, 0.01273357445394112, 0.012536642883293961, 0.012373201234388233, 0.012241240558627603, 0.01213916651085496, 0.0120657445130449, 0.012020059852312423, 0.012001488791476387, 0.012009678195736867, 0.012044532247437567, 0.012106205215123187, 0.012195099764625086, 0.012311870428526118, 0.012457432209059467, 0.012632974350902366, 0.012839979630637828, 0.01308024957244847, 0.013355936315145346, 0.01366958195949707, 0.014024166588344112, 0.014423166334867345, 0.014870623334336594, 0.015371229704850671, 0.015930428323519857, 0.016554533670299326, 0.017250876884408038, 0.018027979977576665, 0.018895765400188228, 0.019865808384736006, 0.020951641291450496, 0.02216912100833189, 0.02353687300476398, 0.025076828229915984, 0.02681487249479685, 0.028781631359917643, 0.031013417789343207, 0.033553373529850807, 0.036452839275430464, 0.039772990858885096, 0.043586779695886105, 0.047981211412225215, 0.053059987011664984, 0.058946508896836614]
10.840000000000106	0.8891961846747035	[0.06614797780928257, 0.0741433053343739, 0.08347021417015825, 0.09436486827752802, 0.1070992254172016, 0.12198195969690456, 0.13935676666524607, 0.1595966310513163, 0.18309227976756945, 0.21023273260511316, 0.24137574864332897, 0.2768061795753212, 0.3166810399588173, 0.3609616641813006, 0.4093358806156621, 0.46113665146136873, 0.5152679285626326, 0.5701528035923109, 0.6237223433669802, 0.673464141213416, 0.7165460565019529, 0.750021526826792, 0.771108310604333, 0.7775141857562743, 0.7677649607948882, 0.7414774020978416, 0.6995180151770497, 0.6440015450550064, 0.5781104011176803, 0.5057526500047064, 0.4311125344510643, 0.3581729120200968, 0.29029540533272935, 0.22992889621258414, 0.17848486524965046, 0.13637892302547572, 0.1032033872563463, 0.07797496346701296, 0.05939803090198509, 0.04609529784731093, 0.036777244158368735, 0.030342407292639952, 0.02591653273819822, 0.022847327933052504, 0.020673396130695097, 0.019083046422055893, 0.0178736951402886, 0.016917584669265205, 0.01613571788570226, 0.015479564391131236, 0.014919025516577429, 0.014434927066179605, 0.014014533265898271, 0.013648951352508785, 0.013331659509193931, 0.013057675956414343, 0.012823083639975117, 0.012624749545926368, 0.012460150832813188, 0.01232726122159175, 0.012224472903404759, 0.012150540938250685, 0.012104542850952027, 0.012085849405223368, 0.01209410399541974, 0.012129209203557182, 0.01219131946311229, 0.012280839312895243, 0.01239842684475533, 0.012545002321911523, 0.012721761996734547, 0.012930197478996838, 0.013172121059321548, 0.013449697718577517, 0.013765484649292878, 0.01412247948820559, 0.014524178633823239, 0.014974647491623659, 0.015478604791643591, 0.016041523752253335, 0.01666975336103267, 0.01737066392352351, 0.018152821819598923, 0.01902619966425957, 0.020002429283888873, 0.021095106720704814, 0.02232016028370928, 0.023696295204392395, 0.025245531010896962, 0.026993851158646855, 0.02897198777480509, 0.031216368558981165, 0.03377025646972329, 0.03668511682237068, 0.0400222484201183, 0.0438547161422602, 0.04826961783516735, 0.05337070851614754, 0.05928138249238987]
10.800000000000107	0.8933951791879893	[0.06651126395109298, 0.07453399950272793, 0.08388933373142432, 0.09481271264509232, 0.10757501555943895, 0.12248337941201519, 0.13987938828799418, 0.16013323844864777, 0.18363209688465534, 0.2107606223921036, 0.24187145255439735, 0.27724375623402736, 0.31702866703339355, 0.36118206862091434, 0.40938762224673636, 0.4609765341915716, 0.514854640261331, 0.5694517935733183, 0.6227115774661208, 0.6721401429004711, 0.7149291990419055, 0.7481594228100793, 0.7690760190540294, 0.7754103781610727, 0.7657037307057756, 0.739576429805174, 0.6978846816268777, 0.6427194345223258, 0.5772287926208074, 0.5052812315380817, 0.4310224407146803, 0.35840380109518905, 0.29076687120417616, 0.23055365011569565, 0.17918093388851536, 0.13707870665398236, 0.10385846605833428, 0.07855671328458622, 0.05989500964770446, 0.04650881604578864, 0.0371165042405008, 0.03062024052166116, 0.02614627372168657, 0.023040926713804734, 0.02084057436852112, 0.01923117695935249, 0.01800808600405334, 0.017041920646664436, 0.01625250516595646, 0.01559050252989576, 0.015025285530290925, 0.014537343146149441, 0.01411372760815369, 0.013745411836356525, 0.013425787038932541, 0.01314981285231947, 0.01291353112992252, 0.012713778671324257, 0.012548009873065325, 0.012414180811583216, 0.012310670059820514, 0.012236222125867509, 0.012189906701273406, 0.012171088930225126, 0.012179408715176157, 0.012214766965830334, 0.012277318295807657, 0.012367469083742692, 0.012485881026281355, 0.012633479648540457, 0.012811468284273661, 0.013021347409275595, 0.013264940182550474, 0.01354442449125353, 0.013862372751371699, 0.014221800249560976, 0.014626223813341917, 0.015079732246721982, 0.01558707108940064, 0.016153744060988046, 0.016786134888833786, 0.017491653232431265, 0.018278910102390494, 0.01915792848225942, 0.02014039707218218, 0.02123997579086406, 0.022472664634487088, 0.023857248729387114, 0.02541583637164918, 0.027174508632689772, 0.029164104197784067, 0.031421165133387434, 0.03398907518946534, 0.036919423286844305, 0.04027363000749688, 0.0441248715354155, 0.04856033541456572, 0.05368382663410039, 0.05961872676767033]
10.760000000000108	0.8976326589722896	[0.06687709703836074, 0.07492726822549524, 0.08431101880294975, 0.09526306387238874, 0.10805319119821184, 0.12298698387001669, 0.14040389976007278, 0.16067132953211202, 0.1841728695966665, 0.2112888079826163, 0.24236666479836103, 0.27767993564758764, 0.31737390450927166, 0.36139904335650264, 0.40943490957177026, 0.46081101675049807, 0.5144351612072979, 0.5687440115337965, 0.6216937106575922, 0.6708089601062426, 0.7133052825937931, 0.746290504275981, 0.7670371760043002, 0.7733001897989726, 0.7636361353147337, 0.7376689416898077, 0.6962445925876647, 0.6414303750406901, 0.5763402651908204, 0.5048033027222667, 0.43092671810697286, 0.3586304052709731, 0.29123574582078693, 0.23117766079230068, 0.17987803680780598, 0.13778102814788964, 0.10451717600739811, 0.07914272656255526, 0.060396454598518, 0.04692666274595638, 0.037459730354009915, 0.030901565507774693, 0.026379011177756, 0.023237066018596708, 0.0210099075532369, 0.019381155696377064, 0.018144091333970734, 0.017167697821950666, 0.016370606695068207, 0.015702661658025995, 0.015132696899398222, 0.014640857327443035, 0.014213978147013013, 0.013842894730931992, 0.013520909169395768, 0.013242921223695211, 0.013004930750888245, 0.01280374384003305, 0.012636791694027445, 0.012502012510022031, 0.012397770999702865, 0.01232280100652362, 0.012276164237899548, 0.012257220170299033, 0.012265605121089904, 0.012301218322208415, 0.012364214517465626, 0.012455001953282462, 0.012574245917432583, 0.012722877254372027, 0.01290210639847974, 0.013113442777470343, 0.01335872046959934, 0.013640130383438956, 0.013960260240923722, 0.01432214312482653, 0.01472931640631397, 0.015185892467305805, 0.01569664380398578, 0.01626710485099297, 0.016903694252315818, 0.017613861267874044, 0.018406261738577512, 0.01929096928731991, 0.020279729692303433, 0.02138626702223466, 0.022626653131494406, 0.024019753271146367, 0.025587764568814664, 0.0273568658077989, 0.029358002051118715, 0.031627829529007515, 0.034209852119296585, 0.03715578156210743, 0.040527158674039, 0.044397269115709945, 0.048853387086844856, 0.05399936399993333, 0.059958563288491855]
10.720000000000109	0.9019091382803711	[0.06724549727238911, 0.07532313038626998, 0.08473528482396087, 0.09571593494494889, 0.10853375985207898, 0.12349277684657543, 0.1409302970334799, 0.16121089541968536, 0.18471457893170795, 0.21181726528384653, 0.2428613497090945, 0.2781146782631537, 0.31771670128476237, 0.3616125365588925, 0.4094776810005844, 0.4606400414262367, 0.5140094267924487, 0.5680294012426493, 0.6206686822960273, 0.6694705430721162, 0.7116742538939861, 0.7444147284982566, 0.764991734597575, 0.7711835817377963, 0.7615621302004287, 0.735754897401616, 0.6945977006188601, 0.6401343190931132, 0.575444763292436, 0.5043188058283941, 0.43082530345362524, 0.358852662588744, 0.29170197007771126, 0.2318008792347288, 0.18057613844767692, 0.13848586993886378, 0.10517951807684814, 0.07973302216271747, 0.06090239896597732, 0.04734888120120559, 0.03780697087955116, 0.031186431537985414, 0.026614792101769705, 0.023435788597757808, 0.021181433432091015, 0.019533015373225476, 0.01828173948630955, 0.017294940873452607, 0.01649004434776364, 0.015816061457282708, 0.015241277758882638, 0.014745486519275054, 0.014315300961840116, 0.013941415396385255, 0.013617040789517592, 0.013337015493909376, 0.013097296638975095, 0.012894658864263725, 0.01272650992984955, 0.012590769722549956, 0.012485789027745975, 0.012410290731389346, 0.012363328573025094, 0.012344256148733909, 0.012352706251652993, 0.012388576280991031, 0.012452021201849245, 0.012543451020398874, 0.012663534731363597, 0.012813208431317998, 0.012993689794655462, 0.013206497170916825, 0.013453475721974008, 0.013736829382609955, 0.014059161373061381, 0.014423522610386723, 0.014833471233626905, 0.01529314327246359, 0.015807338439552013, 0.01638162198274985, 0.017022447760915032, 0.017737304753380798, 0.01853489396639747, 0.019425339785736573, 0.02042044542957869, 0.021533999211867612, 0.022782145207414423, 0.024183828796025195, 0.025761336242221534, 0.027540943838574333, 0.029553703163703694, 0.03183638399906321, 0.03443261012193386, 0.037394214726093736, 0.04078285793471189, 0.044671932217282245, 0.049148796286496134, 0.054317343193354274, 0.060300914168332796]
10.68000000000011	0.9062251403598793	[0.06761648588341813, 0.07572160393032512, 0.08516214857403981, 0.09617133724857752, 0.1090167308489068, 0.12400075959298282, 0.14145857855855531, 0.16175192348237405, 0.18525720938465723, 0.2123459649468987, 0.24335547636154498, 0.27854793756177415, 0.31805701252892904, 0.36182248769611874, 0.4095158828290503, 0.46046354028869957, 0.5135773817009764, 0.5673078952300177, 0.6196364418728048, 0.6681248305039902, 0.7100360698238745, 0.7425320417541212, 0.7629396572325937, 0.7690605053610772, 0.7594816786026257, 0.7338342487402283, 0.6929439639864454, 0.638831213284164, 0.5745422351302851, 0.5038276789753318, 0.4307181355915125, 0.3590705082041509, 0.29216548556545274, 0.23242325441884953, 0.18127520319164153, 0.13919321316648622, 0.10584549305081166, 0.08032761841209518, 0.06141287608622241, 0.04777551484805484, 0.038158274730200066, 0.03147488856286792, 0.02685366424041282, 0.023637138026205352, 0.021355190483791187, 0.019686789491431215, 0.018421059402777436, 0.017423675104098455, 0.01661084043083219, 0.015930722116977197, 0.015351046566878579, 0.014851248063976034, 0.014417712391199747, 0.014040989583279904, 0.013714197013048608, 0.013432110450947063, 0.013190643137364774, 0.012986537902888338, 0.012817178413305708, 0.012680466187431511, 0.012574737644336958, 0.01249870477287819, 0.012451413015109438, 0.012432210201118416, 0.012440725344486332, 0.012476854156348551, 0.012540751626235842, 0.012632829686043972, 0.012753760890157671, 0.012904486772256609, 0.0130862321431621, 0.013300524479560564, 0.013549219962867825, 0.013834535783275585, 0.014159090631513861, 0.014525953516921021, 0.01493870335175515, 0.015401500105790418, 0.01591917074243982, 0.016497311654598872, 0.017142411971804116, 0.01786200076714179, 0.018664824275194322, 0.019561058059209525, 0.020562562819796352, 0.021683191557674838, 0.022939160537780775, 0.02434949570264668, 0.025936572255275684, 0.027726764351295532, 0.02975122954972463, 0.0320468513192906, 0.034657372176703075, 0.03763474644728548, 0.04104075130479868, 0.04494888485974444, 0.049446586259168826, 0.05463778761727536, 0.06064580103440799]
10.64000000000011	0.9105811976195183	[0.06799008338914579, 0.07612270797750764, 0.08559162555295421, 0.09662928372759572, 0.10950211142746476, 0.12451093550012025, 0.14198873960111152, 0.162294404083088, 0.1858007408754501, 0.21287488180009861, 0.24384900762423298, 0.27897967272536534, 0.3183947854644024, 0.36202884368635285, 0.4095494517558442, 0.4602814545534283, 0.5131389596779208, 0.5665794363933255, 0.6185969271075561, 0.6667717718186461, 0.7083906753506349, 0.7406424003529312, 0.7608808951086122, 0.7669309206326721, 0.7573947341891702, 0.7319069543278427, 0.6912833336627145, 0.6375210092905321, 0.5736326239138713, 0.5033298636313098, 0.43060515004213146, 0.35928387893895214, 0.2926262314795512, 0.23304473563097436, 0.18197519359982345, 0.1399030386346969, 0.10651510056989358, 0.08092653341182018, 0.06192791899042407, 0.04820660738336445, 0.03851369123314894, 0.03176698719704558, 0.027095676127029514, 0.023841158661783254, 0.021531218018461296, 0.019842512236877084, 0.018562080738353685, 0.017553926335369518, 0.016733017826640526, 0.016046664206807136, 0.015462022258639768, 0.014958159596476176, 0.014521229192660844, 0.014141633285880827, 0.013812393339198746, 0.01352822110072404, 0.013284984953030977, 0.013079395319709827, 0.012908811324759448, 0.01277111584217988, 0.012664630684315814, 0.012588056801473258, 0.012540431196387203, 0.012521095862838734, 0.012529675952775394, 0.012566065465892628, 0.012630419377868535, 0.012723151559539871, 0.012844938123003838, 0.01299672608425563, 0.013179747421428726, 0.013395538813998057, 0.01364596752538398, 0.013933264107514104, 0.014260062815706836, 0.01462945088984975, 0.01504502814170235, 0.015510978652740075, 0.016032156795562223, 0.016614190313284476, 0.017263603794240932, 0.01798796664084253, 0.018796070525774172, 0.01969814244510038, 0.02070610079404523, 0.021833863510071418, 0.02309771922265737, 0.0245167746297882, 0.026113493932035617, 0.027914349184712396, 0.029950603729493666, 0.03225925442531079, 0.03488416182807999, 0.03787740046190829, 0.04130086294449511, 0.04522815097694066, 0.04974678100813272, 0.05496072034277003, 0.0609932464374206]
10.600000000000112	0.9149778518184019	[0.06836631057567535, 0.07652646160065707, 0.0860237314656843, 0.09708978706064542, 0.10998990896102295, 0.12502330740165038, 0.14252077549848405, 0.16283832666079862, 0.18634515336134913, 0.21340398931379798, 0.2443419064191949, 0.27940984110046674, 0.3187299674517603, 0.362231549144029, 0.4095783247885296, 0.4600937227700098, 0.512694095061605, 0.5658439648426679, 0.617550076726239, 0.6654113138605997, 0.7067380169133681, 0.7387457585047479, 0.7588154011752766, 0.7647947858552056, 0.7553012521738903, 0.7299729712412573, 0.6896157614358466, 0.6362036570760013, 0.5727158727801434, 0.5028252994461784, 0.4304862816769131, 0.3594927099985859, 0.2930841462419402, 0.2336652709736144, 0.18267607163114802, 0.14061532646081806, 0.10718834000287122, 0.08152978509468974, 0.062447560866692904, 0.048642202838997034, 0.038873270278167275, 0.03206277875003505, 0.027340877081186578, 0.024047895678016542, 0.021709556133391136, 0.020000218538380073, 0.018704833806144256, 0.01768572098725906, 0.01685659992948955, 0.01616390876827982, 0.015574224173779539, 0.015066239140875456, 0.014625868463334713, 0.014243362840235696, 0.013911645570355347, 0.01362536276392231, 0.013380337075318261, 0.013173245776718787, 0.013001423114412693, 0.012862732911502141, 0.012755482244687984, 0.012678360767391868, 0.012630397006887548, 0.012610926944244259, 0.01261957188565443, 0.012656223999735714, 0.012721038300179673, 0.012814430522356013, 0.012937080417337356, 0.013089940448162187, 0.013274249868830074, 0.013491554562134125, 0.013743733009791297, 0.014033029160063389, 0.014362092998866077, 0.01473403006434887, 0.015152461266193334, 0.015621594897258376, 0.01614631297256901, 0.01673227471425638, 0.01738604043801087, 0.01811522002629489, 0.0189286508895036, 0.019836611613083543, 0.020851078603380646, 0.021986034864020156, 0.023257841689462377, 0.02468568657196283, 0.02629212292710155, 0.028103720541825968, 0.03015184854958552, 0.032473616620523324, 0.03511300293025856, 0.038122200869495214, 0.0415632172881451, 0.0455097548500131, 0.0500494047471958, 0.05528616475723058, 0.06134327303575736]
10.560000000000112	0.919415654311509	[0.06874518867918258, 0.07693288364163366, 0.08645848247287745, 0.09755285937481196, 0.11048013130459038, 0.12553787715173056, 0.1430546821449212, 0.16338367914662477, 0.18689042752065838, 0.213933258856546, 0.24483413668134946, 0.27983839733458726, 0.31906250729332014, 0.36243054545628944, 0.4096024408854347, 0.4599002798544927, 0.5122427245926483, 0.5651014167903027, 0.616495832079954, 0.6640433994683669, 0.7050780434733076, 0.7368420665147699, 0.7567431305349519, 0.7626520558122747, 0.7532011894534353, 0.7280322536962585, 0.687941200317384, 0.6348791044836997, 0.571791925605975, 0.502313924494544, 0.43036146553159504, 0.3596969352395185, 0.29353916786179907, 0.23428480727893336, 0.1833777985179247, 0.14133005573759833, 0.1078652101424852, 0.08213739091709894, 0.06297183484434611, 0.04908234543877063, 0.03923706224536949, 0.032362315212048354, 0.02758931721542908, 0.024257395100064413, 0.02189024573710835, 0.020159944108855847, 0.018849349594703732, 0.01781908611286888, 0.016981610654040306, 0.016282477343617957, 0.015687672059117686, 0.015175505136053077, 0.014731647639982297, 0.014346194947845187, 0.01401196981111988, 0.013723551098251685, 0.01347671477480966, 0.013268104255111914, 0.013095028501474655, 0.012955331927142192, 0.01284730668431754, 0.012769630919332918, 0.012721324594729317, 0.01270171754842273, 0.012710427209093697, 0.012747343837460522, 0.012812622494209565, 0.01290668074447269, 0.013030202020702444, 0.013184144234585053, 0.013369753988892244, 0.013588586405032172, 0.013842531285963043, 0.014133846044319368, 0.014465196530568741, 0.014839706681821227, 0.015261018672199204, 0.015733365139121446, 0.016261655940168148, 0.01685158194037662, 0.017509739415300343, 0.018243778916176494, 0.019062583849374443, 0.01997648458882384, 0.020997515818514355, 0.022139725786925205, 0.02341954869037045, 0.02485625291332955, 0.026472481219252934, 0.02829490103238119, 0.03035498717021791, 0.03268996163088895, 0.03534391962411285, 0.038369172205219695, 0.04182783900393042, 0.04579372120466855, 0.05035448183207849, 0.05561414469679888, 0.061695903481496166]
10.520000000000113	0.9238951662050724	[0.06912673921370834, 0.07734199290260259, 0.0868958949349382, 0.09801851253994236, 0.11097278641959198, 0.12605464607062633, 0.14359045545096974, 0.1639304486188435, 0.18743654399287923, 0.2144626606194122, 0.2453256623253635, 0.28026529461764493, 0.31939235388877785, 0.36262577235928944, 0.4096217393002875, 0.45970105896898633, 0.5117847855020229, 0.5643517266355607, 0.6154341350802868, 0.6626679695964984, 0.7034107044272899, 0.7349312727386085, 0.754664038478919, 0.7605026834008108, 0.7510945029287797, 0.7260847543245367, 0.6862596033016789, 0.6335472982230916, 0.5708607262555345, 0.5017956760228294, 0.43023063642518, 0.35989648765797766, 0.2939912337243547, 0.23490329032914548, 0.18408033459113765, 0.14204720455932668, 0.10854570905262684, 0.08274936781031526, 0.06350077389427464, 0.04952707955666288, 0.039605117965969605, 0.03266564923945185, 0.027841047436175208, 0.02446970380630938, 0.022073328567326366, 0.020321725449815697, 0.01899565978968848, 0.017954049399578807, 0.017108074455885493, 0.01640239197260497, 0.015802386087463954, 0.015285976429307561, 0.014838584516435176, 0.014450146667544066, 0.014113382484746312, 0.013822802089706475, 0.013574133618899874, 0.013363986046669146, 0.013189642488838945, 0.013048927719818373, 0.01294011863766401, 0.012861881797202292, 0.01281322837892723, 0.012793482064793962, 0.012802256257853212, 0.012839439342561085, 0.012905186329842448, 0.012999916679580635, 0.013124317451442023, 0.013279352099720507, 0.013466274559629617, 0.013686649313202494, 0.013942377503567945, 0.014235730158894082, 0.01456938904700815, 0.014946496686494693, 0.015370716601513318, 0.015846305990287527, 0.016378202669285663, 0.016972129397646765, 0.017634718552772096, 0.01837366163860886, 0.01919788821342802, 0.020117780746649817, 0.021145432345195104, 0.022294956808279177, 0.02358286132054959, 0.025028495412630733, 0.026654591133934258, 0.028487913650554107, 0.03056004309424204, 0.03290831357149159, 0.035576936376390304, 0.03861833938948116, 0.042094753049374184, 0.046080075135023345, 0.050662036842242616, 0.05594468433153561, 0.06205116054460427]
10.480000000000114	0.9284169586100782	[0.0695109834352683, 0.07775380879880228, 0.08733598461249167, 0.09848675912550163, 0.11146788119411682, 0.126573616326759, 0.14412808963494253, 0.1644786232489554, 0.18798348096990025, 0.2149921662607307, 0.24581644396902844, 0.2806904881215589, 0.31971945197998874, 0.3628171721954216, 0.409636154374233, 0.45949599653015566, 0.5113202095967962, 0.5635948325778664, 0.614364922068719, 0.6612849693050695, 0.7017359438693267, 0.7330133295835313, 0.7525780755960862, 0.7583466250851605, 0.7489811455405636, 0.7241304284467103, 0.6845709201240479, 0.6322081866130912, 0.5699222159308733, 0.5012704918854958, 0.43009372702910886, 0.3600913001338676, 0.2944402795242203, 0.23552066540922675, 0.18478363894185784, 0.14276675050778276, 0.10922983409736339, 0.08336573252005781, 0.06403441092597889, 0.04997644987850622, 0.039977488783875886, 0.032972834199536165, 0.028096119484493424, 0.024684869527254755, 0.02225884723714995, 0.020485599838007452, 0.019143796830775172, 0.01809063914969923, 0.017236016394376014, 0.016523675166708725, 0.015918386922110127, 0.015397672244837247, 0.014946697307751057, 0.014555235380677394, 0.014215900395875695, 0.013923132016873174, 0.013672609532188823, 0.013460906719084845, 0.013285280420352765, 0.013143535386820423, 0.013033933068428365, 0.012955128202639436, 0.01290612309926868, 0.012886235142764211, 0.012895073681768458, 0.012932525139076686, 0.012998744488927091, 0.013094153044307996, 0.013219441539246663, 0.013375578966630818, 0.01356382667222064, 0.013785758529288253, 0.014043287129643757, 0.014338697180979222, 0.014674686508307158, 0.015054416308631363, 0.01548157162874989, 0.015960434356962608, 0.016495970474865344, 0.017093934794887407, 0.01776099603456743, 0.018504886832799453, 0.019334583162828302, 0.020260519778856283, 0.021294848479975734, 0.022451748779293526, 0.023747801085456682, 0.025202436148218262, 0.02683847542783865, 0.028682781697888092, 0.03076704027779864, 0.033128696835961376, 0.035812078130006475, 0.038869727566287045, 0.042363984882183785, 0.04636884186415027, 0.050972094884206426, 0.0562778078076598, 0.062409067556469085]
10.440000000000115	0.9329816128379055	[0.06989794291213476, 0.07816835064847408, 0.08777876751610521, 0.0989576113520341, 0.11196542269744433, 0.12709478941186797, 0.14466757903882635, 0.1650281901352625, 0.18853121674607243, 0.2155217459237541, 0.24630644237284305, 0.28111393105649574, 0.3200437465671086, 0.363004684950143, 0.4096456208930126, 0.459285026324674, 0.5108489293667366, 0.5628306701135811, 0.6132881303318858, 0.6598943411286444, 0.700053707070469, 0.7310881873147613, 0.750485193737079, 0.7561838356016477, 0.746861071283125, 0.7221692298949858, 0.6828751010430629, 0.6308617165046028, 0.5689763356936608, 0.5007383084266286, 0.42995066935755255, 0.36028130410359493, 0.29488624007622444, 0.2361368765860668, 0.18548766985150966, 0.14348867032887905, 0.10991758216234486, 0.08398650149042464, 0.06457277888461779, 0.05043050137294112, 0.04035422658215349, 0.03328392417884285, 0.02835458593065202, 0.024902940876361756, 0.022446845217501427, 0.020651605371178182, 0.019293793886940924, 0.01822888433426931, 0.01736546210073258, 0.016646349966177976, 0.016035695678536216, 0.01551061224173062, 0.015056004607713079, 0.014661478848667775, 0.014319540686389593, 0.014024557506986146, 0.013772158752850407, 0.013558882169516413, 0.013381957939227694, 0.01323917034230138, 0.013128765230912371, 0.013049385245665736, 0.013000023781002538, 0.01297999173471451, 0.012988894413740014, 0.013026616151208953, 0.013093311936244781, 0.013189404854973061, 0.013315589398582888, 0.013472840059780222, 0.013662425706252732, 0.013885929601124026, 0.014145275924923303, 0.014442763098741864, 0.014781105175097915, 0.015163482097164813, 0.015593600637219804, 0.01607576747352828, 0.016614976989871775, 0.01721701618024414, 0.01788859037292479, 0.01863747348980382, 0.019472688217031842, 0.020404721743033455, 0.021445784866989462, 0.02261012293011848, 0.023914389844875615, 0.02537809759008224, 0.027024157213636258, 0.028879528877668398, 0.030976003025763206, 0.033351136224788795, 0.036049370154888, 0.03912336228354611, 0.042635560243043887, 0.046660047004353444, 0.05128468127074141, 0.0566135396307278, 0.06276964793263132]
10.400000000000116	0.9375897206279553	[0.07028763975154476, 0.07858563742129542, 0.08822426022506032, 0.09943108071252754, 0.11246541862999798, 0.127618165588125, 0.1452089187647299, 0.16557913453077513, 0.18907973061823122, 0.21605136722032262, 0.2467956197026455, 0.2815355734227248, 0.3203651846333449, 0.3631882468166464, 0.40965007630877714, 0.4590680779113733, 0.510370880568301, 0.562059170201243, 0.6122037006775689, 0.6584960228316369, 0.6983639425629585, 0.7291557913270345, 0.7483853473569991, 0.754014265068017, 0.7447342360782145, 0.7202011086796698, 0.6811720978320779, 0.6295078320929255, 0.5680230278383035, 0.5001990603137132, 0.4298013961381235, 0.36046642969469334, 0.2953290501050186, 0.23675186655860156, 0.1861923848699265, 0.1442129394894459, 0.11060894937353653, 0.0846116904354971, 0.06511591049447114, 0.050889279068855604, 0.04073538368029501, 0.03359897393996808, 0.028616500170643107, 0.02512396738542249, 0.022637366857544985, 0.020819781017466114, 0.019445684867828807, 0.018368814637220805, 0.017496437776801738, 0.016770439978855474, 0.016154333915039332, 0.015624816550079705, 0.015166525375344561, 0.014768895247745223, 0.01442432082030832, 0.014127095569481109, 0.013872797817437938, 0.013657928656740393, 0.013479690973701832, 0.013335848347777029, 0.013224630657098576, 0.013144668373391542, 0.013094945723608446, 0.013074767122942388, 0.013083733660248207, 0.013121727628669734, 0.013188903911673652, 0.013285687451615204, 0.013412776422312549, 0.013571150928095757, 0.013762087324541065, 0.013987178404216575, 0.014248359939558782, 0.014547944233648835, 0.014888661604823319, 0.015273710942333079, 0.015706820815437093, 0.016192322926007686, 0.016735240161562446, 0.017341391966110373, 0.018017520403662717, 0.018771440979693, 0.019612223227737934, 0.020550407092523777, 0.02159826248931747, 0.022770100905044145, 0.024082649800167843, 0.025555502641902646, 0.027211659940845484, 0.029078179346837717, 0.03118695596267642, 0.033575657011611144, 0.036288838003423356, 0.03937926958034518, 0.042909505086925634, 0.046953716675080893, 0.05159982141461395, 0.056951904828072455, 0.06313292500861772]
10.360000000000117	0.942241884391114	[0.07068009570073665, 0.07900568882013893, 0.08867247856445455, 0.09990717956796251, 0.11296787539739295, 0.12814374620876154, 0.14575210191943655, 0.16613144313260642, 0.18962899903628613, 0.21658099972155512, 0.24728393431375623, 0.28195536785279435, 0.32068370834888515, 0.36336779738529235, 0.40964945232934613, 0.4588450849779077, 0.5098859925060008, 0.5612802684869358, 0.611111567160705, 0.6570899571503351, 0.6966665923716726, 0.727216091930748, 0.7462784851596685, 0.7518378680438895, 0.7426005910972707, 0.718226018311129, 0.6794618584318464, 0.628146479791213, 0.5670622315279314, 0.4996526831530567, 0.42964583754023095, 0.36064660703552714, 0.29576864233026756, 0.2373655775544038, 0.18689774011550614, 0.14493953294780504, 0.11130393105750866, 0.08524131487762265, 0.06566383836926708, 0.05135282829893015, 0.04112101289893131, 0.0339180389647338, 0.02888191646113569, 0.025347999469524384, 0.022830457435003122, 0.02099016656327522, 0.01959950449941514, 0.018510460397911165, 0.017628970286763527, 0.01689596931532857, 0.016274323731302623, 0.015740305698821098, 0.015278279035306434, 0.014877503092512286, 0.014530258683117504, 0.01423076351897057, 0.013974543656934102, 0.013758062726581755, 0.013578495828084805, 0.01343358544206347, 0.013321545241590344, 0.01324099330555949, 0.01319090457922447, 0.013170576861106823, 0.013179606973476903, 0.013217875093714583, 0.013285535996685109, 0.0133830164498821, 0.013511018343553843, 0.01367052740070093, 0.013862827531544763, 0.014089521100142534, 0.014352555569418439, 0.014654257200205625, 0.014997372707369864, 0.015385120035269288, 0.015821249713723264, 0.016310118609768005, 0.016856778310988946, 0.017467080882789976, 0.018147805350986257, 0.01890680899835133, 0.019753208452192177, 0.02069759661245357, 0.021752302755236427, 0.022931704682150344, 0.024252603599898736, 0.025734674535979062, 0.027401007530385355, 0.029278757573686347, 0.03139992421079673, 0.033802284744554094, 0.03653050775440846, 0.0396374757028305, 0.04318584592747232, 0.04724987708931861, 0.051917541326408516, 0.05729292834014357, 0.06349892277118233]
10.320000000000118	0.946938717425038	[0.07107533293429816, 0.07942852430633666, 0.08912343876376906, 0.10038591970854788, 0.11347279979658312, 0.12867153162152306, 0.14629712202033543, 0.16668510109628185, 0.19017899894368429, 0.21711061084903177, 0.24777134523553843, 0.2823732642114661, 0.320999260858235, 0.3635432729399248, 0.4096436820468279, 0.4586159775439689, 0.5093941963266096, 0.560493896834061, 0.6100116660667513, 0.6556760831742161, 0.6949616009235035, 0.7252690361049253, 0.744164558093966, 0.7496545961473492, 0.740460089272064, 0.71624390974905, 0.6777443318650709, 0.6267776038320867, 0.5660938863189399, 0.49909911070137275, 0.42948392354537346, 0.36082176466388505, 0.29620494886670967, 0.2379779504357761, 0.1876036909433296, 0.1456684246392992, 0.1120025219854023, 0.08587538988184254, 0.06621659508593411, 0.0518211946112666, 0.04151116758563483, 0.034241175469994556, 0.029150889925421784, 0.025575088488568307, 0.023026163141776163, 0.021162802690509238, 0.019755288289924736, 0.0186538526939325, 0.017763087107481455, 0.01702296267462578, 0.016395687708113574, 0.015857100702961445, 0.015391285411571885, 0.014987321323098402, 0.014637372513344406, 0.01433557906049719, 0.014077413529364128, 0.013859301293564216, 0.013678389118643598, 0.01353239801806911, 0.01341952518212478, 0.013338376105821323, 0.013287916298366982, 0.013267436839919206, 0.013276530202202607, 0.013315074401654428, 0.01338322406991549, 0.013481407797107003, 0.01361033119514853, 0.013770985639520582, 0.013964662635749787, 0.014192974186778104, 0.014457879520267848, 0.01476171895501201, 0.015107255709792182, 0.015497726917207199, 0.01593690520803193, 0.016429172780389096, 0.01697961009418098, 0.01759410203286225, 0.01827946478380582, 0.019043597627706653, 0.019895664501645267, 0.02084631148906981, 0.021907927434611542, 0.023094956656401655, 0.024424274258068708, 0.0259156369370157, 0.027592224265616503, 0.02948128847283791, 0.03161493324032047, 0.034031045428633784, 0.03677440580175173, 0.039898007359073645, 0.043464609532665455, 0.047548554919301066, 0.05223786716933999, 0.057636635554832324, 0.06386766520066649]
10.280000000000118	0.951680844175805	[0.07147337352826347, 0.07985416376046689, 0.0895771566761373, 0.10086731331505698, 0.1139801978773471, 0.1292015225583012, 0.14684397137859304, 0.16724009401183887, 0.19072970555826252, 0.21764016860733112, 0.24825780924419139, 0.2827892132213224, 0.3213117825805147, 0.3637146110060935, 0.4096326954594113, 0.45838068727443454, 0.508895419829616, 0.559699989026202, 0.608903930182412, 0.6542543419291506, 0.693248909110081, 0.7233145725120779, 0.742043513727531, 0.747464402294171, 0.7383126805790758, 0.7142547348978188, 0.6760194648471163, 0.6254011490976339, 0.5651179300891691, 0.49853827699548525, 0.4293155827965784, 0.3609918308750715, 0.29663790052234273, 0.23858892532470075, 0.18831019142414995, 0.14639958762144362, 0.11270471598707978, 0.08651393000558633, 0.06677421295752124, 0.05229442370152924, 0.041905901531453585, 0.03456844037355375, 0.029423476561351043, 0.025805286734525985, 0.023224531133779133, 0.021337730964566138, 0.019913072593398234, 0.01879902332002349, 0.01789881639492789, 0.017151445313236122, 0.016518448973779458, 0.015975223025581003, 0.015505564793120215, 0.015098369263575643, 0.014745680966859097, 0.014441560247216828, 0.01418142508181226, 0.0139616615999263, 0.013779387832490005, 0.013632302784475022, 0.013518587034776387, 0.013436833146791564, 0.013385997181274497, 0.01336536325578353, 0.013374519539454151, 0.013413341712926756, 0.013481984351589517, 0.013580877747402548, 0.013710731351483622, 0.01387254211682718, 0.014067609289644163, 0.01429755447762532, 0.01456434884674033, 0.014870346777116487, 0.015218328195209584, 0.01561154946002045, 0.016053805539825963, 0.016549504033406874, 0.017103754544256583, 0.017722474868920823, 0.018412518661656267, 0.01918182730987657, 0.020039612393169134, 0.0209965732780897, 0.022065158719495735, 0.023259879599002407, 0.024597685227624486, 0.02609841388768882, 0.027785334884814016, 0.02968579732971992, 0.03183200898983393, 0.03426196541782918, 0.03702055901644977, 0.0401608915612724, 0.043745823148757045, 0.047849777062096456, 0.052560825575895184, 0.05798305195635111, 0.06423917672619112]
10.24000000000012	0.9564689004816155	[0.07187424047961274, 0.08028262623704176, 0.09003364926837244, 0.10135137114813937, 0.114490077097828, 0.12973371753804758, 0.14739264415500256, 0.16779640425865855, 0.1912810965767863, 0.21816963662017005, 0.2487432864275692, 0.2832031599650502, 0.3216212182411222, 0.363881742258276, 0.4096164279067564, 0.4581391379960549, 0.5083895970396142, 0.5588984704315044, 0.6077882990407454, 0.6528246660027776, 0.6915284645707599, 0.721352641944859, 0.7399153058033145, 0.7452672325694727, 0.736158320089458, 0.7122584400953921, 0.6742872077818041, 0.6240170561363568, 0.5641343029350561, 0.49797011277339365, 0.42914074486998, 0.361156731449532, 0.2970674281019035, 0.2391984404293995, 0.18901719514552398, 0.14713299362834473, 0.11341050643956593, 0.08715694919672116, 0.0673367242780299, 0.052772561419683, 0.04230526904735151, 0.03489989133226986, 0.029699733231173673, 0.0260386474938874, 0.02342560948610382, 0.021514993920560117, 0.020072894548736255, 0.01894600489094534, 0.018036186910675583, 0.017281443156900216, 0.016642631120093062, 0.01609469469334073, 0.015621137843135537, 0.015210666737740696, 0.014855203023741671, 0.01454872559369583, 0.014286596258853847, 0.014065161324133182, 0.013881509240421681, 0.013733316867810486, 0.013618747632929239, 0.013536381204831135, 0.013485163803734174, 0.01346437269820163, 0.013473591455119048, 0.013512693573661699, 0.01358183334225099, 0.013681442936373824, 0.01381223547230084, 0.013975213685378473, 0.014171684437307805, 0.014403279168840212, 0.014671980902227762, 0.014980158333550616, 0.015330608053337677, 0.01572660593205414, 0.01617196926534203, 0.016671131372500494, 0.017229231017118995, 0.01785221926661391, 0.018546987273887656, 0.019321518928278766, 0.020185073478389493, 0.021148403998254992, 0.022224019136863473, 0.023426496769615945, 0.024772860289172034, 0.02628302994866344, 0.027980364434000447, 0.02989230998209598, 0.03205117766549913, 0.034495071659036716, 0.03726899446535826, 0.04042615596410502, 0.0440295140983596, 0.048153571121014094, 0.052886443065203965, 0.05833220382258011, 0.06461348137434615]
10.20000000000012	0.9613035338105992	[0.07227795591003588, 0.08071393212219302, 0.09049293199294256, 0.10183810568028186, 0.11500244252158173, 0.13026811735177768, 0.14794313096498285, 0.16835401728519, 0.19183314473881513, 0.21869898265109355, 0.2492277303147059, 0.28361505499098894, 0.3219275043612587, 0.3640446043037251, 0.40959480504696266, 0.4578912618503654, 0.5078766512313792, 0.5580892757256966, 0.6066647009782143, 0.6513869976085537, 0.68980020404231, 0.7193831943194389, 0.7377798781725999, 0.7430630409279674, 0.7339969545315999, 0.710254977805452, 0.6725475045224579, 0.6226252697278143, 0.5631429401072576, 0.497394551239207, 0.42895933585154417, 0.36131639317381326, 0.2974934598569378, 0.239806433949514, 0.1897246538359062, 0.1478686139570108, 0.11411988558142175, 0.08780446113369358, 0.06790416103665697, 0.053255653861392756, 0.04270932490551272, 0.035235586728860464, 0.02997971772532997, 0.0262752249832468, 0.023629447319832703, 0.02169463496382978, 0.020234792239280028, 0.019094830713461425, 0.01817522819975804, 0.017412982650446936, 0.016768258390634908, 0.016215538131823855, 0.01573802579190975, 0.01532423389790665, 0.014965958180406002, 0.014657093905260227, 0.014392945489047359, 0.014169818416348609, 0.013984771073984163, 0.01383545765779525, 0.013720024252535984, 0.01363703731723032, 0.013585433169637033, 0.013564482019237694, 0.01357376283616188, 0.013613146796688652, 0.01368278795196517, 0.013783120272100779, 0.013914860622850592, 0.014079017477269626, 0.01427690542790195, 0.01451016574349324, 0.0147807934483828, 0.015091171586246878, 0.015444113588968045, 0.015842914904608964, 0.01629141536641027, 0.01679407411193803, 0.017356059308616386, 0.017983355418614896, 0.01868289136820881, 0.01946269368734548, 0.0203320695901305, 0.021301825988865954, 0.022384531722721587, 0.023594831740401282, 0.024949823766083304, 0.026469509972533948, 0.028177338543054736, 0.030100852519044166, 0.03227246610823764, 0.03473039127840556, 0.03751973991501758, 0.04069382828120246, 0.04431571048986277, 0.048459964565789056, 0.05321474706143774, 0.05868411700033552, 0.0649906042486964]
10.160000000000121	0.9661854035439595	[0.07268454279039752, 0.08114810106151911, 0.09095502130065547, 0.1023275280805465, 0.11551730044558561, 0.1308047207415951, 0.1484954240220971, 0.1689129155635144, 0.19238582492104922, 0.21922817041693757, 0.24971109730885024, 0.2840248436731699, 0.3222305812411824, 0.3642031285157235, 0.4095677572746968, 0.45763698389501306, 0.5073565112269999, 0.5572723319906675, 0.6055330703158646, 0.6499412712936137, 0.688064070156873, 0.7174061722980568, 0.7356371799681601, 0.7408517749363311, 0.7318285349262295, 0.7082442952800452, 0.6708003020529545, 0.6212257306783958, 0.5621437788076985, 0.4968115226544529, 0.4287712826742911, 0.36147074057128653, 0.2979159239698645, 0.24041284224996873, 0.1904325186201808, 0.14860641852652084, 0.1148328450571835, 0.08845647879520485, 0.06847655510402557, 0.05374374722239533, 0.04311812436587781, 0.03557558568262848, 0.03026348871986047, 0.026515074444976507, 0.023836094722428893, 0.021876698511323057, 0.020398804585211375, 0.019245534952504906, 0.018315970459513754, 0.01754609093766226, 0.016895355531957857, 0.016337776352345273, 0.01585625027773487, 0.015439091413248358, 0.015077966287551836, 0.014766684462977464, 0.014500491526152605, 0.014275651275911606, 0.014089191374489832, 0.013938742974376047, 0.01382243447169912, 0.013738818937282384, 0.013686822582268507, 0.013665708476435277, 0.013675050869460949, 0.013714718593170392, 0.013784865393578335, 0.013885927057122781, 0.014018624175804963, 0.01418397101839931, 0.0143832899240497, 0.014618232080973915, 0.014890804567485132, 0.015203404899103544, 0.015558863435548973, 0.015960495359701003, 0.01641216316208034, 0.016918351988542163, 0.017484259560411237, 0.018115903955080895, 0.01882025204596864, 0.019605373247019546, 0.02048062292063049, 0.021456862065869574, 0.022546719874181647, 0.023764908584442048, 0.025128600337261425, 0.026657879340286753, 0.028376283179682722, 0.030311451588944074, 0.03249590145960523, 0.03496795199643049, 0.03777282336501073, 0.04096393686136989, 0.04460444055113155, 0.0487689855515675, 0.05354576492731163, 0.059038818088740785, 0.06537057011546843]
10.120000000000122	0.9711151812458935	[0.07309402392430465, 0.08158515318418626, 0.09141993315711673, 0.10281964998871689, 0.11603465625892127, 0.13134352693638893, 0.14904951410598424, 0.16947308212871726, 0.1929391099599214, 0.2197571643670559, 0.250193341134584, 0.2844324723992843, 0.322530385901121, 0.36435724765680283, 0.4095352112185407, 0.4573762309838494, 0.5068291017860981, 0.5564475684477708, 0.6043933372630385, 0.6484874239299719, 0.686320001651828, 0.7154215208281773, 0.7334871568616423, 0.7386333841497058, 0.7296530093620716, 0.7062263412232215, 0.6690455449145235, 0.6198183805594993, 0.5611367541695609, 0.49622095734885296, 0.42857651045839684, 0.36161969765862734, 0.2983347470033852, 0.24101760084932852, 0.19114073926085653, 0.1493463764234074, 0.11554937561996051, 0.08911301473392029, 0.0690539381488105, 0.05423688790278344, 0.04353172318077244, 0.035919948061469545, 0.030551105825763664, 0.026758252117359924, 0.02404560282763372, 0.022061229941757292, 0.02056497144369342, 0.019398152566867416, 0.018458444650961733, 0.017680795784363785, 0.01702394791011069, 0.016461432865716934, 0.01597583346479615, 0.015555260378788379, 0.015191247666617473, 0.014877516932260188, 0.014609253561736065, 0.01438267866302309, 0.014194788599865279, 0.014043190984805333, 0.013925996270558773, 0.013841743857971413, 0.013789349736813705, 0.013768069663419228, 0.013777473127199659, 0.01381742650973312, 0.013888083261789624, 0.013989880931230355, 0.014123543885162917, 0.014290092175742201, 0.014490855971956807, 0.014727496407355154, 0.015002032730320653, 0.015316876989880258, 0.015674876622522732, 0.016079366641725417, 0.0165342323773346, 0.017043985111055118, 0.01761385233234039, 0.018249885888163484, 0.018959090841012785, 0.019749579659071117, 0.02063075611067714, 0.021613535445398614, 0.02271060745413458, 0.023936751779955866, 0.025309215164958227, 0.02684816383663439, 0.028577224811612872, 0.030524134231651765, 0.03272151137524602, 0.03520778189542201, 0.03802827333835171, 0.04123651035883141, 0.044895733035738135, 0.049080662443110566, 0.05387952454461208, 0.05939633374518746, 0.06575340424447368]
10.080000000000123	0.9760935509209576	[0.07350642242318052, 0.08202510851562363, 0.0918876837281914, 0.10331448266163613, 0.11655451542461343, 0.13188453443356102, 0.1496053919463719, 0.17003449888736136, 0.1934929725554028, 0.2202859274195829, 0.25067441537200197, 0.28483788567633106, 0.3228268553158997, 0.3645068923680042, 0.4094970936573727, 0.45710892774212164, 0.5062943480447764, 0.5556149120957199, 0.6032454325581139, 0.6470253902374432, 0.6845679377890052, 0.7134291828094114, 0.731329754888133, 0.7364078162314267, 0.7274703260618682, 0.7042010626861755, 0.6672831775739761, 0.6184031595727221, 0.560121801055153, 0.4956227844764378, 0.42837494378411595, 0.3617631872802341, 0.29874985464645065, 0.24162064401183406, 0.19184926445811465, 0.1500884555984814, 0.11626946716954538, 0.08977408086853486, 0.06963634159379783, 0.054735122408521686, 0.04395017756017179, 0.03626873447214597, 0.030842629576192538, 0.027004815274491927, 0.02425802380906703, 0.02224827565487973, 0.02073333359632161, 0.019552719373116447, 0.018602682476406642, 0.017817125642117255, 0.017154061479912518, 0.016586531744671104, 0.01609679800726592, 0.015672762376156432, 0.01530582307172459, 0.014989611421435406, 0.01471925118730237, 0.014490919754479638, 0.014301581588544103, 0.014148820256010714, 0.014030727997862081, 0.013945830260722086, 0.013893032689992797, 0.013871583555079866, 0.013881047539562753, 0.013921288470403411, 0.013992459508626473, 0.014094999910665727, 0.01422963786403999, 0.014397399194450631, 0.014599621980932688, 0.014837977331116, 0.015114496776765149, 0.015431606965330464, 0.015792172556216833, 0.016199548492870135, 0.01665764312341351, 0.017170993996834354, 0.017744858581111564, 0.018385322651199024, 0.019099429695384088, 0.019895335410338274, 0.020782492220460833, 0.021771869793165286, 0.022876218754648212, 0.024110386268812768, 0.025491693846914375, 0.027040389721951046, 0.028780190341827508, 0.03073892797027575, 0.03294932393476061, 0.0354499095407821, 0.03828611875317581, 0.04151157789859008, 0.04518961703718472, 0.04939502404615412, 0.05421605404221723, 0.05975669101513794, 0.06613913200901027]
10.040000000000123	0.9811212093070688	[0.07392176166309407, 0.08246798703041823, 0.09235828931291629, 0.10381203704842182, 0.11707688338184122, 0.13242774110631883, 0.15016304808752162, 0.17059714676614132, 0.1940473850901915, 0.22081442115495484, 0.2511542732219185, 0.28524102635956644, 0.3231199261167204, 0.3646519914074726, 0.4094533311555739, 0.4568349967822465, 0.5057521751054285, 0.5547742878901786, 0.6020892870780478, 0.6455551029548803, 0.6828078180831011, 0.7114290993053337, 0.72916492036183, 0.7341750172064255, 0.7252804334430687, 0.7021684052706717, 0.6655131444848941, 0.6169800065866669, 0.5590988540007783, 0.49501693187611356, 0.4281665065463722, 0.3619011309172483, 0.2991611715986689, 0.24222190463690435, 0.19255804183300057, 0.150832622859397, 0.1169931088004888, 0.09043968851881985, 0.07022379666568236, 0.05523849737871682, 0.04437354420003118, 0.03662200627456536, 0.031138121444691517, 0.0272548222403537, 0.02447341090073866, 0.022437883090584906, 0.02090393277293439, 0.019709272066608257, 0.018748716402594342, 0.017955109667355418, 0.017285722804977782, 0.016713097639936638, 0.016219167066103702, 0.01579161948723275, 0.015421713704136947, 0.015102988493896881, 0.014830504407264708, 0.014600394155004925, 0.01440958957151528, 0.014255649765472547, 0.014136648382433874, 0.01405109672600741, 0.013997889871175935, 0.013976268518007918, 0.013985792405655093, 0.01402632278693214, 0.01409801245429231, 0.014201302398382808, 0.014336924595548755, 0.014505910708090597, 0.014709606734393671, 0.014949693853386672, 0.01522821592699238, 0.01554761433147718, 0.01591077103133489, 0.016321061063428063, 0.016782415909665706, 0.017299399582179607, 0.017877299672592807, 0.018522236108986578, 0.019241290972139398, 0.020042663432828782, 0.020935854743019837, 0.021931889234162963, 0.02304357851116178, 0.024285837465467978, 0.025676062431469526, 0.02723458373985736, 0.028985207124863955, 0.030955860816478775, 0.03317936765960111, 0.03569436398263297, 0.038546388942937125, 0.04178916907233129, 0.04548612201262358, 0.04971209959465912, 0.05455538182542387, 0.060119917306731906, 0.06652777892425812]
10.000000000000124	0.9861988661716876	[0.07434006501316613, 0.08291380898989253, 0.09283176594549702, 0.10431232427095344, 0.11760176497049517, 0.13297314488240983, 0.15072247207389675, 0.17116100665517886, 0.19460231851170076, 0.22134260709505388, 0.2516328660301456, 0.2856418373305792, 0.32340953273332174, 0.36479247375892104, 0.40940384784342365, 0.4565543612085566, 0.5052025055206558, 0.5539256215115598, 0.600924829121337, 0.6440764956366706, 0.6810395795024053, 0.7094212120995774, 0.7269925971597431, 0.7319349335963935, 0.7230832777192692, 0.7001283148331651, 0.6637353882521909, 0.6155488605082593, 0.5580678460502033, 0.4944033271640842, 0.42795112132952784, 0.3620334494554519, 0.29956862122605354, 0.24282131466407697, 0.19326701767094087, 0.15157884398695437, 0.11772028858997584, 0.09110984838399803, 0.07081633425798657, 0.05574705954603469, 0.044801880232184274, 0.03697982556714816, 0.03143764385811916, 0.027508332392758707, 0.024691818440611326, 0.022630100735255874, 0.02107681170452179, 0.019867848221168893, 0.01889657971394745, 0.018094777712705797, 0.017418959108956085, 0.01684115576505725, 0.016342964358224243, 0.01591185427512719, 0.015538941259512386, 0.015217669147567885, 0.014943033684172716, 0.014711121876873073, 0.01451883221526007, 0.014363698882083456, 0.01424377657359893, 0.014157562216041218, 0.014103940120229693, 0.0140821432952568, 0.014091726428897567, 0.01413254814560293, 0.014204760820394291, 0.014308807172700591, 0.014445422964252226, 0.014615645728822218, 0.014820829420007236, 0.0150626653592624, 0.015343209810820473, 0.01566491898560898, 0.016030692260058352, 0.0164439249039604, 0.016908571673014423, 0.01742922321406129, 0.018011197412343326, 0.018660648548341947, 0.01938469748779365, 0.02019158709213927, 0.021090867639692003, 0.022093618337644158, 0.023212711942432632, 0.02446313123665212, 0.025862347464105043, 0.027430773088939632, 0.02919230302301037, 0.031174961230267025, 0.03341167158346517, 0.035941174697763395, 0.038809113747803804, 0.04206931385366599, 0.04578527790546023, 0.05003191862612383, 0.05489753674494077, 0.060486040206675994, 0.0669193708848323]
9.960000000000125	0.9913272446094272	[0.0747613559690334, 0.08336259475611278, 0.09330812958831834, 0.10481535535401278, 0.11812916470981333, 0.1335207433586972, 0.15128365284501932, 0.17172605886734882, 0.19515774287267068, 0.2218704459611358, 0.2521101439932634, 0.2860402605085491, 0.3236956082665275, 0.3649282673714866, 0.4093485664439671, 0.4562669431173959, 0.5046452604688882, 0.5530688377514283, 0.599751985753949, 0.6425895011409597, 0.6792631580069968, 0.7074054624941529, 0.7248127283794458, 0.7296875115738497, 0.7208788044321728, 0.6980807368207357, 0.6619498507122091, 0.6141096595747818, 0.557028709233112, 0.49378189695668695, 0.42772870946339786, 0.3621600625414655, 0.299972125534583, 0.24341880474877603, 0.19397613701007163, 0.15232708370280662, 0.1184509937670206, 0.09178457063156666, 0.0714139850710455, 0.05626085581507065, 0.04523524329284525, 0.037342255227778905, 0.03174126021935677, 0.02776540619021275, 0.024913301880377724, 0.022824978151900464, 0.02125201413229404, 0.020028486323747013, 0.019046306520067217, 0.018236160362093606, 0.01755379827924282, 0.0169707319295398, 0.016468214156439176, 0.016033489815023387, 0.01565752792538561, 0.015333674843770373, 0.015056859935096915, 0.014823123367073586, 0.014629329618005624, 0.014472987391729558, 0.01435213213788345, 0.014265246098850392, 0.014211202684963889, 0.014189227029012852, 0.01419886871532875, 0.014239983628663452, 0.014312723729085486, 0.014417533407706514, 0.014555152256051196, 0.01472662366701806, 0.014933309630175116, 0.01517691163689666, 0.01545949846860113, 0.015783541235117635, 0.016151956873111505, 0.01656816098415868, 0.017036131778915536, 0.017560486669304383, 0.01814657404610333, 0.018800582697934425, 0.019529672511861898, 0.020342130208340067, 0.021247555338045686, 0.022257082139558154, 0.023383644745919217, 0.024642293926055013, 0.026050575978923806, 0.027628985450658276, 0.029401506391826628, 0.03139625815270323, 0.033646265228939765, 0.03619037162951303, 0.039074323478095835, 0.04235204264892952, 0.0460871150892597, 0.050354511049215935, 0.05524254801212739, 0.06085508757389003, 0.06731393403839453]
9.920000000000126	0.9965070813406496	[0.07518565809795213, 0.08381436485806375, 0.09378739604791035, 0.10532114131224947, 0.11865908667659411, 0.1340705339189375, 0.1518465785695356, 0.1722922833026837, 0.1957136271217763, 0.22239789790851508, 0.2525860559187839, 0.28643623718492905, 0.32397808424287783, 0.36505929961707817, 0.4092874080432274, 0.4559726641621818, 0.5040803595240306, 0.5522038610963974, 0.5985706824987944, 0.6410940520721973, 0.6774784880502582, 0.7053817914707216, 0.7226252556360273, 0.7274326968695982, 0.7186669577242227, 0.696025616161049, 0.6601564724784584, 0.612662341482358, 0.5559813745330042, 0.49315256724833184, 0.42749919124804325, 0.3622808889607426, 0.30037160533742335, 0.2440143044042286, 0.19468534359254303, 0.15307730557222105, 0.11918521052888723, 0.09246386472287864, 0.07201677944742915, 0.05677993314433763, 0.04567369144831706, 0.03770935887826935, 0.03204903490598077, 0.02802610518459884, 0.025137917815699927, 0.023022566006330125, 0.02142958484298129, 0.020191225797799084, 0.01919793178684373, 0.018379288947763923, 0.017690268893031477, 0.017101852550660723, 0.01659494131184819, 0.016156549702686148, 0.015777496401260076, 0.01545102751392779, 0.015172004550273944, 0.0149364195131532, 0.014741102327366607, 0.014583535502816297, 0.014461735075876147, 0.014374168153787434, 0.014319697237347787, 0.014297539266259396, 0.014307238789290994, 0.01434864872022517, 0.014421920718339577, 0.014527500679426751, 0.01466613217317569, 0.014838864337706956, 0.015047067376878526, 0.015292452884198589, 0.015577102366063817, 0.015903501804409748, 0.016274585934758317, 0.016693790699910827, 0.017165118036671614, 0.017693212161722028, 0.018283452275607355, 0.01894206173536121, 0.01967623978337839, 0.020494317062802577, 0.02140594274934679, 0.022422306148849498, 0.023556403116478285, 0.024823352359656867, 0.02624077551894157, 0.027829248993133514, 0.02961284610265579, 0.03161978100702959, 0.033883178632858474, 0.03644198518473013, 0.039342048943481756, 0.042637386287710397, 0.0463916644021804, 0.05067990712451213, 0.055590445240667204, 0.06122708750567098, 0.06771149483745476]
9.880000000000127	1.0017391270383693	[0.07561299609066405, 0.08426913874929688, 0.09426958246888424, 0.10582969138630796, 0.11919153660947497, 0.13462251126628452, 0.15241123955772423, 0.17285965607318549, 0.19626994302806153, 0.22292491804666928, 0.25306055432617347, 0.2868297022976395, 0.32425689695568766, 0.36518549029846065, 0.4092202995719955, 0.4556714374638653, 0.5035077289849785, 0.5513306069397127, 0.5973808520500249, 0.6395900718974358, 0.6756855111180301, 0.7033501313963484, 0.720430126858871, 0.725170427637259, 0.7164476869056767, 0.6939628915781157, 0.6583551979707014, 0.611206839156819, 0.5549257753477215, 0.4925152604747045, 0.42726248810199136, 0.36239584477588666, 0.30076698149262343, 0.2446077409646606, 0.1953945805459516, 0.15382947151363954, 0.11992292438787265, 0.09314773922104254, 0.07262474751203449, 0.057304338496143324, 0.04611728321790551, 0.03808120090858115, 0.03236103323877314, 0.028290492094981044, 0.025365723931585336, 0.023222916174833467, 0.02160956959914726, 0.020356107130753955, 0.01935149125204709, 0.01852419568739416, 0.017828400119891955, 0.017234544794256935, 0.016723171147744492, 0.016281058195219102, 0.015898869789072085, 0.015569749697373278, 0.015288489284768178, 0.015051031775610256, 0.014854171236633748, 0.014695363971427303, 0.014572605725275292, 0.01448434868846427, 0.014429443784290185, 0.014407100067337211, 0.014416856511985161, 0.014458563407014003, 0.014532371667630186, 0.014638729059858885, 0.014778382765861915, 0.014952388049339786, 0.015162123027906694, 0.015409309794027416, 0.015696042333416732, 0.016024821918421195, 0.016398600882876486, 0.016820835957245036, 0.017295552638296727, 0.01782742242891338, 0.01842185519362718, 0.019085109379722798, 0.019824423438828283, 0.020648172500267205, 0.021566055185034017, 0.02258931646397961, 0.023731013645413492, 0.025006333983618158, 0.026432974009217708, 0.02803159254021045, 0.029826351377379625, 0.03184555991349993, 0.03412244212462965, 0.036696046515785716, 0.03961232114809721, 0.042925376403841024, 0.04669895671950826, 0.05100813799142052, 0.05594125783926638, 0.06160206907879086, 0.06811207917072346]
9.840000000000128	1.0070241466383372	[0.07604339310593876, 0.08472693794494766, 0.09475470354472129, 0.10634101749325484, 0.11972651655552992, 0.13517667365247424, 0.15297762083458782, 0.17342815803085573, 0.19682665514779107, 0.22345146776194819, 0.25353358235981843, 0.28722059889163953, 0.324531971121503, 0.365306769279133, 0.4091471544270909, 0.45536318798754966, 0.5029272802335609, 0.5504490037668739, 0.5961824116714075, 0.6380774975593486, 0.6738841537792484, 0.7013104274540205, 0.7182272765305661, 0.7229006531890291, 0.714220929965744, 0.6918925105763004, 0.6565459626507847, 0.6097430916443184, 0.5538618383389798, 0.49186990270207465, 0.427018516543315, 0.3625048476761782, 0.30115817133643447, 0.24519904203389267, 0.19610378852644597, 0.1545835430841496, 0.12066411935222252, 0.09383620239146101, 0.07323791890047425, 0.0578341190432633, 0.04656607756826022, 0.03845784646774902, 0.0326773216123925, 0.02855863068477617, 0.025596779214647727, 0.02342608155658349, 0.02179201540499076, 0.02052317164193696, 0.01950702172583582, 0.018670913418631144, 0.017968222042939255, 0.017368836286772448, 0.01685292979018329, 0.016407039912458548, 0.016021671923433102, 0.01568986424329045, 0.015406336580039955, 0.015166981899479084, 0.014968557891203313, 0.014808493828852052, 0.01468476504805698, 0.014595808285665477, 0.014540462933828421, 0.014517929773168882, 0.014527742327065534, 0.014569747964845272, 0.014644097024936185, 0.014751238920209095, 0.014891924643901874, 0.015067215420339872, 0.015278497506834259, 0.015527503379954687, 0.01581633975817165, 0.016147523132964067, 0.016524023719552288, 0.016949319002046666, 0.017427458352458347, 0.017963140555291548, 0.01856180648784816, 0.019229749700576282, 0.01997424823415766, 0.020803721714240542, 0.021727918607606474, 0.02275813952200353, 0.02390750361495481, 0.025191266559181656, 0.026627200115789333, 0.028236045186574583, 0.03004205224214893, 0.03207362518711224, 0.03436408691934341, 0.03695258684543178, 0.03988517208917201, 0.043216044505217203, 0.0470090240556413, 0.05133923436206231, 0.05629501656018501, 0.06198006049230227, 0.0685157145634684]
9.800000000000129	1.0123629196847344	[0.07647687364951322, 0.08518778260143267, 0.09524277561827146, 0.10685512936449476, 0.12026403065997002, 0.13573301606576108, 0.15354571017430504, 0.17399776543917034, 0.1973837316880142, 0.22397750233487904, 0.2540050879778791, 0.28760886231385635, 0.32480323762797353, 0.36542305722982543, 0.4090678935512103, 0.4550478303072727, 0.5023389333122251, 0.5495589689567552, 0.5949752878410193, 0.636556254800294, 0.6720743516138582, 0.699262614219715, 0.7160166471993067, 0.7206233134699103, 0.7119866314933405, 0.6898144129962459, 0.6547287068946479, 0.6082710321667508, 0.5527894934044609, 0.4912164157661056, 0.4267671947709442, 0.3626078122249627, 0.301545092569717, 0.24578813277605283, 0.19681290769599666, 0.15533948000457226, 0.121408778745925, 0.09452926147097307, 0.07385632299528799, 0.058369321899413025, 0.047020133900335104, 0.03883936147545541, 0.03299796737697524, 0.02883058593455404, 0.025831143773613896, 0.02363211633489693, 0.02197697027703717, 0.020692461793148886, 0.01966456081919475, 0.01881947593831873, 0.018109765355860535, 0.017504755469995966, 0.016984243846760373, 0.016534520196418885, 0.016145927045274233, 0.015811394665157994, 0.015525569243705968, 0.015284292255647107, 0.015084284182853935, 0.014922946703967701, 0.014798234344521067, 0.014708568103642572, 0.014652775631248168, 0.01463004928281755, 0.014639917018688909, 0.014682223214844753, 0.014757117584736964, 0.014865051168665723, 0.015006778771332285, 0.015183367602326095, 0.01539621210031044, 0.015647055189513568, 0.0159380164003362, 0.016271627543122415, 0.016650876828910904, 0.017079262629328882, 0.01756085833894269, 0.018100390188838116, 0.018703330244832544, 0.019376007350175604, 0.02012573932929582, 0.02096099050493416, 0.02189155938392605, 0.022928802395894985, 0.024085900704134702, 0.025378178518464183, 0.026823482881090804, 0.028442636739413683, 0.030259979058893837, 0.03230400790522056, 0.03460814449606757, 0.03721163821968168, 0.040160633909109636, 0.043509422999931935, 0.047321898382097494, 0.05167322795041559, 0.05665175182558408, 0.06236109108817532, 0.06892242778669248]
9.76000000000013	1.0177562406664353	[0.07691346208465423, 0.08565169327492946, 0.0957338145539108, 0.10737203704163935, 0.12080408215789772, 0.13629153372717925, 0.15411549392446455, 0.1745684547631136, 0.19794113886048495, 0.22450297730121532, 0.2544750165760796, 0.28799442833190175, 0.32507062430007844, 0.3655342755127004, 0.4089824344533298, 0.45472528001434626, 0.5017426046365442, 0.5486604212057925, 0.5937594034256407, 0.6350262708735727, 0.6702560368163898, 0.6972066278039593, 0.7137981784114348, 0.71833834976974, 0.7097447335048328, 0.6877285396103993, 0.6529033688627068, 0.6067905942995439, 0.5517086684579311, 0.4905547212348365, 0.4265084391270211, 0.3627046521845588, 0.3019276611298455, 0.2463749372314037, 0.1975218766465439, 0.15609724089879418, 0.12215688477971728, 0.09522692305139506, 0.07447998881224777, 0.05890999426859037, 0.04747951206733979, 0.039225812631789474, 0.033323038920743, 0.029106423981679046, 0.026068878966937752, 0.023841075882203137, 0.02216448340436533, 0.020864021070543217, 0.0198241471244099, 0.0189699178652904, 0.01825306155381726, 0.017642331449687045, 0.01711714060109687, 0.016663524952419326, 0.016271659994774115, 0.015934364981122474, 0.015646210636692432, 0.015402985685994349, 0.015201372527841267, 0.015038744676943463, 0.014913035420223738, 0.014822649740463484, 0.01476640331401628, 0.014743479929088091, 0.014753401854746698, 0.014796010409764256, 0.01487145462072809, 0.014980187146077061, 0.015122966590438195, 0.015300866183254552, 0.015515288575564659, 0.015767987212535344, 0.01606109450592743, 0.016397157694215736, 0.016779183089415724, 0.017210690093920965, 0.01769577626287413, 0.018239195448133474, 0.01884645106984718, 0.01952390746270603, 0.020278922418165826, 0.021120005165374527, 0.022057004431392167, 0.02310133266034227, 0.024266233159317457, 0.025567098799880034, 0.02702185193043752, 0.028651397508942307, 0.030480162784552824, 0.032536739631973705, 0.034854646934667416, 0.03747323313480087, 0.04043873934672002, 0.04380554467941725, 0.047637612247764805, 0.05201015074340961, 0.0570114945969218, 0.06274519031167096, 0.06933224609089206]
9.72000000000013	1.0232049193716366	[0.07735318283526885, 0.0861186906868083, 0.09622783602057108, 0.10789175053361404, 0.12134667376907898, 0.13685222160210625, 0.1546869575535083, 0.17514020199789676, 0.19849884163170906, 0.225027847571208, 0.2549433119950872, 0.28837723204043514, 0.3253340572098688, 0.36564034489858643, 0.40889069282417323, 0.45439545228035394, 0.5011382088324199, 0.5477532789510977, 0.5925346795424049, 0.6334874728118542, 0.6684291398235663, 0.6951424039834926, 0.7115718079331784, 0.7160457028747971, 0.7074951763123946, 0.6856348306007926, 0.651069885244157, 0.6053017110440866, 0.550619290213077, 0.48988474006544697, 0.42624216483970634, 0.3627952804635859, 0.30230579167916194, 0.24695937824424802, 0.19823063254412046, 0.1568567831079868, 0.12290841846687259, 0.09592919286968116, 0.07510894486969609, 0.05945618331175311, 0.0479442722992714, 0.03961726738037128, 0.03365260565536615, 0.02938621214514874, 0.026310047417233584, 0.024053016808606328, 0.022354605166613094, 0.021037894036286926, 0.019985820226368325, 0.01912227468845881, 0.018398142936981686, 0.01778159403953479, 0.01725164801076779, 0.016794080689844317, 0.01639889620616051, 0.016058799752340466, 0.015768284666814972, 0.015523085539686366, 0.015319845860500846, 0.015155910313609189, 0.015029190580330924, 0.014938075266527424, 0.014881367907252216, 0.014858243509308196, 0.014868218583578972, 0.014911131263228768, 0.014987129883741599, 0.015096668653935216, 0.015240510020737294, 0.015419733214460373, 0.015635749180243796, 0.01589032190760487, 0.016185596807399314, 0.016524136608050632, 0.016908965874576593, 0.017343625136931093, 0.01783223629533436, 0.018379580949495215, 0.018991194086935618, 0.019673475682647497, 0.020433823727615926, 0.021280792511678064, 0.022224281214926672, 0.023275758424835556, 0.024448529788095707, 0.025758056885266844, 0.02722233746118977, 0.028862358351382244, 0.03070263495313371, 0.03277185246974653, 0.035103626887160844, 0.03773740460106271, 0.04071952169253332, 0.04410444280026157, 0.04795619871017864, 0.05235003510924444, 0.057374276270358245, 0.06313238785839256, 0.06974519704843987]
9.680000000000131	1.0287097812452477	[0.07779606067251658, 0.08658879536034687, 0.09672485589747463, 0.10841427930822987, 0.12189180826995986, 0.13741507369945677, 0.1552600864417304, 0.17571298171879363, 0.19905680477928178, 0.22555206616470266, 0.2554099178640921, 0.28875720621665035, 0.3255934622898966, 0.3657411835057718, 0.4087925843692034, 0.4540582594230327, 0.5005256607434974, 0.5468374577466549, 0.5913010377420918, 0.6319397849336801, 0.6665935916953106, 0.6930698761603014, 0.7093374742431685, 0.7137453115829551, 0.7052379008187423, 0.6835332244231285, 0.6492281929274989, 0.6038043137319657, 0.5495212850156032, 0.48920639147504047, 0.42596828622737093, 0.36287960818041204, 0.30267939762447116, 0.24754137695405978, 0.19893911125223754, 0.157618062589282, 0.12366335984248848, 0.09663607589975208, 0.07574321937332294, 0.06000793624856644, 0.048414475291820636, 0.04001379396841989, 0.033986738036500416, 0.02967001896761334, 0.02655471300815451, 0.02426799700975308, 0.022547387127634377, 0.021214126385783152, 0.020149620694203993, 0.019276582827794854, 0.018545042597493143, 0.017922573821340004, 0.01738779468935261, 0.016926214579803756, 0.016527661686621013, 0.01618472413775195, 0.01589181576663707, 0.015644615724962983, 0.015439727611654498, 0.015274466714167179, 0.015146722609563078, 0.01505486727018244, 0.014997691805704302, 0.014974362327985671, 0.014984389418116409, 0.015027607989729325, 0.015104165587941316, 0.015214517992131001, 0.015359431446953474, 0.015539991246690643, 0.015757616631780293, 0.016014082236944775, 0.016311546513942708, 0.016652587817271837, 0.01704024904364139, 0.017478092020223303, 0.017970263103806443, 0.018521571842307002, 0.01913758492832501, 0.01982473820178746, 0.02059047000476498, 0.021443379922755357, 0.02239341773087201, 0.023452108377358925, 0.024632819937809056, 0.025951082849330537, 0.02742497021312832, 0.029075550726596577, 0.0309274276339372, 0.03300937912852254, 0.035355117518013804, 0.038004186229195755, 0.04100301470281059, 0.04440615119576152, 0.04827769121137129, 0.0526929139462358, 0.05774012849786156, 0.06352271387869701, 0.07016130829738308]
9.640000000000132	1.0342716677621722	[0.07824212030612034, 0.0870620281095044, 0.0972248896882905, 0.10893963297061854, 0.12243948766567368, 0.13798008400547487, 0.15583486473817795, 0.17628676834753323, 0.19961499136602476, 0.22607558589307944, 0.25587477565111866, 0.2891342834917327, 0.3258487629668478, 0.36583670949502567, 0.40868802208630123, 0.4537136140682153, 0.49990487244290915, 0.545912873692983, 0.5900583968365717, 0.6303831322021431, 0.6647493208348484, 0.690988978288988, 0.7070951132973545, 0.7114371150168117, 0.7029728456309005, 0.6814236596033494, 0.6473782268319517, 0.602298333535852, 0.5484145775654627, 0.4885195942551785, 0.42568671611978615, 0.36295754565144994, 0.3030483908372087, 0.2481208533178558, 0.1996472470675379, 0.15838103402906417, 0.12442168768214099, 0.0973475762672584, 0.07638284000735703, 0.06056530025737507, 0.04889018211960152, 0.04041546139842007, 0.03432550757537418, 0.029957914205191134, 0.026802940946400552, 0.02448607566551662, 0.02274288211404483, 0.021392764938843546, 0.02031559016160584, 0.019432879614368403, 0.018693794497382617, 0.018065302116195222, 0.017525609981421986, 0.017059954421138678, 0.016657983088337006, 0.016312163858204592, 0.016016828962313552, 0.015767600673794367, 0.015561041773882987, 0.015394437479927279, 0.015265654833606026, 0.015173048827378072, 0.015115397931242674, 0.015091859169680553, 0.015101937089664959, 0.01514546328063017, 0.015222584461335327, 0.015333757937747439, 0.015479753766855963, 0.015661663311161776, 0.01588091416326477, 0.016139291649097016, 0.01643896735617323, 0.016782535348933994, 0.01717305698595101, 0.01761411551004425, 0.018109881897141883, 0.018665193791720238, 0.019285649781099458, 0.019977721739797474, 0.020748888566719588, 0.0216077953172185, 0.02256444256147662, 0.023630411755548596, 0.02481913355712817, 0.026146207322149315, 0.027629781540406663, 0.02929100664782233, 0.031154573518574195, 0.03324935285687346, 0.03560915261305455, 0.038273612133817546, 0.04128925274037724, 0.044710704138867456, 0.04860212376520805, 0.05303882048631205, 0.05810908344200384, 0.0639161986943545, 0.07058060789315682]
9.600000000000133	1.039891436804913	[0.07869138674720358, 0.08753840960270741, 0.09772795302735905, 0.10946782064642469, 0.1229897138938353, 0.1385472456274638, 0.1564112763259137, 0.17686153499254692, 0.2001733640325272, 0.22659835783614224, 0.25633782633551105, 0.2895083944231437, 0.3260998822326415, 0.36592683873380333, 0.40857691870053253, 0.453361426461531, 0.49927575593618845, 0.5449794405272143, 0.5888066757265156, 0.628817437295304, 0.6628962557744431, 0.6888996421584006, 0.7048446611011441, 0.7091210503006984, 0.7006999492536294, 0.6793060728854888, 0.6455199215933476, 0.6007837000625421, 0.5472990920582429, 0.48782426575024534, 0.42539736653935567, 0.3630290017073488, 0.30341268203001664, 0.24869772571275195, 0.200354972926497, 0.15914565065091443, 0.12518337961012227, 0.09806369717295442, 0.07702783397769065, 0.06112832245447266, 0.0493714542423802, 0.04082233944140195, 0.03466898683329444, 0.030249968868604656, 0.02705479775630605, 0.024707313301204344, 0.0229411442089364, 0.02157385771067858, 0.02048377131502993, 0.019591203363273822, 0.018844433449316626, 0.018209811055624078, 0.017665123937115123, 0.0171953287086739, 0.01678988767959296, 0.016441145261565197, 0.016143349843802845, 0.015892065403655023, 0.015683812872705857, 0.015515846771535212, 0.015386011092390949, 0.015292643556259998, 0.01523450970878799, 0.01521075735008413, 0.015220884826606964, 0.015264720352060626, 0.015342409727078246, 0.015454411790260521, 0.015601500374796249, 0.015784772962680105, 0.01600566550872307, 0.01626597412065102, 0.016567883572560928, 0.016914003765585037, 0.017307414607847512, 0.017751720918274934, 0.01825111841216308, 0.018810473020986325, 0.01943541537254659, 0.02013245358871852, 0.02090910728345541, 0.021774067201348755, 0.022737384853701685, 0.023810698399879614, 0.025007501168564032, 0.026343461549946875, 0.027836803374605857, 0.029508758753346794, 0.03138410586998961, 0.033491807529345226, 0.03586576650781369, 0.038545717043553335, 0.04157827067253251, 0.04501813648537758, 0.048929530810711316, 0.05338778848644843, 0.05848117356442773, 0.06431287306017629, 0.07100312400384166]
9.560000000000134	1.0455699630695476	[0.07914388494874014, 0.08801796077262879, 0.09823406117336687, 0.10999885155451807, 0.12354248812161442, 0.13911655158632036, 0.15698930386436596, 0.17743725452216685, 0.20073188372314588, 0.22712033274851126, 0.25679900876266, 0.2898794692615347, 0.3263467405976998, 0.3660114869105815, 0.40845918423677824, 0.4530016068718909, 0.4986382204521301, 0.5440370722207563, 0.5875457905948746, 0.6272426232774369, 0.6610343225043961, 0.6868017999887386, 0.7025860513733566, 0.7067970549024934, 0.698419148177467, 0.6771804011305415, 0.6436532100524408, 0.5992603426932163, 0.5461747510137126, 0.4871203226687126, 0.4251001478433716, 0.3630938841315411, 0.30377218020695124, 0.24927191117724015, 0.20106222012132, 0.15991186436355942, 0.12594841199101237, 0.0987844409798719, 0.07767822798905641, 0.061697049932574584, 0.049858353518535736, 0.04123449864612481, 0.035017249457890184, 0.030546255222265763, 0.027310351335688828, 0.02493177178430442, 0.023142228820989368, 0.02175745390475293, 0.020654207968050994, 0.019751593359633966, 0.01899699519068492, 0.018356133560493548, 0.017806367383657512, 0.01733236660712033, 0.016923403413117964, 0.01657169529432162, 0.01627140462985175, 0.016018035489092135, 0.015808066028032548, 0.015638719282034027, 0.015507815797881776, 0.015413675592582892, 0.015355051120466154, 0.01533108069413189, 0.015341256405160467, 0.01538540292571321, 0.015463665151258531, 0.015576503354759757, 0.015724695207083438, 0.01590934426485891, 0.01613189494672895, 0.0163941541429179, 0.016698319951991062, 0.017047018152764694, 0.017443347374946447, 0.017890934090017917, 0.018393998956478728, 0.01895743629825382, 0.019586909014458816, 0.020288961597866313, 0.02107115462472848, 0.021942224650671402, 0.022912274370154008, 0.02399299872995571, 0.025197953925284344, 0.02654287736337413, 0.028046068290002786, 0.029728840262922406, 0.03161605859988622, 0.03373677758541938, 0.036124994182492536, 0.03882053621452287, 0.041870103991581975, 0.045328483550432105, 0.04925994737008829, 0.053739852051846226, 0.05885643183897843, 0.06471276791118251, 0.07142888520386212]
9.520000000000135	1.0513081384500598	[0.07959964026125663, 0.08850070226852864, 0.09874322964028569, 0.11053273423647762, 0.12409781161486533, 0.1396879937505571, 0.15756892997026892, 0.1780138981254173, 0.20129051125531577, 0.22764145917790987, 0.25725826166638976, 0.2902474355861664, 0.32658925859737364, 0.36609056669915846, 0.40833472898229756, 0.45263406236657405, 0.4979921757555331, 0.5430856795209213, 0.5862756583853285, 0.6256586101200059, 0.6591634478810683, 0.6846953811648245, 0.7003192186457281, 0.7044650637829376, 0.6961303794830388, 0.6750465790104204, 0.6417780252652515, 0.5977281888538254, 0.5450414766915006, 0.4864076798783698, 0.42479496962704455, 0.36315209888148864, 0.30412679318195185, 0.2498433249466997, 0.20176891856387802, 0.16067962550781786, 0.12671676004221935, 0.09950980909183224, 0.07833404827751728, 0.06227152972030079, 0.05035094220336514, 0.04165201035265618, 0.035370370172373745, 0.030846846835706133, 0.02756967094380222, 0.02515951439953093, 0.02334619266863148, 0.02194360399897798, 0.020826945037581736, 0.019914089947602628, 0.019151516350771825, 0.018504303428785295, 0.017949371885487078, 0.017471098036106036, 0.017058558882445608, 0.016703841583215247, 0.01640102012365408, 0.016145537139431194, 0.01593382691136606, 0.015763080310196364, 0.015631093894203377, 0.015536169658443356, 0.015477046669324548, 0.015452853600214018, 0.015463076116810366, 0.015507535288901716, 0.015586375013792121, 0.015700056998454837, 0.01584936271583261, 0.01603540184383362, 0.016259627276531647, 0.01652385677372182, 0.01683030181137244, 0.017181604169823596, 0.017580881290316184, 0.018031781454486962, 0.01853855038618576, 0.019106110988702955, 0.01974015857909995, 0.020447274228602978, 0.021235059632725945, 0.022112297369093727, 0.023089141456349833, 0.024177343810272152, 0.025390523570175346, 0.026744487252961646, 0.02825760945048677, 0.029951285067198838, 0.031850466197817895, 0.033984298139125686, 0.03638687116502606, 0.03909810556911583, 0.04216478867990189, 0.04564178128953722, 0.04959340885844857, 0.054095045878122, 0.05923489148122533, 0.06511591469288175, 0.07185792008849118]
9.480000000000135	1.0571068724669186	[0.08005867803087584, 0.0889866549392227, 0.09925547362824334, 0.11106947722475995, 0.12465568494444378, 0.14026156375377977, 0.15815013613566808, 0.17859143655213755, 0.20184920588935934, 0.22816168510193185, 0.2577155218506283, 0.2906122203959037, 0.32682735458232387, 0.3661639903162647, 0.4082034609263112, 0.45225869976359806, 0.4973375293084344, 0.5421251731096302, 0.584996193769314, 0.6240653177756277, 0.6572835565008162, 0.6825803149288948, 0.6980440952125563, 0.7021250115559079, 0.6938335781436723, 0.6729045407050169, 0.6398942984669506, 0.5961871654281725, 0.5438991898567567, 0.4856862516144753, 0.4244817401336808, 0.36320355100048407, 0.3044764272954322, 0.25041188095802835, 0.20247499654837323, 0.1614488829918621, 0.12748839758726285, 0.10023980189016948, 0.07899532041860115, 0.06285180868562996, 0.05084928286110457, 0.0420749466358907, 0.035728424781049935, 0.031151818565553033, 0.027832827261559317, 0.025390605844615888, 0.02355309386206809, 0.022132359737576136, 0.021002028630382193, 0.020078734512180722, 0.019308034535424623, 0.018654355308237495, 0.018094169825609248, 0.01761155363699037, 0.017195383399787757, 0.016837612399648084, 0.016532223787103402, 0.016274597163406734, 0.016061121816168148, 0.015888955727102427, 0.01575587092390356, 0.015660151031762798, 0.015600521441481089, 0.015576101012940796, 0.015586368826590025, 0.015631142270572097, 0.015710564163308068, 0.015825097629611352, 0.015975527921093798, 0.016162970869615663, 0.016388887868179013, 0.016655107620537492, 0.016963855044585585, 0.017317788034107353, 0.017720042943152166, 0.0181742900093901, 0.018684800155261257, 0.019256525038127553, 0.01989519255045196, 0.020607420535878464, 0.02140085197653836, 0.022284315666805873, 0.023268017100145855, 0.024363765322324576, 0.02558524250252832, 0.026948324332460385, 0.02847146068667101, 0.030176127678075905, 0.03208736382325838, 0.034234404910301434, 0.03665143364467333, 0.039378461599324815, 0.04246236135466304, 0.04595806616117889, 0.04992995127369666, 0.05445340505484369, 0.05961658620379865, 0.0655223450798255, 0.07229025762332446]
9.440000000000136	1.0629670926897805	[0.08052102378721458, 0.08947583957859306, 0.09977080828461399, 0.11160908868790757, 0.12521610834918834, 0.14083725250871582, 0.15873290322416775, 0.17916983945869683, 0.20240792598376478, 0.22868095706222663, 0.25817072501186417, 0.2909737489880323, 0.32706094569067634, 0.36623166812041563, 0.40806528684893306, 0.4518754239865823, 0.4966741874627143, 0.5411554618582148, 0.5837073104834131, 0.6224626645828817, 0.655394572248433, 0.6804565291791708, 0.6957606128577372, 0.6997768317299482, 0.6915286786818526, 0.6707542193608784, 0.6380019602707528, 0.5946371981201062, 0.5427478102943936, 0.484955950660174, 0.42416036623935643, 0.3632481438416099, 0.3048209872663254, 0.25097749139091974, 0.203180380753097, 0.1622195841941644, 0.12826329720951726, 0.10097441882971275, 0.07966206949542122, 0.06343793365007741, 0.051353438462293864, 0.042503380376957806, 0.03609149020419683, 0.03146124660239279, 0.028099892402440176, 0.025625112278107282, 0.023762991911272967, 0.022323774186072533, 0.021179506050120426, 0.020245569536846718, 0.01946658833002187, 0.018806324752115026, 0.018240794403474668, 0.017753764825170316, 0.017333906990118136, 0.016973036708555274, 0.016665043732988286, 0.01640524301496519, 0.016189977649708368, 0.01601637201913957, 0.01588217302043307, 0.01578564558667497, 0.01572550109974999, 0.015700848461130727, 0.015711159968045733, 0.015756249277171973, 0.015836258013432875, 0.015951650731651917, 0.016103216408299436, 0.016292077088824367, 0.016519702660880237, 0.016787932872284972, 0.0170990061214434, 0.017455596552268107, 0.017860859507953766, 0.018318487352233438, 0.01883277631449415, 0.019408707004741687, 0.020052040022321457, 0.020769430201113843, 0.021568561948680693, 0.022458310494918362, 0.023448932925647023, 0.024552295601844642, 0.025782143767905243, 0.0271544223797769, 0.028687656479687823, 0.03040340327487273, 0.03232678728039679, 0.0344871342782133, 0.03691871843360649, 0.03966164143108329, 0.04276285921021483, 0.04627737520679707, 0.05026961111125813, 0.05481496516859043, 0.06000155009181758, 0.06593209111292864, 0.0727259269648326]
9.400000000000137	1.06888974517569	[0.08098670295141502, 0.08996827727547412, 0.1002892482898763, 0.11215157690463744, 0.12577908115806707, 0.1414150508465259, 0.15931721068489896, 0.17974907626147565, 0.20296662796374473, 0.22919922128706424, 0.2586238044472133, 0.2913319464028087, 0.32728994631487635, 0.36629351040735175, 0.4079201105956528, 0.45148414017418464, 0.49600205358979815, 0.5401764551011261, 0.5824089193244207, 0.6208505694405075, 0.6534964161448917, 0.6783239522695047, 0.6934687006185322, 0.6974204580263563, 0.6892156130892831, 0.6685955480798285, 0.636100939096294, 0.5930782123746603, 0.5415872559513102, 0.48421668929268674, 0.42383075316946234, 0.3632857798725945, 0.30516037611660335, 0.2515400671192036, 0.20388499609713673, 0.16299167504466117, 0.12904143001659535, 0.10171365832255524, 0.08033431988660959, 0.06402995125830488, 0.05186347227781926, 0.04293738519631878, 0.03645964447495209, 0.03177520845749831, 0.02837093996838229, 0.02586310132604937, 0.023975947803220023, 0.022517901735625283, 0.021359425877143807, 0.020414638598116423, 0.019627217375754603, 0.018960248204637577, 0.018389279706967555, 0.017897763769579612, 0.01747416045929752, 0.01711014414519155, 0.016799508789578373, 0.01653750276976502, 0.016320421994175292, 0.016145356265785286, 0.01601002696576903, 0.015912679773466432, 0.015852011937854536, 0.015827122040275938, 0.015837475594279293, 0.015882882277655087, 0.015963482591063116, 0.01607974235047561, 0.016232454374289072, 0.016422746813942596, 0.016652098207387465, 0.01692235929003555, 0.01723578213109129, 0.017595057111851286, 0.018003358787653547, 0.0184644016721332, 0.018982507555116268, 0.019562686050442646, 0.02021073074334681, 0.02093333352196528, 0.02173822051251621, 0.022634313432507425, 0.023631921244351952, 0.024742967621501192, 0.025981261114723445, 0.02736281581309951, 0.02890623202556312, 0.030633147670729104, 0.03256877309363274, 0.03474252323373229, 0.0371887630582887, 0.03994768275576612, 0.04306632013219549, 0.04659974595231765, 0.050612425510751013, 0.05517976216118947, 0.06038981779600252, 0.06634518499557276, 0.07316495771905925]
9.360000000000138	1.0748757949210428	[0.08145574153030229, 0.09046398858350686, 0.10081080881625741, 0.11269694911598421, 0.12634460310683798, 0.14199494795325043, 0.15990303833390948, 0.18032911405154822, 0.2035252686722694, 0.2297164209846993, 0.25907469405229994, 0.29168673402616246, 0.3275142717634629, 0.3663494233162899, 0.40776783733374067, 0.4510847489869578, 0.4953210327726822, 0.5391880575736108, 0.5811009330520517, 0.6192289467296532, 0.6515890112015232, 0.6761825083131395, 0.6911682893113045, 0.6950558203686712, 0.6868943147314927, 0.6664284567034245, 0.6341911642038698, 0.5915101308978195, 0.5404174450079761, 0.48346837743708043, 0.42349280574096954, 0.36331635940348334, 0.3054944958626, 0.2520995169547652, 0.2045887661335107, 0.16376509966479358, 0.1298227658675762, 0.10245751761313854, 0.08101209537552893, 0.064627907962527, 0.05237944790360461, 0.043377035490611136, 0.03683296671813702, 0.03209378303755032, 0.028646045010465734, 0.02610464218739056, 0.024192023953479604, 0.02271479822798837, 0.021541837909967238, 0.020585986499021318, 0.01978996230001294, 0.019116163135798264, 0.018539660634006326, 0.01804358352512838, 0.01761617531117784, 0.01724896514314069, 0.0169356484175359, 0.016671405247318267, 0.016452483026693557, 0.01627593625485079, 0.016139460115613746, 0.016041280726396722, 0.015980080811806244, 0.015954948512975804, 0.015965342315665865, 0.01601106789707653, 0.0160922644799728, 0.01620939918215844, 0.01636326857594422, 0.016555007006338166, 0.016786101626520764, 0.01705841428675272, 0.017374210737088933, 0.017736197759292506, 0.01814756916974492, 0.018612061827747883, 0.019134023164247987, 0.019718492020563957, 0.02037129506971116, 0.02109916149610479, 0.021909859249688673, 0.0228123567771431, 0.02381701499399017, 0.024935815091696956, 0.02618262892002015, 0.027573539806722187, 0.029127223141695652, 0.030865397450083164, 0.03281335838596797, 0.035000609547924035, 0.0374616055972153, 0.04023662404352482, 0.04337278247661902, 0.04692521668599378, 0.0509584319507838, 0.055547832700572355, 0.06078142410719674, 0.0667616595980198, 0.07360737934651385]
9.320000000000139	1.0809262263251285	[0.08192816530945786, 0.09096299445384881, 0.10133550440421611, 0.11324521280927265, 0.12691267279171256, 0.14257693311904462, 0.16049036426423885, 0.18090991993173064, 0.20408380261523668, 0.23023249937833423, 0.2595233248047328, 0.29203803338910095, 0.3277338339465442, 0.3663993133820968, 0.4076083685047308, 0.4506771517966036, 0.4946310262223868, 0.538190175013451, 0.5797832605956695, 0.6175977120144083, 0.6496722768174631, 0.6740321226184008, 0.6888593064937238, 0.6926828496947043, 0.6845647141234495, 0.6642528757194666, 0.6322725623693695, 0.5899328765301105, 0.5392382934146249, 0.4827109245723308, 0.42314642666118013, 0.36333978173820203, 0.3058232464477447, 0.25265574829600657, 0.20529161246033256, 0.16453980070985072, 0.1306072730978024, 0.10320599293615404, 0.08169541905368957, 0.06523185007035028, 0.05290142926182209, 0.04382240642192675, 0.037211537212391566, 0.032417050607685766, 0.02892528413362887, 0.026349805583768707, 0.024411284338441554, 0.02291452089304392, 0.021726793311629345, 0.02075965919325514, 0.01995486486748237, 0.019274107953825455, 0.018691973043017545, 0.01819125793784258, 0.01775998389444518, 0.017389530837189977, 0.017073492851094794, 0.016806979915890335, 0.01658618965331616, 0.016408140392383093, 0.01627050052523055, 0.01617147618027855, 0.016109735257269303, 0.016084355232794577, 0.016094787409074482, 0.016140833347516335, 0.016222630922747946, 0.01634064851016203, 0.016495686426078418, 0.016688885218596315, 0.016921740694512834, 0.017196125873329634, 0.017514320265886816, 0.017879047148038816, 0.018293519713725295, 0.01876149729564848, 0.01928735311333781, 0.019876155390362468, 0.02053376405690764, 0.021266945763241382, 0.022083510458016882, 0.02299247347916249, 0.024004247846096192, 0.025130872382736914, 0.026386282311409503, 0.027786630195115347, 0.029350666409646314, 0.03110018984624185, 0.03306058105171764, 0.03526143161111805, 0.03773728489656032, 0.04052850432664298, 0.0436822853472918, 0.04725382616138668, 0.05130766861533642, 0.05591921376838166, 0.061176404450601525, 0.06718154788084459, 0.0740532218387399]
9.28000000000014	1.0870420436701158	[0.0824040003070789, 0.09146531569444069, 0.10186334958411832, 0.11379637496502071, 0.12748328851772797, 0.1431609947073546, 0.16107916598982028, 0.18149145964031932, 0.20464218347325072, 0.2307473979278734, 0.25996962670674106, 0.2923857639604497, 0.3279485437818848, 0.366443084918436, 0.4074416046676402, 0.45026124773164405, 0.4939319344449398, 0.5371827109850839, 0.5784558103367526, 0.615956778789452, 0.6477461319124843, 0.671872718530993, 0.6865416792136623, 0.6903014750962911, 0.68222674118024, 0.6620687339105649, 0.6303450596559911, 0.5883463705438724, 0.5380497162562509, 0.48194423865875397, 0.42279151752337957, 0.36335594456001447, 0.30614652637231504, 0.2532086667597847, 0.20599345502175273, 0.16531571911340914, 0.13139491859283076, 0.10395907933775135, 0.08238431329130669, 0.06584182364977152, 0.05342948055522911, 0.04427357390515559, 0.037595437361369374, 0.03274509284095241, 0.029208735482512457, 0.02659866384472487, 0.0246337944830489, 0.023117128448951814, 0.021914344589921312, 0.020935703888298973, 0.020121967950082736, 0.01943412210613293, 0.01884625371444646, 0.018340821741982125, 0.017905619359337804, 0.017531873156107713, 0.017213073053491196, 0.016944256980597226, 0.016721571465776186, 0.01654199778577978, 0.01640317690914224, 0.016303294548480632, 0.016241003453013516, 0.016215370217298804, 0.016225838785274286, 0.01627220649658275, 0.01635460979191765, 0.016473518269965487, 0.016629735967778173, 0.016824409656105623, 0.017059043821854556, 0.01733552271806254, 0.017656139685335404, 0.018023634596924357, 0.01844124013030379, 0.01891273822869695, 0.019442528036953594, 0.020035707324625892, 0.02069816943678032, 0.021436718667384648, 0.02225920712511735, 0.02317469720833979, 0.024193654174035118, 0.025328174598168673, 0.026592257126561814, 0.028002123556004368, 0.02957659912197534, 0.0313375628384592, 0.03331047968491825, 0.03552502855006995, 0.03801584047189518, 0.04082336334556261, 0.04399486845897663, 0.04758561378495258, 0.0516601742014287, 0.05629394290734688, 0.061574794614032244, 0.06760488322784548, 0.07450251533412003]
9.24000000000014	1.093224271612105	[0.08288327259483999, 0.09197097316880473, 0.1023943586240617, 0.1143504423265151, 0.1280564479514475, 0.14374712051982672, 0.16166941997849935, 0.18207369803750448, 0.20520036349021537, 0.2312610569600894, 0.2604135280085291, 0.2927298439314241, 0.3281583102430035, 0.36648064094904415, 0.40726744438289636, 0.449836934727921, 0.4932236560049395, 0.536165568007788, 0.5771184888335186, 0.6143060596376436, 0.6458104937175528, 0.669704218565008, 0.6842153329570861, 0.6879116248514824, 0.6798803243609729, 0.6598759592026158, 0.6284085807348112, 0.5867505332440974, 0.5368516272112253, 0.4811682264911449, 0.4224279783878194, 0.3633647441042156, 0.3064642324026671, 0.2537581762598464, 0.2066942119389373, 0.16609279412611264, 0.13218566770778517, 0.10471677069255682, 0.08307879970641263, 0.06645787453169279, 0.053963666265544954, 0.04473061460790226, 0.037984749717270914, 0.0330779928259444, 0.02949647878745165, 0.026851290923796105, 0.02485962152111898, 0.023322681120317428, 0.022104545662225188, 0.021114169059382966, 0.020291315589772436, 0.019596246086703434, 0.019002540409141247, 0.01849231056176741, 0.01805311571163789, 0.017676024820876463, 0.01735442076725618, 0.017083267380157006, 0.016858658788663227, 0.016677538240457333, 0.016537518685564728, 0.01643676492033203, 0.01637391426288577, 0.01634802214659876, 0.016358525028731478, 0.016405215867216452, 0.01648822962791113, 0.01660803705008159, 0.016765445910901115, 0.016961609179121793, 0.017198040088748607, 0.01747663414952001, 0.01779969863952825, 0.018169990093539496, 0.018590760816084854, 0.019065815459541204, 0.019599579267779294, 0.020197179680829402, 0.02086454365334433, 0.021608513259067673, 0.022436982965625702, 0.023359062354383373, 0.0243852690923181, 0.02552775757246563, 0.02680058995549179, 0.02822005720370647, 0.02980505932867962, 0.031577555138772376, 0.03356309363155516, 0.035791440205231465, 0.03829731256855174, 0.04112124151225539, 0.04431057220935574, 0.04792061955943735, 0.0520159880078132, 0.05667205813631121, 0.06197663086090766, 0.0680316993213873, 0.07495529026611594]
9.200000000000141	1.0994739556849884	[0.0833660084728792, 0.09247998757616749, 0.10292854576304608, 0.11490742109368957, 0.12863214843361356, 0.14433529738098952, 0.1622611020696747, 0.18265659855901037, 0.20575829402334744, 0.23177341497548418, 0.2608549559148089, 0.2930701893718773, 0.3283630412345147, 0.3665118822255614, 0.40708578524528494, 0.449404108435978, 0.4925060886705467, 0.5351386463915311, 0.5757712019961759, 0.6126454650398233, 0.6438652788793712, 0.6675265432417224, 0.6818801925978667, 0.6855132253643333, 0.6775253914316929, 0.657674477788534, 0.6264630494822494, 0.5851452833363333, 0.5356439390199731, 0.48038279330745176, 0.42205570813296434, 0.36336607493725226, 0.30677625979261997, 0.2543041788665178, 0.20739379960155296, 0.16687096320104672, 0.13297948426401845, 0.10547905960841111, 0.08377889912211257, 0.06708004825094484, 0.05450405111664305, 0.045193605938865095, 0.03837955796901872, 0.03341583509739875, 0.02978859537440991, 0.027107762455756988, 0.02508883421457516, 0.023531240706049904, 0.02229745187314941, 0.021295104517468463, 0.020462953009492857, 0.019760521499788665, 0.019160871872402542, 0.018645760970138116, 0.018202507811897892, 0.017822019399194457, 0.017497568510977324, 0.017224042837886824, 0.01699748267552084, 0.016814792307842986, 0.016673555972968202, 0.016571917106434204, 0.016508497233436812, 0.01648234040626474, 0.01649287539654756, 0.016539890678527024, 0.01662351963932321, 0.016744234131180126, 0.01690284563353803, 0.01710051334058575, 0.017338759247540032, 0.01761949019349147, 0.017945027451903475, 0.01831814433076466, 0.018742112856976516, 0.019220760537211345, 0.019758538839887516, 0.02036060504630469, 0.021032919865371424, 0.021782363333656237, 0.022616872422382125, 0.02354560406705, 0.024579128455431695, 0.02572965791377017, 0.027011318135717048, 0.028440469235587025, 0.030036085826836624, 0.03182020624362075, 0.03381846297105863, 0.03606070718960704, 0.038581742131283105, 0.041422179979253564, 0.044629437631602424, 0.048258884167332955, 0.05237514986310476, 0.05705359805425774, 0.06238194982382625, 0.06846203027577294, 0.07541157720877621]
9.160000000000142	1.1057921628232368	[0.0838522342620511, 0.09299237968110996, 0.10346592492124256, 0.1154673172330939, 0.12921038658248488, 0.14492551155413336, 0.16285418694240306, 0.18324012376360116, 0.2063159248469798, 0.2322844093473624, 0.26129383569988235, 0.2934067150882273, 0.3285626425083271, 0.36653670823464757, 0.4068965226194185, 0.44896266335264257, 0.4917791280287676, 0.5341018454601932, 0.5744138536871085, 0.6109749046514457, 0.6419104021703279, 0.6653396123639587, 0.6795361813106652, 0.6831062023452678, 0.6751618685969393, 0.6554642150942172, 0.6245083882763319, 0.5835305385849657, 0.5344265628881526, 0.4795878431402648, 0.42167460396265527, 0.3633598301004961, 0.3070825019321761, 0.2548465748651827, 0.20809213247275168, 0.16765016203569386, 0.13377633047306947, 0.10624593746046881, 0.08448463155261697, 0.0677083900648937, 0.05505070008796527, 0.04566262605589733, 0.03877994697549126, 0.03375870564543409, 0.030085168217909457, 0.027368155771545076, 0.025321503020633185, 0.02374287059581544, 0.022493120066980142, 0.02147856142141592, 0.020636926683997785, 0.01992699106525055, 0.01932128790030286, 0.01880121048809367, 0.018353831436992107, 0.01796989130107264, 0.017642549636685184, 0.01736661585573927, 0.01713807496264621, 0.016953791279400575, 0.0168113196406867, 0.016708781633592535, 0.01664478264165448, 0.016618355083609326, 0.01662891986364586, 0.016676260843556754, 0.016760509745940053, 0.016882139485259507, 0.017041965223317423, 0.017241152386497722, 0.017481231762777823, 0.017764121574265886, 0.01809215716456324, 0.018468128708579567, 0.018895328067288046, 0.01937760572900213, 0.01991943952816069, 0.020526016739629376, 0.021203331986723604, 0.02195830343152182, 0.022798910708343657, 0.023734358254146076, 0.02477526890212719, 0.0259339129984267, 0.02722447979993682, 0.02866339852131863, 0.030269718213029935, 0.03206555641535439, 0.03407662857543157, 0.0363328708589522, 0.03886917087283842, 0.04172622059362162, 0.04495150647651503, 0.048600448901791146, 0.052737700227536224, 0.05743860173881788, 0.06279078863480392, 0.06889591049081036, 0.07587140704807474]
9.120000000000143	1.1121799818992666	[0.0843419764351928, 0.09350817014518793, 0.10400650987227487, 0.11603013624197107, 0.129791158523254, 0.14551774842129384, 0.16344864842214207, 0.18382423491442285, 0.20687320455945626, 0.23279397579581368, 0.26173009123603264, 0.29373933399070085, 0.32875701832551, 0.36655501646931243, 0.4066995504261837, 0.44851249201405, 0.49104266835560706, 0.5330550626851206, 0.5730463466005931, 0.6092942863965257, 0.639945777289728, 0.6631433441035671, 0.6771832212305815, 0.680690479955273, 0.6727896810128149, 0.6532450950680202, 0.6225445184081052, 0.5819062153185306, 0.5331994088393252, 0.4787832785375117, 0.4212845616959443, 0.36334590097014363, 0.3073828505361374, 0.2553852626610415, 0.20878912315702944, 0.16843032447218678, 0.13457616691287655, 0.10701739429358748, 0.085196016145413, 0.06834294488673198, 0.05560367837020988, 0.04613775384743322, 0.039186002753247684, 0.03410669194135295, 0.0303862819555683, 0.02763254995219331, 0.02555770011868396, 0.023957635835076027, 0.02269160861449849, 0.021664592342928297, 0.02081328436049967, 0.02009569867870499, 0.019483829353375157, 0.01895869763941927, 0.01850712328863965, 0.01811967582904983, 0.017789398335452882, 0.017511019761013928, 0.017280468273522226, 0.017094567230537157, 0.016950841313297542, 0.016847389786363243, 0.016782801499903466, 0.01675609700720808, 0.016766689128552125, 0.016814357007087593, 0.016899230585432527, 0.017021783812068095, 0.017182835484954126, 0.017383557291298545, 0.017625488819476714, 0.017910559749332217, 0.018241119547045246, 0.018619975368450503, 0.01905043899875103, 0.019536384054924912, 0.020082314857234624, 0.020693448845540065, 0.021375814694799742, 0.02213636887384744, 0.022983133813980233, 0.02392536161871687, 0.024973727861014445, 0.026140561010145273, 0.027440113878784072, 0.028888884744785848, 0.03050599688179781, 0.03231364672784739, 0.03433763210125734, 0.03660797336253026, 0.03915964125657812, 0.04203340595483273, 0.04527682118149124, 0.04894535573449739, 0.0531036801423727, 0.057827108828333584, 0.06320318484703542, 0.06933337475413946, 0.07633481086532615]
9.080000000000144	1.1186385242713148	[0.08483526147781517, 0.09402737967565086, 0.10455031404852616, 0.11659588334631701, 0.13037445962273964, 0.146111992747595, 0.16404445912822296, 0.18440889232721677, 0.2074300801268661, 0.2333020488339901, 0.262163644419774, 0.2940679576432322, 0.32894607075873383, 0.36656670307528344, 0.40649476032983434, 0.44805348571891296, 0.49029660171988154, 0.5319981944588156, 0.5716685813433067, 0.607603517264073, 0.6379713159987636, 0.6609376557888524, 0.6748212327094192, 0.6782659815370148, 0.6704087521884157, 0.6510170407901603, 0.6205713596040991, 0.5802722288596753, 0.531962385320181, 0.4779690008032895, 0.4208854754424296, 0.3633241773582014, 0.30767719540350436, 0.25592013881110665, 0.20948468225100284, 0.16921138250653425, 0.13537895245112405, 0.10779341882218375, 0.08591307114832686, 0.06898375727957308, 0.0561630513602431, 0.046619068929818853, 0.03959781249724284, 0.03445988294707838, 0.030692022932963477, 0.0279010258503698, 0.025797499471223347, 0.024175603151297322, 0.022892977479344673, 0.02185325128976865, 0.020992075122935057, 0.020266689428234622, 0.01964853821584062, 0.019118261961214578, 0.018662421047572812, 0.018271409184537506, 0.017938149687425114, 0.0176572887105694, 0.017424696065559436, 0.017237153024168356, 0.017092153414651225, 0.016987773610872694, 0.0169225855976384, 0.016895597751443545, 0.016906214653125307, 0.016954210551102303, 0.01703971355144054, 0.017163198545498574, 0.017325487977041684, 0.017527759765101313, 0.017771562358987025, 0.018058836917273814, 0.018391947131646682, 0.018773717201648284, 0.019207478975676585, 0.019697129296141525, 0.02024719913687349, 0.020862936223086728, 0.02155040346652685, 0.022316595769983363, 0.023169578544312088, 0.024118651664909115, 0.025174543589134155, 0.026349640943416887, 0.027658260141521774, 0.02911696840371496, 0.030744963069216077, 0.032564519060524835, 0.03460151603728149, 0.036886057628941836, 0.039453196549596274, 0.04234377938886961, 0.04560542493154115, 0.04929364727320805, 0.05347313130234183, 0.058219159456348785, 0.06361917652402461, 0.06977445814419667, 0.07680182005072099]
9.040000000000145	1.1251689243558478	[0.08533211608295295, 0.09455002878357896, 0.10509735079722994, 0.11716456316536701, 0.13096028482788638, 0.14670822822718813, 0.16464159091974415, 0.18499405477403696, 0.20798649746321904, 0.23380856101310782, 0.2625944159110522, 0.2943924953477799, 0.3291297006058984, 0.3665716617925719, 0.406282042820813, 0.4475855333638151, 0.4895408191953967, 0.5309311348691165, 0.5702804576929166, 0.6059025020638649, 0.6359869293114292, 0.6587224626842133, 0.6724501353348857, 0.6758326284785587, 0.6680190047898378, 0.6487799735081169, 0.6185888306457454, 0.5786284928149185, 0.5307153996929606, 0.477144909559533, 0.4204772379894066, 0.36329454727548827, 0.3079654246771546, 0.2564510978805971, 0.2101787184594046, 0.16999326616768026, 0.13618464424760873, 0.10857399832369528, 0.08663581386115637, 0.06963087138765942, 0.05672888461704523, 0.04710665163239674, 0.040015464565019684, 0.03481836914950434, 0.031002479213139877, 0.02817366615643397, 0.026040976844700674, 0.024396841033349995, 0.023097288237744432, 0.02204459378621484, 0.021173349404444822, 0.020440009670396688, 0.0198154576002362, 0.019279944074306467, 0.018819763372456964, 0.018425128533214676, 0.018088839657683868, 0.017805457752006856, 0.01757079262502289, 0.017381582368270622, 0.01723528916322866, 0.017129965969128955, 0.017064167497944246, 0.01703688968791574, 0.01704752866060349, 0.017095853643666056, 0.017181990793166065, 0.017306415900370863, 0.01746995501305269, 0.01767379229885578, 0.017919485081143795, 0.018208986061828806, 0.018544673216377698, 0.018929387892743506, 0.019366482098291636, 0.01985987603845875, 0.020414127465176676, 0.02103451454972909, 0.02172713458080155, 0.022499021062812978, 0.023358282519767765, 0.024314266745380092, 0.025377755170145327, 0.026561192653918216, 0.027878959190080935, 0.029347690864313, 0.030986658840734278, 0.032818216158866674, 0.03486832368311317, 0.03716716743480021, 0.039749880788214315, 0.042657385028287045, 0.045937361605824054, 0.04964536685780438, 0.05384609597522429, 0.058614794370217355, 0.06403880212128797, 0.07021919618061022, 0.07727246613257449]
9.000000000000146	1.1317723402085145	[0.0858325669992645, 0.09507613793776482, 0.10564763316927367, 0.11773617991767266, 0.1315486283794535, 0.14730643775996433, 0.16524001451703918, 0.18557967984972992, 0.20854240094256057, 0.23431344339376317, 0.26302232452111346, 0.29471285472529607, 0.3293078066456313, 0.36656978463634554, 0.40606128634603444, 0.4471085222016812, 0.48877520990042844, 0.5298537765096257, 0.568881873616103, 0.6041911442678204, 0.6339925265838507, 0.6564976788387694, 0.6700698471688722, 0.6733903410201236, 0.6656203600455138, 0.6465338133175176, 0.6165968488951934, 0.5769749195465816, 0.5294583578225618, 0.4763109029891535, 0.4200597404380765, 0.36325689701050856, 0.30824742456335236, 0.2569780324542703, 0.21087113842403024, 0.17077590352151267, 0.13699319767554693, 0.10935911864484263, 0.08736426060973276, 0.07028433093825101, 0.0573012438629343, 0.04760058299871113, 0.040439048500625456, 0.03518224257076323, 0.031317740623539855, 0.028450555420330644, 0.02628820987327054, 0.02462141975882005, 0.023304604148754085, 0.02223867689795781, 0.021357159056004948, 0.020615707048648246, 0.019984631810932765, 0.019443785695207015, 0.01897918995802701, 0.018580872012487017, 0.018241505149900816, 0.017955562828781208, 0.01771879311711263, 0.01752788982024222, 0.017380282619286914, 0.017274000543611435, 0.017207580582187146, 0.017180005990772126, 0.01719066417812377, 0.017239319245202854, 0.017326095256118404, 0.017451468879668038, 0.017616269700679407, 0.017821688172432484, 0.018069290482584262, 0.01836104096062502, 0.01869933190264125, 0.01908702192872321, 0.019527483280166253, 0.020024659681482235, 0.02058313576614075, 0.02120822033008715, 0.021906045156584102, 0.022683682536524873, 0.02354928421523692, 0.024512246067323943, 0.025583402554823165, 0.026775256861742678, 0.028102252501594465, 0.02958109436024912, 0.031231127136521656, 0.033074781627146985, 0.035138099198511616, 0.03745134738842551, 0.04004973883280444, 0.042974267783041226, 0.04627267584043595, 0.050000558513048375, 0.05422261707628245, 0.059014054858824105, 0.06446210057797754, 0.07066762471781557, 0.07774678089431013]
8.960000000000147	1.1384499541328916	[0.0863366409297472, 0.09560572767458118, 0.10620117377491228, 0.11831073756004823, 0.1321394836146988, 0.14790660363035885, 0.16583969924258357, 0.18616572420355143, 0.20909773307306412, 0.23481662584400026, 0.26344728682086577, 0.29502894209094094, 0.3294802851878435, 0.3665609623503888, 0.40583237681356427, 0.4466223383561555, 0.48799966046633514, 0.5287660110131823, 0.5674727247048178, 0.6024693465023887, 0.6319880149226659, 0.6542632174838063, 0.66768028415216, 0.6709390385417104, 0.6632127372046531, 0.6442784793750456, 0.6145953298798749, 0.5753114203642501, 0.5281911638260933, 0.47546687802614823, 0.419632872088717, 0.3632111112878641, 0.3085230792758377, 0.2575008332189696, 0.21156184666164743, 0.17155922066735405, 0.13780456623844117, 0.11014876414529645, 0.08809842666692878, 0.07094417918085896, 0.05788019493917077, 0.04810094475423402, 0.04086865503698507, 0.03555159677151466, 0.03163789879739194, 0.02873178007954548, 0.026539278122053794, 0.024849411430996386, 0.02351499022367138, 0.02243555926679394, 0.0215435574127825, 0.020793830521085084, 0.02015610640433578, 0.019609829656979324, 0.019140741589407716, 0.018738678747486227, 0.018396184056065863, 0.018107640793443028, 0.0178687336322646, 0.017676110798931995, 0.01752716872852547, 0.017419911849036546, 0.01735285909156926, 0.017324980648732155, 0.01733565507655852, 0.01738464112103094, 0.017472060720579267, 0.017598391287669508, 0.01776446597926611, 0.01797148146833783, 0.01822101289348489, 0.018515036199390437, 0.018855958131610794, 0.019246654613552967, 0.01969051828456589, 0.020191516453326924, 0.020754260826319367, 0.021384090910522187, 0.022087173190205034, 0.022870618830683784, 0.023742622998378114, 0.024712629705503624, 0.025791526600755628, 0.026991875162654066, 0.028328182469932156, 0.029817222001090198, 0.0314784118153896, 0.03333425993257532, 0.035410887650387406, 0.037738642927644055, 0.04035281641885136, 0.04329447332908391, 0.046611413084915516, 0.050359266924065844, 0.054602738232231045, 0.059416982709744035, 0.06488911139126828, 0.07111977987715576, 0.07822479646355035]
8.920000000000147	1.1452029732927813	[0.0868443648453836, 0.0961388182047056, 0.10675798520050066, 0.1188882392550839, 0.13273284352028378, 0.14850870679937786, 0.16644061374568297, 0.18675214261884254, 0.20965243542572215, 0.23531803587565028, 0.2638692182940859, 0.2953406610323349, 0.329647031452009, 0.3665450827426232, 0.405595199171989, 0.4461268649733899, 0.4872140567702731, 0.5276677271265887, 0.5660529059936601, 0.6007370086834998, 0.6299733009965864, 0.6520189893553894, 0.6652813617954846, 0.6684786381465192, 0.660796054980431, 0.642013888746884, 0.6125841883865304, 0.5736379046038912, 0.5269137207912351, 0.47461272963826595, 0.4191965208463605, 0.3631570727488231, 0.30879227123971964, 0.2580193886328978, 0.21225074566190044, 0.1723431415597122, 0.13861870161286943, 0.11094291761912228, 0.08883832626134276, 0.07161045886734371, 0.05846580379673473, 0.04860781932736506, 0.04130437608555479, 0.035926526907356066, 0.03196304717118633, 0.02901742854355496, 0.026794263090197716, 0.025080890079335463, 0.02372851322721793, 0.022635301215525257, 0.021732599287977397, 0.020974430462666154, 0.020329928174462417, 0.01977812000606985, 0.019304460121634774, 0.018898588942154616, 0.01855291523304856, 0.018261729493316295, 0.018020651162375653, 0.017826281665270196, 0.01767598329971893, 0.017567735308253923, 0.01750003810711157, 0.01747184853661302, 0.017482536053195986, 0.017531853909000042, 0.01761992178692338, 0.017747217794306894, 0.017914578607441962, 0.01812320713349382, 0.018374687466998572, 0.018671007231930364, 0.01901458767483071, 0.019408322127175064, 0.0198556237154515, 0.020360483469511553, 0.020927540285315866, 0.02156216453887738, 0.022270557544242883, 0.02305986950188813, 0.023938339115483813, 0.02491545866709226, 0.026002169053368256, 0.02721109009769059, 0.028556792379431564, 0.030056117848733303, 0.031728557617877115, 0.03359669649134898, 0.035686734960606835, 0.038029100419375725, 0.04065916008305216, 0.04361804822703852, 0.04695361949776672, 0.05072153758205313, 0.05498650363406692, 0.05982362039327408, 0.06531987441024607, 0.07157569828502587, 0.07870654502582221]
8.880000000000148	1.1520326303585742	[0.08735576568222374, 0.09667542975072446, 0.10731807959248804, 0.11946868781838427, 0.1333287001723851, 0.14911272749555987, 0.1670427252675209, 0.18733888878427343, 0.21020644769803562, 0.23581759962829404, 0.2642880321850094, 0.29564791362368814, 0.32980793820177845, 0.3665220321181049, 0.4053496358570607, 0.4456219838223001, 0.486418282242133, 0.5265588123855705, 0.5646223101989889, 0.5989940296503183, 0.6279482893029741, 0.6497649041802476, 0.6628729935855973, 0.6660090559310172, 0.658370230202332, 0.6397399574399124, 0.6105633374262475, 0.5719542804241159, 0.5256259300540096, 0.4737483513997139, 0.41875057275168276, 0.3630946623169794, 0.3090548807925985, 0.2585335851147117, 0.21293773568974383, 0.1731275880675412, 0.1394355535136638, 0.11174156027835927, 0.08958397249327181, 0.07228321220901816, 0.059058136464375716, 0.04912128981418179, 0.041746304756704385, 0.03630712971499237, 0.03229328104864076, 0.02930759119769267, 0.027053248302237397, 0.025315931669337276, 0.02394524177987898, 0.022837964753759432, 0.021924341075080296, 0.021157558662670137, 0.020506145250169576, 0.01994870199206846, 0.019470388570759126, 0.019060643864143675, 0.018711738587955717, 0.018417867753483644, 0.01817458368099794, 0.017978439705532825, 0.0178267630802115, 0.017717507237120962, 0.017649153620854598, 0.017620645402460965, 0.017631342699102874, 0.01768099310904956, 0.017769713939694474, 0.017897983927003702, 0.01806664322455481, 0.01827690097300713, 0.018530350238758837, 0.018828990375330375, 0.01917525719255111, 0.019572061521533752, 0.020022837075446498, 0.020531598729074327, 0.02110301269423639, 0.021742480359796444, 0.022456238007404202, 0.023251475017181767, 0.024136473753869455, 0.025120774881744648, 0.02621537261213291, 0.027432945137983406, 0.028788126476594553, 0.03029782689435825, 0.03198161024564856, 0.03386213763415614, 0.035965687996141416, 0.03832276710867855, 0.040968817268493586, 0.04394503984782929, 0.04729934207274552, 0.051087416676875934, 0.055373958193097664, 0.06023401090890993, 0.06575443003382314, 0.07203541685582118, 0.07919205908111579]
8.840000000000149	1.158940184162145	[0.08787087045338975, 0.09721558239735663, 0.10788146880037917, 0.120052085510722, 0.13392704492231206, 0.14971864493593923, 0.1676459998831563, 0.18792591493188265, 0.21075970802674668, 0.23631524141722687, 0.26470363989435036, 0.2959505998850922, 0.32996289623133457, 0.36649169466266607, 0.40509556736461383, 0.4451075746265031, 0.4856122185026603, 0.5254391524235814, 0.563180828378328, 0.5972403064757132, 0.6259128827866666, 0.6475008700075754, 0.6604550915048996, 0.6635302063635145, 0.6559351782110564, 0.6374565998688484, 0.6085326885242699, 0.570260454407756, 0.5243276914232791, 0.47287363524238585, 0.41829491215924625, 0.3630237590630835, 0.3093107863028674, 0.2590433069579154, 0.21362271482618816, 0.17391247989254655, 0.14025506966729592, 0.11254467167093564, 0.0903353772784398, 0.0729624808161781, 0.05965725900288471, 0.04964143995973741, 0.04219453534601801, 0.03669350353828702, 0.03262869761831879, 0.029602360461732147, 0.027316319343698468, 0.025554614176453983, 0.02416524639716111, 0.023043613653620124, 0.02211884078202991, 0.021343268395354317, 0.020684807121638983, 0.020121622131669237, 0.019638571133802133, 0.01922488590289596, 0.018872695093851425, 0.018576095430332895, 0.018330570156867457, 0.018132623181434788, 0.017979545768647957, 0.01786926489187531, 0.01780024254860795, 0.01777140791271498, 0.017782111512310985, 0.01783209512657733, 0.017921473561399448, 0.018050726112629627, 0.018220696365090244, 0.018432599691079573, 0.01868803814184211, 0.018989022850188202, 0.01933800424907809, 0.01973791076048792, 0.020192196781351167, 0.020704901154518923, 0.021280717531065786, 0.021925078455053724, 0.02264425530935134, 0.023445476795126926, 0.02433706905559406, 0.025328621243793432, 0.026431180942410027, 0.027657484728509738, 0.029022229978974457, 0.0305423951042716, 0.0322376163659173, 0.034130630654805226, 0.03624779456695499, 0.038619691171100715, 0.04128183631308718, 0.04427549643016666, 0.04764862861387003, 0.051456951161793, 0.05576514749718878, 0.060648197860471834, 0.06619281914121598, 0.07249897288214681, 0.07968137133967483]
8.80000000000015	1.165926920377054	[0.08838970620794612, 0.09775929611330061, 0.10844816431538805, 0.12063843406245676, 0.1345278683121346, 0.15032643735680912, 0.16825040239156047, 0.1885131718778404, 0.2113121528492846, 0.23681088378559464, 0.26511595080788186, 0.29624861784306217, 0.3301117941563415, 0.36645395250535756, 0.4048328720037028, 0.44458351512514666, 0.48479574509311724, 0.5243086310408652, 0.5617283496731884, 0.5954757345699635, 0.6238669826461493, 0.6452267933726248, 0.6580275659320074, 0.6610420024968645, 0.6534908128296226, 0.6351637290537911, 0.6064921516870632, 0.5685563316617475, 0.5230189030773166, 0.4719884714261368, 0.41782942156583125, 0.3629442400942297, 0.30955986399430213, 0.25954843622109786, 0.21430557884934495, 0.1746977345065431, 0.14107719575800085, 0.1133522296585757, 0.09109255133264665, 0.07364830569397507, 0.060263237507660286, 0.05016835416474156, 0.042649163353483836, 0.03708574835107093, 0.03296939599325375, 0.02990183083043193, 0.02758356391731927, 0.02579701763718769, 0.02438859955242997, 0.02325231350161136, 0.022316158091817796, 0.021531614466399895, 0.020865964694689383, 0.020296928248210475, 0.019809053236606113, 0.019391358603492767, 0.01903582683259127, 0.01873645344157386, 0.0184886505932606, 0.018288871357840696, 0.018134370051971934, 0.01802304649553884, 0.017953342765306995, 0.017924173677900435, 0.017934879931993233, 0.01798519729776889, 0.018075237965825844, 0.01820548170266686, 0.018376775491379168, 0.018590340916125457, 0.01884778903906896, 0.019151142805736175, 0.01950286734483721, 0.019905908744941227, 0.02036374219610411, 0.020880430616902344, 0.021460695232625438, 0.022109999868486063, 0.02283465115271124, 0.02364191723038248, 0.02454016814951999, 0.025539041636163592, 0.026649638707491173, 0.02788475431087715, 0.029259149107058336, 0.03078986944088184, 0.03249662364294572, 0.03440222382841187, 0.03653310345672845, 0.0389199217268308, 0.041598266479114576, 0.04460946708891552, 0.04800152776331511, 0.05183018875383252, 0.056160117836610186, 0.061066225445796686, 0.06663508311562986, 0.07296640401073669, 0.08017451474401754]
8.76000000000015	1.1729941522185032	[0.08891230004809182, 0.0983065907121603, 0.10901817728450813, 0.12122773461387644, 0.13513116008751985, 0.1509360819314749, 0.16885589633118533, 0.1891006089181181, 0.21186371692879757, 0.2373044473823724, 0.2655248723403182, 0.29654186339934674, 0.3302545184862999, 0.366408685587936, 0.4045614260011302, 0.4440496809471913, 0.4839687396007336, 0.5231671300736558, 0.5602647614241979, 0.5937002075208585, 0.6218104883971559, 0.6429425790870221, 0.6555903256311094, 0.6585443557205759, 0.6510370463018326, 0.6328612563891985, 0.6044416353520079, 0.5668418156693461, 0.521699461575564, 0.47109274849554456, 0.41735398167603127, 0.36285598056947543, 0.3098019880063969, 0.2600488527304649, 0.21498622123661393, 0.17548326710318138, 0.14190187536895998, 0.11416421033406507, 0.09185550409131349, 0.07434072716777204, 0.06087613805066575, 0.050702117451285944, 0.043110285469581136, 0.037483965770099124, 0.03331547723775506, 0.030206098921118307, 0.027855071893896518, 0.02604322421266624, 0.02461537573472269, 0.023464131763586797, 0.02251635441661422, 0.02172265327200439, 0.021049670337460805, 0.02047466952336618, 0.01998188157354025, 0.019560106712177474, 0.01920117702947801, 0.01889898380740548, 0.018648866059453584, 0.01844722454103669, 0.01829127563500041, 0.01817889127426251, 0.018108493133516045, 0.018078981287654814, 0.01808968636637896, 0.018140337923703002, 0.018231045425659807, 0.018362289006681912, 0.0185349190210961, 0.018750163233833217, 0.01900964175049064, 0.019315389352673313, 0.019669885943903738, 0.020076095345589594, 0.020537513656362392, 0.021058227968606538, 0.021642987222156, 0.022297286638855055, 0.02302746824054785, 0.023840839726673564, 0.024745815178476318, 0.02575208096340497, 0.02687079159513862, 0.02811480035629878, 0.029498931109701376, 0.031040297895408634, 0.03275868076166465, 0.034676966443547945, 0.03682166444374868, 0.03922350887180004, 0.04191815797006078, 0.04494700184461054, 0.04835808901245451, 0.0522071779610674, 0.05655891620706634, 0.06148813848109278, 0.06708126383653881, 0.07343774826332726, 0.08067152244726199]
8.720000000000152	1.1801432211585332	[0.08943867917496479, 0.09885748577193633, 0.10959151856365917, 0.12181998760285942, 0.1357369092631331, 0.15154755462082828, 0.16946244406366906, 0.18968817363744012, 0.21241433346234734, 0.23779585072658374, 0.2659303100727948, 0.29683023004994474, 0.33039095379341704, 0.3663557713429952, 0.4042811037008833, 0.4435059452605804, 0.4831310778859824, 0.5220145290353585, 0.5587899494219402, 0.5919136167535441, 0.6197432981384201, 0.6406481299398864, 0.653143278014359, 0.6560371755106492, 0.6485737895221848, 0.630549091432541, 0.6023810465547084, 0.5651168081018583, 0.520369261949409, 0.47018635310878915, 0.4168684714275426, 0.3627588535528538, 0.31003703038002994, 0.2605444339648958, 0.2156645331325929, 0.1762689905133727, 0.14272904994304345, 0.11498058796016702, 0.09262424367057855, 0.07503978484480361, 0.061496026654048415, 0.05124281545411369, 0.04357799957364895, 0.037888259080565076, 0.03366704439337263, 0.03051526352804534, 0.02813093535741171, 0.026293318258770883, 0.024845651500160385, 0.023679137857695546, 0.022719492945729204, 0.021916442866983184, 0.021235977920984663, 0.020654896558152128, 0.020157104140987057, 0.019731176231016934, 0.019368790081654083, 0.019063729700404757, 0.018811258716031724, 0.018607724125201956, 0.01845030326410315, 0.018336839501306098, 0.01826573352637754, 0.01823587035282192, 0.018246570215484325, 0.018297556310988613, 0.01838893519526911, 0.01852118733184554, 0.01869516635022273, 0.018912106225862632, 0.019173636076566695, 0.019481802601303774, 0.019839100497358868, 0.020248511440736562, 0.020713552495937534, 0.021238335081035394, 0.021827635932663906, 0.022486981837596298, 0.02322275029935921, 0.024042288734723003, 0.024954055321524882, 0.02596778518988957, 0.02709468633857298, 0.0283476704040907, 0.029741624283074874, 0.031293729526659333, 0.03302383744353355, 0.03495490884122514, 0.037113528312208044, 0.03953050371680806, 0.042241561935395626, 0.045288151662673345, 0.04871836269756222, 0.052587968122042535, 0.05696159029304208, 0.06191398244105085, 0.06753140364665007, 0.07391304407856061, 0.0811724277589815]
8.680000000000152	1.1873754976762325	[0.0899688706548755, 0.09941200088215742, 0.11016819839917603, 0.12241519308514001, 0.13634510369878822, 0.15216083058970606, 0.1700700062241904, 0.19027581244586445, 0.21296393338805059, 0.23828501088438206, 0.26633216690610284, 0.29711360971180284, 0.3305209817122376, 0.36629508566064795, 0.4039917764264079, 0.4429521798466238, 0.4822826328448318, 0.5208507062472133, 0.5573037966305456, 0.5901158526571916, 0.6176653073170054, 0.6383433477619679, 0.6506863280304621, 0.653520370378473, 0.6461009511043497, 0.6282271426912438, 0.6003102901922158, 0.5633812094098931, 0.5190281971406344, 0.4692691704277087, 0.4163727675749739, 0.36265273023220196, 0.31026486076213944, 0.26103505515429526, 0.2163404031527101, 0.17705481523007743, 0.14355865866098505, 0.11580133495353584, 0.09339877679944156, 0.07574551758208645, 0.062122969267746214, 0.05179053439444148, 0.044052404756624725, 0.03829873322957447, 0.034024202543020445, 0.030829425635607203, 0.028411248698325123, 0.026547386349062407, 0.025079505578574027, 0.023897403175838234, 0.022925638753132135, 0.022113042978532723, 0.02142494292128565, 0.02083766137826556, 0.020334770332386155, 0.019904614417125065, 0.01953871164656427, 0.019230735441583192, 0.018975871897692856, 0.018770412587677063, 0.018611494805120813, 0.018496932493053356, 0.018425104901244112, 0.018394881503034623, 0.018405571940998178, 0.018456892771231716, 0.018548947577404197, 0.018682216984268748, 0.018857557917171013, 0.01907621047281908, 0.019339812860358765, 0.01965042366576979, 0.02001055250422939, 0.020423198921288313, 0.020891901106177436, 0.021420794849758586, 0.02201468486746578, 0.022679129573355914, 0.023420542140548038, 0.0242463097552287, 0.025164934857197077, 0.026186201339996624, 0.027321370782448277, 0.028583413057425105, 0.029987278040553657, 0.031550214450136116, 0.03329214452184092, 0.03523610239433447, 0.03740874693492673, 0.039840958353165715, 0.0425685305635077, 0.04563296839962889, 0.0490824001068845, 0.05297260932497526, 0.05736818859461399, 0.06234380334099174, 0.06798554550640788, 0.07439233014417028, 0.08167726433850943]
8.640000000000153	1.1946923820190396	[0.09050290172712938, 0.09997015526081146, 0.11074822682766314, 0.12301335022063929, 0.13695573062037739, 0.1527758835323364, 0.1706785423956295, 0.19086346971517204, 0.2135124462435527, 0.23877184239666865, 0.2667303441267158, 0.29739189143830963, 0.33064448221956705, 0.3662265014120618, 0.40369331395376196, 0.4423882534779277, 0.4814232760191319, 0.5196755371384413, 0.5558061848427248, 0.5883068028863955, 0.615576410311833, 0.6360281318095239, 0.6482193795671505, 0.6509938464175912, 0.6436184385353588, 0.6258953164077865, 0.59822926992014, 0.561634917899236, 0.5176761586718293, 0.4683410834865267, 0.41586674516622646, 0.36253747952372967, 0.3104853467059591, 0.26152058903265724, 0.2170137175249456, 0.17784064923850101, 0.14439063846180258, 0.11662642176212983, 0.09417910877422904, 0.07645796341370303, 0.06275703171134694, 0.05234536106743634, 0.044533601282780666, 0.03871549487349153, 0.034387058799691575, 0.031148688511525448, 0.028696108619430193, 0.026805517393572956, 0.02531701888238673, 0.02411900121053779, 0.023134858799756727, 0.022312515130646166, 0.021616622412209737, 0.021023017551805082, 0.02051493092329227, 0.020080469892974014, 0.019710988622619205, 0.01940004660380641, 0.01914275009266138, 0.018935333586156188, 0.018774893223746664, 0.018659212700546723, 0.018586649282305842, 0.018556056473138852, 0.018566733051707487, 0.018618388702963045, 0.018711123911474153, 0.018845419347148465, 0.019022135193630964, 0.01924251762941974, 0.019508213980449045, 0.01982129473710556, 0.020184284505814852, 0.020600200762607736, 0.021072602930895603, 0.0216056512661233, 0.022204178594752412, 0.02287377506437942, 0.023620889653437522, 0.024452949413152576, 0.025378501153473832, 0.026407377575597267, 0.027550893867863933, 0.02882207806558518, 0.030235942890198632, 0.031809803927065464, 0.033563653908192104, 0.035520599606117254, 0.03770737322414385, 0.04015492596423976, 0.042899117010355765, 0.045981504932821715, 0.049450253378410886, 0.05336115256282035, 0.05777876028260388, 0.06277764792734954, 0.0684437327910692, 0.07487564563679217, 0.08218606591413184]
8.600000000000154	1.2020953049927514	[0.0910407997542256, 0.10053196778588369, 0.11133161359941832, 0.12361445731044796, 0.13756877651125055, 0.15339268571974138, 0.17128801096289434, 0.19145108784240583, 0.21405979997917465, 0.23925625736401027, 0.2671247411765098, 0.2976649615289102, 0.3307613333621644, 0.36614988858433367, 0.4033855842049739, 0.44181403207689446, 0.48055287727219953, 0.5184888944260001, 0.5542969943627861, 0.5864863525588367, 0.6134765001515767, 0.6337023789713688, 0.6457423352212668, 0.6484575075004076, 0.641126157994587, 0.6235535167157927, 0.596137887999556, 0.5598778298191891, 0.5163130365004261, 0.46740197320721966, 0.41535027740030467, 0.36241296803569617, 0.3106983535449407, 0.2620009057811465, 0.2176843599907661, 0.17862639795913632, 0.14522492397020306, 0.11745581681552439, 0.09496524340811761, 0.07717715951422012, 0.06339827964825161, 0.05290738282902422, 0.04502169059577871, 0.039138652395867064, 0.03475572234577215, 0.03147315775297373, 0.028985614199340606, 0.027067802701017774, 0.025558274580088674, 0.024344007619982982, 0.023347222005428925, 0.022514922703716574, 0.02181107513029566, 0.021211020240953345, 0.020697638128513537, 0.02025879269114699, 0.019885669200120214, 0.019571710051655807, 0.019311938989242692, 0.019102531995462337, 0.018940542629141882, 0.01882372374441463, 0.01875040980221729, 0.018719438137033504, 0.01873009614375099, 0.01878208662484163, 0.018875506612843776, 0.019010836913602856, 0.019188940723216516, 0.019411070457119196, 0.01967888238917167, 0.01999445911573511, 0.020360340123689577, 0.020779561056903168, 0.021255702504283554, 0.021792949449484598, 0.022396162785502768, 0.023070964670454955, 0.023823839843224753, 0.024662255489142915, 0.025594802705751932, 0.026631363226582726, 0.027783305670245437, 0.029063716353037616, 0.030487670472369544, 0.03207255039120891, 0.03383841862959435, 0.035808454133573885, 0.038009461167710167, 0.04047246084393638, 0.04323337543439083, 0.0463338151719142, 0.04982197553318297, 0.0537536497351224, 0.058193355230131194, 0.06321556366654399, 0.06890600932079842, 0.07536303019382949, 0.08269886631279678]
8.560000000000155	1.2095857287740757	[0.09158259169465717, 0.1010974575681952, 0.11191836747632485, 0.12421851254167986, 0.13818422619210488, 0.15401120896412715, 0.17189836793182117, 0.19203860848162388, 0.2146059194795007, 0.23973816698377776, 0.26751525385609076, 0.2979327053858862, 0.33087140914624313, 0.3660651164331915, 0.4030684508635218, 0.4412293810946514, 0.47967130221293647, 0.517290650608449, 0.5527761013652052, 0.5846543867287524, 0.6113654659631149, 0.6313659860858836, 0.6432550939916206, 0.645911257321272, 0.638624012405578, 0.6212016473230556, 0.594036043755636, 0.5581098406419451, 0.5149387178679612, 0.4664517192838256, 0.41482323481305283, 0.3622790606154545, 0.3109037438485813, 0.2624758733220384, 0.21835221146443284, 0.17941196437011164, 0.14606144729910323, 0.11828948654052095, 0.09575718293273522, 0.07790314215831359, 0.06404677856398679, 0.0534766875392713, 0.045516775365216734, 0.03956831585886002, 0.035130304538780514, 0.03180294125147786, 0.029279867040894393, 0.027334335949353077, 0.025803358267292797, 0.02457250019385568, 0.023562799426182567, 0.022720330890073488, 0.022008361648717285, 0.021401726147600636, 0.020882945768561142, 0.020439634193833805, 0.020062803018987933, 0.019745773879231567, 0.019483485624652675, 0.019272053847216343, 0.0191084884140123, 0.01899051035866947, 0.018916430833785556, 0.01888507045669671, 0.018895705024549125, 0.01894803013013085, 0.019042139289918377, 0.01917851324620874, 0.019358018232858234, 0.019581912787908703, 0.019851862219644203, 0.020169961178452885, 0.020538764163829396, 0.02096132498209044, 0.02144124555369278, 0.02198273561643526, 0.022590684316598535, 0.023270745860731443, 0.024029440936274123, 0.024874276883791235, 0.025813889246427153, 0.026858208748869124, 0.028018657515739672, 0.02930837996770913, 0.030742513686078478, 0.032338507382803916, 0.03411649296885402, 0.036099720700837785, 0.03831506598895795, 0.0407936182810801, 0.043571361183345446, 0.046689953902791854, 0.050197620699235876, 0.054150153435991985, 0.0586120242878389, 0.06365759845653875, 0.06937241970652651, 0.0758545235221193, 0.08321569990258798]
8.520000000000156	1.2171651477546124	[0.09212830475072539, 0.10166664318008743, 0.11250849707534034, 0.12482551296441968, 0.13880206391637598, 0.15463142328442928, 0.17250956833702924, 0.19262597084258748, 0.21515072834074436, 0.24021747944381003, 0.26790177651269614, 0.298195004997892, 0.33097458214377967, 0.36597205059740956, 0.4027417763537517, 0.4406341623464492, 0.47877841543298333, 0.5160806746508294, 0.551243381202586, 0.5828107870699363, 0.6092431961211334, 0.6290188467785113, 0.6407575540613889, 0.6433549965500002, 0.6361119037307291, 0.618839609136361, 0.5919236353763557, 0.5563308432658556, 0.5135530886634893, 0.4654901989681065, 0.4142854862657056, 0.36213561960542806, 0.31110137806908644, 0.2629453568759268, 0.21901715037224645, 0.180197248726306, 0.14690013815098338, 0.1191273951767719, 0.09655492795963568, 0.0786359466241521, 0.06470259367820931, 0.054053363559681565, 0.04601895940363316, 0.04000459708846153, 0.03551091884910066, 0.03213814934462894, 0.02957897122158419, 0.027605213376698363, 0.02605235791575493, 0.024804559060276638, 0.023781664192634843, 0.022928806902154278, 0.022208544303312115, 0.021595193715372784, 0.021070909186812953, 0.020623047325766468, 0.020242441082336773, 0.019922287592975745, 0.019657438299775374, 0.01944394650224205, 0.019278777173898913, 0.019159618552778996, 0.019084757915656017, 0.019052998634400308, 0.019063604645536896, 0.019116264029942032, 0.01921106668369434, 0.01934849311252141, 0.01952941257833718, 0.019755089653636197, 0.020027198736039177, 0.02034784650326131, 0.020719602570080185, 0.021145538924010204, 0.02162927895450215, 0.022175057202406135, 0.022787791225006022, 0.023473167336892496, 0.024237742331148282, 0.025089063744856144, 0.026035811689760876, 0.02708796585859988, 0.028257001916102528, 0.02955612222578903, 0.031000526608928172, 0.032607729708616764, 0.03439793236287027, 0.03639445528083179, 0.03862424401459536, 0.041118454770971966, 0.04391313061944728, 0.04704997704077542, 0.05057724387765613, 0.0545507172650767, 0.05903481896856891, 0.06410380101758716, 0.06984300892377802, 0.07635016589798925, 0.08373660101763679]
8.480000000000157	1.2248350893995794	[0.09267796616635453, 0.10223954285148423, 0.11310201059309055, 0.12543545474672058, 0.13942227300492455, 0.15525329723953665, 0.17312156576901647, 0.19321311212050915, 0.21569414827246408, 0.24069410046036724, 0.26828420130093084, 0.29845173958545484, 0.3310707226047397, 0.3658705538373707, 0.40240542081675246, 0.44002823482164793, 0.4778740793929967, 0.5148588328493818, 0.5496987072901967, 0.5809554327878391, 0.6071095772402288, 0.6266608524054642, 0.6382496119788413, 0.6407886237501458, 0.6335897323439327, 0.616467301046522, 0.589800559404498, 0.5545407285564362, 0.5121560329540599, 0.46451728733118847, 0.4137368984978475, 0.36198250489650996, 0.31129111416764155, 0.2634092189282139, 0.21967905240346486, 0.18098214852465364, 0.14774092369196085, 0.11996950476075985, 0.09735847743571595, 0.07937560718436219, 0.06536578994447614, 0.05463749974746053, 0.046528347698869474, 0.040447609680934936, 0.035897680925229034, 0.032478894840438456, 0.02988303338675086, 0.02788053381836969, 0.026305363981988017, 0.025040266724836613, 0.024003891621100816, 0.02314042000545981, 0.022411687298322994, 0.021791483153957552, 0.02126158534729189, 0.020809086571305337, 0.020424635846645726, 0.020101302124275584, 0.019833846662958583, 0.01961825866119463, 0.019451456785750578, 0.019331095622048017, 0.019255437826547327, 0.019223269123835294, 0.019233841172765786, 0.01928683436555917, 0.019382334735357314, 0.019520822498704328, 0.019703169809488212, 0.019930647300820087, 0.02020493839699738, 0.020528161885094612, 0.020902902486377113, 0.021332250492666033, 0.02181985079172851, 0.022369962877900176, 0.022987532769353364, 0.02367827904871918, 0.024448794660723874, 0.025306667481286668, 0.026260622195122554, 0.02732068754347542, 0.028498392633706987, 0.029806997718814253, 0.031261764564631346, 0.03288027344272172, 0.034682793473773725, 0.036692715086587495, 0.03893705275031727, 0.0414470279937666, 0.04425874120161933, 0.04741394159067146, 0.05096090103407158, 0.05495539576242295, 0.05946179155233383, 0.06455422079310028, 0.07031782243746328, 0.07684999802317159, 0.08426160411204563]
8.440000000000158	1.2325971151468706	[0.09323160294736402, 0.10281617475885141, 0.1136989154289555, 0.12604833354081404, 0.1400448353500102, 0.15587679839425442, 0.173734311739006, 0.1937999680861269, 0.21623609830988122, 0.24116793401500766, 0.2686624172411422, 0.29870278649938614, 0.33115969737591333, 0.36576048709224024, 0.40205924091912815, 0.4394114558680532, 0.4769581531595461, 0.5136249900753008, 0.5481419498101344, 0.5790882018256358, 0.604964492886395, 0.6242918931238446, 0.6357311614286305, 0.6382120362542069, 0.6310573959368516, 0.6140846206120522, 0.5876667098621187, 0.5527393858839409, 0.5107474323748963, 0.4635328576923272, 0.4131773357581383, 0.3618195742459178, 0.31147280739983946, 0.2638673194130651, 0.2203377903599485, 0.18176655855288795, 0.1485837284200453, 0.12081577507841194, 0.09816782853468889, 0.08012215702327069, 0.06603643199098727, 0.05522918538807078, 0.047045046421258375, 0.04089746897331035, 0.03629070866373872, 0.03282529302219899, 0.03019216286309382, 0.028160398729517817, 0.026562469541482493, 0.02527970809468834, 0.024229559351189308, 0.023355241534858594, 0.022617856838221297, 0.021990656445618244, 0.021455032957792896, 0.020997807973353967, 0.020609441336351744, 0.020282869824171077, 0.02001276181713082, 0.01979504035799504, 0.019626576508595894, 0.01950499014175561, 0.019428518680320937, 0.019395929626044046, 0.019406462077116236, 0.019459788406607958, 0.019555990672379373, 0.01969554860993949, 0.019879337252961135, 0.020108633193019296, 0.020385128935871088, 0.020710955339669778, 0.021088712335318453, 0.021521508526922698, 0.022013010437801673, 0.02256750255325409, 0.023189959507805235, 0.023886132197950615, 0.024662649871116087, 0.02552714076497409, 0.026488374248002752, 0.027556428060849972, 0.028742884765835166, 0.030061062306080126, 0.031526284212012805, 0.03315619591046781, 0.0349711342842644, 0.036994558543433254, 0.03925355098532773, 0.04177939676951784, 0.0446082516021321, 0.04778190557825415, 0.051348649231977794, 0.05536424430760005, 0.059892995242544274, 0.06500890780490283, 0.0707969063895773, 0.07735406082153572, 0.0847907439906344]
8.400000000000158	1.24045282132399	[0.09378924221030208, 0.10339655658776441, 0.11429921863233279, 0.12666414390593433, 0.14066973199122254, 0.1565018925733936, 0.17434775641620145, 0.19438647214472968, 0.21677649574227126, 0.24163888120006818, 0.2690363113578178, 0.2989480198484754, 0.3312413712476643, 0.3656417079066974, 0.401703091378128, 0.43878367946131475, 0.4760304940484968, 0.512379007959355, 0.5465729773893606, 0.5772089690605311, 0.6028078251961672, 0.6219118562049619, 0.6332020947037371, 0.6356251286849912, 0.6285147907727215, 0.6116914628435358, 0.5855219792413637, 0.5509267021813727, 0.5093271668454843, 0.46253678092612277, 0.4126066602685835, 0.3616466827914971, 0.31164631057620745, 0.26431951538788945, 0.2209932342684621, 0.182550370679615, 0.14942847417903035, 0.12166616353639305, 0.0989829766154074, 0.08087562817234278, 0.06671458406154591, 0.05582851019261669, 0.047569162876643735, 0.04135429210250364, 0.03669012218719869, 0.03317746175992882, 0.0305064716569812, 0.028444912330320444, 0.026823770294132847, 0.02552297063769556, 0.024458747346639442, 0.02357334505358722, 0.02282712111881348, 0.02219277749710342, 0.021651312451930367, 0.021189269276165348, 0.02079691312027246, 0.020467044597245944, 0.020194236294299603, 0.01997434308556744, 0.019804186958923505, 0.019681352085517006, 0.019604049903945632, 0.019571029201162226, 0.019581516115630925, 0.01963517475698839, 0.01973208299335041, 0.019872719971459656, 0.02005796350023869, 0.020289096107967638, 0.020567819351320942, 0.020896276197795185, 0.021277081810517885, 0.021713363187109327, 0.02220880854566217, 0.022767727470700345, 0.023395123290692488, 0.024096779331030875, 0.024879361212361093, 0.025750537625514346, 0.026719122646903588, 0.027795243036014383, 0.028990534725409568, 0.030318373218237746, 0.03179414351648043, 0.03343555579966478, 0.03526301405579217, 0.03730004541054202, 0.03957379873144637, 0.04211562119431525, 0.04496172161936634, 0.04815392820641112, 0.05174054650922226, 0.05577731930357368, 0.06032848399320024, 0.06546791287561327, 0.07128030736036922, 0.07786239571479407, 0.08532405548324828]
8.36000000000016	1.2484038401005257	[0.09435091093172691, 0.1039807057851881, 0.11490292656372265, 0.12728287962811224, 0.14129694266868456, 0.15712854426970319, 0.17496184805440665, 0.19497255585400067, 0.21731525539869603, 0.24210684086552373, 0.2694057678188549, 0.2991873112861658, 0.33131560595429094, 0.36551407135317865, 0.4013368238466919, 0.43814475723742524, 0.475090956434104, 0.5111207459858144, 0.5449916558839486, 0.5753176073911817, 0.600639453692723, 0.6195206270415454, 0.6306623016100114, 0.6330277938225586, 0.625961810730952, 0.60928772089975, 0.5833662577285978, 0.5491025624704358, 0.5078951139891057, 0.4615289258366218, 0.41202473182315835, 0.361463683293571, 0.3118114737961887, 0.26476566115871036, 0.22164525119872966, 0.1833334738823389, 0.15027508002461612, 0.12252062512331115, 0.09980391512606389, 0.08163605144479931, 0.06740030996711853, 0.05643556424353838, 0.04810080551665375, 0.041818197983532715, 0.037096043912430675, 0.03353552152160625, 0.03082607456580183, 0.028734181636633323, 0.027089364697741626, 0.025770144416533032, 0.024691538033378067, 0.023794806380542276, 0.02303955045982623, 0.02239791215709665, 0.021850486112757146, 0.02138352993459268, 0.020987108426289487, 0.020653881905930278, 0.020378324162465544, 0.020156219798184008, 0.01998434021102079, 0.01986023282775719, 0.019782082332228685, 0.019748618272220735, 0.019759053421451768, 0.019813043360539913, 0.019910661553883068, 0.020052386436163895, 0.02023909849027464, 0.020472086146934628, 0.020753059987468476, 0.021084175116071302, 0.021468061955063133, 0.021907865966500135, 0.02240729712632217, 0.022970690215918604, 0.02360307733797822, 0.024310274349846006, 0.025098983316613345, 0.02597691345901084, 0.02695292358314308, 0.028037189467620495, 0.029241400323380823, 0.03057898905743796, 0.0320654018361454, 0.03371841315290492, 0.03555849341983694, 0.037609236762049116, 0.039897857321478124, 0.04245576260557584, 0.0453192122858556, 0.04853006979848826, 0.052136651999402824, 0.05619467809000906, 0.06076831264887939, 0.06593128750141924, 0.0717680725343281, 0.07837504444154089, 0.08586157364701098]
8.32000000000016	1.25645184046714	[0.09491663599634781, 0.10456863945947259, 0.11551004494874653, 0.12790453358219744, 0.1419264458887376, 0.15775671646259962, 0.17557653307613622, 0.1955581486945221, 0.21785228975661985, 0.24257170933694605, 0.2697706680720645, 0.2994205296734736, 0.3313822603381704, 0.36537742964258174, 0.4009602871032163, 0.4374945380651732, 0.4741393919649994, 0.509850061056405, 0.5433978486270103, 0.5734139873350653, 0.5984592555704176, 0.6171180888155856, 0.6281116697754615, 0.6304199223514081, 0.6233983476008526, 0.6068732858858158, 0.5811994334243384, 0.5472668496657114, 0.5064511492375143, 0.4605091589434878, 0.41143140778269144, 0.3612704259181974, 0.3119681443797456, 0.26520560809494775, 0.22229370518223693, 0.18411575411408787, 0.15112346215572625, 0.1233791123244744, 0.10063063555200638, 0.08240345638794992, 0.06809367305292088, 0.0570504379830967, 0.04864008393389083, 0.04228930733843548, 0.03750859857962396, 0.03389959544034174, 0.03115108923545721, 0.029028316552945355, 0.027359354039806154, 0.026021322191157718, 0.024928016371750406, 0.02401970368998049, 0.02325521736967395, 0.02260612830754859, 0.022052618128250174, 0.02158065119644259, 0.021180086189144194, 0.020843438845449508, 0.020565081068228606, 0.0203407249809017, 0.020167089836525518, 0.020041685209133436, 0.01996266824576897, 0.019928748687596073, 0.019939125541054845, 0.019993445561243977, 0.020091777603619652, 0.02023459924311117, 0.020422793546517524, 0.02065765479194064, 0.020940902571022324, 0.021274704133187227, 0.021661705198714618, 0.022105069746990256, 0.022608529586003866, 0.023176444773327948, 0.0238138762760937, 0.024526672566799888, 0.025321572234302536, 0.02620632508302185, 0.02718983467578262, 0.028282325782494237, 0.029495540801643138, 0.030842969851897314, 0.0323401199516395, 0.03400482942165004, 0.03585763440311996, 0.03792219504034863, 0.040225789427878356, 0.04279988363409482, 0.04568078587777625, 0.04891039184871328, 0.05253702592887085, 0.056616378991836684, 0.061212536925177446, 0.06639908389900172, 0.07226024965926345, 0.07889204910359615, 0.08640333369868725]
8.280000000000161	1.2645985292478663	[0.09548644418150547, 0.10516037436030115, 0.11612057884610685, 0.1285290976960251, 0.14255821887539408, 0.15838637056800073, 0.17619175601005788, 0.196143178009703, 0.21838750887104214, 0.2430333803532354, 0.2701308907745894, 0.29964754102421637, 0.3314411902884613, 0.36523163208464593, 0.4005733270035703, 0.4368328680207011, 0.47317564952193475, 0.5085668074638777, 0.541791416370593, 0.5714979769742995, 0.5962671055945232, 0.6147041223941874, 0.6255500844980676, 0.6278014027115281, 0.6208242909027476, 0.6044480467003122, 0.5790213921907372, 0.5454194444708921, 0.5049951457485751, 0.45947734445045363, 0.4108265430603871, 0.3610667582499196, 0.3121161668735671, 0.2656392046311492, 0.22293845718699606, 0.18489709425693893, 0.15197353384084686, 0.12424157503328145, 0.10146312731823343, 0.08317787119033275, 0.06879473611925821, 0.057673222156371766, 0.049187108832453884, 0.04276774269493114, 0.03792791327923051, 0.034269809363882055, 0.031481636229583956, 0.029327429953181078, 0.027633842527274754, 0.026276599510020197, 0.025168269948769507, 0.024248117599226116, 0.023474196630552818, 0.02281749594223705, 0.022257774666740403, 0.02178069617173172, 0.021375907117457304, 0.02103577420584386, 0.020754564297689553, 0.020527914706618283, 0.020352490961224007, 0.020225763590366114, 0.02014586142506637, 0.02011147377276712, 0.020121785486581792, 0.020176434153633495, 0.0202754838373661, 0.020419411067044434, 0.020609101427228826, 0.020845854954697506, 0.021131400261038234, 0.021467916718471532, 0.02185806540727495, 0.02230502884736757, 0.022812560775208195, 0.023385046574107348, 0.0240275761867137, 0.024746030752522966, 0.02554718548252501, 0.026438830783788562, 0.027429915019425717, 0.02853071188207891, 0.029753016879880585, 0.031110377101084136, 0.032618360111452395, 0.03429486750947527, 0.036160500470670924, 0.038238984096385875, 0.040557659102382286, 0.043148048240167526, 0.0460465059497546, 0.04929495705245776, 0.05294172964493045, 0.05704248134162972, 0.06166121342819104, 0.06687135501769483, 0.0727568870547423, 0.0794134521654696, 0.08694937100977913]
8.240000000000162	1.2728456521468763	[0.0960603623381533, 0.10575592662670762, 0.11673453286972194, 0.12915656261942574, 0.1431922378480231, 0.15901746601636796, 0.1768074598398197, 0.19672756848332337, 0.21892082080797204, 0.24349174443809485, 0.2704863123176454, 0.2998682077706573, 0.3314922493521628, 0.3650765242568555, 0.4001757871603962, 0.4361595894825157, 0.4721995759380571, 0.5072708359547798, 0.5401722180182413, 0.5695694410458203, 0.5940628768205791, 0.6122786055109907, 0.6229774294245726, 0.6251721204139928, 0.6182395284870609, 0.6020118894874567, 0.576832018121938, 0.5435602249362055, 0.5035269747122096, 0.45843334387441254, 0.41020999026782357, 0.36085252498273646, 0.3122553830819729, 0.26606629602846976, 0.22357936508832085, 0.18567737395718406, 0.1528252053649106, 0.12510796044850525, 0.10230137772929235, 0.0839593226281671, 0.06950356136814077, 0.05830400780500074, 0.04974199199755733, 0.043253628431406295, 0.038354117454565975, 0.03464629194758882, 0.03181783906113318, 0.02963163780709176, 0.027912937332914164, 0.02653607485087303, 0.025412389024751493, 0.024480131308982276, 0.023696565337027065, 0.023032087298979334, 0.022466023905760486, 0.021983729954913687, 0.021574633714950605, 0.02123094858508307, 0.020946832793171666, 0.020717846741635598, 0.020540600279921276, 0.020412523951647277, 0.020331717165303704, 0.020296848424663932, 0.020307087751512472, 0.0203620634729744, 0.020461834412073412, 0.020606876105201215, 0.020798076343818424, 0.0210367410608041, 0.021324607668405483, 0.0216638678542085, 0.022057197902842614, 0.0225077991044648, 0.023019447009192912, 0.02359655257688166, 0.024244234626746464, 0.02496840721677073, 0.02577588206362495, 0.026674490398017364, 0.027673225200185177, 0.028782409225783873, 0.030013890767329666, 0.03138127386135571, 0.03290018603738255, 0.0345885918608163, 0.03646715652212726, 0.03855966928258484, 0.04089353175949074, 0.04350032181201548, 0.04641643730059621, 0.049683829412144186, 0.05335082555745705, 0.057473045595847205, 0.06211439956399, 0.06734815467028372, 0.07325803347960468, 0.07993929660588305, 0.08749972092061713]
8.200000000000163	1.2811949948229029	[0.09663841664877572, 0.10635531258532431, 0.11735191022229342, 0.12978691873660841, 0.1438284767806555, 0.1596499615290019, 0.17742358444165227, 0.19731124372657877, 0.21945212972473618, 0.2439466908320744, 0.27083680453814657, 0.3000823910500403, 0.3315352861026012, 0.36491195061730697, 0.3997675060389535, 0.43547454399425295, 0.4712110129350737, 0.5059619967135883, 0.5385401075418552, 0.5676282438761446, 0.5918464376378801, 0.609841415468362, 0.6203935838545311, 0.6225319603607607, 0.6156439442119666, 0.5995646994989912, 0.5746311916776979, 0.5416890678684723, 0.5020465039712628, 0.45737701705860945, 0.40958159878387823, 0.3606275685972147, 0.31238563148266413, 0.26648672476583224, 0.22421628331129553, 0.1864564697826032, 0.15367838380833734, 0.12597821306537074, 0.1031453718446953, 0.08474783596731907, 0.07022021037074737, 0.05894288614610292, 0.05030484635900236, 0.04374709067115838, 0.038787343053949666, 0.03502917457250116, 0.03215982441130436, 0.029941059111664368, 0.028196748852912287, 0.026799849550771866, 0.025660466805122042, 0.024715830522728896, 0.023922403166096833, 0.023249976767080252, 0.022677436292340425, 0.022189819524301883, 0.02177633052786086, 0.02142902428609808, 0.021141947386947163, 0.020910580445262745, 0.020731476276605966, 0.020602023798173115, 0.020520292483557093, 0.020484929024851228, 0.02049508850593443, 0.020550389316505373, 0.0206508851315676, 0.020797050006063873, 0.020989774136771035, 0.021230368984804713, 0.02152058102496147, 0.02186261397534137, 0.02225915962829451, 0.022713437815485387, 0.023229246230162003, 0.023811021210299887, 0.02446391079074551, 0.025193861748476536, 0.02600772263058988, 0.026913365247078696, 0.027919827467206206, 0.029037480755226597, 0.030278226344158443, 0.03165572465505086, 0.03318566312037068, 0.034886068348183974, 0.03677766910790131, 0.0388843173093426, 0.041233474420734884, 0.04385677097981934, 0.046790646256001205, 0.05007707399333387, 0.0537643774740412, 0.05790813301265565, 0.06257215394496289, 0.06782953710631998, 0.07376373863435609, 0.08046962535350675, 0.08805441937083881]
8.160000000000164	1.2896483840046056	[0.09722063384761323, 0.10695854731610646, 0.11797271425213451, 0.13042015432033108, 0.1444669093803217, 0.1602838127781003, 0.17804006906914155, 0.19789412337108095, 0.2199813389303304, 0.24439810397128192, 0.27118223838619815, 0.30028994656692143, 0.33157014838472054, 0.36473774981346485, 0.3993483216737578, 0.4347775671624414, 0.4702098021282909, 0.5046401340740957, 0.5368949390371505, 0.5656742441926492, 0.5896176566177915, 0.6073924243472679, 0.617798427139447, 0.6198808026954856, 0.6130374216937643, 0.5971063577142222, 0.5724187926526733, 0.53980584622374, 0.5005536001724301, 0.456308220257518, 0.4089412161595498, 0.3603917280292284, 0.3125067480420395, 0.2669003296840874, 0.2248490632358938, 0.18723425473390762, 0.15453297318841278, 0.12685227445003464, 0.1039950924560612, 0.08554343491872618, 0.07094474394918003, 0.05958994866096581, 0.05087578582889277, 0.04424825748100561, 0.03922772435660833, 0.03541859163457824, 0.03250772195393924, 0.030255816245247473, 0.028485390525170302, 0.02706802819627122, 0.02591259924537919, 0.024955303848742883, 0.024151792167038475, 0.023471241285111827, 0.022892084322276164, 0.022399034126656663, 0.021981063921413777, 0.021630065683668553, 0.02133997058259739, 0.02110617711692619, 0.02092517901642083, 0.02079432248688366, 0.02071164592465589, 0.02067577374645848, 0.020685845417382998, 0.020741469232111703, 0.020842693281771654, 0.02098999014214816, 0.02118425212344283, 0.021426796310086357, 0.02171937804121335, 0.022064213219925518, 0.022464009011667663, 0.022922003982808727, 0.02344201787451555, 0.02402851261632506, 0.02468666537666771, 0.02542245586207343, 0.026242769346223868, 0.027155518391506733, 0.028169785579129282, 0.029295991162953398, 0.030546088987614375, 0.031933795760807064, 0.03347485821662829, 0.0351873645934111, 0.03709210618266794, 0.03921299660931233, 0.041577555408772594, 0.0442174640391993, 0.04716920028117822, 0.05047475742892062, 0.05418245010187356, 0.05834780626569088, 0.06303453574276761, 0.06831555777376348, 0.07427405231627231, 0.08100448224639317, 0.08861350179591068]
8.120000000000164	1.298207688639506	[0.09780703998559694, 0.10756564600169685, 0.11859694685429308, 0.13105625724860395, 0.14510750704284156, 0.16091897455424675, 0.1786568497860357, 0.19847612576485824, 0.22050834773639366, 0.24484586676704131, 0.2715224801734655, 0.300490728467564, 0.3315966789978392, 0.3645537590960941, 0.3989180668936436, 0.4340684934724407, 0.4691957799720033, 0.5033050915167605, 0.5352365616194931, 0.5637073000224134, 0.5873763976118297, 0.6049315035194359, 0.6151918342237968, 0.6172185266984513, 0.6104198404908106, 0.5946367439959594, 0.5701946971330809, 0.5379104315178814, 0.49904812652664415, 0.4552268078723473, 0.40828868660337475, 0.360144839827299, 0.3126185652653792, 0.26730694666404564, 0.22547755263199923, 0.18801059854672952, 0.15538887413908298, 0.1277300832779215, 0.10485051993500763, 0.08634614152435142, 0.07167722216462097, 0.060245286918577015, 0.05145492542036875, 0.0447572586864091, 0.03967539820672211, 0.035814680369339, 0.03286166467715186, 0.030576034796355196, 0.028778979204700395, 0.027340718444435717, 0.0261688854500669, 0.02519864260623456, 0.024384817162787335, 0.023695960133119937, 0.02311004293162524, 0.022611445061920435, 0.02218890245516104, 0.021834139009737324, 0.02154096691124724, 0.021304699788944302, 0.021121770481664772, 0.02098948103126557, 0.0209058378770503, 0.02086944237321169, 0.02087941794769395, 0.02093536235183711, 0.021037317910533714, 0.021185755456806045, 0.021381569363549055, 0.021626082186772172, 0.021921058160682145, 0.022268725295198348, 0.02267180621293502, 0.023133558184767287, 0.023657823115951084, 0.02424908852171779, 0.024912560829543337, 0.025654252665052703, 0.026481086132105765, 0.02740101448914586, 0.028423165063764976, 0.02955800673447073, 0.030817545848914493, 0.032215555031043404, 0.03376783994983323, 0.03549254974971401, 0.03741053744328485, 0.039545777069754436, 0.04192584473463554, 0.044582470615045014, 0.047552168435644894, 0.050876947489461546, 0.054605109594481845, 0.058792128888101106, 0.06350160535951829, 0.06880627259427659, 0.0747890252577567, 0.08154391108483508, 0.0891770041873416]
8.080000000000165	1.306874821080321	[0.09839766116570979, 0.10817662304077623, 0.11922460940073053, 0.13169521386084465, 0.1457502400281091, 0.1615553993157106, 0.17927386093738415, 0.1990571661717996, 0.22103305326639577, 0.24528985842929407, 0.27185739374168694, 0.30068458679015336, 0.3316147182104449, 0.36435981144001506, 0.3984765721252329, 0.43334715317155903, 0.46816878074700846, 0.5019567084515097, 0.5335648224520799, 0.5617272655412896, 0.5851225226570107, 0.6024585207297771, 0.6125736782693495, 0.6145450082373651, 0.6077910783210774, 0.5921557349890987, 0.567958779236782, 0.536002692191417, 0.4975299440663483, 0.45413263125072534, 0.4076238518080706, 0.3598867373234996, 0.3127209126782347, 0.26770640808900187, 0.22610159588602446, 0.18878536736556137, 0.15624598396179862, 0.1286115751546715, 0.10571163217479723, 0.08715597608788236, 0.07241770420747344, 0.060908992603330166, 0.05204238113162423, 0.04527422599180178, 0.04013050391594591, 0.0362175810528362, 0.03322178880625331, 0.03090184382195832, 0.02907763509493192, 0.02761803131114663, 0.026429427599154395, 0.025445941121306343, 0.024621565664652463, 0.023924215222506234, 0.023331389400384532, 0.022827125960585688, 0.022399916780472786, 0.022041312616075028, 0.021745002828570788, 0.021506213474205865, 0.021321314472891886, 0.021187562334553843, 0.021102930480850133, 0.021065996519122273, 0.021075867269219704, 0.021132129599416585, 0.02123481975201851, 0.021384406661315365, 0.02158178659084944, 0.02182828752037266, 0.02212568249739324, 0.022476211660014823, 0.02288261306536783, 0.023348162754256295, 0.023876724808386724, 0.02447281241536777, 0.02514166128324991, 0.025889317036764156, 0.02672273860599856, 0.02764991997846737, 0.028680033147229014, 0.029823595539594305, 0.03109266576921471, 0.032501072095574096, 0.03406467860764866, 0.035801694722871126, 0.0377330341975766, 0.039882730278260704, 0.04227841392817492, 0.04495186194073447, 0.047939621151034124, 0.05128371340822873, 0.055032423258269486, 0.059241165659929325, 0.06397342403891793, 0.06930173843500503, 0.07530870861144333, 0.08208795621652067, 0.08974496241409177]
8.040000000000166	1.3156517383105786	[0.09899252316458511, 0.10879149241936652, 0.11985570224386058, 0.13233700942180543, 0.14639507682362227, 0.1621930377704447, 0.1798910343535307, 0.19963715749631716, 0.22155534948622946, 0.24572995535151781, 0.2721868393153874, 0.30087136851280033, 0.33162410244413865, 0.36415573673665447, 0.3980236639355964, 0.4326133735647112, 0.467128635012536, 0.5005948215581729, 0.5318795651820515, 0.5597339923949392, 0.5828558904873608, 0.5999733413369822, 0.6099438293286173, 0.611860120871206, 0.6051510099523526, 0.5896632050353835, 0.5657109102283367, 0.5340824942950013, 0.4959989109577663, 0.4530255391328811, 0.40694655042430017, 0.35961725087095386, 0.312813616436058, 0.2680985429312181, 0.22672103372714603, 0.18955842373617837, 0.15710419644627163, 0.12949668255530047, 0.10657840448459711, 0.08797295709112894, 0.0731662483562204, 0.0615811574375218, 0.05263826997223241, 0.045799292932413, 0.040593183358628444, 0.03662743699041664, 0.03358823395681816, 0.03123337586374219, 0.029381481936847722, 0.02790008119761734, 0.02669433115052841, 0.025697296749472836, 0.024862128072236787, 0.024156091108136643, 0.02355620354217458, 0.02304615278562795, 0.022614179818030166, 0.02225165696948097, 0.02195214688075791, 0.02171078515851558, 0.021523876764730707, 0.021388631182214693, 0.021302987774860532, 0.02126549962294081, 0.021275256404317645, 0.02133183368755525, 0.021435261359824136, 0.02158600623513244, 0.021784966341071774, 0.022033474974679203, 0.02233331395980617, 0.02268673552971467, 0.02309649319668961, 0.02356588178464612, 0.024098787605568883, 0.024699749554078672, 0.025374032679815833, 0.02612771563262276, 0.02696779420212582, 0.027902303079383642, 0.02894045887654617, 0.03009282742756135, 0.031371519406043206, 0.0327904183480269, 0.034365446273762354, 0.03611487214502639, 0.038059669504276944, 0.04022392947865994, 0.04263533618857842, 0.04532571078952527, 0.048331630396132315, 0.05169512577913906, 0.05546445973738589, 0.059694982461233996, 0.06445005407838822, 0.06980201290267381, 0.07583315419990576, 0.08263666225437044, 0.09031741252389262]
8.000000000000167	1.3245404432127885	[0.09959165159248087, 0.10941026747242266, 0.12049022490648434, 0.13298162780708014, 0.14704198437592125, 0.16283183847502278, 0.1805082996361334, 0.20021600978854293, 0.22207512755762246, 0.24616603052079614, 0.27251067393243367, 0.30105091687539404, 0.3316246647844369, 0.3639413610444032, 0.3975591656157033, 0.43186697821889325, 0.4660751702403058, 0.49921926397537386, 0.5301806305872988, 0.5577273289015511, 0.5805763571445214, 0.5974758275560215, 0.6073021548725284, 0.6091637351581275, 0.6024995076198889, 0.5871590255756778, 0.5634509588278642, 0.5321497010128233, 0.49445488272062227, 0.4519053773049786, 0.4062566182081869, 0.35933620760649865, 0.31289649940189695, 0.26848317658228094, 0.22733570323152716, 0.19032962646549412, 0.15796340180922105, 0.13038533469980065, 0.10745080949088001, 0.08879710109812859, 0.07392291188177946, 0.06226187313834506, 0.05324270990551356, 0.04633259490060904, 0.041063580967318734, 0.03704439460974138, 0.03396114317617672, 0.03157076708847034, 0.02969064707643329, 0.02818698605327329, 0.026963704913163734, 0.02595281004115344, 0.02510659773967267, 0.02439167514552565, 0.02378456775933817, 0.02326860397793453, 0.022831766802985508, 0.022465244786041463, 0.02216246974292686, 0.021918483925577492, 0.02172952514064934, 0.021592754359528496, 0.021506075729945305, 0.02146801705983263, 0.02147765025866994, 0.02153453922485566, 0.0216387071409379, 0.021790618529023285, 0.021991172986719258, 0.022241709071935085, 0.022544017286378417, 0.022900361974095323, 0.023313512065075766, 0.02378678122626091, 0.02432407799699639, 0.024929967058198912, 0.025609742804563, 0.02636951697947956, 0.02721632220459314, 0.02815823388889533, 0.02920451315010723, 0.030365774123448243, 0.031654179259148145, 0.0330836670435085, 0.03467021684693071, 0.03643215647410596, 0.03839051818228993, 0.04056944967287139, 0.042996686380183995, 0.04570409157953068, 0.04872826965425162, 0.052111256666155986, 0.05590128896640418, 0.06015364638785116, 0.06493155874928588, 0.07030715446874979, 0.07636241439407743, 0.0831900742157361, 0.09089439056911577]
7.960000000000167	1.3335429858738537	[0.10019507169888167, 0.11003296103814046, 0.12112817582070484, 0.1336290516866707, 0.14769092775353404, 0.1634717480594956, 0.18112558373881343, 0.20079363052383523, 0.22259227533493653, 0.24659795386413344, 0.2728287508616442, 0.30122307179970875, 0.3316162343305203, 0.3637165070795194, 0.3970828964794072, 0.43110778750781376, 0.4650082100835966, 0.497829865866932, 0.5284678558383313, 0.5557071205980583, 0.5782837752568287, 0.5949658389432809, 0.6046485191144428, 0.6064557190528084, 0.5998364404265513, 0.5846430654542945, 0.5611787907162128, 0.5302041728853214, 0.49289771185309816, 0.4507719887543217, 0.4055538877567669, 0.3590434315436211, 0.3129693809609435, 0.2688601308806608, 0.2279454376778348, 0.19109883058371932, 0.15882348656593526, 0.13127745746500397, 0.10832881702500537, 0.089628422649429, 0.07468775097193217, 0.06295123133371622, 0.05385581983419872, 0.046874269111136325, 0.041541843789829606, 0.03746860348075628, 0.03434066306147236, 0.031914157348017946, 0.030005261620078556, 0.028478867453519387, 0.02723766121557216, 0.02621258481897217, 0.025355071140578146, 0.024631057558460474, 0.02401656719696532, 0.023494560512660696, 0.023052755426813367, 0.02268215107857196, 0.02237604435031259, 0.022129380998831487, 0.021938329515573764, 0.021800000690599446, 0.021712262364888792, 0.021673616179425814, 0.021683115731789205, 0.021740312753968365, 0.02184522346198184, 0.021998309803805183, 0.022200472839969034, 0.022453056232270122, 0.02275785914591909, 0.0231171579573749, 0.023533737057686556, 0.02401092892649813, 0.024552664405286966, 0.025163533951332084, 0.025848861382892305, 0.026614791514142987, 0.0274683938441075, 0.028417784417373977, 0.02947226881476893, 0.030642509260813064, 0.03194071976836237, 0.033380893325738244, 0.03497906613995708, 0.03675362401296021, 0.03872565691118175, 0.040919367628730205, 0.043362541134814886, 0.04608708036604822, 0.049129614028064685, 0.05253217957462012, 0.05634298227867474, 0.06061722569490254, 0.06541800241052163, 0.07081722237686285, 0.07689654223504865, 0.08374823738415248, 0.09147593274137372]
7.920000000000167	1.342661464937857	[0.10080280854041256, 0.11065958520568343, 0.12176955252643301, 0.13427926219481728, 0.1483418703876856, 0.16411271080914544, 0.1817428112623836, 0.20136992408877757, 0.22310667772523224, 0.2470255916350468, 0.2731409200325128, 0.3013876691791571, 0.33159863669117234, 0.36348099342127377, 0.3965946724138098, 0.4303356177587899, 0.4639275749652706, 0.49642645355371, 0.5267410751063685, 0.5536732094126473, 0.575977994648716, 0.5924432316626341, 0.6019827835937896, 0.6037359372947106, 0.59716167485848, 0.5821151904215057, 0.5588942689320064, 0.5282457673926869, 0.49132724807511136, 0.4496252133042307, 0.40483818860132714, 0.35873874325346206, 0.3130320770053453, 0.26922922385130854, 0.2285500664752484, 0.1918658871506414, 0.15968433343751953, 0.1321729732520733, 0.10921239402853321, 0.09046693418301688, 0.07546082065055974, 0.06364932353877396, 0.0544777195526652, 0.04742445464094086, 0.04202812148761335, 0.03790021641837504, 0.03472694380162022, 0.0322636903300444, 0.030325460503814395, 0.028775850775478794, 0.027516315982831687, 0.026476728358045706, 0.0256076479392757, 0.024874331611510717, 0.02425228980302654, 0.023724106059466354, 0.023277225887007594, 0.022902453304721893, 0.02259294594064519, 0.022343549879283497, 0.022150361974198753, 0.022010441167915257, 0.021921617783071647, 0.021882366428752447, 0.02189172175355824, 0.02194922286920991, 0.022054878686375467, 0.02220914834370038, 0.022412934190702807, 0.02266758488370795, 0.022974908176384742, 0.023337192445681307, 0.023757237529872337, 0.024238394735555894, 0.02478461722522361, 0.025400521264993644, 0.02609146011838444, 0.026863611687590657, 0.027724082334088185, 0.028681028692894486, 0.029743800698599797, 0.03092310848666334, 0.03223121734117615, 0.033682174333136757, 0.035292071899709176, 0.03707935301707364, 0.03906516424049167, 0.04127376198992836, 0.043732978846347734, 0.046474754954504635, 0.04953574021418987, 0.05295796956843721, 0.0567896123543468, 0.06108578992018087, 0.06590945042194787, 0.07133227677550233, 0.0774355913032708, 0.08431119745614214, 0.09206207518574404]
7.880000000000167	1.3518980290018214	[0.101414886861786, 0.11129015137725985, 0.12241435150497079, 0.13493223899701032, 0.148994773854296, 0.1647546687445875, 0.18235990418418324, 0.20194479188484052, 0.22361821636804435, 0.2474488065519675, 0.2734470276729339, 0.30154454106062334, 0.33157169359108485, 0.36323463473871176, 0.39609430546484004, 0.4295502815136706, 0.4628330816495159, 0.4950088497832348, 0.5250001191227286, 0.5516254339073843, 0.5736588618882946, 0.5899078586687758, 0.5993048067221265, 0.6010042515207544, 0.5944750743583443, 0.5795752631931633, 0.5565972535134248, 0.5262743389950449, 0.48974333806948805, 0.44846488765687437, 0.4041093470446983, 0.3584219599025018, 0.3130843998290915, 0.26959026970920724, 0.22914941506764694, 0.19263064320263018, 0.16054582123787248, 0.1330718008831758, 0.11010150443179402, 0.09131264591547437, 0.07624217468129209, 0.06435624106586771, 0.05510852970993, 0.047983292398965226, 0.04252256637315165, 0.03833938951746226, 0.03512013927977597, 0.03261951364155353, 0.030651382636314818, 0.02907806530499215, 0.027799788894285377, 0.026745351495414568, 0.025864431145329502, 0.02512159371046494, 0.02449182647162055, 0.0239573270709529, 0.023505261017729553, 0.023126231445053966, 0.022813252174010663, 0.022561066416283117, 0.022365696882549566, 0.022224149018593854, 0.02213421427786536, 0.022094339415937223, 0.022103539385035616, 0.02216134027892386, 0.02226774327168897, 0.02242320451806, 0.0226286274012517, 0.022885365523583202, 0.023195235077669654, 0.023560536468244013, 0.02398408489652684, 0.024469250567288735, 0.025020008914070583, 0.02564100209883895, 0.026337612782361873, 0.02711605202407918, 0.027983462959631392, 0.028948042818492916, 0.030019185699259942, 0.031207649515820012, 0.032525750440376096, 0.03398758924885626, 0.03560931389367468, 0.037409423738305324, 0.03940912067467472, 0.041632713310870005, 0.044108079753313996, 0.04686719492306622, 0.049946726582595594, 0.05338870327619796, 0.0572412532957205, 0.0615594098685883, 0.06640596921504713, 0.07185237867470087, 0.0779796157845938, 0.08487900046343855, 0.09265285406333151]
7.840000000000167	1.3612548780609222	[0.10203133090910392, 0.11192467040749546, 0.12306256792923978, 0.1355879604511078, 0.14964959755338259, 0.16539756181423884, 0.18297678146107846, 0.20251813256187332, 0.2241267691594555, 0.24786745807984314, 0.2737469157558055, 0.3016935159758235, 0.3315352222469952, 0.36297724216652155, 0.39558160315823254, 0.42875158793844664, 0.46172454253447287, 0.49357687416039486, 0.5232448144817765, 0.5495636297176743, 0.5713262196442072, 0.5873595701402564, 0.5966144432273277, 0.5982605206667143, 0.5917764988650869, 0.5770231437832248, 0.5542876011151437, 0.5242897393590229, 0.48814582514839416, 0.44729084549834386, 0.4033671858624103, 0.35809289525328114, 0.31312615786826936, 0.2699430787935036, 0.22974330472286494, 0.19339294165515247, 0.16140782471338755, 0.1339738554939475, 0.11099610904002571, 0.09216556574077617, 0.07703186550280008, 0.06507207495030061, 0.05574837180561137, 0.04855092509887134, 0.04302533347474164, 0.03878628217935374, 0.035520407200079124, 0.032981778878180754, 0.030983171066681626, 0.029385644327574487, 0.02808820356792671, 0.027018568723195937, 0.026125527296192372, 0.025372943486467046, 0.0247352712146939, 0.02419431285476114, 0.023736946448414422, 0.02335356806489033, 0.02303704327964221, 0.02278200886244496, 0.02258441102521148, 0.02244119975541494, 0.022350126462364447, 0.022309608959487356, 0.0223186419423018, 0.022376737854317888, 0.022483889888840307, 0.022640550830392694, 0.022847625021938336, 0.023106470767961875, 0.0234189127243348, 0.02378726316709713, 0.024214352742737373, 0.024703570448842593, 0.02525891410078734, 0.02588505166965914, 0.026587395322217273, 0.027372189168689928, 0.02824661318540691, 0.029218905017160443, 0.030298502891817163, 0.03149621217188356, 0.03282439969202982, 0.034297219335758834, 0.035930874018267514, 0.03774391845130923, 0.03975760878180492, 0.04199630407117446, 0.04448792604807139, 0.0472644816209154, 0.05036265328642148, 0.05382445886780164, 0.05769798073819649, 0.06203815756048187, 0.06690762640609854, 0.07237758985829222, 0.07852867058778543, 0.08545169264038953, 0.09324830567684314]
7.800000000000167	1.3707342649982697	[0.1026521647924253, 0.11256315212030903, 0.12371419610239477, 0.13624640298900484, 0.15030629924529462, 0.16604132712197872, 0.1835933596859889, 0.20308984107881345, 0.2246322110490445, 0.2482814013211205, 0.2740404229486328, 0.30183441767403696, 0.3314890364677238, 0.36270862190757525, 0.3950563697267715, 0.42793934133915007, 0.4606017669582491, 0.49213034163066105, 0.5214749849537351, 0.5474876280604393, 0.5689799079209005, 0.5847982120695587, 0.593911545235471, 0.595504599694837, 0.5890658056974944, 0.5744586884213235, 0.5519651656887432, 0.5222918165036715, 0.4865345497534228, 0.4461029168795158, 0.4026115246484435, 0.35775135924582707, 0.31315715590640153, 0.27028745728723813, 0.23033155260529004, 0.19415262110065368, 0.16227021450135887, 0.13487904837776132, 0.11189616541683442, 0.09302569912366453, 0.07782994409051083, 0.06579691591504032, 0.05639736807823752, 0.04912749731358543, 0.04353658047738282, 0.039241057255081854, 0.0359279090798946, 0.033350641834785456, 0.03132097300877849, 0.02969872537614215, 0.028381687594225654, 0.027296498446811066, 0.026391046485033445, 0.02562848404796766, 0.024982721178052357, 0.024435155811878197, 0.02397237060905677, 0.02358454853749001, 0.023264402054502552, 0.02300645808278178, 0.022806583601377828, 0.022661671373669614, 0.022569431265997326, 0.02252825127458709, 0.022537104995453507, 0.022595490806785898, 0.02270339342423144, 0.02286126208821014, 0.0230700017963439, 0.023330975515475322, 0.023646016173457, 0.02401744795635906, 0.0244481168332735, 0.024941430676831206, 0.025501409595886076, 0.026132747465897218, 0.02684088587003881, 0.02763210204163299, 0.0285136126610588, 0.029493695787416306, 0.030581833528430264, 0.031788878545643516, 0.03312724787629204, 0.03461114809940416, 0.03625683627670505, 0.03808292162313193, 0.04011071315330415, 0.04236461885441437, 0.04487260181163818, 0.04766669835942459, 0.05078360216326452, 0.05426531626251077, 0.058159871707076254, 0.06252210646270348, 0.06741449059492775, 0.07290797314629187, 0.0790828110688811, 0.08602932072901114, 0.09384846610159336]
7.760000000000167	1.3803384971272121	[0.10327741200823469, 0.11320560576132191, 0.12436922884269613, 0.13690754166989164, 0.15096483427610327, 0.16668589960704627, 0.18420955213563414, 0.20365980953408216, 0.22513441289887431, 0.2486904880122066, 0.274327383283425, 0.3019670662844987, 0.3314329451496056, 0.3624285765397075, 0.39451840446549075, 0.42711334256946687, 0.45946455947157594, 0.4906690639290654, 0.5196904497554673, 0.5453972571589273, 0.5666197624212815, 0.5822236275996288, 0.5911959608109846, 0.5927363407813933, 0.5863428483244698, 0.5718817505353266, 0.5496297974907198, 0.520280415536253, 0.4849093486750624, 0.44490092869477804, 0.401842179211315, 0.357397158249453, 0.31317719462064214, 0.2706232072997198, 0.23091397145163636, 0.19490951578034588, 0.16313285691288684, 0.13578728689185504, 0.11280162775359294, 0.09389304897554335, 0.07863645990442135, 0.066530854250889, 0.05705564153659441, 0.04971315538946857, 0.04405646784215057, 0.039703881006738086, 0.03634281044744449, 0.03372626250656195, 0.03166494009265241, 0.03001745025225984, 0.02868037281254006, 0.02757926300735307, 0.02666110263937586, 0.02588832199343742, 0.02523427690933768, 0.024679951437540554, 0.02421162498271958, 0.023819261036122037, 0.02349541410001673, 0.023234497542457697, 0.023032296447235596, 0.02288564433851599, 0.022792208144366565, 0.022750344962664773, 0.022759006567649356, 0.022817676681015028, 0.022926331169669575, 0.02308541540000792, 0.02329583484374339, 0.02355895694780275, 0.023876622841217224, 0.02425116852534101, 0.024685455284972006, 0.025182909821805485, 0.025747574561255145, 0.026384169251857246, 0.027098164911516776, 0.027895871840179144, 0.02878454339086779, 0.029772497900454595, 0.030869261210505556, 0.03208573298428625, 0.033434380103936095, 0.03492946126529272, 0.036587286962060955, 0.03842651987332164, 0.040468520596097395, 0.04273774428441901, 0.04526219321825953, 0.048073930316067714, 0.05120965695654658, 0.05471135698956667, 0.05862700486171002, 0.0630113312922753, 0.06792663164009737, 0.07344359212508765, 0.07964209334876478, 0.08661193161620637, 0.09445337156070141]
7.720000000000167	1.3900699377877164	[0.10390709569547263, 0.11385203962900423, 0.12502765778608987, 0.137571349703738, 0.15162515594223308, 0.16733121144652685, 0.18482526921426506, 0.20422792643897872, 0.2256332420225151, 0.24909456566821916, 0.27460762680257045, 0.3020912773444031, 0.3313667530311602, 0.36213690395142367, 0.39396750258176844, 0.42627338790891706, 0.4583127207498682, 0.4891928484402339, 0.5178910244703255, 0.5432923411224162, 0.5642456154074925, 0.5796356559578958, 0.5884675346971836, 0.5899555923409137, 0.5836074769517188, 0.5692921799066488, 0.5472813435188625, 0.5182553779764181, 0.48327005536642653, 0.44368470418959594, 0.40105896179017536, 0.3570300947298773, 0.31318607070605214, 0.2709501266393502, 0.23149036959793404, 0.19566345540823243, 0.16399561386790174, 0.13669847430590573, 0.11371244674267723, 0.09476761553645295, 0.07945146074993023, 0.06727397976084527, 0.057723315856204264, 0.05030804747755586, 0.04458515876503737, 0.040174923228472166, 0.036765280861681696, 0.03410880528012817, 0.03201522842455485, 0.03034196525680268, 0.02898439538595474, 0.02786698892401712, 0.026935813592351802, 0.026152567647721926, 0.025490042417559665, 0.02492879854367776, 0.024454804152978616, 0.02405779674121863, 0.023730167860740076, 0.023466213500137424, 0.023261634069799076, 0.02311320176670883, 0.02301853911138154, 0.022975971183526192, 0.02298442716753285, 0.023043375519226243, 0.023152782856082493, 0.02331309033307252, 0.023525203694391716, 0.023790494682351768, 0.024110812539528476, 0.024488504987311914, 0.0249264486041077, 0.025428088874238256, 0.025997490547366716, 0.02663939921197597, 0.027359315321776396, 0.028163582182226265, 0.0290594897666389, 0.03005539654396464, 0.03116087191662619, 0.03238686223640318, 0.03374588383672929, 0.03525224692602217, 0.03692231466672437, 0.03877480212428488, 0.040831120126811865, 0.043115769180096235, 0.04565678850871537, 0.048486264695397546, 0.051640903260769276, 0.055162664357662136, 0.05909946040372463, 0.06350590819777718, 0.06844412051910244, 0.07398451134569795, 0.08020657411225571, 0.08719957255601628, 0.0950630581481911]
7.680000000000167	1.3999310079929017	[0.10454123851090345, 0.11450246112259864, 0.1256894732128275, 0.13823779849798004, 0.1522872152654914, 0.16797719210840772, 0.1854404181768676, 0.20479407678593817, 0.22612856185863955, 0.24949347767406277, 0.274880979186748, 0.3022068619161464, 0.3312902602803783, 0.361833397482393, 0.3934034547491712, 0.4254192692184761, 0.45714604712609036, 0.48770149836023763, 0.5160765205811787, 0.5411727001092146, 0.5618572952627244, 0.5770341326185526, 0.58572610793354, 0.5871621991815074, 0.5808595382050324, 0.566689822800256, 0.5449196472493317, 0.5162165418338194, 0.4816164997090929, 0.4424540629662558, 0.4002616808314204, 0.35664996718585756, 0.3131835766625523, 0.2712680087032712, 0.23206055078626356, 0.19641426503891143, 0.16485834272860533, 0.13761250966626115, 0.11462856944210471, 0.09564939625261808, 0.0802749926847657, 0.06802638167379225, 0.058400515347330366, 0.050912323506310544, 0.045122819219929396, 0.04065435728727322, 0.03719549402652024, 0.034498439031050675, 0.03237199875130476, 0.030672421320049142, 0.029293895988526605, 0.0281598070326508, 0.027215301270947862, 0.026421335193489784, 0.025750125350484168, 0.025181799377311048, 0.024702005967028897, 0.02430024994611399, 0.02396875477436739, 0.023701695104045125, 0.023494683786504704, 0.023344429516187298, 0.023248508871028705, 0.02320521374096555, 0.02321344991518886, 0.02327266994446187, 0.02338283077511656, 0.023544368995425793, 0.023758190407813583, 0.02402567085336529, 0.024348667591792772, 0.02472953995993842, 0.02517117980019164, 0.025677051324209006, 0.026251241605521856, 0.026898522029427465, 0.027624422476308023, 0.028435319183246464, 0.02933853867737763, 0.030342479396545545, 0.0314567541108238, 0.03269235552262838, 0.03406184899391179, 0.03557959560643714, 0.03726201038642611, 0.03912785965866375, 0.041198603072388866, 0.04349878460205633, 0.04605647808629082, 0.04890379076108583, 0.05207742861135968, 0.05561932346770879, 0.05957732015918129, 0.0640059147472758, 0.06896702940149138, 0.07453079628060115, 0.08077631067152384, 0.08779229108880211, 0.09567756188333412]
7.640000000000167	1.409924188136017	[0.10517986265574862, 0.11515687662184883, 0.1263546640608866, 0.13890685749256904, 0.15295096099679675, 0.16862376814080576, 0.18605490312878822, 0.205358141793677, 0.226620231973694, 0.2498870629905399, 0.27514726176830406, 0.30231362626285396, 0.3312032625254823, 0.361517845579735, 0.39282604715931746, 0.42455077359023935, 0.4559643306620164, 0.48619481235058115, 0.5142467455517281, 0.5390381499912418, 0.559454626565962, 0.5744188889791682, 0.582971517905305, 0.5843560021948058, 0.5780988751437588, 0.5640745216753756, 0.5425445486168677, 0.5141637413534011, 0.47994850797276334, 0.44120882077462376, 0.3994501409374199, 0.3562565699820767, 0.3131695007296909, 0.27157664233372963, 0.23262431407382958, 0.19716176492635323, 0.16572089617722857, 0.13852928765114003, 0.11554993913559827, 0.09653838564547522, 0.08110709989434221, 0.06878814856003611, 0.05908736488305646, 0.05152613517240761, 0.045669617961966495, 0.04114236019709594, 0.03763362786707068, 0.03489533726585417, 0.032735416587098436, 0.031008974183081905, 0.02960901995443941, 0.028457852679079302, 0.027499691845426253, 0.026694742858490713, 0.02601463713284047, 0.02543905979408329, 0.024953331659919937, 0.024546718216092847, 0.024211269383901807, 0.023941034538833193, 0.023731535828602966, 0.023579416323650727, 0.02348220491496767, 0.023438159213487072, 0.023446160636105107, 0.023505645286247007, 0.02361655987084916, 0.0237793361576908, 0.023994879663073933, 0.024264570230884203, 0.02459027292213091, 0.024974358681976176, 0.025419734474266212, 0.025929883276251717, 0.02650891437507027, 0.027161624999371577, 0.02789357433673213, 0.028711171567987956, 0.02962177959295222, 0.03063383673770136, 0.03175699882317555, 0.033002304643520095, 0.03438236802837296, 0.03591160036869691, 0.03760646759015846, 0.03948578622054625, 0.04157106313133589, 0.043886883948555014, 0.04646135456627035, 0.04932659992488587, 0.05251932251859939, 0.05608142129280124, 0.060060667592373516, 0.06451142999715893, 0.06949543163731828, 0.07508251337948468, 0.08135136092359613, 0.08839013508255024, 0.09629691863168396]
7.600000000000167	1.4200520197528628	[0.1058229895879543, 0.1158152917051861, 0.12702321755042398, 0.1395784944137973, 0.15361633914370945, 0.16927086347584008, 0.18666862445131657, 0.20591999927609847, 0.22710810738592915, 0.2502751566001774, 0.2754062907602576, 0.3024113723750185, 0.33110555000164277, 0.36119003239682584, 0.3922350606052414, 0.42366768399539995, 0.4547673581938755, 0.4846725852008478, 0.5124015018675128, 0.5368885029925584, 0.5570374291679888, 0.5717897529404372, 0.5802035974959554, 0.5815368388516431, 0.5753253265239707, 0.5614461155816127, 0.5401558834066587, 0.5120968073043609, 0.47826590233409216, 0.4399487896934878, 0.39862414249526407, 0.3558496934296616, 0.3131436266008895, 0.27187581181036446, 0.23318145360780085, 0.19790577044413246, 0.16658312203285375, 0.1394486984401895, 0.11647649518717076, 0.0974345751616618, 0.08194782459813395, 0.06955936820112046, 0.05978398988152876, 0.05214963586527981, 0.04622572660183863, 0.041639112613028786, 0.03807986469098513, 0.035299678176116185, 0.033105652437237364, 0.03135178448701403, 0.029929917532455004, 0.028761265818099388, 0.027789115988414145, 0.026972913007823375, 0.026283693214877404, 0.025700689337615813, 0.025208886086959596, 0.024797302455588425, 0.024457809553876362, 0.024184327084239714, 0.023972283543362536, 0.02381825385848582, 0.02371971771322371, 0.02367489700638174, 0.02368264804254219, 0.02374238963258827, 0.02385405791363424, 0.024018079305872447, 0.02423535892660061, 0.024507280274507673, 0.024835716218485102, 0.025223049067734822, 0.02567220097844353, 0.026186673503885313, 0.026770598240416173, 0.02742879808258181, 0.028166861606184545, 0.028991230721881353, 0.02990930471865093, 0.030929561495282757, 0.032061699804202995, 0.03331680402075746, 0.03470753608144387, 0.036248356844275305, 0.03795578237581426, 0.039848678034485774, 0.041948596530609915, 0.044280162956687026, 0.0468715129344914, 0.04975478572379739, 0.05296667662850045, 0.05654904662364713, 0.06054958797021098, 0.06502253439651018, 0.07002940192716124, 0.07563972992170917, 0.08193178352964454, 0.08899315252142374, 0.0969211642994656]
7.560000000000167	1.4303171073463257	[0.10647064047219898, 0.1164777105465554, 0.127695119718868, 0.14025267451312157, 0.1542832936129447, 0.16991839849127457, 0.18728147957391225, 0.20647952251448434, 0.22759203948540657, 0.25065758818898415, 0.2756578783324111, 0.3024998964765769, 0.3309969087760882, 0.3608497361575206, 0.3916302718286951, 0.42276977756006073, 0.45355491275408827, 0.4831346060852057, 0.5105405884662457, 0.5347235660023489, 0.5546055195540175, 0.5691465473462718, 0.5774221763072781, 0.5787045418242174, 0.5725387278168433, 0.5588044389967406, 0.53775348403922, 0.5100155660448588, 0.47656850142714724, 0.4386737774129451, 0.39778348201596136, 0.3554291232594165, 0.3131057335858157, 0.2721652964751684, 0.2337317586460713, 0.19864609182076323, 0.1674448631646609, 0.14037062753041432, 0.11740817288556936, 0.09833795306201507, 0.08279720687181717, 0.07034012756486356, 0.06049051615248568, 0.05278298074542793, 0.04679131950808574, 0.0421447990155554, 0.03853439115205131, 0.03571164490964684, 0.03348288180629188, 0.031701018098107235, 0.030256743913521057, 0.02907019135941312, 0.028083708901611038, 0.027255972486974218, 0.026557413088188563, 0.02596680156725892, 0.025468777727612833, 0.025052107216568822, 0.02470847646600884, 0.024431671404416325, 0.02421702338625146, 0.024061036994979555, 0.023961140706800443, 0.02391551960910296, 0.023923003729024273, 0.02398299407471612, 0.02409541549955988, 0.024260688875554878, 0.024479718455654307, 0.024753891359059116, 0.025085087939392035, 0.025475701926179227, 0.02592867042471745, 0.026447513664078843, 0.02703638534014453, 0.027700134117169997, 0.02844437773657919, 0.02927559090190607, 0.03020120899788295, 0.03122974945740562, 0.03237095351966108, 0.03363595091211644, 0.03503745096558625, 0.03658996345417007, 0.03831005343549932, 0.04021663403339802, 0.042331301966875665, 0.044678719940942455, 0.04728705045611935, 0.05018844407314637, 0.0534195845884358, 0.05702229034135733, 0.06104416817144372, 0.06553931008664714, 0.07056901605883839, 0.07620251435212586, 0.0825176375602546, 0.08960139189053178, 0.09755033436602169]
7.5200000000001666	1.4407221202745384	[0.10712283548658723, 0.11714413657649236, 0.1283703545449676, 0.14092936136420336, 0.15495176512612482, 0.17056629097393725, 0.18789336166206622, 0.20703658141386758, 0.22807187448478897, 0.25103418351097057, 0.2759018308309351, 0.3025789905928674, 0.3308771187618139, 0.3604967308963219, 0.3910114513763782, 0.42185682741858704, 0.4523267713428792, 0.4815806604480941, 0.5086637985188167, 0.5325431424022486, 0.5521587087384884, 0.5664890916656772, 0.5746270787646154, 0.5758589404496083, 0.5697389095930213, 0.5561493230199975, 0.5353371782618921, 0.5079198404195053, 0.47485611933122496, 0.43738358784049397, 0.39692795138254894, 0.35499464096881356, 0.31305559607249805, 0.2724448708695992, 0.23427501318607724, 0.19938253411891654, 0.1683059572459555, 0.141294955606144, 0.11834490329687095, 0.09924850423126562, 0.08365528459414216, 0.07113051260556291, 0.06120706995032507, 0.05342632657895201, 0.047366573975979126, 0.04265960760207612, 0.03899739852614888, 0.0361314255152835, 0.03386728555269528, 0.032056846084692454, 0.030589659627376115, 0.029384779153164946, 0.028383610722714003, 0.027544052600637036, 0.02683592068267071, 0.02623751402526398, 0.025733119062997092, 0.02531124065630765, 0.02496337497471336, 0.024683169501379117, 0.024465855255314785, 0.024307863766365328, 0.02420657062299271, 0.024160122553348918, 0.024167322470968935, 0.02422755267097183, 0.024340726334832426, 0.024507258221961634, 0.02472805157092599, 0.025004496750147397, 0.025338481577279866, 0.025732410940563645, 0.0261892369414671, 0.026712498278943023, 0.027306370819254053, 0.027975728799790753, 0.028726219179118842, 0.029564349214189486, 0.03049759036357772, 0.03153449924262112, 0.032684859405570456, 0.03395984536947128, 0.035372213426038294, 0.03693652134880924, 0.03866938232717072, 0.0405897557729277, 0.04271928089216014, 0.04508265567261954, 0.04770806698032901, 0.05062767309913348, 0.05387814237742104, 0.05750124518818818, 0.06154449705130323, 0.06606184059171573, 0.07111435131813755, 0.0767709358696329, 0.08310898296780708, 0.09021490163729264, 0.09818446443801683]
7.4800000000001665	1.4512697947028506	[0.10777959438001304, 0.11781457174730306, 0.12904890461317833, 0.1416085159412121, 0.15562169201807324, 0.17121445498908067, 0.18850416057596495, 0.2075910411497895, 0.22854745455927986, 0.2514047628121103, 0.27613795010818004, 0.3026484407699674, 0.3307459552264792, 0.3601307845129634, 0.3903783652523559, 0.4209286006649983, 0.451082706662448, 0.4800105279309906, 0.5067709211617449, 0.5303470300547554, 0.5496968039019525, 0.5638172001253475, 0.5718181255707885, 0.5729998590751849, 0.5669256987303815, 0.5534805939777836, 0.5329067900825218, 0.5058094486466901, 0.4731285662365124, 0.4360780202621541, 0.3960573382755971, 0.3545460232214162, 0.3129929837478222, 0.2727143043185113, 0.234810996014929, 0.20011489694870227, 0.1691662366700457, 0.1422215583435114, 0.119286613090825, 0.10016621006349426, 0.08452209323807974, 0.07193060824455656, 0.06193377778428517, 0.054079831832561535, 0.047951670093937596, 0.04318373050026234, 0.039469082642771484, 0.03655921325494918, 0.034259049869496475, 0.03241944509246355, 0.030928830546439894, 0.02970518439177299, 0.028688966530447942, 0.02783728951384038, 0.02711934436137114, 0.026512948622135695, 0.026002026558908, 0.02557481490128317, 0.02522261358204226, 0.024938927057036722, 0.024718882463180176, 0.024558835686758467, 0.024456107448762317, 0.024408804717316553, 0.024415702202141593, 0.0244761627358631, 0.02459008721847424, 0.02475788389625288, 0.024980454644427295, 0.025259192870110653, 0.02559599365061152, 0.025993272926405527, 0.026453997668252204, 0.026981724988098695, 0.027580652824456785, 0.028255680934752826, 0.029012485377417328, 0.029857605862215673, 0.030798549725837565, 0.031843912549631925, 0.03300351984634137, 0.0342885904925668, 0.03571192710436, 0.037288134668692165, 0.03903387341726254, 0.04096814770221164, 0.043112637427551406, 0.04549207366467903, 0.04813466481497163, 0.05107257344285131, 0.05434244812903569, 0.05798600609744743, 0.06205066519694605, 0.06659021118349724, 0.07166548615773471, 0.07734506483892797, 0.08370588014651316, 0.09083373064595035, 0.09882358967541534]
7.4400000000001665	1.4619629356261359	[0.1084409362794259, 0.11848901662457967, 0.12973075085036084, 0.14229009671520085, 0.15629300989762895, 0.17186280099249981, 0.1891137624539142, 0.20814276230912807, 0.22901861735578433, 0.25176914101240133, 0.27636603296542656, 0.3027080273062678, 0.33060318818063467, 0.3597516590534069, 0.38973077426652664, 0.4199848586721216, 0.44982248644229694, 0.4784239827075259, 0.5048617408175596, 0.5281350216255603, 0.5472196077267639, 0.561130681991568, 0.5689951330798554, 0.570127117281337, 0.564098917849593, 0.5507980735811873, 0.5304621392867807, 0.503684204414989, 0.4713856480524299, 0.4347568693848301, 0.39517142586625953, 0.35408304183877615, 0.3129176613544847, 0.2729733608704651, 0.23533948050329812, 0.20084297435598097, 0.17002552836112445, 0.14315030625712727, 0.12023322436807955, 0.1010910482957467, 0.08539766573702996, 0.0727404982331832, 0.06267076635792106, 0.05474365660579647, 0.04854679078112922, 0.04371736378818982, 0.039949644020856025, 0.03699520670237236, 0.03465836649449564, 0.032788997493593916, 0.03127442813583968, 0.03003156777835647, 0.028999926604229436, 0.028135824417347466, 0.027407817171055664, 0.026793231788462848, 0.02627562089967968, 0.025842946183766858, 0.025486304654272738, 0.025199053557264307, 0.024976211938841447, 0.024814057866528794, 0.024709854620787227, 0.024661668435646135, 0.0246682441956342, 0.024728924946860447, 0.024843598216289856, 0.025012665750540116, 0.025237027267989518, 0.025518079401921398, 0.025857723868084045, 0.0262583879344476, 0.026723052916596605, 0.02725529465047049, 0.027859332662191733, 0.02854009253407237, 0.029303278923161626, 0.030155464244208202, 0.031104191125427737, 0.032158094250661955, 0.033327040326011026, 0.034622292516527514, 0.036056698687049686, 0.03764491062355714, 0.039403634026003165, 0.04135191723144059, 0.04351147850422355, 0.04590708022348426, 0.0485669488620334, 0.051523248290899215, 0.0548126022598918, 0.05847667019646213, 0.0625627650475597, 0.06712450884899515, 0.07222250030801544, 0.07792497271394816, 0.0843083900340535, 0.09145792810751432, 0.09946774488581937]
7.4000000000001664	1.472804418959694	[0.109106878770294, 0.11916747127725663, 0.13041587138037397, 0.14297406071689003, 0.15696565024627007, 0.1725112370992093, 0.18972204803266715, 0.20869160239147905, 0.22948519402592885, 0.2521271294521825, 0.2765858689089574, 0.3027575267328363, 0.33044857989243054, 0.35935911288431915, 0.38906843137305325, 0.41902535939085056, 0.4485458706962721, 0.4768207958151899, 0.5029360344881939, 0.5259069068435792, 0.5447269158512865, 0.5584293436550688, 0.5661579110203602, 0.5672405316996051, 0.561258383377056, 0.5481015804085358, 0.5280030398645413, 0.5015439179947476, 0.46962716518149605, 0.43341992608233204, 0.39426999189872886, 0.3536054642237864, 0.31282938803452953, 0.2732217994626522, 0.23586023416040086, 0.20156655479482002, 0.1708836534939393, 0.14408106453843242, 0.12118465451095478, 0.10202299276709287, 0.0862820324554573, 0.07356026488853011, 0.06341816266712968, 0.05541796239314533, 0.049152122021128716, 0.04426070731159605, 0.04043928822878477, 0.03743960961628444, 0.03506543316598427, 0.03316569129638486, 0.031626629963719705, 0.030364095448589763, 0.02931664695155453, 0.028439803444819483, 0.02770147736101669, 0.027078494381415297, 0.02655402748503903, 0.02611575473980737, 0.02575456489205955, 0.025463662187042803, 0.025237954671005414, 0.025073638910284066, 0.024967919443917956, 0.024918819404283064, 0.024925053460110168, 0.024985943258152583, 0.025101363037884607, 0.025271706860790822, 0.025497872614213133, 0.025781259220149698, 0.026123775476789676, 0.02652785918759183, 0.026996506508733115, 0.027533311284325835, 0.028142515131397573, 0.02882906875705658, 0.0295987058864375, 0.030458030887962617, 0.03141462206531276, 0.03247715231635437, 0.03365552976487941, 0.03496106072050101, 0.03640663825155515, 0.03800695937697156, 0.039778774787697035, 0.04174117458268442, 0.04391591424383492, 0.04632778425373712, 0.04900502702540507, 0.05197980311929471, 0.0552887079140129, 0.05897333647078289, 0.0630808913873435, 0.06766482185226855, 0.07278547533424311, 0.0785107314705621, 0.08491657475297808, 0.09208754279283073, 0.10011696527519616]
7.360000000000166	1.4837971937047885	[0.10977743961925805, 0.1198499332347494, 0.13110424360203435, 0.14366036102782068, 0.1576395429203645, 0.1731596660487903, 0.19032889563578065, 0.2092374122090991, 0.22994701274156015, 0.2524785317211981, 0.2767972441963052, 0.3027967071139295, 0.33028188941437986, 0.35895289556485244, 0.38839108656260424, 0.4180498519517921, 0.4472526168006887, 0.4752007296936664, 0.5009935767905803, 0.5236624672084638, 0.5422185216170957, 0.5557129837353725, 0.563306266731869, 0.5643399117051977, 0.5584039091108194, 0.5453909263153739, 0.5255293028300483, 0.49938839341746993, 0.46785291460155226, 0.4320669753169974, 0.39335281010289636, 0.3531130519319287, 0.31272791817171436, 0.2734593730111966, 0.2363730190131889, 0.2022854206026968, 0.17174042751478075, 0.14501369280932944, 0.12214081594893514, 0.10296201338912596, 0.08717522079976146, 0.0743899892601452, 0.06417609354700388, 0.05610291244484986, 0.04976785240966874, 0.0448139652284879, 0.0409382254621983, 0.037892631636618254, 0.03548045322867415, 0.033549720943640976, 0.03198561931847838, 0.03070293981930826, 0.029639288921369748, 0.028749378529657556, 0.028000467987315286, 0.02736887252230858, 0.026837376029459365, 0.026393365612630105, 0.026027514933987663, 0.025732870593329342, 0.025504225325147487, 0.025337691637867827, 0.02523041272853103, 0.025180367361153037, 0.02518623840086951, 0.025247325544361175, 0.025363488721701036, 0.025535114138203086, 0.02576309714321568, 0.02604883897553445, 0.026394254986537552, 0.02680179364487726, 0.027274465513951428, 0.027815882617384984, 0.028430308265180382, 0.029122718453730084, 0.029898875554884595, 0.030765415995295625, 0.0317299532381699, 0.032801198369664296, 0.033989100224598966, 0.03530500800045363, 0.03676185893597072, 0.03837439464900001, 0.04015940926915882, 0.04213603343556297, 0.044326057506009924, 0.04675429796327106, 0.049449009662790026, 0.05244234647763041, 0.055770870288405466, 0.05947610665338391, 0.06360514050660604, 0.06821124076126563, 0.07335449358671234, 0.0791024148119594, 0.0855304962947278, 0.0927226244868068, 0.10077128480264787]
7.320000000000166	1.4949442841910658	[0.1104526350246617, 0.12053639927977616, 0.13179584202702785, 0.14434894894199907, 0.15831461351504403, 0.17380798780011758, 0.19093417801500343, 0.20978003896570274, 0.23040389498987443, 0.2528231472439127, 0.27699993759895836, 0.30282533211626106, 0.3301028678769467, 0.3585327523193773, 0.3876984818069493, 0.41705808139948464, 0.44594247426559963, 0.47356354298707454, 0.49903413477229, 0.5214014806394779, 0.5396942111618699, 0.5529813973590528, 0.5604400007471358, 0.5614250631438059, 0.5555353024477669, 0.5426659194901777, 0.5230407331709414, 0.49721743081436043, 0.4660626875327199, 0.4306977977864846, 0.39241964851177424, 0.3526055617069837, 0.31261300025443506, 0.2736858289457362, 0.23687759089753535, 0.202999348148029, 0.1725956597534008, 0.14594804498762481, 0.12310161601265926, 0.10390807582545718, 0.08807725527378801, 0.07522975071308428, 0.06494468591842043, 0.05679867132817985, 0.0503941735890523, 0.045377345594991, 0.04144667114776119, 0.03835448790753079, 0.03590363636672022, 0.03394128696107125, 0.032351586019331066, 0.03104827924332179, 0.029968020043842716, 0.02906470705364055, 0.028304937746285244, 0.02766450723720878, 0.027125801368216088, 0.02667590829132371, 0.02630528012496967, 0.02600680053089033, 0.02577514297087576, 0.025606332745422126, 0.025497449477330514, 0.025446425767654792, 0.025451911468752482, 0.025513183304437217, 0.025630086250075144, 0.025802998054685562, 0.026032811188857065, 0.026320928839072305, 0.02666927273296025, 0.027080301759600942, 0.027557040794810434, 0.02810311985314997, 0.02872282386676774, 0.02942115393244282, 0.030203900966443157, 0.031077733202830884, 0.032050299063511506, 0.03313034743029507, 0.034327867458027135, 0.035654250585873896, 0.037122477511107206, 0.03874733339133912, 0.04054565457512095, 0.04253661054374298, 0.044742024540546, 0.04718673639969128, 0.04989901030147311, 0.05291098941934754, 0.05625919743364264, 0.05998508451558882, 0.06413561111427803, 0.06876385755893097, 0.0739296392596182, 0.07970009705138882, 0.0861502177679292, 0.09336322258636794, 0.10143073767051526]
7.280000000000166	1.5062487923965555	[0.11113248042746887, 0.1212268643989021, 0.1324906392419665, 0.14503977266633103, 0.15899078451240492, 0.17445609795459127, 0.19153776371782782, 0.21031932438673878, 0.2308556571846834, 0.25316076911855584, 0.2771937222639694, 0.30284315858184596, 0.3299112605805861, 0.3580984213965936, 0.3869903533291903, 0.41604978591827363, 0.444615187098866, 0.4719089877403848, 0.4970574702607897, 0.5191237187586819, 0.5371537656358227, 0.5502343736428151, 0.5575589087673493, 0.5584957861081503, 0.5526523660370214, 0.539926362585514, 0.5205371311385615, 0.49503082492446127, 0.46425627036404127, 0.4293121687936456, 0.39147027005565355, 0.35208274466725803, 0.31248437718572164, 0.27390090864864464, 0.2373736995367529, 0.20370810745676993, 0.17344915332240918, 0.14688396905103956, 0.12406695670953667, 0.10486114137229655, 0.08898815719392206, 0.07607962693224957, 0.06572406650746623, 0.0575054050741731, 0.05103128002106592, 0.04595106066090724, 0.04196484578852313, 0.03882539950266888, 0.03633519851047302, 0.034340596472303024, 0.03272472635746604, 0.03140029856881027, 0.030303013979824305, 0.029385952413728784, 0.028615040916832656, 0.027965545008077058, 0.027419443388524117, 0.026963517235534844, 0.026587990439533637, 0.02628557835762192, 0.026050831003257523, 0.025879683272365443, 0.025769148810061464, 0.025717112249937918, 0.025722189091740916, 0.025783632080430826, 0.02590127048921989, 0.02607547304249023, 0.026307128906914036, 0.026597642885957454, 0.026948942832406807, 0.02736349785104611, 0.02784434696630651, 0.028395138033921248, 0.0290201774697104, 0.029724491317690668, 0.03051389886657882, 0.03139509993818651, 0.032375777637059816, 0.033464718272934194, 0.03467195084481071, 0.03600890840397739, 0.03748861429498313, 0.03912589616182864, 0.04093763123258865, 0.042943026124779224, 0.04516393483036774, 0.047625217861605645, 0.05035514542580475, 0.053385845942002075, 0.056753799968380064, 0.06050037634634676, 0.06467240395803933, 0.06932276617461017, 0.07451099789117208, 0.08030385371286251, 0.08677580274879497, 0.09400938679254393, 0.10209535749208488]
7.240000000000166	1.5177139003522742	[0.1118169902130933, 0.12192132195356814, 0.1331886055162378, 0.14573277750533864, 0.1596679747890347, 0.17510388796689855, 0.19213951649301783, 0.2108551049695106, 0.23130210997397668, 0.2534911844178873, 0.277378364933828, 0.3028499368849544, 0.3297068061444738, 0.35764963447911474, 0.38626643070374955, 0.41502469728012303, 0.4432704928846415, 0.470236809861032, 0.49506333895063503, 0.5168289473354242, 0.534596960328059, 0.5474716960892081, 0.5546627808553218, 0.5555518752591591, 0.5497548970622654, 0.5371720529500448, 0.5180182916340323, 0.4928283652353196, 0.4624334441479112, 0.42790985830255496, 0.3905044321574391, 0.35154434628620723, 0.3123417859603486, 0.27410434736734385, 0.23786108827464572, 0.2044114620627328, 0.17430070488461416, 0.14782130683891606, 0.12503673452192463, 0.10582116674108696, 0.08990794453859004, 0.07693969373212976, 0.06651436178198084, 0.05822328106146241, 0.05167936904048286, 0.04653532685445603, 0.04249297513926041, 0.039305593506748684, 0.03677536211023539, 0.0347478633489078, 0.03310524342903429, 0.03175918932189915, 0.030644450874997235, 0.029713284208451055, 0.028930937709347335, 0.028272137947206722, 0.02771844736017715, 0.027256332033384584, 0.026875780790826823, 0.026569335177807307, 0.026331417431816877, 0.02615786873409739, 0.026045634235797137, 0.02599254872500533, 0.025997191933839665, 0.02605879157988193, 0.02617716043746768, 0.026352657614631, 0.02658616851487508, 0.026879099214817185, 0.02723338341501169, 0.027651500222596014, 0.028136502623569863, 0.028692056157275554, 0.02932248856124801, 0.030032850663936038, 0.03082898992806985, 0.031717637529600134, 0.03270651094741773, 0.033804433530559355, 0.03502147360509726, 0.03636910517387151, 0.03786039336340705, 0.03951020720579993, 0.04133546339778525, 0.04335540392393631, 0.045591911294005937, 0.04806986393899914, 0.05081753467415469, 0.05386703299690627, 0.05725479126971044, 0.061022090922332774, 0.06521562200728093, 0.06988806240437585, 0.07509865653913508, 0.08091376139035104, 0.08740731545061241, 0.0946611668966747, 0.10276517745860932]
7.200000000000166	1.5293428726310432	[0.11250617767788408, 0.12261976354702867, 0.13388970873151085, 0.14642790567568786, 0.16034609951265083, 0.17575124491036354, 0.192739295161671, 0.21138721170590874, 0.23174305809467866, 0.2538141738780651, 0.2775536257940985, 0.30284541059643816, 0.3294892363539951, 0.3571861163319233, 0.3855264367074423, 0.413982540485278, 0.4419081226392674, 0.4685467487604582, 0.493051490264756, 0.5145169259388743, 0.5320235645340915, 0.5446931422602538, 0.5517514013089435, 0.5525931195269442, 0.5468426871169482, 0.5344027823557853, 0.5154840040763319, 0.4906098357287937, 0.46059398445095334, 0.42649063069366044, 0.3895218865606147, 0.35099010615139165, 0.3121849574706649, 0.2742958739755659, 0.23833949386368322, 0.20510916877136454, 0.1751501044299942, 0.14875989382303348, 0.12601084018612907, 0.10678810385347032, 0.09083663175737837, 0.07781002490846617, 0.0673156978305445, 0.05895246796213317, 0.052338640837855735, 0.047130364844425336, 0.043031290302699005, 0.039795303187594465, 0.03722435632671891, 0.03516330846153518, 0.033493347383411934, 0.03212514999761821, 0.030992517629320288, 0.03004687853606059, 0.029252794530793207, 0.028584444083253238, 0.028022964184065382, 0.027554497668115182, 0.027168791260097077, 0.026858207089540776, 0.026617035093451504, 0.026441019353454446, 0.026327033853180908, 0.026272861619935143, 0.02627704508618687, 0.026338785885931477, 0.026457879409888693, 0.026634674568167146, 0.026870052471811588, 0.02716542014571222, 0.027522716800843346, 0.02794443135541679, 0.02843363051475297, 0.028993997365932483, 0.029629880751931747, 0.030346356141747164, 0.031149298916918988, 0.03204547138801978, 0.033042625037359975, 0.034149619871713714, 0.035376562954768445, 0.036734968577735, 0.038237942697102095, 0.03990039461929636, 0.041739278992399785, 0.04377387136692891, 0.04602608040738479, 0.048520799652255954, 0.051286300941766665, 0.05435467061044035, 0.0577622875517088, 0.06155033960698626, 0.06576537050121475, 0.0704598439828942, 0.07569270379194554, 0.08152989778774561, 0.0880448206915028, 0.095318612784635, 0.10344023025832387]
7.160000000000166	1.5411390589259963	[0.11320005487251156, 0.1233221790181567, 0.13459391416113417, 0.14712509627199805, 0.16102506985770693, 0.17639805142187628, 0.1933369532734418, 0.21191547001630054, 0.23217829997792103, 0.25412951183231886, 0.27771925803914976, 0.3028293164264244, 0.3292582756996766, 0.3567075847590896, 0.3847700868439415, 0.4129230337319767, 0.4405278003319019, 0.466838537329575, 0.491021666879758, 0.51218740790768, 0.5294333410929166, 0.5418984837292973, 0.5488245482174653, 0.5496193020370844, 0.5439155217890765, 0.5316183368983256, 0.5129340520261297, 0.48837501476074485, 0.45873766102463376, 0.425054244629044, 0.3885223790461364, 0.35041975781593426, 0.3120136162584153, 0.27447521080452214, 0.23880864623359127, 0.2058009774627648, 0.1759971350471003, 0.14969955888483533, 0.12698915847074743, 0.1077618996158123, 0.09177422958462599, 0.07869069205368144, 0.06812820025490894, 0.05969313564539439, 0.05300929846777657, 0.047736399560260975, 0.04358002786373257, 0.04029476812881702, 0.037682417270309014, 0.035587159894732504, 0.033889255728108386, 0.03249838631689189, 0.03134740822762304, 0.030386918260180917, 0.029580784312465636, 0.02890262761563498, 0.028333150702636953, 0.027858164753858394, 0.02746716738598482, 0.02715233540223337, 0.026907821922310032, 0.02672927026353923, 0.026613480604548014, 0.026558182064043062, 0.026561878309036936, 0.026623743642062877, 0.026743555271026752, 0.026921651163753325, 0.027158907703971537, 0.02745673239582964, 0.02781706971980374, 0.028242418080921684, 0.028735857756163472, 0.02930108911705229, 0.029942481986479884, 0.030665136203492673, 0.03147495489900983, 0.03237873116826278, 0.03338425020594269, 0.03450040815565215, 0.035737350302185895, 0.03710663040784754, 0.03862139437173712, 0.040296590485131664, 0.04214920988494529, 0.044198559681275965, 0.046466572373894614, 0.04897815355409948, 0.05176157053628825, 0.05484888196087952, 0.058276408002598146, 0.06208523639550752, 0.06632175706347454, 0.07103821058909554, 0.0762932298565926, 0.0821523416773766, 0.0886883839520855, 0.0959817743407844, 0.1041205481019397]
7.120000000000166	1.5531058967222071	[0.11389863270951008, 0.12402855613453238, 0.13530118456593218, 0.1478242848708236, 0.16170479309801797, 0.1770441852161561, 0.19393233920705044, 0.2124396991785747, 0.23260762786903313, 0.25443696556442913, 0.27787500802090975, 0.3028013835165314, 0.329013641558658, 0.3562137498529018, 0.3839970895545327, 0.4118458876437027, 0.43912924311342966, 0.4651119011672855, 0.48897360495569203, 0.5098401396030563, 0.5268260465970525, 0.5390874853796397, 0.5458819936315649, 0.5466301994710913, 0.540973180775332, 0.5288184964294399, 0.5103682132353278, 0.4861236745699186, 0.4568642377897412, 0.4236004526355136, 0.3875056493570486, 0.34983302844712555, 0.3118274803858769, 0.2746420733419947, 0.23926826831362244, 0.2064866308241433, 0.1768415727026882, 0.15064012407231525, 0.12797156793109396, 0.1087424957116084, 0.0927207448049878, 0.07958176441776336, 0.06895199399608555, 0.06044545514735111, 0.053691547777949176, 0.048353660295250664, 0.04413942993685573, 0.04080423446022067, 0.038149788150098556, 0.03601965327130815, 0.034293193542551524, 0.03287911160110233, 0.03170932397947423, 0.03073359339684006, 0.029915086748161686, 0.029226859290319353, 0.02864916992263547, 0.02816748988990061, 0.027771060368795057, 0.027451866967888077, 0.02720392113817378, 0.027022761818657766, 0.0269051124526784, 0.026848646183238435, 0.026851826200759495, 0.02691379833334882, 0.027034320598926, 0.027213719396561538, 0.027452865765495542, 0.02775316734219306, 0.028116573469772747, 0.028545591836830867, 0.029043315987845948, 0.02961346343275511, 0.030260424696197063, 0.03098932382902921, 0.03180609138819277, 0.032717551010186516, 0.033731521150483786, 0.034856933668894814, 0.0361039713816054, 0.037484226797971344, 0.03901088467950032, 0.04069893109806124, 0.04256539199625823, 0.04462960411372076, 0.04691352120845675, 0.04944205793722152, 0.0522434732337546, 0.055349793573751756, 0.058797274804668016, 0.06262689809528092, 0.06688489167674767, 0.07162326400918706, 0.07690032647778873, 0.08278117304390696, 0.08933807122865292, 0.09665070157257372, 0.10480616249985379]
7.080000000000166	1.565246914063691	[0.11460192065873002, 0.12473888072713946, 0.13601147979371933, 0.1485254036636858, 0.16238517210706344, 0.17768951922870516, 0.19452529557317313, 0.2129597124937117, 0.23303082714008874, 0.25473629550754806, 0.2780206144828793, 0.3027613336768205, 0.328755043366039, 0.3557043142654091, 0.3832071453466269, 0.4107508055632856, 0.4377121604266094, 0.4633665588794675, 0.4869070332572595, 0.5074748606935457, 0.5242014305570538, 0.5362599056574399, 0.542923502800451, 0.5436255822714844, 0.5380154372095095, 0.5260030346990562, 0.5077862590704635, 0.48385558134351686, 0.454973472345498, 0.42212900108687135, 0.386471430778569, 0.34922963872854673, 0.3116262610729971, 0.2747961700659217, 0.23971807571519455, 0.20716586413000557, 0.17768318596167376, 0.15158140434527184, 0.1289579406682573, 0.1097298283406107, 0.09367618007183932, 0.08048330868446281, 0.06978720324814908, 0.06120959853198505, 0.05438559745224615, 0.048982380683858816, 0.044709744348920444, 0.041323954951939745, 0.03862671957575549, 0.03646103193519935, 0.03470539385771243, 0.03326754700336446, 0.03207847393254328, 0.031087101358626495, 0.030255888708113576, 0.029557316634837533, 0.02897119141133243, 0.028482635877853345, 0.02808062744274074, 0.02775695438038629, 0.027505481595325548, 0.027321639779469095, 0.02720207270967565, 0.027144395275383315, 0.027147028510553627, 0.02720908845551959, 0.02733031298500957, 0.027511016161351355, 0.027752063128094525, 0.028054861183927842, 0.028421364198093886, 0.028854088826938976, 0.02935614164837265, 0.02993125705698093, 0.0305838460681284, 0.03131905667861152, 0.032142846610452844, 0.03306206968597674, 0.03408457722598033, 0.035219336264527834, 0.03647656650763836, 0.03786789835148714, 0.03940655437792195, 0.0411075570776025, 0.04298796554149159, 0.04506714402243352, 0.04736706497099998, 0.04991264889924525, 0.0527321425014394, 0.055857535351516045, 0.05932501334413113, 0.06317544431078422, 0.0674548868773383, 0.07221510806605998, 0.07751408711555083, 0.08341647294674195, 0.08999394919345569, 0.09732544439453984, 0.10549710440710192]
7.040000000000166	1.577565732421622	[0.11530992679310444, 0.12545313642785552, 0.1367247567975021, 0.14922838111160813, 0.16306610535589136, 0.17833392118886457, 0.19511565920258991, 0.21347531678403023, 0.23344767628059415, 0.25502725467924836, 0.2781558085648814, 0.30270888077313457, 0.3284821826413773, 0.3551789725657132, 0.3823999468430617, 0.4096374828979084, 0.4362762540709748, 0.4616022214275112, 0.48482167321923036, 0.5050913035196972, 0.5215592354476799, 0.5334154959625297, 0.5399488341805306, 0.5406052140686773, 0.5350420576239668, 0.523171718830517, 0.5051879544292398, 0.48157049475398783, 0.4530651158517948, 0.4206396298097747, 0.3854194499956671, 0.34860930252972505, 0.3114096625309703, 0.2749372021587151, 0.24015777653365883, 0.20783840497727082, 0.17852173575165703, 0.1525232073189729, 0.1299481420684771, 0.11072382798456669, 0.09464053365896828, 0.08139538879894909, 0.07063395127639482, 0.061985738829064926, 0.05509165894302994, 0.04962279878079933, 0.04529122470438033, 0.04185418923189409, 0.039113469739305635, 0.0369115472741313, 0.035126097915033606, 0.03366392189016906, 0.03245507516571554, 0.03144764735407158, 0.030603384534046294, 0.029894184348540933, 0.029299391576323795, 0.02880377209047953, 0.02839603213536774, 0.028067756320525456, 0.02781265802328807, 0.02762605563676589, 0.027504510263147142, 0.027445576116802813, 0.02744763035418261, 0.0275097578079641, 0.02763167524251355, 0.02781368353494968, 0.028056641384215125, 0.028361955216408146, 0.028731583100541844, 0.029168050288442618, 0.02967447616990441, 0.030254611716952273, 0.030912888235849274, 0.03165447734894834, 0.032485363689449404, 0.03341243085077187, 0.03444356262378053, 0.03558776060686016, 0.03685528074471848, 0.03825779037898811, 0.03980854884696012, 0.0415226135968553, 0.04341707517066453, 0.045511323094680874, 0.04782734588518897, 0.050390066546202754, 0.053227715588254676, 0.05637224075920583, 0.05985975226543698, 0.06373099760735108, 0.06803185776451916, 0.07281384875710549, 0.07813460689995928, 0.08405832362842063, 0.09065608508514353, 0.09800605270521928, 0.1061934040406546]
7.000000000000166	1.590066069666191	[0.11602265773701675, 0.1261713045026922, 0.13744096953454607, 0.1499331417152047, 0.1637474867675232, 0.1789772533316994, 0.19570326096424354, 0.21398631205569493, 0.2338579466898622, 0.2553095883059433, 0.2782803135805524, 0.30264373032520653, 0.32819475275997845, 0.35463741082244177, 0.3815751785525707, 0.40850560669515557, 0.4348212179750112, 0.45981859170650197, 0.4827172387215545, 0.502689192683136, 0.5188991964870083, 0.530554000256712, 0.536957739218878, 0.5375688513142227, 0.5320528017355253, 0.5203243089796015, 0.5025730575240517, 0.47926816763990704, 0.45113891280438856, 0.4191320717805842, 0.38434942685573764, 0.34797172661380665, 0.3111773817108902, 0.27506486322159596, 0.24058707108273025, 0.2085039730028612, 0.17935697508532336, 0.1534653329873604, 0.13094203052581121, 0.11172441915393704, 0.09561379921446121, 0.08231806577597571, 0.07149236024927466, 0.06277404995022405, 0.05580994642488734, 0.05027515711684044, 0.045884130479060675, 0.04239520398107917, 0.03961030463299119, 0.03737145902317685, 0.03555555546837136, 0.03406847420736162, 0.032839353130169564, 0.031815444773967194, 0.030957776384569542, 0.030237654681258067, 0.02963395399576086, 0.02913107482958653, 0.028717444575985802, 0.028384437890475196, 0.028125611314360532, 0.027936166925051735, 0.027812579846737, 0.02775234125912143, 0.027753782471699576, 0.027815955777708005, 0.02793855565479523, 0.028121869050380412, 0.028366747488278287, 0.028674596097632402, 0.02904737665690356, 0.029487622751875747, 0.029998466208756767, 0.030583674377331813, 0.031247698505004695, 0.031995733621665794, 0.032833790866410716, 0.03376878328494383, 0.03480862658458755, 0.035962356406426, 0.037240264111277954, 0.038654053124226276, 0.04021701828161993, 0.04194425059684359, 0.043852870146087644, 0.045962289546168295, 0.04829451049601601, 0.0508744551725706, 0.05373033365680129, 0.056894046979972614, 0.06040162357108265, 0.06429368363631796, 0.0686159220606184, 0.07341959434270712, 0.0787619826437304, 0.08470680856046878, 0.09132454666648829, 0.09869257638554232, 0.10689509077646009]
6.960000000000166	1.6027517431468836	[0.11674011839135993, 0.12689336391462083, 0.13816006859809732, 0.1506396060550891, 0.16442920525450713, 0.17961937242628492, 0.19628792521314686, 0.21449249152738897, 0.23426140204506693, 0.2555830338640275, 0.2783938443196619, 0.30256557956867375, 0.3278924382065889, 0.354079306688585, 0.3807325160937834, 0.40735485574507807, 0.43334673741059176, 0.45801536465247267, 0.48059343531507304, 0.5002682451432937, 0.5162210408939352, 0.5276751551339935, 0.5339499616608832, 0.5345162433112081, 0.5290474218172045, 0.5174605583163755, 0.4999413193255068, 0.4769483459358739, 0.4491946005510216, 0.4176060530043744, 0.3832610739513819, 0.34731661046897355, 0.31092910794121, 0.27517883906126606, 0.24100565157076312, 0.20916227962833575, 0.18018864876239252, 0.15440757343494343, 0.13193945717100922, 0.11273152009353572, 0.09659596554162982, 0.08325139744635243, 0.07236255111583643, 0.06357470653100285, 0.056540676811471284, 0.05093970267484724, 0.04648872719368151, 0.04294727304793391, 0.04011749836146961, 0.03784103548875327, 0.03599402519145454, 0.03448145076880741, 0.033231542102862895, 0.03219071550263456, 0.031319274695568756, 0.03058792773904052, 0.02997506986260496, 0.029464727613265847, 0.029045041914670583, 0.028707170880231087, 0.028444508916852254, 0.028252137471243558, 0.028126442410897158, 0.02806484926470278, 0.028065641579950378, 0.028127837565570187, 0.02825110831333464, 0.02843572591655486, 0.02868253408314518, 0.028992936063085728, 0.0293688969480922, 0.029812958251782283, 0.0303282639546759, 0.030918597446517315, 0.03158842965568128, 0.032342978664305605, 0.0331882817959902, 0.034131281088164524, 0.03517992368763837, 0.036343278604710955, 0.03763167186149268, 0.03905684193620661, 0.040632117964864004, 0.042372622941656904, 0.04429550460434819, 0.04642019625370695, 0.048768709918061925, 0.0513659633646201, 0.054240142014441155, 0.05742309498087427, 0.06095076283150722, 0.06486363115368968, 0.06920720029559262, 0.0740324553071935, 0.07939631299771327, 0.08536201233561533, 0.09199940234825944, 0.09938506511181533, 0.107602193241365]
6.920000000000166	1.6156266728859305	[0.11746231203092389, 0.12761929096560531, 0.138882001290311, 0.1513476903312806, 0.1651111447768157, 0.18026012921399417, 0.19686946984570994, 0.21499364097476883, 0.23465779836726405, 0.25584732034314855, 0.2784961071356809, 0.3024741166540756, 0.32757491468964, 0.3535043285561684, 0.3798716263334312, 0.40618489971257277, 0.4318524891445387, 0.4561922263758648, 0.4784499603699953, 0.49782816937557633, 0.5135244880146794, 0.5247786890254463, 0.5309252376371271, 0.5314471314839245, 0.5260256627322089, 0.5145802123719249, 0.49729248353668043, 0.47461076810157343, 0.4472319092055177, 0.4160612920242428, 0.38215409647824233, 0.34664364588861607, 0.31066452273396594, 0.2752788073252533, 0.2414132018586736, 0.2098130277328284, 0.18101649308455353, 0.1553497125378372, 0.13294026556072505, 0.11374504252335112, 0.09758701630115865, 0.08419543827420362, 0.0732446433764152, 0.06438788387281122, 0.05728406964710209, 0.05161668699083488, 0.047105286451423437, 0.04351067770932973, 0.04063533331312035, 0.038320553936553335, 0.03644177494323368, 0.03490310772087482, 0.03363188549881843, 0.0325736904109639, 0.03168809850162475, 0.030945211972166285, 0.03032293829326023, 0.02980492164159893, 0.029379008610133775, 0.02903613420589073, 0.028769525102735664, 0.02857413780700796, 0.028446265374391447, 0.02838326509702462, 0.028383370612428932, 0.028445564558797817, 0.028569493349511997, 0.02875541337674825, 0.02900415972612397, 0.029317133272817143, 0.029696301877524284, 0.030144214664399302, 0.030664027347754415, 0.03125953910628473, 0.03193524015419982, 0.032696371352695514, 0.0335489957515041, 0.034500083994700614, 0.035557614047159035, 0.03673068768197068, 0.03802966466984628, 0.03946631756848725, 0.041054008436152395, 0.042807890707494425, 0.04474513770349771, 0.046885201031547946, 0.049250099954640594, 0.05186474426087684, 0.05475729019624814, 0.05795952975372588, 0.061507309222236003, 0.06544097223732133, 0.06980581578744334, 0.0746525445484545, 0.08003769836282859, 0.08602402082684374, 0.09268072102091761, 0.10008356848306064, 0.10831473905395898]
6.880000000000166	1.6286948848882847	[0.11818923995626063, 0.12834905940882455, 0.1396067111642232, 0.15205730645749155, 0.16579318377241903, 0.1808993684966956, 0.197447705623481, 0.21548953882635624, 0.2350468832490409, 0.2561021683625308, 0.27858679909347955, 0.3023690207917109, 0.32724184822929464, 0.352912135730107, 0.3789921664380054, 0.404995399331901, 0.4303381404791731, 0.4543488543607481, 0.47628650213161317, 0.4953686655548099, 0.5108092484192523, 0.521864322345965, 0.5278832948231562, 0.5283612494704403, 0.5229872611741572, 0.5116830090655695, 0.4946262859237456, 0.472255165079919, 0.44525056107078276, 0.41449749981294026, 0.3810281917442387, 0.3459525168020201, 0.31038329936652537, 0.27536443727666393, 0.24180939709528393, 0.21045591137615718, 0.1818402355278568, 0.15629152564618945, 0.13394429138561337, 0.11476489130849293, 0.09858692977872499, 0.08515023906476034, 0.07413875495568929, 0.06521375774829524, 0.05804034713148721, 0.052306366100960754, 0.047734086135044596, 0.0440857067677999, 0.04116410051294103, 0.0388103008115913, 0.0368990822313544, 0.035333710838438066, 0.03404063639160755, 0.032964609682545026, 0.03206447596920694, 0.03130972449938422, 0.030677766845999276, 0.03015185610319559, 0.029719536921333178, 0.029371514194713698, 0.02910084143046377, 0.02890234543492585, 0.028772223061202563, 0.02870776037254952, 0.028707139134611336, 0.02876930457291386, 0.028893877332512145, 0.029081096943490287, 0.029331789272836483, 0.029647352041125452, 0.0300297555435288, 0.030481555932741964, 0.0310059204412357, 0.03160666353190897, 0.0322882945075268, 0.03305607648488486, 0.03391609797156117, 0.03487535757910119, 0.035941863651217196, 0.0371247498517113, 0.038434408961567135, 0.03988264635847025, 0.04148285581213783, 0.04325021934160279, 0.04520193393195851, 0.04735746676344355, 0.04973884139215286, 0.05237095564927015, 0.05528193224137959, 0.05850350036769969, 0.0620714057783936, 0.06602584228383696, 0.0704118948709537, 0.07527997730687902, 0.08068624108970113, 0.08669292103554627, 0.09336857222328164, 0.10078813577615055, 0.10903275496293693]
6.840000000000166	1.6419605145741059	[0.1189209017139679, 0.12908263992590693, 0.14033413823605506, 0.15276836140467748, 0.166475195374276, 0.1815369283466076, 0.19802243640987033, 0.21597995524689803, 0.2354283961254034, 0.2563472891422603, 0.2786656082841645, 0.3022499611317941, 0.32689289551748646, 0.35230237724378116, 0.3780937842695114, 0.4037860051889655, 0.4288033496641055, 0.4524849162488067, 0.474102740121443, 0.49288942437761735, 0.5080750242629624, 0.518931766389798, 0.5248238527347753, 0.5252583221196524, 0.5199319458756807, 0.5087686778215826, 0.491942454425955, 0.46988125953969967, 0.4432502706475545, 0.41291437913667994, 0.37988304908237785, 0.34524289874565306, 0.310085102708045, 0.27543538935279105, 0.2421939034677225, 0.21109061542279647, 0.18265959442919258, 0.15723277925934684, 0.1349513621155852, 0.11579096419292552, 0.09959567853229288, 0.08611584679073431, 0.07504500191266446, 0.06605250436873349, 0.05880973395104286, 0.05300900068643823, 0.0483754103909051, 0.044672656876588085, 0.0417040997512246, 0.03931057220958863, 0.03736623444653591, 0.03577353608827071, 0.034458057804137736, 0.033363723415225095, 0.03244864470261741, 0.03168169170816713, 0.031039771817065347, 0.0305057387523347, 0.030066827183859664, 0.029713505131235544, 0.029438647001451438, 0.029236945343799194, 0.029104496941169886, 0.029038513848939355, 0.02903712357351611, 0.029099232317349018, 0.02922443349160463, 0.029412948845735146, 0.029665594094567396, 0.029983763268655907, 0.030369428452728598, 0.030825152486272683, 0.031354113610711234, 0.03196014130138391, 0.03264776346705622, 0.03342226518128277, 0.034289759856253224, 0.035257273648028886, 0.03633284454718038, 0.03752563744437676, 0.038846077083141306, 0.04030600060247035, 0.04191883193678077, 0.04369978002758255, 0.04566606323133935, 0.04783716175637995, 0.050235100087044286, 0.0528847603068993, 0.05581422673384244, 0.059055160292335575, 0.06264319937710698, 0.06661838031204073, 0.0710255668079196, 0.07591487144684252, 0.0813420453017708, 0.08736880135010974, 0.09406302586336919, 0.10149881618286559, 0.10975626645168064]
6.800000000000166	1.6554278103381284	[0.1196572946206987, 0.12982000034327928, 0.14106421837244118, 0.15348075741323186, 0.1671570466575377, 0.18217264032900973, 0.19859345828127084, 0.21646465238647714, 0.23580206726041644, 0.256582384792206, 0.27873221270609555, 0.3021165970998426, 0.3265277027184386, 0.35167469223733583, 0.377176117135736, 0.4025563581275851, 0.427247764630416, 0.4506000702489547, 0.47189834389175034, 0.4903901274452676, 0.5053215080973149, 0.5159807236565018, 0.5217466216274087, 0.5221380657355122, 0.5168594366208594, 0.5058369397160056, 0.4892407082955934, 0.46748876591990035, 0.44123074390496103, 0.4113116245008759, 0.3787183492438392, 0.34451445871919256, 0.3097695887171628, 0.2754913149407351, 0.2425663777795228, 0.2117168152458771, 0.18347427862272433, 0.15817323067306063, 0.1359612966883856, 0.11682315142225705, 0.10061322915411978, 0.08709230424578833, 0.0759634983219591, 0.06690430013395637, 0.05959245732812329, 0.05372485597072633, 0.049029549869911954, 0.04527183259821672, 0.04225564000076435, 0.03982167407183739, 0.03784352940867976, 0.03622286991214223, 0.034884423325083375, 0.03377129194312452, 0.032840852380329605, 0.0320613495797252, 0.031409178864016556, 0.03086678621817875, 0.030421088404468034, 0.030062309545289746, 0.02978313902177526, 0.02957813027753964, 0.02944327616100397, 0.029375711679490206, 0.029373507722414573, 0.02943552963995012, 0.029561342199117723, 0.02975114826669176, 0.03000575254345939, 0.030326544675307137, 0.03071549797062382, 0.031175181469292254, 0.03170878399250513, 0.03232014961855223, 0.033013824456524184, 0.03379511510075211, 0.034670159385684574, 0.035646010446539644, 0.036730735251296665, 0.03793352909996754, 0.03926484770270825, 0.040736558729614854, 0.042362114771618366, 0.04415674983411264, 0.046137701374923915, 0.04832445985606627, 0.050739047330191724, 0.053406326072415446, 0.056354337149873195, 0.05961466741504301, 0.06322284106472845, 0.06721872891194365, 0.07164696409127563, 0.07655734732221318, 0.08200521717433609, 0.0880517513121425, 0.09476415247228605, 0.10221565846158068, 0.11048529796993467]
6.760000000000166	1.6691011372407525	[0.12039841381825565, 0.1305611052523655, 0.14179688330248763, 0.15419439150094658, 0.16783859861825015, 0.1828063289017939, 0.19916055948580513, 0.21694338368164218, 0.2361676177008019, 0.25680714752996187, 0.27878628022619895, 0.30196857755035317, 0.32614590544528965, 0.35102870906817013, 0.3762387917824975, 0.40130608833905246, 0.42567102299165416, 0.448693964228918, 0.46967297302325733, 0.4878704463801213, 0.5025483828501955, 0.5130108870133151, 0.5186513024451932, 0.5190001873022577, 0.5137694441525326, 0.5028875067755475, 0.48652075795722227, 0.4650773898061536, 0.4391916780903482, 0.4096889216015409, 0.3775337641609425, 0.34376685470344615, 0.30943640416192514, 0.2755318559483602, 0.2429264671302952, 0.21233417633576904, 0.18428398708402474, 0.15911262761801886, 0.1369739051346634, 0.11786133542496412, 0.10163954191552554, 0.08807964980831316, 0.07689435599819217, 0.06776932153416466, 0.06038874688556314, 0.05445420180342473, 0.049696801766271524, 0.04588354667922665, 0.04281903962268614, 0.04034392261988025, 0.038331275698402494, 0.036682009766299505, 0.0353200175114098, 0.034187586423784715, 0.03324135718061688, 0.032448944280475574, 0.031786223423489524, 0.031235224575727794, 0.03078253865686653, 0.030418138752842612, 0.030134523173432768, 0.0299261012455278, 0.02978875789416457, 0.029719547896770938, 0.029716483074087068, 0.02977838598862195, 0.02990479129133013, 0.030095881787712404, 0.03035245026404343, 0.030675881229673355, 0.031068148625428425, 0.03153182715827766, 0.03207011578029093, 0.03268687271980447, 0.033386661860829885, 0.034174810837333515, 0.035057481399438886, 0.036041753044714644, 0.03713572101625417, 0.03834861014365183, 0.039690906062075454, 0.04117450566463317, 0.04281288862737473, 0.044621312062175456, 0.04661703017262834, 0.04881954077486152, 0.05125086001741801, 0.053935826149977606, 0.056902431984650094, 0.06018218431561781, 0.06381048612880907, 0.06782703448390837, 0.07227622245013186, 0.07720752797429511, 0.0826758648598237, 0.0887418617683824, 0.09547202303729474, 0.10293871104043244, 0.11121987266403865]
6.720000000000166	1.6829849808367956	[0.12114425209836244, 0.1313059158591273, 0.14253206035478141, 0.15490915523908125, 0.16851970582741296, 0.183437811127118, 0.19972352002468652, 0.21741589351608503, 0.23652475879901202, 0.25702125930618713, 0.27882746806104786, 0.3018055403717641, 0.3257471282148417, 0.3503640449073016, 0.37528142383531554, 0.4000348149573569, 0.4240727514828321, 0.4467662353128405, 0.4674262765696054, 0.48533004242663974, 0.49975532128250943, 0.5100219392995652, 0.5155375862955008, 0.5158443840922473, 0.5106616696694082, 0.49992008158944684, 0.4837823045307833, 0.46264682754777037, 0.43713276127996625, 0.4080459469483666, 0.37632895652425014, 0.3429997352884598, 0.3090851862180855, 0.2755566444329777, 0.24327380852624744, 0.21294235392331928, 0.18508840854517136, 0.16005070787797285, 0.13798898820402056, 0.1189053904463328, 0.10267457043644589, 0.08907791713897473, 0.07783768426508866, 0.0686477449736822, 0.0611988345745691, 0.05519731266096319, 0.05037746993780643, 0.04650812024200097, 0.04339462667090482, 0.04087764471094551, 0.038829793101411, 0.03715126458658325, 0.03576513641358817, 0.03461288935551807, 0.03365042833477695, 0.03284473268741314, 0.03217115125701889, 0.03161128985368709, 0.031151405602726955, 0.030781213336513385, 0.03049301410597943, 0.03028106797552536, 0.030141147805357333, 0.030070224841868422, 0.03006624926279349, 0.03012799882170057, 0.030254976492520246, 0.030447343783882606, 0.030705880603009925, 0.031031965532748316, 0.03142757250604051, 0.03189528133539701, 0.0324383006126422, 0.03306050223802174, 0.033766467403559666, 0.0345615442742459, 0.035451917963541156, 0.036444693680388024, 0.037547994186106166, 0.03877107291489027, 0.04012444431713051, 0.041620033139959545, 0.043271344486283565, 0.04509365653551408, 0.047104237770454443, 0.04932259035465352, 0.051770720920020843, 0.054473439337214574, 0.05745868498654693, 0.06075787845059926, 0.0644062942876603, 0.06844344736963723, 0.07291348098558995, 0.07786553919916138, 0.08335409856088737, 0.08943922486444988, 0.09618670900437787, 0.10366802192918502, 0.11196001230365359]
6.680000000000166	1.697083951146809	[0.12189479973368983, 0.13205438980536324, 0.1432696721992801, 0.1556249344924262, 0.169200216089308, 0.18406689633917137, 0.20028211123802278, 0.21788191682965657, 0.23687319174157664, 0.2572243913708655, 0.27885542226442595, 0.3016271120256508, 0.325330983910045, 0.34968030526456756, 0.3743036172498729, 0.3987421455798198, 0.4224525654089375, 0.4448165094036061, 0.4651578925117028, 0.48276856597957024, 0.49694198545462415, 0.5070135528636597, 0.5124051539323773, 0.5126703432137233, 0.5075358043297307, 0.4969343568689333, 0.48102503935689045, 0.46019676582891467, 0.4350536719256125, 0.4063823674468761, 0.3751035793486348, 0.34221273926464685, 0.3087155620503636, 0.27556530219708797, 0.24360802846980945, 0.2135409925745843, 0.18588722108797667, 0.1609871988848021, 0.13900633696998632, 0.11995518216440353, 0.10371826133499203, 0.09008713486482428, 0.07879358970716493, 0.06953974658693106, 0.06202295458994386, 0.05595446764720804, 0.05107186502099456, 0.0471458829862226, 0.043982739200547565, 0.04142317821342624, 0.03933941306616661, 0.037630955282785025, 0.03622008812169471, 0.03504749513054664, 0.03406834670614387, 0.03324898295276919, 0.03256421902490966, 0.031995228582565906, 0.03152792704108401, 0.031151763665602614, 0.03085883595581625, 0.03064324940455126, 0.030500660541532366, 0.03042795362981977, 0.03042301453157452, 0.03048457405281531, 0.03061210186330812, 0.030805736852596806, 0.031066245042382236, 0.031394998233315964, 0.0317939696826194, 0.03226574369257728, 0.032813537982414834, 0.03344123759604625, 0.03415344054551069, 0.03495551496644327, 0.03585366875745396, 0.036855032129456254, 0.03796775457005845, 0.039201117123104263, 0.04056566189565419, 0.04207334003320861, 0.0437376803399744, 0.04557397991508522, 0.04759951896320231, 0.049833800852066276, 0.0522988189657053, 0.055019350273568586, 0.058023275398366894, 0.06134192235581388, 0.06501042988282003, 0.06906812199893678, 0.07355888230464412, 0.07853150962820225, 0.08404003059599914, 0.09014393404924428, 0.09690828226696802, 0.10440363863934324, 0.11270573718769511]
6.640000000000166	1.7114027867775143	[0.12265004435531156, 0.13280648091531116, 0.1440096366397574, 0.1563416090696826, 0.16987997015592207, 0.1846933857069627, 0.20083609545358613, 0.21834117860759922, 0.23721260714825537, 0.2574162037064638, 0.2788697772938062, 0.30143290694204744, 0.32489707332875367, 0.3489770833626883, 0.3733049638539531, 0.3974276756334944, 0.42081006818644623, 0.44284440055205865, 0.4628674473015454, 0.4801856559639924, 0.4941080262730286, 0.5039853889602359, 0.5092536753058919, 0.509477741030182, 0.5043915288037792, 0.4939300148932165, 0.4782486435541956, 0.4577268811447961, 0.4329540784194252, 0.4046978399065268, 0.373857275547038, 0.3414054951606837, 0.30832714839307046, 0.2755574403486491, 0.24392874254076885, 0.2141297257632375, 0.18668009172011754, 0.16192181729951433, 0.14002573240950925, 0.12101056729775189, 0.10477055384557303, 0.0911073262613538, 0.07976217588745661, 0.07044550206019959, 0.06286134325333509, 0.05672595051034799, 0.051780304520258315, 0.04779717341910393, 0.04458372555959077, 0.04198087242382927, 0.039860479154240784, 0.03812141528527253, 0.036685193312199264, 0.03549171064785433, 0.03449540537526048, 0.03366197513213535, 0.03296569486922623, 0.03238729840689994, 0.031912351467962924, 0.03153003047884131, 0.0312322228757937, 0.03101287423000613, 0.03086752023290308, 0.03079295467246691, 0.030786996209246097, 0.030848326550415694, 0.030976380258448146, 0.031171272294306312, 0.03143375364195899, 0.03176518849334699, 0.03216754863622212, 0.03264342228373328, 0.03319603565484485, 0.033829286446756986, 0.034547788891347256, 0.03535693056846473, 0.03626294146828141, 0.03727297612037123, 0.03839520982209349, 0.03963895024658122, 0.04101476585905212, 0.04253463274707851, 0.044212101528698124, 0.04606248605525655, 0.048103075505152235, 0.05035337126487691, 0.052835349513172876, 0.055573749729437065, 0.05859638818676869, 0.06193449388945573, 0.0656230620529398, 0.0697012170769969, 0.07421257262729893, 0.07920557084955619, 0.08473377542852721, 0.09085608412117177, 0.09763681510686906, 0.10514560814786127, 0.11345706598966117]
6.600000000000166	1.725946359196411	[0.1234099706901818, 0.13356213906796127, 0.1447518662401943, 0.15705905251673152, 0.17055880124751527, 0.18531707195962308, 0.20138522541324066, 0.21879339355330613, 0.23754268442106424, 0.2575963446652031, 0.2788701553013508, 0.3012225271366379, 0.3244449844360809, 0.34825395974547807, 0.37228504257884737, 0.396090987980285, 0.41914485056944983, 0.44084951056073785, 0.46055455509729876, 0.4775809394371984, 0.4912530827475883, 0.5009370973491918, 0.5060828088530988, 0.5062662427556813, 0.5012285126069147, 0.49090672710016053, 0.4754527873985918, 0.45523683938671244, 0.4308336385189475, 0.40299201061934453, 0.3725896773976074, 0.3405776208150004, 0.30791955105254676, 0.27553265886367867, 0.24423555492473709, 0.21470817542193887, 0.18746667592246685, 0.1628542685566852, 0.14104694497506878, 0.12207139316620341, 0.10583137944741178, 0.09213850888019026, 0.08074354309093189, 0.0713651863952488, 0.06371423893657022, 0.05751204960199553, 0.0525031129522183, 0.048462339032436345, 0.04519794475060436, 0.0425510884379997, 0.040393347574550355, 0.03862299105400856, 0.0371607858891313, 0.03594585589536035, 0.034931910325584056, 0.03408400178683308, 0.03337585909924678, 0.032787768674807934, 0.032304938737144545, 0.03191626544637268, 0.03161341966259493, 0.03139018144138723, 0.031241961087426415, 0.031165458183128374, 0.031158421276327404, 0.031219480620347205, 0.03134803386926447, 0.03154417057750779, 0.031808625562572704, 0.03214275443865285, 0.032548526765993686, 0.03302853396293274, 0.033586010160534106, 0.03422486509926514, 0.03494972866907401, 0.03576600724794526, 0.03667995225630609, 0.037698741733045715, 0.03883057589102376, 0.04008478791360294, 0.04147197133418907, 0.043004125568174664, 0.04469482115092523, 0.04655938633430621, 0.048615116492036564, 0.050881507626557, 0.05338051469965018, 0.05613683485545547, 0.05917821434719388, 0.06253577642523052, 0.06624436498683112, 0.07034289570927936, 0.0748747019778932, 0.0798878574520461, 0.08543544978680406, 0.09157577117892625, 0.0983723802350958, 0.10589397674453724, 0.11421401571435286]
6.560000000000166	1.7407196771680575	[0.12417456046821368, 0.13432130985881943, 0.14549626814418587, 0.1577771316623022, 0.17123653479297757, 0.18593773882480533, 0.2019292439483105, 0.21923826543451286, 0.2378630913721134, 0.2577644502424679, 0.2788561657319982, 0.3009955614325958, 0.3239742919477048, 0.347510501468777, 0.3712434190379067, 0.39473165209561023, 0.4174564902280592, 0.4388314281663672, 0.4582188173416463, 0.4749540307884855, 0.4883767815670689, 0.49786831552365757, 0.5028922010671251, 0.5030355017194265, 0.49804641365983043, 0.4878641533939635, 0.4726371298749151, 0.4527262951975529, 0.4286919988932334, 0.4012645147653655, 0.37130040608759646, 0.33972872282863587, 0.3074923644492799, 0.2754905460777266, 0.2445280579494632, 0.21527595146004785, 0.1882466171757328, 0.16378424640214256, 0.14206973412129886, 0.1231374972650659, 0.1069006614288266, 0.09318069420778523, 0.08173778799144359, 0.07229897372103515, 0.06458188190349773, 0.05831305790259103, 0.05324062190989683, 0.04914173656473545, 0.04582576671852643, 0.04313419962506405, 0.04093838765185045, 0.03913604270457995, 0.03764721356758286, 0.036410264658538825, 0.03537818107808374, 0.034515368716979786, 0.033795004830545664, 0.03319692115806333, 0.03270596067790335, 0.03231073185895552, 0.0320026823436859, 0.03177542097416826, 0.03162422794718225, 0.03154570479768439, 0.03153752689515129, 0.03159827059911557, 0.03172729473248372, 0.031924661909142935, 0.032191089557741026, 0.032527923710344235, 0.03293713086632495, 0.033421304919536654, 0.03398368725935472, 0.034628199039075144, 0.03535948518056945, 0.036182970190919435, 0.037104926190737374, 0.0381325538882266, 0.03927407743873647, 0.04053885437358647, 0.04193750191002764, 0.04348204111630247, 0.04518606043276694, 0.04706490007684311, 0.04913585869597775, 0.051418423395306105, 0.05393452373234772, 0.056708809530171295, 0.059768951141124134, 0.0631459591494057, 0.06687451809432388, 0.07099332563777482, 0.07554542427637759, 0.08057850719032167, 0.08614517266257693, 0.09230309270617047, 0.09911505068552365, 0.10664879002932376, 0.11497660147770897]
6.520000000000166	1.7557278913572407	[0.12494379217802457, 0.1350839343947825, 0.1462427437144139, 0.15849570631473475, 0.17191298795992926, 0.186555160638986, 0.20246788341384914, 0.21967548662393982, 0.23817348358049797, 0.2579201435669996, 0.2788274046235157, 0.300751584918583, 0.32348455659277364, 0.3467462615408143, 0.37017964476927506, 0.39334922350102947, 0.41574455098500485, 0.4367897284708597, 0.455859822004324, 0.4723045311726499, 0.48547873635856564, 0.4947786681493817, 0.4996814857831208, 0.49978515881390284, 0.4948448776081404, 0.48480194160371426, 0.46980131803369657, 0.450194891440975, 0.42652879451665765, 0.3995149758915241, 0.3699890711413244, 0.33885839605210716, 0.30704517107468354, 0.27543067817757544, 0.24480583156286054, 0.21583265125631917, 0.18901954645413904, 0.16471143238940839, 0.1430938478220635, 0.12420870678718512, 0.10797831446134332, 0.09423388726452601, 0.08274500334519116, 0.07324703704222883, 0.06546451419398604, 0.0591292729843922, 0.05399317018528981, 0.04983573220637656, 0.04646757271350567, 0.04373059205303526, 0.04149598238577849, 0.03966094459546969, 0.03814483855989192, 0.036885285198646686, 0.03583455143597395, 0.034956395670267024, 0.03422343873696332, 0.03361505075177988, 0.03311570182464044, 0.032713705299149264, 0.03240027887275143, 0.03216885434723334, 0.032014576948623495, 0.03193394618050041, 0.03192456103889968, 0.03198494143319742, 0.03211440533324915, 0.03231298679217587, 0.032581384555238624, 0.03292093400439921, 0.03333359769027545, 0.03382197120201794, 0.034389302487607125, 0.03503952343696228, 0.035777293333002856, 0.03660805409518582, 0.03753809776459977, 0.038574646823422515, 0.039725948336443176, 0.04100138295224931, 0.042411590111739034, 0.043968610774042814, 0.045686049174949166, 0.04757925495133124, 0.04966552697874398, 0.05196433981133368, 0.0544975932597656, 0.057289884667112156, 0.06036880241563443, 0.06376523730605663, 0.0675137062629727, 0.07165267941162343, 0.07622489752040816, 0.08127766106762511, 0.08686306540703935, 0.09303814755398371, 0.09986489981513051, 0.10741009278436578, 0.1157448364049549]
6.480000000000166	1.7709762991068438	[0.1257176408722267, 0.13584994900307507, 0.14699118822485915, 0.15921462885517476, 0.17258796924211867, 0.18716910183614685, 0.20300086518598395, 0.2201047375007239, 0.23847350381894317, 0.2580630342359592, 0.2787834539833801, 0.30049015823884884, 0.32297532446039795, 0.34596077818656146, 0.3690932565676207, 0.3919432430183516, 0.41400858214376524, 0.43472397219679526, 0.4534771429138217, 0.46963202777517526, 0.48255854702709594, 0.49166776634561493, 0.4964502835285392, 0.4965148417961297, 0.4916235371860352, 0.4817197268094574, 0.46694498637175763, 0.4476422585568277, 0.4243436480706102, 0.39774300529998324, 0.3686552698456695, 0.33796622300658, 0.3065775409386546, 0.27535261864931926, 0.24506844279554776, 0.21637785912390486, 0.1897850816959507, 0.16563549535808014, 0.14411902205528537, 0.12528483813395927, 0.10906424413464656, 0.09529808619968788, 0.08376527764249862, 0.07420954799266587, 0.06636237946918848, 0.059960996991935064, 0.0547611038613284, 0.05054470183747754, 0.04712375563475325, 0.044340664963125456, 0.04206652900348035, 0.04019808597816969, 0.03865403826649124, 0.03737128100417301, 0.03630137024220881, 0.03540741712988052, 0.03466148182017676, 0.0340424662551648, 0.03353446016632934, 0.03312547439261681, 0.03280648984549651, 0.03257075537781884, 0.03241327620293527, 0.03233044570455187, 0.03231978314022966, 0.032379749329161586, 0.03250961922719436, 0.032709396650819775, 0.03297976025722328, 0.03332203367607237, 0.033738174531002085, 0.03423077930417818, 0.03480310172247729, 0.03545908371813092, 0.03620339818655737, 0.03704150372210245, 0.03797971142451837, 0.03902526462561018, 0.04018643217387357, 0.041472616562040446, 0.04289447788512453, 0.044464075170163694, 0.04619502620664105, 0.04810268742006755, 0.05020435470739477, 0.05251948630521963, 0.05506994773974975, 0.057880278571606665, 0.06097797891272085, 0.06439381249086575, 0.06816212009607168, 0.07232113460530117, 0.0769132839386487, 0.08198546346548681, 0.08758925178625616, 0.09378103597017737, 0.10062200125008756, 0.10817792889368842, 0.1165187314594144]
6.440000000000166	1.7864703493970522	[0.1264960779622608, 0.13661928491682782, 0.14774149053575247, 0.15993374380022993, 0.17326127802337776, 0.18777931639955847, 0.20352789913047883, 0.2205256858095686, 0.2387627814471413, 0.25819271760321305, 0.2787238811283882, 0.30021082683264366, 0.3224461263051315, 0.34515357405779107, 0.3679837757711782, 0.390513235966273, 0.41224811776882486, 0.4326337048834551, 0.4510703390396525, 0.4669360930184598, 0.4796157990470387, 0.4885352069108334, 0.49319820082964394, 0.49322416454025425, 0.48838201154203, 0.4786171306263012, 0.46406775617927304, 0.4450680138785024, 0.42213616931214903, 0.3959482013981326, 0.3672985866393111, 0.337051773264025, 0.30608903097683016, 0.2752559176838367, 0.24531544518132534, 0.21691114573536638, 0.19054282723356714, 0.16655609087763135, 0.14514498025249958, 0.1263656963978455, 0.11015834646279156, 0.09637328186458965, 0.0847986947371159, 0.07518667657468084, 0.06727572284210623, 0.06080853661821957, 0.05554477639977727, 0.05126903127416441, 0.04779472038361378, 0.04496483126679478, 0.04265043953549447, 0.04074787168373781, 0.039175206002335754, 0.03786863158957663, 0.03677900218141648, 0.035868783156603135, 0.035109470228675894, 0.0344794912095854, 0.033962547947077044, 0.03354634161708057, 0.033221609266116364, 0.03298141095279812, 0.03282060652550355, 0.03273547918584773, 0.03272346478706348, 0.032782962455882636, 0.03291320170773905, 0.03311415450576028, 0.03338647778379452, 0.03373148239238797, 0.03415111984498342, 0.03464798679768777, 0.035225341786735524, 0.03588713617601248, 0.036638055540828746, 0.037483574491318845, 0.03843002213749794, 0.039484661805058385, 0.040655782803556854, 0.041952808251645705, 0.043386417113885974, 0.044968684699732336, 0.04671323986944671, 0.04863544322304516, 0.05075258419685389, 0.0530841009368234, 0.05565181983057742, 0.058480217324184285, 0.06159669859698903, 0.06503189296682696, 0.06881995616355846, 0.07299887405328982, 0.07761075015069639, 0.0827020622837903, 0.08832385803622524, 0.0945318596322946, 0.10138642882395944, 0.10895234125952832, 0.11729829525564361]
6.400000000000166	1.8022156479933444	[0.12727907073396727, 0.1373918682209337, 0.14849353244358673, 0.1606528876562475, 0.17393270376829528, 0.18838554763961204, 0.2040486826490949, 0.2209379863816667, 0.239040931336322, 0.25830877446375494, 0.2786482375149176, 0.29991312059936986, 0.32189647631251506, 0.34432415588978726, 0.366850706992075, 0.38905871181188145, 0.41046267540897596, 0.4305184565297925, 0.4486389532349578, 0.4642162841888665, 0.47665006224785955, 0.4853805719253669, 0.4899248290606234, 0.4899127266088038, 0.4851199051671632, 0.47549376074082506, 0.461169234557447, 0.4424717611352812, 0.4199059541858155, 0.39413014917097816, 0.3659185923171423, 0.33611460289440553, 0.3055791843391297, 0.27514011160095553, 0.24554637811526184, 0.2174320675227759, 0.1912923732070123, 0.16747286063111727, 0.14617143276802952, 0.1274510747559294, 0.111260507437217, 0.09745945727482849, 0.08584533354784896, 0.07617859077381633, 0.06820479080557722, 0.061672202951228904, 0.0563445488519815, 0.05200911638779007, 0.04848088436434935, 0.04560351792373876, 0.04324814156142191, 0.041310722700674485, 0.039708751909993685, 0.038377733195532324, 0.037267828778735204, 0.03634086014097199, 0.035567756277248945, 0.03492646465333887, 0.03440029266536169, 0.0339766240332058, 0.03364594550689277, 0.03340112172633204, 0.03323686235091123, 0.03314933554831273, 0.03313589059557134, 0.033194861581099674, 0.033325430642399394, 0.03352753558730224, 0.03380181047808333, 0.03414955172559685, 0.034572704030287, 0.03507386290781684, 0.03565629120314155, 0.036323948530390136, 0.03708153266681811, 0.03793453301962199, 0.038889296100443234, 0.039953103811451424, 0.04113426502627806, 0.04244222169412161, 0.043887670277831727, 0.04548269997704429, 0.04724094864349785, 0.04917777778635643, 0.051310467297296665, 0.05365843074758041, 0.056243450931330825, 0.05908993506290586, 0.062225187139145675, 0.06567969386064655, 0.06948741741759035, 0.07368608594301965, 0.07831746750333307, 0.08342760891208448, 0.08906701310921154, 0.09529072147993167, 0.1021582567259237, 0.10973337148106554, 0.11808353410553933]
6.3600000000001655	1.8182179627907955	[0.12806658259816045, 0.13816761896994892, 0.14924718886595065, 0.1613718878237325, 0.174602026157438, 0.18898752689357493, 0.20456290078548267, 0.22134127964945718, 0.23930755396635311, 0.2584107694127269, 0.27855605884311, 0.29959655213851477, 0.321325872217058, 0.34347201266390703, 0.3656935382432984, 0.3875791623006725, 0.4086517562176277, 0.4283777397380827, 0.4461825123270701, 0.4614721416392983, 0.473660890849237, 0.48220342705410757, 0.48662974439991363, 0.48658011168906584, 0.4818368077554827, 0.47234920950415554, 0.4582490141749731, 0.43985308921334076, 0.4176525844771803, 0.3922884191098624, 0.3645148435892212, 0.3351542535514848, 0.3050475298654359, 0.2750047220729749, 0.24576076625677384, 0.21794016601605165, 0.19203329490534052, 0.16838543184695415, 0.14719807617936423, 0.12854075400342863, 0.112370602339718, 0.09855658728796118, 0.08690526746402231, 0.07718545645174224, 0.06914983082382983, 0.06255231165260047, 0.05716078970812187, 0.052765363603132096, 0.04918267761176262, 0.04625716673791573, 0.043860078581150014, 0.041887077200148906, 0.04025510350393097, 0.03889899995436439, 0.037768249039533006, 0.03682403202671768, 0.036036709119330906, 0.03538374234345147, 0.03484803773958074, 0.034416654470425995, 0.034079821948632474, 0.03383020325538268, 0.033662352344000813, 0.03357231790705121, 0.03355735879454948, 0.03361574110652807, 0.03374659703516768, 0.03394982832839, 0.0342260444506197, 0.03457652611000058, 0.035003209955088856, 0.03550868943888428, 0.036096230707164494, 0.036769800824913046, 0.03753410880180354, 0.0383946579924955, 0.03935781121309437, 0.04043086787998676, 0.041622155035930156, 0.042941132006498205, 0.044398510861327005, 0.046006392626117776, 0.04777842150882374, 0.049729956979348226, 0.05187826569518741, 0.05424273247851436, 0.056845091406635406, 0.05970967465501304, 0.06286367804578168, 0.06633743777976077, 0.07016471320635696, 0.07438296436859439, 0.07903361194570362, 0.08416225871203846, 0.08981884838725153, 0.09605772612008152, 0.10293755903108291, 0.1105210601806561, 0.11887445134789938]
6.3200000000001655	1.8344832293630047	[0.12885857239497606, 0.13894645127417785, 0.15000232693607288, 0.16209056260191404, 0.17526901397708267, 0.18958497346734154, 0.20507022492571828, 0.22173519154776428, 0.23956223396239076, 0.25849825072724925, 0.27844686346242886, 0.2992606166277539, 0.32073379361437976, 0.3425966154881958, 0.36451173919775814, 0.3860740613355376, 0.4068148432002236, 0.426211049578528, 0.4437005253943492, 0.4587031886216838, 0.47064782180587933, 0.4790033213284403, 0.4833125062762155, 0.4832258873091535, 0.4785322927763994, 0.4691830535728496, 0.45530667198212776, 0.437211571719578, 0.4153756266740825, 0.390422566704181, 0.3630868820851875, 0.33417025190138194, 0.30449358122056946, 0.27484925549874506, 0.24595811877522494, 0.21843496716887967, 0.19276515210303477, 0.16929341659241462, 0.14822459271208058, 0.12963450184412337, 0.11348849527878754, 0.09966463795613488, 0.08797856405713587, 0.07820743685338892, 0.07011109130012605, 0.0634491827087636, 0.057993875182455336, 0.05353818994452271, 0.0499005434053735, 0.04692623469143382, 0.04448671091245117, 0.04247739109983161, 0.0408147067682226, 0.039432864602052545, 0.038280680655804415, 0.03731870109324945, 0.03651671598622578, 0.035851697551886066, 0.03530614372995735, 0.03486678230454076, 0.0345235781593988, 0.03426898674570615, 0.034097400526821774, 0.03400474428137879, 0.03398818230168438, 0.03404590975168232, 0.034177006057310895, 0.03438133502392206, 0.03465947957070036, 0.0350127034803134, 0.03544293391486402, 0.035952761393273185, 0.03654545417383712, 0.03722498602623734, 0.03799607604809615, 0.038864240740740214, 0.03983585794926781, 0.04091824358071528, 0.0421197412621377, 0.04344982626489484, 0.04491922416445534, 0.046540045752310154, 0.04832593872040381, 0.05029225753094478, 0.05245625164575246, 0.05483727291678656, 0.05745700126832348, 0.0603396879564928, 0.06351241328051707, 0.06700535496518428, 0.07085205982402182, 0.07508970935523895, 0.07975936449733173, 0.08490617089091636, 0.09057949805884624, 0.09683297952783239, 0.10372440997949779, 0.11131544651294888, 0.11967104752840516]
6.2800000000001654	1.851017556723483	[0.12965499404966763, 0.13972827295899676, 0.1507588054955403, 0.1628087206968188, 0.17593342446012344, 0.19017759400749376, 0.20557031200719697, 0.22211933277202112, 0.23980453919763384, 0.25857074953668185, 0.2783201513965478, 0.2989047909309748, 0.32011970093516545, 0.34169741666566966, 0.36330476013449414, 0.3845428640232651, 0.40495140015155995, 0.4240178626279085, 0.4411924827099398, 0.4559089303290163, 0.46761037377052234, 0.4757797862011425, 0.47997265636135455, 0.47984960391366654, 0.47520591650561117, 0.4659948530113692, 0.4523417682852803, 0.43454676611497894, 0.41307463108772124, 0.3885321316079256, 0.36163423352256646, 0.33316210882239483, 0.30391683610743314, 0.27467320223379355, 0.2461379286023775, 0.21891598061406023, 0.19348748834674734, 0.17019641105306463, 0.14925064956669448, 0.13073207221795377, 0.11461403859556055, 0.10078356595855477, 0.08906528463848694, 0.07924469223043075, 0.07108882137626887, 0.06436314033226163, 0.05884418932602741, 0.05432802326456862, 0.05063493871524523, 0.04761119449102925, 0.04512851643030523, 0.043082138865457406, 0.04138802710861141, 0.039979779445812706, 0.038805561079323925, 0.03782528900313969, 0.037008183303840175, 0.036330722128286266, 0.035774989446856996, 0.035327374497222376, 0.034977570967163724, 0.034717820051112076, 0.03454234730617001, 0.034446948550442134, 0.03442868970655334, 0.03448569146908388, 0.03461697799053416, 0.03482237271074268, 0.03510243037502764, 0.035458396121106836, 0.035892186510715504, 0.03640638779339542, 0.03700426946823218, 0.03768981081962454, 0.03846774019617527, 0.03934358600879101, 0.04032374015117796, 0.04141553355661145, 0.04262732513225751, 0.043968604207269155, 0.045450108027065894, 0.047083954602451336, 0.048883792486384504, 0.05086496763753427, 0.05304470859514271, 0.05544232943929898, 0.05807945072898107, 0.06098023627703514, 0.06417164373419004, 0.06768368366142961, 0.07154968088116372, 0.0758065271164942, 0.0804949115016957, 0.08565950862824633, 0.09134909923924972, 0.09761658902634332, 0.104518883949392, 0.1121165679858394, 0.12047332021682286]
6.240000000000165	1.8678272333085828	[0.13045579659830947, 0.14051298477676052, 0.15151647499684065, 0.16352616021759794, 0.17659500308071366, 0.19076508129596714, 0.20606280422703827, 0.22249329739567808, 0.2400340204400305, 0.2586277782953925, 0.27817540395111706, 0.29852853196405926, 0.31948303503064934, 0.34077384799275573, 0.36207203150987155, 0.38298500494508114, 0.40306087121204043, 0.42179763525003977, 0.4386578552759319, 0.453088852220615, 0.46454804659562793, 0.4725323339469144, 0.4766097180294693, 0.4764507933640336, 0.4718572174352257, 0.46278414990999, 0.449353846107027, 0.43185821246082456, 0.41074913116774325, 0.38661663651768063, 0.36015640698536894, 0.3321293184104231, 0.3033167755172061, 0.2744760357104284, 0.24629967165854139, 0.21938269888035702, 0.19419983016104164, 0.17109399483389953, 0.1502758981211444, 0.13183320469682078, 0.115747072109351, 0.10191331814186795, 0.09016548363040434, 0.08029737960916897, 0.0720832705307206, 0.06529451304273702, 0.0597121239339291, 0.05513530268704236, 0.05138633444763502, 0.04831253536087988, 0.04578599111760868, 0.04370181458572757, 0.041975550130187056, 0.04054021762427149, 0.03934334843438445, 0.03834423815251159, 0.037511537661142326, 0.03682122786751416, 0.03625497292088639, 0.03579881693556458, 0.03544217540268401, 0.035177068963626046, 0.03499755037877102, 0.03489928168831411, 0.034879226138027915, 0.03493542662686155, 0.035066849060690734, 0.03527327430340317, 0.03555522687222508, 0.035913931761555204, 0.03635129342776748, 0.036869892740038934, 0.03747299919867329, 0.03816459663376957, 0.038949421451340054, 0.03983301294699275, 0.0408217757258011, 0.04192305448227993, 0.04314522173133344, 0.04449777915548038, 0.04599147344369678, 0.0476384274450515, 0.04945228752668612, 0.05144838779389876, 0.05364393166862548, 0.056058190784725175, 0.05871272060273816, 0.06163159108150391, 0.06484162951852585, 0.06837267073419899, 0.07225780746935938, 0.07653363057408552, 0.0812404446384781, 0.08642243948431483, 0.09212779180744138, 0.09840866357263967, 0.10532105509840534, 0.11292446061654178, 0.12128126343726542]
6.200000000000165	1.8849187331904491	[0.13126092350648416, 0.14130048031398745, 0.15227517659473408, 0.16424266845234659, 0.1772534824277593, 0.1913471139142788, 0.2065473277184358, 0.2228566624479606, 0.24025020986171672, 0.2586688303000996, 0.27801208209287614, 0.2981312761739299, 0.3188232154609095, 0.3398253202145853, 0.36081296219489595, 0.38139989759402715, 0.4011426790927846, 0.41954980301383515, 0.43609609307322567, 0.45024241941530274, 0.46146031964202855, 0.46926045702407154, 0.4732231947536069, 0.47302896826352203, 0.468485714780444, 0.45955046767085145, 0.44634242981669936, 0.42914543266717625, 0.40839864226194, 0.38467558638849975, 0.3586528938109353, 0.33107135716919983, 0.30269286273473867, 0.27425721160856636, 0.24644280596252546, 0.2198345965483499, 0.1949016862490416, 0.17198573010991647, 0.15129997322114633, 0.1329376236607396, 0.11688742252875767, 0.10305383078736156, 0.0912792081686213, 0.08136565224604415, 0.07309468846443283, 0.06624363341071876, 0.060598078790643356, 0.05596047870167143, 0.05215521607362733, 0.049030763488322, 0.04645965003668956, 0.04433693270949247, 0.04257778286401544, 0.041114674043787824, 0.03989452289605232, 0.038876012712958874, 0.03802722724899968, 0.03732364758404751, 0.036746512838188715, 0.03628151549329555, 0.03591778609505665, 0.03564711823961866, 0.035463386072210216, 0.035362112748858227, 0.03534015454862219, 0.03539547295419137, 0.0355269726697022, 0.035734389504639835, 0.036018215728238476, 0.036379654454993436, 0.036820596579399255, 0.0373436162632324, 0.03795198182356653, 0.03864968046287718, 0.0394414555049278, 0.04033285590233633, 0.041330297680156586, 0.04244113781829055, 0.0436737607989222, 0.04503767872557178, 0.046543645517140464, 0.04820378622614599, 0.050031741976133325, 0.05204283138134169, 0.05425422851370193, 0.056685157557625564, 0.059357103076491384, 0.06229403439078754, 0.06552264065159154, 0.06907257194605997, 0.07297667874562659, 0.0772712394847443, 0.08199616139152227, 0.08719513535398986, 0.09291571874351848, 0.09920931351584208, 0.10613099755982755, 0.11373915847576889, 0.12209486771843575]
6.160000000000165	1.902298722529739	[0.13207031242680214, 0.14209064536623225, 0.15303474172622464, 0.16495802103269033, 0.17790858162227394, 0.19192335521542322, 0.20702349182903595, 0.22320898672019743, 0.24045262020753852, 0.2586933783640599, 0.27782962553843643, 0.2977124381163585, 0.31813963953072466, 0.3388512215411037, 0.3595269384789818, 0.3797869328610528, 0.39919622406174715, 0.417273779177619, 0.4335066240393209, 0.4473690751987952, 0.45834665075448755, 0.46596362662633983, 0.46981256908356256, 0.4695836205707174, 0.4650909074638498, 0.45629330969596, 0.4433070241258207, 0.4264079292638568, 0.4060226606284542, 0.3827084672921153, 0.3571231666245695, 0.32998768295536735, 0.3020445423991381, 0.274016166881784, 0.24656677071765004, 0.22027112934770213, 0.19559254660263403, 0.17287116079008125, 0.15232249232718256, 0.13404503754600045, 0.11803490267828598, 0.10420502900038768, 0.09240649749029511, 0.08244965925015516, 0.07412332475447378, 0.06721083801036859, 0.061502461677478214, 0.056804013508079204, 0.0529420840249258, 0.04976640275595655, 0.04715002808075861, 0.04498802910080815, 0.04319525479024238, 0.041703666655520735, 0.040459587881736966, 0.0394211000269642, 0.03855572312742434, 0.037838436542889445, 0.037250049816902685, 0.0367758974436355, 0.03640481851919308, 0.03612837296734971, 0.03594025054712207, 0.03583583017886038, 0.035811856868436194, 0.03586620680089331, 0.035997720504497045, 0.03620608601630891, 0.036491761335082716, 0.036855925746515604, 0.03730045513971549, 0.03782791545052124, 0.03844157264951401, 0.03914541595758347, 0.03994419449759671, 0.04084346547167789, 0.04184965504675683, 0.04297013082391921, 0.04421328761109444, 0.045588645794726906, 0.04710696428865724, 0.04878036748251817, 0.05062248815167459, 0.05264862551649416, 0.05487591999012968, 0.05732354299943026, 0.06001290230551841, 0.06296785945901058, 0.06621495753906817, 0.06978365252189166, 0.07370654227737478, 0.07801958087467858, 0.08276226523457443, 0.08797777275131013, 0.09371302613320606, 0.10001865071533066, 0.10694878524709393, 0.11456069362775674, 0.12291411968534377]
6.120000000000165	1.9199740662774396	[0.13288389491665267, 0.14288335728555324, 0.1537949916325907, 0.16567198106033787, 0.17856000565894403, 0.19249345224887143, 0.2074908883066799, 0.22354980951849016, 0.24064074385574974, 0.2587008734330115, 0.27762745172234077, 0.29727140897288773, 0.31743168119465115, 0.3378509161011109, 0.3582133229361163, 0.3781454774586454, 0.3972208827887652, 0.41496895311056364, 0.4308888529047867, 0.44446823946713776, 0.4552064750985007, 0.46264129116866043, 0.4663773014898993, 0.4661142201443247, 0.46167227297283947, 0.4530121580040362, 0.4402471129654173, 0.4236451840990725, 0.40362066233998395, 0.3807147452035988, 0.35556667827711796, 0.3288777338548837, 0.30137123947837935, 0.27375231871910055, 0.24667098532263176, 0.22069173319512692, 0.19627188154829397, 0.17374981162665853, 0.15334305460507128, 0.13515513804551124, 0.11918931067672062, 0.10536682605942141, 0.09354738228393535, 0.08354954517596794, 0.07516942848355702, 0.06819646735814729, 0.06242568837498338, 0.05766638136689113, 0.05374745410823399, 0.05051999550589847, 0.04785768076945282, 0.04565566215143575, 0.043828518929045074, 0.04230773781194457, 0.04103907132950922, 0.03998001209905684, 0.039097520592120585, 0.03836607399616087, 0.03776604778937104, 0.037282412982278405, 0.03690371035073039, 0.03662126004512949, 0.03642856110542318, 0.0363208432398909, 0.03629473526211191, 0.036348024502690535, 0.036479483745273704, 0.036688750852468845, 0.03697624697510426, 0.03734312593910352, 0.037791246667805964, 0.03832316567014381, 0.038942144917574674, 0.039652174607071065, 0.04045800806708596, 0.04136520964223098, 0.04238021388966795, 0.043510397652850606, 0.044764163938788376, 0.046151039546302966, 0.04768178563967487, 0.049368523327349166, 0.05122487338540656, 0.05326611196593128, 0.055509340919107836, 0.057973673817414396, 0.060680435060589934, 0.06365337149946265, 0.06691887149821739, 0.07050618775209523, 0.07444765442003295, 0.07877888949919139, 0.08353896583855572, 0.08877053310497353, 0.09451986318186216, 0.10083678865403882, 0.10777449165524963, 0.11538909604838923, 0.12373900163548715]
6.080000000000165	1.937951835135946	[0.133701595585625, 0.14367848485513723, 0.1545557362298877, 0.1663842988126477, 0.17920744401247396, 0.1930570353199112, 0.20794908966762576, 0.22387865010595634, 0.2408140509851967, 0.25869074394083136, 0.27740495380762714, 0.2968075558464755, 0.31669868895872366, 0.3368237431965821, 0.35687145226573436, 0.37647487314338135, 0.3952160061722154, 0.4126346894854191, 0.4282421590498439, 0.4415393078870225, 0.45203920308717405, 0.459292875411138, 0.46291682839563236, 0.4626202138278464, 0.45822926552254595, 0.4497064722756392, 0.4371621577972686, 0.42085665734818856, 0.40119210175128284, 0.37869386498057317, 0.3539828604686643, 0.32774092714172587, 0.3006723580420598, 0.27346506349179167, 0.24675484828009706, 0.22109582313634457, 0.19693914077701002, 0.17462118716481376, 0.1543612400778986, 0.1362675990976922, 0.12035042924265645, 0.10653912251535981, 0.09470188422351904, 0.08466544934025402, 0.07623324810505593, 0.06920086556213552, 0.06336818294892922, 0.058548068660441294, 0.05457185824850892, 0.05129210302334814, 0.048583185413875254, 0.04634041362952231, 0.04447815333380231, 0.04292745537926554, 0.04163352740074051, 0.04055328686205264, 0.03965314097591415, 0.038907064511660545, 0.038294995819322795, 0.03780153655662939, 0.03741492324796382, 0.03712622947790448, 0.03692875791242418, 0.03681758325923013, 0.03678921378393054, 0.03684134358496888, 0.036972674655577534, 0.03718279149918481, 0.037472076351514026, 0.03784165521321155, 0.03829336858437575, 0.03882976165249052, 0.03945409123013507, 0.040170346781912995, 0.04098328472723329, 0.041898474792364734, 0.04292235863503099, 0.0440623203054036, 0.04532676932647856, 0.04672523636372239, 0.048268482512414834, 0.04996862227262229, 0.05183926117803882, 0.05389564788037945, 0.05615484115748866, 0.058635890810372564, 0.061360031707979296, 0.06435088817797205, 0.0676346856263993, 0.07124046332698863, 0.07520028105524472, 0.07954940798949071, 0.08432647966041205, 0.08957360268877759, 0.09533638263674349, 0.10166384212605094, 0.10860819010365384, 0.1162243930488782, 0.12456949159594718]
6.040000000000165	1.9562393127898023	[0.13452333216655632, 0.14447588709959266, 0.1553167740020062, 0.1670947102457722, 0.17985057037289726, 0.1936137162061366, 0.20839764880224337, 0.22419500566713704, 0.24097198908287606, 0.2586623935676148, 0.27716150012436225, 0.29632021936621616, 0.31593998527155887, 0.3357690148103868, 0.3555006366475919, 0.3747744341834682, 0.3931809186585976, 0.41027032576097844, 0.42556589578200776, 0.43858164944444894, 0.4488442196065712, 0.45591777811891115, 0.45943056133931537, 0.45910102325707247, 0.45476131515068946, 0.446375687834672, 0.43405159664101206, 0.418041785685412, 0.39873641046612457, 0.37664524873145094, 0.3523711226682022, 0.3265766578395149, 0.2999472801477496, 0.27315377549580233, 0.24681773606088336, 0.22148279225034856, 0.19759375219717853, 0.17548477079317856, 0.15537660848847085, 0.13738207609418404, 0.12151802462115469, 0.10772180560811792, 0.09587001505515791, 0.08579750554100209, 0.07731503081278562, 0.07022438044854075, 0.06433037751365037, 0.059449574498189384, 0.05541584470080044, 0.05208330662377043, 0.04932714175637434, 0.0470428901793028, 0.045144762075164664, 0.04356341453376757, 0.042243537695056045, 0.04114149014411154, 0.040223132985712916, 0.039461940003866394, 0.03883740947776338, 0.03833376888654801, 0.037938944214933594, 0.03764375634556806, 0.03744130532160688, 0.03732650552766633, 0.03729573965591856, 0.03734660458671033, 0.03747772781409587, 0.037688637668410116, 0.03797967477703686, 0.03835193531663548, 0.03880723931979121, 0.03934811912147523, 0.0399778246585921, 0.040700343310585405, 0.041520432932527836, 0.04244366721441056, 0.0434764930864262, 0.04462630009601781, 0.045901502048837944, 0.04731163123809723, 0.04886744579471561, 0.05058105056929803, 0.052466031994934194, 0.05453760705677037, 0.056812786284160276, 0.05931055003888754, 0.06205203676142695, 0.06506074067501269, 0.06836271519025336, 0.0719867762723321, 0.07596469778617163, 0.08033138764242134, 0.08512502991223962, 0.09038717324733184, 0.09616274049870067, 0.10249992768340865, 0.10944995316306569, 0.117066609534815, 0.12540556244629136]
6.000000000000165	1.9748440034169203	[0.13534901454110018, 0.14527541310840866, 0.1560778907076624, 0.16780293661704038, 0.18048904104904157, 0.19416308760452822, 0.20883609710486964, 0.2244983506127218, 0.24111398084248287, 0.25861520043682074, 0.276896431887498, 0.2958087128077525, 0.31515486411606064, 0.33468601467258646, 0.35410015726232486, 0.3730434463838302, 0.3911149157452986, 0.40787517117053956, 0.4228593878713616, 0.4355946053959432, 0.44562088162917124, 0.45251537097369593, 0.4559178847055894, 0.4555560437305219, 0.4512678255952768, 0.4430192144792426, 0.43091484211912795, 0.41519998108066736, 0.3962529955600614, 0.37456829458794805, 0.35073085051608754, 0.3253842974816218, 0.2991953644172728, 0.2728178057105909, 0.24685900184147144, 0.2218520104157341, 0.1982351208188417, 0.17634002353180697, 0.15638869833055963, 0.13849820472302696, 0.12269184579414931, 0.1089147482396192, 0.09705177606555794, 0.08694584127449456, 0.07841502237758217, 0.0712673631485563, 0.06531271253751832, 0.06037141076464597, 0.05627997887092185, 0.05289420818247479, 0.0500901732755987, 0.04776372427653223, 0.04582897693346147, 0.04421623903541347, 0.0428697132006616, 0.04174521713818969, 0.04080807478522345, 0.04003126129310271, 0.0393938329600637, 0.038879638538256336, 0.03847628768960866, 0.03817434234821783, 0.037966693900867356, 0.037848090796644036, 0.03781478522002595, 0.037864272504510875, 0.03799510199241974, 0.038206742690476525, 0.038499490981928855, 0.03887441090858194, 0.03933330005790043, 0.03987867609196142, 0.04051378042718009, 0.04124259672934653, 0.04206988270373881, 0.043001214312826656, 0.0440430419912027, 0.04520275879200137, 0.04648878061352315, 0.047910638836130184, 0.04947908575172114, 0.05120621318902571, 0.053105584615740754, 0.055192380814347394, 0.05748355885325661, 0.05999802357230249, 0.06275681002134956, 0.06578327427614027, 0.06910328863064491, 0.07274543535261357, 0.07674119078623473, 0.08112508860401446, 0.08593484723179085, 0.09121144192734244, 0.09699909649460897, 0.10334516328546799, 0.11029985291514889, 0.11791576735027888, 0.12624718195827264]
5.960000000000165	1.9937736394913914	[0.13617854439140545, 0.14607690109215068, 0.15683885877215206, 0.16850868323610682, 0.18112249412089879, 0.1947047216027577, 0.20926394341874402, 0.22478813480904372, 0.24123942294112907, 0.2585485151497409, 0.2766090618463355, 0.2952723199832814, 0.3143425895691105, 0.3335739960559978, 0.35266926479202393, 0.37128116483401474, 0.3890172624451019, 0.4054485044645694, 0.42012192999561504, 0.4325774870435753, 0.44236851665162685, 0.44908499641342947, 0.4523781541652914, 0.4519846421400863, 0.44774817274592293, 0.4396364345236399, 0.42775127992891576, 0.4123306289675211, 0.3937412380837075, 0.3724623750083056, 0.3490614043697214, 0.3241631925534209, 0.2984159446338839, 0.2724564803775066, 0.24687797415743365, 0.22220282301709482, 0.19886262746694533, 0.17718638286193425, 0.1573970256366149, 0.13961559994159844, 0.12387162339149728, 0.11011780815168952, 0.09824715721028186, 0.08811057722395935, 0.0795334666187313, 0.07233016801859304, 0.06631563677466466, 0.06131410255926262, 0.05716484376899251, 0.053725431110537035, 0.05087292814285692, 0.04850357567720051, 0.046531458767677905, 0.044886583030472965, 0.043512695948379865, 0.042365094422589025, 0.04140857580685806, 0.04061562022401284, 0.039964840954434235, 0.039439704053837246, 0.03902749740222033, 0.03871851789453623, 0.03850544224480302, 0.03838284730072575, 0.03834684968996574, 0.03839483874171809, 0.03852528184409689, 0.038737585391355384, 0.03903199874286512, 0.039409551369502596, 0.03987201630791842, 0.04042189461621007, 0.04106241742918807, 0.04179756296717553, 0.042632087086839215, 0.04357156622651178, 0.04462245243700345, 0.045792140168710214, 0.04708904508643771, 0.04852269498002717, 0.05010383326705906, 0.051844535216872746, 0.05375833727453135, 0.05586037928442087, 0.05816755941209355, 0.0606987006558997, 0.06347472744533966, 0.06651884939354007, 0.06985674825696768, 0.07351676192128456, 0.07753005728594348, 0.08193078052148625, 0.08675616992980338, 0.09204661170531311, 0.09784561405498067, 0.10419966847993102, 0.11115796063524702, 0.11877188519679517, 0.12709431216740139]
5.920000000000165	2.0130361898895814	[0.1370118145345394, 0.14688017765912037, 0.1575994363061137, 0.16921163844618786, 0.18175054816311095, 0.19523816839298516, 0.20968067249847536, 0.225063782063979, 0.2413476842851665, 0.25846165908969765, 0.27629867236290706, 0.29471029341129307, 0.3135023937613277, 0.33243217985516965, 0.35120717730620804, 0.36948681193418065, 0.38688719113776177, 0.40298957191531753, 0.4173527845913034, 0.42952957374453415, 0.4390864205747146, 0.44562596566878837, 0.4488106946085783, 0.44838615505275126, 0.4442017026499514, 0.43622670094032917, 0.4245602669371099, 0.40943308645809023, 0.3912004912578158, 0.3703268350758162, 0.34736211760775576, 0.3229126628827259, 0.2976083281601827, 0.2720690994864092, 0.24687395543458984, 0.2225345495282202, 0.19947562742380184, 0.17802326141014116, 0.1584010827422795, 0.14073385478834727, 0.12505706862159033, 0.1113308269347266, 0.09945613630168834, 0.08929182657904237, 0.0806706049749869, 0.07341315240082455, 0.06733960733818813, 0.062278188496221284, 0.05807104064860695, 0.05457762121872708, 0.05167608040811988, 0.0492631327869523, 0.047252899153793944, 0.04557513280720527, 0.044173160966390186, 0.04300178196245283, 0.0420252788849665, 0.0412156417862795, 0.04055104084158518, 0.04001455609758355, 0.03959314856565902, 0.03927684421611371, 0.03905809911356946, 0.038931312811164805, 0.03889246122034218, 0.038938823091291375, 0.03906877989995895, 0.03928167200457594, 0.03957769880674287, 0.039957852645244915, 0.04042387976033149, 0.04097826256306835, 0.04162422001714441, 0.0423657230604546, 0.0432075238767981, 0.04415519747612548, 0.04521519550496586, 0.04639491158287086, 0.04770275866626196, 0.04914825813612463, 0.05074214132650744, 0.05249646324029584, 0.054424729036153155, 0.05654203268035904, 0.058865207749471626, 0.06141298883830657, 0.06420618224361255, 0.06726784252332053, 0.0706234511614093, 0.07430109067729342, 0.07833160627536499, 0.08274874306681974, 0.08758924444968617, 0.09289289164675248, 0.0987024605021926, 0.10506356437011352, 0.11202434668616244, 0.11963497828861248, 0.12794690895865554]
5.880000000000165	2.03263986831155	[0.1378487082115116, 0.14768505701099113, 0.15835936605430082, 0.16991147249621372, 0.18237280087570756, 0.1957629548504387, 0.2100857433596759, 0.22532468845436165, 0.2414381041263572, 0.25835392254810835, 0.27596451334743466, 0.2941218522926565, 0.3126334746841589, 0.3312597524605836, 0.349713077988575, 0.3676595752095609, 0.3847238992584822, 0.4004975851072283, 0.4145511795400465, 0.42645011070739586, 0.43577385541795094, 0.44213755659030207, 0.4452147979134993, 0.44475988658939186, 0.44062772935602096, 0.43278933530795966, 0.4213411291158812, 0.4065066803752971, 0.38863007851589315, 0.36816099062828495, 0.3456322947904621, 0.3216319998765109, 0.2967717942229813, 0.2716549351249096, 0.2468462203994806, 0.22284648197441018, 0.20007344896427634, 0.17885004552813202, 0.1594003369572945, 0.14185253910722473, 0.12624787212326694, 0.11255362896739801, 0.10067867813611951, 0.09048969430811968, 0.08182667603798659, 0.07451667636421618, 0.06838508976586276, 0.06326422101922172, 0.058999189675348424, 0.055451447636317194, 0.052500331256063834, 0.050043114126670514, 0.04799402213297914, 0.04628260868542164, 0.04485181837900714, 0.043655975275238915, 0.042658862558576705, 0.04183198641991248, 0.04115307507990336, 0.0406048197983377, 0.04017385025908882, 0.039849915681815076, 0.03962524576646449, 0.039494056888483474, 0.039452179168011775, 0.03949677591357561, 0.03962613875092288, 0.03983953827237223, 0.040137120996065014, 0.04051983927401277, 0.04098941031793678, 0.04154829557319874, 0.042199699961326845, 0.042947585036627656, 0.0437966975024599, 0.044752608772893, 0.04582176807613202, 0.04701156569922212, 0.048330409403383776, 0.04978781104770195, 0.05139448663599824, 0.053162466871883265, 0.05510522129524778, 0.057237792689326404, 0.059576944253006095, 0.06214131520667326, 0.06495158606754799, 0.06803064729440234, 0.07140377020792674, 0.0750987704947993, 0.07914615926033891, 0.08357926651285698, 0.08843432585741656, 0.09375049719515137, 0.0995698072430671, 0.10593697358761214, 0.11289908038860884, 0.1205050579880375, 0.1288049216000927]
5.840000000000165	2.052593142030072	[0.13868909854362618, 0.14849133982047338, 0.15911837450530225, 0.17060783604276275, 0.18298882787175677, 0.19627858269184498, 0.21047858778346834, 0.2255702201880176, 0.24150999033191614, 0.2582245623470918, 0.2756058003461867, 0.29350617995470235, 0.31173499414554284, 0.33005586308393015, 0.34818611300430125, 0.3657986045723017, 0.3825265471131791, 0.39797171818510113, 0.411716305961279, 0.4233383062703713, 0.43243004711386707, 0.4386190109941918, 0.44158972076180314, 0.44110510586911256, 0.4370255327686196, 0.42932362537857865, 0.4180931594515212, 0.4035507049615148, 0.38602929148187953, 0.36596412612166385, 0.3438712097205066, 0.32032046454816204, 0.29590559206890876, 0.271213229671943, 0.24679401433717124, 0.223137883289959, 0.20065539172147703, 0.17966609381510298, 0.16039422905700562, 0.14297119825847163, 0.12744370263469357, 0.11378602038444094, 0.10191473344109862, 0.0917042765003775, 0.08300191491716295, 0.07564110255935518, 0.06945255793892449, 0.06427276687783436, 0.05994993047992168, 0.05634760394179166, 0.053346410185336264, 0.05084427005907954, 0.048755585923645775, 0.04700976721001153, 0.045549415506671596, 0.044328407932854294, 0.043310043405645704, 0.04246535267784568, 0.04177162364395551, 0.041211157458360244, 0.040770247878828096, 0.04043836247874109, 0.04020749837054853, 0.040071683495418245, 0.04002659643197666, 0.04006928066454374, 0.04019793331005858, 0.04041175188572002, 0.04071082639250027, 0.041096066740240765, 0.04156915820256155, 0.04213253932954205, 0.042789398480080384, 0.04354368610199352, 0.04440014097777505, 0.0453643291210382, 0.0464426946968196, 0.0476426225007347, 0.04897251196803733, 0.05044186264156372, 0.052061371276232886, 0.05384304053605565, 0.05580029929594338, 0.05794813411794575, 0.06030323126738779, 0.0628841278653609, 0.06571137017517513, 0.06880767575001408, 0.07219809496949525, 0.07591016547403395, 0.07997405093334502, 0.08442265251872533, 0.08929167820747153, 0.09461965065847963, 0.10044782979411285, 0.10682002045114135, 0.11378222967678553, 0.1213821316166657, 0.12966829201089417]
5.800000000000165	2.0729047409804426	[0.13953284731709595, 0.14929881265504, 0.15987617023604306, 0.17130035922768827, 0.18359818060679228, 0.196784527241623, 0.21085860787480779, 0.22579971210508828, 0.24156261663074574, 0.25807280012819905, 0.2752217115439469, 0.29286242197857804, 0.3108060746002987, 0.3288196217689343, 0.3466253882287068, 0.36390301025171595, 0.3802942545716555, 0.395411105731076, 0.4088473149304478, 0.42019332974563545, 0.4290541823047634, 0.43506953249031544, 0.4379346815595275, 0.437421044834974, 0.4333943557285829, 0.42582882291515367, 0.41481561521184673, 0.40056441974321466, 0.383397387443175, 0.3637354925389919, 0.3420781031330472, 0.3189772854884319, 0.29500893887583046, 0.2707431938461453, 0.24671655122102124, 0.22340798545582558, 0.20122072502922647, 0.18047073535986632, 0.16138217184332845, 0.1440893515031754, 0.12864420581444858, 0.11502778768539171, 0.1031642380498304, 0.09293565933008649, 0.0841965529026112, 0.07678679569233919, 0.07054249436768353, 0.06530440723601261, 0.06092392314574982, 0.05726680895323883, 0.05421507668630129, 0.05166738421236142, 0.04953838518784279, 0.047757403082491906, 0.04626673956333344, 0.04501985384088307, 0.0439795790021428, 0.04311647969915194, 0.042407407099581136, 0.04183427109955361, 0.041383026224173766, 0.04104285315097592, 0.04080551103271644, 0.04066483348301797, 0.04061634239912105, 0.040656956308716796, 0.04078477365995669, 0.040998914817525815, 0.04129941008461334, 0.04168712372734252, 0.04216370660576556, 0.042731571729518636, 0.04339388879576275, 0.044154594730867, 0.045018418362569756, 0.045990917817454985, 0.047078529939864326, 0.04828863118756691, 0.04962960990306796, 0.05111094980980789, 0.05274332483304473, 0.054538705111641585, 0.0565104741207287, 0.0586735563680099, 0.06104455491753944, 0.06364189721157933, 0.06648598705959319, 0.06959935938506093, 0.07300683312886921, 0.07673565569836961, 0.08081563031135115, 0.08527921456275162, 0.09016157538262144, 0.0955005812752763, 0.10133670829150103, 0.10771283062830991, 0.11467386125414412, 0.12226620168516797, 0.13053695455004807]
5.760000000000165	2.0935836672041312	[0.14037980453478455, 0.15010724641742423, 0.16063244307168945, 0.17198864965016247, 0.1842003851762004, 0.19728023497310834, 0.21122517454193165, 0.2260124648446229, 0.2415952208292858, 0.2578978192138519, 0.2748113857732658, 0.2921896828319181, 0.30984579700580517, 0.32755009587278017, 0.3450299669941684, 0.36197185919909725, 0.3780260987411107, 0.3928148391622625, 0.405943315106235, 0.4170143078723941, 0.42564540594477396, 0.4314882830450101, 0.43424885803141083, 0.43370689497133497, 0.42973340161593926, 0.4223041405980241, 0.4115077155740505, 0.39754704665166984, 0.38073358702179355, 0.36147430474230197, 0.3402521804301165, 0.31760165645814775, 0.29408101756982524, 0.27024400454147657, 0.2466130116282974, 0.22365598757421892, 0.201768685950795, 0.1812632680533592, 0.16236354831246563, 0.14520649057573215, 0.12984900260816362, 0.1162786966355672, 0.10442711157825689, 0.09418391840748642, 0.08541081660648271, 0.07795412247315156, 0.07165538995167482, 0.06635973833861565, 0.061921848686595095, 0.058209808155248705, 0.05510712144029138, 0.05251327561018456, 0.05034325286061393, 0.04852635185538398, 0.04700461996146687, 0.04573113031959696, 0.04466827053113274, 0.043786150504157635, 0.04306118936590276, 0.04247490583436536, 0.04201291230072181, 0.041664097952025206, 0.04141997857402597, 0.04127418787006688, 0.0412220856521285, 0.04126046049983581, 0.041387307678165515, 0.041601666396157394, 0.04190350370587018, 0.04229363508395743, 0.04277367413825777, 0.04334600574599874, 0.04401377849366499, 0.04478091342179161, 0.045652127025765744, 0.046632967100177725, 0.04772986056228, 0.048950172710220695, 0.05030227766077843, 0.051795639814909096, 0.0534409062923432, 0.05525001019061465, 0.05723628441632691, 0.059414585524988656, 0.06180142663215955, 0.06441511782438801, 0.06727591173121512, 0.07040615080162328, 0.07383041147579361, 0.07757563861897203, 0.08167126140121683, 0.08614927901771396, 0.09104430138039711, 0.09639352594384104, 0.1022366273549339, 0.10861553148795966, 0.11557403999913908, 0.12315726584830851, 0.1314108349416984]
5.720000000000165	2.114639204660306	[0.14122980721599804, 0.15091639537551854, 0.16138686238551203, 0.17267229095606593, 0.18479494014524694, 0.19776512169808472, 0.21157762490710819, 0.22620774269031724, 0.24160700186929937, 0.25769876217421517, 0.27437391929468885, 0.29148702322328096, 0.3088531974024157, 0.3262463072699928, 0.34339886654560675, 0.3600041721949857, 0.3757211103657527, 0.39018196378664555, 0.40300336913615914, 0.41380032185892474, 0.4222028177654421, 0.4278743800404625, 0.43053138379208544, 0.4299618044070721, 0.42604183106399424, 0.4187487491955203, 0.4081686385113258, 0.3944977672831604, 0.3780370712568129, 0.3591797388440786, 0.33839260897660806, 0.3161927338912816, 0.2931209743464405, 0.26971480247856106, 0.24648254049160154, 0.2238810536802628, 0.20229847726226946, 0.1820429565757602, 0.1633377098838119, 0.1463220778835613, 0.13105768777170768, 0.11753849076201307, 0.1057032563456786, 0.09544911770807679, 0.08664492743007784, 0.07914345114314755, 0.07279174414570026, 0.06743937177575898, 0.06294441000906138, 0.05917737475853691, 0.05602336807907425, 0.05338280048058537, 0.051171062606307154, 0.049317492355969536, 0.04776393129683948, 0.046463100962742004, 0.045376966106967176, 0.04447519510914487, 0.043733781209797755, 0.043133853089701815, 0.04266067885767549, 0.0423028520755974, 0.04205164002751767, 0.04190047101945219, 0.04184453738257069, 0.041880492671843045, 0.04200622434536135, 0.04222068629850809, 0.04252377863163177, 0.042916264715354674, 0.04339971791512909, 0.04397649221549739, 0.04464971249525791, 0.04542328137917565, 0.04630190050366834, 0.047291104716070835, 0.04839730824115489, 0.0496278622106396, 0.050991123203598956, 0.052496532585639695, 0.05415470648680294, 0.05597753620393046, 0.057978298661484365, 0.060171776282422824, 0.0625743852015729, 0.06520431015001939, 0.06808164352897274, 0.07122852511203695, 0.07466927743024145, 0.078430530128337, 0.08254132439096658, 0.08703318584588239, 0.09194015112866928, 0.09729872949169457, 0.10314777648797512, 0.1095282519033408, 0.11648282891964311, 0.12405531621268583, 0.1322898497667704]
5.680000000000165	2.1360809294192977	[0.142082678332574, 0.1517259958246931, 0.16213907551326617, 0.17335084099010686, 0.18538131447524817, 0.1982385702527488, 0.21191525979864137, 0.2263847708526756, 0.2415971169548659, 0.257474727779636, 0.2739083626356444, 0.2907534568031483, 0.307827263541647, 0.324907228878063, 0.34173105453060926, 0.35799892026928104, 0.3733782702440508, 0.3875114751797665, 0.40002649005805097, 0.4105504037698989, 0.4187254687105778, 0.4242268927189137, 0.42678134485587144, 0.42618487445540465, 0.42231875857868206, 0.41516177423146333, 0.40479751755064225, 0.39141571972091405, 0.3753069785252178, 0.3568509292065666, 0.3364985152056442, 0.3147496340910742, 0.29212791597825555, 0.26915468961239775, 0.24632424462125874, 0.22408231037138188, 0.20280926519980355, 0.18280903026065234, 0.16430397439392624, 0.14743554464097453, 0.13226982816831137, 0.11880688983959602, 0.1069925560861578, 0.09673130854881996, 0.08789910084819366, 0.08035515110962041, 0.07395206498106767, 0.06854393491951016, 0.06399233277982455, 0.06017031100126745, 0.05696467490715084, 0.05427685437576365, 0.05202273129852796, 0.05013174948390665, 0.04854559641366494, 0.04721667892118107, 0.046106564227123135, 0.045184494101680815, 0.044426043903147146, 0.04381195431177795, 0.043327148111026614, 0.042959919374331544, 0.04270128233488402, 0.04254445429954558, 0.04248445500826107, 0.0425177976054242, 0.04264225725797377, 0.04285669800545044, 0.0431609493772487, 0.0435557189222807, 0.0440425368362514, 0.04462372305823091, 0.04530237621845503, 0.04608237761109175, 0.04696841153484895, 0.04796599688896137, 0.049081532473112845, 0.050322351847834026, 0.05169679075217749, 0.05321426338108223, 0.054885350670089594, 0.056721896898099665, 0.05873711753799395, 0.06094571419837493, 0.06336399890942776, 0.06601002249896586, 0.06890370797030718, 0.07206698163163953, 0.07552390056329268, 0.07930076589965698, 0.08342621679120171, 0.08793128953450344, 0.09284943119748451, 0.09821644515897805, 0.10407035031477498, 0.11045112224235086, 0.1174002888787961, 0.124960338805287, 0.13317390565738638]
5.640000000000165	2.1579187202529684	[0.14293822586292473, 0.15253576437449823, 0.16288870625221813, 0.1740238295026623, 0.18595894550395797, 0.19869992767334804, 0.21223734127007787, 0.22654273218329551, 0.24156467868295303, 0.25722476733787913, 0.273413717412053, 0.28998794621494217, 0.30676693147788575, 0.3235317805125733, 0.34002544543407226, 0.3559550204455004, 0.37099650557025954, 0.38480231489527855, 0.39701163760313873, 0.40726353227136447, 0.41521235724711836, 0.42054483802058046, 0.4229977759944712, 0.42237515559358857, 0.41856324897661723, 0.4115422921465547, 0.40139343832111407, 0.3882999949107369, 0.3725424012287112, 0.3544869650583354, 0.3345689814706643, 0.31327143010881997, 0.29110090685640455, 0.26856272628823774, 0.2461371899555382, 0.22425884424905804, 0.20330017693602576, 0.18356068083235783, 0.16526162382494006, 0.14854628893729097, 0.1334849608129582, 0.12008358837060758, 0.10829487442773676, 0.09803052861861931, 0.08917354549193596, 0.08158959269979432, 0.07513686892821758, 0.06967407155125505, 0.06506636618957928, 0.06118944971718212, 0.0579319365852532, 0.055196374635131044, 0.052899221528673566, 0.05097009742223862, 0.049350589561342695, 0.047992830657544276, 0.04685801736836981, 0.04591498272829234, 0.045138893063881046, 0.04451010520782433, 0.044013195676684526, 0.04363615662515468, 0.0433697442678942, 0.043206960290714205, 0.043142646021590916, 0.04317316953055739, 0.04329618837202252, 0.04351047277960979, 0.04381577722351457, 0.04421275024604178, 0.044702875087234625, 0.045288434987231896, 0.04597249894915226, 0.046758924498480965, 0.047652375294520925, 0.04865835174117614, 0.04978323365864729, 0.051034334058392875, 0.052419963700358556, 0.053949505870145284, 0.05563350123601713, 0.05748374220659798, 0.059513376420074926, 0.06173701832433733, 0.06417086775089412, 0.06683283339098994, 0.06974265864992639, 0.07292204589244941, 0.07639477412265575, 0.08018680301747165, 0.08432635453046057, 0.08884396029039036, 0.093772460407753, 0.09914693530669283, 0.10500454865075186, 0.11138427454698488, 0.11832647808723416, 0.1258723131952412, 0.1340628981870811]
5.600000000000165	2.1801627696369588	[0.14379624102086802, 0.1533453968102088, 0.1636353524164691, 0.17469075643466342, 0.18652723586719291, 0.19914850295568606, 0.21254308895454496, 0.2266807644790101, 0.2415087509179534, 0.25694788162374743, 0.2728889318237092, 0.28918939973304286, 0.30567108079023386, 0.32211882531138597, 0.3382808956304913, 0.3538713320195941, 0.36857468491512885, 0.3820533666564753, 0.3939577131945064, 0.40393862878360576, 0.4116624244601885, 0.41682717673872643, 0.4191796559956186, 0.41853164365538115, 0.4147743128619569, 0.4078893265599558, 0.39795543429210084, 0.3851496330222068, 0.3697423818263572, 0.3520868869859309, 0.3326030423981212, 0.31175714839690044, 0.2900389656817086, 0.26793792808472433, 0.24592039860133647, 0.22440969897710214, 0.20377029797659857, 0.18429705970871174, 0.16620990207776343, 0.1496536733315488, 0.1347025910750589, 0.12136825357020296, 0.10961005363654304, 0.09934680051068788, 0.09046846259876128, 0.08284714643121534, 0.07634668122746462, 0.07083044203949325, 0.06616728428539673, 0.06223565550610853, 0.05892608647945189, 0.05614234251536608, 0.05380154486859292, 0.05183356258490182, 0.05017994037859801, 0.048792579503753916, 0.04763233646341144, 0.04666765484239366, 0.045873303408670865, 0.045229259893674725, 0.04471975542616492, 0.04433247773440076, 0.04405792126698226, 0.04388886695536539, 0.04381997273814466, 0.04384745620835124, 0.04396885262340131, 0.04418283363193214, 0.044489074691397096, 0.044888161306740865, 0.04538152646167948, 0.04597141321025875, 0.046660858006813556, 0.04745369135196606, 0.048354553397240756, 0.049368922692201334, 0.05050315693086657, 0.05176454477761043, 0.05316136825242659, 0.05470297514830052, 0.056399861139359554, 0.05826376102725696, 0.06030774854604018, 0.06254634370004715, 0.06499562631477693, 0.06767335371621148, 0.07059907978495415, 0.07379427141251287, 0.07728241718801236, 0.08108912129250782, 0.08524217366498525, 0.08977158483591668, 0.0947095710405026, 0.100090471632541, 0.10595057716223362, 0.11232784211658674, 0.11926145217569342, 0.12679121140747965, 0.1349567113365482]
5.560000000000165	2.2028235951807678	[0.1446564972473025, 0.15415456583462359, 0.16437858416651316, 0.17535108893957166, 0.18708555120993425, 0.1995835634156689, 0.21283167722501045, 0.22679795626542593, 0.24142834548563477, 0.2566430161886227, 0.2723328969742449, 0.28835666621103956, 0.3045385306197534, 0.32066716443586196, 0.3364961992223111, 0.35174665112396386, 0.3661116139386557, 0.3792634508847248, 0.39086355559664554, 0.4005745520650348, 0.4080745496920676, 0.41307280823783904, 0.4153259033361282, 0.4146532747492765, 0.41095090237253407, 0.40420184344077337, 0.3944824826283735, 0.38196361891576985, 0.36690590883397434, 0.34964968273036134, 0.3305996810664924, 0.31020576496132735, 0.2889410618575394, 0.26727926234185534, 0.24567284547141896, 0.22453387219784984, 0.2042186690713645, 0.18501727531839618, 0.1671480121931536, 0.1507570226105514, 0.13592219028504837, 0.12266052364996712, 0.11093791274075519, 0.10068013067924497, 0.09178404483971056, 0.08412818282754138, 0.07758203561727281, 0.07201372418128218, 0.06729588674376981, 0.06330982668283268, 0.059948098513145275, 0.057115786205655085, 0.0547307647100372, 0.05272322754168395, 0.05103473753102214, 0.04961701026735747, 0.04843059510218921, 0.04744356794784085, 0.04663031329097918, 0.04597043615934883, 0.04544782417584074, 0.04504985906213282, 0.04476677014966093, 0.04459111291233931, 0.04451735694123937, 0.044541564091759, 0.04466114246193223, 0.04487466033580462, 0.04518170994156322, 0.04558280965551105, 0.04607933861315261, 0.04667349611235289, 0.04736828283870187, 0.04816749891760797, 0.04907575782077925, 0.050098512776925695, 0.051242095890818885, 0.05251376755340359, 0.05392177694429483, 0.05547543162282281, 0.05718517716888871, 0.05906268484619078, 0.061120948000279146, 0.06337438467498142, 0.06583894642273914, 0.06853222970498922, 0.07147358845165445, 0.07468424225814865, 0.0781873764390804, 0.08200822535556514, 0.08617413160854405, 0.09071456797274394, 0.09566110945977033, 0.10104733614644149, 0.10690864732030718, 0.11328195984680609, 0.1202052634310567, 0.1277169975929992, 0.13585521598351133]
5.520000000000165	2.22591205150178	[0.14551874847465482, 0.1549629191995455, 0.16511794148651404, 0.1760042587716414, 0.1876332169242419, 0.20000433139710408, 0.2131022312699622, 0.22689334291183402, 0.2413224176862965, 0.2563090569862925, 0.2717444419347702, 0.28748853032869354, 0.3033680344004746, 0.31917553204700777, 0.3346700825515744, 0.3495797055329099, 0.36360602978732687, 0.37643131942362174, 0.38772793529247673, 0.39717009293295913, 0.4044475449812881, 0.409280565237721, 0.41143537075317965, 0.4107389201625552, 0.40709190594197225, 0.40047874618055995, 0.39097349919205904, 0.37874087742658274, 0.3640319121077466, 0.34717428272184175, 0.32855782460817334, 0.3086162011842482, 0.28780611144161283, 0.26658564430402126, 0.24539345461171092, 0.22463031202361608, 0.20464428293800518, 0.18572038997197834, 0.16807511350714147, 0.15185562108826728, 0.13714319338862951, 0.12396000564793795, 0.11227824581158506, 0.10203050796347608, 0.09312047541190352, 0.08543307184004327, 0.07884347443773669, 0.07322461370670251, 0.06845300013132483, 0.0644128969635135, 0.0609989896188681, 0.05811778366661252, 0.055687999809418645, 0.053640234856050545, 0.05191613314497077, 0.05046727383400024, 0.049253934599770045, 0.048243848309181776, 0.047411030152128955, 0.04673472085588197, 0.04619846731267109, 0.04578934490627698, 0.045497314759540525, 0.04531470289582223, 0.04523578545680929, 0.04525646368454226, 0.045374013296009805, 0.04558689464479358, 0.04589461205925596, 0.04629761282923977, 0.04679721816464708, 0.0473955801342701, 0.04809565994285469, 0.04890122406671051, 0.049816855629998415, 0.05084797913063902, 0.052000897114340444, 0.053282837803591145, 0.05470201290785265, 0.05626768501102235, 0.057990243934956304, 0.05988129143635559, 0.06195373338045914, 0.06422187825709008, 0.06670154042325176, 0.06941014586763844, 0.0723668374448737, 0.07559257550775106, 0.07911022851292523, 0.08294464657341508, 0.08712270891672129, 0.09167333387652246, 0.09662743725439395, 0.10201782177490198, 0.10787897683809347, 0.11424676408542601, 0.12115796048160299, 0.1286496270962784, 0.13675826881015277]
5.480000000000165	2.2494393425599877	[0.14638272717645848, 0.15577007763844175, 0.1658529313613515, 0.17664965939099897, 0.18816951450696995, 0.20040998061774645, 0.21335382271706577, 0.2269659023139892, 0.24118986129442088, 0.2559448255063158, 0.2711223282443719, 0.28658370729734817, 0.3021582739901984, 0.3176425897027563, 0.33280119808686137, 0.34736914886364695, 0.36105659485409874, 0.37355564964435384, 0.3845495482214885, 0.39372396836150975, 0.4007801488708767, 0.4054492079798743, 0.4075068392010954, 0.4067873806606993, 0.40319614247071495, 0.39671887008103995, 0.387427332983018, 0.3754802680893273, 0.3611192576012778, 0.3446595550865753, 0.3264763393251339, 0.30698731915479177, 0.2866329726572256, 0.2658559328131119, 0.24508109513919102, 0.22469791312558687, 0.20504608065521007, 0.1864054163810596, 0.16899031853497487, 0.15294870961474777, 0.13836499639607072, 0.12526627303302607, 0.11363082011185527, 0.10339790195821552, 0.094477927079187, 0.08676218219799119, 0.08013154877307845, 0.07446382480589665, 0.06963947930610759, 0.06554583727863124, 0.06207982243957781, 0.05914946570460341, 0.0566744281911386, 0.05458579126370023, 0.052825347700320054, 0.05134459220353432, 0.050103569606676335, 0.04906969656950789, 0.04821663657710832, 0.04752327584209063, 0.04697282506502629, 0.04655205357835317, 0.046250652281337484, 0.04606071382018361, 0.0459763163997624, 0.045993195507344216, 0.046108489603039184, 0.04632054610941052, 0.046628776991677334, 0.0470335539899074, 0.04753613645213404, 0.04813862521664837, 0.048843938403038994, 0.04965580502892959, 0.05057877428747344, 0.05161823799153571, 0.052780465217245665, 0.05407264756121443, 0.05550295466162307, 0.05708059879281194, 0.058815908347020704, 0.060720408971764346, 0.06280691191317282, 0.06508960783274703, 0.0675841648865754, 0.07030782825436212, 0.0732795184845884, 0.07651992397767549, 0.080051582647366, 0.08389894516114586, 0.08808841128910189, 0.09264832751523161, 0.09760893252260508, 0.10300223300982489, 0.10886179016977149, 0.1152223924483916, 0.12211958795857447, 0.12958904539560875, 0.13766571109914982]
5.440000000000165	2.273417034470735	[0.14724814261607086, 0.15657563211076858, 0.16658302508499026, 0.1772866422545797, 0.1886936779858224, 0.2007996315843005, 0.21358546526803138, 0.22701454954287675, 0.24102950351839397, 0.2555490727890237, 0.2704652443247205, 0.28564083638522914, 0.30090785367304257, 0.3160669195389176, 0.3308881181412342, 0.3451135535518376, 0.35846189032830894, 0.3706350373434787, 0.3813270092649021, 0.39023481441530244, 0.3970710199183052, 0.4015774172953162, 0.4035390114626457, 0.4027973797723011, 0.3992623551043399, 0.39292097592537345, 0.38384276014193436, 0.37218057905434004, 0.3581667416465901, 0.34210429995871416, 0.32435402529854773, 0.30531791642214756, 0.2854204408796323, 0.26508892554201785, 0.24473457664870416, 0.22473551248102167, 0.20542294753034426, 0.18707131395389015, 0.16989268935110077, 0.1540354824753647, 0.13958695336048044, 0.12657886331461451, 0.114995373819839, 0.1047822615062141, 0.09585656084958476, 0.08811588100137083, 0.08144681830980917, 0.07573209102539222, 0.07085620863089011, 0.0667096580871472, 0.06319170795206817, 0.06021201967874843, 0.05769129108897683, 0.05556117260622092, 0.05376367507289435, 0.05225026438558636, 0.05098079396684212, 0.04992239430755847, 0.0490483966762506, 0.0483373449234479, 0.04777211915600225, 0.04733918449889087, 0.04702795997482182, 0.04683030187111955, 0.04674008585894472, 0.04675287708106849, 0.04686567148518014, 0.047076698891567036, 0.04738527392765285, 0.04779168853533034, 0.04829713569990253, 0.048903661185295, 0.049614135838757, 0.05043224753373428, 0.051362507356549264, 0.05241027057693353, 0.05358176828419604, 0.05488415105703761, 0.05632554122952558, 0.0579150954615602, 0.0596630743759702, 0.06158092089805131, 0.0636813438022938, 0.06597840759732677, 0.06848762447053557, 0.07122604837574069, 0.0742123655204745, 0.07746697955387113, 0.08101208333820004, 0.08487171284059082, 0.08907177148951252, 0.09364001654918631, 0.09860599096789491, 0.10400088697056446, 0.10985731870428095, 0.11620898397797222, 0.12309018572809367, 0.13053518731351188, 0.13857736697107972]
5.400000000000165	2.297857068813231	[0.14811467828921598, 0.15737914132754327, 0.16730765461012084, 0.17791451331860617, 0.18920488924179057, 0.2011723471549647, 0.213796109098798, 0.22703813158292763, 0.24084009861432826, 0.2551204734768313, 0.26977179846286403, 0.2846584744289121, 0.29961529267398296, 0.3144470173866052, 0.32892932707868006, 0.34281140371179625, 0.3558204082445319, 0.3676679894694766, 0.3780588442734744, 0.38670117895100375, 0.39331872882233826, 0.39766378737496627, 0.3995305044777048, 0.39876755670867836, 0.3952892038501984, 0.3890837431167231, 0.3802184769270809, 0.3688405205077893, 0.35517308435281125, 0.33950724324113546, 0.32218961026411563, 0.3036067201539057, 0.28416724303704066, 0.2642833536044617, 0.24435264418249616, 0.22474188448436327, 0.20577370867670958, 0.18771698445922452, 0.1707812338225559, 0.1551150836804319, 0.14080837335174767, 0.1278972750807621, 0.1163716138901388, 0.10618351267464192, 0.09725652493249103, 0.08949453287272491, 0.0827898516211661, 0.07703016581894186, 0.07210410376370105, 0.06790541145931289, 0.06433580881963737, 0.06130669310317229, 0.05873989776234344, 0.05656772878899321, 0.054732488581274295, 0.053185672439701126, 0.0518869876847367, 0.05080331084207945, 0.04990766365115299, 0.049178261118342066, 0.04859766068592993, 0.0481520256771293, 0.04783050315621394, 0.04762471001712918, 0.0475283158266369, 0.04753671034955967, 0.04764674245149582, 0.047856519023999566, 0.04816525287556568, 0.04857315115021784, 0.04908133635991451, 0.04969179456369927, 0.05040734548139849, 0.05123163135842362, 0.05216912129038573, 0.05322512933783006, 0.054405844341533345, 0.05571837064406772, 0.057170778259531985, 0.058772162071630045, 0.06053270876966214, 0.06246377104425164, 0.06457794748053532, 0.0668891671602108, 0.0694127766354193, 0.0721656272183635, 0.07516615882696528, 0.07843447652589686, 0.08199241372339645, 0.0858635753945078, 0.09007335192482505, 0.0946488930065622, 0.09961902758068265, 0.10501411410865977, 0.11086580146887345, 0.1172066788001275, 0.12406978855548303, 0.13148797557534544, 0.13949304197731136]
5.360000000000165	2.322771776453298	[0.14898198973072954, 0.15818012826126224, 0.168026209176633, 0.17853252835575895, 0.18970227353070107, 0.2015271267596382, 0.2139846353856278, 0.22703542059047976, 0.24062032155882837, 0.25465761827459144, 0.269040511790741, 0.2836350876745004, 0.2982790176102481, 0.31278128417608636, 0.326923213397102, 0.3404610862781355, 0.3531305433446192, 0.36465291516410475, 0.3747434818402898, 0.3831215127031244, 0.3895217502214558, 0.39370681702544785, 0.39547984126607316, 0.3946964578960341, 0.3912752577097561, 0.38520576157600267, 0.37655309213140925, 0.36545871701090077, 0.3521369223775426, 0.3368670294528933, 0.3199817428046739, 0.3018523805521432, 0.28287203128927507, 0.26343787559417653, 0.243933972455899, 0.22471573565797998, 0.20609712384435327, 0.1883412674579602, 0.1716549011126626, 0.1561866031879628, 0.1420285167361149, 0.12922096513310147, 0.11775921327457395, 0.10760155699162127, 0.09867795313080407, 0.09089849953472573, 0.08416122598378838, 0.0783588236939559, 0.07338411310013154, 0.06913419392772753, 0.06551334253399253, 0.06243479818705504, 0.05982163024812233, 0.057606889833816066, 0.055733247112568315, 0.054152288744183236, 0.052823624100413843, 0.05171391136813295, 0.050795887675024964, 0.05004745532561854, 0.04945085840995478, 0.048991962628960474, 0.048659643630154306, 0.048445276968749694, 0.048342322612290954, 0.04834599053854334, 0.04845297770033948, 0.04866126307974492, 0.04896995274363942, 0.04937916423153083, 0.04988994494449333, 0.050504216718226906, 0.05122474372517496, 0.05205511816356524, 0.05299976266824214, 0.054063945453024634, 0.055253808240578364, 0.05657640391137201, 0.05803974450598018, 0.059652856922149236, 0.06142584707414234, 0.0633699698142405, 0.06549770509625329, 0.06782283716854887, 0.07036053650993991, 0.07312744021324404, 0.07614172915029511, 0.07942319580224927, 0.08299329890455552, 0.08687519602482992, 0.09109374703066818, 0.09567547568032479, 0.10064847798160013, 0.1060422595468376, 0.11188748533580689, 0.11821561832612835, 0.1250584251040139, 0.13244731982135077, 0.14041252085259923]
5.320000000000165	2.3481738918992714	[0.14984970147316828, 0.15897807679229664, 0.1687380309073381, 0.179139888298032, 0.19018489379740464, 0.20186290054324837, 0.21414984946623467, 0.22700510698250007, 0.24036876022280815, 0.25415900615726156, 0.2682698096611568, 0.2825690432920703, 0.29689735326839156, 0.3110680169468706, 0.3248680601027171, 0.33806088169137927, 0.3503905832341705, 0.36158811628812976, 0.3713792434070323, 0.3794941597960072, 0.38567845289761643, 0.3897049002941396, 0.39138544135561526, 0.39058252782230446, 0.3872189854386287, 0.3812855229043705, 0.3728451182662515, 0.362033699061605, 0.3490568006149914, 0.3341822137677239, 0.3177289846167199, 0.3000534634434221, 0.2815333759417321, 0.26255107079765344, 0.24347715948234916, 0.22465569855459575, 0.20639188181630758, 0.1889429349634432, 0.17251257691748553, 0.15724907241083028, 0.14324659135723966, 0.1305493449800425, 0.11915780821536406, 0.10903626913396788, 0.10012096348012682, 0.09232813895252427, 0.08556152762234737, 0.07971886105796953, 0.07469721983084601, 0.07039714919322332, 0.06672558536206102, 0.06359771639679408, 0.060937949100989694, 0.05868017212204723, 0.05676750240278506, 0.055151683612133136, 0.05379227835726142, 0.052655765574759414, 0.05171462516904621, 0.05094646557880381, 0.05033322847855979, 0.04986048795671809, 0.04951684961819745, 0.04929344684714401, 0.0491835267588829, 0.04918211574827204, 0.04928575388971195, 0.049492287581324707, 0.04980071087896542, 0.050211047045223035, 0.05072426327871632, 0.05134221271479691, 0.05206759905207746, 0.05290396000990909, 0.05385566675520675, 0.05492793696498888, 0.05612685980950352, 0.0574594313897797, 0.05893359952111189, 0.06055831677170828, 0.06234360079957239, 0.06430060083579629, 0.06644166907432947, 0.0687804353016311, 0.0713318827535851, 0.07411242247286604, 0.07713996276640857, 0.0804339692763103, 0.08401551008555237, 0.08790727872722484, 0.09213358637241494, 0.09672031239121731, 0.10169480037075553, 0.10708568411928525, 0.11292262571989145, 0.11923594497868954, 0.12605611730588206, 0.13341311495836994, 0.14133556552070367]
5.280000000000165	2.374076568210563	[0.15071740371303857, 0.15977242779469267, 0.1694424099460697, 0.17973573384215252, 0.19065174437699348, 0.20217852260766658, 0.21429047324716302, 0.22694579147814964, 0.2400839066690895, 0.2536230354073038, 0.2674580120458168, 0.28145859962249875, 0.29546851232351207, 0.30930539852025046, 0.3227620339682858, 0.3356089532036942, 0.34759869738485677, 0.35847177655134604, 0.3679643321965416, 0.3758173468685725, 0.3817870888030506, 0.3856563157369149, 0.38724561004451863, 0.3864240985750034, 0.383118745164764, 0.3773214103005571, 0.3690929616393508, 0.3585638934880837, 0.3459311628266641, 0.3314512529731621, 0.315429801780203, 0.2982084418888405, 0.28014975743642834, 0.2616214315368398, 0.2429807193629732, 0.22456032491002523, 0.2066565940706211, 0.1895206854825624, 0.1733530780828121, 0.15830145924515945, 0.14446174822571778, 0.1318817770016201, 0.12056699518790928, 0.11048749444788582, 0.10158565669329206, 0.09378380448308692, 0.08699135193143342, 0.0811110972599806, 0.07604444416415888, 0.07169547122522185, 0.06797387665687679, 0.06479690361679905, 0.062090399698262314, 0.059789185433535015, 0.05783690707064601, 0.056185533880379064, 0.054794636787894126, 0.05363055738176701, 0.05266554912841228, 0.051876947528864556, 0.05124640532261009, 0.05075921222960208, 0.05040370689142825, 0.050170780191903894, 0.050053464192564144, 0.05004659789649266, 0.05014656014577486, 0.050351059750291326, 0.050658973831003394, 0.05107022619779314, 0.05158569894959176, 0.0522071714531928, 0.05293728211491004, 0.05377950910651842, 0.054738167171808835, 0.05581841809233133, 0.057026293057781084, 0.05836872537135524, 0.059853592332305784, 0.061489765095116236, 0.06328716549440491, 0.0652568285700121, 0.06741096949604217, 0.06976305313267062, 0.07232786413556512, 0.07512157479034648, 0.07816180713882008, 0.08146768483611884, 0.08505986917939912, 0.0889605721777877, 0.09319353806784239, 0.09778398261833728, 0.10275847763824018, 0.10814476562363044, 0.11397148726504079, 0.12026780196524076, 0.12706287954138742, 0.13438523938914385, 0.14226191272324312]
5.2400000000001645	2.4004933924792056	[0.15158464881918762, 0.16056257437928995, 0.17013857925235173, 0.1803191390001524, 0.1911017441773694, 0.20247276300305728, 0.21440513693242835, 0.22685597571739638, 0.23976414762990564, 0.2530479930858696, 0.26660332299282774, 0.2803018947481741, 0.29399058401910544, 0.30749148542160937, 0.3206031736741093, 0.33310333439662915, 0.34475292496102705, 0.3553019488519205, 0.364496820928547, 0.3720891704380447, 0.3778457808444501, 0.38155921398306203, 0.3830585264089569, 0.3822193777586878, 0.37897277275300917, 0.37331168696027195, 0.36529491119327845, 0.3550476124432144, 0.3427583410602416, 0.3286724951629858, 0.3130825548593547, 0.2963156866717475, 0.2787195572334469, 0.260647354544776, 0.24244307404377813, 0.22442807799441788, 0.20688978750565007, 0.19007313743113197, 0.17417514639852133, 0.1593426626579208, 0.1456730765177276, 0.1332175703675105, 0.12198632730248987, 0.11195504642650307, 0.10307211423253725, 0.09526584419631927, 0.08845130351406857, 0.08253637603058657, 0.07742684557376314, 0.07303040799747317, 0.0692596234164555, 0.06603389618419618, 0.0632806190192192, 0.060935641087646604, 0.058943223341727864, 0.057255632804391644, 0.055832507181406345, 0.054640096150370854, 0.05365046048549589, 0.05284068652609095, 0.052192153691253546, 0.051689876545268416, 0.05132193113244648, 0.05107896669297162, 0.05095379864356599, 0.050941075396201206, 0.051037010356124735, 0.05123916997729963, 0.05154630939108537, 0.05195824779560483, 0.052475777005110844, 0.053100597442673536, 0.053835277029971415, 0.0546832291430323, 0.055648706720657005, 0.05673681005996337, 0.05795350647305901, 0.05930566017111215, 0.06080107113462244, 0.0624485216973021, 0.0642578297440907, 0.06623990718203306, 0.0684068222975563, 0.070771864144076, 0.07334960680990076, 0.07615597067098896, 0.07920827713242878, 0.08252529227110997, 0.08612725381270253, 0.09003587436686981, 0.09427431243080622, 0.0988671007132591, 0.10384001950212333, 0.10921990048080503, 0.11503434435045091, 0.12131133327416288, 0.1280787174196026, 0.13536355327437025, 0.1431912710270697]
5.2000000000001645	2.4274384019050643	[0.152450947013931, 0.16134785680736585, 0.17082570831534044, 0.1808891041078577, 0.19153372854237802, 0.20274429897985782, 0.21449236921704667, 0.22673405196330443, 0.23940775326399372, 0.25243204343452635, 0.2657038182146607, 0.27909693386668727, 0.29246152086827737, 0.3056241945038037, 0.31838937590300975, 0.3305419153223582, 0.34185116057425813, 0.35207654118387854, 0.3609746374762619, 0.36830758279622244, 0.37385250865613734, 0.3774116038147199, 0.37882222937836413, 0.37796643492502124, 0.3747791683415477, 0.3692544830018399, 0.3614491256410873, 0.3514830409548212, 0.33953654350852797, 0.3258441680320824, 0.3106854876014057, 0.2943734554529767, 0.27724104746164735, 0.2596271310938928, 0.24186254402625704, 0.2242573238225666, 0.20708989631539934, 0.19059882153593524, 0.17497744175153762, 0.16037150641006104, 0.1468795981524172, 0.13455597626000113, 0.12341531051592483, 0.11343870368244455, 0.10458039643488183, 0.09677459990283951, 0.08994199652969463, 0.0839955668621112, 0.07884552562425856, 0.07440326541560609, 0.0705843056953064, 0.06731031737689602, 0.06451034354735648, 0.06212136079502788, 0.060088333146507765, 0.058363900901018395, 0.05690783064150598, 0.05568632904434548, 0.05467130123622717, 0.05383961101192237, 0.0531723825763021, 0.052654366515009765, 0.05227338225967623, 0.05201983941685825, 0.051886336063819316, 0.05186732736149477, 0.05195885746061302, 0.052158345824172295, 0.052464420604519474, 0.052876791116499566, 0.05339615358157242, 0.05402412405132432, 0.0547631945387908, 0.05561670804120795, 0.05658885001062673, 0.05768465327949809, 0.05891001503280789, 0.060271723655354686, 0.061777494603913755, 0.06343601349480135, 0.06525698568378394, 0.06725119046347573, 0.06943053886216487, 0.07180813266001108, 0.07439832284890441, 0.07721676412676456, 0.08028046233402003, 0.08360780976657246, 0.08721860326805925, 0.09113403762422466, 0.09537666636746683, 0.09997031928867282, 0.10493996519840013, 0.11031150533448772, 0.11611148193560732, 0.12236668336141739, 0.12910362667628084, 0.13634789622721868, 0.14412331772408155]
5.1600000000001645	2.4549261004864453	[0.1533157615926841, 0.16212755648576876, 0.17150289613788333, 0.18144454763641993, 0.19194644013201645, 0.2029917047865106, 0.214550586267325, 0.22657829112216768, 0.2390128644988786, 0.2517732144030213, 0.2647574310926224, 0.2778415746395026, 0.29087912363772034, 0.3037012874375796, 0.3161183796193375, 0.3279224264472461, 0.3388911381565699, 0.3487933003235161, 0.3573955486070077, 0.36447037569918184, 0.36980509245013854, 0.37321133608786533, 0.3745346019049604, 0.3736631859215712, 0.3705358810119501, 0.36514778041268914, 0.35755361879545905, 0.34786822262048217, 0.3362638406417494, 0.32296436545895957, 0.30823671400875324, 0.2923798803751406, 0.27571237906397905, 0.2585589357527677, 0.24123733771581343, 0.22404632119002904, 0.2072552526683436, 0.19109617227788708, 0.17575853427012025, 0.1613867320528927, 0.148080261569696, 0.1358961826185706, 0.1248533992735967, 0.11493820670648613, 0.10611054031886526, 0.09831040624901038, 0.09146405499593127, 0.08548956675360167, 0.08030163104252135, 0.07581541191985544, 0.0719494825669463, 0.06862788489048995, 0.06578141802938701, 0.0633482868005016, 0.06127424936476403, 0.05951239835635237, 0.058022694847517785, 0.05677135518710705, 0.055730169179785245, 0.05487580788504436, 0.05418916090785809, 0.053654728346783635, 0.05326008062859291, 0.05299539120318411, 0.052853040980089486, 0.052827290012457465, 0.05291400969684238, 0.05311046821847449, 0.05341516172494926, 0.05382768443998111, 0.054348631435760957, 0.054979528858680626, 0.0557227870170175, 0.05658167273704526, 0.0575602978529001, 0.05866362147217197, 0.05989746389591158, 0.06126853060957586, 0.06278444478105578, 0.06445378701827245, 0.06628614095526934, 0.068292143340458, 0.07048353691013554, 0.07287322421065427, 0.07547531990625615, 0.07830519872860953, 0.081379535311664, 0.08471633146098505, 0.08833492515129597, 0.09225597449086198, 0.09650140826032554, 0.10109433321746038, 0.10605888640053734, 0.11142001900711668, 0.11720319635903784, 0.12343399692640689, 0.13013759173731387, 0.13733808482202683, 0.1450576951030532]
5.120000000000164	2.482971476348298	[0.1541785033067264, 0.1629008891691318, 0.17216916305221674, 0.18198429689621093, 0.19233851832236662, 0.20321344006785078, 0.2145780789384052, 0.2263868291039705, 0.23857747836579163, 0.2510693822948684, 0.2637619364734617, 0.2765335104779192, 0.2892410239711429, 0.3017203530023672, 0.3137877478836335, 0.3252424203018707, 0.3358704123130826, 0.3454497931689244, 0.35375714119038026, 0.3605751616937492, 0.36570117436180516, 0.36895608530673113, 0.3701933526918467, 0.3693073749400054, 0.3662406911112796, 0.3609893957676111, 0.35360624267008633, 0.34420104317114225, 0.3329381492564142, 0.32003103207805844, 0.30573420349480507, 0.29033295380183577, 0.27413156821600326, 0.2574408134477123, 0.2405655392554157, 0.22379321020939139, 0.207384076106126, 0.19156351805587032, 0.17651689544470692, 0.1623869908906473, 0.14927393476245046, 0.13723730811976464, 0.12629999170382414, 0.11645325415362234, 0.10766255726130403, 0.0998735896543381, 0.09301811329746683, 0.08701930213493407, 0.08179635735029843, 0.07726828362071113, 0.07335679901131496, 0.06998841920831182, 0.06709580551884423, 0.06461849326939964, 0.06250312869229503, 0.06070333899824727, 0.05917934923508237, 0.05789744165846739, 0.05682933482086902, 0.05595153992473344, 0.05524473559380538, 0.05469318714185122, 0.05428422569676803, 0.05400779337289513, 0.053856055375410834, 0.05382307543873061, 0.05390454939174703, 0.054097590011604066, 0.05440055669507282, 0.05481292321194346, 0.055335177954137414, 0.055968751286744556, 0.056715965887106604, 0.05758000616238237, 0.05856490396720216, 0.05967553789183425, 0.06091764429195484, 0.062297838087083834, 0.06382364202241675, 0.06550352275574475, 0.06734693257859097, 0.06936435506020268, 0.07156735312999873, 0.07396861738890395, 0.07658201242478516, 0.07942261793938604, 0.0825067611971422, 0.08585203604553182, 0.08947730313447003, 0.09340266436784511, 0.09764940365573495, 0.10223988411805189, 0.107197390647372, 0.11254590462930203, 0.11830979633143575, 0.12451341853134164, 0.13118058414965406, 0.13833390960677378, 0.14599400625681375]
5.080000000000164	2.511590019731207	[0.1550385240016289, 0.16366699695726622, 0.17282344140761757, 0.18250707715325354, 0.19270848711551208, 0.20340783632286957, 0.2145729981721287, 0.2261576509293996, 0.2380994312263425, 0.25031825389574935, 0.2627149321165384, 0.2751702511030887, 0.2875446644729102, 0.29967878650016905, 0.31139484698860126, 0.3224992501607726, 0.33278633690672216, 0.3420433850707063, 0.35005680059535416, 0.3566193524468429, 0.361538196982931, 0.36464332825742335, 0.36579599514432737, 0.36489655371881735, 0.3618911898664399, 0.3567769602309129, 0.34960466797288625, 0.34047921147821886, 0.3295572140446366, 0.3170419454830611, 0.3031757637176984, 0.2882305119022396, 0.27249648060907017, 0.25627066461092635, 0.23984509444097502, 0.22349599920124363, 0.20747446127180563, 0.19199907000048697, 0.17725088785673743, 0.16337083491357968, 0.15045939722415175, 0.13857839547262685, 0.12775442406271834, 0.11798349881265974, 0.10923643028616264, 0.10146446732237369, 0.09460481669400236, 0.08858573127437211, 0.08333095290453475, 0.07876339034216553, 0.07480799363158293, 0.0713938533055746, 0.06845559866842313, 0.06593419941890215, 0.06377728615319934, 0.061939106388489845, 0.060380222175900826, 0.059067041930679326, 0.057971260564596054, 0.057069265905637746, 0.056341552076571086, 0.05577216806322472, 0.055348217360952995, 0.055059417420070075, 0.054897720332910585, 0.05485699339802903, 0.05493275455050393, 0.05512195757296171, 0.05542282041403322, 0.055834691206211005, 0.056357945901070225, 0.05699391315607242, 0.057744821691867614, 0.05861376705279076, 0.059604694244149464, 0.06072239425143114, 0.061972511837055516, 0.06336156331522771, 0.06489696222249239, 0.06658705188390612, 0.06844114291548539, 0.0704695545709465, 0.07268365769343935, 0.07509591767855962, 0.07771993448982974, 0.08057047716756098, 0.08366350864461566, 0.08701619680342071, 0.09064690577401004, 0.0945751612939922, 0.09882158169452404, 0.10340776562947, 0.10835612515390353, 0.11368965219502834, 0.11943160392831426, 0.12560509226371905, 0.1322325606126716, 0.13933513176531157, 0.14693181008463943]
5.040000000000164	2.5407977416651315	[0.155895109057264, 0.16442493915742817, 0.17346456459177834, 0.1830114991626872, 0.19305474094357777, 0.20357308136416358, 0.21453333789135132, 0.2258885724672946, 0.237576379151557, 0.24951734591424626, 0.2616138170115507, 0.2737491001592682, 0.2857872754478019, 0.2975737660250521, 0.30893682210562307, 0.31969004544096125, 0.329636040074944, 0.3385712148022136, 0.34629168550343664, 0.35260013368796783, 0.3573133783514787, 0.36027031927582703, 0.3613398228682525, 0.36042805744398837, 0.35748475567955074, 0.35250789635869295, 0.3455463614526776, 0.3367002374989855, 0.3261185862243273, 0.31399469554149434, 0.3005590207153283, 0.2860702155550544, 0.2708048133076452, 0.2550462278919834, 0.23907379451622193, 0.22315254942936927, 0.2075243638554691, 0.19240090894965847, 0.17795875349421705, 0.16433670624688965, 0.1516353308828294, 0.13991840361767124, 0.12921596459304532, 0.11952854289876927, 0.11083211122112185, 0.10308334602358797, 0.09622482217326016, 0.09018984693343654, 0.08490672377891872, 0.08030232240666693, 0.0763049077169035, 0.07284624359491951, 0.06986303286458186, 0.06729778437556069, 0.06509921192025948, 0.06322227208745441, 0.06162794087821504, 0.06028281686312106, 0.05915862297336102, 0.0582316635821291, 0.05748227821162291, 0.05689432060320046, 0.05645468079315526, 0.05615285995307641, 0.055980601279525005, 0.05593157644302522, 0.05600112408022839, 0.05618603573093147, 0.056484383619922654, 0.056895385001349406, 0.05741929771821225, 0.058057342484368224, 0.058811647618721465, 0.05968521289012313, 0.06068188932640854, 0.061806372644661434, 0.06306420800755946, 0.06446180442684751, 0.06600645700474879, 0.06770637562364919, 0.0695707183815199, 0.07160962829246462, 0.07383427126765803, 0.07625687340468064, 0.07889075489506939, 0.08175035763798165, 0.08485126268131263, 0.0882101931236437, 0.09184499686426259, 0.09577460281787344, 0.10001894268648126, 0.1045988293653384, 0.10953578134278039, 0.1148517813501001, 0.12056895585434331, 0.126709161163402, 0.13329346081473128, 0.14034147906281091, 0.14787061562673132]
5.000000000000164	2.5706111933530487	[0.1567474686976273, 0.1651736814548842, 0.17409125436861914, 0.18349604446524048, 0.193375528267493, 0.20370720103726103, 0.21445691521393387, 0.22557721898606073, 0.23700577520479352, 0.2486639608598956, 0.26045576625271866, 0.2722671289651442, 0.28396584792335694, 0.2954022246526742, 0.3064105690146728, 0.31681168288329475, 0.3264163952030179, 0.3350301652525279, 0.3424586986190923, 0.3485144358850378, 0.3530236828405672, 0.35583406132259293, 0.3568218811245114, 0.35589897658607617, 0.35301852648571397, 0.34817939101595924, 0.34142855945983475, 0.3328614065594559, 0.32261959857792416, 0.3108866603107892, 0.29788139568578004, 0.28384952815786335, 0.2690540735317566, 0.25376506011859506, 0.2382492572161093, 0.22276055746914794, 0.20753158415602047, 0.1927669704812121, 0.17863860009481303, 0.1652829251181959, 0.15280030951538812, 0.14125619894159694, 0.1306838063547331, 0.12108793289138635, 0.11244951735241045, 0.10473052098227718, 0.0978787993603403, 0.09183267970870533, 0.08652503928469765, 0.08188675870503886, 0.07784949553986836, 0.07434778275434904, 0.07132050118525353, 0.06871180448954024, 0.06647159051465085, 0.06455561690084322, 0.06292535416452492, 0.061547659131613745, 0.06039433831909731, 0.05944165647026905, 0.05866983176711754, 0.05806254691494743, 0.05760649512844059, 0.05729097187208906, 0.05710751722235963, 0.05704960937188903, 0.05711240706814051, 0.057292537052142586, 0.05758792182172955, 0.057997642750190925, 0.05852183381269898, 0.05916160148254633, 0.05991896690533606, 0.06079682690515825, 0.06179893092272732, 0.06292987135268498, 0.06419508515991747, 0.06560086486580653, 0.06715437723428656, 0.06886368802246735, 0.07073779121691501, 0.0727866410282943, 0.07502118478241455, 0.07745339450038564, 0.08009629461594119, 0.0829639827116924, 0.08607163957409097, 0.08943552405288199, 0.09307294737030034, 0.09700222045414562, 0.1012425667841085, 0.1058139919583099, 0.11073709995606516, 0.11603284474252207, 0.12172220473736454, 0.1278257666572055, 0.13436320472781882, 0.14135264122996077, 0.14880987527767142]
4.960000000000164	2.6010474862904216	[0.15759472764917096, 0.1659120833089369, 0.1747021058890514, 0.1839590482558772, 0.19366893221387932, 0.20380803790715776, 0.2143413471297621, 0.22522100013255206, 0.23638484268842017, 0.24775515888750932, 0.2592377014652178, 0.2707211458575583, 0.28207710190767965, 0.29316081793958804, 0.30381270084959544, 0.3138607528516103, 0.32312398678672094, 0.33141682913142473, 0.3385544522317238, 0.34435889990588014, 0.3486657869411721, 0.35133127208921794, 0.35223893329064193, 0.3513061238780777, 0.34848936729438995, 0.34378836360234727, 0.3372482369235346, 0.32895974916764215, 0.31905733619276727, 0.307714977758299, 0.2951400778042023, 0.2815656895654587, 0.26724155385981774, 0.25242451276335576, 0.23736890466429889, 0.22231753451154798, 0.20749374798075657, 0.1930950273629348, 0.17928838535941766, 0.1662076757752274, 0.15395278661114256, 0.1425905450223077, 0.13215705912528, 0.12266115352568725, 0.11408852780723239, 0.10640627457845825, 0.09956743184357385, 0.09351530188112572, 0.08818733861932891, 0.08351847598595458, 0.07944383650086871, 0.07590081448762122, 0.07283057190904632, 0.07017901326924098, 0.06789732321919642, 0.06594215538011092, 0.06427555905336928, 0.0628647214624538, 0.06168159243461396, 0.06070244488318624, 0.059907412607757754, 0.05928003473451892, 0.05880682710885514, 0.058476892363549485, 0.058281575105923175, 0.058214163620827146, 0.05826963725021466, 0.05844445609944028, 0.05873638941039675, 0.05914437789010757, 0.059668425945404065, 0.06030951939070918, 0.06106956520916187, 0.061951349765133876, 0.06295851289973634, 0.0640955351317568, 0.06536773609601133, 0.06678128202275206, 0.06834320079844661, 0.07006140266949093, 0.07194470520159751, 0.07400286046443957, 0.07624658276929526, 0.07868757446301426, 0.08133854743256617, 0.0842132369447825, 0.08732640437026484, 0.09069382408208987, 0.09433224950711226, 0.09825935181722517, 0.10249362422455323, 0.10705424317518238, 0.11196087711170417, 0.11723343179469708, 0.12289172070709534, 0.1289550477350957, 0.13544168950273572, 0.142368264391792, 0.1497489769079531]
4.920000000000164	2.6321243131480285	[0.1584359129692205, 0.16663888298284457, 0.17529557005421872, 0.18439867908720334, 0.19393284779513476, 0.20387322604136462, 0.2141840230620725, 0.22481708035113307, 0.23571054366496044, 0.24678772452404646, 0.2579562559989765, 0.2691076599700979, 0.2801174490181483, 0.29084588552491913, 0.301139508930525, 0.31083351951643556, 0.31975507020806065, 0.3277274684506045, 0.33457522761932057, 0.3401298364487467, 0.34423603890880705, 0.3467583439569019, 0.34758742129282905, 0.34664599531102824, 0.34389383188314937, 0.3393314285333023, 0.3330020707324477, 0.32499200538659545, 0.31542860192094013, 0.3044765124083458, 0.29233199213834343, 0.27921568538397445, 0.26536430297238056, 0.2510217042567885, 0.23642993731714637, 0.2218207820663892, 0.20740828416031928, 0.19338266901711182, 0.1799058984119328, 0.16710899009257424, 0.1550910811711349, 0.14392009079245924, 0.13363473997917014, 0.12424762098051993, 0.11574897940570247, 0.10811087506516238, 0.10129141879948252, 0.0952388321311304, 0.08989513867109321, 0.08519935987865115, 0.08109014929435084, 0.07750785088044206, 0.0743960088952496, 0.0717023847399614, 0.06937955416201845, 0.06738516450742088, 0.06568193172838248, 0.0642374497124873, 0.06302387555837839, 0.062017542352079166, 0.061198540350031666, 0.060550296095057854, 0.06005917054322385, 0.059714088961196746, 0.0595062102018531, 0.059428637875288313, 0.05947617361371951, 0.0596451099531757, 0.059933059905520725, 0.06033881906964823, 0.06086225667191625, 0.06150423140586326, 0.06226652887427798, 0.06315181716118276, 0.06416361805157195, 0.06530629114829112, 0.0665850290273709, 0.06800586120819067, 0.0695756654493647, 0.07130218438027265, 0.07319404603635919, 0.07526078621114625, 0.07751287091012363, 0.07996171636513441, 0.08261970424137052, 0.08550018865024839, 0.0886174915415592, 0.09198688181960743, 0.09562453327141882, 0.09954745496178248, 0.10377338731163308, 0.10832065550064983, 0.11320797133240698, 0.11845417315637646, 0.12407789313443698, 0.13009713998261388, 0.13652878568437835, 0.14338794450887984, 0.15068723445584942]
4.880000000000164	2.6638599694467016	[0.15926993951539406, 0.16735267975869048, 0.1758699325143999, 0.18481291478030767, 0.19416495482026194, 0.2039001610967191, 0.21398207226215932, 0.22436234380180117, 0.23497954156472092, 0.24575812720871926, 0.25660773358945826, 0.26742283827131635, 0.2780829480949173, 0.28845340557644983, 0.298386916239005, 0.30772587360569786, 0.3163055239481533, 0.3239579664262158, 0.3305169268119886, 0.3358231778702466, 0.3397304108099933, 0.34211129643932303, 0.3428634185829967, 0.3419147237991328, 0.33922811727640656, 0.33480485066610005, 0.32868639622633183, 0.3209545825105286, 0.31172987535634644, 0.30116781572964557, 0.2894537615652093, 0.2767962105203192, 0.2634190909577764, 0.24955348714837736, 0.2354293031078666, 0.22126736318425622, 0.20727239797976962, 0.19362727725130144, 0.18048873796661039, 0.1679847282667054, 0.15621336107764205, 0.1452433566814989, 0.1351157623639696, 0.1258466749953986, 0.11743066199053322, 0.10984457521567323, 0.10305147711972458, 0.09700444122177006, 0.09165004337772777, 0.08693141794032314, 0.08279080868670542, 0.07917159283011546, 0.07601979560811212, 0.07328514088250342, 0.0709217010150418, 0.06888821738618557, 0.06714816399255312, 0.06566962176340158, 0.06442502340238643, 0.06339081852599213, 0.06254709882532211, 0.061877213026376686, 0.06136739299967314, 0.06100640494073817, 0.0607852340018262, 0.06069680621494995, 0.06073574863295982, 0.06089818633459072, 0.06118157384250679, 0.06158455763163687, 0.06210686632585565, 0.06274922502260052, 0.06351329055152209, 0.06440160457974127, 0.06541756195301719, 0.06656539179138413, 0.0678501492783141, 0.06927771612287138, 0.0708548079681625, 0.07258898692568747, 0.07448867755507867, 0.07656318436097925, 0.0788227088503921, 0.08127836377690387, 0.08394218198763462, 0.08682711668691767, 0.08994702952544452, 0.09331666212728028, 0.09695158606836837, 0.10086812534455449, 0.10508324461553874, 0.10961439542938055, 0.11447931184878087, 0.11969574589263682, 0.12528113264895924, 0.13125217433102315, 0.1376243326753061, 0.14441121949636365, 0.15162387672745237]
4.840000000000164	2.6962733760545086	[0.16009559253677286, 0.16805191259569088, 0.1764232885476497, 0.18519951356997238, 0.1943626855181014, 0.20388596452361732, 0.2137323248566738, 0.2238533524016785, 0.23418815652151104, 0.24466247410983627, 0.2551880589778499, 0.2656624541969229, 0.275969252172965, 0.2859789403195311, 0.29555042182205243, 0.30453327589822127, 0.31277079246660605, 0.32010376994794265, 0.3263750149168892, 0.33143442055557876, 0.335144441169308, 0.33738571928141536, 0.3380625738859715, 0.33710802373884213, 0.334488009281383, 0.3302044919703095, 0.32429715513975343, 0.31684350443990394, 0.30795726375993415, 0.297785078775156, 0.28650166122969967, 0.2743036256343165, 0.2614023678505437, 0.24801640891710702, 0.23436366061152278, 0.22065406817131536, 0.20708303951536086, 0.19382599742093215, 0.18103428638078842, 0.16883255597238797, 0.15731762341715208, 0.14655871833238368, 0.13659892327711576, 0.1274575697480511, 0.11913331307142244, 0.11160761097595771, 0.10484834411806906, 0.09881335897285143, 0.0934537549614424, 0.08871679529784812, 0.0845483654702422, 0.0808949543582754, 0.07770516358371438, 0.0749307841886421, 0.07252749132505837, 0.07045522318259843, 0.06867830642413185, 0.06716539365960557, 0.06588926583216652, 0.06482655013448911, 0.06395738888221948, 0.06326509194650196, 0.06273579137182957, 0.06235811584375075, 0.06212289133108564, 0.06202287564421878, 0.0620525259001296, 0.06220780120823401, 0.062485996076761155, 0.06288560452658615, 0.06340620930860802, 0.06404839563200403, 0.06481368389885127, 0.06570448105151037, 0.06672404556342461, 0.06787646608347929, 0.06916664931451562, 0.07060031745323826, 0.07218401113630776, 0.07392509832040285, 0.07583178513267966, 0.07791312894722292, 0.08017904950173949, 0.0826403378332899, 0.0853086582827261, 0.08819654253939505, 0.09131737004758893, 0.09468533259517661, 0.09831537611849962, 0.10222311607745303, 0.10642471786014393, 0.11093673691513908, 0.11577590841648439, 0.12095887962163666, 0.12650187343303954, 0.1324202754971981, 0.13872813319826435, 0.14543755974624295, 0.15255803390679784]
4.800000000000164	2.729384102538363	[0.16091150652585925, 0.16873483445386278, 0.1769535126505824, 0.18555597940654123, 0.19452318541900612, 0.20382744053194518, 0.21343126483537522, 0.22328629538446076, 0.23333231150100966, 0.24349645339686013, 0.2536927183718098, 0.263821825875492, 0.27377154455341346, 0.28341757050835725, 0.29262503376949595, 0.3012506892185582, 0.3091458173385737, 0.316159820310004, 0.32214445058372015, 0.32695855549891983, 0.330473165822184, 0.3325767038878268, 0.333180043382665, 0.3322211241723536, 0.3296688168395578, 0.32552574721906136, 0.31982983287725075, 0.3126543506254552, 0.30410644296018713, 0.29432407506484953, 0.2834715637454452, 0.27173390463114605, 0.25931021380034647, 0.24640666474282416, 0.23322933484965533, 0.21997737330868194, 0.20683686574003696, 0.19397570376136797, 0.1815396787211674, 0.16964991696960516, 0.1584016711700153, 0.1478643871553274, 0.13808288825842824, 0.129079463046629, 0.12085661181358438, 0.11340019998184396, 0.1066827811684289, 0.10066688269893138, 0.09530808771379351, 0.09055779337109823, 0.08636557058295422, 0.08268109160203511, 0.07945562663166211, 0.07664313642264903, 0.07420100605071588, 0.07209047467901677, 0.07027682005990449, 0.06872935459257223, 0.06742128520178169, 0.06632948182228128, 0.06543419174812587, 0.06471872872035168, 0.06416915867351462, 0.06377399723007013, 0.06352392912935408, 0.06341155518978087, 0.06343116964883609, 0.06357856808730862, 0.06385088501499953, 0.06424645888562362, 0.06476472217322497, 0.06540611357932077, 0.06617200979578497, 0.06706467401873197, 0.06808721893255829, 0.06924358174121839, 0.07053850933857657, 0.0719775515278221, 0.07356706062049767, 0.07531419546395243, 0.07722692823492831, 0.07931405192642697, 0.08158518659446573, 0.08405078187456191, 0.08672211325715004, 0.08961126889646402, 0.09273112354298893, 0.09609529531685207, 0.09971808070522076, 0.10361436216472072, 0.10779948227940815, 0.11228907737993779, 0.11709886313208741, 0.12224436369885433, 0.12774057596682356, 0.13360155989255137, 0.13983994661322785, 0.14646635651041304, 0.15348872131170893]
4.760000000000164	2.763212391404385	[0.16171613969481974, 0.16939948076602157, 0.17745822180041368, 0.18587951951129325, 0.1946432660713541, 0.20372102356343932, 0.21307497320338345, 0.2226569278144596, 0.2324074671311315, 0.2422552651483446, 0.25211668738444204, 0.2618957409300866, 0.2714844613862941, 0.28076381568429754, 0.28960518799859497, 0.2978724957008954, 0.3054249537521018, 0.31212046895352036, 0.3178196016269476, 0.32238998387997914, 0.32571103394601597, 0.3276787599537106, 0.32821040829864934, 0.32724868755993747, 0.32476529219837397, 0.3207634658776907, 0.3152793821975199, 0.30838218196639383, 0.3001725854160178, 0.2907800913388489, 0.2803588724712778, 0.2690825710950741, 0.25713827838802533, 0.24472004044253903, 0.23202226347174346, 0.21923339111156215, 0.20653019439227677, 0.1940729577822743, 0.18200176513227645, 0.17043400043512139, 0.1594630848829997, 0.14915838739511927, 0.13956617317164835, 0.13071140393160988, 0.12260017172464072, 0.11522254046418581, 0.10855557802587312, 0.10256638806450807, 0.09721498448850088, 0.09245689305437188, 0.08824540395740836, 0.0845334382669538, 0.08127502172909175, 0.07842638575315122, 0.07594673163545818, 0.07379870594894979, 0.07194863827655919, 0.07036659354304552, 0.06902628631435014, 0.06790489991836769, 0.06698284517248373, 0.06624348764458715, 0.06567286448370734, 0.06525940705810478, 0.0649936794663616, 0.06486814005012267, 0.06487692882983384, 0.06501568256056077, 0.06528137647492248, 0.06567219175764881, 0.06618740619824028, 0.06682730612806827, 0.06759311671845253, 0.06848694867220839, 0.0695117585649083, 0.07067132110562253, 0.0719702108806772, 0.07341379208751177, 0.07500821403362508, 0.07676041098850996, 0.07867810417085498, 0.08076980430840261, 0.08304481230336556, 0.08551321602095512, 0.08818588020001131, 0.09107442679482627, 0.09419120191896097, 0.09754922570705127, 0.10116212016693125, 0.10504401011294766, 0.10920939097899483, 0.1136729572938205, 0.1184493843910496, 0.12355305605974251, 0.12899772995662584, 0.1347961332001399, 0.1409594804010982, 0.14749690792447484, 0.1544148192872581]
4.720000000000164	2.797779183263665	[0.16250774218142763, 0.17004363108415388, 0.17793472996756518, 0.18616699268647896, 0.1947193466854961, 0.20356271427962616, 0.21265905795761308, 0.22196049561531403, 0.23140854152729953, 0.24093353705758724, 0.25045434245307224, 0.25987836467556985, 0.26910199655624795, 0.2780115367578862, 0.2864846485106785, 0.2943923956347695, 0.30160186798574573, 0.30797937436713374, 0.3133941414579524, 0.31772241367370424, 0.3208518050277329, 0.3226857132785154, 0.32314757382617426, 0.32218471013701266, 0.31977153305906525, 0.3159118562113132, 0.31064012974184324, 0.30402144977987644, 0.296150272203097, 0.2871478424435406, 0.27715843999251777, 0.26634462012319965, 0.2548817066254573, 0.24295184227793884, 0.230737931294247, 0.21841780913383416, 0.20615894806733276, 0.19411395708051826, 0.1824170654750731, 0.1711817007742961, 0.1604991888286498, 0.15043852791097206, 0.1410471228367423, 0.1323523173671719, 0.12436353267391072, 0.11707480973160933, 0.11046755904190647, 0.10451334207461366, 0.0991765376845516, 0.0944167826096982, 0.09019111043385164, 0.08645574832497455, 0.08316755946403448, 0.08028514354793163, 0.07776962395234621, 0.0755851619220105, 0.07369924263058909, 0.07208277977868563, 0.07071008212927833, 0.06955872170918792, 0.06860933676323168, 0.0678453972349807, 0.06725295367019352, 0.06682038580685558, 0.06653816156377268, 0.06639861407786511, 0.06639574058363967, 0.06652502541994332, 0.0667832870251964, 0.06716854842306166, 0.06767992925066689, 0.06831755771483139, 0.06908249996739028, 0.0699767050569843, 0.07100296297773605, 0.07216487410115748, 0.07346682771642216, 0.07491398813822693, 0.07651228625682288, 0.07826841504066107, 0.0801898268430272, 0.08228473087042845, 0.08456208841039647, 0.08703160377921552, 0.08970370807530506, 0.09258953304001258, 0.09570087133716045, 0.09905011964369984, 0.10265019985844522, 0.1065144537244436, 0.11065650504009761, 0.11509008362847212, 0.11982880420773148, 0.12488589348857557, 0.13027385812724207, 0.1360040868343725, 0.14208637994174048, 0.14852840132786188, 0.15533504880912036]
4.680000000000164	2.8331061429628606	[0.16328431687114184, 0.17066476115281484, 0.17837999204521832, 0.18641484495039656, 0.1947473821896665, 0.2033480000144669, 0.21217856774308558, 0.22119164251964377, 0.23032981140479802, 0.2395252198918261, 0.24869935154096506, 0.25776312631914955, 0.266617384265356, 0.27515381528099625, 0.2832563841873756, 0.29080328212593404, 0.29766941068918873, 0.3037293743505631, 0.3088609209843333, 0.31294873156729, 0.3158884213357826, 0.31759057919656714, 0.3179846439311075, 0.31702239853106856, 0.31468086130578954, 0.3109643666012226, 0.3059056601340898, 0.2995658832129811, 0.2920333838404867, 0.28342136616437535, 0.2738644669808535, 0.26351442187217833, 0.25253504713754604, 0.24109681049925458, 0.22937128908809953, 0.2175258147846958, 0.20571858488169242, 0.1940944726850601, 0.18278171311201113, 0.1718895687142523, 0.1615070091133987, 0.15170236819281663, 0.14252388461250765, 0.13400098629541052, 0.12614615102280127, 0.11895716326888191, 0.11241959076077145, 0.1065093200046701, 0.1011950149284812, 0.09644039282711332, 0.09220624366600864, 0.08845214923243618, 0.0851378856558017, 0.08222451477885831, 0.07967518640912101, 0.0774556843943341, 0.07553475555001661, 0.07388426229338849, 0.07247919864347101, 0.07129760574443211, 0.07032041839493525, 0.06953126869230435, 0.06891626763108277, 0.06846378046556277, 0.06816420732968109, 0.06800977687490325, 0.06799435779000318, 0.0681132907319299, 0.06836324156969965, 0.06874207560509842, 0.06924875170118525, 0.06988323471615415, 0.07064642443048054, 0.0715400989970636, 0.07256687097970319, 0.07373015403684023, 0.07503413841201506, 0.07648377339950109, 0.07808475502749737, 0.07984351715107407, 0.08176722413865918, 0.0838637631915759, 0.0861417342198646, 0.08861043494175627, 0.09127983863961386, 0.09416056163379555, 0.09726381718687191, 0.10060135207738832, 0.10418536164543217, 0.10802837858114633, 0.1121431302696691, 0.11654235901247552, 0.12123859909960588, 0.12624390442718314, 0.13156952034795194, 0.1372254936593361, 0.1432202153084141, 0.14955989150873983, 0.15624794077336993]
4.640000000000164	2.869215686722407	[0.16404357002726586, 0.1712599829311129, 0.17879053342469275, 0.18661902906825584, 0.1947227730293495, 0.20307175537920275, 0.21162788371240634, 0.22034429383099527, 0.22916478830248915, 0.2380234569029129, 0.24684453737150755, 0.2555425767822262, 0.2640229521215011, 0.27218280256676153, 0.27991241463103567, 0.2870970843900409, 0.2936194583035466, 0.29936232623705017, 0.30421180827551714, 0.3080608426723141, 0.3108128482803255, 0.3123854041118688, 0.31271376462623546, 0.3117540152274338, 0.30948567119894527, 0.3059135368578308, 0.30106867093230694, 0.295008348176965, 0.28781496372406534, 0.2795938914678489, 0.27047037576987615, 0.2605856007522155, 0.2500921375138344, 0.23914901111984682, 0.22791665232835087, 0.21655200129887733, 0.2052040122217391, 0.19400977080680742, 0.1830913852122672, 0.17255375036126244, 0.16248322202938634, 0.15294717617548684, 0.1439943761946425, 0.13565602954938485, 0.1279473881369643, 0.12086973392142274, 0.11441259219078927, 0.10855602673585173, 0.10327289177057826, 0.09853094091365161, 0.09429472133009827, 0.09052720810204695, 0.08719115841075943, 0.08425018539580886, 0.0816695673492377, 0.07941681869809712, 0.07746205579993812, 0.07577819316562925, 0.07434100554643715, 0.07312908880851002, 0.07212374884550168, 0.07130884321532976, 0.07067059564003343, 0.07019739896869882, 0.06987961829074255, 0.06970940235965162, 0.0696805087518487, 0.06978814586898005, 0.07002883328581701, 0.07040028063398503, 0.07090128444106547, 0.07153164171004782, 0.07229207876606215, 0.07318419364453939, 0.07421041029353834, 0.07537394277908407, 0.07667876776728628, 0.07812960350900283, 0.07973189362366642, 0.0814917938916431, 0.08341616026713404, 0.08551253615775796, 0.0877891369245786, 0.09025482929355677, 0.09291910317242436, 0.09579203300452953, 0.09888422549622018, 0.1022067501084088, 0.1057710483403054, 0.109588817350876, 0.11367186310251956, 0.11803191778952458, 0.1226804160846808, 0.12762822454621311, 0.13288531864539668, 0.138460402179325, 0.14436046461440233, 0.15059027306901615, 0.15715179749040728]
4.600000000000164	2.906131010328689	[0.1647828485299872, 0.17182596842352982, 0.17916236067332317, 0.18677490254161427, 0.19464025090577605, 0.20272811638694774, 0.21100058263609697, 0.2194115093012149, 0.227906061955814, 0.23642041858194088, 0.24488170438027385, 0.2532082087951609, 0.26130993523452906, 0.2690895287465095, 0.27644361504295956, 0.2832645693863206, 0.2894427122799051, 0.2948689045761962, 0.2994374854862863, 0.3030494674961918, 0.30561587214624186, 0.30706106472233413, 0.30732592533906955, 0.3063706827379497, 0.30417723694595655, 0.30075080979107444, 0.2961207887641813, 0.29034066860158364, 0.2834870450456001, 0.27565767161100296, 0.26696865019478355, 0.25755088250588726, 0.24754595916756442, 0.23710169905210832, 0.22636757314947661, 0.21549024899261732, 0.2046094778381494, 0.19385451422889158, 0.18334121496150302, 0.17316991065457454, 0.16342408925143906, 0.1541698755609639, 0.14545624552616915, 0.1373158746776004, 0.12976649653099312, 0.1228126316038173, 0.11644754838968421, 0.1106553243355746, 0.10541289342850824, 0.10069198633931707, 0.09646089504084454, 0.09268601540106655, 0.08933314533127283, 0.08636853250943413, 0.08375968269288821, 0.08147594803103612, 0.07948892377524087, 0.07777268286467547, 0.07630388067032781, 0.0750617584601884, 0.07402807348989553, 0.0731869777684471, 0.07252486575917093, 0.07203020521304612, 0.07169336384536763, 0.07150643929629098, 0.07146309922237322, 0.07155843417320532, 0.07178882624305903, 0.07215183325565018, 0.07264608928605885, 0.07327121979103823, 0.07402777110146207, 0.07491715193643449, 0.07594158628796975, 0.07710407516948982, 0.07840836645905833, 0.07985893031812942, 0.08146093935715618, 0.0832202509939562, 0.08514339104348422, 0.08723753583057217, 0.08951049158974946, 0.09197066812319277, 0.09462704503676439, 0.09748912702798203, 0.10056688593913511, 0.10387068540298888, 0.10741118507634581, 0.1111992195756309, 0.11524564840025987, 0.11956117134522437, 0.12415610521038083, 0.1290401160862949, 0.13422190314162286, 0.13970882880966354, 0.14550649254318515, 0.15161824510501332, 0.15804464361069026]
4.560000000000164	2.9438761184310827	[0.16549905905327475, 0.17235885161074493, 0.17949084675810814, 0.18687709651613824, 0.19449373213032714, 0.20231031886671041, 0.21028926133504738, 0.21838529438318993, 0.22654509948116022, 0.23470709071977286, 0.24280141686098183, 0.25075022616277004, 0.2584682378503597, 0.26586365784354454, 0.27283946597148456, 0.2792950873024919, 0.28512844147691074, 0.2902383414647342, 0.29452718820740226, 0.2979038812720631, 0.3002868403846789, 0.3016070101667132, 0.3018107037915602, 0.3008621320491027, 0.2987454655008936, 0.29546628915490136, 0.29105233312266654, 0.2855533968522748, 0.2790404284804727, 0.27160376986503965, 0.2633506299603217, 0.25440189799289287, 0.24488845111527147, 0.23494714266505184, 0.22471667622983707, 0.2143335732630055, 0.20392843047289055, 0.19362263634134055, 0.18352567946914836, 0.17373313590172473, 0.16432537540467926, 0.15536697913144498, 0.14690682018385323, 0.13897872405199993, 0.13160260292548615, 0.12478594385409632, 0.11852552860384387, 0.11280926817809322, 0.10761804878299072, 0.10292750289044666, 0.09870964010532755, 0.09493429231991003, 0.0915703478519986, 0.08858676531499879, 0.08595337250920525, 0.08364146501866172, 0.08162422686264414, 0.0798769985334287, 0.07837741982846537, 0.0771054734113847, 0.07604345377113847, 0.07517588258294351, 0.07448938892646982, 0.07397256869918727, 0.07361583508501648, 0.07341126834533149, 0.07335247141867922, 0.07343443508797286, 0.07365341550614776, 0.07400682496708283, 0.07449313650841366, 0.07511180164981261, 0.07586318071421079, 0.0767484842946103, 0.07776972481340254, 0.07892967645375894, 0.08023184221773975, 0.08168042629124173, 0.08328031036606454, 0.08503703201060357, 0.08695676359103378, 0.08904628965852938, 0.0913129810414216, 0.09376476324713572, 0.09641007700767504, 0.09925782811914904, 0.10231732387158043, 0.10559819265239681, 0.10911028340526378, 0.1128635409332972, 0.1168678531578819, 0.12113286586604678, 0.1256677607480053, 0.13048099221642265, 0.1355799791021771, 0.14097074750372127, 0.14665752226166542, 0.15264226549231788, 0.15892416270209975]
4.520000000000164	2.9824758549996266	[0.1661885622603304, 0.17285410043001073, 0.17977058119268902, 0.18691934492603735, 0.19427612644213801, 0.2018104880546921, 0.20948530798416254, 0.21725635457161283, 0.2250719839046456, 0.23287299861025723, 0.24059271014277206, 0.2481572434920938, 0.2554861230100491, 0.2624931689585812, 0.2690877274230839, 0.2751762401427301, 0.28066414659293976, 0.2854580882828703, 0.28946836580784185, 0.2926115742468888, 0.2948133230678274, 0.2960109258560227, 0.2961559333496376, 0.29521637457576594, 0.2931785741988892, 0.29004842394200364, 0.28585200835413027, 0.28063551430775524, 0.2744643923672396, 0.2674217801314854, 0.2596062427038639, 0.25112892748959353, 0.24211026753024364, 0.23267639534267567, 0.2229554453773806, 0.2130739269088434, 0.20315333892932352, 0.19330717761153893, 0.18363845462393769, 0.17423780759494834, 0.16518224177253266, 0.15653450282805792, 0.14834304267615925, 0.1406425117406335, 0.1334546874239797, 0.1267897375076971, 0.12064771099815223, 0.11502015470546506, 0.10989176149229363, 0.10524197283164476, 0.10104647275160492, 0.0972785304253598, 0.09391016298788206, 0.09091310793401, 0.08825960426773628, 0.0859229940388568, 0.08387815984463995, 0.08210182086910786, 0.08057270895353427, 0.07927164915484641, 0.07818156497746043, 0.07728742925818247, 0.07657617602139007, 0.07603658877241842, 0.07565917491063573, 0.07543603636812365, 0.07536074132293158, 0.07542820290308934, 0.07563456625890652, 0.07597710710562723, 0.07645414094571656, 0.0770649444115853, 0.07780968675134019, 0.07868937203179462, 0.0797057895142694, 0.08086147237114646, 0.08215966195268894, 0.08360427757454415, 0.08519988890132395, 0.08695169074249844, 0.08886547718348885, 0.09094761466053489, 0.09320501065999263, 0.09564507734258616, 0.09827568641383806, 0.1011051141255541, 0.10414197226476524, 0.10739512352511338, 0.11087357660504475, 0.11458635895003524, 0.11854236204544968, 0.12275015687216131, 0.12721777427622877, 0.13195244799179282, 0.13696031551249213, 0.1422460754830863, 0.14781259828031876, 0.15366049066711251, 0.15978761419861567]
4.480000000000164	3.021955935005139	[0.16684703208345167, 0.17330634667242809, 0.17999517120039946, 0.18689425789130823, 0.1939790836594517, 0.2012193598247396, 0.20857859927106562, 0.21601377011551218, 0.22347506803974457, 0.23090584194197655, 0.23824270828604543, 0.24541588867654382, 0.2523498017022603, 0.25896393412211166, 0.2651740073021504, 0.2708934427569311, 0.2760351156128035, 0.2805133674729903, 0.28424623126835885, 0.2871578013618474, 0.28918066401188336, 0.2902582876963703, 0.2903472618141831, 0.2894192670503588, 0.2874626631005959, 0.28448358960715564, 0.28050649503247366, 0.275574034228771, 0.2697463082857788, 0.2630994565191989, 0.2557236487520117, 0.24772056187786015, 0.23920045652277347, 0.23027899307653063, 0.22107394107047945, 0.2117019387997349, 0.20227545296667634, 0.19290006982136376, 0.18367222370597464, 0.17467743642323105, 0.16598910664372374, 0.15766785333117397, 0.1497613860573549, 0.142304847886518, 0.13532155727618173, 0.12882406235612934, 0.12281541658847582, 0.11729058585798324, 0.11223790498506407, 0.1076405123242408, 0.10347770565207412, 0.09972617672963915, 0.09636109719630959, 0.09335704106259152, 0.09068874108788098, 0.08833168464536038, 0.08626256193380334, 0.08445958300165661, 0.08290268297975609, 0.08157363486066113, 0.08045608916086938, 0.07953555761790894, 0.07879935663744944, 0.07823652324585677, 0.0778377145543006, 0.07759509888209147, 0.07750224525167494, 0.07755401561886972, 0.07774646330242488, 0.07807673931815552, 0.07854300793544722, 0.07914437151438511, 0.07988080467687157, 0.08075309695835102, 0.08176280331795595, 0.08291220119245078, 0.08420425312487856, 0.0856425734147289, 0.08723139761052806, 0.08897555311908284, 0.09088042955515004, 0.09295194690416947, 0.09519651986824554, 0.09762101619079332, 0.10023270699394267, 0.10303920656503496, 0.10604839922123738, 0.10926835028287078, 0.11270719836928651, 0.11637302568201031, 0.12027370318215648, 0.12441670715544942, 0.12880890406898368, 0.1334563004775866, 0.1383637554725039, 0.14353465346559757, 0.1489705363581388, 0.1546706951017763, 0.1606317226462901]
4.440000000000164	3.0623429773899327	[0.16746926502095646, 0.17370915550376587, 0.1801569728548529, 0.1867930152744864, 0.19359265153376323, 0.20052590410889354, 0.20755709169019934, 0.21464455685865888, 0.2217405075153491, 0.22879100199557403, 0.23573610831146424, 0.2425102663388234, 0.24904287848319492, 0.2552591483670122, 0.2610811788870097, 0.266429329996295, 0.2712238234877963, 0.2753865669519356, 0.2788431529991096, 0.28152497357465284, 0.2833713740698538, 0.2843317593317702, 0.284367554864972, 0.28345392303997785, 0.2815811366336512, 0.2787555216257046, 0.27499989731377544, 0.27035346465664034, 0.2648711212386162, 0.25862221254268536, 0.25168876096134807, 0.2441632448692797, 0.23614602627452402, 0.22774254626159826, 0.2190604193413511, 0.2102065615929251, 0.20128448115660275, 0.1923918457706376, 0.18361842009066043, 0.17504443959934085, 0.16673945822153363, 0.15876167803633742, 0.1511577416861609, 0.14396294553373506, 0.1372018131868531, 0.1308889579507614, 0.12503015658459313, 0.11962355761024332, 0.11466095178266475, 0.11012904174154411, 0.10601065829917417, 0.10228588381387684, 0.09893305474572875, 0.09592962772415572, 0.09325290281148817, 0.09088060658253025, 0.08879134317568045, 0.08696492648363378, 0.0853826085012359, 0.08402722061562956, 0.08288324382898896, 0.08193682363279094, 0.08117574305003239, 0.08058936619517307, 0.08016856208458384, 0.07990561716464437, 0.07979414259534505, 0.07982898137479617, 0.08000611840298606, 0.0803225960658315, 0.08077643640162968, 0.08136657078603071, 0.08209277693457447, 0.0829556231777245, 0.08395641909039221, 0.08509717188129405, 0.08638054723208012, 0.08780983367472821, 0.0893889089577422, 0.09112220726193242, 0.09301468551345486, 0.09507178742628526, 0.09729940328904012, 0.09970382385403972, 0.10229168605640478, 0.10506990859595762, 0.10804561478322149, 0.11122604034175813, 0.11461842326138769, 0.11822987312266975, 0.12206721681423092, 0.1261368180057338, 0.13044436744076635, 0.1349946417886598, 0.13979122883515263, 0.1448362178547961, 0.1501298545568934, 0.15567016162115666, 0.16145252706543295]
4.400000000000164	3.1036645394055395	[0.1680489154815428, 0.17405470668543369, 0.1802467189854459, 0.18660494349170637, 0.19310480294063698, 0.1997168053026648, 0.20640625723269998, 0.2131330605603322, 0.2198516162834612, 0.22651086205889906, 0.23305446842858377, 0.2394212178117256, 0.24554558632168444, 0.25135854343902153, 0.25678857659033605, 0.261762938449485, 0.2662091029963215, 0.2700564038402007, 0.2732378144769872, 0.27569181689937766, 0.2773642924687234, 0.2782103589938196, 0.2781960711717065, 0.277299899258213, 0.27551390373243745, 0.2728445321513827, 0.2693129786560777, 0.26495506567317784, 0.25982063095200275, 0.2539724287670283, 0.24748458119642047, 0.24044064046871316, 0.23293134597790066, 0.22505217612024697, 0.21690080616497867, 0.20857458593612838, 0.2001681473345403, 0.19177123962871168, 0.18346687383265559, 0.1753298350771195, 0.167425598632743, 0.1598096599404704, 0.15252726689251422, 0.1456135217714728, 0.13909380549438713, 0.1329844650396308, 0.12729370019454309, 0.12202258380023322, 0.11716615390681952, 0.11271452165386242, 0.10865394847028072, 0.10496785504569525, 0.10163773587982, 0.09864396191102427, 0.09596646361365106, 0.0935852932091246, 0.09148107155627817, 0.08963532836433041, 0.08803074820831544, 0.08665133512127228, 0.08548251000808237, 0.08451115355988813, 0.08372560742816673, 0.08311564394537833, 0.08267241421250944, 0.08238838170987355, 0.08225724812618833, 0.08227387565337192, 0.08243420980412541, 0.08273520473461428, 0.0831747531972048, 0.08375162154518394, 0.08446539063855613, 0.08531640209428668, 0.08630570994758315, 0.08743503659047155, 0.08870673258582949, 0.09012373887927291, 0.09168955070338264, 0.09340818145793893, 0.09528412561659869, 0.0973223187268991, 0.09952809330788306, 0.10190712847554559, 0.10446539182968233, 0.10720907117207372, 0.11014449430966085, 0.11327803426448203, 0.11661599791179596, 0.12016449521311495, 0.12392928698782107, 0.1279156084633386, 0.13212796678904007, 0.13656991025184795, 0.14124376816462952, 0.14615036034005663, 0.15128867672172103, 0.15665552821470724, 0.16224517196980498]
4.360000000000164	3.1459491524021823	[0.16857811968635267, 0.17433334156510633, 0.18025299155613062, 0.18631691529103492, 0.19250076624797727, 0.19877572610705335, 0.20510828467640158, 0.21146009926176643, 0.21778795465919187, 0.22404384534135569, 0.2301752008480301, 0.23612527342590753, 0.24183370360430045, 0.24723727427991482, 0.25227085718521713, 0.25686854718522867, 0.26096497012922637, 0.2644967391472647, 0.2674040231035749, 0.26963217989767707, 0.27113339748929727, 0.2718682776025919, 0.2718072921374461, 0.27093204096427054, 0.26923624280022296, 0.26672639837130047, 0.26342207720154476, 0.2593557955037679, 0.25457247210790396, 0.24912847076955677, 0.24309025924034475, 0.23653273636729424, 0.22953729675869727, 0.22218971661921044, 0.21457795323379525, 0.20678995346233464, 0.19891156345178854, 0.19102462283950958, 0.18320531296546666, 0.17552281118514743, 0.1680382838524775, 0.1608042304353356, 0.15386417210981718, 0.14725266130301967, 0.14099557504715696, 0.13511064524308947, 0.12960817325036103, 0.12449187445980472, 0.11975980022652594, 0.1154052890874459, 0.11141790577327154, 0.10778433436163436, 0.10448920022670508, 0.10151580360461862, 0.09884675506912517, 0.09646450969489968, 0.094351801928157, 0.09249198718150625, 0.09086929890385312, 0.08946903153905596, 0.08827766047566314, 0.08728291007645171, 0.08647378027033266, 0.08584054125711475, 0.08537470467972519, 0.08506897837949869, 0.08491721056342955, 0.08491432804717065, 0.0850562721301592, 0.08533993474049992, 0.08576309665191188, 0.08632436893337185, 0.08702313821515113, 0.08785951594681268, 0.08883429144354466, 0.08994888827395685, 0.09120532329164024, 0.09260616746867249, 0.09415450750789238, 0.09585390711513518, 0.09770836665918466, 0.09972227986771484, 0.1019003860587054, 0.10424771632921123, 0.10676953197349022, 0.10947125333036865, 0.11235837712075528, 0.11543638029209172, 0.11871060829025028, 0.12218614570663354, 0.1258676672500532, 0.12975926715779793, 0.13386426534068982, 0.13818498894990694, 0.14272252851355752, 0.14747646852093976, 0.15244459318254988, 0.157622569267307, 0.1630036092502081]
4.320000000000164	3.1892263591652443	[0.16904694429359238, 0.1745329002937355, 0.18016145008674153, 0.18591247305389963, 0.19176204739643626, 0.1976822332659631, 0.20364091402260776, 0.20960171231595603, 0.2155239989143951, 0.22136301179322093, 0.22707010246403223, 0.23259312420653158, 0.23787697387370782, 0.24286429416985642, 0.24749633751003108, 0.2517139853479882, 0.2554589086512137, 0.25867484640266203, 0.26130896974464185, 0.26331329088278466, 0.2646460678519931, 0.26527315068560153, 0.26516921052265774, 0.26431879323790636, 0.2627171414841563, 0.2603707363585945, 0.2572975192824755, 0.25352676894070897, 0.24909862304163724, 0.24406325311322205, 0.2384797172230099, 0.23241453359428543, 0.22594003156415896, 0.21913254912559463, 0.2120705521993947, 0.204832754865999, 0.19749631603781048, 0.1901351828490589, 0.18281863866959125, 0.17561010162486293, 0.16856620219190194, 0.16173615404059602, 0.15516141483931356, 0.14887562160551834, 0.1429047717025765, 0.1372676138994031, 0.1319762065309498, 0.1270365995032413, 0.122449595469873, 0.11821155048947511, 0.1143151772252731, 0.11075032174365702, 0.1075046894825274, 0.10456450460220704, 0.10191509112510215, 0.09954137183308662, 0.09742828351449134, 0.09556111281978227, 0.09392575766801735, 0.09250892288294028, 0.09129825774122523, 0.090282445350038, 0.0894512516477774, 0.08879554312699874, 0.08830727969847166, 0.08797948999330085, 0.08780623359994494, 0.08778255552400259, 0.08790443550053197, 0.0881687356689115, 0.0885731477173419, 0.0891161416279261, 0.08979691602039332, 0.09061535124368812, 0.09157196446618081, 0.09266786724788632, 0.09390472436195911, 0.09528471389737247, 0.09681048709189977, 0.09848512760112182, 0.10031210842265073, 0.10229524591760418, 0.10443864895908003, 0.1067466624159183, 0.10922380283636798, 0.1118746853348273, 0.1147039394217721, 0.11771611263558604, 0.1209155596824971, 0.12430631592933797, 0.12789195309825518, 0.13167541623279092, 0.1356588402310322, 0.1398433456209168, 0.1442288127848944, 0.1488136354614854, 0.15359445427801313, 0.158565873000694, 0.16372016057426644]
4.280000000000164	3.233526752905461	[0.16944254896677616, 0.17463771635984965, 0.17995366250377995, 0.1853705011342961, 0.19086494994851771, 0.1964101722706329, 0.20197567373564085, 0.20752726861611542, 0.21302712972081408, 0.21843393637691855, 0.22370313314838697, 0.22878731057099522, 0.23363671569541403, 0.23819989652200724, 0.24242447915272947, 0.2462580705228176, 0.249649272991911, 0.2525487896259181, 0.2549105922810232, 0.25669311718669396, 0.25786044772447697, 0.2583834387556183, 0.25824073569014144, 0.2574196402032824, 0.2559167788633956, 0.2537385348580927, 0.25090121333161153, 0.24743091959513402, 0.24336314446632076, 0.23874206240122298, 0.2336195647846858, 0.22805406131539238, 0.22210909702751505, 0.21585183851115983, 0.20935149205212317, 0.2026777153016279, 0.19589908615032414, 0.1890816837855255, 0.18228783255105183, 0.17557504477646754, 0.16899519063399457, 0.16259390623089778, 0.15641024287658395, 0.15047654481416456, 0.14481853744415282, 0.1394555962313828, 0.13440116598774993, 0.12966329316429603, 0.1252452381113166, 0.12114613137326015, 0.11736164597925788, 0.11388465738906742, 0.11070587238669982, 0.10781440872924558, 0.10519831703627991, 0.1028450363554607, 0.10074178344029289, 0.09887587443215574, 0.0972349847051137, 0.09580734987410285, 0.09458191656421686, 0.09354844764490718, 0.09269759110698536, 0.09202091716761517, 0.09151093195231652, 0.09116107122988737, 0.09096568107493946, 0.09091998748834927, 0.09102006026605931, 0.091262771772501, 0.09164575450965802, 0.09216735702555823, 0.0928266009472821, 0.09362313787165812, 0.09455720808065603, 0.0956295992653311, 0.09684160663634475, 0.09819499224683127, 0.09969194447495473, 0.10133503525686885, 0.10312717568507049, 0.10507156740038273, 0.10717165011993134, 0.10943104261353935, 0.11185347724502226, 0.11444272532304295, 0.11720251321369501, 0.1201364264700813, 0.1232478018728001, 0.12653960478670961, 0.130014291850402, 0.1336736567858375, 0.13751865975156852, 0.14154923875877415, 0.1457641043892631, 0.150160517545015, 0.1547340528145694, 0.15947834898404006, 0.1643848512330643]
4.240000000000164	3.278882018022514	[0.16974785775502493, 0.17462702351090942, 0.17960525453610557, 0.184663125849463, 0.18977823543089345, 0.19492509891560347, 0.20007509576824856, 0.20519647829863683, 0.2102544548186748, 0.21521135774042524, 0.22002690618971762, 0.22465857082697943, 0.22906204585951326, 0.23319182975958425, 0.23700191197683168, 0.24044655804728587, 0.24348118017804934, 0.24606327477396966, 0.24815340291950364, 0.2497161847085486, 0.2507212741550729, 0.25114427833117586, 0.2509675830659501, 0.2501810479167228, 0.24878253582216375, 0.24677824744485535, 0.24418283714358935, 0.24101929593735702, 0.23731859693583388, 0.23311910926909069, 0.22846579761033953, 0.22340923445944044, 0.21800446155788739, 0.21230974364524488, 0.20638526265900053, 0.2002918021609032, 0.1940894711351222, 0.18783651243298657, 0.1815882354272475, 0.1753961042780105, 0.16930700435139764, 0.16336269928749844, 0.1575994818476895, 0.15204801239316748, 0.14673333139209854, 0.14167502584925817, 0.1368875254682151, 0.13238050147940367, 0.12815934059154288, 0.12422566696139573, 0.12057788744018087, 0.11721173801811596, 0.11412081331368315, 0.11129706451704018, 0.1087312554164106, 0.106413369485248, 0.10433296461251516, 0.10247947452419331, 0.10084245849891738, 0.09941180235076112, 0.09817787512735882, 0.09713164636418033, 0.09626476934839011, 0.09556963554187074, 0.09503940536746207, 0.09466801986677457, 0.09445019751424333, 0.09438141963083466, 0.09445790754127799, 0.09467659379168974, 0.09503508948585708, 0.09553164906618286, 0.09616513369593786, 0.09693497378572012, 0.09784113113143343, 0.0988840606271668, 0.1000646715173873, 0.10138428773668454, 0.10284460693979414, 0.10444765747322624, 0.10619575262801063, 0.10809144120949594, 0.1101374535705133, 0.11233664199098432, 0.11469191441893042, 0.11720616036817534, 0.11988216793309248, 0.12272253071946512, 0.12572954371245865, 0.12890508702817227, 0.13225049680673828, 0.13576642255957744, 0.13945267072490955, 0.143308034417213, 0.1473301099739111, 0.1515151013542494, 0.15585761427654582, 0.16035044267679302, 0.16498435112421045]
4.200000000000164	3.325324972777011	[0.16993933379592133, 0.17447229149195612, 0.17908281732828288, 0.1837522091237429, 0.1884592185367019, 0.1931799944754452, 0.19788807042745202, 0.2025544093399047, 0.20714751053027647, 0.2116335895017434, 0.21597683515134994, 0.22013975036350591, 0.22408357842344614, 0.22776881397221438, 0.23115579677241518, 0.23420537760895677, 0.23687964889262808, 0.23914271874896137, 0.24096151524527773, 0.2423065895702215, 0.24315290064637327, 0.2434805427859105, 0.2432753986117027, 0.24252967650862584, 0.2412423201886466, 0.2394192533973887, 0.2370734588163596, 0.2342248637889877, 0.23090004827284533, 0.22713176102449661, 0.22295827772571788, 0.2184226007307705, 0.21357155049922283, 0.20845475843963435, 0.20312362192574177, 0.19763023454865528, 0.19202635514066488, 0.186362424097443, 0.1806866853401916, 0.17504441117042724, 0.1694772773394947, 0.16402287056207224, 0.15871436245949455, 0.15358031713306544, 0.1486446543391871, 0.14392672368467158, 0.1394415037596937, 0.13519987495709004, 0.13120897683418337, 0.12747259741373962, 0.12399160669391013, 0.12076438460627316, 0.11778726005208047, 0.1150549165099439, 0.11256078632563819, 0.11029739507920407, 0.1082566832041899, 0.10643027151556438, 0.10480970152767821, 0.10338662118454, 0.1021529489113089, 0.10110098917651604, 0.10022353296246932, 0.09951391775021781, 0.09896607974878688, 0.09857457363004406, 0.09833459111145285, 0.09824195391604497, 0.09829311071692037, 0.0984851137581762, 0.09881560293718974, 0.09928277326696723, 0.09988535174305571, 0.10062255989996217, 0.10149408644767077, 0.10250004679084754, 0.10364095232520923, 0.10491766696194273, 0.10633137240127999, 0.10788352035490574, 0.1095757919653171, 0.11141004344674149, 0.11338825700522931, 0.11551247695391634, 0.11778474896598604, 0.12020704334879294, 0.12278117924944433, 0.1255087317486404, 0.12839093782837865, 0.13142858439783736, 0.1346218935863692, 0.13797038993555297, 0.14147276411917303, 0.14512671956808698, 0.14892881629160065, 0.15287430038638136, 0.15695693345802697, 0.16116881296853944, 0.16550019792070403]
4.160000000000164	3.3728896140218185	[0.16998298614557422, 0.17413245008346023, 0.1783383703389661, 0.18258307337786098, 0.18684678326007395, 0.19110760404675117, 0.19534154289249778, 0.19952258002275927, 0.20362279163077224, 0.2076125308004893, 0.21146067060027882, 0.2151349118802509, 0.21860215645898273, 0.22182894408932954, 0.2247819489476513, 0.22742852862140164, 0.22973731545175968, 0.23167883730523994, 0.23322615182655565, 0.23435547610233595, 0.2350467914717148, 0.235284402512133, 0.2350574285781098, 0.23436020759730697, 0.23319259317810775, 0.23156012968189, 0.22947409323826268, 0.22695139223018845, 0.22401432545856909, 0.2206902027919655, 0.21701083802206575, 0.21301192999836102, 0.20873235191726766, 0.20421337343532953, 0.19949784180713695, 0.19462935055828215, 0.18965142287177195, 0.18460673645545794, 0.17953641263013337, 0.17447938976549368, 0.16947189532195278, 0.16454702701635623, 0.15973444715914495, 0.15506019059929363, 0.15054658085880532, 0.14621224660343443, 0.14207222620648122, 0.13813814747468148, 0.1344184669927141, 0.13091875463179214, 0.1276420077436132, 0.12458898203192936, 0.12175852614719376, 0.11914791029993102, 0.11675313971291834, 0.11456924716629496, 0.11259055936978986, 0.11081093507168384, 0.1092239729234779, 0.10782318979961994, 0.10660216988469136, 0.10555468697336348, 0.10467480157377579, 0.10395693606049336, 0.10339592991577921, 0.10298707840142782, 0.10272615658343114, 0.10260943171241792, 0.10263366545529616, 0.10279610843509306, 0.10309448803228641, 0.10352699131217094, 0.10409224349849401, 0.1047892833114703, 0.10561753513007578, 0.10657677883692858, 0.10766711693965614, 0.1088889394620831, 0.11024288592589186, 0.11172980463894408, 0.11335070842065986, 0.11510672678179694, 0.11699905357414535, 0.11902889000311867, 0.12119738197985523, 0.12350555166275821, 0.12595422221391178, 0.128543935677678, 0.1312748631682899, 0.1341467074600398, 0.1371585974784548, 0.1403089751371062, 0.14359547452012264, 0.14701479441134788, 0.1505625648940733, 0.15423320981102234, 0.1580198067680962, 0.16191394748626575, 0.16590560135145205]
4.1200000000001635	3.421611164163641	[0.16982651110913038, 0.17354450472588698, 0.17729848868643888, 0.18107219001290056, 0.1848476853850428, 0.18860541608221518, 0.1923242365554942, 0.19598150080628593, 0.19955319027622234, 0.20301408625984052, 0.2063379888896962, 0.20949798352999763, 0.21246675394705888, 0.2152169399318384, 0.217721535183851, 0.21995431927435571, 0.22189031550075605, 0.22350626448643046, 0.22478110163158002, 0.22569642504246137, 0.22623693954663798, 0.22639086187005805, 0.22615027218935066, 0.22551139803960227, 0.22447481809326483, 0.2230455754876217, 0.22123319323946286, 0.21905158758899487, 0.21651887886862434, 0.2136571033396935, 0.21049183335672939, 0.2070517167937784, 0.2033679498996437, 0.19947370023534752, 0.19540349817177866, 0.1911926162499228, 0.1868764557434427, 0.18248995877022717, 0.17806706262746694, 0.17364021051761702, 0.16923992994951165, 0.1648944867319846, 0.16062961913102702, 0.1564683533259792, 0.15243089825568507, 0.14853461513340227, 0.144794054738678, 0.14122105382980632, 0.13782488098475407, 0.13461242155879255, 0.1315883914933994, 0.12875557005617844, 0.12611504244252425, 0.12366644413844388, 0.12140820022691784, 0.11933775403898007, 0.11745178091581814, 0.1157463840103233, 0.11421727025135868, 0.1128599055078666, 0.11166964888314819, 0.11064186666067366, 0.1097720269884995, 0.10905577667202318, 0.10848900172722575, 0.10806787338579764, 0.10778888131924472, 0.10764885572604156, 0.10764497987468546, 0.10777479448446463, 0.1080361952136421, 0.10842742428198346, 0.1089470571277151, 0.10959398476070609, 0.11036739235960187, 0.11126673444629612, 0.1122917068832632, 0.11344221575708809, 0.11471834315468675, 0.1161203096908885, 0.11764843362133114, 0.1193030862616456, 0.12108464344226853, 0.1229934326517289, 0.1250296755658883, 0.12719342562484212, 0.12948450040683326, 0.1319024085607818, 0.13444627119889488, 0.13711473772254704, 0.1399058962559819, 0.1428171790062054, 0.14584526313825377, 0.1489859679804687, 0.15223414971734386, 0.15558359503373126, 0.15902691558178111, 0.1625554455113658, 0.16615914474986365]
4.0800000000001635	3.471526120545544	[0.16938169662787944, 0.1726025465923984, 0.1758400096347814, 0.17907968504716745, 0.18230597936676152, 0.18550214422923939, 0.18865033995849426, 0.19173172721283807, 0.1947265885899281, 0.19761448147854566, 0.20037442273326617, 0.20298510482710316, 0.20542514215279994, 0.20767334497295245, 0.20970901735927483, 0.2115122741792819, 0.2130643710317587, 0.2143480398537387, 0.21534782201157182, 0.21605038987536032, 0.21644484747785112, 0.21652300066312963, 0.2162795874635395, 0.21571246003383931, 0.21482271063445535, 0.2136147355482497, 0.21209623272766595, 0.21027813098697898, 0.20817445094269957, 0.20580210019276263, 0.2031806076658986, 0.2003318041681622, 0.19727945817157375, 0.19404887734172094, 0.19066648749530138, 0.18715940116900454, 0.1835549881365887, 0.17988045964551166, 0.17616247729163576, 0.17242679598005295, 0.1686979488192081, 0.16499897976442593, 0.16135122788486514, 0.15777416496922514, 0.15428528633514907, 0.15090005282318425, 0.14763188054400472, 0.1444921736137504, 0.14149039432838847, 0.13863416454953162, 0.13592939193721465, 0.13338041458848568, 0.13099015803305716, 0.12876029890126167, 0.12669143030914232, 0.1247832246071577, 0.12303459000306843, 0.12144381822151515, 0.1200087211955919, 0.1187267553517072, 0.11759513274464817, 0.11661091870600349, 0.11577111618239833, 0.11507273716780056, 0.11451286196733625, 0.1140886870986931, 0.11379756282106608, 0.11363702122967781, 0.1136047959305417, 0.11369883418055853, 0.11391730238842764, 0.11425858570241974, 0.1147212823885326, 0.11530419352185872, 0.11600630848219357, 0.11682678657218218, 0.11776493505011819, 0.11882018371644565, 0.11999205618101617, 0.1212801378114815, 0.12268404037036937, 0.1242033632523003, 0.12583765126273336, 0.12758634881761585, 0.1294487505000534, 0.13142394788547743, 0.13351077263640448, 0.135707735883017, 0.13801296403610663, 0.14042413123782982, 0.14293838882825066, 0.14555229231856315, 0.14826172657143152, 0.15106183005870794, 0.15394691930984244, 0.15691041488023508, 0.15994477043425, 0.16304140677830717, 0.16619065294101867]
4.0400000000001635	3.522672307465265	[0.1684763749730034, 0.1711005102874428, 0.17372383378536613, 0.17633446685124254, 0.17891979448148915, 0.18146651407127654, 0.1839607012667097, 0.18638789380641033, 0.18873319387137916, 0.19098138912629675, 0.19311709206437402, 0.19512489682314108, 0.19698955193297016, 0.1986961469559372, 0.20023031019943308, 0.20157841421007983, 0.2027277850128457, 0.203666910719374, 0.2043856445420681, 0.2048753971698556, 0.20512931314509733, 0.20514242616529293, 0.20491178827266573, 0.20443656859938605, 0.20371811775391824, 0.20275999504026848, 0.20156795643856612, 0.20014990267947122, 0.19851578765922392, 0.19667748896674989, 0.1946486431863578, 0.19244445006823852, 0.19008145031358184, 0.18757728284748698, 0.18495042769109712, 0.18221994122243254, 0.17940519034048874, 0.17652559222674688, 0.17360036561971043, 0.17064829925495065, 0.16768754195117155, 0.1647354182603793, 0.16180827221405417, 0.15892134102507477, 0.1560886592056751, 0.1533229929673249, 0.15063580352982553, 0.14803723759371465, 0.14553614226604325, 0.14314010165218383, 0.14085549167741587, 0.13868754992334, 0.13664045690504073, 0.1347174256816457, 0.1329207965535768, 0.1312521342271983, 0.12971232481968462, 0.1283016707742713, 0.12701998179590857, 0.12586666060736304, 0.12484078234923343, 0.1239411670765657, 0.12316644477310708, 0.12251511284478565, 0.12198558595255643, 0.12157623849036053, 0.12128543984604608, 0.12111158294213677, 0.12105310633316099, 0.12110851042479871, 0.12127636812620822, 0.12155533048306896, 0.12194412756969769, 0.12244156511901345, 0.12304651710045465, 0.12375791463403282, 0.12457473137286455, 0.12549596565223992, 0.12652061946929044, 0.12764767451776243, 0.1288760652967673, 0.13020464947248783, 0.13163217549942924, 0.1331572476711485, 0.134778288635175, 0.13649349957570606, 0.1383008181735378, 0.14019787462742914, 0.14218194597171482, 0.14424990910538613, 0.1463981929416218, 0.14862273027520187, 0.15091890999539695, 0.1532815304644846, 0.15570475494251285, 0.15818207012310023, 0.16070624892451182, 0.163269318837846, 0.1658625372134537]
4.000000000000163	3.575088931070159	[0.16666626412019947, 0.16850826437165528, 0.17033619405141154, 0.172141759990395, 0.17391637208364102, 0.17565118659424903, 0.17733715748354056, 0.1789650957528242, 0.1805257366345544, 0.1820098142476477, 0.183408143147035, 0.18471170595192712, 0.18591174603504146, 0.1869998640117922, 0.1879681165770709, 0.18880911602891184, 0.18951612867226741, 0.19008317015869713, 0.19050509575198607, 0.19077768347652455, 0.19089770814810253, 0.19086300438083054, 0.19067251682957662, 0.19032633615429773, 0.18982571947524174, 0.18917309443179325, 0.1883720463287078, 0.1874272882758781, 0.18634461463852772, 0.1851308385602998, 0.18379371471119021, 0.18234184881823445, 0.18078459584279918, 0.1791319489768359, 0.1773944218020894, 0.17558292612636564, 0.17370864801962718, 0.17178292458858774, 0.16981712387344736, 0.16782253012405715, 0.1658102364211037, 0.16379104637361724, 0.16177538624504553, 0.15977322856727788, 0.15779402789213912, 0.15584666903448513, 0.15393942777318634, 0.15207994372696232, 0.15027520479790105, 0.14853154240529137, 0.14685463649608188, 0.14524952924188309, 0.14372064618942085, 0.14227182364604643, 0.1409063410221872, 0.1396269569426029, 0.1384359479417535, 0.13733514870086522, 0.13632599282671784, 0.13540955334231997, 0.13458658211801414, 0.13385754764809288, 0.1332226706338791, 0.13268195700120688, 0.1322352280213431, 0.13188214735211928, 0.13162224483630552, 0.1314549370187495, 0.13137954434224158, 0.13139530508365177, 0.13150138607120573, 0.1316968903055687, 0.1319808615722832, 0.13235228619981163, 0.13281009207326014, 0.13335314507049206, 0.1339802430395268, 0.1346901074873026, 0.1354813731032177, 0.13635257529058803, 0.13730213583757186, 0.13832834691048007, 0.13942935351875377, 0.14060313465633892, 0.14184748329995664, 0.14315998550632852, 0.14453799883504004, 0.14597863039313516, 0.14747871478987276, 0.14903479236521625, 0.15064308805483612, 0.1522994913328257, 0.15399953767519733, 0.15573839206376422, 0.15751083504987617, 0.15931125196583792, 0.1611336258614286, 0.16297153479541346, 0.16481815408213013]
3.9600000000001634	3.6288203986700935	[0.15911834736752561, 0.1590768794280865, 0.15903573468162033, 0.15899507908104446, 0.1589550764705767, 0.15891588790626926, 0.1588776710264396, 0.15884057939977916, 0.1588047619328208, 0.15877036225610258, 0.15873751817782197, 0.1587063611169199, 0.1586770156120883, 0.15864959880936316, 0.15862422003368182, 0.15860098033845185, 0.15857997214538008, 0.15856127886205776, 0.15854497459483893, 0.158531123838923, 0.1585197812685561, 0.1585109915023581, 0.15850478897371556, 0.15850119777380553, 0.15850023160311616, 0.15850189369360182, 0.15850617684166723, 0.15851306340920449, 0.15852252543759013, 0.15853452472639368, 0.1585490130268325, 0.1585659321962525, 0.15858521446786325, 0.15860678267869918, 0.1586305506114469, 0.15865642329289326, 0.15868429740195902, 0.1587140616361483, 0.15874559718007555, 0.15877877812522218, 0.15881347201579535, 0.15884954029818, 0.15888683892021718, 0.158925218844381, 0.15896452667109248, 0.15900460519704235, 0.15904529407326315, 0.15908643039058695, 0.15912784936571103, 0.1591693849449761, 0.15921087050845592, 0.15925213948295963, 0.15929302605356652, 0.15933336577693738, 0.15937299628917545, 0.15941175790973747, 0.1594494943346147, 0.1594860532210518, 0.1595212868552043, 0.15955505270728992, 0.15958721406333976, 0.15961764054087257, 0.1596462086741039, 0.1596728023808253, 0.15969731349139474, 0.15971964215757883, 0.15973969731620544, 0.15975739703227376, 0.15977266888845773, 0.1597854502559413, 0.1597956886023681, 0.15980334168459903, 0.15980837776934012, 0.15981077574331087, 0.1598105252421813, 0.15980762667537765, 0.15980209126029507, 0.1597939409606509, 0.15978320842494992, 0.15976993683846338, 0.15975417976738163, 0.15973600092553147, 0.1597154739274432, 0.15969268197370134, 0.15966771751676526, 0.15964068186981098, 0.15961168479347346, 0.1595808440325013, 0.15954828483273895, 0.15951413941218148, 0.15947854641982215, 0.1594416503474242, 0.15940360093990383, 0.15936455256694299, 0.15932466358207029, 0.15928409567289425, 0.15924301318370687, 0.15920158244862884, 0.15915997109472807]
