I_value	Tstar	ystar
9.214510296266427	1.5909168486389897	[0.15036467436238538, 0.1955595458439969, 0.2512819549437424, 0.3183721465143487, 0.3969747287517062, 0.48621904491609835, 0.5839269877746522, 0.6864224326645466, 0.7885255735175153, 0.8838040157871094, 0.96511464844372, 1.0254077876980459, 1.0586898789524017, 1.0609746255301324, 1.03101981739315, 0.9706673906284778, 0.8846806711087051, 0.7800882076910943, 0.6651642083560305, 0.5482627004870501, 0.43674798896775086, 0.3362216400757304, 0.2501539443749684, 0.17991915004530667, 0.125143610853258, 0.08422744075246295, 0.05489823909210327, 0.03468884535251232, 0.021280642690445734, 0.0127011535804129, 0.007397802583218717, 0.004225321081533833, 0.0023852534355135505, 0.0013482373461393428, 0.0007789176727838422, 0.0004734743462896657, 0.0003126455810155773, 0.00022903193920493356, 0.00018573359874233665, 0.00016312195167244285, 0.0001510215310326943, 0.0001442753739539804, 0.00014031946087524595, 0.000137898185114104, 0.0001364032581787239, 0.00013554190308870216, 0.0001351739173730637, 0.00013523314097068688, 0.00013569021202421025, 0.00013653515888525426, 0.00013776940929053366, 0.0001394022419512918, 0.00014144935782861234, 0.00014393249543058167, 0.00014687961394403156, 0.00015032543648938878, 0.0001543122850864293, 0.00015889119805260527, 0.00016412336565821227, 0.000170081941591251, 0.000176854320793433, 0.00018454499908310848, 0.00019327917447953933, 0.00020320729503808368, 0.00021451083120779176, 0.00022740963581150027, 0.0002421713839672432, 0.00025912374739893603, 0.0002786701949976289, 0.0003013106231699428, 0.00032766846846140875, 0.00035852656136370554, 0.00039487484805558477, 0.0004379743008159939, 0.0004894430423309543, 0.0005513730805089045, 0.0006264894283155398, 0.0007183681049412397, 0.0008317362080712494, 0.0009728865808279873, 0.0011502526900825226, 0.0013752073772167748, 0.0016631739474088562, 0.0020351713810215794, 0.00251995957902298, 0.0031570069337545554, 0.004000572054022057, 0.005125271458001864, 0.006633588424286887, 0.00866584726032347, 0.011413201187348163, 0.01513410667285352, 0.020174503196911796, 0.0269913725063856, 0.03617838301430494, 0.04849079677072133, 0.06486465141608301, 0.08642248639019633, 0.11445489483528234]
9.191416285498843	1.5956194769288026	[0.1509241419061806, 0.1961541178352205, 0.2518821055752619, 0.31893580710148434, 0.39744799470183184, 0.4865394171076431, 0.5840296110668614, 0.6862491844800565, 0.7880360168559867, 0.8829863062996776, 0.9639938240187139, 1.024048772597179, 1.0571932832848685, 1.059464962544071, 1.0296277816017056, 0.96950968481148, 0.8838418816055861, 0.7796089247466831, 0.6650379949737906, 0.548442119414496, 0.43715753505771515, 0.33677387408591847, 0.2507648292714013, 0.18051948122628578, 0.1256850312544273, 0.0846831946966769, 0.05526002059520641, 0.03496159657033825, 0.021477017682124105, 0.012836830784959244, 0.007488195891451553, 0.00428371873444005, 0.002422102095454278, 0.001371179429924975, 0.0007932207109955059, 0.00048258848333914724, 0.0003187324383686396, 0.000233394224439855, 0.00018913036296383659, 0.00016598311448934124, 0.0001535852847529984, 0.00014667191870021122, 0.00014261989260835385, 0.000140142045215522, 0.00013861357017694184, 0.00013773319186800826, 0.00013735638753772057, 0.00013741484290933416, 0.00013787815079112494, 0.00013873588493730163, 0.000139989337271529, 0.00014164785150146817, 0.00014372732707204508, 0.00014624981746910875, 0.00014924369942958057, 0.00015274422617121033, 0.00015679436600197152, 0.00016144594083226834, 0.0001667610764733441, 0.0001728140454748277, 0.0001796935722415085, 0.00018750573856093507, 0.00019637763058164148, 0.00020646195541563635, 0.0002179428879370466, 0.0002310435365911692, 0.00024603550445674523, 0.0002632512305637461, 0.0002830999891186965, 0.0003060887894331695, 0.00033284981814900115, 0.00036417673688604027, 0.00040107295752069754, 0.0004448162952418639, 0.0004970460319225205, 0.0005598809074145266, 0.0006360798409851654, 0.0007292620662809949, 0.0008442099272056943, 0.0009872871421054564, 0.0011670182391451051, 0.001394893224455631, 0.0016864860110309703, 0.0020630088586641782, 0.0025534685592965615, 0.003197646914980163, 0.004050196296466842, 0.0051862213231201005, 0.006708798508483806, 0.00875895457025173, 0.011528643403636957, 0.015277185663451735, 0.020351374288211398, 0.027208905192448608, 0.03644381818232295, 0.048811114345347524, 0.06524555575961344, 0.08686694164653048, 0.11496119445469913]
9.168322274731258	1.6003504492288778	[0.15148520259265208, 0.1967498343621955, 0.2524828012558433, 0.319499295702486, 0.3979203120436897, 0.48685808510149814, 0.5841298817930851, 0.6860731182231158, 0.7875433993819164, 0.8821655079094254, 0.9628700350759856, 1.0226869719206804, 1.055694030047021, 1.0579526465108275, 1.0282329626232058, 0.968348993138597, 0.8829999476891905, 0.779126515590878, 0.6649089499407279, 0.5486193074173803, 0.4375657036507328, 0.3373257162986143, 0.25137628939017004, 0.18112119750133537, 0.12622839677188105, 0.08514117194645142, 0.055624045741673414, 0.035236415702650487, 0.021675165531489505, 0.012973938495652924, 0.007579685207679479, 0.004342919871147129, 0.002459518748931225, 0.0013945121539579181, 0.00080778809691691, 0.0004918812439847281, 0.00032494209342509426, 0.0002378442080279417, 0.0001925933978181497, 0.00016889775690423885, 0.00015619500437876165, 0.00014911004612579132, 0.00014495935448891438, 0.00014242344061091375, 0.00014086054697156402, 0.00013996065102263455, 0.00013957478117558898, 0.00013963239430446228, 0.00014010200455637757, 0.0001409727095116615, 0.00014224566014705558, 0.00014393026015692686, 0.00014604261139157746, 0.0001486050838722134, 0.00015164648007829606, 0.00015520258914699883, 0.00015931703748454343, 0.00016404244068437017, 0.00016944187624439802, 0.00017559075089717096, 0.00018257914049426102, 0.00019051473508678324, 0.00019952653913026444, 0.00020976955080115127, 0.00022143069134656124, 0.00023473637077435895, 0.0002499621792856757, 0.0002674453895841066, 0.00028760116592106146, 0.0003109437273494555, 0.00033811413381128923, 0.00036991702092540094, 0.00040736944792607387, 0.00045176628587774057, 0.0005047682467095502, 0.0005685211219833703, 0.0006458181437669261, 0.0007403222410189485, 0.0008568716131261096, 0.0010019015708788142, 0.001184028604614185, 0.0014148609295780168, 0.0017101243547380106, 0.0020912258642334755, 0.0025874208608022992, 0.0032388063588076753, 0.004100430483097506, 0.005247887727955629, 0.006784849429290799, 0.008853045318820859, 0.011645229466877969, 0.01542158374656488, 0.02052974888516698, 0.027428124687695784, 0.03671110760714761, 0.04913341677004941, 0.06562851327858427, 0.08731342620660365, 0.11546937834814043]
9.145228263963673	1.6051100219234329	[0.15204785641965088, 0.1973466894769001, 0.2530840342695911, 0.32006259905269213, 0.3983916672857599, 0.48717503157075426, 0.5842277844023309, 0.6858942163209595, 0.7870477063600778, 0.8813416046568706, 0.9617432681590524, 1.021322370968652, 1.0541921061545787, 1.0564376630633645, 1.026835346876471, 0.9671853006500692, 0.88215485424909, 0.7786409635457291, 0.6647770560961579, 0.54879424681762, 0.4379724783442214, 0.33787715285511166, 0.25198831533554233, 0.18172429495569242, 0.1267737095033584, 0.08560138005518673, 0.05599032634366846, 0.0355133171395504, 0.021875101489690203, 0.013112491383800627, 0.007672283593548228, 0.004402935443081294, 0.002497512093201106, 0.0014182421682856269, 0.0008226247297412572, 0.0005013561911131079, 0.0003312770946260828, 0.0002423837572508328, 0.00019612408437244075, 0.00017186697149150731, 0.00015885157487951815, 0.00015159053712982218, 0.00014733854173417087, 0.00014474303603218214, 0.00014314481587773332, 0.00014222490399399353, 0.00014182970366220855, 0.00014188640629456709, 0.00014236237563946923, 0.0001432462449854875, 0.00014453898741876152, 0.00014625009044627344, 0.000148395835370296, 0.00015099893523059447, 0.00015408860327197212, 0.00015770119230179157, 0.00016188097815208422, 0.00016668140003007402, 0.00017216648458180244, 0.00017841280665762522, 0.0001855117978425872, 0.00019357279697075231, 0.00020272673948292416, 0.00021313096534335385, 0.0002249751659745205, 0.00023848911910949317, 0.00025395244143846385, 0.0002717073287311335, 0.00029217489724844137, 0.0003158767002376702, 0.0003434627665265973, 0.0003757488834303205, 0.0004137659038811004, 0.00045882601380283454, 0.0005126115785416152, 0.0005772958245536836, 0.0006557066362479683, 0.0007515512093737846, 0.0008697241097088509, 0.0010167330910851298, 0.0012012873573260378, 0.001435114577839431, 0.001734093512187815, 0.0021198276200260066, 0.002621822263767964, 0.0032804919429560635, 0.004151281935666973, 0.005310279106056756, 0.006861750256913221, 0.008948129835516147, 0.01176297011675815, 0.015567312873344903, 0.0207096387278032, 0.02764904353929741, 0.036980262451692975, 0.04945771516429514, 0.06601353201239782, 0.08776194694106917, 0.1159794485106198]
9.122134253196089	1.6098984544551371	[0.15261209989019142, 0.19794468082818098, 0.2536857928086338, 0.3206257078505639, 0.3988620425073801, 0.4874902432579764, 0.5843232989395691, 0.6857124650851953, 0.7865489190590044, 0.880514584023728, 0.9606135065148318, 1.019954957853556, 1.0526874960368984, 1.0549199999185843, 1.0254349190277159, 0.9660185937413384, 0.8813065849779331, 0.778152252663219, 0.6646422954611204, 0.5489669202174916, 0.4383778421748338, 0.33842816992358743, 0.2526008973532022, 0.18232876962388053, 0.12732097137888707, 0.08606382656929118, 0.056358874221859756, 0.03579231534707095, 0.02207684093990757, 0.013252504246857345, 0.007766004289374954, 0.004463776522632791, 0.00253609098956589, 0.0014423762047407697, 0.0008377356329863775, 0.000511016926886356, 0.00033774007741856955, 0.000247014749230112, 0.00019972386535467684, 0.00017489184580689532, 0.00016155592799770098, 0.00015411416255165493, 0.00014975818768729797, 0.00014710148612121705, 0.0001454670368320166, 0.0001445265661162965, 0.0001441217890803139, 0.0001441774844311011, 0.00014465989212348254, 0.00014555710059111838, 0.00014686995215618692, 0.00014860796390822563, 0.00015078764561961828, 0.00015343201297668272, 0.00015657073748297115, 0.00016024070490175605, 0.00016448688734065788, 0.00016936352496928228, 0.00017493564199238935, 0.00018128096633744723, 0.00018849233821986413, 0.0001966807382455863, 0.000205979094014425, 0.00021654708969867835, 0.00022857726150135965, 0.00024230276945061364, 0.00025800735212443636, 0.00027603815970034435, 0.0002968223875450965, 0.0003208889786883162, 0.0003488971061731161, 0.00038167380063274225, 0.00042026395765553537, 0.0004659972238940156, 0.0005205779797734703, 0.0005862071141006962, 0.0006657476974381238, 0.000762951540308439, 0.0008827703685214478, 0.0010317848972553974, 0.0012187982185001992, 0.0014556581927948867, 0.0017583982321820368, 0.002148819230720891, 0.0026566788614399515, 0.0033227101334825236, 0.004202758434912608, 0.005373403526488625, 0.006939510733047323, 0.009044217847318034, 0.011881877062961302, 0.01571438404079008, 0.020891056925603068, 0.027871672853773486, 0.03725129575029308, 0.04978401858655147, 0.06640062245350492, 0.08821250794539723, 0.11649140999525523]
9.099040242428504	1.6147160093697346	[0.15317793439626076, 0.19854380057087212, 0.2542880707170344, 0.3211886066868413, 0.3993314258816533, 0.48780370061820755, 0.5844164115069982, 0.6855278448235024, 0.7860470242404152, 0.8796844281697399, 0.9594807379094795, 1.018584716325687, 1.0511801875016447, 1.0533996415163238, 1.0240316660563105, 0.9648488565723287, 0.8804551250290016, 0.777660365611169, 0.6645046508958233, 0.5491373094227667, 0.43878177859053397, 0.3389787532269439, 0.2532140258392234, 0.18293461731019656, 0.12787018437347702, 0.08652851897424964, 0.05672970125072226, 0.036073424872516746, 0.022280399363453916, 0.01339399205012626, 0.007860860649025907, 0.004525454368441444, 0.002575264387338931, 0.0014669211545400712, 0.000853125875286521, 0.0005208671736670771, 0.00034433368600906975, 0.00025173914921993123, 0.00020339417112853506, 0.00017797353456536452, 0.00016430897486612717, 0.0001566817474719544, 0.0001522190043916403, 0.00014949949130142154, 0.00014782785118234215, 0.00014686629236004137, 0.00014645165670505408, 0.00014650626914337417, 0.00014699517105615334, 0.00014790591673360934, 0.00014923917973945562, 0.00015100453047442358, 0.00015321868387031744, 0.00015590498500415466, 0.00015909354859304202, 0.00016282182152757918, 0.00016713546362999722, 0.00017208954651045302, 0.0001777500896713155, 0.00018419600875056694, 0.0001915215573498664, 0.00019983939926995517, 0.00020928446766193572, 0.0002200188428201035, 0.00023223793057266975, 0.0002461783410018621, 0.0002621279754348335, 0.0002804390300219451, 0.00030154484332744976, 0.0003259818756076081, 0.00035441854272041874, 0.0003876933004634788, 0.0004268652376683903, 0.00047328172646136625, 0.0005286693916251089, 0.0005952571754355143, 0.0006759436822054204, 0.0007745259193848792, 0.0008960132942057576, 0.0010470603474656242, 0.0012365648230970893, 0.0014764960336646356, 0.0017830431103744832, 0.0021782061473681266, 0.0026919964822967875, 0.003365467911075671, 0.004254867315163459, 0.005437269823566135, 0.007018139867148071, 0.009141320208224614, 0.012001960852565724, 0.01586280987318763, 0.02107401481357169, 0.0280960260198148, 0.03752421795482876, 0.050112339178570865, 0.06678979154202211, 0.08866511729907046, 0.11700526327564251]
9.07594623166092	1.6195629523619395	[0.15374535780985701, 0.19914404445075015, 0.25489085772439324, 0.32175128412213333, 0.39979980114803115, 0.4881153882079778, 0.5845071038231626, 0.6853403397785991, 0.7855420046947305, 0.8788511227291975, 0.9583449468005532, 1.017211632925616, 1.049670165802559, 1.0518765743113494, 1.0226255731045992, 0.9636760746013132, 0.8796004583200939, 0.7771652857903537, 0.6643641044674872, 0.5493053965686631, 0.4391842705282561, 0.33952888856133495, 0.2538276908613631, 0.18354183378476027, 0.1284213502969817, 0.0869954647435803, 0.05710281930464106, 0.0363566603310719, 0.0224857923682437, 0.01353696988261333, 0.007956866205657423, 0.004587980362355757, 0.0026150414035333064, 0.0014918839942480815, 0.0008688006533754612, 0.000530910695991859, 0.000351060654375382, 0.00025655893414078094, 0.0002071364954946566, 0.00018111318849629716, 0.0001671116745287327, 0.00015929410750967665, 0.00015472174281645236, 0.00015193774230961, 0.0001502279335351517, 0.0001492447299215879, 0.0001488199550790943, 0.00014887339559138723, 0.00014936885577217967, 0.00015029333099787862, 0.00015164731962275573, 0.00015344043942722298, 0.0001556896143824253, 0.00015841852040929114, 0.00016165772407941272, 0.0001654452395254279, 0.00016982742683534007, 0.00017486019975204974, 0.00018061059024864133, 0.00018715871793526336, 0.0001946002731678838, 0.00020304962660417096, 0.00021264374899024219, 0.00022354715069063626, 0.0002359581516406978, 0.0002501168606470034, 0.00026631540441990884, 0.00028491109528645207, 0.0003063435045358213, 0.00033115671188343484, 0.0003600285058756021, 0.00039380891793522435, 0.0004335714210832057, 0.0004806813365153974, 0.0005368878170940997, 0.0006044481930296609, 0.0006862970263551289, 0.0007862770220675139, 0.0009094559009206526, 0.001062562771685448, 0.0012545909586843455, 0.0014976322993999103, 0.0018080329602897583, 0.002207993704920977, 0.002727781271181849, 0.0034087720462665414, 0.004307616373799781, 0.0055018864683789945, 0.007097647344960189, 0.009239447170263248, 0.012123233007927543, 0.01601260203952652, 0.021258525101124973, 0.028322114980908693, 0.037799041391566486, 0.0504426870106175, 0.06718104866991663, 0.08911978028781253, 0.11752101187747731]
9.052852220893335	1.6244395523217945	[0.15431436945643845, 0.19974540646546546, 0.25549414522114233, 0.32231372676360737, 0.4002671538203295, 0.48842528855877576, 0.5845953593472042, 0.6851499322389824, 0.7850338447676495, 0.8780146515936914, 0.9572061189205918, 1.0158356927779224, 1.0481574171600874, 1.0503507837093686, 1.0212166259758082, 0.9625002325501981, 0.8787425691415138, 0.7766669960803423, 0.664220638378627, 0.5494711634096002, 0.43958530090915054, 0.3400785614518361, 0.25444188241762394, 0.18415041465976378, 0.12897447092130443, 0.08746467132023539, 0.057478240301499124, 0.036642036425125944, 0.022693035680518694, 0.01368145299001916, 0.008054034637350617, 0.004651366050729945, 0.0026554312784726705, 0.001517271832531812, 0.0008847652450556124, 0.0005411513490720478, 0.0003579237598141724, 0.0002614761395253352, 0.0002109523517642452, 0.00018431199760449187, 0.00016996499392882413, 0.0001619520873293509, 0.0001572671575422333, 0.00015441695363841573, 0.0001526679613103276, 0.00015166254680083456, 0.0001512273361414236, 0.0001512795178972911, 0.00015178159402003575, 0.00015271999871402088, 0.00015409502676323814, 0.0001559163570243591, 0.00015820110796714934, 0.00016097330487479776, 0.00016426395896330175, 0.0001681116727933245, 0.00017256350527511223, 0.00017767623665861408, 0.00018351791581679337, 0.00019016989547277619, 0.00019772931406647801, 0.00020631228542873696, 0.00021605783808558934, 0.00022713295946008997, 0.0002397389158406874, 0.0002541193775644382, 0.0002705707460893096, 0.00028945553626057586, 0.0003112196264579817, 0.00033641483747652557, 0.0003657284421489935, 0.0004000222224389528, 0.0004403842032670022, 0.00048819791075393413, 0.0005452352784506725, 0.0006137824032522012, 0.0006968101851461051, 0.0007982075901776645, 0.0009231012205050309, 0.0010782955869465156, 0.0012728804248289842, 0.0015190713058436582, 0.001833372594439163, 0.00223818739814797, 0.0027640393458659117, 0.003452629530524212, 0.004361013333085125, 0.005567262238187043, 0.007178042694316439, 0.009338609406772449, 0.012245704760094879, 0.01616377277937514, 0.021444600007153966, 0.028549952435586255, 0.038075777624675906, 0.050775073124429596, 0.06757440213643037, 0.08957650340816264, 0.11803865788465348]
9.02975821012575	1.6293460813818423	[0.15488496664187287, 0.20034788257027017, 0.2560979222440041, 0.3228759233813232, 0.40073346689582756, 0.48873338644531567, 0.5846811590666207, 0.6849566066450317, 0.7845225265593629, 0.8771750005299739, 0.9560642380952573, 1.0144568824668492, 1.0466419262731126, 1.0488222561245264, 1.0198048093434537, 0.9613213157663223, 0.8778814410154356, 0.7761654797084188, 0.6640742343424578, 0.5496345918469164, 0.43998485233241824, 0.34062775742720175, 0.2550565902823147, 0.18476035549137723, 0.12952954789846471, 0.08793614612914206, 0.057855976169636156, 0.036929567926120746, 0.022902145148726585, 0.013827456749624215, 0.008152379792944904, 0.004715623116436964, 0.0026964434108371934, 0.0015430918793128503, 0.0009010250462583359, 0.0005515930462683547, 0.00036492585879973607, 0.00026649282727799997, 0.00021484330597442504, 0.00018757116091533874, 0.00017286993775270928, 0.00016465653342154416, 0.00015985603292562338, 0.00015693783977955805, 0.0001551486372600261, 0.00015412041147377136, 0.00015367447439092324, 0.00015372529192545637, 0.00015423405421987154, 0.00015518657837777978, 0.00015658297549040194, 0.0001584329540476108, 0.00016075385398735668, 0.00016357002984806058, 0.00016691296642835953, 0.00017082184212921186, 0.00017534444545154557, 0.00018053841715886726, 0.00018647285708357433, 0.0001932303519404911, 0.0002009095279191603, 0.00020962825095492482, 0.00021952765587025498, 0.00023077722637240847, 0.00024358123708683447, 0.0002581869531299607, 0.00027489513292065245, 0.0002940735470370462, 0.00031617449353008834, 0.0003417576167670108, 0.0003715198322464406, 0.000406334798698799, 0.0004473053207690744, 0.0004958333216433719, 0.0005537138489503953, 0.0006232620576214741, 0.0007074856787800238, 0.0008103203779438882, 0.0009369523698803117, 0.001094262215908613, 0.001291437135522339, 0.001540817360335584, 0.0018590669826607212, 0.0022687926863203, 0.0028007770438922518, 0.003497047271277502, 0.0044150662246481495, 0.0056334057433825675, 0.007259335877724782, 0.009438817290302437, 0.01236938794366901, 0.01631633382778056, 0.021632252570850895, 0.02877955028969428, 0.03835443930056623, 0.0511095073965429, 0.06796986161763258, 0.09003529156196823, 0.11855820506136965]
9.006664199358166	1.6342828149654132	[0.15545714920345766, 0.20095146578181416, 0.2567021807143233, 0.3234378594596368, 0.4011987264471458, 0.4890396632471845, 0.5847644870073458, 0.6847603442001582, 0.7840080349354462, 0.876332152467525, 0.9549192904640216, 1.0130751862978975, 1.0451236796130625, 1.0472909762857125, 1.0183901091035548, 0.9601393084248957, 0.8770170581927657, 0.7756607191078992, 0.6639248744129757, 0.5497956632414568, 0.44038290748140113, 0.34117646165083204, 0.2556718041924649, 0.18537165162161903, 0.13008658284244254, 0.08840989653680648, 0.05823603887267752, 0.03721926968719876, 0.023113136732845024, 0.013974996704043521, 0.00825191566085269, 0.00478076342177167, 0.0027380873165854256, 0.001569351492809863, 0.0009175855263288924, 0.0005622398068413555, 0.00037206984219239486, 0.00027161113148607675, 0.000218810934311125, 0.00019089192858855146, 0.0001758275095760332, 0.0001674083315881442, 0.00016248914877006794, 0.0001595011478041291, 0.0001576706598406413, 0.0001566190207642466, 0.00015616204167849743, 0.00015621139894542272, 0.00015672690412316286, 0.00015769375176016848, 0.00015911184136352993, 0.0001609909230593653, 0.0001633485447288605, 0.00016620940762137264, 0.00016960546406163246, 0.0001735764887583053, 0.0001781709995730363, 0.00018344752169031407, 0.0001894762116332951, 0.00019634091901155583, 0.00020414177055459533, 0.0002129984206220836, 0.0002230541322363188, 0.00023448093266242376, 0.0002474861392203897, 0.0002623206752513558, 0.00027928970819158323, 0.0002987663517978661, 0.0003212094016943538, 0.0003471864491697697, 0.0003774041687398483, 0.00041274827338382106, 0.0004543365216701637, 0.0005035894933642258, 0.000562325611702558, 0.0006328894733843607, 0.0007183260331213399, 0.0008226182257239297, 0.0009510124628640433, 0.001110466197417101, 0.0013102649847673029, 0.0015628749309949598, 0.001885121043914626, 0.0022998152556418356, 0.0028380005976699645, 0.0035420325001359215, 0.004469782883353612, 0.005700326058766555, 0.007341536512740977, 0.00954008185399439, 0.012494293820640032, 0.01647029784370911, 0.02182149493040612, 0.02901092170831356, 0.03863503772668858, 0.05144600136284855, 0.06836743492138572, 0.0904961517503723, 0.11907965473982342]
8.983570188590582	1.6392500318354792	[0.15603091509774392, 0.20155615093872523, 0.2573069103620384, 0.3239995224944863, 0.4016629161974462, 0.4893441024201797, 0.5848453248722649, 0.6845611280841926, 0.7834903526363448, 0.8754860920520517, 0.9537712603640949, 1.0116905899255504, 1.0436026622328263, 1.0457569298742557, 1.0169725101123224, 0.9589541952955793, 0.8761494042060282, 0.775152697022294, 0.6637725401598469, 0.549954359057323, 0.44077944870366553, 0.3417246592596986, 0.25628751365423535, 0.18598429832767438, 0.13064557725086762, 0.08888592989536306, 0.0586184403913002, 0.03751115663679825, 0.02332602652006722, 0.014124088533135293, 0.00835265640379762, 0.004846798970865731, 0.002780372672944857, 0.0015960581374876355, 0.0009344522749676672, 0.0005730957124116399, 0.0003793586813461033, 0.0002768332158221111, 0.00022285686619320382, 0.00019427556216738395, 0.00017883875072617029, 0.00017020837123999936, 0.0001651673144551836, 0.00016210762620552782, 0.00016023475261033152, 0.00015915907317103683, 0.00015869073223586066, 0.00015873852301955555, 0.00015926083205175184, 0.00016024220474598075, 0.0001616823192917485, 0.0001635909620237492, 0.00016598589107738582, 0.00016889215708475633, 0.00017234218772171434, 0.00017637636161679787, 0.00018104393819273437, 0.00018640433946484882, 0.0001925287958709194, 0.00019950243818560624, 0.00020742691752576023, 0.0002164237027731153, 0.0002266382181875472, 0.00023824507159989915, 0.0002514546691628076, 0.00026652164507404494, 0.0002837556409648473, 0.0003035351892317476, 0.0003263256763581354, 0.0003527027498964167, 0.00038338297868419465, 0.0004192642901500763, 0.00046147959543996344, 0.0005114683679129913, 0.00057107270083496, 0.0006426669855532798, 0.000729333838672641, 0.0008351039897342299, 0.0009652846974256677, 0.001126911080639364, 0.0013293679789377997, 0.0015852484839951081, 0.0019115398504746912, 0.0023312607661748683, 0.0028757164520408687, 0.0035875923781992277, 0.004525171440631823, 0.005768032111941929, 0.007424654630217104, 0.009642413858715906, 0.012620434222451299, 0.01662567702256817, 0.022012339992765542, 0.02924407912187619, 0.0389175852196301, 0.05178456547469149, 0.06876713113599335, 0.09095908948852861, 0.1196030098146187]
8.960476177822997	1.6442480141444267	[0.15660626267380426, 0.20216193223946274, 0.25791210134727977, 0.324560899260344, 0.4021260203315534, 0.4896466866809546, 0.5849236548267321, 0.6843589407719348, 0.7829694628150972, 0.8746368032915274, 0.9526201324494172, 1.010303078455207, 1.0420788593876809, 1.0442201021242483, 1.0155519973245235, 0.9577659608026119, 0.8752784626049968, 0.7746413959320265, 0.6636172131050461, 0.5501106605440874, 0.4411744582465065, 0.34227233520466666, 0.2569037080550569, 0.18659829075116413, 0.13120653254809966, 0.08936425351920393, 0.059003192731029226, 0.03780524378024407, 0.023540830715971305, 0.014274748068951449, 0.008454616342457574, 0.004913741931539327, 0.002823309298534242, 0.0016232194087692129, 0.0009516309807369918, 0.0005841649319450116, 0.00038679540631367064, 0.00028216129725931906, 0.00022698276330123673, 0.0001977233561963705, 0.0001819047209943194, 0.0001730575645463027, 0.00016789135182688545, 0.00016475804151014383, 0.00016284164944180523, 0.0001617412830755959, 0.0001612612500974329, 0.0001613073630766833, 0.00016183653626340258, 0.00016283263761119067, 0.0001642951145117632, 0.0001662337831443947, 0.00016866661476691708, 0.00017161901146746337, 0.00017512388473508615, 0.00017922222431321404, 0.00018396404405814947, 0.00018940967493914296, 0.0001956314392533449, 0.00020271576704111813, 0.00021076585846020528, 0.00021990502296434934, 0.00023028088003253927, 0.00024207065516243696, 0.0002554878906303697, 0.0002707909843916319, 0.0002882941189110146, 0.0003083813211843528, 0.0003315246637480596, 0.000358307960565435, 0.00038945781265018245, 0.0004258845232940905, 0.00046873635833571687, 0.0005194719234827835, 0.0005799572811847375, 0.0006525969726849252, 0.0007405117212315711, 0.0008477805795099029, 0.0009797723119399449, 0.0011436004810911897, 0.0013487501699786526, 0.001607942569151757, 0.0019383285242983214, 0.002363134984262761, 0.0029139311023561004, 0.003633734201699999, 0.004581240071951561, 0.005836533000847971, 0.007508700284882886, 0.009745824275966222, 0.012747820961810529, 0.01678248381271977, 0.022204800571638154, 0.029479035253920566, 0.03920209389071043, 0.05212521051155051, 0.0691689589999333, 0.09142411065099475, 0.12012827267438389]
8.937382167055413	1.6492770474847744	[0.1571831903221153, 0.2027688036109706, 0.25851774384660614, 0.3251219762155701, 0.40258802304633495, 0.48994739842643076, 0.5849994590552074, 0.6841537644433157, 0.7824453486439672, 0.8737842699319043, 0.9514658913740839, 1.0089126367575787, 1.0405522562981262, 1.0426804780564873, 1.014128555623996, 0.956574589177959, 0.8744042168416306, 0.7741267981431462, 0.6634588746496839, 0.5502645487815137, 0.4415679182123814, 0.3428194742675598, 0.25752037663659416, 0.18721362390038504, 0.13176945006988755, 0.08984487468210277, 0.05939030791608689, 0.03810154619716906, 0.02375756564516159, 0.014426991294632064, 0.00855780995993702, 0.004981604634763211, 0.002866907159136824, 0.0016508430320928043, 0.0009691274366727405, 0.000595451720081383, 0.00039438311075503854, 0.0002875976438491085, 0.000231190323729231, 0.0002012366357845253, 0.00018502650213618262, 0.00017595684406641226, 0.0001706620981622717, 0.0001674531761424877, 0.0001654920970421249, 0.00016436637890357184, 0.00016387431124797796, 0.0001639186313691733, 0.00016445472679232226, 0.00016546576374255837, 0.00016695094418235377, 0.00016892011180138155, 0.0001713914497852553, 0.00017439071744553147, 0.0001779513151650183, 0.0001821148543628916, 0.00018693211329092455, 0.0001924643471363648, 0.000198784985424082, 0.00020598177860755968, 0.00021415949819255978, 0.00022344332335167273, 0.00023398310056034103, 0.0002459587133956775, 0.00025958688540544424, 0.0002751298349312793, 0.0002929063497422364, 0.00031330603180267894, 0.0003368077325982011, 0.0003640035481090319, 0.00039563024679989243, 0.0004326106762736216, 0.0004761086560675283, 0.0005276021723634243, 0.0005889815518678761, 0.0006626818537802601, 0.0007518623468638369, 0.0008606509531873277, 0.00099447859236415, 0.0011605380732977234, 0.0013684156660735552, 0.0016309618083440865, 0.001965492253238152, 0.002395443764154016, 0.002952651119449683, 0.0036804653729123906, 0.0046379970354503775, 0.005905837948204577, 0.00759368361473699, 0.00985032421789204, 0.012876465922459342, 0.016940730810822063, 0.022398889519364872, 0.029715802969770406, 0.0394885758320109, 0.05246794737077342, 0.06957292715096353, 0.09189122119263117, 0.12065544551526776]
8.914288156287828	1.654337420940656	[0.15776169599999398, 0.20337675924528867, 0.2591238275026078, 0.32568274008006187, 0.4030489079446115, 0.49024622030001735, 0.5850727191391599, 0.6839455814995895, 0.7819179927434319, 0.8729284759187056, 0.950308521348594, 1.0075192498872, 1.0390228378678592, 1.0411380428382422, 1.0127021696622716, 0.9553800647136633, 0.873526650150278, 0.7736088859038939, 0.6632975059535704, 0.550416004694189, 0.4419598104532684, 0.34336606104104833, 0.25813750843145017, 0.18783029263906145, 0.13233433104293252, 0.09032780061977146, 0.05977979799215859, 0.03840007904719797, 0.023976247760313048, 0.01458083434681578, 0.008662251910636722, 0.005050399573640449, 0.002911176375666643, 0.0016789368600169663, 0.0009869475475981241, 0.0006069604133848183, 0.0004021249585793824, 0.00029314457063291956, 0.0002354812878614617, 0.00020481675252898867, 0.0001882052029760847, 0.0001789071589467968, 0.00017348041055971058, 0.00017019382504854802, 0.0001681868587102693, 0.0001670351002249152, 0.00016653064683516818, 0.00016657305102943702, 0.0001671161282064546, 0.0001681423075929723, 0.00016965053977545974, 0.0001716506848341161, 0.00017416114448385515, 0.00017720803368021865, 0.00018082525371869944, 0.00018505504191492782, 0.0001899489571631794, 0.0001955691885004641, 0.0002019902939260286, 0.00020930136028975743, 0.00021760875847999167, 0.00022703956162766392, 0.00023774588082938248, 0.00024991029329989663, 0.0002637527552819259, 0.0002795393571117828, 0.0002975935634205332, 0.0003183106260587682, 0.0003421762767674573, 0.0003697910029083699, 0.00040190188612707826, 0.0004394444792203593, 0.0004835983679822328, 0.0005358611574609481, 0.0005981477519047016, 0.0006729240832185575, 0.0007633884297534594, 0.0008737181098951819, 0.0010094068835533308, 0.0011777275790944496, 0.0013883686483866593, 0.0016543108772494684, 0.0019930363162786306, 0.0024281930192838396, 0.0029918831880736676, 0.0037277933550707337, 0.00469545073055211, 0.005975956231497921, 0.007679614929764151, 0.00995592483072673, 0.013006381191244271, 0.017100430604428243, 0.02259461991861895, 0.029954395053005258, 0.0397770433852206, 0.05281278676481402, 0.06997904448662613, 0.09236042675941541, 0.12118453079721049]
8.891194145520243	1.6594294271404577	[0.15834177831737373, 0.20398579238747094, 0.2597303427038955, 0.32624317654790486, 0.4035086594560749, 0.49054313393033383, 0.5851434175023055, 0.6837343733865782, 0.7813873784734758, 0.8720694043022804, 0.949148007106584, 1.0061229020642082, 1.0374905892775628, 1.0395927809104724, 1.0112728241972933, 0.9541823711580626, 0.8726457458106288, 0.7730876411269678, 0.6631330882096325, 0.5505650090171027, 0.4423501168201677, 0.3439120799846232, 0.2587550924238312, 0.18844829172795016, 0.13290117664787238, 0.09081303853707619, 0.06017167503040016, 0.038700857564396056, 0.02419689362715411, 0.014736293515301849, 0.008767957004994019, 0.005120139411551664, 0.0029561272117512253, 0.0017075088851454985, 0.0010050973189655386, 0.0006186954443755235, 0.0004100241730069667, 0.00029880445293256397, 0.00023985742770217625, 0.0002084650964410345, 0.0001914419494342426, 0.00018190948536383922, 0.0001763471570054839, 0.0001729808047074066, 0.0001709267065792158, 0.00016974820545792116, 0.0001692309965568461, 0.0001692713626322754, 0.00016982147401251865, 0.00017086301029036025, 0.00017239464232932534, 0.0001744262553891471, 0.0001769764575010761, 0.00018007173508811605, 0.00018374648617125108, 0.00018804359361323744, 0.00019301539886689144, 0.00019872504850286296, 0.00020524823717244333, 0.00021267541736686368, 0.0002211145750351369, 0.00023069471456155856, 0.0002415702371151091, 0.0002539264625763566, 0.00026798661875586524, 0.0002840207341993391, 0.0003023570083707788, 0.0003233964345868806, 0.0003476317106682815, 0.00037567184470129844, 0.000408274358648365, 0.00044638769649967116, 0.0004912073993261135, 0.0005442509624112563, 0.0006074581494671644, 0.0006833261648438627, 0.0007750927167029035, 0.0008869851100716663, 0.0010245605662364309, 0.0011951727977696613, 0.0014086133360696443, 0.0016779945509819304, 0.002020966029532349, 0.00246138879218025, 0.003031634022949971, 0.0037757257796792562, 0.004753609567623074, 0.00604689734645539, 0.007766504511550192, 0.010062637539524119, 0.013137578755863131, 0.017261596128705228, 0.022792004639433167, 0.03019482470761697, 0.04006750851760094, 0.053159739899907583, 0.07038731932945698, 0.09283173356635485, 0.12171553019774926]
8.868100134752659	1.6645533623100555	[0.15892343463962802, 0.20459589740734407, 0.26033727835563675, 0.3268032724998845, 0.40396726038602937, 0.49083812212755445, 0.5852115349494007, 0.6835201226711258, 0.7808534877481978, 0.8712070391591065, 0.9479843322390932, 1.0047235784028254, 1.0359554948949903, 1.038044677409831, 1.0098405034172997, 0.9529814926855925, 0.8717614866505617, 0.7725630458666063, 0.662965602199826, 0.5507115424086677, 0.4427388187906394, 0.3444575153800264, 0.25937311730731544, 0.189067615770686, 0.13346998791263615, 0.09130059558830976, 0.06056595110964235, 0.03900389705677328, 0.024419519944102006, 0.01489338524125416, 0.008874940237620145, 0.005190836972049261, 0.003001770101041153, 0.001736567223555997, 0.0010235828820937141, 0.0006306613220447594, 0.00041808405988919694, 0.0003045797064952473, 0.000244320568178058, 0.00021218307716875547, 0.00019473790358131877, 0.00018496480956842326, 0.00017926323306110997, 0.00017581493829397254, 0.00017371243599288754, 0.0001725064591477461, 0.00017197612092959542, 0.00017201431340132386, 0.00017257151710681914, 0.00017362862048905694, 0.00017518401140868332, 0.0001772475851021941, 0.00017983816555838878, 0.00018298260604596522, 0.00018671581630417218, 0.00019108132653902809, 0.00019613227987504535, 0.0002019327880613778, 0.00020855970649118598, 0.0002161048676412533, 0.00022467790350758654, 0.00023440977262942792, 0.00024545720709770707, 0.0002580083039629914, 0.0002722896177331833, 0.00028857516601004193, 0.0003071979591102899, 0.00032856480629760745, 0.0003531754783736183, 0.0003816476134533565, 0.00041474932680106967, 0.000453442114852858, 0.0004989376961676314, 0.0005527736954590443, 0.0006169150622522075, 0.0006938906291523082, 0.0007869780160064861, 0.000900455042080733, 0.001039943099253424, 0.001212877555913953, 0.0014291540496122908, 0.0017020176273767743, 0.0020492868429329673, 0.002495037136001243, 0.003071910517729387, 0.0038242702635337216, 0.004812482197579498, 0.006118670726982648, 0.0078543629641836, 0.010170473627328223, 0.0132700710314802, 0.01742424005102861, 0.022991057107361938, 0.030437104688734107, 0.0403599838989744, 0.05350881729669801, 0.07079776086076368, 0.09330514686616578, 0.1222484464017662]
8.845006123985074	1.6697095263274615	[0.15950666318545556, 0.20520706752363538, 0.26094462433567545, 0.3273630135602246, 0.40442469459667496, 0.491131166436561, 0.5852770533373357, 0.6833028107132915, 0.7803163034036751, 0.870341363453984, 0.9468174810277686, 1.003321263035835, 1.0344175395259039, 1.0364937166698496, 1.0084051917521144, 0.9517774128820718, 0.8708738556205546, 0.7720350817903074, 0.6627950287539409, 0.5508555852780568, 0.4431258978241888, 0.3450023513294961, 0.2599915717115978, 0.18968825924690472, 0.13404076581583632, 0.09179047889449571, 0.060962638337554005, 0.03930921291175648, 0.024644143526682136, 0.015052126125671143, 0.0089832167623847, 0.005262505255923995, 0.003048115622385291, 0.001766120138044095, 0.0010424104705432714, 0.0006428626571229264, 0.000426307984971626, 0.0003104728119741788, 0.00024887256555613873, 0.00021597214636725099, 0.0001980942438095272, 0.00018807414767698294, 0.00018222954424350042, 0.00017869707283544955, 0.00017654485024563247, 0.0001753106466501503, 0.00017476678827754526, 0.00017480266970702757, 0.0001753670187454965, 0.00017643990503174155, 0.0001780194157194272, 0.00018011545328952306, 0.00018274705537113251, 0.0001859414484626222, 0.00018973405878223616, 0.0001941690754870562, 0.00019930045348217907, 0.00020519328631778496, 0.00021192560604898906, 0.00021959064799885754, 0.00022829971351994566, 0.00023818574664255938, 0.0002494078437232675, 0.00026215692224798874, 0.0002766629108819895, 0.0002932038766978723, 0.000312117708663696, 0.0003338171174612825, 0.0003588090444991716, 0.00038771988048181606, 0.0004213284759178253, 0.0004606095576781824, 0.0005067912301272972, 0.000561431508621014, 0.0006265208363710644, 0.0007046200600542338, 0.0007990471671647043, 0.0009141310608916993, 0.0010555579747549733, 0.0012308457648846128, 0.00144999514299105, 0.0017263850140600782, 0.002078004235827604, 0.0025291442479250994, 0.003112719583093112, 0.003873434613444401, 0.004872077261080016, 0.006191286056960609, 0.007943200829585358, 0.010279444702018761, 0.013403870282188042, 0.01758837545218108, 0.023191790458913886, 0.030681248264002686, 0.040654481718091016, 0.05386003009483041, 0.07121037754659879, 0.09378067264394593, 0.12278328113809227]
8.82191211321749	1.674898222777742	[0.16009146190133097, 0.20581929600664306, 0.2615523701702678, 0.32792238538330676, 0.40488094556107307, 0.4914222484295823, 0.5853399541442195, 0.6830824189094404, 0.7797758079441012, 0.8694723601937365, 0.945647437481793, 1.0019159401249864, 1.0328767077512124, 1.0349398830162275, 1.006966873432537, 0.9505701152754216, 0.8699828354807753, 0.7715037304575694, 0.6626213485077401, 0.5509971178816215, 0.4435113351774361, 0.3455465717576758, 0.2606104440788909, 0.19031021648781288, 0.1346135112230182, 0.09228269552533118, 0.06136174883218252, 0.03961682058874193, 0.024870781314066528, 0.01521253292571878, 0.00909280190820366, 0.005335157435859309, 0.003095174517024272, 0.001796176029828505, 0.001061586436206249, 0.0006553041518119018, 0.00043469938843533504, 0.00031648630401894375, 0.0002535153204292853, 0.0002198337871307727, 0.00020151217628276076, 0.00019123853601762649, 0.00018524701598097767, 0.0001816280707257349, 0.0001794247691371678, 0.0001781615668524856, 0.00017760378203301127, 0.0001776372109021048, 0.0001782087547739476, 0.0001792976437416281, 0.0001809016384642545, 0.00018303065251676348, 0.00018570392832457716, 0.00018894907794665824, 0.00019280204333103624, 0.00019730768956702016, 0.00020252078864899505, 0.00020850743752195636, 0.00021534685651686977, 0.00022313371143370186, 0.0002319809923042153, 0.0002420236647689027, 0.00025342321897013756, 0.00026637344112896694, 0.0002811076777142822, 0.00029790811125579044, 0.00031711757319719073, 0.00033915476758724153, 0.0003645338997178328, 0.000393890243332684, 0.00042801352109804377, 0.0004678918783292833, 0.0005147700073320528, 0.0005702265885099342, 0.0006362778585152563, 0.0007155170818009104, 0.000811303058048181, 0.0009280163688329475, 0.001071408743213853, 0.00124908139175016, 0.0014711410410722233, 0.0017511016838357826, 0.00210712377395469, 0.0025637164000840706, 0.003154068234447642, 0.003923226719402071, 0.004932403523694862, 0.006264753106638059, 0.00803302879419819, 0.010389562450455643, 0.01353898893138355, 0.017754015466735933, 0.023394217994234495, 0.03092726870493435, 0.04095101431621563, 0.054213389360564634, 0.07162517797802666, 0.09425831671343626, 0.12332003622282024]
8.798818102449905	1.6801197590098034	[0.16067782795977925, 0.20643257672637322, 0.2621605044865116, 0.3284813742787198, 0.4053359958017967, 0.4917113503542459, 0.5854002179144602, 0.6828589292861431, 0.7792319830053512, 0.8686000129021486, 0.9444741848433751, 1.0005075941997639, 1.031332983514938, 1.0333831609975446, 1.0055255321943866, 0.9493595834974582, 0.8690884086234167, 0.7709689734387549, 0.6624445418189943, 0.5511361204123992, 0.4438951118810455, 0.34609016047782315, 0.26122972267088473, 0.19093348171939153, 0.135188224900005, 0.0927772525197534, 0.06176329473076606, 0.039926735622981185, 0.025099450373872366, 0.01537462255080276, 0.009203711183825302, 0.005408806850817141, 0.0031429576951268307, 0.001826743433242845, 0.0010811172569593068, 0.0006679905947222137, 0.0004432617925202993, 0.0003226227662235602, 0.00025825078464824, 0.00022376950903856588, 0.00020499294099360162, 0.00019445902650037727, 0.00018831659882784658, 0.00018460880559198012, 0.000182353033436928, 0.0001810600286004406, 0.00018048790455358666, 0.0001805187262883779, 0.0001810975189015074, 0.00018220262686330314, 0.00018383148017872577, 0.0001859939864298672, 0.00018870960297053061, 0.00019200632194166147, 0.00019592061698605533, 0.00020049803056251329, 0.00020579417208818087, 0.00021187614954017923, 0.00021882439707143498, 0.0002267350256355811, 0.00023572274669591384, 0.0002459245711298116, 0.0002575044259180769, 0.00027065900174140923, 0.0002856251208261286, 0.00030268913388160126, 0.00032219889455234365, 0.00034457917750134936, 0.00037035156375541783, 0.0004001603233902659, 0.0004348062109117683, 0.00047529095698952865, 0.0005228760731946895, 0.000579161152057442, 0.0006461885623807856, 0.0007265843529024691, 0.0008237486338561618, 0.0009421142066640913, 0.0010874990263124776, 0.0012675884458541481, 0.0014925962586016873, 0.0017761726540980384, 0.002136651137864507, 0.002598759907679637, 0.003195963634727991, 0.003973654505049701, 0.004993469940152398, 0.0063390816561118, 0.008123857784190265, 0.010500838521994805, 0.013675439699884743, 0.017921173110211536, 0.023598353372018634, 0.031175179039977116, 0.04124959445368486, 0.05456890575176783, 0.0720421712237443, 0.09473808429125197, 0.12385871400916529]
8.77572409168232	1.6853744461933484	[0.16126575881841673, 0.20704690301740347, 0.26276901619010307, 0.32903996593167634, 0.405789828106636, 0.4919984538004441, 0.5854578254377264, 0.6826323232458372, 0.7786848104496479, 0.8677243045782749, 0.9432977065672565, 0.9990962094006086, 1.0297863509465317, 1.0318235348878464, 1.00408115188882, 0.9481458009538741, 0.8681905574417328, 0.7704307920669525, 0.662264588926859, 0.5512725728005682, 0.4442772087701083, 0.3466331010472056, 0.2618493955519936, 0.19155804898035675, 0.1357649074956456, 0.09327415685595732, 0.062167288182580056, 0.04023897362634114, 0.02533016789949228, 0.015538412075945102, 0.009315960273795014, 0.005483467022460298, 0.00319147622867713, 0.0018578310317992456, 0.0011010095272236244, 0.0006809268757204846, 0.00045199879102857457, 0.00032888484456041747, 0.0002630809508025501, 0.00022778086010818906, 0.0002085378019030669, 0.00019773669708632454, 0.0001914392596339204, 0.00018764017134227954, 0.00018533049721478125, 0.00018400685844691407, 0.00018341997058265403, 0.00018344802173273764, 0.00018403411716699943, 0.00018515566073417432, 0.00018680975403579446, 0.00018900627467412389, 0.00019176491099623917, 0.00019511402407592496, 0.00019909064055949663, 0.00020374097688012616, 0.00020912150507622218, 0.00021530034755908161, 0.0002223591824099912, 0.00023039557659689476, 0.00023952600021474058, 0.00024988952946068644, 0.0002616525757489763, 0.000275014766541338, 0.00029021646264832356, 0.00030754823228888755, 0.0003273630365272322, 0.0003500917943600535, 0.00037626358089601667, 0.00040653177198466187, 0.0004417083216750054, 0.000482808708451609, 0.0005311115047647834, 0.0005882374568553812, 0.0006562554180016847, 0.0007378245804195489, 0.0008363868816935929, 0.0009564278740131915, 0.0011038324939873455, 0.0012863710088783105, 0.0015143653653108258, 0.0018016030320083204, 0.0021665920692040762, 0.0026342811978017954, 0.0032384130113981106, 0.004024726033062066, 0.005055285526775737, 0.006414281656085465, 0.008215698772225869, 0.01061328477051885, 0.013813235319977185, 0.01808986163511463, 0.023804210199362515, 0.031424992560834246, 0.04155023474345538, 0.054926590206027706, 0.07246136608048868, 0.09521998088010454, 0.12439931644077415]
8.752630080914736	1.6906625993774589	[0.16185525255451147, 0.20766226727958914, 0.2633778948854916, 0.32959814500195467, 0.4062424260323594, 0.4922835393329883, 0.5855127582915384, 0.6824025812264954, 0.7781342728481574, 0.8668452173325931, 0.9421179866355224, 0.9976817690568692, 1.0282367944802384, 1.0302609882581846, 1.0026337164990031, 0.9469287505104702, 0.8672892643788089, 0.7698891673192017, 0.6620814700869136, 0.5514064547523944, 0.4446576066524244, 0.3471753768555263, 0.2624694507133396, 0.19218391218039693, 0.1363435595953245, 0.09377341546696696, 0.06257374135527485, 0.04055355028330979, 0.025562951200885718, 0.015703918738097605, 0.009429565029902385, 0.005559151657382203, 0.0032407413462251736, 0.001889447664267086, 0.0011212699541819496, 0.0006941179930095727, 0.0004609140455924166, 0.00033527525401478474, 0.00026800784825504494, 0.00023186943259669956, 0.00021214804297375018, 0.00020107265677489055, 0.00019461597784731503, 0.0001907230864412442, 0.00018835802456796758, 0.00018700290431528896, 0.00018640080444327927, 0.00018642592280984635, 0.0001870193655732893, 0.00018815757049576307, 0.00018983728386159825, 0.00019206835526089917, 0.00019487069555104692, 0.00019827304626683452, 0.00020231298720790346, 0.00020703742546733945, 0.00021250370219703688, 0.00021878097588672634, 0.00022595218161055737, 0.00023411637036260165, 0.00024339179198438167, 0.0002539196248752252, 0.0002658687966688176, 0.00027944192115461646, 0.00029488294430583253, 0.0003124867197252137, 0.0003326113835930895, 0.0003556940939455974, 0.0003822715184470328, 0.00041300627311336845, 0.00044872165550714034, 0.0004904470854834235, 0.0005394784081417237, 0.0005974578054911853, 0.0006664809281538877, 0.0007492405257683501, 0.0008492208253919984, 0.0009709607374265571, 0.0011204128567567407, 0.0013054332463389854, 0.0015364529743054278, 0.0018273980312833286, 0.0021969523528840755, 0.0026702868342770554, 0.0032814236288371936, 0.004076449542058487, 0.005117859318666386, 0.006490363282334152, 0.008308562711476446, 0.010726913333435029, 0.013952388435185622, 0.018260094642566876, 0.024011801883316572, 0.03167672297524875, 0.04185294743962532, 0.05528645414323878, 0.07288277078832249, 0.09570401253098387, 0.12494184469717276]
8.729536070147152	1.6959845375500826	[0.1624463072308215, 0.20827866168920223, 0.26398713012612424, 0.3301558958895382, 0.40669377306671056, 0.4925665872495843, 0.5855649979765498, 0.6821696834106991, 0.7775803526903411, 0.8659627330448849, 0.940935008947681, 0.996264256301027, 1.0266842984686533, 1.0286955045124688, 1.0011832099168465, 0.9457084148748344, 0.8663845117580962, 0.7693440799999625, 0.661895165395666, 0.5515377457784373, 0.44503628614645235, 0.34771697109154975, 0.2630898759655403, 0.19281106507331933, 0.13692418167635745, 0.09427503523521692, 0.0629826664296105, 0.04087048135478339, 0.025797817713839762, 0.01587115993838556, 0.00954454148284007, 0.005635874645343832, 0.003290764443964042, 0.0019216023201657502, 0.0011419053680725593, 0.000707569047271559, 0.0004700112951440842, 0.00034179677222895565, 0.0002730335516627232, 0.00023603685669317483, 0.00021582497568145047, 0.00020446803972003978, 0.00019784775204075263, 0.0001938584886659144, 0.00019143649523659074, 0.00019004903096910296, 0.00018943124484526846, 0.0001894532709593784, 0.00019005409420432343, 0.0001912091968564555, 0.00019291490768730501, 0.00019518108183102687, 0.0001980278143557563, 0.00020148426637694002, 0.00020558854521405995, 0.00021038828975946164, 0.00021594169390205706, 0.00022231899609702083, 0.0002296043805682009, 0.000237898431284911, 0.0002473211791403337, 0.0002580159621441129, 0.00027015423638669694, 0.00028394167258615025, 0.00029962582828256795, 0.00031750593299940553, 0.00033794534388915774, 0.0003613875783626626, 0.0003883769702605661, 0.000419585540595358, 0.00045584804466189134, 0.0004982080751206203, 0.0005479789240416199, 0.0006068245404853101, 0.0006768676358145867, 0.0007608349975206716, 0.0008622535358916906, 0.0009857162197795465, 0.001137243880655628, 0.0013247793916030713, 0.0015588637641303902, 0.0018535629476283187, 0.0022277378503112993, 0.0027067834795444327, 0.0033250028389495293, 0.0041288333873903075, 0.005181200446960919, 0.006567336844505305, 0.008402460652779577, 0.010841736493691516, 0.014092911775177151, 0.018431885879124667, 0.0242211418855256, 0.031930384118304386, 0.04215774479534039, 0.05564850907242557, 0.0733063935107202, 0.09619018533190972, 0.1254862998001954]
8.706442059379567	1.7013405836982998	[0.16303891851637256, 0.20889608077472976, 0.2645967086930552, 0.3307132055430686, 0.4071438497172983, 0.4928475804253632, 0.5856145230314648, 0.6819336124080801, 0.777023029767181, 0.8650768357335782, 0.9397487551732424, 0.9948436560321078, 1.0251288455901402, 1.027127068392109, 0.9997296148510755, 0.9444847776262569, 0.8654762810571145, 0.7687955113423733, 0.6617056543067877, 0.5516664254806719, 0.4454132273721463, 0.34825786685391547, 0.263710658768207, 0.19343950129379067, 0.1375067740392111, 0.09477902300263596, 0.06339407559122595, 0.04118978267416296, 0.02603478502014602, 0.016040153226885134, 0.009660905873285731, 0.005713650035674132, 0.0033415571203615053, 0.001954304111357921, 0.0011629227572724657, 0.0007212852114444148, 0.0004792943896922438, 0.00034845220962348477, 0.00027816021227799895, 0.00024028477246576497, 0.00021956996715408742, 0.00020792397990410084, 0.0002011356246178205, 0.00019704731289795955, 0.0001945668259324091, 0.00019314610091455807, 0.00019251216311875572, 0.0001925309072270437, 0.000193139162779918, 0.00019431138226020834, 0.00019604349109814343, 0.00019834531179273944, 0.00020123715132106066, 0.00020474856786978875, 0.00020891822832220912, 0.0002137944904335897, 0.00021943643597315793, 0.00022591537849604953, 0.0002333167909674671, 0.00024174279383773782, 0.00025131524568367414, 0.00026217965749107805, 0.00027451007124146385, 0.00028851524059383195, 0.00030444640827417564, 0.00032260722294264095, 0.00034336636037724525, 0.0003671737649352595, 0.00039458156997873074, 0.000426271304478972, 0.00046308936800533624, 0.0005060936812093822, 0.0005566152492273686, 0.000616340020857903, 0.000687418153196947, 0.0007726108186928, 0.0008754881720327538, 0.0010006977530789354, 0.0011543294463177757, 0.0013444136759833475, 0.0015816025663992768, 0.0018801030532648406, 0.002258954631470417, 0.002743777733870746, 0.003369158281818703, 0.004181885795639146, 0.005245318443401587, 0.006645212414013652, 0.008497404202427639, 0.010957766124990878, 0.014234818830949595, 0.01860524843040722, 0.02443224469048505, 0.03218598881958194, 0.04246464040053354, 0.05601276506551293, 0.0737322440988683, 0.09667850344954056, 0.12603268481511573]
8.683348048611983	1.7067310648700014	[0.16363308402561355, 0.20951451666697857, 0.26520661958870156, 0.3312700582935962, 0.40759263890144976, 0.49312649910602413, 0.5856613144225594, 0.6816943483574924, 0.7764622860709314, 0.8641875071918454, 0.9385592087215344, 0.9934199512081792, 1.0235704197019444, 1.0255556630449276, 0.9982729147223549, 0.94325782118559, 0.864564554191507, 0.7682434418725844, 0.6615129165676333, 0.5517924730865681, 0.445788410613582, 0.3487980470258265, 0.2643317866147328, 0.19406921433076135, 0.1380913369591254, 0.0952853855556727, 0.06380798104411302, 0.0415114701455294, 0.026273870806248985, 0.016210916325940978, 0.009778674597276238, 0.005792492082726913, 0.0033931311199016825, 0.001987562329188563, 0.001184329211920476, 0.0007352717907100308, 0.0004887672347819386, 0.0003552444671452059, 0.0002833900050514681, 0.0002446148828792112, 0.00022338439166291337, 0.00021144165834185817, 0.00020448063874566944, 0.00020029053224508201, 0.00019774993299575354, 0.0001962950097060098, 0.00019564443129438727, 0.0001956597023667431, 0.00019627543350973425, 0.00019746499658140622, 0.00019922390405641399, 0.00020156192846207952, 0.0002044995965078226, 0.00020806685922487674, 0.0002123029580450703, 0.00021725697286656916, 0.0002229888934492233, 0.00022957111832925964, 0.0002370904351544618, 0.00024565051824068163, 0.0002553750876448383, 0.00026641185430591294, 0.000278937490971384, 0.0002931638742307208, 0.00030934599277119976, 0.00032779197267772707, 0.0003488758922315444, 0.00037305420739115237, 0.0004008869688460348, 0.00043306533682254425, 0.0004704475232419033, 0.0005141059572805198, 0.0005653896001043566, 0.0006260066659124038, 0.0006981351120018095, 0.0007845708873998801, 0.000888927910050072, 0.001015908865383295, 0.001171673445992808, 0.0013643404567497102, 0.0016046742118546032, 0.0019070237892370376, 0.002290608741242251, 0.0027812764276164905, 0.0034138975284230006, 0.004235615310037674, 0.005310222694844012, 0.006724000498529538, 0.008593404697802192, 0.01107501469716344, 0.014378122632673542, 0.018780196182670166, 0.024645124044017534, 0.0324435509574308, 0.04277364673620868, 0.05637923352715743, 0.07416033085164667, 0.09716897268895004, 0.126581000795231]
8.660254037844398	1.7121563122367622	[0.16422880145007004, 0.2101339611988327, 0.2658168518458588, 0.3318264381005526, 0.40804012351522834, 0.49340332311708257, 0.5857053530515903, 0.6814518709798664, 0.7758981035284268, 0.8632947288769757, 0.9373663529980898, 0.9919931245944572, 1.0220090047352353, 1.0239812715395618, 0.9968130930259744, 0.942027527891748, 0.8636493130389783, 0.7676878519311238, 0.6613169317336248, 0.5519158675352652, 0.446161815872492, 0.34933749418575283, 0.26495324673779685, 0.19470019745372089, 0.13867787056626357, 0.09579412961071337, 0.06422439500098656, 0.04183555975374827, 0.026515092893009268, 0.016383467133446437, 0.009897864240240044, 0.0058724152354030085, 0.0034454983636391565, 0.002021386425276815, 0.001206131951862536, 0.0007495341999998881, 0.0004984338176552734, 0.00036217651356000547, 0.00028872515280402506, 0.000249028932379168, 0.0002272696523747247, 0.00021502228371153356, 0.00020788385746155945, 0.0002035891410410015, 0.00020098674888549222, 0.0001994966713284252, 0.00019882893619105254, 0.00019884054441072696, 0.00019946378310021205, 0.0002006709265740541, 0.00020245703119362284, 0.00020483183204104464, 0.000207816055072143, 0.00021144006609794984, 0.00021574367160784064, 0.00022077670015449116, 0.00022660004788629712, 0.00023328722936396228, 0.0002409263530069128, 0.00024962268432608036, 0.00025950181984844074, 0.0002707137170175157, 0.00028343770567221006, 0.0002978888454190107, 0.0003143259125545444, 0.000333061590524749, 0.0003544754233074635, 0.0003790304876104735, 0.0004072948457496352, 0.00043996944159228294, 0.00047792443938506453, 0.0005222469935545904, 0.0005743042289294448, 0.0006358269377568451, 0.0007090211853773347, 0.0007967181523845096, 0.0009025759744440067, 0.0010313531453611591, 0.0011892798283226025, 0.0013845641644019623, 0.001628083596929211, 0.0019343306854595682, 0.0023227063000534247, 0.0028192864987126635, 0.0034592282342107918, 0.00429003060242266, 0.005375922677733904, 0.006803711755656811, 0.008690473562521272, 0.011193494847828264, 0.014522836278661078, 0.018956743199111316, 0.024859793720944153, 0.03270308458253263, 0.043084776249119335, 0.05674792601389442, 0.07459066195021345, 0.09766159897356794, 0.12713124858374664]
8.637160027076813	1.7176166611575536	[0.16482606684806259, 0.2107544076671315, 0.266427392625681, 0.33238233053585187, 0.40848628449115215, 0.4936780339620591, 0.585746617917137, 0.6812061616024284, 0.775330462330108, 0.8623984836166665, 0.9361701698874871, 0.9905631599688873, 1.0204445833419582, 1.0224038775877335, 0.9953501322573328, 0.940793880450974, 0.8627305387822205, 0.7671287220623728, 0.6611176789278399, 0.5520365878572568, 0.4465334228757129, 0.3498761909011303, 0.2655750261710216, 0.19533244386443174, 0.13926637487119253, 0.0963052618502866, 0.06464332967898156, 0.04216206754730765, 0.026758469232188182, 0.01655782369505825, 0.010018491587334163, 0.005953434112344794, 0.003498670970341881, 0.0020557859894097482, 0.001228338351988101, 0.0007640779426216745, 0.0005082982325037628, 0.0003692513644831344, 0.00029416794956754267, 0.00025352868698162533, 0.0002312272021897799, 0.00021866707420575875, 0.00021134638190440334, 0.00020694413883997918, 0.00020427823791485444, 0.00020275200439090897, 0.0002020665928924917, 0.00020207432689623356, 0.00020270511428470016, 0.0002039300658491997, 0.00020574378174002762, 0.00020815593102147637, 0.00021118745593986848, 0.00021486912382846267, 0.0002192413296933946, 0.00022435464642157928, 0.00023027090447372191, 0.00023706473772092517, 0.00024482560870142884, 0.0002536603856294357, 0.0002636965826056825, 0.00027508642517721295, 0.00028801195270416753, 0.00030269144273318676, 0.0003193875281525142, 0.0003384175031279343, 0.0003601664705743294, 0.0003851042076237468, 0.00041380691720850594, 0.00044698544486124127, 0.0004855220891494008, 0.000530518904354319, 0.0005833614398628647, 0.0006458033244054826, 0.000720079109572817, 0.0008090555894418873, 0.000916435668262999, 0.0010470342083187022, 0.0012071526419951929, 0.0014050892524478194, 0.0016518357481734418, 0.0019620292851159193, 0.0023552536004699536, 0.0028578148776785077, 0.0035051582849588096, 0.004345140297984836, 0.005442428177907439, 0.006884356727468823, 0.008788622633849887, 0.01131321898609354, 0.014668973412841313, 0.019134903141766173, 0.025076268200561743, 0.03296460310116643, 0.04339804227132229, 0.05711885312753946, 0.07502324665555947, 0.09815638692338091, 0.12768343030146914]
8.614066016309229	1.7231124512437355	[0.16542487760507907, 0.21137584769048146, 0.26703823056657777, 0.33293771930202687, 0.40893110431379526, 0.49395061121752587, 0.5857850895358049, 0.6809571997127388, 0.7747593440399769, 0.8614987526203688, 0.9349706424265913, 0.9891300398056606, 1.0188771390664195, 1.0208234639285376, 0.9938840155255756, 0.9395568608658909, 0.8618082129391877, 0.7665660322828797, 0.660915137366196, 0.5521546126617385, 0.44690321127621346, 0.35041411940392625, 0.2661971118093222, 0.19596594653918656, 0.13985684978601598, 0.09681878888055055, 0.06506479730669273, 0.04249100965320179, 0.027004017897546397, 0.016734004239896464, 0.010140573599315571, 0.0060355635438106466, 0.0035526612226498993, 0.0020907707931204947, 0.0012509559041216191, 0.0007789086534507837, 0.0005183646417107589, 0.0003764721234582057, 0.00029972072342742784, 0.000258115971953422, 0.00023525850959385812, 0.00022237729110849658, 0.0002148693209375377, 0.0002103565597007251, 0.0002076253698601561, 0.0002060619573074336, 0.00020535832215045407, 0.0002053619703763027, 0.00020600033658028553, 0.00020724333327634705, 0.00020908507307910992, 0.0002115351580770373, 0.00021461473757880875, 0.00021835499140604705, 0.00022279690387806337, 0.0002279918094037618, 0.00023400248062176672, 0.00024090469357502544, 0.0002487892799774087, 0.00025776474068078993, 0.000267960531192519, 0.0002795311848183291, 0.00029266148589960077, 0.0003075729833531492, 0.0003245322182183366, 0.00034386116863832053, 0.00036595057095314726, 0.00039127700486300007, 0.00042042492169926706, 0.00045411521331130503, 0.0004932424693505326, 0.0005389238515999099, 0.0005925635633167211, 0.0006559383709280974, 0.0007313116489467801, 0.0008215862443505124, 0.0009305103236184145, 0.0010629557573856893, 0.0012252959636526806, 0.0014259202870090437, 0.0016759357148280235, 0.0019901252785239623, 0.0023882569447300278, 0.002896868690005363, 0.003551695549477498, 0.004400953282288884, 0.005509748915057224, 0.006965946303754804, 0.00888786359888044, 0.011434199981569733, 0.014816547395443828, 0.019314690272736322, 0.02529456148227588, 0.03322812068410097, 0.04371345739186518, 0.05749202641808013, 0.07545809316973277, 0.0986533422996829, 0.1282375466797192]
8.590972005541644	1.728644026425399	[0.16602523022578572, 0.21199827356716944, 0.26764935327805034, 0.33349258883671873, 0.4093745643706936, 0.49422103521417104, 0.5858207473424685, 0.6807049655109418, 0.7741847292249098, 0.860595517705096, 0.9337677527892351, 0.9876937470397353, 1.01730665474954, 1.0192400136028217, 0.9924147253933248, 0.9383164512924087, 0.8608823166108398, 0.765999762636342, 0.6607092859365445, 0.552269920485018, 0.4472711604525084, 0.3509512617908055, 0.26681949032489494, 0.19660069832236304, 0.14044929509272355, 0.09733471725765305, 0.0654888101184356, 0.042822402269373325, 0.027251757096448937, 0.016912027159408885, 0.010264127436363324, 0.0061188185456919715, 0.0036074815978116115, 0.002126350761692597, 0.0012739922501468328, 0.0007940320701687577, 0.0005286373083684362, 0.00038384195362935956, 0.00030538586678204423, 0.00026279264509343464, 0.00023936508587958508, 0.00022615421455067308, 0.0002184538150681513, 0.0002138274508440154, 0.0002110291406379835, 0.0002094274898929455, 0.00020870506808953613, 0.000208704406722413, 0.00020935038141473814, 0.00021061165961530005, 0.0002124818437456246, 0.00021497045859336856, 0.0002180988593208553, 0.00022189864147016648, 0.0002264113867060483, 0.00023168920151658931, 0.00023779581518284382, 0.0002448081629216671, 0.00025281846687209305, 0.00026193688512047355, 0.00027229484445581877, 0.0002840492205708225, 0.00029738758441552756, 0.00031253480479357824, 0.0003297613890619512, 0.0003493940675935852, 0.0003718292920749156, 0.00039755054157939276, 0.000427150632387829, 0.0004613606413232477, 0.0005010876166891618, 0.0005474640282908541, 0.0006019129764084502, 0.0006662346573643466, 0.0007427216235780398, 0.0008343132021674455, 0.0009448033403348015, 0.001079121539390409, 0.0012437139536687768, 0.001447061881715013, 0.0017003886512462136, 0.0020186244052339437, 0.00242172276850142, 0.0029364551073202973, 0.0035988480668602343, 0.004457478474442572, 0.005577894825723044, 0.00704849137849634, 0.00898820841788608, 0.011556450652002273, 0.014965571924256859, 0.019496118708306847, 0.02551468797195989, 0.03349365121618504, 0.044031034675786354, 0.05786745696503717, 0.07589521023904729, 0.09915247018298429, 0.12879359906216906]
8.56787799477406	1.7342117350187432	[0.1666271212684945, 0.2126216772474013, 0.2682607484075063, 0.3340469231883437, 0.40981664609742413, 0.4944892859002779, 0.5858535708370679, 0.6804494388454441, 0.773606598508831, 0.8596887603586403, 0.9325614831559828, 0.9862542642806457, 1.0157331131651095, 1.017653509332619, 0.9909422443014407, 0.9370726336039373, 0.8599528307639493, 0.7654298929418557, 0.660500103398287, 0.552382489678812, 0.44763724964466745, 0.3514875999841495, 0.2674421482419124, 0.19723669191072896, 0.14104371046911263, 0.09785305347868213, 0.06591538035378884, 0.04315626166312201, 0.027501705160911213, 0.017091911014521424, 0.010389170448116608, 0.0062032143328548265, 0.0036631447577001102, 0.0021625359900321905, 0.0012974551714687935, 0.0008094540491313523, 0.0005391205851804159, 0.0003913640924207135, 0.00031116582521687494, 0.000267560609833801, 0.0002435484746050203, 0.0002299991549819746, 0.00022210102691544757, 0.00021735788257442207, 0.00021449056396859195, 0.0002128495818769574, 0.00021210779106463722, 0.00021210258641032298, 0.00021275619606378192, 0.00021403599377519674, 0.00021593504827528516, 0.0002184627961049654, 0.00022164079694208692, 0.00022550106512069456, 0.00023008578782370578, 0.00023544785422072154, 0.00024165196497680968, 0.0002487762316642259, 0.00025691428848563627, 0.00026617797566705315, 0.0002767007216720053, 0.00028864177966976074, 0.0003021915495332072, 0.0003175782691288444, 0.00033507647121482065, 0.00035501770757154525, 0.0003778042283878413, 0.00040392651020349375, 0.00043398585247275115, 0.00046872365743308106, 0.0005090596018835629, 0.0005561416666278185, 0.0006114120952070918, 0.0006766948093745709, 0.0007543118985762416, 0.0008472396017401865, 0.0009593181706746737, 0.001095535365311982, 0.0012624108336829242, 0.001468518727348646, 0.0017251997831435144, 0.00204753249792504, 0.002455657589502434, 0.0029765814132675697, 0.003646623967878688, 0.004514724926469443, 0.00564687594346015, 0.007132002999148138, 0.009089669143837952, 0.011679983984515245, 0.01511606076832641, 0.01967920273933642, 0.025736662100164624, 0.03376120874536871, 0.044350787136475646, 0.058245155980998484, 0.0763346064567742, 0.09965377574500822, 0.12935158853119683]
8.544783984006475	1.7398159297947102	[0.16723054685350186, 0.2132460509031426, 0.26887240306396043, 0.3346007066141867, 0.41025733032778816, 0.4947553434093454, 0.5858835389003008, 0.6801905997202731, 0.7730249319404627, 0.8587784622108228, 0.9313518152445963, 0.9848115742883666, 1.0141564967662091, 1.016063933980566, 0.9894665544644571, 0.9358253897369597, 0.8590197361419338, 0.7648564029460861, 0.6602875682355086, 0.5524922983975353, 0.4480014577850571, 0.35202311565978167, 0.2680650718145497, 0.19787391980341695, 0.14164009543757952, 0.09837380396887427, 0.06634452025322378, 0.04349260417508057, 0.027753880559566155, 0.017273674539282427, 0.010515720187003802, 0.006288766318136674, 0.003719663560518518, 0.002199336738525171, 0.0013213525995127316, 0.0008251805598393855, 0.0005498189240135702, 0.00039904184553843375, 0.0003170631060409073, 0.00027242180927390067, 0.0002478102590645486, 0.00023391344757850996, 0.00022581214766393562, 0.0002209489432721749, 0.00021801067691391355, 0.00021632922856043194, 0.00021556747240507798, 0.00021555747482469677, 0.0002162187477281436, 0.00021751729969299085, 0.00021944566074071423, 0.00022201314964975018, 0.00022524154577791843, 0.00022916326964667088, 0.0002338211367853572, 0.00023926881602804402, 0.00024557200738960976, 0.00025281000380805745, 0.00026107788546771615, 0.00027048918841506773, 0.00028117938501442057, 0.0002933101302728546, 0.00030707470720376767, 0.0003227047612389136, 0.0003404789221659343, 0.0003607336212544077, 0.0003838770042245692, 0.0004104066310828269, 0.00044093241877420796, 0.00047620622153791666, 0.0005171605340534616, 0.0005649590343845712, 0.0006210633803159175, 0.0006873214933134649, 0.0007660853914804026, 0.0008603686287597973, 0.0009740583295068337, 0.001112201100177763, 0.001281390901021428, 0.001490295576803612, 0.0017503744285712948, 0.0020768554596416198, 0.0024900680385518317, 0.0030172549687726585, 0.0036950315213938965, 0.004572701770301898, 0.005716702468289247, 0.007216492286460402, 0.009192258025570384, 0.0118048130165287, 0.015268027918839711, 0.019863956659267174, 0.025960498537637697, 0.034030807243372214, 0.044672728033707816, 0.05862513449306015, 0.07677629065778792, 0.10015726384422652, 0.12991151640085288]
8.52168997323889	1.7454569680489753	[0.16783550428891006, 0.21387138509706335, 0.26948430569599763, 0.3351539216191684, 0.4106965993530839, 0.49501918612948936, 0.5859106318982623, 0.6799284265135408, 0.7724397109260474, 0.8578646034224275, 0.9301387318313418, 0.9833656585079591, 1.0125767886810895, 1.0144712692810605, 0.9879876384551491, 0.9345747007683194, 0.85808301368243, 0.7642792718483595, 0.660071659061795, 0.552599324488882, 0.4483637638660348, 0.3525577902970494, 0.268688247269549, 0.19851237435130092, 0.1422384494626515, 0.09889697508979171, 0.06677624206370629, 0.0438314462128762, 0.028008301871386997, 0.017457336645154368, 0.010643794379707897, 0.006375490131145926, 0.003777051035520925, 0.002236763459853865, 0.0013456925918354258, 0.000841217713605003, 0.000560736852265438, 0.0004068786143069723, 0.0003230802553262521, 0.00027737825098975307, 0.0002521520408787531, 0.00023789847418528745, 0.0002295883778468823, 0.00022460175847546483, 0.00022159052310613073, 0.000219867457226493, 0.0002190851000265076, 0.00021907006630186014, 0.0002197390112772656, 0.00022105656837533325, 0.000223014664287088, 0.0002256225241962989, 0.00022890211168860892, 0.00023288628771352335, 0.00023761847509979006, 0.00024315316079723354, 0.0002495570331778059, 0.0002569106091857053, 0.0002653104132803628, 0.0002748717262941308, 0.00028573207298468266, 0.0002980555689592773, 0.0003120384013463728, 0.00032791569668240585, 0.00034597021918166064, 0.0003665433750776538, 0.00039004926570992515, 0.00041699266243116237, 0.0004479921921396618, 0.00048381033687760566, 0.0005253925487732061, 0.0005739184499906577, 0.0006308693213004345, 0.0006981174360274493, 0.0007780450511056803, 0.0008737035427539926, 0.0009890273645262264, 0.0011291227011050729, 0.0013006584855249008, 0.0015123973001644187, 0.0017759179339224152, 0.0021065993451487718, 0.002524960763315311, 0.003058483333660176, 0.0037440789886262135, 0.004631418400209044, 0.005787384546425244, 0.007301970706567267, 0.009295987178151739, 0.011930951235479315, 0.015421487104790218, 0.02005039533708473, 0.02618621150238439, 0.034302461399877374, 0.04499686991671796, 0.059007404399339415, 0.0772202706555058, 0.10066294036806765, 0.13047338264185834]
8.498595962471306	1.7511352116733743	[0.1684419889576574, 0.21449767223792757, 0.27009644251596704, 0.33570655268833083, 0.41113443303906555, 0.4952807944225012, 0.5859348277508828, 0.6796628994372065, 0.7718509146173008, 0.8569471657791556, 0.9289222138407182, 0.9819164997822933, 1.0109939706924378, 1.012875498093236, 0.9865054779258613, 0.933320548529563, 0.8571426436326262, 0.7636984791778235, 0.6598523538850047, 0.5527035457827322, 0.4487241463442103, 0.353091605187491, 0.2693116604318725, 0.19915204772458092, 0.14283877180086169, 0.09942257313828332, 0.06721055802903993, 0.04417280425835415, 0.02826498783004675, 0.017642916410083476, 0.010773410981986526, 0.00646340158668166, 0.00383532043720575, 0.0022748267555821964, 0.0013704833849515093, 0.0008575717162380033, 0.0005718790238043192, 0.0004148778489768539, 0.0003292199056128695, 0.00028243196332886875, 0.0002565754832570676, 0.00024195562385480974, 0.00023343096555943657, 0.00022831745619587967, 0.0002252311858741243, 0.0002234652972154208, 0.00022266169683491012, 0.00022264135856628193, 0.00022331799352999352, 0.00022465479608577935, 0.00022664307199227768, 0.00022929193189094018, 0.00023262352921555132, 0.00023667116098295335, 0.00024147887236343712, 0.0002471019730827183, 0.00025360816120681575, 0.00026107918994117157, 0.00026961305612519876, 0.0002793268061280521, 0.00029036005409544766, 0.00030287940780257083, 0.00031708400787816343, 0.0003332125081712384, 0.00035155187436021175, 0.00037244855437167454, 0.0003963226976895698, 0.0004236863831748337, 0.0004551670773973188, 0.0004915380292369206, 0.000533757832699458, 0.000583022256108146, 0.0006408324684459668, 0.0007090853897989136, 0.0007901939001831379, 0.0008872476287503568, 0.0010042289155897484, 0.0011463041484284905, 0.0013202180346371262, 0.0015348287839687875, 0.0018018357988386039, 0.002136770210787624, 0.0025603426146121135, 0.003100274040439365, 0.003793774903252265, 0.004690884131202215, 0.0058589326911895525, 0.007388449558611197, 0.009400869209755138, 0.012058411822431754, 0.015576452710398517, 0.02023853312847815, 0.026413816067849063, 0.03457618510754831, 0.04532322642589736, 0.059391976447286755, 0.07766655561598602, 0.10117080966008857, 0.13103718884282622]
8.475501951703722	1.7568510272279236	[0.1690499970584353, 0.2151249035238306, 0.27070880065000463, 0.33625858298278477, 0.4115708122502734, 0.49554014733137935, 0.585956105404479, 0.6793939974753282, 0.7712585231069528, 0.8560261299540187, 0.9277022429224312, 0.980464079949095, 1.0094080250251019, 1.011276602400359, 0.9850200547363013, 0.9320629141694236, 0.856198606328001, 0.7631140040103807, 0.6596296307558948, 0.5528049398316861, 0.449082583666606, 0.3536245414238021, 0.2699352970533362, 0.19979293193656977, 0.14344106162919065, 0.09995060434216639, 0.06764748039482245, 0.04451669485843253, 0.02852395728444101, 0.017830433089355748, 0.010904588133601633, 0.006552516716887039, 0.003894485202784802, 0.002313537419742026, 0.0013957333529986086, 0.0008742489144008152, 0.0005832501781518014, 0.0004230430932373165, 0.00033548473662541197, 0.00028758503612828583, 0.00026108227463808446, 0.00024608632905488004, 0.00023734117395664902, 0.00023209719849268877, 0.0002289337599216801, 0.00022712380709936786, 0.0002262982964299014, 0.00022627237597186884, 0.00022695671253822477, 0.0002283130042465336, 0.00023033190915135298, 0.00023302240925582947, 0.00023640684625525585, 0.00024051895522796024, 0.00024540341273634737, 0.00025111636174462006, 0.00025772652618522853, 0.00026531691316752454, 0.00027398701543131286, 0.00028385567080373343, 0.00029506461562348957, 0.00030778298657593476, 0.0003222129232239383, 0.00033859665836382584, 0.0003572254223164371, 0.0003784507774044828, 0.0004026990098600307, 0.00043048960910946755, 0.00046245900694089477, 0.0004993913664240886, 0.0005422586031856336, 0.0005922728441992266, 0.0006509554062737912, 0.0007202281646766585, 0.0008025349995142392, 0.0009010042414891783, 0.0010196666644367422, 0.0011637495082074142, 0.0013400740407665142, 0.0015575950220009162, 0.0018281335688724472, 0.0021673742489969703, 0.0025962204853975206, 0.003142634795994015, 0.00384412782815655, 0.004751108502418717, 0.0059313574159947525, 0.0074759404284516105, 0.009506916673224786, 0.012187208320384524, 0.015732938970253175, 0.020428384836379113, 0.026643327012588088, 0.03485199279710144, 0.0456518107054371, 0.05977886201416433, 0.07811515396284403, 0.10168087678517816, 0.1316029355934691]
8.452407940936137	1.762604786015445	[0.16965952426791978, 0.2157530704247193, 0.2713213666086345, 0.33680999595218497, 0.41200571719673074, 0.49579722419647587, 0.5859744431588195, 0.67912169988758, 0.7706625158805591, 0.8551014768379411, 0.9264788001814578, 0.9790083809862111, 1.0078189334390746, 1.009674564246667, 0.9835313503647126, 0.9308017788250137, 0.8552508817912805, 0.7625258253442676, 0.6594034674550427, 0.5529034840519683, 0.44943905403183054, 0.35415657992575095, 0.2705591426696647, 0.20043501884642234, 0.14404531799147116, 0.10048107486782257, 0.06808702140828228, 0.044863134630505154, 0.028785229218518553, 0.018019906111397963, 0.011037344182403932, 0.006642851758435398, 0.003954558976654233, 0.0023529064213898892, 0.0014214510319488268, 0.0008912557764879194, 0.0005948551637437317, 0.00043137796504588266, 0.00034187749681727637, 0.00029283960247549926, 0.0002656741480329071, 0.00025029204900320454, 0.00024132029823625256, 0.00023594216672325212, 0.00023269936601738874, 0.00023084406191865902, 0.00022999595570801195, 0.00022996415859574177, 0.00023065620838658672, 0.00023203223014785075, 0.00023408222258776938, 0.00023681500922627117, 0.00024025313219795831, 0.00024443075340672125, 0.0002493932022068812, 0.0002551974537843606, 0.0002619132853312015, 0.00026962496525025835, 0.000278433516180022, 0.0002884595838827228, 0.0002998470698422985, 0.00031276766739266786, 0.000327426570717342, 0.0003440696342738919, 0.00036299242704990783, 0.00038455168924647436, 0.0004091799444770084, 0.000437404185811375, 0.0004698699497817866, 0.0005073724496544098, 0.0005508971193977075, 0.0006016726435384248, 0.0006612407677858613, 0.0007315486138327532, 0.0008150714669669947, 0.0009149767851386312, 0.0010353443609406167, 0.001181462903195121, 0.0013602310786803178, 0.0015807010726598323, 0.0018548168900408709, 0.0021984177245523004, 0.002632601391677152, 0.003185573385227431, 0.0038951464764731495, 0.004812101131229776, 0.006004669415435376, 0.007564454969287146, 0.009614142334729726, 0.012317354309643815, 0.015890960361182226, 0.02061996524261343, 0.02687475937763195, 0.03512989878447576, 0.0459826361699035, 0.06016807223508717, 0.07856607438776349, 0.10219314642069537, 0.13217062374846014]
8.429313930168552	1.7683968641564227	[0.17027056632508844, 0.21638216406010627, 0.2719341269288353, 0.33736077462795894, 0.412439128089302, 0.4960520039109968, 0.5859898192994175, 0.6788459855025285, 0.7700628724103129, 0.8541731869540863, 0.9252518667285554, 0.9775493845965, 1.0062266777165778, 1.0080693654777457, 0.9820393462883141, 0.9295371234528711, 0.8542994499682744, 0.7619339219595809, 0.6591738415882081, 0.5529991555910483, 0.4497935353937755, 0.35468770133073557, 0.27118318257184376, 0.20107830008987765, 0.1446515397741269, 0.10101399079071487, 0.06852919330695821, 0.045212140259200624, 0.02904882274749333, 0.018211355086730087, 0.011171697681932631, 0.0067344231652654634, 0.004015555606660383, 0.0023929449175761532, 0.0014476451142205692, 0.0009085989046407468, 0.0006066989314339624, 0.00043988616735612864, 0.0003484009964476731, 0.00029819784811525385, 0.00027035287424703486, 0.00025457427783368665, 0.00024536965938778, 0.00023985356859010262, 0.000236529145461912, 0.00023462715924445443, 0.00023375575009012262, 0.0002337177674574876, 0.00023441753912859447, 0.0002358135314674546, 0.00023789507719974498, 0.0002406708051114751, 0.0002441634749692554, 0.0002484076591986382, 0.00025344936601380254, 0.0002593463975802854, 0.0002661696160670051, 0.0002740045549179179, 0.0002829538047708563, 0.00029313983257731133, 0.00030470875196144564, 0.00031783483771989906, 0.00033272639851119896, 0.00034963295044538673, 0.0003688544797085877, 0.0003907529652551694, 0.0004157672738236695, 0.0004444319926258393, 0.000477401908518457, 0.0005154834183107928, 0.0005596756784894266, 0.0006112241271332811, 0.0006716912294030929, 0.00074304964122514, 0.0008278064704932835, 0.0009291687235859207, 0.0010512658131387512, 0.0011994485271258294, 0.001380693790879052, 0.0016041520793577855, 0.001881891486951664, 0.0022299070043314303, 0.0026694924394220208, 0.0032290977151373792, 0.003946839661394209, 0.004873871778945421, 0.006078879489572089, 0.007654004999437082, 0.009722559061159809, 0.012448863551786525, 0.01605053143851601, 0.020813289315569146, 0.027108128235386282, 0.03540991756122785, 0.04631571618942752, 0.06055961839207161, 0.07901932543809795, 0.10270762334959535, 0.1327402539091763]
8.406219919400968	1.7742276426657089	[0.1708831206281219, 0.21701217345265464, 0.2725470700048225, 0.33791089974737015, 0.41287102711446194, 0.49630446304541564, 0.586002214072125, 0.6785668309528566, 0.7694595739462401, 0.8532412388669313, 0.9240214251220993, 0.9760870708259864, 1.0046312406867446, 1.006460986618544, 0.9805440246574315, 0.9282689280327832, 0.8533442911914575, 0.7613382719678102, 0.6589407309443005, 0.5530919311509269, 0.45014600573640057, 0.35521788596296094, 0.2718074019810472, 0.20172276708958836, 0.14525972578380544, 0.10154935810414821, 0.06897400833068242, 0.04556372850364983, 0.02931475710002679, 0.018404799822580392, 0.011307667365292163, 0.006827247632555097, 0.004077489117060483, 0.0024336642831101546, 0.001474324421818407, 0.0009262850660252659, 0.0006187865079573126, 0.00044857151812068615, 0.00035505808200781715, 0.0003036620388436556, 0.00027512023811772585, 0.00025893456890122707, 0.0002494905828648162, 0.00024383265931174572, 0.00024042424144650733, 0.00023847423740734332, 0.00023757875749844158, 0.00023753430013534084, 0.00023824176711104516, 0.0002396579996759184, 0.00024177154426280467, 0.00024459090221217675, 0.0002481389709149849, 0.00025245080724501485, 0.00025757303973040894, 0.00026356437213380867, 0.00027049670794669357, 0.0002784569218465788, 0.0002875491414621268, 0.0002978977360471429, 0.0003096510127605462, 0.00032298591870181777, 0.0003381138720732381, 0.00035528815766633777, 0.0003748131905691562, 0.0003970563206138353, 0.0004224627912051772, 0.00045157495359335434, 0.0004850569087111994, 0.0005237264630368929, 0.0005685966024523869, 0.0006209298281167452, 0.0006823094939464475, 0.0007547342229827722, 0.0008407432051977961, 0.0009435836093986322, 0.001067434855237848, 0.001217710685228731, 0.0014014668416544869, 0.0016279533287070689, 0.0019093630953734484, 0.002261848642507073, 0.0027069007241518014, 0.0032732159409729396, 0.003999216145619969, 0.004936430538171047, 0.0061539983185347055, 0.007744602778931393, 0.009832179485954402, 0.01258175039194997, 0.016211666349670622, 0.021008372781691917, 0.027343448000637264, 0.03569206458119943, 0.04665106314873033, 0.06095351295612544, 0.07947491428978394, 0.10322431378177518, 0.1333118249109744]
8.383125908633383	1.7800975075309806	[0.17149718095789107, 0.2176430912097625, 0.27316018010510756, 0.33846035594720275, 0.4133013920791534, 0.49655458213977616, 0.5860116034021199, 0.6782842166258701, 0.7688525977864805, 0.8523056144284883, 0.9227874545804168, 0.9746214223786235, 1.0030326025700802, 1.0048494101616874, 0.9790453657208112, 0.9269971738480214, 0.8523853844689037, 0.7607388542136875, 0.6587041124020667, 0.5531817877350612, 0.45049644241333625, 0.35574711417536753, 0.2724317856966981, 0.20236841118761822, 0.14586987460534118, 0.10208718275196313, 0.06942147870541146, 0.045917916177143754, 0.029583051666942875, 0.018600260269319595, 0.01144527222370905, 0.006921342022374874, 0.004140373799721663, 0.002475076025263261, 0.0015014980013279195, 0.0009443211040549034, 0.0006311230891515303, 0.0004574378634156908, 0.00036185172383733166, 0.00030923443923210465, 0.00027997811812677784, 0.0002633744613489533, 0.00025368446906399913, 0.00024788067700110325, 0.0002443858602891622, 0.00024238641963968423, 0.000241466110968643, 0.00024141484293407098, 0.00024213000402322892, 0.0002435667191094912, 0.0002457127401814707, 0.00024857640253280746, 0.0002521807585574561, 0.00025656133223955616, 0.0002617653992690372, 0.0002678525593533543, 0.0002748957900610055, 0.00028298331104091183, 0.0002922208262498477, 0.0003027346208402592, 0.0003146752439846064, 0.00032822234062186673, 0.00034359050018528675, 0.0003610368173209478, 0.0003808702168813091, 0.0004034634822208186, 0.00042926834218857306, 0.0004588350051148256, 0.0004928370356064897, 0.0005321037867263752, 0.0005776622833011846, 0.000630792290481594, 0.0006930983486910543, 0.0007666053424996349, 0.0008538849709490175, 0.0009582249950183203, 0.0010838554550728313, 0.0012362536687388016, 0.00142255507030917, 0.0016521100685652158, 0.001937237685728494, 0.002294249111778016, 0.0027448336619785548, 0.0033179360649554226, 0.00405228513534778, 0.0049997872322486, 0.006230037198928277, 0.007836260116291412, 0.009943017096371663, 0.012716028450115803, 0.016374380410261884, 0.021205230252937808, 0.02758073465432825, 0.035976353666005725, 0.0469886914748498, 0.061349766133638406, 0.07993285069197745, 0.10374322096915806, 0.13388533870099484]
8.360031897865799	1.7860068497920327	[0.17211274201504106, 0.2182749086126337, 0.273773442529316, 0.3390091264013599, 0.4137302019054041, 0.49680234025201997, 0.5860179643432378, 0.6779981215056516, 0.7682419222615112, 0.8513662942231449, 0.9215499351472591, 0.973152420853672, 1.001430744149178, 1.0032346176825881, 0.9775433500500235, 0.9257218414773798, 0.851422708964592, 0.7601356470453525, 0.658463962886224, 0.5532687020015606, 0.4508448227332322, 0.35627536605692756, 0.2730563184087897, 0.2030152235285211, 0.14648198472427135, 0.10262747059335726, 0.06987161665409232, 0.0462747201588237, 0.029853725958936535, 0.018797756565336547, 0.011584531442979365, 0.007016723430472124, 0.004204224142375715, 0.0025171918615462465, 0.0015291750491339508, 0.0009627140186989618, 0.0006437139654670947, 0.00046648915484859537, 0.00036878494491960565, 0.0003149173840502632, 0.00028492842085845485, 0.0002678955440291635, 0.0002579527348524514, 0.00025199889862648667, 0.000248415220458961, 0.00024636486235276635, 0.00024541895484199514, 0.0002453605122326227, 0.0002460833734559717, 0.0002475408024029579, 0.00024971979438859963, 0.00025262843540613684, 0.000256289990753145, 0.00026074039583382907, 0.0002660276362551713, 0.00027221216825939787, 0.00027936810866109515, 0.00028758499528008064, 0.0002969701778415311, 0.00030765184247000883, 0.000319782857797094, 0.0003335455645020181, 0.00034915781397002474, 0.00036688052398114616, 0.0003870272404364838, 0.0004099762134315003, 0.0004361857994248747, 0.00046621412434913836, 0.0005007444044737135, 0.0005406176386672178, 0.0005868751464409477, 0.0006408141120181456, 0.00070406061807464, 0.0007786660467448992, 0.0008672351088112219, 0.0009730965094605793, 0.0011005316255893315, 0.0012550818628440969, 0.0014439633642325583, 0.0016766276640395902, 0.0019655212769620336, 0.002327115033243984, 0.002783298712527683, 0.0033632662789510517, 0.004106055864909464, 0.005063951927726111, 0.006307007422022008, 0.00792898913072104, 0.010055085311822864, 0.012851711738483042, 0.016538688763142847, 0.02140387682713295, 0.027820003844908365, 0.03626279922522405, 0.04732861504324099, 0.06174838882592264, 0.08039314357643772, 0.10426434896918178, 0.13446079613260264]
8.336937887098214	1.7919560656220157	[0.17272980030992707, 0.21890761472825548, 0.27438684456963675, 0.3395571918485504, 0.4141574375777491, 0.49704771394622477, 0.586021275936174, 0.677708522204843, 0.7676275274825068, 0.8504232567618298, 0.9203088483629666, 0.9716800461981654, 0.9998256473822927, 1.0016165895410623, 0.9760379590430709, 0.9244429106268496, 0.8504562443067172, 0.7595286281516191, 0.6582202594635024, 0.5533526500772501, 0.45119112392598343, 0.35680262127509293, 0.27368098464078877, 0.20366319497463148, 0.14709605449880503, 0.10317022738469668, 0.07032443439328792, 0.04663415740903522, 0.030126799607655637, 0.018997309060687646, 0.011725464398901462, 0.007113409209014581, 0.004269054818421927, 0.002560023740540155, 0.001557364898376534, 0.0009814709857726375, 0.0006565645080911931, 0.00047572946724141416, 0.0003758608072551574, 0.0003207132941168319, 0.00028997306824731997, 0.0002724994694376027, 0.0002622968020594853, 0.0002561886521089764, 0.00025251354246567703, 0.0002504107655755921, 0.00024943843603134416, 0.00024937246349020746, 0.00025010300340775135, 0.0002515813983065898, 0.0002537938428981792, 0.0002567481643637763, 0.00026046782908157175, 0.00026498919279218123, 0.00027036095304623116, 0.0002766444406387711, 0.0002839149226130671, 0.0002922632804727477, 0.00030179852936232637, 0.0003126507906660491, 0.00032497528255496643, 0.0003389570874515764, 0.00035481736253943755, 0.0003728209110794948, 0.00039328596286097346, 0.00041659632033151146, 0.0004432170572950579, 0.0004737143364499183, 0.0005087811542046829, 0.0005492703232475838, 0.0005962376426456403, 0.0006509979552215235, 0.0007151991531987943, 0.0007909194604601914, 0.0008807969867680185, 0.0009882018774455047, 0.001117467404792575, 0.0012741997732436084, 0.001465696630006219, 0.0017015116352484488, 0.001994219894123916, 0.0023604532310209404, 0.0028223033159870746, 0.0034092150442234003, 0.0041605375031016825, 0.005128935051015267, 0.0063849201352139786, 0.008022802421686796, 0.010168397282080813, 0.012988814904550899, 0.016704606091645365, 0.02160432842897901, 0.028061270494463587, 0.03655141672094124, 0.04767084665918908, 0.06214939323835025, 0.08085580040668679, 0.10478770340499265, 0.13503819618768975]
8.31384387633063	1.7979455564102598	[0.17334835043429062, 0.21954120032310762, 0.27500037133202776, 0.34010453487095393, 0.41458307778886255, 0.4972906816801081, 0.5860215149995801, 0.677415397141682, 0.7670093915450821, 0.8494764821166723, 0.91906417403348, 0.9702042795570067, 0.9982172928040485, 0.9999953069031361, 0.9745291729970397, 0.9231603614810361, 0.8494859693361176, 0.7589177754673827, 0.6579729786690922, 0.5534336081652379, 0.45153532284938047, 0.35732885944252196, 0.27430576863713985, 0.20431231627266655, 0.14771208211358483, 0.103715458811908, 0.07077994412059253, 0.046996244936641486, 0.03040229238476933, 0.01919893826269703, 0.011868090703216875, 0.007211416906903851, 0.004334880748955862, 0.0026035837804933093, 0.0015860770867984527, 0.0010005992950515255, 0.0006696802359782598, 0.0004851629382054023, 0.0003830824745543407, 0.00032662461952182216, 0.00029511405426215344, 0.00027718790220836143, 0.00026671814753294874, 0.0002604512708657541, 0.000256682092340118, 0.0002545253335715206, 0.00025352574142641754, 0.00025345185744633135, 0.00025419005838859144, 0.0002556896626970582, 0.00025793605600695055, 0.0002609367620771417, 0.0002647154680629483, 0.0002693089289809803, 0.0002747665843418876, 0.000281150631249997, 0.0002885375232155202, 0.0002970194873042954, 0.0003067072471431587, 0.00031773287172592293, 0.00033025398131410693, 0.00034445842497846715, 0.000360570732002796, 0.0003788596323628709, 0.0003996481260291411, 0.0004233256313493277, 0.0004503640548616154, 0.00048133769105099196, 0.0005169494743343932, 0.0005580641715206676, 0.0006057522813309084, 0.0006613465113185101, 0.0007265168745855673, 0.0008033687387151284, 0.0008945740568599423, 0.0010035448544643778, 0.0011346669347864359, 0.0012936119344468416, 0.0014877599059412911, 0.0017267675245580952, 0.0020233397322063106, 0.0023942705366000517, 0.0028618551351931123, 0.0034557908002534016, 0.0042157395133171115, 0.0051947469542253065, 0.006463786876805028, 0.008117712425743908, 0.010282966672945332, 0.013127352292374272, 0.01687214775129266, 0.021806600471237704, 0.028304550382783556, 0.03684222081716559, 0.04801540019402047, 0.06255279042125889, 0.08132082993253115, 0.10531328835041799, 0.13561753935209]
8.290749865563045	1.8039757288463094	[0.17396839015801613, 0.22017565244447762, 0.27561401148076514, 0.3406511339738436, 0.4150071049838821, 0.4975312177499709, 0.5860186620421436, 0.6771187207785546, 0.7663874959023192, 0.8485259468608857, 0.917815894778021, 0.9687250991993707, 0.996605663110321, 0.9983707487345597, 0.9730169737162601, 0.9218741726436364, 0.8485118638246392, 0.7583030658408308, 0.6577220975132152, 0.5535115517321006, 0.45187739651251274, 0.35785405967172706, 0.2749306546084525, 0.2049625778581338, 0.14833006567802962, 0.10426317044599916, 0.07123815803053053, 0.04736099983297763, 0.03068022416643294, 0.019402664906604715, 0.01201243013659489, 0.00731076435759726, 0.004401717018999639, 0.002647884364775402, 0.001615321266245455, 0.0010201064470153755, 0.0006830667251043108, 0.0004947938613284834, 0.00039045312557797296, 0.0003326539259044961, 0.00030035336519547423, 0.0002819625966047702, 0.00027121823196246924, 0.0002647881618703937, 0.0002609221194511025, 0.00025870983373662567, 0.0002576820443031864, 0.00025759991072352753, 0.00025834569347316924, 0.00025986680207754634, 0.0002621475987731312, 0.00026519544806855207, 0.00026903410077241046, 0.0002737008545922495, 0.0002792457666844749, 0.0002857320377844027, 0.00029323720642039636, 0.0003018549790736799, 0.0003116977045715784, 0.00032289953530957225, 0.00033562042625001273, 0.0003500511378287798, 0.00036641951935176915, 0.0003849983899620982, 0.00040611548415334905, 0.0004301660279695146, 0.0004576287445936291, 0.0004890862974546207, 0.000525251568291389, 0.0005670015833999134, 0.0006154215853309503, 0.0006718625531364288, 0.0007380167140505875, 0.0008160171359232052, 0.0009085697774498645, 0.0010191293202672163, 0.0011521343541479388, 0.0013133230405043736, 0.0015101582087198515, 0.0017524010841505964, 0.0020528869327516895, 0.0024285740630510737, 0.00290196172543531, 0.003503002370069463, 0.004271671162234072, 0.005261398516122403, 0.006543618846240929, 0.008213732302745119, 0.010398806593551482, 0.013267339231385986, 0.017041328223024906, 0.02201070968769371, 0.02854985797843967, 0.03713522790812508, 0.048362287652403385, 0.0629585936250754, 0.08178823839595643, 0.10584111057948363, 0.13619882295111593]
8.26765585479546	1.8100469950058198	[0.17458991047488692, 0.22081096506184061, 0.2762277460095791, 0.3411969752096803, 0.41542949350471775, 0.4977693041529163, 0.5860126896006109, 0.6768184748799759, 0.7657618147144132, 0.8475716339678819, 0.9165639870210337, 0.9672424885603933, 0.9949907361158981, 0.9967428978275977, 0.9715013394340725, 0.920584325303349, 0.8475339051063043, 0.7576844776873469, 0.6574675914325749, 0.55358645705693, 0.4522173209428762, 0.35837820138596793, 0.2755556261770775, 0.20561397021020564, 0.14895000301270797, 0.10481336783541655, 0.07169908829448618, 0.04772843922152635, 0.030960615022105443, 0.01960850983038317, 0.012158502797854414, 0.007411469515531272, 0.0044695790576517675, 0.0026929379603365306, 0.0016451073944302981, 0.0010399999665466773, 0.0006967297986975372, 0.0005046265047663351, 0.00039797613404516416, 0.00033880372492933904, 0.00030569314387368597, 0.0002868252432506268, 0.0002757986457836252, 0.00026920067053806175, 0.000265234983664843, 0.00026296547952604576, 0.00026190861385349607, 0.00026181779529722994, 0.00026257114827569957, 0.0002641139873152433, 0.00026642971197262625, 0.0002695254141340127, 0.0002734249894192768, 0.00027816619866534323, 0.0002837998012036949, 0.00029038994204460026, 0.00029801533010967, 0.0003067711072603965, 0.0003167713361113176, 0.0003281522222442974, 0.00034107615156691895, 0.00035573677987652203, 0.0003723653864928541, 0.0003912388800292093, 0.0004126898614774034, 0.0004371193853387093, 0.00046501315687183254, 0.0004969622566137324, 0.0005336897289319056, 0.0005760849460555229, 0.000625248183432678, 0.0006825488327308415, 0.0007497017330230182, 0.0008288678719761167, 0.0009227877705756091, 0.001034959097188552, 0.001169874014561314, 0.0013333376904854195, 0.0015328968404031116, 0.0017784179102204747, 0.002082868028780691, 0.0024633706694641437, 0.0029426311890438247, 0.0035508581675907174, 0.004328342489772299, 0.005328899965707083, 0.006624428339694563, 0.008310874199683821, 0.010515931700507514, 0.013408789510317015, 0.017212164141055867, 0.022216670540397724, 0.02879721068005005, 0.037430451165005665, 0.04871152490758545, 0.06336681173393925, 0.08225803695933975, 0.10637117126026874, 0.13678205029750168]
8.244561844027876	1.8161597724380893	[0.17521290749210097, 0.22144712635370356, 0.2768415616444282, 0.34174203828170147, 0.41585022372791125, 0.49800491639558225, 0.5860035761348854, 0.676514635041012, 0.7651323275385112, 0.8466135209797834, 0.915308431745159, 0.9657564266622515, 0.9933724931940041, 0.9951117336572111, 0.9699822509221956, 0.9192907983090771, 0.8465520721249546, 0.7570619878340195, 0.6572094367206194, 0.5536582993545242, 0.4525550724943141, 0.3589012633064684, 0.2761806669927328, 0.2062664833911585, 0.14957189187408437, 0.10536605637621438, 0.07216274707194255, 0.04809858031278737, 0.031243485107595944, 0.019816494127385675, 0.01230632893109901, 0.007513550658437518, 0.004538482430658373, 0.002738757342213022, 0.001675445513482736, 0.0010602876319723083, 0.0007106753061511286, 0.0005146653325812768, 0.0004056548581544261, 0.00034507667973459065, 0.0003111354965669174, 0.00029177765399224573, 0.0002804609370908373, 0.00027369024323640654, 0.00026962200517314383, 0.000267293571092074, 0.00026620668583008484, 0.00026610675924443225, 0.00026686763605505406, 0.0002684324573175606, 0.0002707836166960427, 0.00027392791407884434, 0.0002778893823140748, 0.0002827062479945098, 0.0002884299799398387, 0.00029512568095377674, 0.00030287324696787085, 0.0003117692773540091, 0.0003219295741031158, 0.00033349242775175335, 0.00034662269168399056, 0.0003615169613296218, 0.0003784099971744551, 0.00039758285872586657, 0.00041937308494034025, 0.0004441876443698547, 0.0004725193246574085, 0.0005049677436602512, 0.000542266250213594, 0.0005853167328144324, 0.0006352347019669612, 0.0006934082052616988, 0.0007615749836130094, 0.0008419242939341837, 0.0009372316367328195, 0.001051038169170945, 0.0011878902251996604, 0.00135366069477613, 0.0015559810253462283, 0.0018048238824862467, 0.002113289417516864, 0.0024986676035477174, 0.0029838713982808787, 0.0035993671476608436, 0.004385763155891518, 0.005397262290995239, 0.0067062270412352135, 0.008409151328417137, 0.010634355690908953, 0.01355171839882571, 0.01738467068275293, 0.022424499515794085, 0.029046623756776187, 0.03772790645750617, 0.049063124857105345, 0.06377745711406974, 0.0827302328381009, 0.10690347588010575, 0.13736721976754157]
8.221467833260292	1.822314484255125	[0.17583737515233122, 0.22208412644782527, 0.2774554426490417, 0.3422863050172419, 0.4162692734437389, 0.49823803217198076, 0.5859912975841853, 0.676207178946372, 0.7644990116289516, 0.8456515872521565, 0.9140492079373731, 0.9642668939290563, 0.9917509140698393, 0.9934772366537812, 0.9684596876712787, 0.917993571088396, 0.84556634290616, 0.7564355734197826, 0.6569476090578323, 0.553727053961611, 0.4528906271078234, 0.35942322413114, 0.2768057604100891, 0.20692010736515187, 0.15019572983987628, 0.10592124139963745, 0.07262914650392109, 0.048471440366072656, 0.031528854726088386, 0.020026639049708524, 0.012455929031393281, 0.007617026265441361, 0.00460844297151208, 0.002785355460915029, 0.00170634589092438, 0.001080977339781955, 0.0007249092630017912, 0.000524914873007099, 0.00041349277271418594, 0.0003514754816715887, 0.000316682613349426, 0.00029682165035629286, 0.00028520671842969473, 0.0002782583289213518, 0.0002740845574876789, 0.00027169541005931427, 0.0002705775426136237, 0.0002704680535840351, 0.0002712364124015401, 0.0002728234562828538, 0.0002752105735241876, 0.0002784042094957033, 0.0002824285654708502, 0.0002873222995472914, 0.0002931376317342483, 0.00029994060383334645, 0.00030781234639150904, 0.0003168509093375151, 0.0003271738883093261, 0.00033892166357015504, 0.0003522616199842465, 0.0003673933109226549, 0.00038455505657297343, 0.00040403210278433445, 0.0004261670264549273, 0.00045137276864714356, 0.0004801493307661381, 0.000513104958536057, 0.0005509834825478973, 0.0005946994438995168, 0.0006453838326019231, 0.000704443554599596, 0.0007736395952641133, 0.000855189778671791, 0.0009519050700584199, 0.0010673705495351938, 0.0012061874112181074, 0.0013742968896817503, 0.0015794161346853062, 0.0018316248975388685, 0.002144157685541128, 0.002534472110982441, 0.003025690473459023, 0.0036485382275544694, 0.00444394314869607, 0.005466496380064481, 0.006789027070335835, 0.0085085766975686, 0.010754092836886414, 0.013696140801852802, 0.01755886377559376, 0.022634212498880504, 0.02929811343763195, 0.03802760873233348, 0.04941710159703323, 0.06419054081108973, 0.08320483470294569, 0.10743802816944978, 0.13795433145127015]
8.198373822492707	1.8285115592226044	[0.1764633092205276, 0.22272195318908397, 0.27806937530183895, 0.34282975473933275, 0.4166866225511922, 0.49846862662217123, 0.5859758319502854, 0.6758960818549654, 0.7638618461087002, 0.8446858099972072, 0.9127862961469189, 0.9627738690264742, 0.9901259796668072, 0.9918393858998228, 0.9669336299953285, 0.9166926220808168, 0.8445766959491637, 0.7558052108625133, 0.6566820843041163, 0.5537926956705982, 0.453223960690065, 0.35994406213808156, 0.27743088964069945, 0.20757483180585418, 0.15082151435729785, 0.10647892811746607, 0.07309829871103952, 0.04884703671178326, 0.03181674429423561, 0.02023896606690061, 0.012607323788788736, 0.00772191509177634, 0.00467947671240964, 0.0028327455235469742, 0.0017378189449168448, 0.0011020771864988055, 0.0007394377757151277, 0.0005353797970385181, 0.0004214933971142462, 0.00035800292289534186, 0.0003223367017095648, 0.0003019591286549256, 0.0002900376074276827, 0.0002829064362822485, 0.00027862401552145136, 0.0002761723489742215, 0.0002750224684408761, 0.00027490297477531883, 0.0002756787368389371, 0.0002772882702532582, 0.00027971184949839576, 0.0002829556014719078, 0.0002870438338755652, 0.0002920156884139448, 0.0002979240967571639, 0.00030483609761719705, 0.00031283403130655046, 0.0003220174611161526, 0.00033250576411422174, 0.0003444414804993512, 0.00035799452751745625, 0.00037336749848253963, 0.00039080228958305474, 0.00041058843307622606, 0.00043307357974627363, 0.00045867677016496797, 0.0004879052819661963, 0.0005213761554074974, 0.0005598438024321061, 0.0006042356415916874, 0.0006556982950682956, 0.0007156578372238908, 0.0007858987269814339, 0.0008686677899527335, 0.0009668117946543629, 0.0010839603579588894, 0.0012247700259187075, 0.0013952512445831874, 0.001603207561690957, 0.0018588270218714603, 0.002175479428029818, 0.002570791658086672, 0.0030680965170156033, 0.0036983806145967557, 0.004502892390684007, 0.005536613504592503, 0.00687284039990031, 0.00860916382244626, 0.010875157134262944, 0.01384207228768792, 0.01773475887512606, 0.022845826229353574, 0.02955169520485104, 0.03832957401378512, 0.049773468122118296, 0.06460607519457212, 0.08368184971185007, 0.10797483343858676, 0.138543383508689]
8.175279811725122	1.8347514318524265	[0.17709070271411145, 0.2233605970097733, 0.2786833427717103, 0.3433723695724373, 0.41710224767723997, 0.49869667773359466, 0.5859571540259507, 0.6755813217101677, 0.7632208071613805, 0.8437161687550963, 0.9115196744089402, 0.9612773324681464, 0.9884976689015239, 0.9901981618120552, 0.9654040567076728, 0.9153879305857452, 0.8435831086869747, 0.7551708770464126, 0.6564128375771983, 0.5538551994402514, 0.4535550486216582, 0.36046375557209553, 0.2780560375254909, 0.2082306462725471, 0.15144924266345186, 0.10703912166969551, 0.07357021579468145, 0.04922538672699344, 0.032107174389546085, 0.020453496804459747, 0.012760534163116689, 0.007828236089412266, 0.004751599973977344, 0.002880940906544038, 0.001769875339623248, 0.0011235953793732874, 0.000754267135961441, 0.0005460648313281991, 0.00042966038410065265, 0.00036466181471881933, 0.00032810006728747237, 0.00030719198595994136, 0.00029495529838023964, 0.00028763606834567685, 0.0002832418179407432, 0.00028072573455639364, 0.00027954280314519377, 0.0002794128159361533, 0.0002801959190020396, 0.0002818281852224932, 0.0002842887579839461, 0.00028758339434974145, 0.00029173652632476184, 0.00029678775597484985, 0.00030279075755946963, 0.000309813558246829, 0.0003179397465859026, 0.00032727040204240593, 0.0003379267293860374, 0.0003500534430128476, 0.0003638230493566135, 0.0003794412095818064, 0.0003971534677628933, 0.00041725368817091183, 0.0004400946891298743, 0.0004661016804408392, 0.0004957893411315792, 0.0005297836095884865, 0.0005688496500377029, 0.0006139279105583559, 0.0006661808830884029, 0.0007270540324839813, 0.0007983556258576989, 0.0008823618134555475, 0.0009819556420964846, 0.0011008117324322914, 0.0012436426569494953, 0.0014165287388516854, 0.001627360871474158, 0.0018864363154659453, 0.0022072614644757945, 0.002607633674401682, 0.003111097928969232, 0.003748903426656396, 0.004562621203240649, 0.005607624759058152, 0.006957679539282855, 0.00871092590131428, 0.0109975632970841, 0.01398952789542812, 0.017912372386745524, 0.02305935661430171, 0.02980738577280847, 0.03863381708998933, 0.05013223898586416, 0.0650240709078265, 0.08416128693703871, 0.10851389474155654, 0.139134376371285]
8.152185800957538	1.841034542497034	[0.17771955021871447, 0.22400004630608103, 0.27929732995244094, 0.3439141294094092, 0.41751612725398596, 0.49892216122823285, 0.5859352403765217, 0.6752628743174213, 0.7625758725823174, 0.8427426411829237, 0.9102493220993468, 0.9597772632119422, 0.9868659616967276, 0.9885535435920474, 0.9638709472864498, 0.9140794749945053, 0.8425855589165362, 0.7545325481914178, 0.6561398441187691, 0.553914539732869, 0.45388386623077054, 0.36098228229195584, 0.27868118675627235, 0.20888754004755963, 0.15207891185786734, 0.10760182707511715, 0.07404490982915528, 0.04960650785378856, 0.032400165702123604, 0.0206702531022431, 0.012915581315531065, 0.00793600848731305, 0.004824829286433852, 0.0029299552454789693, 0.0018025259017614322, 0.0011455403276238517, 0.0007694037370225388, 0.0005569748457074144, 0.00043799743972160475, 0.0003714550683387317, 0.00033397504006184834, 0.0003125221924550898, 0.0002999614962295795, 0.00029244878597705937, 0.0002879394094130194, 0.00028535696266377434, 0.0002841398923291874, 0.00028399891410515397, 0.0002847892758715253, 0.0002864445278124522, 0.00028894262184944904, 0.0002922889310381215, 0.00029650799336177863, 0.0003016398810536834, 0.00030773901061331027, 0.0003148744188011095, 0.00032313095311756104, 0.00033261123907762745, 0.00034343833006434586, 0.00035575915445485497, 0.00036974884072401193, 0.0003856161707794317, 0.00040361038497751226, 0.00042402975071731815, 0.00044723232351071506, 0.00047364957934291525, 0.0005038036981546795, 0.000538329650497136, 0.0005780034951062703, 0.0006237788972552034, 0.0006768344225249781, 0.0007386351917818817, 0.0008110135734645938, 0.0008962754206887966, 0.0009973404800364906, 0.0011179289153919083, 0.0012628099279277934, 0.0014381344816132326, 0.0016518816615801683, 0.0019144590025835283, 0.0022395106368789195, 0.0026450058007826543, 0.003154703110656538, 0.0038001160564869476, 0.004623139869039302, 0.005679541597370189, 0.007043556889272706, 0.008813876601490135, 0.011121325816796195, 0.014138523270518977, 0.0180917203191111, 0.0232748203318967, 0.030065201212301412, 0.03894035370841548, 0.05049342777778916, 0.06544453975764754, 0.08464315411337758, 0.10905521650453572, 0.13972730875382558]
8.129091790189953	1.8473613374459457	[0.17834984535416176, 0.2246402901472751, 0.2799113206274915, 0.34445501486134317, 0.41792823854309574, 0.49914505355831096, 0.5859100664192811, 0.6749407161663429, 0.761927019106309, 0.8417652055144446, 0.9089752176668195, 0.9582736406450199, 0.985230837206134, 0.9869055107125835, 0.9623342805982875, 0.9127672338218876, 0.8415840239553455, 0.7538902005127088, 0.6558630787820677, 0.5539706908995429, 0.45421038851073464, 0.36149961997368596, 0.27930631974176257, 0.20954550222841295, 0.15271051885708412, 0.10816704925802786, 0.07452239286514874, 0.049990417588003, 0.03269573906436341, 0.020889256982245863, 0.013072486652822726, 0.008045251748669505, 0.004899181441795598, 0.0029798023876229838, 0.0018357816757306228, 0.0011679205936546968, 0.0007848541280363818, 0.0005681148053476794, 0.0004465083741529572, 0.0003783856497407044, 0.00033996402036901783, 0.0003179517503637354, 0.00030505795724447815, 0.00029734617148958494, 0.00029271827598912096, 0.0002900674466664056, 0.0002888151178576185, 0.00028866262304400573, 0.0002894601579983737, 0.00029113864192440716, 0.00029367479613979266, 0.0002970735728313819, 0.000301359617129996, 0.0003065734622118389, 0.0003127702840452252, 0.0003200201336085979, 0.0003284091440685023, 0.0003380415021089719, 0.0003490421455642569, 0.00036156024297887273, 0.00037577359212961366, 0.00039189413559631445, 0.00041017487289104885, 0.0004309185328209043, 0.00045448849293423603, 0.0004813225791129458, 0.0005119505884296425, 0.0005470166433485476, 0.0005873078585307477, 0.0006337912879427479, 0.0006876617977014324, 0.0007504044109678885, 0.0008238759193126579, 0.0009104122328717269, 0.0010129702563955237, 0.0011353162046988286, 0.0012822765588197827, 0.0014600736431206773, 0.0016767756468576672, 0.0019429013732923835, 0.002272233931689281, 0.002682915745592917, 0.003198920642554742, 0.003852027959597582, 0.0046844588931637355, 0.005752375519310336, 0.007130485125056528, 0.008918029598749362, 0.011246459518481544, 0.014289073998064828, 0.01827281907754078, 0.023492233888607005, 0.030325158052783657, 0.039249199284360006, 0.050857048603166886, 0.06586749301451464, 0.08512745954373829, 0.10959880239301543, 0.1403221799907547]
8.105997779422369	1.8537322690234548	[0.17898158207408982, 0.22528131687621325, 0.28052529892627404, 0.34499500573592057, 0.4183385591676822, 0.49936533036231023, 0.5858816079296255, 0.6746148229743828, 0.7612742237851707, 0.8407838392850069, 0.9076973397986319, 0.9567664435473985, 0.9835922747235999, 0.9852540421361896, 0.9607940355512603, 0.9114511851620448, 0.8405784810747002, 0.7532438098732539, 0.6555825162972542, 0.5540236269774249, 0.4545345902669012, 0.36201574600248415, 0.2799314186759214, 0.21020452167645734, 0.15334406041529278, 0.10873479303064507, 0.07500267692507342, 0.05037713348317235, 0.03299391543494918, 0.021110530666748437, 0.013231271806937263, 0.008155985597575625, 0.0049746734714296945, 0.003030496422470193, 0.0018696539000327948, 0.0011907449240055022, 0.0008006249899782418, 0.0005794898000582459, 0.00045519707815796693, 0.00038545660632674164, 0.00034606945676860065, 0.0003234827175519616, 0.000310246468960232, 0.00030232984923553514, 0.00029757992742720244, 0.0002948586352393195, 0.0002935698825625918, 0.0002934053285575822, 0.0002942099363795924, 0.0002959119019683944, 0.00029848665680368, 0.0003019387109457797, 0.00030629280159666876, 0.0003115899279785294, 0.0003178860290046632, 0.0003252521875330566, 0.00033377583706682224, 0.0003435627526266701, 0.0003547397814616056, 0.0003674583699370154, 0.0003818990222576585, 0.0003982768929387408, 0.0004168487937413965, 0.0004379219848513587, 0.0004618652408937353, 0.0004891228339731835, 0.0005202322842522728, 0.0005558470000937301, 0.0005967653022590077, 0.000643967821685848, 0.0006986659389775568, 0.0007623648464443276, 0.0008369460648764229, 0.0009247759416808164, 0.0010288489780010763, 0.0011529779813422077, 0.0013020473363909572, 0.001482351492923176, 0.001702048617447972, 0.0019717698374253677, 0.002305438418840047, 0.0027213713624518582, 0.0032437591946318936, 0.0039046487676010298, 0.004746588870568028, 0.005826138236398242, 0.00721847700078465, 0.009023398818903728, 0.011372979275791935, 0.01444119595002359, 0.01845568505604469, 0.023711614107328693, 0.030587272714134042, 0.039560369566594006, 0.051223115318774735, 0.06629294228586377, 0.08561421111391743, 0.11014465640568825, 0.14091898882819284]
8.082903768654784	1.860147795688947	[0.179614753882861, 0.2259231149485251, 0.2811392484416571, 0.3455340819443591, 0.4187470661768809, 0.4995829673797637, 0.5858498401161994, 0.6742851705493034, 0.7606174631439248, 0.839798520095064, 0.906415666716842, 0.9552556507269419, 0.9819502531465871, 0.9835991168052225, 0.9592501907147089, 0.9101313070303001, 0.8395689072413597, 0.7525933519924073, 0.6552981311000771, 0.5540733217982411, 0.4548564460090344, 0.3625306375201283, 0.28055646547883845, 0.21086458703360278, 0.15397953310009488, 0.10930506309575891, 0.0754857740008834, 0.050766673146146385, 0.033294715909131974, 0.02133409656994021, 0.01339195865185621, 0.008268230008283153, 0.005051322666019699, 0.003082051669490278, 0.0019041540279488218, 0.0012140222361333238, 0.0008167231554633885, 0.0005911050306602172, 0.0004640675411535889, 0.00039267105354088075, 0.000352293862058915, 0.00032911719500520347, 0.000315528864146741, 0.00030740147432837335, 0.0003025259092673818, 0.00029973200248687527, 0.00029840562064436247, 0.00029822843998947133, 0.00029904001143297564, 0.0003007657055842974, 0.0003033796084978889, 0.0003068857602673632, 0.0003113089794358879, 0.00031669073141309394, 0.0003230877258599347, 0.00033057209114435986, 0.00033923257992771806, 0.0003491765793104277, 0.00036053287495234115, 0.00037345522569851925, 0.0003881268833579123, 0.0004047662629658859, 0.0004236340458704142, 0.00044504209116122385, 0.00046936465023431187, 0.0004970525354618221, 0.0005286511013868796, 0.0005648231740696237, 0.000606378436906226, 0.0006543112839013693, 0.0007098498319405534, 0.0007745197070070709, 0.0008502274751369455, 0.0009393702984852583, 0.0010449807256264852, 0.0011709186947005874, 0.0013221271344642208, 0.0015049733790588502, 0.0017277064668612032, 0.0020010708945008976, 0.002339131291551014, 0.0027603806060357765, 0.0032892275836828868, 0.003957988222704068, 0.004809540569372884, 0.005900841574745471, 0.007307545470655786, 0.00912999829486441, 0.011500900185642142, 0.014594905078303376, 0.018640334885409063, 0.023932977835214243, 0.03085156185055511, 0.03987388023809065, 0.05159164199429871, 0.06672089899185486, 0.08610341688659724, 0.11069278221716036, 0.1415177341510246]
8.0598097578872	1.8666083821387138	[0.18024935431905942, 0.22656567240192246, 0.2817531527783561, 0.3460722229341281, 0.4191537366324458, 0.49979793988539495, 0.5858147382042539, 0.6739517342573377, 0.759956713709764, 0.8388092251324066, 0.905130176608007, 0.9537412406081764, 0.9803047512887698, 0.9819407133118198, 0.9577027245312172, 0.9088075771289578, 0.8385552792632384, 0.7519388023081471, 0.6550098974378427, 0.5541197489254577, 0.45517593002611995, 0.3630442714039913, 0.2811814418406216, 0.21152568671672062, 0.1546169333095478, 0.10987786404522006, 0.07597169605410982, 0.05115905423890704, 0.033598161711846486, 0.021559977304652866, 0.013554569295673774, 0.00838200521653998, 0.005129146568210497, 0.0031344826920156788, 0.0019392937203553907, 0.0012377616326559985, 0.0008331556012376365, 0.000602965822212431, 0.0004731238434037476, 0.00040003218655014196, 0.00035863980555350097, 0.0003348573369298217, 0.0003209070135759752, 0.0003125627413200696, 0.0003075577963506341, 0.0003046890553935474, 0.000303323792032962, 0.0003031333966414532, 0.0003039518081703848, 0.0003057014792150027, 0.00030835508047373777, 0.00031191616425247124, 0.0003164096085024944, 0.0003218773544939281, 0.00032837688112949463, 0.00033598138474398717, 0.0003447809479177309, 0.000354884601828559, 0.0003664230923326447, 0.0003795525333531556, 0.00039445895882822833, 0.0004113641008291445, 0.00043053256129154034, 0.0004522808740043037, 0.0004769888405728244, 0.0005051139166996817, 0.000537209396174257, 0.000573947664829973, 0.0006161499183307642, 0.0006648245120463953, 0.0007212165131362631, 0.0007868722608066726, 0.0008637236730080534, 0.0009541991231889085, 0.0010613696464172979, 0.0011891428741702859, 0.0013425209032856332, 0.0015279447438311076, 0.0017537551766570352, 0.0020308111556940223, 0.002373319843851071, 0.0027999515632927533, 0.0033353347399805544, 0.004012056222620922, 0.004873324881202989, 0.005976497539973867, 0.0073977036152398125, 0.009237842260092268, 0.011630237460150232, 0.014750217547554224, 0.018826785277740326, 0.024156342128335687, 0.031118042132990936, 0.04018974716533743, 0.05196264261858385, 0.06715137468994453, 0.08659508472230432, 0.11124318358326733, 0.14211841451987542]
8.036715747119615	1.8731144994099913	[0.18088537621322073, 0.22720897764545886, 0.28236699471736787, 0.346609408535417, 0.41955854672489473, 0.5000102235389061, 0.5857762765656814, 0.673614489824334, 0.7592919512245494, 0.8378159318850917, 0.9038408469736646, 0.9522231918305625, 0.9786557473912395, 0.9802788103638458, 0.9561516149735114, 0.9074799731734816, 0.8375375735553543, 0.7512801361739446, 0.6547177892099656, 0.5541628817518123, 0.4554930162809537, 0.3635566243036582, 0.2818063291589711, 0.21218780892491892, 0.15525625724322994, 0.11045320035576918, 0.07646045501023059, 0.051554294470254426, 0.03390427420641986, 0.021788195672223683, 0.013719126097249488, 0.008497331708256953, 0.005208162992950139, 0.0031878042848586525, 0.001975084866909945, 0.00126197238810055, 0.0008499294684297477, 0.0006150776103396407, 0.00048237017443723894, 0.0004075432667955359, 0.0003651099293653583, 0.00034070533813640924, 0.0003263828402010961, 0.000317815372822506, 0.0003126772050672798, 0.00030973132384753136, 0.00030832589293965904, 0.0003081216591719762, 0.0003089467853087581, 0.0003107206707355977, 0.0003134145345086309, 0.0003170313885891227, 0.00032159617883697166, 0.0003271513025993217, 0.0003337550337972323, 0.0003414816334587242, 0.00035042254959996507, 0.00036068846635042574, 0.00037241213457998564, 0.0003857520444577949, 0.00040089706873257784, 0.00041807229246826615, 0.00043754631135483517, 0.0004596403891817414, 0.00048473997434793044, 0.0005133092476498481, 0.0005459095722592475, 0.0005832230127140332, 0.000626082455424739, 0.0006755103890761605, 0.0007327690794598913, 0.000799425827092013, 0.0008774382510991683, 0.0009692662933604201, 0.0010780199691682885, 0.001207655114324533, 0.0013632336900237243, 0.0015512711029310527, 0.001780200844733904, 0.0020609973137864076, 0.00240801151050094, 0.0028400924095138675, 0.0033820897645118614, 0.004066862755850068, 0.0049379529039381845, 0.006053118221864275, 0.0074889647611786955, 0.009346945009273955, 0.011761006598451213, 0.014907149534897777, 0.019015053269113902, 0.02438172397073312, 0.0313867305834148, 0.04050798601656996, 0.05233613154497155, 0.06758438057581209, 0.08708922284806528, 0.11179586371708694, 0.14272102886107507]
8.01362173635203	1.8796666249868497	[0.18152281213367788, 0.22785301897273966, 0.28298075671948236, 0.3471456184446051, 0.4199614723086117, 0.5002197938732529, 0.5857344292467906, 0.6732734128579725, 0.758623151118744, 0.8368186177147348, 0.9025476550103656, 0.950701482882197, 0.9770032193931395, 0.9786133864900719, 0.9545968397220604, 0.9061484726822776, 0.8365157662586458, 0.7506173287361458, 0.6544217800556863, 0.5542026934472506, 0.45580767847584486, 0.3640676726290799, 0.2824311085811771, 0.21285094164157745, 0.15589750092098675, 0.11103107639270678, 0.0769520627610337, 0.05195241160014165, 0.03421307488948932, 0.022018774669770865, 0.013885651659628857, 0.008614230230321334, 0.0052883900213637515, 0.003242031487239341, 0.002011539580156632, 0.001286663962053632, 0.0008670520563871262, 0.0006274459533432033, 0.0004918108265708562, 0.00041520763258267695, 0.00037170694193362774, 0.00034666344310962645, 0.0003319583130580524, 0.00032316112723883175, 0.0003178857878813692, 0.00031486036724762633, 0.0003134134510977856, 0.00031319471527770467, 0.00031402643120710487, 0.00031582475438849317, 0.00031855946145592506, 0.0003222329255471623, 0.0003268702097193664, 0.0003325141084186847, 0.00033922375275739726, 0.0003470744308455032, 0.0003561590245618227, 0.00036658984896697583, 0.0003785017352616704, 0.00039205554238924884, 0.0004074430677911736, 0.00042489275801484237, 0.0004446773047151535, 0.00046712272962619024, 0.0004926202546480117, 0.0005216408390379306, 0.0005547540781302615, 0.0005926518033030616, 0.0006361788071649244, 0.0006863718487111648, 0.0007445106844294211, 0.0008121837826756997, 0.0008913748667864457, 0.000984575752469451, 0.001094935997543238, 0.001226460085771281, 0.0013842706291421585, 0.0015749580601952854, 0.001807049671321391, 0.0020916361637415334, 0.002443213846259965, 0.0028808114375720602, 0.003429501897986251, 0.004122417943717386, 0.005003435895277527, 0.006130715855038045, 0.00758134241197921, 0.00945732098549519, 0.011893223284910687, 0.015065717353515931, 0.01920515607304734, 0.024609140445907174, 0.031657644370095835, 0.04082861249289161, 0.052712123216029236, 0.06801992778382865, 0.08758583950438445, 0.11235082566360448, 0.14332557603861676]
7.990527725584445	1.886265242908481	[0.18216165747304197, 0.22849778128058176, 0.2835944243692739, 0.3476808286558381, 0.4203624925055292, 0.5004266226571576, 0.5856891734938512, 0.6729284753947616, 0.7579502917346702, 0.8358172568247025, 0.9012505803651069, 0.9491760896492367, 0.9753471471290679, 0.9769444182136704, 0.9530383777844644, 0.9048130517073611, 0.8354898343239034, 0.7499503540983208, 0.6541218439996491, 0.5542391564367596, 0.4561198903882745, 0.36457739225119634, 0.2830557611511969, 0.2135150724906541, 0.156540660227942, 0.1116114963686457, 0.07744653115608643, 0.052353423459869076, 0.03452458535253515, 0.02225173754417858, 0.014054168773828079, 0.008732721861832613, 0.005369845934415852, 0.003297179661451999, 0.002048670124484315, 0.0013118460789266699, 0.0008845307510485556, 0.0006400766088280401, 0.0005014501259153086, 0.0004230287699218418, 0.0003784335540182002, 0.0003527340096766696, 0.0003376353896688521, 0.0003286018548316897, 0.0003231851826651661, 0.000320077823221033, 0.0003185879818351402, 0.00031835412175210224, 0.0003191922260121122, 0.0003210152671195174, 0.0003237913485525821, 0.0003275223256244238, 0.00033223322114561867, 0.00033796735993826555, 0.00034478461148113493, 0.00035276142419246804, 0.0003619920203491089, 0.0003725904792188245, 0.00038469363886915254, 0.0003984648649672677, 0.0004140988242725658, 0.00043182747437883496, 0.00045192756591044337, 0.0004747300488882793, 0.0005006319024960804, 0.0005301110678372688, 0.0005637453819112736, 0.0006022366963003017, 0.0006464417533300488, 0.000697411909601684, 0.0007564445026253753, 0.000825149604065138, 0.0009055371971820556, 0.0010001315639013133, 0.0011121220508415828, 0.001245562606884953, 0.00140563686185543, 0.0015990114058111631, 0.0018343078464123207, 0.0021227347405223733, 0.0024789343652365497, 0.0029221172548860182, 0.0034775802883820904, 0.004178732324986995, 0.0050697849343012275, 0.006209303231580336, 0.00767484975614509, 0.00956898537563542, 0.01202690268135579, 0.015225938300748004, 0.019397110080422626, 0.02483860991960424, 0.031930799431157245, 0.04115164393023132, 0.05309063033252074, 0.06845802947737666, 0.08808494060792223, 0.11290807490718083, 0.14393205200962988]
7.96743371481686	1.8929108438791644	[0.18280190187966536, 0.2291432551869047, 0.28420797680241433, 0.3482150213461953, 0.4207615796670144, 0.5006306879314273, 0.5856404799138737, 0.6725796553992206, 0.757273345340535, 0.8348118286112508, 0.8999495975088591, 0.9476469922195973, 0.9736875063292281, 0.9752718851843487, 0.9514762051319914, 0.9034736884179273, 0.8344597525872981, 0.7492791876341486, 0.653817953653759, 0.5542722437696318, 0.45642962486760424, 0.3650857592273245, 0.2836802673208141, 0.21418018905398364, 0.15718573073699296, 0.11219446441718746, 0.07794387200612447, 0.0527573478870467, 0.034838827389361435, 0.022487107651133435, 0.014224700585821603, 0.008852827833368545, 0.0054525494114820204, 0.0033532642935949304, 0.002086489126989849, 0.0013375285239465746, 0.0009023732342957077, 0.0006529753349489024, 0.0005112926307397997, 0.0004310101263077248, 0.0003852926602414348, 0.0003589193399701855, 0.0003434161779154137, 0.00033413934799333674, 0.00032857715438445957, 0.00032538527721423586, 0.0003238511107053061, 0.00032360139191788174, 0.00032444574740109086, 0.00032629371150411427, 0.0003291117709513742, 0.0003329011132493374, 0.0003376868139658008, 0.0003435126261614531, 0.00035043925949653507, 0.00035854424762490526, 0.0003679232578546045, 0.0003786920781241971, 0.00039098966252649255, 0.0004049818450590426, 0.00042086628036765313, 0.00043887841608250165, 0.0004592991968340206, 0.0004824644996676387, 0.0005087772221601567, 0.0005387223105192413, 0.0005728860438684115, 0.0006119803497050928, 0.0006568741786302898, 0.0007086335852663085, 0.0007685738316066212, 0.000838326755820687, 0.0009199290677487609, 0.0010159377669577844, 0.0011295826325091322, 0.0012649674513494171, 0.001427337764330972, 0.0016234368511566948, 0.0018619818674555982, 0.0021542999447489875, 0.0025151809927013943, 0.0029640182455383706, 0.003526334642771832, 0.004235816074992781, 0.005137011868221822, 0.006288892564546109, 0.007769501040620549, 0.009681952465418062, 0.01216206140082596, 0.015387828309701305, 0.019590933646175507, 0.025070148759955294, 0.03220621430857854, 0.04147709485400735, 0.053471668953188924, 0.0688986950474788, 0.08858653626077785, 0.11346761213516858, 0.1445404577415765]
7.944339704049274	1.8996039253809034	[0.18344353916338468, 0.22978942645935377, 0.2848213977752578, 0.3487481734333086, 0.4211587109912959, 0.5008319624159726, 0.58558832387138, 0.6722269258092723, 0.7565922885339753, 0.8338023080285497, 0.8986446845358432, 0.9461141670029937, 0.9720242754946598, 0.9735957641972417, 0.9499102996630645, 0.902130358909339, 0.8334254970941242, 0.7486038033015687, 0.6535100822873418, 0.5543019275648405, 0.45673685502102623, 0.3655927490045305, 0.284304607543924, 0.2148462785330716, 0.15783270792746862, 0.11277998451674542, 0.07844409707916462, 0.053164202799957046, 0.03515582286947714, 0.022724908618208858, 0.014397270405748449, 0.008974569740814167, 0.005536519307858048, 0.003410301231869826, 0.002125009342560766, 0.00136372138698215, 0.0009205872499166551, 0.0006661481264501474, 0.0005213429082163525, 0.00043915533027112197, 0.0003922871334793018, 0.00036522187859055273, 0.0003493027519084659, 0.0003397755161661707, 0.00033406343355669977, 0.0003307844146108272, 0.00032920443356494045, 0.0003289381269240786, 0.00032978854996965084, 0.000331661669080017, 0.000334522287427925, 0.00033837088536000786, 0.0003432325787121406, 0.0003491515441579714, 0.0003561893412113842, 0.0003644246006875215, 0.00037395445719541707, 0.0003848964311583465, 0.0003973916261579957, 0.0004116083806839941, 0.0004277473839579859, 0.0004460476252242065, 0.0004667943073132178, 0.0004903283065888363, 0.000517058527397326, 0.0005474770221166946, 0.000582178634460118, 0.0006218855095938142, 0.0006674789774685312, 0.0007200399906098533, 0.0007809019762756427, 0.0008517188223703609, 0.0009345543059781, 0.0010319985465181301, 0.0011473222378655698, 0.0012846795743919773, 0.0014493786865419482, 0.0016482403397778606, 0.0018900781747853339, 0.0021863389807602624, 0.0025519615452994325, 0.0030065231984495373, 0.0035757744757867896, 0.004293679915950805, 0.00520512821879243, 0.006369496810745993, 0.007865309981927433, 0.009796237551304843, 0.012298715221493901, 0.015551404675303445, 0.019786643858627436, 0.02530377514044126, 0.03248390570030732, 0.04180498212807026, 0.05385525257581752, 0.06934193682624774, 0.08909063319459087, 0.11402944160615545, 0.1451507900247079]
7.921245693281689	1.906344991787958	[0.18408656296745146, 0.2304362806330594, 0.28543467082777274, 0.3492802615560518, 0.4215538634449833, 0.5010304185340199, 0.5855326805074884, 0.6718702592660787, 0.7559070977081961, 0.8327886697460294, 0.897335819358919, 0.9445775901452075, 0.9703574329639677, 0.9719160318021436, 0.9483406391146444, 0.9007830390333381, 0.8323870437029403, 0.7479241747950923, 0.653198202937336, 0.5543281796461387, 0.45704155367800714, 0.3660983367177302, 0.28492876199053724, 0.21551332785922828, 0.15848158707039367, 0.11336806050452106, 0.0789472180934103, 0.053574006160328716, 0.03547559379182472, 0.02296516427760043, 0.0145719017933095, 0.009097969460312588, 0.0056217747552288755, 0.0034683065923569348, 0.002164243759409071, 0.0013904349655410315, 0.0009391807075203772, 0.0006796011197366573, 0.0005316056322491304, 0.00044746810212734973, 0.00039941991395539637, 0.00037164413139646724, 0.00035529723116214235, 0.0003455123138117996, 0.00033964578541977524, 0.000336276957960703, 0.00033464957640325977, 0.00033436596155996006, 0.0003352222168434316, 0.0003371207536270974, 0.0003400244851136232, 0.00034393327084089977, 0.0003488721348417065, 0.00035488578332350723, 0.000362036531006298, 0.00037040421615221674, 0.00038008736991250333, 0.0003912053584142047, 0.0004039013829758421, 0.0004183464063861865, 0.000434744118545515, 0.0004533371829157037, 0.00047441504568471085, 0.0004983237364591616, 0.0005254781740382791, 0.0005563777038298289, 0.000591625770611394, 0.0006319549731860776, 0.000678259096128972, 0.00073163429786982, 0.0007934323000906866, 0.0008653294531508272, 0.0009494168061292262, 0.0010483181619436726, 0.0011653454390538052, 0.001304704017316349, 0.001471765067466962, 0.0016734279152693782, 0.0019186033122048176, 0.002218859169329289, 0.0025892839597102956, 0.003049641037302337, 0.003625909439891774, 0.004352334723683272, 0.0052741456625483825, 0.00645112909697477, 0.007962290463551526, 0.009911856108565001, 0.012436880089764013, 0.01571668486535632, 0.01998425795680239, 0.025539507378797916, 0.03276389041132495, 0.04213532270408441, 0.054241394733009755, 0.06978776715212924, 0.08959723808245498, 0.11459356749276695, 0.1457630454943675]
7.898151682514103	1.9131345544837381	[0.18473096324296423, 0.23108380675856366, 0.2860477753468315, 0.34981126615128016, 0.4219470096319593, 0.5012260325690846, 0.585473520678961, 0.6715096320652536, 0.7552177453197292, 0.8317708916321959, 0.8960229765079918, 0.9430372403695254, 0.9686869543580365, 0.9702326664490394, 0.9467671991764299, 0.8994317059050806, 0.8313443668107271, 0.7472402765354945, 0.6528822876278855, 0.5543509721476553, 0.4573436929639633, 0.3666024975259627, 0.2855527103460275, 0.2161813238491555, 0.15913236315942753, 0.11395869611753028, 0.07945324672306428, 0.053986775947106935, 0.035798162334849476, 0.023207898603624186, 0.014748618634918274, 0.009223049067616071, 0.005708335254188007, 0.0035272966701181086, 0.0022042056978454124, 0.0014176796734705224, 0.000958161780673857, 0.0006933405033680284, 0.0005420856763049314, 0.00045595216953281246, 0.00040669409403479355, 0.00037818858840320187, 0.00036140185611723816, 0.00035135167182983473, 0.0003453260760265614, 0.0003418646070980277, 0.00034018825257868784, 0.00033988651251059523, 0.000340748409073115, 0.00034267256655351317, 0.000345620022285994, 0.0003495898918316199, 0.0003546071682184514, 0.00036071701136619004, 0.0003679825666668744, 0.0003764848294869506, 0.00038632380953313415, 0.0003976206864337381, 0.0004105208482793106, 0.00042519786636563927, 0.000441858531359572, 0.00046074918265795456, 0.0004821636273110647, 0.0005064530707618227, 0.0005340385901412926, 0.0005654268733262918, 0.0006012301489929663, 0.0006421915552992573, 0.0006892175711207589, 0.0007434196970006014, 0.0008061682711449281, 0.0008791623137762179, 0.0009645205868731176, 0.0010649008844519415, 0.001183656959866634, 0.0013250458242818923, 0.001494502535455672, 0.0016990056072787032, 0.0019475640653697237, 0.002251867787659798, 0.0026271564875928483, 0.0030933805919524785, 0.003676749604063887, 0.004411791197604396, 0.005344076432085377, 0.006533802242220554, 0.008060457113428935, 0.01002882310306093, 0.01257657294421652, 0.01588368554223754, 0.020183794486531195, 0.025777362575733712, 0.0330461869362672, 0.0424681317821883, 0.05463011108967261, 0.07023619597537405, 0.09010636021072693, 0.1151599909004219, 0.14637722388000954]
7.875057671746518	1.9199731319801405	[0.18537673316468647, 0.23173199002894576, 0.28666069428739915, 0.35034116346427246, 0.4223381258931743, 0.5014187765522954, 0.5854108189083612, 0.6711450164710434, 0.754524207163888, 0.8307489479826495, 0.8947061333185865, 0.9414930934380326, 0.9670128174595173, 0.9685456442875202, 0.9451899570490289, 0.8980763349528068, 0.8302974417477682, 0.7465520817568294, 0.6525623088521186, 0.554370276377605, 0.4576432451317282, 0.36710520600684593, 0.2861764322155702, 0.2168502529357693, 0.159785031053103, 0.11455189492606745, 0.07996219458820907, 0.05440253020937508, 0.0361235507614199, 0.023453135835387037, 0.014927445002585539, 0.009349830999778774, 0.005796220509408145, 0.003587288119415564, 0.0022449086356412075, 0.0014454662252959606, 0.0009775387323384234, 0.000707372696468868, 0.0005527879463823248, 0.0004646114334272201, 0.0004141127639845585, 0.00038485787359646595, 0.0003676188497112171, 0.0003572956298727016, 0.00035110615059603966, 0.00034754915429188407, 0.00034582215733076476, 0.0003455014778234851, 0.00034636877464809513, 0.0003483187828103378, 0.0003513105496848521, 0.0003553424384897877, 0.00036043936235718587, 0.0003666469603319786, 0.0003740291882231682, 0.0003826682384405062, 0.0003926655958079682, 0.00040414430350011946, 0.00041725194702363133, 0.0004321647675209145, 0.0004490926822527831, 0.0004682857831738051, 0.0004900422827337544, 0.0005147186604700773, 0.0005427422210837577, 0.0005746271240986021, 0.0006109944852247517, 0.0006525981554923357, 0.0007003574587852006, 0.000755399474980903, 0.0008191133770358326, 0.000893221183699935, 0.0009798696840135615, 0.0010817511221543337, 0.0012022615353864852, 0.0013457102081105758, 0.0015175967184446917, 0.0017249796581282363, 0.0019769671980669856, 0.002285372386806047, 0.0026655873213527357, 0.0031377510510656416, 0.003728304915262976, 0.004472060513136315, 0.005414932536070038, 0.006617529700905193, 0.008159824175811304, 0.01014715434821576, 0.012717810099328365, 0.016052424489635005, 0.020385271025242558, 0.02601735929306135, 0.03333081233775759, 0.042803426426009296, 0.055021415300794706, 0.0706872355600818, 0.09061800620245995, 0.11572871571759781, 0.14699332159692619]
7.8519636609789325	1.9268612500392226	[0.18602386335827029, 0.232380817910113, 0.2872734077332555, 0.3508699321799851, 0.4227271855602649, 0.5016086249881215, 0.5853445467749823, 0.6707763870858118, 0.7538264563412325, 0.8297228151323319, 0.8933852648109345, 0.939945126739293, 0.9653349981789086, 0.9668549426393286, 0.9436088885003165, 0.8967169023492699, 0.8292462427937107, 0.745859564078283, 0.6522382383436267, 0.5543860637490535, 0.4579401818706813, 0.3676064366479072, 0.2867999067838515, 0.21752010137904104, 0.1604395853491115, 0.11514766037658791, 0.08047407325668528, 0.05482128701417943, 0.03645178149644293, 0.023700900373124556, 0.015108405275918217, 0.009478337924615714, 0.0058854505754075605, 0.0036482978104438223, 0.0022863663629615356, 0.0014738054894572637, 0.0009973200685664716, 0.0007217042053727615, 0.0005637175264719173, 0.0004734498333061483, 0.0004216791449948871, 0.0003916546222916832, 0.00037395053597525865, 0.00036334622745762187, 0.0003569879373735589, 0.00035333238923292224, 0.00035155305776135484, 0.00035121255477940747, 0.00035208502618113064, 0.00035406107999777275, 0.0003570977778433023, 0.00036119260739425634, 0.0003663704574424806, 0.0003726773723220537, 0.0003801781906408668, 0.0003889562541742581, 0.00039911460293842467, 0.00041077811440188027, 0.00042409665933574534, 0.00043924913614866044, 0.0004564486882085688, 0.0004759491653474737, 0.0004980533029349215, 0.0005231228814035633, 0.0005515915775553495, 0.0005839810771032959, 0.0006209215670113985, 0.0006631777032818576, 0.000711681896733586, 0.0007675769509474835, 0.0008322711989794861, 0.0009075098760836209, 0.0009954682435665979, 0.0010988733170955163, 0.0012211640332864678, 0.0013667024132544925, 0.0015410534072819585, 0.0017513563348723349, 0.0020068196782130937, 0.002319380527626395, 0.0027045849135509882, 0.003182761584648697, 0.003780585656344347, 0.004533153776609111, 0.005486726420199954, 0.0067023247737917615, 0.008260406464304428, 0.010266865369019067, 0.012860608607139874, 0.016222918999286746, 0.020588706094034338, 0.02625951531185829, 0.033617784863934325, 0.04314122253826341, 0.055415322477324724, 0.07114089655323057, 0.09113218442314075, 0.11629974372870479, 0.14761133708556076]
7.828869650211347	1.9337994417971065	[0.18667234682333192, 0.23303027490051414, 0.28788589838315126, 0.3513975477718701, 0.4231141647009473, 0.5017955491386404, 0.5852746785402264, 0.6704037154454746, 0.7531244683842273, 0.8286924666895237, 0.8920603480244386, 0.9383933153776978, 0.9636534739491655, 0.9651605370219963, 0.9420239703293366, 0.8953533829204597, 0.828190744837908, 0.7451626961573125, 0.6519100481144945, 0.554398304994003, 0.4582344749016842, 0.3681061634415067, 0.28742311311377383, 0.2181908550968299, 0.16109602049456687, 0.11574599575981138, 0.08098889424026558, 0.05524306449344963, 0.03678287705789658, 0.023951216871500154, 0.015291524038317109, 0.009608592861003054, 0.0059760457355998485, 0.0037103429630046727, 0.002328592854710966, 0.0015027086249948594, 0.0010175144110959558, 0.0007363417557919614, 0.0005748795565782836, 0.0004824714699929399, 0.0004293964763698972, 0.000398581591862863, 0.0003803992386169214, 0.0003695056017329132, 0.0003629733583699647, 0.0003592161841555349, 0.0003573827153258634, 0.0003570215134993356, 0.0003578988739720698, 0.0003599012020403805, 0.00036298341913571, 0.0003671421570563813, 0.0003724021996347954, 0.00037881004861375434, 0.0003864313786838431, 0.0003953507456806419, 0.0004056727183872869, 0.0004175240817302064, 0.0004310569817571699, 0.00044645305762751266, 0.0004639286855416154, 0.0004837415718043771, 0.0005061990009694746, 0.0005316681753291033, 0.000560589194909868, 0.0005934914252844817, 0.0006310142091257524, 0.00067393320849525, 0.0007231940517238975, 0.0007799555356232807, 0.0008456453487864054, 0.0009220323108765657, 0.0010113204423798313, 0.0011162720386381378, 0.0012403693500581097, 0.0013880278393299439, 0.0015648784155835934, 0.0017781420976589035, 0.0020371284834241835, 0.002353900015832809, 0.002744157701543942, 0.0032284216780197276, 0.003833602050728635, 0.004595082504750768, 0.005559470396119263, 0.006788201298318556, 0.008362218538246102, 0.010387972390798465, 0.01300498508085556, 0.01639518726857267, 0.020794117507012908, 0.02650384956628924, 0.0339071216914066, 0.04348153745967073, 0.055811846202227774, 0.0715971913516396, 0.09164890119495367, 0.11687307878926834, 0.14823126623450078]
7.805775639443762	1.9407882478907983	[0.18732217414446378, 0.2336803476385437, 0.28849814620932795, 0.35192398799434305, 0.42349903651117804, 0.5019795225571911, 0.5852011856396293, 0.670026975235885, 0.752418216232644, 0.827657878142633, 0.8907313577908911, 0.9368376359883714, 0.9619682204571667, 0.9634624040955131, 0.9404351780271321, 0.8939857522348446, 0.8271309218006082, 0.7444614510151591, 0.6515777094319753, 0.5544069708943816, 0.45852609534719774, 0.3686043602234443, 0.28804602980129956, 0.2188624997836574, 0.16175433064395955, 0.11634690421790059, 0.08150666898570895, 0.05566788079207914, 0.03711686012550327, 0.02420411015204592, 0.015476826186516218, 0.009740619069091423, 0.006068026631190164, 0.0037734410246724674, 0.002371602406006431, 0.0015321869558364218, 0.0010381306310350703, 0.0007512921695972874, 0.0005862793589855786, 0.00049168048961384, 0.00043726813092635666, 0.00040564155596986486, 0.00038696738391719626, 0.0003757758934381063, 0.0003690644195276464, 0.0003652024116751506, 0.0003633129640284616, 0.0003629301258384501, 0.00036381209360418135, 0.00036584089774161383, 0.0003689692464508225, 0.00037319285448107525, 0.0003785363925792394, 0.00038504680252893626, 0.00039279061296924726, 0.00040185359732579904, 0.000412341885089406, 0.0004243841865603328, 0.0004381349671259005, 0.000453778638773027, 0.0004715348689267288, 0.0004916652694736844, 0.0005144817516694946, 0.000540357011153571, 0.0005697376752601202, 0.0006031608915512324, 0.0006412752999832577, 0.0006848677136948659, 0.0007348971734475678, 0.0007925386750318683, 0.0008592395336353777, 0.0009367924453625811, 0.0010274305693017546, 0.0011339518943493982, 0.001259882516514665, 0.0014096919227248384, 0.0015890777213666885, 0.0018053434376987725, 0.002067900796363425, 0.002388938674919752, 0.0027843143826195987, 0.0032747408081247042, 0.003887364655430657, 0.00465785815874753, 0.005633177206659298, 0.006875172976454507, 0.008465275514790226, 0.010510491375238346, 0.013150956851098995, 0.01656924703706013, 0.021001523989676554, 0.026750380256964783, 0.034198841134232466, 0.043824387434839907, 0.0562110014475427, 0.07205613082210242, 0.09216816449494619, 0.11744872276279403, 0.1488531068481228]
7.782681628676176	1.9478282165872511	[0.18797333656628012, 0.23433102159318403, 0.28911013189808843, 0.3524492293368122, 0.4238817749446491, 0.5021605175321439, 0.5851240402637209, 0.6696461389487107, 0.7517076735007577, 0.8266190238931276, 0.8893982694584757, 0.9352780642428198, 0.9602792137088171, 0.9617605196943494, 0.938842487222173, 0.892613985189662, 0.8260667476082012, 0.7437558011539399, 0.6512411934799144, 0.5544120318272561, 0.4588150141721724, 0.3691010004914906, 0.28866863523612185, 0.21953502086344912, 0.16241450977260835, 0.11695038875181388, 0.08202740888633528, 0.056095754102636286, 0.03745375349632071, 0.024459605259918193, 0.01566433686171313, 0.00987444012501497, 0.006161414183396515, 0.003837609756215053, 0.002415409551813144, 0.0015622520592402669, 0.0010591777691163278, 0.0007665624504758058, 0.000597922361734639, 0.0005010811629686168, 0.0004452975439220573, 0.00041283737594445817, 0.0003936574366061105, 0.00038215930982062865, 0.0003752631541493959, 0.00037129299953117615, 0.00036934566123672876, 0.0003689402127323555, 0.00036982648344814314, 0.0003718819617725426, 0.00037505705640371274, 0.0003793465109392655, 0.0003847748652420847, 0.0003913894911281657, 0.0003992577813533034, 0.0004084667375462756, 0.00041912407536733585, 0.0004313604551630008, 0.0004453327000598513, 0.0004612280335294044, 0.000479269467513928, 0.0004997225752270544, 0.000522903967422568, 0.0005491919115503804, 0.0005790396618337435, 0.0006129922576088296, 0.0006517077732518026, 0.0006959843267522264, 0.0007467945616586713, 0.0008053298888847689, 0.0008730575163196561, 0.00095179432127513, 0.0010438029750910961, 0.0011519175900724559, 0.00127970863227934, 0.001431700215869596, 0.0016136573785385997, 0.0018329669850256378, 0.002099143881901718, 0.002424504496217806, 0.0028250637399852554, 0.003321728656191486, 0.003941884111194782, 0.0047214924487779105, 0.00570785966485074, 0.006963253812029095, 0.008569592548210759, 0.010634438645154844, 0.013298541221979866, 0.016745116467241018, 0.021210944134537894, 0.026999126066206126, 0.03449296121479909, 0.044169789240900606, 0.0566128026833806, 0.07251772640603656, 0.09268998155472948, 0.11802667812680111, 0.14947685574681355]
7.759587617908591	1.9549199039150675	[0.18862582509547615, 0.23498228201588703, 0.2897218358362305, 0.35297324803765473, 0.4242623536368613, 0.5023385061025509, 0.5850432142970046, 0.6692611788439001, 0.7509928135184738, 0.8255758781240439, 0.8880610581055026, 0.9337145755930537, 0.9585864294424484, 0.9600548594206096, 0.9372458732709908, 0.8912380564348565, 0.824998195910804, 0.7430457188149227, 0.6509004711576254, 0.554413457889179, 0.4591012020401336, 0.3695960574439278, 0.28929090750710235, 0.22020840348660883, 0.16307655162613677, 0.11755645220495853, 0.08255112526647498, 0.05652670264732194, 0.03779358009283924, 0.024717727446496984, 0.01585408147126913, 0.010010079903411788, 0.006256229621522414, 0.003902867213227473, 0.002460029096746116, 0.0015929157464253793, 0.0010806650645043107, 0.0007821597640797867, 0.0006098141250550812, 0.0005106778660420661, 0.00045348823659056544, 0.0004201719824774132, 0.0004004719204609073, 0.0003886581080539104, 0.0003815716407583801, 0.00037748991597531166, 0.0003754827031101503, 0.00037505363153407913, 0.0003759438780120067, 0.00037802622376911706, 0.00038124868097298204, 0.0003856049725539266, 0.0003911194821927459, 0.0003978400069878909, 0.0004058348081951218, 0.00041519213152416937, 0.00042602129949009056, 0.0004384549522997213, 0.0004526523051042654, 0.00046880343661971716, 0.0004871347529502905, 0.0005079158496193891, 0.0005314681063640633, 0.0005581754465070372, 0.0005884978476674349, 0.0006229883569813229, 0.0006623146174502456, 0.0007072862129243532, 0.0007588895772002742, 0.000818332761141029, 0.0008871031284189412, 0.0009670420530270706, 0.0010604420887594366, 0.0011701739146388155, 0.0012998528867917052, 0.0014540583666624366, 0.0016386235447770564, 0.0018610194799809103, 0.0021308651251562144, 0.002460605598470376, 0.002866414695827825, 0.003369395049533923, 0.003997171217687307, 0.004785997249562389, 0.005783530761409554, 0.007052457988159161, 0.008675184983709104, 0.01075983070795006, 0.013447755689636368, 0.016922813894152976, 0.021422396706872265, 0.027250105811016067, 0.034789500081324476, 0.0445177597206473, 0.05701726442934758, 0.07298198951352876, 0.09321435955847575, 0.11860694721796028, 0.15010250960632066]
7.736493607141005	1.962063873799003	[0.18927963047723317, 0.2356341139990593, 0.2903332380855811, 0.35349602013897174, 0.4246407458649227, 0.5025134600896253, 0.5849586792521447, 0.6688720669501479, 0.7502736092506956, 0.8245284147906691, 0.8867196984823373, 0.9321471452912953, 0.9568898431268393, 0.958345398707086, 0.9356453113011267, 0.8898579404441038, 0.8239252401180461, 0.7423311760053622, 0.650555513068323, 0.5544112188652625, 0.4593846292633798, 0.3700895039246338, 0.28991282435217164, 0.22088263249007556, 0.16374044969491977, 0.11816509724941171, 0.08307782937855673, 0.05696074468008344, 0.03813636296990325, 0.024978502175695867, 0.016046085696957972, 0.01014756258307962, 0.006352494490224599, 0.003969231750600185, 0.002505476121345476, 0.0016241900660864702, 0.00110260196009581, 0.000798091440602893, 0.0006219603455967484, 0.0005204750816746775, 0.000461843819370243, 0.00042764837658190133, 0.00040741342075827194, 0.00039527459576258085, 0.0003879920050274702, 0.000383795170084798, 0.00038172602620500777, 0.00038127227625983585, 0.0003821661493513093, 0.00038427554858627824, 0.00038754598879529607, 0.0003919701205960311, 0.00039757214483252223, 0.0004044002785501038, 0.0004125236555544207, 0.00042203178159303764, 0.00043303560686761255, 0.00044566978168424765, 0.00046009594794806894, 0.00047650708406162727, 0.0004951330406434265, 0.0005162474974576452, 0.0005401766737149729, 0.000567310233945988, 0.0005981149770505305, 0.0006331520756825761, 0.0006730988775355625, 0.0007187765955708997, 0.0007711856437824323, 0.0008315509407602498, 0.0009013802723304397, 0.0009825398284830558, 0.0010773524199329345, 0.0011887257406221448, 0.0013203205621067794, 0.0014767721191371798, 0.0016639824849057482, 0.0018895077736757204, 0.0021630720356223083, 0.0024972502278839005, 0.002908376316427472, 0.0034177499608476643, 0.00405323693985971, 0.004851384598358165, 0.00586020367265008, 0.007142799863121011, 0.008782068367199662, 0.010886684248239476, 0.013598617954275553, 0.01710235781346679, 0.021635900659629007, 0.027503338425597372, 0.03508847602690433, 0.04486831575956048, 0.057424401280187026, 0.07344893149690312, 0.09374130567876506, 0.11918953220592884, 0.15073006500648756]
7.71339959637342	1.969260698197173	[0.18993474328791157, 0.23628650231031512, 0.29094431849409386, 0.3540175213275885, 0.42501692469291935, 0.5026853509755765, 0.5848704064543188, 0.6684787749891302, 0.749550033488298, 0.823476607553237, 0.8853741651416153, 0.9305757482745933, 0.9551894299816591, 0.9566321126430464, 0.934040776150274, 0.8884736113480293, 0.8228478533474832, 0.7416121444241961, 0.650206289542712, 0.5544052842642037, 0.45966526588712253, 0.37058131250625187, 0.29053436324216025, 0.22155769246026427, 0.16440619725684819, 0.11877632640772323, 0.08360753240802128, 0.05739789848451843, 0.03848212530506144, 0.025241955119322246, 0.016240375487161285, 0.010286912648547952, 0.006450230647196806, 0.004036722029236387, 0.0025517659827538936, 0.001656087312729125, 0.0011249981035027156, 0.0008143649824558323, 0.0006343668565910385, 0.0005304774058629666, 0.0004703679912264604, 0.0004352696346135597, 0.00041448458311725057, 0.0004020111350762794, 0.00039452641848386515, 0.0003902108151333281, 0.0003880776062523406, 0.0003875980804785708, 0.00038849520601760834, 0.0003906318388426699, 0.0003939508843103476, 0.0003984438737812259, 0.000404134790725572, 0.0004110722722456247, 0.00041932632268301836, 0.000428987729250185, 0.0004401690856729645, 0.00045300708793957853, 0.0004676658351468973, 0.0004843412551220057, 0.0005032666895560268, 0.0005247199698066294, 0.0005490322216178854, 0.0005765989418396122, 0.0006078938453683993, 0.000643486354507778, 0.000684063654710988, 0.0007304587587050762, 0.0007836862476965522, 0.0008449881446213065, 0.0009158929208023937, 0.0009982919123883644, 0.0010945385580771994, 0.0012075780284791263, 0.0013411170316096404, 0.0014998473185995277, 0.0016897405687887265, 0.0019184388345283, 0.0021957722437727385, 0.0025344467666495864, 0.002950957806744272, 0.003466803519551344, 0.0041100923994646, 0.004917666710295782, 0.0059378917474102524, 0.0072342939912812656, 0.008890258425525176, 0.01101501615640898, 0.013751145890798695, 0.01728376691994786, 0.021851475090629638, 0.0277588430116951, 0.03538990742829851, 0.045221474348770406, 0.057834227820173, 0.07391856372503536, 0.09427082696109398, 0.11977443517659572, 0.1513595182851544]
7.690305585605834	1.9765109572410058	[0.19059115358356674, 0.23693943180445548, 0.29155505630083967, 0.3545377273632978, 0.42539086253800756, 0.5028541503055136, 0.5847783665847838, 0.6680812747246034, 0.7488220584134341, 0.822420430083402, 0.8840244320919747, 0.9290003594600954, 0.9534851647652242, 0.9549149762625725, 0.9324322422673728, 0.8870850431678043, 0.8217660083655091, 0.7408885955830191, 0.6498527705608902, 0.5543956233237456, 0.4599430815915137, 0.37107145543840797, 0.29115550129761986, 0.22223356768533842, 0.16507378733386485, 0.11939014203100438, 0.08414024546600174, 0.057838182369062886, 0.03883089041003629, 0.025508112156281456, 0.01643697707400634, 0.010428154887461596, 0.006549460280872163, 0.004105357011143996, 0.0025989143317281128, 0.0016886200203052877, 0.0011478633628420921, 0.0008309880570766269, 0.0006470396419928153, 0.0005406895402143653, 0.0004790645519757279, 0.0004430389008220286, 0.000421688124096896, 0.00040887013565998187, 0.00040117710760185924, 0.00039673894233609966, 0.00039453946599304744, 0.00039403301185405665, 0.00039493299986660555, 0.00039709703022971414, 0.00040046531374889787, 0.0004050281842527122, 0.0004108093989525827, 0.00041785798903129777, 0.000426244850912091, 0.00043606205212343873, 0.0004474238674168522, 0.00046046905387330103, 0.00047536421852886084, 0.0004923082697844393, 0.0005115381065836852, 0.0005333357615325546, 0.0005580373536333504, 0.0005860442857057003, 0.0006178373038815019, 0.0006539941863361803, 0.000695212111685879, 0.0007423360439204374, 0.0007963949438109239, 0.0008586481538241197, 0.0009306451240107751, 0.0010143026416935812, 0.0011120051811362047, 0.0012267358203774561, 0.0013622477709075204, 0.0015232899031842218, 0.001715904285474911, 0.0019478197363869808, 0.0022289735199042225, 0.002572203715888602, 0.002994168536057649, 0.0035165659869713897, 0.004167748910459087, 0.0049848559420638825, 0.006016608556346627, 0.007326955070058586, 0.008999771135201907, 0.011144843451949523, 0.013905357644195879, 0.017467059998762875, 0.02206913937349586, 0.02801663868888118, 0.035693812922651884, 0.045577252386560976, 0.058246758856167466, 0.07439089733189393, 0.09480293062135373, 0.12036165782844428, 0.15199086590030916]
7.667211574838249	1.9838152393781432	[0.1912488519211471, 0.2375928863092751, 0.2921654312680599, 0.3550566128895416, 0.42576253236013223, 0.5030198285034323, 0.5846825308582707, 0.6676795368610162, 0.7480896566819785, 0.8213598550962701, 0.8826704737056059, 0.9274209529311901, 0.9517770224598949, 0.95319396389431, 0.9308196841846923, 0.8856922093417061, 0.8206796778993376, 0.7401605005132934, 0.6494949259611247, 0.5543822048688392, 0.46021804582968573, 0.37155990459719673, 0.2917762153681227, 0.222910242142063, 0.16574321272111317, 0.12000654629817233, 0.08467597958388814, 0.058281614675491214, 0.03918268170860816, 0.025776999392329008, 0.01663591694648744, 0.010571314420382576, 0.00665020588319112, 0.004175155995088697, 0.0026469370855388514, 0.0017218009992853857, 0.001171207799643187, 0.0008479685323848975, 0.0006599848098333862, 0.0005511163242667245, 0.0004879373769143923, 0.0004509594160364269, 0.0004290268078679579, 0.0004158540798021276, 0.00040794633296565045, 0.00040338170262884147, 0.0004011136569320994, 0.0004005790910177556, 0.00040148151024381484, 0.0004036731079292251, 0.00040709125143887975, 0.0004117250520038385, 0.00041759797816145, 0.00042475947726298, 0.00043328131306000954, 0.0004432568757134024, 0.00045480211733858267, 0.0004680579114810592, 0.0004831933862125552, 0.0005004104993886448, 0.000519949737852302, 0.0005420974219543054, 0.0005671947159571782, 0.0005956490396746996, 0.0006279482504606585, 0.0006646786280843575, 0.0007065474624410548, 0.0007544118638187639, 0.0008093153437296097, 0.0008725348293753204, 0.000945640995234835, 0.0010305764445868043, 0.0011297570374707944, 0.0012462042641333978, 0.001383718334197942, 0.0015471059349691206, 0.0017424802112846864, 0.0019776577001553793, 0.002262683729926064, 0.0026105297526790895, 0.0030380179755485856, 0.0035670478358718256, 0.0042262178898289544, 0.005052964904049086, 0.006096367763942326, 0.007420798098614228, 0.009110622539241718, 0.011276183507058276, 0.014061271370093994, 0.0176522562366255, 0.02228891279664605, 0.028276745018589903, 0.03600021091763014, 0.04593566723972499, 0.058662008774005334, 0.07486594393297812, 0.09533762323306916, 0.12095120234846925, 0.1526241034513917]
7.644117564070664	1.9911741415181388	[0.1919078281315208, 0.23824684992664424, 0.2927754223225779, 0.355574152826608, 0.4261319062433468, 0.5031823562703773, 0.5845828696333535, 0.6672735323562442, 0.7473528001554121, 0.8202948555048878, 0.8813122636479848, 0.9258375028898519, 0.9500649774398655, 0.9514690498950846, 0.9292030759190225, 0.8842950832444616, 0.8195888342329539, 0.7394278300948929, 0.6491327251812625, 0.5543649974913081, 0.46049012767215636, 0.372046631567146, 0.29239648194860346, 0.2235876995232002, 0.16641446595335785, 0.1206255412150746, 0.08521474571332413, 0.05872821376294332, 0.03953752275773933, 0.026048643135753304, 0.01683722188412787, 0.010716416671967814, 0.0067524902899443115, 0.004246138585437724, 0.0026958504706632714, 0.0017556433044674617, 0.001195041710709433, 0.0008653144446439002, 0.0006732086312376528, 0.0005617627045098394, 0.0004969904520025287, 0.00045903448883050487, 0.0004365034772913292, 0.0004229654963811068, 0.00041483641638999776, 0.0004101412836943509, 0.00040780228287211085, 0.0004072383715752708, 0.00040814276441166256, 0.00041036208929661307, 0.0004138307176496592, 0.00041853650982114814, 0.0004245025823534368, 0.0004317788194446621, 0.00044043782766226426, 0.00045057436150039155, 0.00046230604755044817, 0.00047577593098380275, 0.0004911556751104829, 0.0005086503561872012, 0.0005285040810153453, 0.0005510075445075741, 0.000576507009963038, 0.0006054160258181916, 0.0006382296428807675, 0.0006755427891819661, 0.0007180729868860388, 0.0007666896889807828, 0.0008224511326069114, 0.0008866520967773988, 0.0009608847309109525, 0.0010471178214658235, 0.0011477989706855818, 0.0012659885887796889, 0.001405534386086023, 0.0015713015675036211, 0.0017694750518663794, 0.002007960049372722, 0.002296910892428089, 0.0026494336679040447, 0.0030825157773484596, 0.0036182596621066065, 0.004285510968645538, 0.005122006333669816, 0.006177183285642869, 0.0075158381960599855, 0.009222828969396172, 0.011409053787489127, 0.014218905546540497, 0.017839374857762165, 0.022510814993782425, 0.02853918150418287, 0.03630912017189436, 0.046296736077488035, 0.0590799922970662, 0.07534371477055993, 0.09587491168087543, 0.12154307036245049, 0.1532592268233959]
7.621023553303078	1.9985882691813712	[0.19256807060077522, 0.23890130778294655, 0.29338500676141444, 0.3560903231771243, 0.4264989545688656, 0.5033417053988193, 0.5844793516049666, 0.666863233193758, 0.746611459163061, 0.8192254051038023, 0.8799497742477906, 0.9242499842193643, 0.9483490029685671, 0.9497402090797284, 0.9275823905981211, 0.8828936384918794, 0.8184934489495106, 0.738690555256275, 0.6487661370947085, 0.5543439696700563, 0.4607592957111428, 0.3725316077036111, 0.29301627712961664, 0.2242659232606668, 0.16708753928474693, 0.1212471286135599, 0.08575655472546101, 0.059177997994429146, 0.03989543726073643, 0.02632306987873982, 0.017040918980105985, 0.010863487350807154, 0.006856336709974106, 0.004318324671530804, 0.0027456710543001615, 0.0017901602139951708, 0.001219375659015904, 0.00088303397736571, 0.0006867175689602085, 0.0005726337137836999, 0.0005062278993131021, 0.0004672674761376962, 0.00044412107618639, 0.0004302069432524571, 0.0004218497602234667, 0.00041701989438662664, 0.0004146075165950704, 0.0004140129265662112, 0.000414918851997784, 0.0004171660121757465, 0.0004206857912015913, 0.0004254646131801354, 0.0004315253220352342, 0.000438918123398758, 0.0004477165690232287, 0.0004580166990847842, 0.0004699379263197204, 0.00048362541364878217, 0.0004992534797500187, 0.0005170302865717203, 0.0005372036939121708, 0.0005600687601037399, 0.0005859770010037693, 0.0006153481073521926, 0.0006486845081023042, 0.0006865898242881846, 0.00072979204102277, 0.0007791730397831098, 0.0008358060807061058, 0.000901003936396584, 0.0009763806242779624, 0.0010639313330951165, 0.0011661359363213716, 0.001286094089412175, 0.0014277017227001191, 0.0015958830257403235, 0.001796895669724128, 0.002038734182868704, 0.002331663215507153, 0.0026889243281632332, 0.0031276718248297326, 0.003670212130760778, 0.0043456400617448805, 0.0051919930186081, 0.006259069385141693, 0.007612090491970681, 0.009336407182032786, 0.01154347169747363, 0.014378279162398606, 0.018028434907403475, 0.022734866201192402, 0.02880396729522152, 0.03662056013856878, 0.04666047547917742, 0.05950072493101136, 0.07582422021164487, 0.09641480371508306, 0.12213726231938898, 0.15389623284838927]
7.597929542535493	2.006058236650837	[0.19322956970658728, 0.23955624238986553, 0.29399416405310563, 0.35660509711896626, 0.42686364997284004, 0.503497844826948, 0.5843719476653279, 0.6664486086493512, 0.7458656060206499, 0.8181514752731378, 0.8785829794882954, 0.9226583697795405, 0.9466290735692072, 0.948007414662648, 0.9259576022071877, 0.8814878474878156, 0.817393494120075, 0.7379486460221394, 0.6483951307499999, 0.5543190891951929, 0.46102551847348294, 0.3730148038212597, 0.29363557679416497, 0.2249448963898612, 0.16776242475227776, 0.12187131012696126, 0.08630141739489067, 0.05963098577967542, 0.040256449004612255, 0.02660030638015802, 0.01724703555233636, 0.011012552555096805, 0.006961768622641158, 0.004391734544528676, 0.0027964156362994923, 0.0018253653485866244, 0.001244220365677353, 0.0009011355764876135, 0.0007005181736030478, 0.0005837345782241152, 0.0005156538806226901, 0.0004756618797421101, 0.0004518825622439506, 0.0004375810925582453, 0.000428988770349931, 0.00042401983917568487, 0.0004215315327278417, 0.00042090491302687973, 0.0004218118668169361, 0.00042408699093019007, 0.0004276585589594918, 0.00043251148924509534, 0.0004386683199562365, 0.0004461795657406335, 0.00045511972777142204, 0.0004655861455733549, 0.00047770004208382884, 0.0004916087284374636, 0.0005074892184638813, 0.0005255528062699411, 0.0005460511616847927, 0.000569283772161061, 0.0005956074851687931, 0.0006254482248756159, 0.0006593159072407289, 0.0006978229723265088, 0.0007417080184058363, 0.0007918655302132068, 0.0008493839991243861, 0.0009155944346941341, 0.0009921330123240169, 0.0010810216629088465, 0.0011847729357167321, 0.001306526205802194, 0.00145022618621136, 0.0016208567085785604, 0.0018247489702093067, 0.002069987712416046, 0.002366948940705892, 0.0027290108648987373, 0.003173496014705808, 0.003722916240452266, 0.004406617059488457, 0.005262938169934176, 0.0063420402358005485, 0.007709570654619142, 0.009451373735183143, 0.011679455323950653, 0.014539410840890271, 0.01821945628722418, 0.022961086045846055, 0.029071122599112157, 0.036934549331112475, 0.04702690330587244, 0.05992422083119918, 0.07630747214377814, 0.09695730527726001, 0.12273378043167042, 0.15453511610348367]
7.574835531767907	2.0135846671272652	[0.19389231491070644, 0.2402116366939657, 0.294602872619379, 0.35711844829232553, 0.42722596399970303, 0.5036507439756759, 0.5842606276462903, 0.6660296284630027, 0.7451152120623361, 0.8170730377794698, 0.8772118524694112, 0.9210626326872341, 0.9449051629856328, 0.9462706399670928, 0.9243286840616598, 0.8800776826156371, 0.8162889412587109, 0.7372020723008973, 0.6480196747348601, 0.5542903236640281, 0.4612887640845543, 0.3734961904791819, 0.29425435646791037, 0.2256246016805499, 0.16843911412847945, 0.12249808721551134, 0.08684934440993117, 0.06008719553811566, 0.04062058190830998, 0.026880379597339202, 0.017455599218532052, 0.011163638690761993, 0.007068809869559477, 0.004466388810061766, 0.002848101347996734, 0.0018612725828660074, 0.0012695868083401928, 0.0009196278635144746, 0.0007146171766076627, 0.0005950706349981057, 0.0005252726822734784, 0.00048422127075588257, 0.00045979098263009504, 0.00044509066316702296, 0.00043625592247270307, 0.0004311434588339988, 0.00042857656532464214, 0.00042791652047621137, 0.0004288239567699679, 0.0004311271718228994, 0.00043475115926055585, 0.0004396792980157363, 0.0004459337493284478, 0.0004535653576082003, 0.0004626495450987897, 0.00047328499474045063, 0.0004855947348648353, 0.000499728283509342, 0.0005158653630686026, 0.0005342204731522327, 0.0005550491257779835, 0.0005786553296774141, 0.0006054013186944479, 0.0006357193686031148, 0.0006701269665959729, 0.0007092455265975806, 0.0007538243842448725, 0.0008047708342607707, 0.0008631887788431592, 0.000930427744759585, 0.0010081463223397407, 0.001098393568711017, 0.0012037150736670093, 0.0013272904609760105, 0.0014731137388196217, 0.0016462291080514115, 0.0018530419994802838, 0.0021017283532788066, 0.002402776476185316, 0.0027697025226991042, 0.0032199984418418977, 0.003776383109586164, 0.004468454087862886, 0.00533485511805914, 0.006426110289242587, 0.007808294457570403, 0.009567745510522812, 0.011817022822165856, 0.014702319572490496, 0.018412458895794355, 0.02318949455753214, 0.029340667503411293, 0.03725110668726982, 0.04739603713190749, 0.06035049458255588, 0.07679348195924073, 0.0975024227333385, 0.1233326261929894, 0.15517587158769236]
7.551741521000322	2.021168192887285	[0.19455629532835866, 0.2408674734943541, 0.2952111104698138, 0.35763035015099914, 0.4275858677576171, 0.5038003720595537, 0.5841453609477709, 0.6656062621553047, 0.7443602482132572, 0.8159900641640573, 0.8758363659221896, 0.9194627458392882, 0.9431772446417683, 0.9445298581022646, 0.9226956091908305, 0.8786631160298756, 0.8151797615909835, 0.736450803727497, 0.6476397373122661, 0.5542576403405245, 0.4615490003018692, 0.37397573786403016, 0.29487259130601207, 0.2263050215623526, 0.16911759890294206, 0.1231274611363941, 0.087400346361591, 0.06054664569971096, 0.04098786001559044, 0.027163316702258026, 0.017666637888240203, 0.01131677249377278, 0.007177484644385562, 0.004542308412533629, 0.0029007456401831454, 0.0018978960695646646, 0.0012954862080059779, 0.0009385196582657436, 0.0007290214765635173, 0.0006066473528247078, 0.0005350887016273294, 0.0004929493076664887, 0.00046784946119665573, 0.00045273843633996676, 0.00044365375050963373, 0.0004383931439700653, 0.00043574489764196223, 0.00043504998261579907, 0.0004359573149972103, 0.00043828874318772577, 0.0004419657743185414, 0.00044697024126435613, 0.000453323827291168, 0.0004610777526407838, 0.00047030830707577313, 0.0004811155843035795, 0.0004936243912275307, 0.0005079865330297871, 0.000524384434268777, 0.0005430358937935878, 0.0005642002796010622, 0.0005881862337647582, 0.0006153614136939759, 0.0006461645851011747, 0.0006811208732456899, 0.0007208608419764627, 0.0007661446706192063, 0.0008178926938930553, 0.0008772243852545229, 0.0009455080954772909, 0.0010244250653327484, 0.0011160518935928758, 0.0012229675501262726, 0.0013483924746765315, 0.0014963704518572384, 0.0016720068264713492, 0.0018817819296900254, 0.002133963946699466, 0.002439154376023255, 0.002811008689542731, 0.0032671893697232366, 0.0038306240178498205, 0.004531163465795312, 0.0054077573704669505, 0.006511294213319554, 0.007908277860592318, 0.009685539623449564, 0.011956192529105446, 0.014867024585993233, 0.01860746278654827, 0.023420111987561883, 0.029612622192810623, 0.03757025132119629, 0.047767894536693216, 0.06077956087256471, 0.07728226093611112, 0.09805016245968434, 0.12393380085653034, 0.1558184942203843]
7.528647510232736	2.028809455445004	[0.19522149888677529, 0.24152373629837207, 0.2958188542693687, 0.3581407769006155, 0.42794333095339454, 0.5039466990642261, 0.5840261156048713, 0.6651784799809795, 0.743600684136322, 0.8149025265933066, 0.874456491454373, 0.9178586825899587, 0.9414452909929275, 0.9427850424446922, 0.921058349814893, 0.8772441199791734, 0.8140659256864012, 0.7356948098924034, 0.647255286214037, 0.5542210063314936, 0.46180619443199655, 0.37445341591728654, 0.295490256073733, 0.22698613819537544, 0.16979787028263524, 0.1237594329638221, 0.08795443374891544, 0.06100935469390517, 0.04135830750758802, 0.027449145058166608, 0.01788017978570005, 0.011471981004464626, 0.007287817524315231, 0.004619514609746854, 0.002954366318858943, 0.0019352502142548672, 0.0013219300649927569, 0.0009578199535707411, 0.0007437381729028792, 0.0006184703071648981, 0.000545106477418913, 0.0005018497128513168, 0.000476061225253784, 0.00046052723425871054, 0.00045118486995021043, 0.00044577131592671174, 0.00044303888242156955, 0.000442307560636571, 0.0004432141975029137, 0.00044557392095919866, 0.0004493046456306285, 0.00045438654998132186, 0.0004608408285383192, 0.0004687190359850492, 0.000478098356917178, 0.0004890802861301317, 0.0005017914555751155, 0.0005163859682320871, 0.0005330490123498302, 0.0005520017150607807, 0.0005735073789724008, 0.0005978793294354423, 0.0006254907487146204, 0.0006567869689312545, 0.0006923008861089084, 0.0007326723260236959, 0.0007786724885119039, 0.0008312349091555098, 0.0008914948717507369, 0.0009608397799887887, 0.0010409738519502909, 0.0011340015518855745, 0.0012425356795444766, 0.0013698379455678205, 0.0015200025300716217, 0.0016981965530841882, 0.0019109760904218102, 0.002166702428360931, 0.002476091382000238, 0.0028529388532018704, 0.003315079287203897, 0.0038856503449576987, 0.004594757783435608, 0.005481658524839206, 0.0065976070010722665, 0.008009536886173256, 0.00980477357500177, 0.012096982788856183, 0.015033545559034455, 0.018804487923771315, 0.023652959096379794, 0.029887006614660244, 0.03789200290766986, 0.048142492658069046, 0.061211434989253445, 0.07777381966143954, 0.09860053146523276, 0.12453730472033561, 0.1564629795870227]
7.505553499465151	2.036509105716965	[0.19588791396295413, 0.24218040760157522, 0.29642608114747576, 0.3586497016383355, 0.4282983237685051, 0.5040896938469475, 0.5839028601099246, 0.6647462511129533, 0.7428364898952066, 0.8138103962523633, 0.8730722009868767, 0.916250415450071, 0.9397092747019883, 0.941036165673612, 0.9194168782433058, 0.8758206661358814, 0.8129474040757548, 0.7349340598862886, 0.6468662890049659, 0.5541803882793973, 0.4620603135055667, 0.3749291941405141, 0.29610732520904015, 0.22766793336837643, 0.17047991920031344, 0.12439400355855768, 0.0885116169624891, 0.06147534096587252, 0.04173194867195614, 0.02773789226224872, 0.018096253409043635, 0.01162929162371893, 0.007399833422892489, 0.004698029035027828, 0.003008981494775081, 0.0019733497384499137, 0.0013489301077015052, 0.0009775379758857976, 0.0007587745159178636, 0.0006305452361931776, 0.0005553306426772479, 0.0005109263228540293, 0.00048442956257343774, 0.0004684599643662701, 0.00045885193954438254, 0.00045328046546014956, 0.00045046090832922506, 0.00044969157680631376, 0.00045059689400828244, 0.00045298497789032506, 0.00045677004867203245, 0.00046193050999985137, 0.0004684870631780967, 0.00047649154709728593, 0.00048602207531249654, 0.0004971815269498056, 0.0005100984122801268, 0.000524929136727788, 0.0005418617204725147, 0.0005611206426764602, 0.0005829732259582397, 0.0006077375240731284, 0.0006357923524860157, 0.0006675896817222135, 0.000703670318903063, 0.0007446834594574393, 0.0007914115091367243, 0.0008448013610316728, 0.0009060043583425697, 0.0009764271822360752, 0.0010577973669288034, 0.0011522475611885638, 0.0012624248590678176, 0.0013916326912855135, 0.0015440162705872681, 0.0017248051158151884, 0.0019406319140274392, 0.002199951897177572, 0.0025135963488727244, 0.0028955026948594034, 0.003363678804312845, 0.003941473700299764, 0.004659249754982004, 0.00555657245056716, 0.006685063761652958, 0.00811208787460917, 0.009925464955386955, 0.012239412309801431, 0.015201902201731043, 0.01900355467724817, 0.023888056578996383, 0.030163841151317025, 0.038216380909031386, 0.048519849082631496, 0.061646131814545826, 0.07826816917122151, 0.09915353613120029, 0.12514313852778722, 0.15710932243037157]
7.4824594886975655	2.0442678041905182	[0.19655552941368643, 0.2428374688285855, 0.29703276873032086, 0.35915709630577664, 0.42865081689920326, 0.504229324110439, 0.5837755634608907, 0.6643095436343972, 0.7420676359987864, 0.8127136433372139, 0.8716834667727451, 0.9146379160577836, 0.9379691686205635, 0.9392831997176722, 0.9177711668322028, 0.8743927255422281, 0.8118241672174684, 0.7341685222751047, 0.6464727130808073, 0.5541357523738845, 0.4623113243014049, 0.3754030416251612, 0.29672377285028523, 0.2283503885238393, 0.17116373632904225, 0.12503117357921945, 0.08907190628503843, 0.06194462297895232, 0.04210880789777817, 0.02802958614743058, 0.018314887526532386, 0.011788732118293605, 0.007513557589562737, 0.004777873705674368, 0.0030646095850063227, 0.0020122096890045995, 0.001376498294385223, 0.000997683193913829, 0.0007741379077314394, 0.0006428780479404273, 0.0005657659247654707, 0.0005201830940878623, 0.0004929578207852132, 0.0004765396239513653, 0.0004666576604014456, 0.00046092315653735477, 0.0004580133990083919, 0.0004572044177318013, 0.0004581077270980798, 0.0004605242464507901, 0.0004643642921917528, 0.00046960446464670884, 0.00047626487618755264, 0.0004843976822311241, 0.0004940818800267018, 0.0005054217907468627, 0.0005185477854098913, 0.000533618644862682, 0.0005508252244985595, 0.0005703954435951719, 0.0005926006687730441, 0.0006177637898863873, 0.0006462693038680016, 0.0006785759547642286, 0.000715232540108013, 0.0007568977989602546, 0.0008043654638791361, 0.0008585960145507869, 0.0009207570315245138, 0.0009922747804892355, 0.001074900368798582, 0.001170795046442496, 0.001282640567989738, 0.0014137826532514925, 0.0015684180619309558, 0.0017518394870719525, 0.001970756933985907, 0.002233720622409651, 0.0025516782417158114, 0.0029387100979509783, 0.003412998648084767, 0.003998105934029603, 0.004724652212317867, 0.005632513302695552, 0.006773679710866252, 0.008215947501452495, 0.010047631430291061, 0.012383500186139929, 0.015372114237407756, 0.01920468384810594, 0.02412542503863822, 0.03044314664993632, 0.038543404540285424, 0.04889998187818045, 0.06208366577975602, 0.07876532098336904, 0.09970918215720322, 0.12575130349908661, 0.15775751659028578]
7.45936547792998	2.0520862210958013	[0.1972243324983845, 0.24349490253478948, 0.29763889285193124, 0.3596629340343034, 0.4290007791728543, 0.5043655587491016, 0.5836441928283483, 0.663868326740433, 0.7412940912706981, 0.8116122389965915, 0.8702902595963474, 0.9130211567916774, 0.936224944386062, 0.9375261170113167, 0.916121186971289, 0.8729602695128325, 0.8106961848070111, 0.7333981656815085, 0.6460745252157172, 0.554087064676188, 0.46255919306487575, 0.37587492720152016, 0.29733957268120326, 0.22903348480490676, 0.17184931202099027, 0.12567094347546925, 0.08963531189477507, 0.06241721917885877, 0.042488909719122954, 0.028324254729487776, 0.01853611124315171, 0.011950330557707544, 0.007629015688156221, 0.0048590709544378075, 0.0031212693957432406, 0.002051845367780407, 0.0014046468948279683, 0.0010182652492917884, 0.000789835979216206, 0.0006554747543379175, 0.0005764172154693399, 0.000529624041995973, 0.000501649469803909, 0.0004847692454645088, 0.00047460483077832325, 0.00046870197811448434, 0.0004656988607823803, 0.0004648484923131871, 0.00046574909368986983, 0.0004681940822838458, 0.0004720897544415214, 0.00047741078283106234, 0.0004841766794261463, 0.0004924398662264258, 0.0005022802546928357, 0.0005138035933321015, 0.0005271421652367034, 0.0005424571341975919, 0.0005599422581059993, 0.0005798289235532495, 0.0006023926263652879, 0.0006279611416881224, 0.0006569247567992742, 0.0006897490661214007, 0.0007269909992676357, 0.0007693189525900888, 0.0008175381731366509, 0.0008726228912089559, 0.0009357571771729048, 0.0010083871150637462, 0.0010922877288985617, 0.0011896492005953976, 0.0013031884157352954, 0.0014362938469089743, 0.001593214445099959, 0.0017793067186580476, 0.002001358865001039, 0.0022680169561154298, 0.002590346243678541, 0.0029825710277595076, 0.003463049810412914, 0.004055558968840768, 0.004790978310619809, 0.005709495284810922, 0.006863470458960271, 0.008321132442803407, 0.010171291143393974, 0.012529265428274547, 0.015544201960944727, 0.0194078960189537, 0.024365085749115566, 0.030724943542278428, 0.038873093786053976, 0.04928290843553056, 0.06252405218108836, 0.0792652856274345, 0.10026747619937616, 0.12636179954174578, 0.15840755695316652]
7.436271467162395	2.0599650365811764	[0.1978943110229997, 0.24415269012277205, 0.2982444299156643, 0.3601671867077039, 0.4293481800037265, 0.5044983654039888, 0.5835087159547356, 0.6634225684383191, 0.7405158250391043, 0.8105061533040097, 0.8688925506295235, 0.9114001090934994, 0.9344765738773393, 0.9357648891971635, 0.9144669101418721, 0.8715232687046719, 0.8095634264957222, 0.7326229581778594, 0.6456716920220094, 0.5540342907659971, 0.46280388578024345, 0.3763448192610135, 0.29795469806952707, 0.22971720298507015, 0.17253663635318386, 0.12631331347991023, 0.09020184385182753, 0.06289314802377073, 0.04287227876817639, 0.028621926262994046, 0.018759953937521952, 0.012114115387415993, 0.007746233726814375, 0.004941643511991968, 0.0031789800497567865, 0.0020922724164221724, 0.0014333884180384793, 0.0010392940384814637, 0.0008058765201696068, 0.0006683415470396922, 0.0005872895056318113, 0.0005392533092806751, 0.0005105080423477245, 0.0004931519567731517, 0.00048269629316812624, 0.00047661959675262335, 0.0004735198363056014, 0.0004726262774728922, 0.0004735234247309915, 0.00047599690401787706, 0.0004799488481044293, 0.0004853518939894619, 0.0004922249208558681, 0.000500620583633463, 0.0005106197213663884, 0.0005223295106427981, 0.0005358841832043099, 0.0005514473079218445, 0.0005692155992893706, 0.0005894239524928364, 0.000612352065594094, 0.0006383326622268029, 0.0006677619172671447, 0.0007011123668277966, 0.000738949202772758, 0.0007819506079453168, 0.000830933519738605, 0.0008868861004731969, 0.0009510091500887039, 0.0010247688249724034, 0.0011099643949828003, 0.0012088153288816045, 0.0013240740966424126, 0.00145917241715689, 0.001618412055340895, 0.0018072140134453715, 0.002032445525694257, 0.0023028494284413905, 0.0026296096507062716, 0.003027095661016407, 0.003513843401918411, 0.004113844979203933, 0.004858241322994894, 0.005787532899428849, 0.006954451720499743, 0.008427659726103206, 0.010296462307364418, 0.01267672745201388, 0.015718185667742177, 0.019613212227772566, 0.02460705987121657, 0.031009252754659867, 0.039205468351563515, 0.04966864666388377, 0.06296730581961277, 0.07976807416136762, 0.10082842417467065, 0.1269746270971041, 0.15905943743228868]
7.413177456394809	2.0679049408926953	[0.19856545276609858, 0.2448108124393727, 0.2988493562621662, 0.36066982559974636, 0.42969298873721506, 0.5046277111028978, 0.583369100516108, 0.6629722361495742, 0.7397328065562987, 0.8093953557871585, 0.8674903109399854, 0.9097747439022454, 0.9327240288273901, 0.93399948745679, 0.9128083076327685, 0.8700816933498902, 0.808425861696181, 0.7318428674358398, 0.6452641798253025, 0.5539773958273321, 0.46304536809617663, 0.3768126857975177, 0.2985691220269492, 0.2304015234810712, 0.17322569911035737, 0.12695828360462685, 0.0907715120966336, 0.06337242797295008, 0.0432589397849892, 0.02892262922740792, 0.018986445280093682, 0.012280115414950428, 0.00786523808161254, 0.005025614493576038, 0.003237761012238271, 0.002133506803043591, 0.001462735637615796, 0.0010607796991860623, 0.0008222675025558231, 0.0006814847837688407, 0.0005983879056251792, 0.0005490751526953684, 0.0005195371516370325, 0.0005016909689109833, 0.0004909349495131062, 0.0004846787456430523, 0.0004814789176622266, 0.0004805403085531198, 0.00048143319655265764, 0.0004839351849654632, 0.0004879440302473372, 0.0004934302809201494, 0.0005004120934039131, 0.0005089423724757264, 0.0005191028485809746, 0.0005310021732192552, 0.0005447765194345638, 0.0005605919258346975, 0.0005786480775579347, 0.0005991834598463816, 0.0006224820083528888, 0.0006488814975718546, 0.0006787840505984785, 0.0007126692761570408, 0.000751110721588776, 0.0007947965270662157, 0.0008445554574340822, 0.0009013898339966296, 0.0009665173836603661, 0.0010414246410263225, 0.0011279354026162475, 0.0012282988402048123, 0.001345303403870045, 0.0014824246271408401, 0.0016440176396813667, 0.0018355687102855523, 0.0020640248613643633, 0.0023382267267483383, 0.0026694779018529686, 0.003072294356432721, 0.0035653906931621786, 0.004172976349214315, 0.004926454697341945, 0.005866640887341557, 0.007046639393450402, 0.008535546642986237, 0.010423163313934242, 0.012825905954455475, 0.015894085805874092, 0.01982065379400415, 0.024851368659956494, 0.031296095469972, 0.0395405479386566, 0.05005721467507405, 0.06341344135791759, 0.08027369776806562, 0.10139203170468263, 0.12758978664701717, 0.15971315149594414]
7.390083445627224	2.0759066345570507	[0.19923774452864337, 0.24546925078463702, 0.2994536471219171, 0.3611708224489114, 0.4300351735553895, 0.504753563333928, 0.5832253130439259, 0.6625172977152017, 0.7389450040066455, 0.8082798163153283, 0.8660835106495833, 0.908145032398338, 0.9309672801706798, 0.9322298831015229, 0.911145350074222, 0.868635513688445, 0.8072834592648268, 0.7310578610052532, 0.6448519544495022, 0.5539163447972314, 0.4632836051820049, 0.37727849446705525, 0.29918281712253714, 0.23108642636459295, 0.17391648974619897, 0.12760585363135785, 0.09134432644701353, 0.0638550774671591, 0.04364891763779538, 0.029226392302050992, 0.01921561526711407, 0.012448359781609734, 0.007986055537788696, 0.005111007368843426, 0.00329763213476261, 0.0021755647911899053, 0.001492701635086721, 0.0010827325792455915, 0.0008390171210083294, 0.0006949109580688729, 0.0006097176819049237, 0.000559093914584147, 0.0005287405236945853, 0.0005103895501157381, 0.0004993237894205315, 0.000492882201497471, 0.000489578770901769, 0.0004885931590709932, 0.0004894809522301512, 0.0004920114355107517, 0.0004960778210421124, 0.0005016484644325088, 0.0005087407515754219, 0.0005174078107360325, 0.0005277322663574197, 0.0005398242540958357, 0.000553821916605715, 0.0005698937932240275, 0.000588242587129102, 0.0006091104240005443, 0.0006327855445120304, 0.0006596108467610258, 0.0006899944945977373, 0.0007244232710263342, 0.0007634792050812229, 0.0008078605351059025, 0.000858408025989276, 0.0009161383529499155, 0.0009822864069742561, 0.0010583593710260034, 0.001146205895290199, 0.0012481052290876135, 0.0013668822538879192, 0.0015060568353890244, 0.0016700380877399377, 0.0018643782540582819, 0.0020961049839072123, 0.0023741576552593806, 0.0027099606323217735, 0.0031181775991338664, 0.003617703186540375, 0.004232965594901996, 0.004995632155174667, 0.00594683411809155, 0.0071400496960138966, 0.008644810594712688, 0.010551412923412787, 0.012976820697260302, 0.016071923236716575, 0.02003024201892415, 0.025098033817875738, 0.03158549272235605, 0.0398783527144296, 0.05044863025104358, 0.06386247392402734, 0.08078216708058586, 0.10195830486623657, 0.12820727789412226, 0.16036869306039114]
7.366989434859638	2.083970828568592	[0.19991117243170317, 0.2461279865575721, 0.3000572769503628, 0.361670149086858, 0.43037470184129534, 0.5048758896877316, 0.5830773193013415, 0.662057721074009, 0.7381523848615152, 0.8071595048144186, 0.8646721192229523, 0.9065109457410615, 0.9292062982340478, 0.9304560473294601, 0.9094780075405369, 0.8671846997693432, 0.8061361875623395, 0.7302679061919128, 0.6444349812780275, 0.5538511023250521, 0.46351856179764944, 0.37774221259752866, 0.2997957555416778, 0.23177189138316331, 0.174608997414531, 0.1282560231235537, 0.09192029660361686, 0.06434111493312267, 0.04404223731586167, 0.029533244371327105, 0.019447494211936887, 0.012618877972939068, 0.008108713283549118, 0.005197845976820099, 0.0033586136509741633, 0.0022184629563842206, 0.001523299795835395, 0.0011051632523906053, 0.0008561337881302014, 0.0007086267131457853, 0.00062128425168865, 0.0005693140346302237, 0.0005381219918204842, 0.0005192510357303498, 0.0005078658848641, 0.0005012327929504156, 0.000497822131243362, 0.0004967874479411929, 0.0004976692974020345, 0.0005002282094150309, 0.000504352800196293, 0.0005100090089510117, 0.0005172135084286361, 0.0005260195214406336, 0.0005365106636293637, 0.0005487984735237948, 0.0005630231777274046, 0.0005793557653710049, 0.0005980020849529023, 0.00061920787671752, 0.0006432658300944065, 0.0006705239662727423, 0.0007013966577724361, 0.0007363778906632533, 0.0007760583791784381, 0.0008211465253563378, 0.0008724953491504138, 0.0009311359936092362, 0.0009983208423972193, 0.0010755779061759664, 0.001164781121370104, 0.0012682400832682247, 0.0013888166824228643, 0.0015300755050919105, 0.0016964804261200756, 0.0018936502073460548, 0.002128694163830496, 0.0024106511501529974, 0.0027510676618589594, 0.003164756020642656, 0.0036707925992094034, 0.00429382539120575, 0.0050657876663779584, 0.006028127626883037, 0.007234699129380309, 0.008755469143031767, 0.010681230210194867, 0.013129491576694323, 0.01625171915640852, 0.02024199828122049, 0.02534707738420267, 0.03187746552530067, 0.040218903158997, 0.05084291101097491, 0.06431441890918292, 0.08129349239281318, 0.10252724993359903, 0.12882710001719663, 0.16102605617771054]
7.343895424092053	2.0920982445803484	[0.20058572498703664, 0.24678699804178583, 0.3006602227894351, 0.36216777400051164, 0.4307115436435927, 0.5049946543829793, 0.5829250876344889, 0.6615934709655725, 0.7373549189251228, 0.8060343883563069, 0.8632561080807916, 0.9048724527001171, 0.9274410548576995, 0.9286779494525771, 0.9078062511615331, 0.8657292202123326, 0.8049840155682428, 0.7294729692269281, 0.6440132259279787, 0.5537816322294863, 0.4637502026329713, 0.3782038068578295, 0.300407909214626, 0.23245789779579984, 0.17530321098533588, 0.12890879138755842, 0.09249943210810588, 0.06483055882831831, 0.044438923853502295, 0.0298432146184233, 0.019682112646382147, 0.01279169993831673, 0.008233238797508471, 0.005286154657233468, 0.0034207260576248006, 0.002262218319782309, 0.0015545436897655297, 0.001128082647509244, 0.0008736260194082384, 0.0007226389622609869, 0.0006330930755174554, 0.0005797401588976186, 0.0005476853989626127, 0.0005282789250350496, 0.0005165643033028461, 0.0005097334854756339, 0.0005062117268301286, 0.0005051259135065519, 0.0005060008337893369, 0.00050858816840222, 0.0005127715489219525, 0.0005185145792714944, 0.0005258329844864782, 0.0005347802232234149, 0.0005454407425626927, 0.0005579276449192814, 0.0005723831243855717, 0.0005889807903730464, 0.0006079295514672538, 0.0006294789442619911, 0.0006539260491595734, 0.0006816242108833352, 0.0007129939809266255, 0.0007485367787094247, 0.0007888520061089941, 0.0008346585043344536, 0.0008868215906624898, 0.0009463872175610021, 0.0010146253555038862, 0.0010930852791980437, 0.0011836663747456302, 0.0012887091535334658, 0.001411112771390308, 0.0015544872910077433, 0.001723351725296631, 0.0019233923620628022, 0.002161800707974473, 0.0024477164269210133, 0.002792808830137755, 0.00321204059776162, 0.0037246706372490303, 0.004355568844790625, 0.005136935135518006, 0.006110536992474193, 0.00733060403962391, 0.008867540535054667, 0.010812633952001622, 0.013283939349371353, 0.01643349425226673, 0.020455945028643535, 0.02559852058916647, 0.032172036200870766, 0.040562218546955645, 0.05124007614660021, 0.06476929001765519, 0.08180768585031395, 0.10309887096776865, 0.12944925432729862, 0.1616852321837851]
7.320801413324467	2.1002896150990322	[0.20126138661818532, 0.24744626719617158, 0.3012624571651064, 0.3626636695839683, 0.43104566433503305, 0.5051098255725759, 0.5827685818434338, 0.6611245158405693, 0.7365525718400455, 0.8049044372591939, 0.861835445046136, 0.9032295246542273, 0.9256715189374466, 0.9268955606902392, 0.9061300497820545, 0.8642690448864582, 0.8038269105759863, 0.7286730170424532, 0.6435866528165218, 0.5537078986031739, 0.46397849152638443, 0.3786632438783348, 0.3010192494652391, 0.23314442464781515, 0.17599911895090384, 0.12956415751097589, 0.09308174240107399, 0.0653234275312956, 0.04483900248365281, 0.03015633233219695, 0.01991950153714152, 0.012966855855182325, 0.008359660102864703, 0.005375957995759573, 0.0034839903851725746, 0.002306848089110852, 0.0015864473412688254, 0.0011515017958661825, 0.0008915026904191185, 0.0007369546503014184, 0.0006451498941889338, 0.000590376921293909, 0.0005574348106680222, 0.000537476685477672, 0.0005254222958212307, 0.0005183872088462908, 0.0005147504432464315, 0.0005136112628574759, 0.0005144783025512782, 0.0005170939508062061, 0.0005213367752639913, 0.0005271678254275957, 0.0005346019184095899, 0.0005436926281366307, 0.0005545253179147437, 0.0005672145824104019, 0.0005819046879758766, 0.0005987718233693015, 0.000618028076734384, 0.0006399267653673057, 0.0006647694977964196, 0.00069291495244077, 0.000724790022044799, 0.0007609035996836191, 0.000801863973523819, 0.0008484005023611459, 0.0009013910516088603, 0.0009618965119904411, 0.0010312047656937068, 0.0011108865485560714, 0.0012028671255038801, 0.0013095182139678777, 0.0014337768090443407, 0.0015792988645771868, 0.0017506593026304685, 0.0019536125134256383, 0.0021954332246420147, 0.0024853626800840937, 0.0028351943517407525, 0.0032600422447497815, 0.0037793494801882754, 0.004418208931315406, 0.005209089071804205, 0.006194077553534466, 0.007427781549755469, 0.008981042609683068, 0.01094564392514041, 0.013440184114116904, 0.01661727048749233, 0.020672103696937068, 0.025852386273893302, 0.03246922558350957, 0.040908320152173015, 0.051640142766131165, 0.06522710338228853, 0.08232475683094247, 0.10367317490649527, 0.13007373866567706, 0.1623462157238111]
7.297707402556882	2.108545683684364	[0.20193814423117146, 0.2481057727454419, 0.30186395528970306, 0.3631578047632646, 0.4313770320576844, 0.5052213679172707, 0.5826077684126979, 0.6606508208396773, 0.7357453116732259, 0.8037696188887907, 0.8604100999716875, 0.9015821305064171, 0.9238976609334694, 0.9251088503022834, 0.9044493733326717, 0.8628041421734444, 0.8026648405145109, 0.727868015455787, 0.6431552266045297, 0.5536298646842454, 0.4642033922516736, 0.3791204896167716, 0.3016297473617029, 0.23383145048637016, 0.17669670951297609, 0.1302221203166553, 0.09366723675480926, 0.06581973944805669, 0.045242498477733484, 0.030472627104489593, 0.020159692069011678, 0.013144376376988565, 0.008488005518728064, 0.005467281096210814, 0.0035484279355690613, 0.002352369936454702, 0.0016190249673253012, 0.0011754321008493815, 0.0009097727855581449, 0.0007515810061067394, 0.0006574604953343034, 0.0006012291729880354, 0.000567374303792376, 0.000546847956966539, 0.0005344431095725067, 0.0005271970365642691, 0.0005234411591231702, 0.0005222463283330892, 0.0005231044409733868, 0.000525748308058299, 0.0005300511889325898, 0.0005359715025236181, 0.0005435230566816618, 0.00055275954827376, 0.0005637672182521338, 0.0005766621975838843, 0.0005915908192605173, 0.0006087319165727418, 0.0006283007752928269, 0.0006505545775852, 0.0006757995012996334, 0.0007043996655589141, 0.0007367883727395742, 0.0007734821272386631, 0.0008150982068473327, 0.0008623766680672335, 0.0009162080746586316, 0.000977668494976705, 0.0010480639372319929, 0.0011289869204783164, 0.001222388890915292, 0.0013306732088213611, 0.0014568151313732168, 0.0016045170970599974, 0.0017784105205944877, 0.001984318695708656, 0.002229600359093051, 0.0025235993951119302, 0.0028782344606898672, 0.003308772235245716, 0.003834841294111111, 0.0044817590754214764, 0.005282263913727325, 0.006278765213544754, 0.007526248617591035, 0.009095993917439866, 0.011080279592262174, 0.013598246862512835, 0.016803069289798935, 0.020890496830736353, 0.026108696431047414, 0.03276905586483265, 0.04125722798777525, 0.05204312960900257, 0.06568787337590015, 0.08284471663401774, 0.10425016638302731, 0.1307005530870884, 0.1630089986194335]
7.274613391789297	2.1168672051525568	[0.20261598324107769, 0.24876549433818132, 0.30246469071019855, 0.36365014943383606, 0.43170561322865936, 0.5053292470535214, 0.5824426121500107, 0.6601723520165098, 0.7349331049445383, 0.8026299013835864, 0.8589800413442871, 0.8999302397344554, 0.922119450145065, 0.9233177879027723, 0.9027641907874592, 0.8613344806004632, 0.8014977725386688, 0.7270579302507102, 0.6427189113189615, 0.553547493527681, 0.46442486803895505, 0.37957550973395326, 0.3022393735008458, 0.23451895352515423, 0.1773959705250916, 0.13088267838297987, 0.09425592430913696, 0.06631951294219642, 0.04564943724102199, 0.030792128710161605, 0.02040271578011122, 0.013324292488393934, 0.008618303819759783, 0.005560149425123663, 0.003614060452633657, 0.0023988018406004953, 0.001652291147422003, 0.0011998851839992266, 0.0009284455595757042, 0.0007665253968738112, 0.0006700308618191534, 0.0006123018485986012, 0.0005775080995680807, 0.000556396431740215, 0.0005436301051613899, 0.0005361660798382602, 0.0005322868487104111, 0.0005310339748699693, 0.0005318820718483983, 0.0005345540239124869, 0.0005389175794882683, 0.0005449283999559087, 0.0005525992227167801, 0.0005619838329861513, 0.0005731693480658478, 0.0005862734427277094, 0.0006014445454751943, 0.0006188641666574343, 0.0006387508401393509, 0.0006613656670083914, 0.0006870194668624692, 0.0007160818778680043, 0.0007489927115422478, 0.0007862761930177496, 0.0008285587252467774, 0.0008765912136523082, 0.0009312771051883515, 0.0009937078544365748, 0.0010652078486668819, 0.0011473916780231177, 0.0012422373173524672, 0.001352180166815604, 0.0014802342223544606, 0.0016301489521942855, 0.0018066129136467153, 0.0020155190433769027, 0.0022643109589252468, 0.0025624361637734644, 0.002921939631438992, 0.0033582419513115227, 0.003891158532698476, 0.004546232804279467, 0.005356474444507505, 0.006364615958208561, 0.007626022612644815, 0.009212413046991138, 0.01121656090263705, 0.01375814854410979, 0.01699091265224353, 0.0211111468026077, 0.02636747369511121, 0.03307154887335323, 0.04160896277692713, 0.052449054798012734, 0.06615161513878107, 0.0833675756423009, 0.10482985084842848, 0.13132969642094308, 0.16367357356126022]
7.251519381021711	2.125254945784352	[0.2032948892734922, 0.2494254107504036, 0.3030646371689586, 0.36414067254382837, 0.43203137446013445, 0.505433427664687, 0.5822730780493118, 0.659689074516181, 0.7341159183244071, 0.8014852520496455, 0.8575452377376395, 0.8982738210767497, 0.9203368558767326, 0.9215223424617097, 0.9010744710364115, 0.8598600281327756, 0.8003256736288902, 0.7262427267055873, 0.6422776707228909, 0.5534607477084379, 0.4646428817719569, 0.38002826942271156, 0.30284809809045643, 0.2352069115630788, 0.17809688950602565, 0.1315458300254969, 0.09484781404629831, 0.06682276635913291, 0.04605984426659416, 0.03111486715902961, 0.020648604504809976, 0.013506635574102227, 0.008750584173698832, 0.00565458888919653, 0.0036809100574128647, 0.0024461621665131635, 0.0016862607589358458, 0.0012248729617331054, 0.0009475304748853839, 0.0007817953991631519, 0.0006828671127039861, 0.0006236000300687855, 0.0005878405095397532, 0.0005661259107919801, 0.0005529867082716628, 0.0005452975369112639, 0.0005412905392976535, 0.0005399771429593776, 0.0005408140663094775, 0.0005435139519409569, 0.000547938783911464, 0.0005540413744169936, 0.0005618332883500998, 0.0005713683983556442, 0.0005827346623347944, 0.0005960513376856133, 0.0006114689471383048, 0.0006291717398547011, 0.0006493815209907322, 0.0006723633924307337, 0.0006984328625157169, 0.000727965194059041, 0.000761406782722018, 0.000799289711454572, 0.0008422496194527104, 0.0008910484414375196, 0.0009466026670570018, 0.0010100193776544737, 0.0010826415652243568, 0.0011661062151825739, 0.0012624181475108427, 0.0013740452419907098, 0.0015040406735037741, 0.0016562015368261954, 0.0018352741365446027, 0.002047221855824867, 0.0022995740060185546, 0.0026018827691843033, 0.0029663204870348197, 0.003408462997655246, 0.00394831381098239, 0.004611643903523408, 0.005431735616476103, 0.00645164607046021, 0.007727121070625826, 0.009330318922518215, 0.011354507949755793, 0.013919910476012055, 0.01718082266032094, 0.021334076370725607, 0.026628740700360375, 0.033376726819561074, 0.041963545102309624, 0.05285793680898725, 0.06661834348692922, 0.08389334454245627, 0.10541223322245456, 0.13196116774661965, 0.16433993251335832]
7.228425370254126	2.1337096835373948	[0.20397484625312465, 0.25008550188133183, 0.30366376651583, 0.3646293442207415, 0.4323542804052863, 0.5055338756192406, 0.5820991291987794, 0.6592009545939362, 0.7332937167245482, 0.8003356391410974, 0.8561056561757233, 0.8966128439932971, 0.9185498461221419, 0.9197224834182458, 0.899380181897495, 0.8583807529633166, 0.7991485099062816, 0.7254223701169661, 0.6418314678846289, 0.5533695896444469, 0.46485739574866297, 0.3804787335859878, 0.3034558908391779, 0.23589530205985357, 0.1787994536097998, 0.1322115733027817, 0.0954429148097885, 0.06732951798843068, 0.04647374518593737, 0.03144087263421098, 0.02089739044614794, 0.01369143734578297, 0.00888487622755942, 0.005750625757632942, 0.003748999340590733, 0.0024944695867111163, 0.0017209490692915187, 0.001250407568184964, 0.0009670372888803524, 0.0007973987253240349, 0.0006959755831021278, 0.000635128878457714, 0.0005983760069056082, 0.0005760402421943278, 0.0005625164724699544, 0.0005545946383499401, 0.0005504553660794096, 0.0005490788006869337, 0.0005499033916957672, 0.0005526309736613367, 0.0005571177285617843, 0.0005633133132024434, 0.0005712282110231187, 0.0005809161946812279, 0.0005924662000400878, 0.0006059989405231152, 0.0006216671889394019, 0.0006396578448351405, 0.0006601961535369771, 0.0006835511595161014, 0.0007100432457103904, 0.0007400532704120767, 0.0007740344251874481, 0.0008125266536778541, 0.0008561750820657743, 0.0009057527160242666, 0.0009621893956020701, 0.0010266079203177397, 0.0011003702761133891, 0.0011851360009965859, 0.0012829372641733777, 0.0013962746704487788, 0.001528241237054706, 0.00168268204684107, 0.0018644020311000483, 0.002079435527582131, 0.0023353987027852903, 0.002641949093227612, 0.0030113879133036097, 0.003459447076154427, 0.004006320059424028, 0.004678006244564514, 0.005508062761703131, 0.006539871890748888, 0.007829561983221494, 0.009449730470419885, 0.011494141369779456, 0.014083553882067706, 0.017372822035545583, 0.021559308049977043, 0.026892520811264555, 0.03368461145486225, 0.042320996365753816, 0.05326979337643996, 0.06708807413619793, 0.08442203294927347, 0.10599731939959497, 0.13259496473324922, 0.16500806848913996]
7.20533135948654	2.142232208263342	[0.20465584078797744, 0.250745744147866, 0.3042620534956796, 0.36511613086821926, 0.43267429869456875, 0.5056305530414177, 0.5819207315691298, 0.6587079549578311, 0.7324664676609388, 0.7991810277468939, 0.854661265867352, 0.8949472752868118, 0.9167583905653293, 0.9179181781041683, 0.8976812923690052, 0.8568966216823167, 0.7979662481905748, 0.7245968245791866, 0.6413802661496643, 0.5532739808338891, 0.46506837220987823, 0.3809268664052889, 0.30406272118674726, 0.23658410194136628, 0.17950364967356566, 0.13287990598659974, 0.09604123524527752, 0.06783978614241501, 0.04689116564625713, 0.03177017563777266, 0.021149106014991405, 0.013878730026291612, 0.009021209925492182, 0.005848286865262005, 0.0038183511712736344, 0.002543743288937782, 0.0017563715449077212, 0.0012765015569039357, 0.0009869758701200099, 0.0008133434121105044, 0.0007093626527824366, 0.0006468938054270282, 0.0006091190707771103, 0.0005861434738985161, 0.0005722229404775552, 0.000564060781420564, 0.0005597844501967832, 0.0005583420611497089, 0.0005591530049769924, 0.0005619081011530643, 0.0005664573359241348, 0.000572747224498337, 0.0005807869514937494, 0.0005906302869700496, 0.0006023670104334856, 0.0006161194206761903, 0.0006320424522363206, 0.0006503258008463491, 0.0006711980959381001, 0.000694932486163252, 0.0007218542016361686, 0.0007523498796205795, 0.0007868795103914676, 0.0008259911141611623, 0.0008703393425927345, 0.0009207085354651535, 0.0009780419669015645, 0.0010434784855056444, 0.0011183992143392683, 0.001204486670638098, 0.0013038005956786357, 0.0014188748793318305, 0.0015528427103160072, 0.0017095979021225216, 0.0018940044798615525, 0.002112168720727391, 0.0023717942815071284, 0.0026826453428036878, 0.003057152804274125, 0.0035112062892641337, 0.0040651901776180225, 0.004745334197979412, 0.005585471115134808, 0.006629310385623986, 0.007933363137848317, 0.009570667403400531, 0.011635481428894982, 0.014249100969253277, 0.017566932885192104, 0.021786865572277762, 0.027158836437469178, 0.03399522601536456, 0.042681336570267195, 0.05368464401394503, 0.06756082087083819, 0.08495365256700213, 0.10658511276638206, 0.13323108744987242, 0.16567797144844346]
7.182237348718955	2.150823321929681	[0.20533785676375782, 0.25140611613136843, 0.3048594698463637, 0.36560100117976835, 0.4329913938536822, 0.5057234243604535, 0.5817378481183751, 0.658210040486804, 0.7316341358846522, 0.7980213848393786, 0.8532120336074962, 0.8932770832424706, 0.9149624568769995, 0.9161093948896626, 0.8959777698410213, 0.8554076015031945, 0.7967788540663021, 0.7237660544652312, 0.6409240279337605, 0.5531738827812306, 0.46527577268301473, 0.3813726318638251, 0.3046685580148346, 0.237273287830627, 0.18020946414942565, 0.13355082558841128, 0.09664278386289347, 0.06835358905168075, 0.047312131455507736, 0.032102806811326545, 0.021403784030520404, 0.014068546132075848, 0.009159615743590812, 0.0059475993783680535, 0.00388898894727852, 0.0025940027385300264, 0.0017925441013224503, 0.0013031676689906737, 0.001007356436933052, 0.0008296376016350106, 0.0007230349661910741, 0.0006589002719706809, 0.0006200743841564857, 0.0005964396729259301, 0.0005821098193367632, 0.0005736993702912836, 0.0005692810521841697, 0.0005677700425454906, 0.0005685659867299709, 0.0005713483548208878, 0.00057596064197516, 0.0005823461300438605, 0.0005905125776727005, 0.0006005137595422574, 0.0006124402464020853, 0.0006264159725805668, 0.0006425980208733317, 0.0006611789575721746, 0.0006823908098800082, 0.000706510925903698, 0.0007338694222312289, 0.0007648588350406408, 0.0007999460220822392, 0.0008396872329737617, 0.0008847467509999968, 0.0009359204482661389, 0.0009941651887490125, 0.0010606361314597298, 0.0011367337596695914, 0.0012241639187689029, 0.00132501423695229, 0.0014418523587173802, 0.0015778520831407536, 0.0017369565871236574, 0.0019240895918249783, 0.0021454301600960664, 0.0024087702451162014, 0.0027239817795695633, 0.0031036263820639577, 0.0035637527755841203, 0.004124937467363939, 0.004813642134409828, 0.005663976408382524, 0.006719978458060836, 0.008038542936693396, 0.00969314926552977, 0.011778549151833564, 0.014416573612229824, 0.017763178244232878, 0.022016772096889004, 0.02742771110761261, 0.03430859283437858, 0.04304458704550706, 0.05410250691326118, 0.06803659901895083, 0.08548821329534735, 0.10717561847311595, 0.13386953366890741, 0.16634963332816616]
7.159143337951369	2.1594838388464304	[0.20602087744501132, 0.25206659637856954, 0.30545598659451184, 0.36608392378691457, 0.4333055296663199, 0.5058124539322927, 0.5815504410760904, 0.6577071759720949, 0.7307966854597814, 0.7968566772788485, 0.8517579255642774, 0.8916022360025954, 0.9131620121697357, 0.914296101964861, 0.8942695812052252, 0.8539136594096909, 0.7955862926534735, 0.722930023852733, 0.6404627151901334, 0.5530692566194262, 0.465479558215499, 0.3818159935125458, 0.30527336973105734, 0.23796283592750295, 0.18091688310840862, 0.1342243293271868, 0.09724756900149012, 0.06887094489415019, 0.047736668524995966, 0.032438797002822005, 0.021661457649327413, 0.0142609185609451, 0.009300124610837578, 0.00604859089234106, 0.0039609365122474744, 0.002645267778230432, 0.0018294830199677482, 0.001330418929579844, 0.0010281894767100778, 0.0008462896309755026, 0.0007369993565724432, 0.0006711538693146432, 0.000631246764527757, 0.0006069329970348515, 0.0005921809183207911, 0.0005835138788052094, 0.0005789485172859814, 0.0005773659229011609, 0.0005781454933634644, 0.0005809548111891502, 0.0005856307544527764, 0.0005921131072005921, 0.0006004082279018375, 0.0006105697535826529, 0.0006226891316775505, 0.0006368918498601796, 0.0006533372512686167, 0.0006722207270471508, 0.0006937778325300666, 0.0007182900985844441, 0.0007460926790181728, 0.0007775840211806619, 0.0008132380290054897, 0.0008536192271783111, 0.0008994017491671616, 0.0009513930869476437, 0.0010105639695357866, 0.0010780860088450347, 0.0011553794032661744, 0.001244173542496857, 0.0013465844076406394, 0.0014652137129777087, 0.0016032764864391494, 0.0017647657144085243, 0.0019546656368858934, 0.0021792287143729125, 0.0024463362812052474, 0.002765968826258914, 0.0031508200812591963, 0.0036170988523558955, 0.0041855754742854, 0.0048829446186833565, 0.005743594650133937, 0.006811893214551032, 0.00814512009070327, 0.009817195800889153, 0.01192336589634122, 0.014585993860155291, 0.017961581489266968, 0.022249050899431765, 0.02769916867584028, 0.03462473426203272, 0.043410769399459335, 0.0545234001406577, 0.06851542411041132, 0.08602572473550218, 0.10776884177945399, 0.13451030068761027, 0.16702304608898644]
7.136049327183784	2.168214585897637	[0.20670488806372028, 0.2527271606619842, 0.30605157687626067, 0.3665648643636412, 0.4336166720843145, 0.5058976031521379, 0.5813584747720844, 0.6571993234065401, 0.729954082340451, 0.7956868694195192, 0.8502989094686845, 0.8899226995787375, 0.9113570247280008, 0.9124782657927923, 0.8925566941266974, 0.8524147610371434, 0.7943885294813063, 0.7220886957836027, 0.6399962899710964, 0.5529600626718593, 0.46567968970576723, 0.3822569142486533, 0.3058771244334519, 0.23865272192748094, 0.18162589228735135, 0.13490041413394238, 0.09785559879717233, 0.06939187185326459, 0.04816480279052576, 0.032778177360639496, 0.021922160261238548, 0.014455880710096174, 0.009442767793243146, 0.006151289563090293, 0.004034218035842617, 0.0026975587634313985, 0.0018672048291739432, 0.0013582687793262432, 0.001049485631302445, 0.0008633081548700674, 0.0007512627386681196, 0.0006836604301599469, 0.0006426410659055729, 0.0006176277936473377, 0.0006024400613360767, 0.0005935079374227615, 0.0005887901982172648, 0.0005871330160880634, 0.0005878946894803772, 0.0005907306694392305, 0.0005954707935941655, 0.0006020513476245467, 0.0006104770586228891, 0.0006208015195784922, 0.0006331169139391545, 0.000647550413103515, 0.0006642635294906205, 0.0006834546282637916, 0.0007053627361821162, 0.0007302737332395725, 0.0007585277839415501, 0.0007905294362677478, 0.0008267596455210308, 0.0008677914346074135, 0.0009143088297306362, 0.0009671312147541424, 0.0010272432734893641, 0.0010958334124915835, 0.0011743416970069192, 0.0012645215008582275, 0.0013685173924467505, 0.0014889657316537318, 0.0016291231193031068, 0.0017930331119770642, 0.001985740953807003, 0.002213573506995576, 0.002484502142381379, 0.0028086172112654034, 0.0031987453896152314, 0.0036712572079953226, 0.004247117771875209, 0.004953256670208165, 0.005824341829941828, 0.006905072320542933, 0.008253113211253762, 0.009942827439948097, 0.012069952791411378, 0.014757384599171641, 0.01816216557269187, 0.022483726263648387, 0.027973232294704345, 0.03494367384303243, 0.04377990417286819, 0.05494734315237904, 0.06899731016689516, 0.08656619807730001, 0.1083647859605405, 0.13515338758820647, 0.16769819926050297]
7.1129553164161985	2.177016402778265	[0.20738987027422978, 0.2533877877897886, 0.3066462098918153, 0.36704379178546714, 0.433924782994944, 0.5059788366207455, 0.5811619095855518, 0.6566864477943961, 0.7291062888571299, 0.7945119282442006, 0.8488349499087142, 0.8882384420948625, 0.9095474602514835, 0.9106558543784165, 0.8908390742443152, 0.8509108730138387, 0.7931855285492553, 0.7212420338155936, 0.639524713192249, 0.5528462613902702, 0.46587612719473925, 0.38269535680968586, 0.30647978956903943, 0.2393429212123335, 0.18233647698985625, 0.13557907664515334, 0.09846688124084746, 0.06991638798951644, 0.04859656037122384, 0.0331209791337559, 0.022185925712614026, 0.014653466237208744, 0.009587577154545017, 0.006255723849640737, 0.004108858290437084, 0.0027508963002783175, 0.00190572658016383, 0.001386730818464705, 0.0010712559603228676, 0.0008807019036935083, 0.0007658323517644429, 0.0006964258060825466, 0.0006542623978377892, 0.0006285283996319085, 0.0006128912809851161, 0.0006036851560104418, 0.0005988096254253198, 0.0005970746164184005, 0.0005978168967580815, 0.0006006791154228653, 0.000605484022738739, 0.0006121640376809744, 0.0006207223600617208, 0.0006312123109091596, 0.0006437269689260166, 0.000658395033433115, 0.0006753803670076635, 0.0006948841976537416, 0.000717149218703938, 0.0007424655825234359, 0.0007711786775010025, 0.000803699107677275, 0.0008405151204849226, 0.0008822082271600798, 0.0009294726290718908, 0.0009831396332590219, 0.0010442082217209181, 0.0011138836789658766, 0.0011936263675609872, 0.0012852137967350459, 0.0013908196748049426, 0.001513115248116233, 0.0016553994112892831, 0.0018217666480867748, 0.0020173241537393694, 0.002248473692160634, 0.002523277908926859, 0.0028519376745141803, 0.0032474141952696747, 0.0037262405075815528, 0.004309578429067525, 0.005024593225689627, 0.005906234555774121, 0.006999533262280187, 0.008362541684599566, 0.010070064283497009, 0.012218331935389336, 0.014930768161074168, 0.018364954650807695, 0.02272082159972005, 0.028249926593619985, 0.035265433821162165, 0.04415201368871795, 0.05537435357190351, 0.0694822733199848, 0.08710964207352022, 0.10896345673677348, 0.135798790404458, 0.16837508513824778]
7.089861305648613	2.1858901422360537	[0.20807580863885136, 0.25404845278648275, 0.30723985797777975, 0.3675206708954719, 0.4342298275143867, 0.5060561148950952, 0.5809607090284834, 0.6561685103134404, 0.7282532701755857, 0.793331817314683, 0.8473660138485417, 0.8865494287840164, 0.9077332862684666, 0.9088288334107925, 0.8891166884649596, 0.8494019601929552, 0.7919772546085483, 0.7203900001794321, 0.639047946080988, 0.5527278122292159, 0.46606883068697214, 0.3831312831676708, 0.30708133231846685, 0.2400334086022445, 0.18304862218509899, 0.1362603131916659, 0.09908142409635422, 0.07044451138101573, 0.0490319673759421, 0.03346723390699458, 0.022452788046249963, 0.014853709352168436, 0.009734584860137563, 0.006361922834836657, 0.004184882340363115, 0.0028053015741609836, 0.001945065537047841, 0.0014158191269140995, 0.0010935116433386418, 0.0008984799838970279, 0.0007807154822437597, 0.0007094561416389331, 0.0006661158733071564, 0.0006396393862817102, 0.0006235385938312196, 0.0006140493398236126, 0.0006090103092481603, 0.0006071941877485013, 0.0006079154207608295, 0.0006108034871786337, 0.0006156736965062736, 0.0006224545042241228, 0.000631147422017595, 0.0006418055138764071, 0.0006545226800010191, 0.0006694292106749827, 0.0006866912903031464, 0.0007065130991045621, 0.0007291409996350245, 0.0007548695281405591, 0.0007840493278427671, 0.0008170971963309711, 0.0008545087357593378, 0.0008968741179261326, 0.0009448978213312278, 0.0009994232964791428, 0.0010614639771360575, 0.0011322423128623097, 0.0012132391864058112, 0.0013062566220143276, 0.0014134977843381312, 0.0015376693126077105, 0.0016821128367945411, 0.0018509744446811728, 0.0020494238867430382, 0.0022839387262689145, 0.0025626736864947236, 0.002895941321937683, 0.003296838385801722, 0.0037820618657462613, 0.004372971468602774, 0.005096969779886044, 0.0059892893133411725, 0.007095294223059106, 0.008473424653410775, 0.0101989273039133, 0.012368524997575106, 0.01510616796260471, 0.018569972180272006, 0.022960361655180585, 0.02852927512853324, 0.035590038065313884, 0.04452711871325376, 0.05580445096334661, 0.06997032756900627, 0.08765606774966252, 0.10956485707805226, 0.13644650777471595, 0.1690536926861812]
7.066767294881028	2.1948366703188156	[0.20876268573728676, 0.25470913201387196, 0.307832491273078, 0.36799546793949756, 0.4345317684854341, 0.5061293999380341, 0.5807548343993241, 0.6556454734573831, 0.7273949894179575, 0.7921465013220421, 0.8458920664544848, 0.8848556257511513, 0.9059144687926893, 0.9069971691630972, 0.8873895024629954, 0.8478879877315788, 0.7907636714256469, 0.7195325571606352, 0.6385659490693888, 0.552604674486823, 0.46625775951776444, 0.38356465497711667, 0.3076817192928531, 0.24072415853272539, 0.18376231242087152, 0.13694411979708485, 0.09969923495226174, 0.07097626001053614, 0.049471050044925205, 0.03381697342293168, 0.022722781700966255, 0.015056644603724594, 0.00988382361089558, 0.0064699159955582735, 0.0042623157907906665, 0.002860796115946522, 0.0019852394255038906, 0.0014455480356656586, 0.0011162642172982452, 0.0009166516615503228, 0.0007959196828009615, 0.00072275767499551, 0.0006782068062706184, 0.0006509653797645515, 0.0006343861754514689, 0.0006246043304377473, 0.0006193958935147353, 0.000617495223903879, 0.000618193685270875, 0.0006211071527683448, 0.000626043178652666, 0.0006329261071784857, 0.0006417556382634014, 0.0006525845521577238, 0.000665507532103413, 0.0006806564868296382, 0.0006981999272644006, 0.0007183450437032907, 0.0007413419017603256, 0.0007674895042133915, 0.0007971438101989256, 0.0008307279210467791, 0.0008687448862609324, 0.0009117936837259572, 0.0009605892020651722, 0.0010159872284365634, 0.0010790158352249801, 0.001150914895530365, 0.0012331860721674563, 0.0013276562524982267, 0.001436558416577662, 0.0015626350666072262, 0.0017092710601315636, 0.0018806647218558405, 0.002082049023380125, 0.0023199781692721825, 0.0026026998400157475, 0.0029406393649020223, 0.0033470301568476217, 0.0038387344975266214, 0.0044373112818689164, 0.005170401910562897, 0.006073523030792133, 0.007192373431147262, 0.008585781790118423, 0.010329437448273754, 0.012520554276388252, 0.015283607278096377, 0.018777242354419903, 0.023202370855781605, 0.028811302302033524, 0.0359175098697634, 0.04490524096590385, 0.05623765399095535, 0.07046148796679091, 0.08820548485541918, 0.11016899110401764, 0.13709653668040894, 0.16973401211398542]
7.043673284113442	2.2038568666273015	[0.20945048392193436, 0.25536980131668996, 0.30842407963442087, 0.3684681485968878, 0.4348305684539453, 0.5061986531422572, 0.5805442467032969, 0.6551172991693839, 0.7265314094146632, 0.7909559444334228, 0.8444130725933957, 0.8831569986049393, 0.9040909735232943, 0.9051608274372874, 0.885657481577132, 0.8463689203324124, 0.7895447424029527, 0.7186696665921847, 0.638078682185965, 0.552476806991227, 0.4664428725717996, 0.38399543340186026, 0.30828091663231016, 0.24141514497894864, 0.18447753184443408, 0.13763049216790488, 0.10032032119509231, 0.07151165179949676, 0.049913834695440217, 0.034170229645113154, 0.022995941442582293, 0.015262306961578086, 0.010035326567346136, 0.00657973329517795, 0.004341184709525367, 0.00291740189746688, 0.0020262663548782697, 0.001475932219559244, 0.0011395255010350498, 0.0009352264486549974, 0.0008114527012332962, 0.0007363368158862178, 0.0006905406462274977, 0.0006625111302088122, 0.0006454383016451269, 0.0006353540663136988, 0.0006299701035694491, 0.0006279813015589307, 0.0006286551867419886, 0.0006315935565418957, 0.0006365959021990571, 0.0006435822803423191, 0.0006525504714129588, 0.0006635529232950095, 0.0006766850803609652, 0.0006920804793406855, 0.0007099099785597684, 0.0007303838208176743, 0.0007537558243067456, 0.0007803295271641136, 0.000810466280977185, 0.0008445955882035378, 0.0008832280539950051, 0.0009269715955943858, 0.0009765516611864408, 0.001032836555634993, 0.0010968691946851015, 0.001169907120966992, 0.0012534730573856082, 0.0013494190890416618, 0.0014600083938269832, 0.001588019791671752, 0.001736881887673461, 0.00191084585779858, 0.002115208594173059, 0.002356601760484909, 0.002643366914818302, 0.0029860432186425263, 0.0033980019068196744, 0.0038962718489530786, 0.004502612485809489, 0.005244905454524413, 0.006158952881939107, 0.007290789399413742, 0.008699633024976018, 0.010461615965596761, 0.01267444232435324, 0.015463109684661394, 0.01898678959090453, 0.023446873904546073, 0.029096032674853715, 0.0362478727458123, 0.04528640221577441, 0.056673981439274254, 0.07095576946978276, 0.08875790313792052, 0.11077586267389142, 0.13774887397495625, 0.17041603322052906]
7.020579273345857	2.2129516245735528	[0.21013918525572314, 0.2560304360799693, 0.30901459256641506, 0.36893867803903624, 0.43512618959344135, 0.5062638353856619, 0.5803289065756786, 0.6545839488917666, 0.7256624926331489, 0.7897601103367506, 0.8429289967745708, 0.8814535124994375, 0.9022627658042285, 0.9033197736021739, 0.8839205907849496, 0.8448447222736752, 0.7883204305607444, 0.7178012898707133, 0.6375861050377085, 0.5523441681016168, 0.46662412826298516, 0.38442357910527003, 0.3088788899860524, 0.2421063414417815, 0.18519426418658771, 0.1383194256807645, 0.1009446899997086, 0.07205070459943638, 0.05036034771919205, 0.03452703475484737, 0.023272302367844614, 0.015470731818078585, 0.010189127358467708, 0.006691405188524447, 0.004421515638272584, 0.002975141337612956, 0.0020681648295853144, 0.0015069867027839253, 0.0011633076052893004, 0.0009542141072270985, 0.0008273224885505247, 0.0007502001482445868, 0.0007031229845594107, 0.0006742815132575945, 0.0006566993534193387, 0.0006463025837153769, 0.0006407367503274321, 0.000638656080863067, 0.0006393034977518217, 0.0006422662196883505, 0.0006473353725057125, 0.0006544265319794577, 0.0006635354557651191, 0.0006747141993803506, 0.0006880589528060591, 0.0007037048818946096, 0.0007218252203021976, 0.0007426332990148133, 0.0007663867456163639, 0.000793393696750986, 0.0008240209805004838, 0.0008587045928920179, 0.0008979628109180836, 0.0009424126200424514, 0.0009927901860102614, 0.001049976508425941, 0.0011150295607201763, 0.0011892247972755377, 0.001274106292147227, 0.0013715516590827393, 0.001483854669228216, 0.0016138309109949916, 0.001764953272479238, 0.0019415263903037906, 0.002148911794944133, 0.002393819419926431, 0.0026846856428786683, 0.0030321645032208733, 0.0034497662443159476, 0.003954687597279654, 0.004568889931804695, 0.005320496506590253, 0.006245596296999316, 0.00739056092227626, 0.00881499855914811, 0.010595484400681296, 0.01283021196413947, 0.015644699051532453, 0.019198638551448197, 0.02369389576499091, 0.029383490990280595, 0.03658115039725035, 0.04567062431184777, 0.05711345217950973, 0.07145318697518155, 0.08931333229829558, 0.11138547543132621, 0.1384035163306007, 0.17109974544606682]
6.997485262578271	2.2221218516451087	[0.21082877139859155, 0.25669101132348165, 0.309603999101861, 0.3694070210349404, 0.4354185935887677, 0.5063249071446226, 0.5801087741760107, 0.6540453836780318, 0.7247882010831547, 0.7885589623368964, 0.8414398030604642, 0.8797451322005487, 0.9004298105362017, 0.9014739726270632, 0.8821787946211365, 0.8433153574215213, 0.7870906984746966, 0.7169273879654752, 0.6370881767764505, 0.5522067157238303, 0.4668014845266535, 0.384849052269439, 0.3094756045176451, 0.24279772096193208, 0.18591249276787092, 0.1390109153869745, 0.10157234833232759, 0.07259343618946502, 0.05081061558478337, 0.03488742114727861, 0.02355189991017272, 0.015681954986886192, 0.01034526009195784, 0.006804962623679892, 0.004503335605920939, 0.003034037305673424, 0.002110953762959596, 0.0015387268619658026, 0.0011876229452911999, 0.0009736246511821926, 0.0008435372095301268, 0.000764354430803211, 0.0007159595630982097, 0.0006862815297554698, 0.0006681738239600716, 0.0006574540159359571, 0.0006516997360824087, 0.0006495233045531968, 0.000650142271999583, 0.0006531287394407865, 0.0006582651717152232, 0.0006654624442125828, 0.000674714201374015, 0.0006860720266660596, 0.0006996328542071437, 0.0007155334642406305, 0.0007339495077485118, 0.0007550974260681313, 0.0007792387268055234, 0.0008066861962337883, 0.0008378122367118339, 0.0008730594192075729, 0.0009129538227751045, 0.0009581216194429217, 0.001009309865317159, 0.0010674124214464275, 0.0011335025494352742, 0.0012088738471023558, 0.0012950920489416637, 0.0013940606170020405, 0.001508104332237561, 0.001640075989577983, 0.0017934933205915027, 0.001972715016581583, 0.002183167994200713, 0.0024316412475048556, 0.002726666951640957, 0.0030790150416816204, 0.0035023359988303527, 0.004013995647508068, 0.004636158718865633, 0.0053971914135960836, 0.00633347097903566, 0.007491707065904838, 0.008931898885350639, 0.010731064578765034, 0.012987886314549679, 0.015828399516895904, 0.01941281417448654, 0.023943461627367785, 0.029673702214829623, 0.036917366672967564, 0.046057929232975255, 0.057556085105700754, 0.07195375538127952, 0.08987178190965425, 0.11199783287576154, 0.13906046013868784, 0.17178513795502404]
6.974391251810686	2.231368469675168	[0.21151922401094475, 0.25735150126825973, 0.3101922682363828, 0.3698731414922652, 0.43570774207909185, 0.5063818280344213, 0.5798838096144437, 0.6535015637603334, 0.7239084967044164, 0.7873524629758059, 0.8399454554002854, 0.878031821776222, 0.8985920724475018, 0.8996233888468089, 0.880432057382343, 0.841780789062188, 0.7858555084163995, 0.7160479213029098, 0.6365848561823676, 0.5520644072329165, 0.4669748988585747, 0.3852718125456494, 0.3100710249138324, 0.2434892560918368, 0.18663220048990062, 0.13970495600167732, 0.10220330293368513, 0.07313986427971304, 0.051264664818785055, 0.03525142144666989, 0.023834769821992254, 0.015896012727327276, 0.010503759338801807, 0.006920437071918881, 0.004586672114664803, 0.003094113153148318, 0.002154652463779876, 0.0015711684568624903, 0.0012124842270082078, 0.0009934683741675912, 0.0008601052287302708, 0.0007788066214691507, 0.0007290562603893971, 0.0006985163267898511, 0.0006798663056918691, 0.0006688126114378881, 0.000662863042738849, 0.0006605868136932343, 0.0006611752338616147, 0.0006641848028853651, 0.0006693889496011299, 0.0006766936853176411, 0.0006860903860482596, 0.0006976301367098926, 0.0007114105590212411, 0.0007275700825123135, 0.0007462867689887572, 0.0007677802387524214, 0.0007923159059716717, 0.0008202113019228694, 0.0008518444596789033, 0.0008876646498315061, 0.0009282058436741543, 0.000974103561937288, 0.0010261158837473626, 0.0010851497441819941, 0.001152293881754372, 0.0012288603192521564, 0.001316436715725853, 0.001416952757291774, 0.0015327646003359915, 0.0016667627496105074, 0.0018225102806983969, 0.0020044206117421155, 0.0022179867197642407, 0.0024700775458256505, 0.002769321946207787, 0.0031266068888704114, 0.003555724196499846, 0.004074210169535347, 0.004704434160106713, 0.005475006823028321, 0.006422594857237306, 0.007594247232555788, 0.009050354722687701, 0.010868378691005183, 0.013147488700180178, 0.01601423560126002, 0.019629341551546053, 0.024195597057746675, 0.02996669137240929, 0.03725654576001992, 0.04644833887122663, 0.05800189937920189, 0.07245748931349211, 0.09043326171762922, 0.11261293802886428, 0.13971970186567972, 0.17247219924678953]
6.9512972410431	2.24069241511868	[0.2122105232340796, 0.2580118809267186, 0.3107793672811701, 0.3703370041294224, 0.4359935949627396, 0.5064345584684942, 0.5796539713034672, 0.6529524501006214, 0.7230233398616513, 0.7861405753999525, 0.8384459163484473, 0.8763135457350606, 0.8967495150812193, 0.8977679868544411, 0.8786803423829792, 0.8402409805521838, 0.7846148218393938, 0.7151628501953909, 0.6360761013263699, 0.5519171997187293, 0.46714432810618983, 0.38569181916641937, 0.3106651152715922, 0.2441809189226389, 0.18735336979478445, 0.14040154188169773, 0.10283756033151296, 0.07369000646196046, 0.05172252205508645, 0.03561906844217359, 0.02412094824827475, 0.01611294167253074, 0.010664660221148203, 0.0070378604525548035, 0.004671553234169449, 0.0031553926379755378, 0.002199280730240888, 0.0016043275559212632, 0.0012379045362912228, 0.0010137557782237418, 0.000877035192115671, 0.0007935638106818103, 0.0007424191647107445, 0.0007109911369044173, 0.0006917815546952055, 0.0006803826794653032, 0.0006742307882715936, 0.0006718504996245827, 0.0006724062278621254, 0.0006754381447312274, 0.0006807104671535822, 0.000688123972518769, 0.0006976677941799455, 0.0007093923132761851, 0.0007233959465604838, 0.0007398186492887935, 0.0007588410374877128, 0.0007806858351370289, 0.0008056225290958255, 0.0008339733567988426, 0.000866122171819517, 0.0009025249400686649, 0.0009437237466202037, 0.0009903634949291718, 0.0010432135537178505, 0.0011031940128254391, 0.001171409417976467, 0.0012491903575885983, 0.0013381468346797007, 0.0014402349787953912, 0.0015578428640194287, 0.0016938990277629044, 0.001852012598106669, 0.0020366521759791123, 0.0022533777255185584, 0.0025091387528305992, 0.002812661994151199, 0.003174952243269535, 0.0036099441703574533, 0.004135345480393563, 0.004773731928659977, 0.0055539595234825835, 0.006512986282408204, 0.0076982009427543205, 0.009170387280148323, 0.011007448996835782, 0.013309043006405848, 0.01620223180322055, 0.01984824640200981, 0.024450327456243214, 0.030262484170358348, 0.037598711472121626, 0.04684187584022668, 0.05845091351928117, 0.0729644041394273, 0.09099778051633164, 0.11323079466584048, 0.1403812367171652, 0.17316091858885954]
6.928203230275515	2.250094639334857	[0.21290265154120597, 0.25867212203830436, 0.3113652660360839, 0.3707985701984198, 0.43627611468696004, 0.5064830554055202, 0.5794192201215232, 0.6523980004038747, 0.7221326931407337, 0.7849232598389577, 0.8369411502990498, 0.8745902660963437, 0.8949021033610739, 0.8959077292111959, 0.8769236138499972, 0.8386958936518663, 0.7833686006864593, 0.7142721337308775, 0.6355618704133321, 0.5517650493266419, 0.4673097289662515, 0.3861090306154528, 0.3112578393431229, 0.24487268097119239, 0.18807598272832238, 0.1411006670474398, 0.10347512677920387, 0.07424388031658717, 0.05218421389544626, 0.0359903952515645, 0.024410471543378328, 0.016332779030948017, 0.010827998208030223, 0.0071572653558818625, 0.004758007390007136, 0.0032179001541050634, 0.0022448586400118297, 0.0016382207604698391, 0.00126389713705588, 0.0010344977842543916, 0.0008943358382928235, 0.0008086334134267166, 0.0007560544016634528, 0.0007237114498237491, 0.0007039243361934923, 0.0006921687417072365, 0.0006858070900322542, 0.0006833184371184954, 0.0006838390984933646, 0.0006868926642564947, 0.0006922334908380228, 0.0006997571753788964, 0.0007094502229931549, 0.0007213624849018498, 0.000735592916681084, 0.0007522832179995053, 0.0007716163747097591, 0.0007938184533751694, 0.0008191628771831758, 0.0008479768461410357, 0.0008806499371809515, 0.0009176450927650556, 0.0009595124524944548, 0.0010069066218767525, 0.0010606082414385853, 0.0011215509318626892, 0.0011908550777123595, 0.0012698702909350647, 0.001360229012177813, 0.0014639143874196848, 0.001583346581710644, 0.0017214928966977716, 0.0018820087876738768, 0.0020694189830837884, 0.0022893508327557063, 0.002548835628728782, 0.0028566985217974373, 0.0032240636883189974, 0.0036650092926437203, 0.0041974163622298935, 0.004844067699691548, 0.0056340668699541244, 0.006604663542699349, 0.007803588409141135, 0.009292017598215683, 0.011148298600007682, 0.0134725727858241, 0.01639241364412687, 0.020069553870867535, 0.02470767944709718, 0.03056110540694317, 0.037943889065308545, 0.04723856141269942, 0.05890314771518967, 0.07347451337480641, 0.09156534900010815, 0.11385140416732654, 0.141045062024402, 0.17385128235339886]
6.9051092195079296	2.2595761088758524	[0.213595587432229, 0.2593321996700786, 0.31194992996160903, 0.371257804437805, 0.43655525923745947, 0.5065272792734596, 0.5791795126172467, 0.6518381756171424, 0.7212365151539601, 0.783700479344045, 0.8354311181954475, 0.8728619471489749, 0.8930497993703873, 0.8940425801431237, 0.8751618337809216, 0.837145491198815, 0.7821168052093567, 0.7133757315518414, 0.6350421203787955, 0.5516079123218653, 0.46747105716615545, 0.38652340516834616, 0.3118491601374649, 0.24556451336569743, 0.1888000208342386, 0.14180232514055555, 0.10411600834804577, 0.07480150322807945, 0.05264976713169783, 0.03636543505000783, 0.024703376574985055, 0.016555562264949465, 0.010993809465955396, 0.007278684697005188, 0.004846063734094617, 0.0032816603791460787, 0.002291406919750731, 0.0016728648602402272, 0.0012904758246277811, 0.001055705405930715, 0.0009120163257661268, 0.0008240228686656278, 0.0007699684301541537, 0.0007366827412537208, 0.0007162996878532774, 0.000704175291336011, 0.0006975962966721306, 0.0006949946721822722, 0.0006954778938037055, 0.0006985522388489073, 0.0007039619718415381, 0.0007115971511900005, 0.0007214416418227076, 0.0007335445779315256, 0.00074800553349169, 0.000764967849401576, 0.0007846170025033283, 0.0008071823475580219, 0.0008329413913936261, 0.0008622262788177387, 0.0008954324832994403, 0.0009330299410935141, 0.0009755770527215018, 0.0010237381824125499, 0.0010783054948344654, 0.0011402262468266173, 0.0012106369782536753, 0.0012909064927841523, 0.0013826900740597132, 0.0014879981355345557, 0.0016092834603623515, 0.001749552474458567, 0.0019125076511517206, 0.002102730346496452, 0.0023259162000326757, 0.002589178960114986, 0.002901443358636438, 0.0032739538085103013, 0.0037209334245910733, 0.004260437553911355, 0.004915457748315643, 0.005715346100654266, 0.00669764566793484, 0.007910429610690328, 0.00941526763687277, 0.011290950191892312, 0.01363810272831344, 0.01658480597096599, 0.020293290499112958, 0.024967678614478083, 0.030862581573134172, 0.03829210227440011, 0.04763841888160218, 0.05935862004652749, 0.07398783290305774, 0.09213597509676438, 0.11447477063384698, 0.1417111716994112, 0.17454327996557853]
6.882015208740344	2.2691378057821274	[0.21428931073909252, 0.2599920866443789, 0.312533325921461, 0.3717146691984474, 0.43683098802933007, 0.506567188113963, 0.5789348067140109, 0.6512729344290429, 0.7203347657370432, 0.7824721949323544, 0.833915781971765, 0.8711285514323922, 0.8911925659040328, 0.8921725024292315, 0.8733949645946525, 0.8355897348618747, 0.7808593958066403, 0.7124736023546789, 0.634516808060016, 0.5514457441765489, 0.46762826812942415, 0.38693490040985473, 0.31243904022578195, 0.2462563866595393, 0.18952546521540145, 0.14250650943481583, 0.10476021083002092, 0.07536289252513084, 0.053119208550363076, 0.03674422129450778, 0.02499970047157407, 0.016781329368091534, 0.011162130576614833, 0.007402152021334929, 0.004935751851040098, 0.003346698587986471, 0.0023389466531153935, 0.0017082771394366855, 0.0013176546451511614, 0.0010773900372908702, 0.0009300859708797424, 0.0008397399020853216, 0.0007841678034153076, 0.0007499107081568858, 0.0007289127058606843, 0.0007164070009639779, 0.0007096027990179858, 0.000706883404699525, 0.0007073266991629021, 0.0007104208844148482, 0.0007158998997992593, 0.0007236478867493373, 0.0007336460623881437, 0.0007459426433919496, 0.0007606379086398051, 0.0007778767272023947, 0.0007978471959352929, 0.0008207818955792981, 0.0008469625720803932, 0.0008767262907628347, 0.0009104746031605819, 0.000948684451006185, 0.0009919227107852819, 0.0010408635573210668, 0.0010963109409418475, 0.0011592258558056055, 0.0012307613235514492, 0.0013123055041702255, 0.0014055369408338854, 0.0015124935623812494, 0.0016356613098673987, 0.0017780860906357401, 0.0019435181012740484, 0.0021365958224954904, 0.0023630841037193557, 0.002630179815862744, 0.002946908455802101, 0.0033246355199344083, 0.0037777305468488717, 0.0043244241868424975, 0.004987918455820618, 0.005797814920255564, 0.006791951762257018, 0.008018745080142789, 0.009540159369083097, 0.01143542711697382, 0.013805657431758492, 0.01677943439150755, 0.02051948257117449, 0.0252303514133282, 0.031166938665454412, 0.03864337581053205, 0.04804147072994651, 0.05981734966584456, 0.07450437741848565, 0.09270966789559001, 0.11510089657196385, 0.14237956090139806, 0.1752368988842856]
6.858921197972759	2.278780727884543	[0.21498380250216598, 0.26065175364598636, 0.31311542205026743, 0.3721691245616171, 0.43710326177713976, 0.5066027377041354, 0.5786850615919998, 0.6507022333840038, 0.7194274058471634, 0.7812383656799092, 0.8323951044648187, 0.8693900397972038, 0.8893303663907826, 0.8902974574286249, 0.871622969065705, 0.8340285851457953, 0.7795963329763274, 0.7115657038883229, 0.633985890171649, 0.5512784995732098, 0.46778131697066655, 0.3873434732422095, 0.31302744174529445, 0.24694827083903115, 0.19025229653694006, 0.143213212839608, 0.10540773973673974, 0.07592806548135426, 0.053592564929860684, 0.037126787726036545, 0.025299480621724053, 0.017010118871623212, 0.011332998539918631, 0.007527701515447708, 0.005027101763895993, 0.0034130406659300012, 0.002387499287096376, 0.0017444753898189992, 0.0013454479008007962, 0.0010995634643200677, 0.0009485542512327409, 0.0008557925357428697, 0.0007986591707627211, 0.0007634012766624042, 0.0007417685455192748, 0.0007288687292332716, 0.0007218310300274497, 0.0007189889940921831, 0.0007193896369647701, 0.0007225027604067932, 0.0007280513024889572, 0.000735913502952764, 0.000746067538614023, 0.0007585608612883016, 0.000773494201321769, 0.0007910141621590625, 0.0008113112835164709, 0.000834621603117586, 0.0008612309792391677, 0.0008914816489096406, 0.0009257811558749869, 0.000964613725181689, 0.0010085546631358798, 0.0010582882725559744, 0.0011146302870579587, 0.0011785558135816022, 0.001251234405630601, 0.0013340740379704599, 0.001428776629395512, 0.0015374081985629852, 0.0016624880451408337, 0.0018071022910438864, 0.001975049164298684, 0.0021710252150075643, 0.0024008649411449904, 0.0026718495519252408, 0.002993105890044774, 0.0033761220747816744, 0.003835414764618572, 0.004389391788633646, 0.005061466316473206, 0.005881491501833486, 0.00688760101334821, 0.008128555902806044, 0.009666714793505858, 0.011581753366407446, 0.013975261419744454, 0.01697632525972209, 0.020748156139531362, 0.025495725142974792, 0.0314742022198754, 0.03899773531884006, 0.04844773867655209, 0.06027935673653103, 0.07502416048629287, 0.09328643756300468, 0.11572978297025593, 0.143050225930541, 0.17593212469443764]
6.835827187205173	2.2885058891132535	[0.2156790402269146, 0.2613111741843322, 0.31369618261869536, 0.37262113356349097, 0.4373720372194232, 0.5066338867608206, 0.5784302325661573, 0.6501260317733114, 0.7185143928833578, 0.7799989530515132, 0.830869045407525, 0.8676463750114739, 0.8874631616887143, 0.8884174078983398, 0.8698458079323451, 0.8324620034422445, 0.7783275756490443, 0.7106519943254653, 0.6334493222244283, 0.5511061332247447, 0.46793015785630576, 0.38774908029726285, 0.31361432608145406, 0.2476401354580799, 0.19098049493703115, 0.14392242785707887, 0.1060586003687459, 0.07649703916244571, 0.054069863216181964, 0.03751316814998485, 0.025602754917932197, 0.017241969586497062, 0.011506451057435165, 0.0076553677301248405, 0.005120144235025121, 0.0034807128268875207, 0.0024370869329259207, 0.0017814776347561073, 0.0013738704379365305, 0.001122237603018718, 0.0009674310727852732, 0.0008721888458839772, 0.0008134495193513157, 0.0007771603828937549, 0.0007548726364927825, 0.0007415653255793455, 0.0007342856545723989, 0.0007313157870480774, 0.0007316710334063395, 0.0007348020182345983, 0.000740420392822973, 0.0007483981208702324, 0.0007587102973581895, 0.0007714034210236949, 0.0007865787362923569, 0.0008043844834941234, 0.000825013755919057, 0.0008487060027946763, 0.0008757513352179733, 0.0009064971549335247, 0.0009413571665904688, 0.0009808229081976925, 0.0010254783195806077, 0.0010760179025239886, 0.001133269425165152, 0.0011982222292974015, 0.0012720627171704266, 0.0013562188664795604, 0.001452416378852617, 0.0015627496378362359, 0.0016897718317941503, 0.0018366096861777148, 0.0020071101544017578, 0.0022060283904128354, 0.002439269445903183, 0.002714199578172697, 0.0030400481368754494, 0.0034284267602307677, 0.0038940006621702604, 0.004455355886263796, 0.005136118405861113, 0.005966393956187439, 0.006984613318588308, 0.00823988300091726, 0.009794956776465365, 0.011729952611198247, 0.014146940272786877, 0.01717550437608631, 0.02097933853307404, 0.02576382622057172, 0.031784399294176334, 0.03935520512742363, 0.04885724622652743, 0.06074465957168993, 0.07554719773355024, 0.09386629181983924, 0.11636143315658382, 0.1437231600512637, 0.17662894558435016]
6.812733176437588	2.298314319813675	[0.21637500297735707, 0.26197031923428654, 0.3142755735472409, 0.37307065655148536, 0.43763727278251835, 0.5066605913175937, 0.5781702765833526, 0.6495442863496369, 0.7175956857066049, 0.7787539162216117, 0.8293375657250899, 0.8658975178642896, 0.885590913519653, 0.8865323149490963, 0.8680634424571184, 0.8308899498120417, 0.777053082967127, 0.7097324307743847, 0.6329070596713205, 0.5509285989756657, 0.4680747446722338, 0.3881516774732404, 0.31419965418809626, 0.2483319494717204, 0.19171004010190612, 0.144634146607984, 0.10671279772451045, 0.07706983057603867, 0.054551130326330216, 0.03790339666762473, 0.025909561498470107, 0.017476920887455047, 0.011682526242582801, 0.007785185893674663, 0.005214910464327845, 0.003549741935882746, 0.0024877320658134327, 0.0018193024447761398, 0.0014029373582183594, 0.0011454247965632814, 0.0009867264996003765, 0.0008889372349414786, 0.0008285459272377468, 0.0007911942169404596, 0.000768230461321907, 0.0007545018462075168, 0.0007469713732754736, 0.0007438683074647567, 0.00074417524580181, 0.0007473229682783316, 0.0007530114167236011, 0.0007611060094794255, 0.0007715786034036684, 0.0007844746536601903, 0.000799895882378071, 0.0008179921594209438, 0.0008389591544719097, 0.000863039766549196, 0.000890528419770991, 0.0009217777529312367, 0.0009572077247447614, 0.0009973172929604573, 0.0010426991612990716, 0.0010940581788850578, 0.0011522343259739887, 0.0012182313816908321, 0.0012932528372336667, 0.0013787469479493734, 0.0014764635225644708, 0.0015885256811358558, 0.0017175209374812506, 0.0018666171209014996, 0.002039710494884426, 0.002241615484037793, 0.0024783084658848574, 0.002757241617103285, 0.0030877477872518484, 0.003481563230831318, 0.0039535029328229875, 0.004522332441887022, 0.005211891889075404, 0.006052540911811094, 0.007083008623729597, 0.008352747912324716, 0.009924908158058179, 0.011880049250193486, 0.014320719421865061, 0.017376998391949595, 0.02121305674225865, 0.026034682042092305, 0.0320975563391242, 0.03971581066930902, 0.049270015926044186, 0.06121327770898069, 0.07607350340912496, 0.09444923972491333, 0.11699584863564162, 0.14439835797732262, 0.17732734751153867]
6.789639165670002	2.308207067069823	[0.21707166895569696, 0.26262915976243734, 0.31485355978451024, 0.37351765384253566, 0.4378989258852419, 0.5066828073706562, 0.5779051496040716, 0.6489569538120303, 0.7166712422478753, 0.7775032142742816, 0.827800625489613, 0.8641434290003085, 0.8837135828373864, 0.8846421394816629, 0.8662758332124578, 0.8293123840317626, 0.7757728134387943, 0.7088069699764455, 0.6323590573555016, 0.5507458502139562, 0.46821503069152, 0.38855122013493315, 0.3147833864157082, 0.24902368129423694, 0.1924409112104287, 0.1453483608013287, 0.10737033652787678, 0.07764645658883092, 0.05503639323325481, 0.0382975075633152, 0.02621993887060345, 0.01771501258439542, 0.011861262767032369, 0.007917191776295128, 0.005311432246321386, 0.0036201553721402716, 0.002539457682516545, 0.001857968803535525, 0.0014326641691861726, 0.0011691376875388932, 0.0010064508927946755, 0.0009060463127283327, 0.0008439556885307424, 0.0008055091147912095, 0.0007818476664077008, 0.0007676834574838629, 0.0007598930201174273, 0.0007566511710409114, 0.0007569067482642623, 0.0007600700046996137, 0.0007658287286482793, 0.0007740415192824048, 0.000784676826697752, 0.000797778972731062, 0.0008134501132764094, 0.0008318417435018253, 0.0008531521272864936, 0.0008776276559239815, 0.0009055671231959267, 0.0009373284820618011, 0.0009733380358571292, 0.001014102274122001, 0.0010602227929647646, 0.0011124149430837245, 0.0011715310931923273, 0.0012385896688701787, 0.0013148114897910538, 0.001401665371358448, 0.0015009255535220888, 0.0016147442734709186, 0.0017457438075059, 0.0018971335996565814, 0.0020728598085302213, 0.0022777968084494193, 0.0025179930745944483, 0.0028009875879552565, 0.0031362176884657676, 0.0035355453582668907, 0.004013936561364467, 0.004590337654082841, 0.005288804261145822, 0.006139951248159955, 0.007182807243679046, 0.0084671724296218, 0.01005659218272058, 0.012032067921162197, 0.014496624726064422, 0.01758083415068629, 0.021449338188467826, 0.026308320105363516, 0.03241370020883149, 0.04007957733732948, 0.04968607066166685, 0.061685230453492154, 0.07660309200897066, 0.09503528987952806, 0.11763303105346984, 0.14507581374169068, 0.1780273164828245]
6.766545154902417	2.318185195034903	[0.2177690158880917, 0.263287666302275, 0.315430105727624, 0.37396208527963865, 0.4381569533742782, 0.5067004904408916, 0.5776348070271886, 0.6483639903956463, 0.7157410198943711, 0.7762468058366944, 0.8262581842439253, 0.8623840686065584, 0.8818311300765452, 0.8827468419328143, 0.8644829402571654, 0.8277292654023872, 0.7744867250565044, 0.7078755681768181, 0.631805269587647, 0.5505578397961024, 0.46835096862302456, 0.3889476630785959, 0.31536548253725294, 0.24971529878795568, 0.19317308694046736, 0.1460650617359488, 0.1080312212197838, 0.0782269339364298, 0.05552567894967841, 0.0386955353222636, 0.026533925892761476, 0.01795628494803306, 0.012042699844629887, 0.008051421721781638, 0.005409741956210864, 0.003691981063492464, 0.0025922872884351403, 0.0018974961415853208, 0.0014630667713169368, 0.0011933892488465224, 0.0010266148972571884, 0.0009235249235793138, 0.0008596863001022758, 0.0008201115817267798, 0.000795730049264503, 0.0007811154560394209, 0.000773055550684547, 0.0007696691026726364, 0.0007698701211843909, 0.0007730476206832222, 0.000778876782335206, 0.0007872090958761024, 0.000798009434263032, 0.0008113208865560638, 0.0008272460004564418, 0.0008459378860707323, 0.0008675974229393543, 0.0008924745329216352, 0.0009208724405808478, 0.0009531544871385324, 0.000989753416118242, 0.001031183358706715, 0.0010780549374474779, 0.0011310941573217023, 0.001191165958086461, 0.001259303619979875, 0.0013367455378411526, 0.0014249813691826865, 0.0015258101176476686, 0.0016414135183155877, 0.0017744490567945497, 0.0019281683031408493, 0.0021065679075533647, 0.002314582873317164, 0.00255833455808505, 0.002845449630962028, 0.003185470926655144, 0.0035903872616538353, 0.004075316800130921, 0.004659387996442906, 0.005366873313854798, 0.006228644145542169, 0.007284029816129343, 0.008583178665312611, 0.01019003243442546, 0.01218603358630039, 0.014674682382603561, 0.017787038799718144, 0.02168821060074755, 0.02658476815567917, 0.03273285799524937, 0.04044653067071851, 0.05010543344401674, 0.06216053711197483, 0.07713597800266887, 0.095624450713756, 0.11827298186531189, 0.14575552103528563, 0.1787288381689968]
6.7434511441348315	2.328249785269727	[0.21846702103133317, 0.26394580893410075, 0.31600517522690935, 0.37440391020665303, 0.438411311525722, 0.5067135955446233, 0.5773592036890572, 0.6477653518421823, 0.7148049754893564, 0.774984649054824, 0.8247102010060376, 0.8606193963976884, 0.8799435151627467, 0.8808463822694971, 0.8626847231484863, 0.8261405527467837, 0.7731947753043255, 0.7069381811183223, 0.6312456501437113, 0.5503645200337518, 0.4684825105993681, 0.3893409605129618, 0.3159459017303354, 0.25040676924307514, 0.1939065454505958, 0.1467842402834715, 0.10869545594387364, 0.07881127921249044, 0.056019014520270714, 0.039097514627316414, 0.02685156177408821, 0.018200778714019716, 0.012226877237225821, 0.008187912656939597, 0.005509872559482065, 0.0037652474981738804, 0.0026462449081667426, 0.0019379043479587185, 0.0014941614675114115, 0.0012181927935700804, 0.0010472294491846352, 0.0009413821540822456, 0.000875745467187072, 0.0008350082981838804, 0.0008098835626303764, 0.0007948032732764407, 0.0007864640453057905, 0.0007829269400842114, 0.0007830700538084928, 0.0007862604115511447, 0.0007921601331012929, 0.0008006132827866377, 0.0008115809923863269, 0.0008251050009452904, 0.0008412882153397629, 0.000860285336902164, 0.0008822998927065891, 0.0009075853627042115, 0.0009364494741336797, 0.0009692610214105143, 0.0010064592948473615, 0.0010485661690194513, 0.0010962014384279467, 0.001150101907636059, 0.0012111452822827994, 0.0012803798984937754, 0.0013590619864295667, 0.0014487023209516971, 0.0015511250170616882, 0.0016685416814794468, 0.0018036454734396785, 0.0019597305925468126, 0.002140844797437584, 0.00235198439007054, 0.0025993444190961635, 0.002890640112474818, 0.0032355208312130086, 0.003646103313157948, 0.004137659173607272, 0.004729500223680513, 0.005446117140368762, 0.006318639091673113, 0.007386697305949364, 0.008700789058704009, 0.010325252840422131, 0.012341971539294538, 0.014854918929373762, 0.01799563979755591, 0.021929702016500494, 0.026864054192672727, 0.033055057026375324, 0.040816696361810845, 0.050528127402989446, 0.06263921699955825, 0.07767217582535382, 0.0962167304934317, 0.11891570232403585, 0.14643747321418937, 0.17943189788933409]
6.720357133367246	2.3384019370888045	[0.21916566136356835, 0.26460355706437816, 0.31657873179318846, 0.3748430872395533, 0.4386619562600548, 0.5067220769692966, 0.5770782940738854, 0.6471609931905892, 0.7138630655235649, 0.7737167014058846, 0.8231566344285541, 0.8588493714535234, 0.8780506976329286, 0.8789407198541421, 0.8608811410250127, 0.8245462043056558, 0.7718969212118135, 0.7059947639694838, 0.6306801522994049, 0.5501658426509766, 0.46860960819815345, 0.38973106603808466, 0.3165246025871067, 0.2510980593691353, 0.194641264379428, 0.1475058868863676, 0.10936304453790485, 0.07939950887180583, 0.05651642700989779, 0.03950348036828039, 0.027172886064110027, 0.018448535099310957, 0.012413835247921333, 0.00832670211368338, 0.005611857608190346, 0.0038399837496890027, 0.002701355082996731, 0.001979213794745181, 0.001525964960188, 0.001243561997236719, 0.0010683057721179226, 0.0009596273522557763, 0.0008921410985023274, 0.0008502061359474437, 0.0008243143091670077, 0.0008087524890575684, 0.0008001237038282461, 0.0007964296455640654, 0.0007965113394245292, 0.0007997130850266914, 0.0008056834335989308, 0.000814258730647538, 0.0008253961629767201, 0.0008391360275979287, 0.0008555815262132687, 0.0008748889530811678, 0.0008972644879463338, 0.0009229652211498471, 0.0009523034309329942, 0.00098565345400164, 0.0010234612125029116, 0.001066256450156258, 0.0011146682585529487, 0.0011694444116768165, 0.001231475555939608, 0.0013018253104741413, 0.0013817679806849756, 0.0014728357622389126, 0.0015768782077888563, 0.0016961372011338744, 0.001833342015812908, 0.001991830021010388, 0.0021757006730886977, 0.0023900122852716353, 0.0026410343717195336, 0.002936571640918115, 0.0032863809672087456, 0.00370270815740496, 0.00420097946751684, 0.004800691395646227, 0.005526554119458041, 0.006409955911796067, 0.007490830982406416, 0.008820026414049002, 0.010462277638615432, 0.012499907453865686, 0.015037361198844103, 0.01820666497556931, 0.022173840717578136, 0.02714620654846809, 0.033380324779808714, 0.04119010035379147, 0.050954175674337875, 0.06312128955992792, 0.07821169973421946, 0.09681213746457282, 0.11956119330609326, 0.1471216634683957, 0.1801364804103874]
6.697263122599661	2.348642767914587	[0.21986491326446939, 0.2652608797419641, 0.31715073825314466, 0.375279574599009, 0.4389088427896503, 0.5067258886048811, 0.5767920319725321, 0.6465508690886098, 0.7129152458233368, 0.7724429199733841, 0.8215974425297444, 0.8570739524460183, 0.8761526364165658, 0.8770298136186719, 0.8590721524389435, 0.8229461778607763, 0.7705931192335099, 0.7050452714041883, 0.6301087287498425, 0.5499617588295987, 0.46873221239272445, 0.39011793266506123, 0.3171015430869626, 0.2517891352962399, 0.19537722083322123, 0.1482299915469314, 0.11003399053249814, 0.07999163921318489, 0.05701794351245958, 0.039913467624135765, 0.027497938671269147, 0.01869959578705118, 0.012603614747673323, 0.008467828217212724, 0.005715731272427753, 0.00391621946702609, 0.0027576429035122384, 0.0020214453277260036, 0.001558494382113972, 0.0012695108879430285, 0.0010898554044230645, 0.0009782701171023535, 0.0009088813299921583, 0.0008657121475810518, 0.0008390285617704392, 0.0008229688215612386, 0.0008140398630575693, 0.00081018229664562, 0.0008101988905161748, 0.0008134104529314669, 0.0008194514471982236, 0.0008281501899300599, 0.0008394597156088375, 0.0008534187777726575, 0.0008701308092990088, 0.0008897536934632032, 0.0009124962705122503, 0.0009386192899275729, 0.0009684396329710953, 0.001002337265417493, 0.0010407648306259428, 0.0010842600657545714, 0.0011334614895507505, 0.001189128014499108, 0.0012521634083246334, 0.0013236468001772504, 0.0014048708171894792, 0.0014973893798026193, 0.0016030778123192271, 0.0017242086821286022, 0.0018635478268181518, 0.0020244763266146575, 0.0022111459354313655, 0.0024286776916241748, 0.002683416361204035, 0.0029832570548375494, 0.0033380651595601423, 0.0037602166951923237, 0.004265293758916602, 0.004872978854760846, 0.005608202953589664, 0.006502614737136297, 0.007596452467980409, 0.008940913856368506, 0.010601131440591976, 0.012659867322207407, 0.015222036399619243, 0.018420142453194427, 0.022420655335454186, 0.02743125377300512, 0.03370868901710807, 0.04156676868939703, 0.0513836015686505, 0.06360677417176763, 0.07875456401638488, 0.09741067961460624, 0.12020945555991662, 0.14780808453914276, 0.1808425702323119]
6.674169111832075	2.3589734136398586	[0.22056475257578023, 0.2659177455874226, 0.317721156812904, 0.37571333003180435, 0.4391519256793992, 0.5067249838589731, 0.5765003705352066, 0.645934933706653, 0.7119614715950757, 0.771163261369518, 0.8200325827345647, 0.8552930975808791, 0.8742492898780342, 0.8751136220294566, 0.8572577153976643, 0.8213404307163191, 0.7692833252799034, 0.7040896575861446, 0.6295313316205108, 0.5497522191874628, 0.4688502735428335, 0.3905015127882695, 0.31767668057562437, 0.2524799625479542, 0.19611439136357328, 0.14895654380724543, 0.11070829713390586, 0.08058768636925315, 0.057523591141079786, 0.0403275116625571, 0.027826759860513948, 0.018954002934219664, 0.01279625717887406, 0.008611329699222472, 0.005821528347520414, 0.003993984890362269, 0.0028151340178181336, 0.0020646202818521953, 0.001591767303693459, 0.0012960538599223108, 0.0011118902047715584, 0.000997320309709758, 0.0009259745285083327, 0.0008815335752660639, 0.0008540327659067481, 0.0008374581343715042, 0.0008282179982796582, 0.0008241900919735926, 0.0008241377398935246, 0.0008273574362458393, 0.0008334690490021591, 0.0008422925154946319, 0.0008537765285780196, 0.0008679581665341585, 0.0008849410499271848, 0.0009048846227598514, 0.0009280004140786973, 0.0009545528605313687, 0.000984863518644024, 0.001019318051618557, 0.0010583759334977596, 0.0011025830021888037, 0.0011525873540545269, 0.0012091591929639497, 0.0012732156097989469, 0.0013458514547475243, 0.0014283779461115786, 0.0015223710166721162, 0.0016297321218680073, 0.0017527649015840797, 0.001894272236235806, 0.0020576794386238254, 0.002247191193761477, 0.0024679919550117113, 0.002726502566184094, 0.0030307094309381926, 0.0033905874949187046, 0.0038186440927637146, 0.004330618417389155, 0.004946380236809314, 0.005691082668888895, 0.006596636017552477, 0.007703583736307524, 0.009063474846366116, 0.010741839226452776, 0.012821877472660084, 0.015408972106746613, 0.018636100658996176, 0.02267017483534298, 0.02771922465931594, 0.034040177760011794, 0.04194672754149126, 0.05181642853826305, 0.0640956901859552, 0.0793007829457627, 0.09801236471745829, 0.12086048965286686, 0.1484967287724047, 0.18155015152662882]
6.65107510106449	2.369395028998694	[0.2212651548369228, 0.26657412251478185, 0.31828994931352267, 0.37614431052406144, 0.4393911591136053, 0.5067193153798234, 0.5762032625370443, 0.6453131404849737, 0.7110016976712339, 0.7698776815117215, 0.8184620120800082, 0.8535067644012486, 0.8723406159665005, 0.8731921029169666, 0.8554377874592654, 0.8197289195608058, 0.7679674947755155, 0.7031278760728648, 0.6289479125079994, 0.5495371737266358, 0.4689637414275358, 0.3908817581675208, 0.31824997178774544, 0.2531705060408728, 0.19685275197498162, 0.1496855327539612, 0.11138596721732487, 0.08118766631342145, 0.05803339701371836, 0.040745647951764816, 0.02815939023851043, 0.019211799190839787, 0.012991804544099112, 0.008757245923770657, 0.005929284246378768, 0.004073310880422767, 0.002873854625618068, 0.002108760510561961, 0.0016258017270014094, 0.001323205700400427, 0.0011344223453415288, 0.0010167880766439271, 0.0009434292842777041, 0.0008976778707406137, 0.0008693335318499273, 0.0008522264534495644, 0.0008426637157830753, 0.0008384583659078481, 0.0008383330338439186, 0.000841559077892868, 0.0008477412197782836, 0.0008566906780086451, 0.0008683515836216416, 0.0008827592231744433, 0.0009000173379696007, 0.00092028692127174, 0.000943782200165426, 0.0009707713435923577, 0.0010015806392280487, 0.0010366015331564247, 0.0010763004249203032, 0.0011212313777677115, 0.0011720522025298497, 0.0012295445652416319, 0.0012946390687176273, 0.0013684465142964097, 0.0014522969678742509, 0.0015477886831164135, 0.0016568495925505776, 0.0017818148211349695, 0.00192552475605745, 0.002091449491490638, 0.0022838472597591156, 0.00250796665090516, 0.002770305390691563, 0.0030789421037324695, 0.003443962310712952, 0.0038780058058121964, 0.004396970089744814, 0.0050209135007735755, 0.005775212593576112, 0.0066920405591269876, 0.007812247081714425, 0.009187733228242762, 0.01088442630194622, 0.01298596463080615, 0.015598196202012839, 0.018854568408654283, 0.02292242843437474, 0.028010148342372757, 0.03437481918072099, 0.04233000333668821, 0.052252680034133164, 0.06458805707713826, 0.07985037060245476, 0.09861720051468709, 0.12151429575213991, 0.14918758832889148, 0.18225920788250158]
6.627981090296904	2.379908787946066	[0.2219660951107919, 0.26722997790158753, 0.3188570770421982, 0.3765724724774004, 0.4396264967000184, 0.5067088352275749, 0.5759006601845845, 0.6446854422905115, 0.7100358783311551, 0.7685861357601376, 0.8168856870625856, 0.8517149099049647, 0.8704265720980405, 0.8712652135723593, 0.8536123256485612, 0.8181116005401357, 0.7666455825998559, 0.7021598798615366, 0.6283584224350532, 0.5493165718524762, 0.4690725652083389, 0.39125861992637045, 0.31882137281772055, 0.25386073007108406, 0.19759227810492927, 0.15041694700093858, 0.11206700331731519, 0.08179159484396734, 0.0585473882539541, 0.04116791214896122, 0.028495870764002184, 0.01947302769376365, 0.013190299424146165, 0.008905616885574383, 0.0060390350221680555, 0.004154228919216422, 0.0029338315021248712, 0.0021538883867988725, 0.001660616108269456, 0.0013509815895579376, 0.0011574643314795387, 0.0010366838485182757, 0.0009612544274550859, 0.0009141526927988438, 0.0008849376484831458, 0.0008672799641041868, 0.0008573827644831396, 0.0008529925854392255, 0.0008527900421319579, 0.0008560205399055896, 0.000862273054784538, 0.0008713497615130417, 0.0008831899739168461, 0.0008978270892164747, 0.0009153648752772523, 0.0009359658833032955, 0.0009598470252315969, 0.0009872802676469219, 0.0010185966658162239, 0.001054193554223003, 0.0010945443351665371, 0.0011402114419844665, 0.0011918625204080605, 0.0012502908901735434, 0.0013164408389250847, 0.0013914393712713172, 0.0014766356412135083, 0.0015736505558882636, 0.0016844388542428335, 0.0018113675858714522, 0.001957315090441886, 0.0021257968232442225, 0.0023211251589134885, 0.002548613581834664, 0.002814837477531227, 0.003127968661566485, 0.003498204211103073, 0.0039383175732889885, 0.004464365719376286, 0.005096596919311974, 0.005860612381788944, 0.006788849509748596, 0.007922465148879725, 0.009313713208245296, 0.011028918335700457, 0.013152155888201386, 0.01578973692087945, 0.019075574860478103, 0.023177445660770183, 0.02830405423759703, 0.03471264167617218, 0.042716622673164534, 0.05269237959815689, 0.06508389433800096, 0.08040334098562743, 0.09922519458502874, 0.12217087375937384, 0.14988065502997877, 0.18296972246165358]
6.604887079529319	2.390515884046343	[0.2226675476302008, 0.26788527894134617, 0.3194225003537609, 0.376997772076816, 0.4398578910836758, 0.5066934952373298, 0.5755925147413073, 0.6440517917545382, 0.7090639669575973, 0.7672885792136164, 0.8153035633424233, 0.8499174907897246, 0.8685071149178016, 0.8693329109390416, 0.8517812862788859, 0.816488429396722, 0.7653175429617673, 0.7011856214796015, 0.627762811765871, 0.5490903624225419, 0.4691766933743359, 0.3916320485690211, 0.31939083908689303, 0.2545505983095852, 0.19833294460835066, 0.1511507746721877, 0.11275140762662077, 0.08239948756157674, 0.05906559200251741, 0.041594340077689224, 0.028836242770689243, 0.019737732046897306, 0.013391785009961901, 0.009056483193713574, 0.006150817405685035, 0.004236771096055432, 0.0029950920368429688, 0.0022000267897491, 0.0016962293948074062, 0.0013793970870022744, 0.001181029034911964, 0.00105701832608999, 0.0009794590570729252, 0.0009309658934558081, 0.0009008521082410668, 0.0008826249977958406, 0.0008723810574514693, 0.0008677983380591524, 0.0008675141767702152, 0.0008707470925631601, 0.0008770697803775543, 0.0008862749538324497, 0.00089829691903963, 0.000913167009978651, 0.0009309889894301131, 0.0009519269096937258, 0.0009762004136016419, 0.0010040852724163534, 0.0010359174017699657, 0.0010721000764492693, 0.0011131138332897735, 0.0011595295695963016, 0.001212024940586574, 0.0012714050613777661, 0.0013386281328018799, 0.0014148375642984111, 0.0015014018971750516, 0.0015999649714549783, 0.0017125087260108929, 0.0018414325165104258, 0.001989653153182606, 0.002160731966001869, 0.0023590361508090485, 0.002589944765415656, 0.0028601117324138186, 0.0031778029310044853, 0.00355332809632715, 0.003999595396525149, 0.004532822582634967, 0.0051734490503596835, 0.005947302059385009, 0.006887084320097646, 0.008034260991171865, 0.009441439300911587, 0.011175341434025937, 0.013320478628596475, 0.01598362294853526, 0.01929914941521227, 0.0234352564766741, 0.028600971907118366, 0.035053674023585474, 0.0431066121463418, 0.05313555105708271, 0.06558322125879433, 0.08095970825005883, 0.09983635407535456, 0.12283022359118571, 0.1505759200424223, 0.1836816783195792]
6.581793068761733	2.401217530871022	[0.2233694864275345, 0.2685399919591055, 0.3199861793457659, 0.377420164577349, 0.4400852946372204, 0.5066732463164008, 0.5752787771976842, 0.6434121406189497, 0.7080859166494876, 0.7659849661337252, 0.8137155962658335, 0.8481144629698937, 0.8665822007115914, 0.8673951512267395, 0.849944625250648, 0.8148593611799795, 0.7639833296007444, 0.7002050527866351, 0.6271610303338927, 0.5488584936278118, 0.4692760738166843, 0.3920019939214901, 0.31995832537707763, 0.25524007378220354, 0.19907472575843516, 0.1518870034049868, 0.11343918197324085, 0.08301135988838482, 0.05958803538111821, 0.04202496776091795, 0.029180547927012496, 0.020005956367041586, 0.013596305063714528, 0.009209886126873937, 0.006264668769120724, 0.004320970167165366, 0.0030576641993265226, 0.0022471991638898475, 0.001732660991877307, 0.0014084681868023943, 0.0012051296615618967, 0.0010778025296093985, 0.0009980525102655901, 0.0009481255612970307, 0.0009170840784010645, 0.0008982680699334632, 0.0008876646457677839, 0.0008828813647631498, 0.0008825109686187911, 0.0008857441434274645, 0.0008921367332636094, 0.0009014715724347982, 0.0009136777465761384, 0.0009287843579804463, 0.0009468951173117147, 0.000968175529425281, 0.0009928480025616874, 0.0010211921292208196, 0.001053548768883046, 0.0010903271986941023, 0.0011320152138949598, 0.0011791922803486411, 0.001232546230329325, 0.0012928941274919056, 0.001361208307771455, 0.0014386487995904093, 0.001526603824618217, 0.0016267404493318512, 0.0017410681998578988, 0.0018720191355973944, 0.0020225490487155383, 0.002196265676254448, 0.0023975917060707974, 0.002631972470326098, 0.0029061412950173227, 0.003228459020659767, 0.003609349125350223, 0.004061855593836819, 0.004602358239563561, 0.005251488806440032, 0.006035301957953842, 0.0069867668328909525, 0.008147657981488518, 0.009570936445046682, 0.011323722020186415, 0.01349096067919193, 0.016179883257151872, 0.019525321912805513, 0.0236958910611823, 0.02890093131347533, 0.03539794509620178, 0.043499998670941196, 0.05358221815880575, 0.0660860573271768, 0.08151948625437286, 0.10045068618304949, 0.12349234463752859, 0.151273374440517, 0.18439505778227178]
6.558699057994148	2.4120149624057707	[0.2240718851833104, 0.26919408256178445, 0.3205480736953098, 0.377839604457818, 0.4403086592908437, 0.506648038589655, 0.5749593981010154, 0.6427664398641503, 0.7071016800623717, 0.7646752500531698, 0.8121217407301714, 0.8463057816694065, 0.8646517853058261, 0.8654518899919101, 0.8481022979862283, 0.8132243503104598, 0.7626428957448576, 0.6992181250141469, 0.6265530274078429, 0.5486209130045255, 0.46937065379510895, 0.3923684051212875, 0.320523785799236, 0.25592911884856373, 0.19981759522285336, 0.1526256203281346, 0.11413032780762485, 0.08362722705098437, 0.060114745491010965, 0.042459831410683095, 0.029528828244775176, 0.020277745280063295, 0.013803903935184188, 0.009365867634588252, 0.006380627147115004, 0.004406859559642663, 0.0031215765615638493, 0.0022954295233106365, 0.0017699307837593396, 0.0014382113206444966, 0.0012297797698703071, 0.0010990478003216006, 0.0010170443775398756, 0.0009656400215705864, 0.0009336409136657583, 0.0009142158790891443, 0.0009032397290107285, 0.0008982475588960791, 0.000897786076358752, 0.0009010172361760528, 0.0009074793684153027, 0.0009169450634526375, 0.0009293378993274111, 0.00094468463223783, 0.0009630888118596259, 0.0009847173992083326, 0.0010097955488569785, 0.0010386067408319657, 0.001071496813794615, 0.00110888115712326, 0.0011512549036207052, 0.0011992062392283843, 0.0012534332979692055, 0.001314765292538252, 0.0013841888733839634, 0.00146288095134589, 0.0015522496778633107, 0.0016539856924123351, 0.001770126449151348, 0.0019031371676221363, 0.0020560130815932866, 0.0022324089345556078, 0.0024368035172226813, 0.0026747092152537796, 0.0029529395516633187, 0.003279951318928689, 0.0036662827309191653, 0.004125114796347281, 0.004672990552053544, 0.005330735447555361, 0.006124632737005865, 0.007087919271390918, 0.008262679839653758, 0.009702229985859833, 0.011474086868469626, 0.01366363028380684, 0.016378547148414142, 0.019754122593458073, 0.023959379863455473, 0.02920396276508517, 0.035745483929415005, 0.043896809407654586, 0.05403240465412667, 0.06659242213388353, 0.08208268866081905, 0.10106819804028444, 0.12415723588081709, 0.15197300907074576, 0.18510984258354005]
6.5356050472265625	2.422909433467219	[0.224774716763902, 0.2698475160871327, 0.3211081421645417, 0.3782560458936384, 0.4405279360324227, 0.506617821875078, 0.5746343270786733, 0.6421146401618957, 0.7061112089772118, 0.7633593841781483, 0.8105219508098933, 0.8444914017498184, 0.8627158237541843, 0.8635030823807672, 0.8462542591790503, 0.811583350745287, 0.7612961939255709, 0.698224788873218, 0.6259387515722217, 0.5483775675033037, 0.4694603798745736, 0.3927312306580948, 0.3210871737688349, 0.2566176952171992, 0.2005615260605984, 0.15336661205446675, 0.1148248462112802, 0.08424710405732007, 0.06064574943142809, 0.042898967398477594, 0.029881126108393902, 0.02055314389183651, 0.0140146266012234, 0.009524470311578676, 0.00649873128304619, 0.0044944733487428746, 0.003186858346424717, 0.0023447424303793003, 0.0018080591803351473, 0.0014686433368056593, 0.0012549933131216144, 0.0011207657796108185, 0.0010364445400060124, 0.000983517815973434, 0.0009505301884650208, 0.0009304752880284357, 0.0009191126832568206, 0.0009139029488567854, 0.0009133453109355826, 0.000916572035150729, 0.0009231032806753614, 0.0009327009880222622, 0.0009452829547117386, 0.0009608734461939155, 0.000979575759827095, 0.0010015582927277637, 0.0010270489453111128, 0.0010563351317270377, 0.0010897677239208676, 0.0011277683161517043, 0.0011708394768153094, 0.001219578247765744, 0.0012746932087602796, 0.0013370259072358972, 0.001407577507803005, 0.001487542052678976, 0.0015783478943303393, 0.0016817095770444068, 0.0017996928480318068, 0.0019347965276434495, 0.002090055778436444, 0.0022691729319011945, 0.002476683524178965, 0.0027181677519457987, 0.003000520165663914, 0.0033322944722071566, 0.0037241446565183514, 0.004189389919279032, 0.004744737729749901, 0.005411208542663521, 0.00621531544192772, 0.007190564187133481, 0.008379350706468015, 0.009835345603731444, 0.011626463199466416, 0.013838516006032704, 0.01657964437629541, 0.01998558196710678, 0.02422575376020923, 0.02951009674299394, 0.03609631992060352, 0.04429707153798861, 0.05448613454592373, 0.0671023350879239, 0.08264932923861933, 0.10168889636539154, 0.12482489625433918, 0.15267481414121986, 0.18582601427395734]
6.512511036458977	2.4339022201296308	[0.22547795347289068, 0.2705002573249323, 0.32166634287007595, 0.3786694424639715, 0.4407430751809054, 0.5065825453907508, 0.5743035130996496, 0.6414566915973957, 0.7051144545364237, 0.7620373211406203, 0.8089161799583837, 0.8426712775044944, 0.8607742705014645, 0.8615486829703709, 0.8444004629184408, 0.8099363158627421, 0.7599431760639043, 0.6972249944734382, 0.6253181507774384, 0.5481284034327216, 0.4695451979455315, 0.39309041833531044, 0.321648442004798, 0.25730576392139615, 0.20130649070823042, 0.1541099646691556, 0.11552273787744739, 0.08487100569662497, 0.061181074280096386, 0.04334241226638268, 0.03023748425888347, 0.02083219780949644, 0.014228518654563538, 0.009685737426572099, 0.006619020621771815, 0.00458384629048871, 0.0032535394222724646, 0.0023951630283921914, 0.001847067111702876, 0.0014997815302187996, 0.001280784633148924, 0.0011429684352928784, 0.001056263162180237, 0.0010017677250879595, 0.0009677596893460074, 0.0009470533427823501, 0.000935290053615914, 0.0009298537144675739, 0.0009291946286464223, 0.0009324143396507781, 0.0009390141986022935, 0.0009487450350262325, 0.0009615186194139496, 0.0009773565393380167, 0.0009963617771782465, 0.0010187041114908804, 0.0010446142168543276, 0.0010743834584675022, 0.0011083678239778919, 0.0011469951786253689, 0.001190775652403179, 0.001240315254280103, 0.0012963331819256822, 0.0013596834795772945, 0.0014313820548543883, 0.0015126403068171925, 0.001604907091374278, 0.0017099211651857445, 0.001829776967762997, 0.001967007334809652, 0.0021246878834346866, 0.002306569085127856, 0.0025172439083926035, 0.002762361083148182, 0.0030488970694035754, 0.003385503406239211, 0.0037829509453684343, 0.004254698187855107, 0.00481761831452427, 0.005492928001634844, 0.006307371481910745, 0.007294724499895766, 0.008497695112333033, 0.009970309364689305, 0.011780878635754518, 0.014015646793325214, 0.01678320508523982, 0.020219730894852964, 0.02449504397106969, 0.029819364003860246, 0.03645048271604425, 0.04470081239321233, 0.054943431942592096, 0.0676158155754746, 0.08321942168068287, 0.10231278765425639, 0.12549532442203953, 0.15337877944531472, 0.186543553967444]
6.489417025691392	2.444994620161718	[0.2261815673193231, 0.27115227022504457, 0.32222263356860537, 0.3790797468452068, 0.44095402667361394, 0.5065421574470315, 0.5739669047467302, 0.6407925433758107, 0.704111367487864, 0.7607090127360816, 0.8073043812173637, 0.8408453624423285, 0.8588270795569628, 0.8595886456048369, 0.8425408628259962, 0.8082831983460957, 0.7585837935672696, 0.6962186912415348, 0.6246911723960402, 0.5478733664001063, 0.4696250532442802, 0.3934459152264055, 0.3222075425243187, 0.2579932852900291, 0.20205246096079435, 0.15485566371536907, 0.11622400308709616, 0.0854989465395197, 0.06172074707004382, 0.04379020274043066, 0.03059794577464638, 0.02111495316603302, 0.01444562628952142, 0.009849712954904648, 0.006741535299235215, 0.004675013858180872, 0.0033216502944562972, 0.0024467170780668275, 0.0018869760197687032, 0.001531643676202055, 0.0013071684511699053, 0.0011656680913103643, 0.0010765106821058743, 0.0010203987939138345, 0.0009853374048889544, 0.0009639572944985743, 0.0009517785445079443, 0.0009461062058249999, 0.0009453401221808476, 0.000948550100443365, 0.0009552179764675714, 0.0009650830358295136, 0.0009780507223610979, 0.000994139790637146, 0.0010134528029558097, 0.0010361608973481044, 0.0010624975151387011, 0.0010927580216508336, 0.0011273035711727736, 0.0011665683975149498, 0.0012110702894671437, 0.0012614243656147459, 0.0013183605864342074, 0.0013827456869094153, 0.0014556105197789156, 0.0015381840998612364, 0.0016319360617577771, 0.001738629718224497, 0.0018603885716037011, 0.0019997799277023972, 0.0021599203521954257, 0.0023446090543588166, 0.002558497085103036, 0.00280730248289609, 0.003098084454181429, 0.0034395933502176334, 0.0038427179267321045, 0.004321057166472428, 0.004891651161660065, 0.005575914111143611, 0.006400822603826272, 0.007400423542426263, 0.008617737940863674, 0.010107147776658562, 0.011937361151403793, 0.014195052048072086, 0.016989259740811617, 0.02045660067875362, 0.02476728196491335, 0.030131795692851217, 0.03680800208732479, 0.04510805959488589, 0.055404320899673114, 0.06813288313207962, 0.08379297940758572, 0.10293987838667405, 0.12616851854515534, 0.15408489460161423, 0.18726244207469409]
6.466323014923806	2.4561879534739592	[0.22688552957424005, 0.27180351832325256, 0.32277697118413434, 0.37948691125859474, 0.4411607395902768, 0.5064966058965181, 0.5736244497645469, 0.6401221442506686, 0.7031018977775485, 0.7593744103037907, 0.8056865068638975, 0.8390136095963874, 0.8568742041974824, 0.857622923621791, 0.8406754118158836, 0.8066239503356414, 0.757217997151169, 0.6952058280193812, 0.6240577631074119, 0.5476124013749567, 0.4696998902924703, 0.3937976677130351, 0.3227644266203979, 0.25868021896193893, 0.20279940797005813, 0.15560369418663186, 0.11692864171793176, 0.0861309409147844, 0.06226479480761778, 0.04424237570093879, 0.030962554099993746, 0.021401456591522323, 0.014665996340887609, 0.010016441553696883, 0.0068663161885668495, 0.004768012221023887, 0.003391222153923723, 0.0024994309378353935, 0.0019278079051861829, 0.0015642480110987496, 0.0013341599104975137, 0.001188877408398666, 0.001097197848905332, 0.001039420312946661, 0.0010032715582431455, 0.0009811945815274535, 0.0009685850478276797, 0.0009626669268574717, 0.0009617880451936212, 0.0009649854050087108, 0.0009717206159799431, 0.000981720951202195, 0.0009948852342550095, 0.0010112292069723269, 0.0010308549171924742, 0.001053934822193855, 0.001080705135330651, 0.0011114652565879675, 0.0011465815713328342, 0.0011864947672658264, 0.0012317304031454236, 0.001282912838842987, 0.001340782957095052, 0.0014062203676575699, 0.00148027108598096, 0.0015641819921439332, 0.0016594437915676485, 0.0017678446875133578, 0.0018915376345046652, 0.002033124853459783, 0.002195764373983896, 0.0023833047299379392, 0.0026004557290999234, 0.0028530054801954394, 0.0031480968007853364, 0.0034945798157403575, 0.0039034622530046974, 0.00438848473088755, 0.004966855485724615, 0.005660187497261146, 0.006495690949864028, 0.007507685009616737, 0.008739504502160985, 0.010245887720156834, 0.01209593916576357, 0.014376761533386965, 0.01719783924991042, 0.020696222934974366, 0.02504249961326564, 0.03044742317549895, 0.03716890812498212, 0.04551884083673975, 0.05586882566009877, 0.0686535571673275, 0.08437001585864631, 0.10357017469010851, 0.1268444766245835, 0.15479314865892962, 0.1879826586922723]
6.443229004156221	2.467483562576657	[0.2275898110879198, 0.27245396440096514, 0.3233293121455032, 0.3798908871125947, 0.4413631624917246, 0.5064458377740064, 0.5732760953792619, 0.6394454421796899, 0.7020859948353512, 0.7580334644191657, 0.8040625086558089, 0.8371759712713005, 0.8549155971719088, 0.8556514696630789, 0.8388040622574543, 0.8049585232961307, 0.7558457369555243, 0.6941863529713139, 0.6234178689652936, 0.5473454526207705, 0.46976965292180195, 0.39414562143451165, 0.3233190448560045, 0.25936652385191805, 0.20354730222224227, 0.15635404051035398, 0.1176366532167708, 0.08676700291004263, 0.06281324444586547, 0.04469896819838319, 0.03133135302260446, 0.021691755241332707, 0.014889676266299128, 0.010185968598639492, 0.006993404886408646, 0.004862878285074445, 0.0034622868655799447, 0.0025533316047948304, 0.0019695853160150052, 0.0015976132702784467, 0.0013617745646496552, 0.0012126094177154982, 0.0011183357103775112, 0.0010588418472302814, 0.001021570594724116, 0.0009987728543709737, 0.0009857166311135754, 0.000979542556886687, 0.0009785448014479885, 0.0009817264964305113, 0.000988528256584328, 0.0009986648881670516, 0.001012028259027147, 0.0010286309384726828, 0.0010485743334061606, 0.0010720322022358694, 0.00109924350946886, 0.0011305117468997788, 0.001166208572919472, 0.0012067812370792584, 0.0012527631590801968, 0.0013047880945783184, 0.0013636079892056538, 0.001430115535016604, 0.0015053721096150603, 0.0015906427326858334, 0.0016874394544344746, 0.0017975757300316953, 0.0019232343365794536, 0.0020670528851811005, 0.002232231363943504, 0.0024226682522494095, 0.0026431327650108666, 0.0028994838821242972, 0.003198948866898285, 0.0035504786243248793, 0.003965200882910413, 0.0044569991016282584, 0.005043250837699341, 0.005745769166705696, 0.006591999026037769, 0.007616533010100665, 0.008863020489248832, 0.01038655651342529, 0.012256641483357408, 0.01456080545570267, 0.01740897487860818, 0.020938629698512293, 0.025320729079764803, 0.03076627816980674, 0.0375332310931155, 0.04593318404961742, 0.05633697046840149, 0.069177857167522, 0.0849505442625289, 0.10420368258313233, 0.12752319622835004, 0.15550353037985284, 0.18870418329176467]
6.420134993388635	2.47888281304902	[0.22829438197516405, 0.2731035707799272, 0.3238796120513277, 0.38029162531224425, 0.4415612430827785, 0.5063897996071853, 0.5729217879783767, 0.6387623846204091, 0.7010636072861108, 0.7566861251559676, 0.8024323375807827, 0.8353323992557996, 0.8529512104894933, 0.853674235830105, 0.836926765803588, 0.8032868681201872, 0.7544669624161954, 0.693160213649927, 0.6227714353135207, 0.5470724637358063, 0.4698342842269084, 0.394489721309246, 0.3238713470433941, 0.26005215815561944, 0.20429611353275998, 0.15710668653778626, 0.11834803660280523, 0.08740714635155707, 0.06336612289565315, 0.04516001743026296, 0.03170438669428268, 0.021985896775833184, 0.015116714176762228, 0.010358340168605809, 0.007122843750440213, 0.00495964968165434, 0.0035348770084912954, 0.002608446704681191, 0.002012331386672161, 0.0016317586779817355, 0.0013900284126328688, 0.0012368775099759106, 0.001139935643754226, 0.0010786732250381206, 0.0010402432082136552, 0.0010166999644889263, 0.0010031805602300245, 0.0009967399400850508, 0.0009956169645213215, 0.0009987797638253712, 0.0010056471928699881, 0.0010159210915124375, 0.001029486049523846, 0.0010463512710709002, 0.0010666174130418806, 0.0010904594914617437, 0.0011181192200714176, 0.001149904218717118, 0.0011861914801626788, 0.0012274349056466934, 0.0012741758864168262, 0.0013270577120299612, 0.0013868435517487175, 0.0014544393720964718, 0.001530922133330796, 0.0016175752541671335, 0.0017159324262162746, 0.001827832702864147, 0.001955489079187526, 0.0021015750155011443, 0.0022693329811446315, 0.0024627120038381188, 0.002686541388032369, 0.0029467517637411732, 0.003250655711438407, 0.003607305894047185, 0.004027951110660998, 0.004526618825885288, 0.005120857140538137, 0.005832680481938807, 0.006689769746195563, 0.007726992031767314, 0.008988312033158504, 0.010529181864675882, 0.01241949736330963, 0.014747214399074456, 0.01762269833983875, 0.02118385333394375, 0.025602002930563448, 0.031088392627214582, 0.0379010015671351, 0.04635111724649718, 0.05680877973999729, 0.06970580249975859, 0.08553457784085695, 0.10484040773617115, 0.12820467472987232, 0.15621602796002051, 0.1894269949896392]
6.39704098262105	2.4903870940195225	[0.22899921163221998, 0.27375229928900674, 0.3244278256887063, 0.3806890762215241, 0.44175492822964474, 0.5063284373740902, 0.5725614731236859, 0.6380729184840717, 0.7000346829577623, 0.7553323420415354, 0.8007959438630996, 0.8334828447862348, 0.8509809954294455, 0.8516911736597306, 0.8350434734031891, 0.8016089351135133, 0.7530816222743717, 0.6921273569821619, 0.622118406785535, 0.5467933776347035, 0.46989372655475015, 0.39482991151252667, 0.3244212822263325, 0.2607370793260065, 0.20504581102652647, 0.15786161552391847, 0.11906279045156724, 0.0880513847911845, 0.0639234570165032, 0.045625560736747096, 0.03208169962995095, 0.02228392936480586, 0.015347158843320162, 0.010533603057193596, 0.007254675911496008, 0.005058364783003629, 0.003609025890301616, 0.002664804508367476, 0.0020560698518431383, 0.0016667039622832033, 0.001418937910715903, 0.0012616954478110762, 0.0011620093649126436, 0.0010989245476048315, 0.0010592983481524044, 0.001034983971913346, 0.001020984304759198, 0.0010142660916020794, 0.0010130112821872248, 0.0010161517475193297, 0.0010230838783894893, 0.0010334959484104241, 0.001047265011060337, 0.0010643966308266015, 0.0010849906689480765, 0.001109223285842059, 0.0011373390036514364, 0.0011696495448834316, 0.0012065373566930832, 0.0012484630254409588, 0.001295976081609034, 0.0013497294334562642, 0.0014104976914177478, 0.0014792002366050784, 0.0015569298905618542, 0.0016449886779060026, 0.0017449322895916636, 0.0018586256685419837, 0.001988312489867952, 0.0021367024623646226, 0.002307081133886833, 0.002503448615687173, 0.0027306950696114585, 0.002994823474932318, 0.0033032327005970857, 0.0036650780470124837, 0.004091730572269908, 0.004597362785634511, 0.005199694695583698, 0.005920943169923056, 0.006789026438223834, 0.00783908695107373, 0.009115405708411949, 0.010673791881794329, 0.012584536523357143, 0.01493601933503317, 0.01783904179493294, 0.02143192654515779, 0.025886354132193472, 0.0314137987420349, 0.038272250426759635, 0.046772668531737865, 0.05728427804841736, 0.07023741242156833, 0.08612212978940367, 0.1054803554826356, 0.12888890928357377, 0.15693062904193206, 0.1901510725181659]
6.3739469718534645	2.5019978186579923	[0.22970426931128354, 0.27440011063890135, 0.32497390764331113, 0.38108318901557503, 0.4419441645784589, 0.5062616958668177, 0.5721950961475208, 0.6373769895441507, 0.6989991694245166, 0.753972063535739, 0.799153277427385, 0.8316272581101609, 0.8490049029086753, 0.8497022337766061, 0.8331541355705709, 0.7999246737341548, 0.751689664759198, 0.6910877290897682, 0.6214587274183856, 0.546508136437894, 0.4699479215653188, 0.3951661354180561, 0.32496879870046536, 0.26142124405188266, 0.20579636312798985, 0.15861881013045023, 0.11978091286324503, 0.08869973152713351, 0.06448527357303918, 0.046095635637254745, 0.03246333666114011, 0.02258590173843862, 0.015581059653010236, 0.01071180483467153, 0.007388945233479407, 0.005159062769812821, 0.0036847675102008454, 0.0027224339994423295, 0.002100825011181634, 0.0017024694185866814, 0.0014485199382483923, 0.0012870774230007848, 0.0011845688955164342, 0.0011196062395370965, 0.0010787451885996622, 0.0010536331892587736, 0.0010391355095331156, 0.001032128236030419, 0.0010307346507055773, 0.0010338491729350485, 0.0010408449026944764, 0.001051396018652016, 0.0010653716809616229, 0.001082773611351599, 0.0011037007470433508, 0.0011283303487021074, 0.0011569097340618864, 0.0011897547689610503, 0.0012272534100888962, 0.0012698730260011413, 0.0013181713936769566, 0.0013728111873572285, 0.001434578618072239, 0.0015044066845968998, 0.0015834042906163394, 0.0016728923388729094, 0.001774448818134607, 0.001889964922145617, 0.002021715404600671, 0.0021724466992185604, 0.002345487959119176, 0.0025448910017666342, 0.0027756075326579427, 0.00304371368095998, 0.003356695476986646, 0.0037238118580659387, 0.004156557206094896, 0.004669250257369926, 0.005279784131037409, 0.00601057939664154, 0.006889792775769323, 0.007952843127241458, 0.009244328441829971, 0.010820415192425607, 0.012751789017883066, 0.015127251776183731, 0.018058037691324278, 0.021682882571375618, 0.026173815838085847, 0.03174252919957167, 0.038647008580154546, 0.04719786641067694, 0.05776348977719926, 0.07077270645934117, 0.08671321285151533, 0.10612353126918957, 0.12957589631991734, 0.15764732123336692, 0.1908763936508522]
6.350852961085879	2.5137164246795964	[0.23040952352277988, 0.2750469650197669, 0.325517811663877, 0.38147391230137423, 0.4421288979114502, 0.5061895193029919, 0.5718226015328775, 0.6366745430055532, 0.6979570134415285, 0.752605237530548, 0.7975042874121465, 0.8297655888991949, 0.8470228830884565, 0.8477073662134975, 0.8312587020873549, 0.79823403282343, 0.7502910373757445, 0.6900412754400606, 0.6207923405115802, 0.5462166815568756, 0.4699968101466874, 0.3954983356337062, 0.32551384396958766, 0.2621046082567796, 0.20654773754666184, 0.15937825240020942, 0.12050240147078592, 0.08935219956479289, 0.06505159926182884, 0.046570279786304306, 0.032849342978981434, 0.02289186314412075, 0.01581846666478261, 0.010892993808383126, 0.007525696377445314, 0.005261783595158852, 0.003762136625622986, 0.0027813648404027467, 0.0021466217937925807, 0.001739075877040934, 0.0014787918568258832, 0.0013130380248990911, 0.0012076266155684676, 0.001140729018669519, 0.001098593174177578, 0.0010726561536098045, 0.00105764203466113, 0.0010503337817666608, 0.0010487941498733876, 0.0010518789275797348, 0.0010589370223657384, 0.0010696280141513084, 0.0010838127564528131, 0.0011014889555368908, 0.0011227544518550576, 0.0011477875942766732, 0.001176838446389058, 0.0012102270901720588, 0.001248347014772164, 0.0012916724997977917, 0.001340769646722944, 0.0013963110747849082, 0.00145909472749042, 0.0015300674567160814, 0.0016103544423220892, 0.0017012957712884001, 0.0018044920015917504, 0.0019218609755654625, 0.0020557088955966453, 0.002208819437062754, 0.0023845658538412867, 0.0025870523377259018, 0.0028212927879665327, 0.0030934373362445956, 0.0034110600029334877, 0.0037835244215381134, 0.0042224493054493885, 0.0047423008688896855, 0.005361146467126414, 0.006101611709936885, 0.006992092860206445, 0.008068286325797834, 0.009375107616768012, 0.010969080841232014, 0.012921285371270049, 0.015320943638419498, 0.018279718933260188, 0.021936755003944167, 0.02646442160600456, 0.032074616936169593, 0.0390253072378751, 0.0476267394820419, 0.058246439459258274, 0.07131170402477245, 0.08730783972902305, 0.10676994019311262, 0.13026563202870062, 0.1583660915702774, 0.19160293575116027]
6.327758950318294	2.5255443748611253	[0.23111494192246526, 0.27569282219776453, 0.3260594905412733, 0.38186119421635956, 0.44230907302227024, 0.5061118514207089, 0.5714439327903228, 0.6359655235910082, 0.6969081608299279, 0.7512318114253903, 0.7958489220698013, 0.8278977863130031, 0.845034885294242, 0.8457065204636927, 0.829357121942384, 0.7965369606451642, 0.7488856868611289, 0.6889879408695628, 0.6201191885935072, 0.5459189537004413, 0.4700403323859455, 0.3958264539925824, 0.32605636472032995, 0.2627871270814669, 0.20729990125777906, 0.16013992373644803, 0.12122725342820502, 0.09000880159728947, 0.0656224607090594, 0.0470495309591779, 0.0332397641423205, 0.023201863339317525, 0.016059430627340596, 0.011077219022453802, 0.00766497482634294, 0.005366567988627359, 0.0038411687799345933, 0.0028416273781670465, 0.0021934857852910256, 0.0017765447071689312, 0.0015097715345041478, 0.0013395922431814846, 0.001231195284010007, 0.0011623038969667788, 0.0011188520372592276, 0.0010920616261254955, 0.0010765119699401072, 0.001068890319946417, 0.00106719705535318, 0.0010702480598056786, 0.0010773671718557333, 0.0010881987978435858, 0.00110259510447778, 0.001120549554748549, 0.0011421587556636754, 0.0011676020872623941, 0.0011971323456936352, 0.0012310738633067558, 0.0012698257205684279, 0.0013138692024656162, 0.0013637788485046619, 0.0014202373698514472, 0.0014840546101398179, 0.0015561914789188889, 0.0016377896631805584, 0.0017302087094852349, 0.0018350720556186248, 0.001954324558407293, 0.0020903042818394752, 0.002245832625266357, 0.002424327486707147, 0.00262994606143038, 0.002867765147187028, 0.003144009684344292, 0.0034663425751751513, 0.0038442331502598296, 0.00428942553545628, 0.004816534596753427, 0.005443803135622118, 0.006194063034563285, 0.007095951243413062, 0.008185442710044894, 0.00950777109982836, 0.011119818276207774, 0.013093056609317498, 0.015517127220099191, 0.01850411891878824, 0.022193577756055214, 0.026758205441575, 0.03241009509704161, 0.03940717796402748, 0.04805931638173231, 0.058733151836848324, 0.07185442434323333, 0.08790602315205638, 0.10741958691514586, 0.1309581124392102, 0.1590869264154504, 0.19233067586222025]
6.304664939550708	2.5374831575699175	[0.2318204915470118, 0.276337641234032, 0.3265988963606427, 0.3822449821392438, 0.4424846339755747, 0.5060286351979065, 0.5710590327128865, 0.6352498752831246, 0.6958525567116673, 0.74985173189933, 0.7941871289649847, 0.8260237988024653, 0.8430408581655028, 0.843699645314458, 0.8274493434320206, 0.7948334047519487, 0.7474735592454296, 0.6879276694878771, 0.6194392134575047, 0.5456148928172662, 0.4700784275911792, 0.39615043152664464, 0.3265963068324117, 0.2634687548755757, 0.20805282049904023, 0.16090380490305511, 0.1219554653952779, 0.0906695500115072, 0.06619788444905664, 0.04753342706559113, 0.033634646057072816, 0.02351595261503176, 0.01630400296367659, 0.011264530290365648, 0.007806826875151386, 0.005473457494472119, 0.003921900296028728, 0.002903252683364633, 0.002241443222314018, 0.0018148978547680374, 0.0015414773396552255, 0.0013667555005163303, 0.0012552880315335713, 0.0011843422085755315, 0.001139531790102141, 0.0011118586159227426, 0.0010957536269049135, 0.0010878056449239034, 0.0010859508311454591, 0.0010889637966615812, 0.0010961424566847545, 0.0011071153995776235, 0.0011217257557307476, 0.0011399624633078214, 0.0011619207933481043, 0.001187781056332539, 0.0012177988025694347, 0.0012523026116500015, 0.0012916972488374904, 0.0013364710654755532, 0.0013872071869745464, 0.0014445985324616506, 0.0015094670479448569, 0.0015827878755830622, 0.0016657194761586461, 0.001759641101733023, 0.001866199418352754, 0.001987366632916055, 0.0021255131251326728, 0.002283498468047924, 0.002464785793139316, 0.0026735858915647973, 0.002915039216444966, 0.003195446279396889, 0.003522559816205505, 0.00390595580076033, 0.004357504921016975, 0.004891971796419043, 0.005527775962892778, 0.006287956708780161, 0.007201392903784172, 0.008304338886037411, 0.009642347206982824, 0.01127265740443829, 0.013267134211775842, 0.0157158352714775, 0.018731271474143146, 0.022453385149176504, 0.027055201709272794, 0.03274899714328241, 0.03979265255837418, 0.048495625913866636, 0.0592236517098741, 0.07240088661155858, 0.08850777569038447, 0.10807247584520474, 0.1316533331945394, 0.15980981167105449, 0.19305959044857693]
6.281570928783123	2.5495342873056934	[0.23252613903991598, 0.27698138023397395, 0.32713598074006955, 0.3826252224274894, 0.44265552434506994, 0.505939812588226, 0.5706678435994234, 0.6345275410711387, 0.6947901457080832, 0.7484649446834972, 0.7925188551447088, 0.8241435739217116, 0.8410407497981172, 0.8416866887055572, 0.8255353142742549, 0.7931233118857504, 0.7460545999336377, 0.6868604046074661, 0.6187523562080978, 0.5453044380421773, 0.4701110343040877, 0.3964702084239017, 0.3271336153664297, 0.2641494451663542, 0.20880646074520456, 0.16166987600686786, 0.12268703350844384, 0.09133445688492392, 0.06677789689754675, 0.04802200616078222, 0.034034034955197315, 0.023834181819658237, 0.01655223575677182, 0.011454978228571933, 0.0079512996221227, 0.0055824945106942555, 0.004004368270603465, 0.0029662725904130724, 0.0022905209873675214, 0.0018541578795872684, 0.0015739281349157024, 0.0013945436860561284, 0.001279918353304651, 0.001206855638730801, 0.0011606427167447477, 0.0011320564048231995, 0.0011153755305326701, 0.0011070877756033202, 0.0011050631216440517, 0.0011080335625720055, 0.001115270146183622, 0.0011263850328072317, 0.0011412118982246763, 0.001159734913740875, 0.0011820478567759942, 0.0012083319083940332, 0.0012388453482658722, 0.0012739210406266912, 0.0013139694881916899, 0.0013594862095084451, 0.0014110630264322264, 0.001469403221735617, 0.0015353410106929276, 0.0016098659833015884, 0.0016941536061440407, 0.0017896031247473102, 0.0018978847466758065, 0.002020998409588603, 0.0021613472258645828, 0.0023218294416495764, 0.0025059539701966812, 0.002717985846924443, 0.0029631298897687132, 0.0032477630082226546, 0.0035797286655042623, 0.003968710499059134, 0.004426706834787101, 0.004968633232835358, 0.00561308715315875, 0.006383316521149846, 0.007308443222759851, 0.00842500194733959, 0.009778864670699458, 0.011427628646968838, 0.013443550066646172, 0.015917101062263822, 0.018961210791065265, 0.022716211996288174, 0.027355445048110827, 0.03309135695408366, 0.04018176294576722, 0.0489356971753659, 0.05971796379531289, 0.07295111014802101, 0.08911310958096452, 0.10872861131957272, 0.13235128934818005, 0.1605347329824417, 0.19378965516581564]
6.258476918015537	2.561699305255829	[0.23323185025232315, 0.27762399673431115, 0.32767069440512625, 0.38300186081814425, 0.4428216867815762, 0.5058453249161688, 0.570270306838634, 0.6337984633207198, 0.6937208715610812, 0.747071394888309, 0.7908440468124406, 0.8222570586001174, 0.8390345074790386, 0.839667597939736, 0.8236149814041626, 0.7914066281277784, 0.7446287535568222, 0.6857860888399642, 0.6180585571597054, 0.5449875277489236, 0.4701380902364525, 0.3967857240473271, 0.3276682345283066, 0.26482915065212753, 0.20956078669252484, 0.16243811647369336, 0.12342195338077637, 0.09200353395243635, 0.06736252436606015, 0.04851530641084293, 0.03443797742344627, 0.02415660232818732, 0.016804181791097977, 0.011648614231422848, 0.008098441019086775, 0.0056937222685823595, 0.004088610628031376, 0.0030307196793842328, 0.0023407466615022144, 0.0018943479376766043, 0.001607143325558929, 0.0014229731375378129, 0.0013051001517180097, 0.0012298562057946058, 0.0011821954101319744, 0.0011526645299220013, 0.0011353864513963575, 0.001126744939110108, 0.001124541779696236, 0.001127464964464575, 0.0011347576983231178, 0.0011460150812835062, 0.001161060899653448, 0.001179874304956866, 0.0012025474153548135, 0.0012292622180544634, 0.0012602796939968812, 0.0012959370282976629, 0.001336650513071124, 0.0013829229356877575, 0.0014353549258409658, 0.0014946602876647545, 0.0015616856745600503, 0.0016374353426212714, 0.001723101999169801, 0.0018201051751234975, 0.0019301389366809187, 0.002055231337837491, 0.002197818645354787, 0.0023608382836411545, 0.0025478455015762185, 0.002763160233582752, 0.0030120523777227588, 0.003300976074299834, 0.00363786641305692, 0.004032515719997881, 0.0044970510372091665, 0.005046540053131327, 0.0056997593371464345, 0.00648016667385358, 0.007417128044816252, 0.00854745942530749, 0.00991735271471398, 0.011584762871291334, 0.013622336563993804, 0.016120958290379305, 0.019193971544749288, 0.02298209347994854, 0.02765897051950178, 0.03343720866661701, 0.04057454135998014, 0.049379559350567544, 0.060216112952562545, 0.07350511413635363, 0.08972203699856936, 0.10938799729237372, 0.13305197568024343, 0.16126167537995253, 0.19452084521759389]
6.235382907247952	2.5739797798641946	[0.2339375904895932, 0.2782654474136623, 0.328202987453083, 0.38337484213104267, 0.44298306328404485, 0.5057451125878476, 0.5698663631723392, 0.6330625835047209, 0.692644677372119, 0.7456710267623394, 0.7891626495280397, 0.8203641989336876, 0.8370220778389356, 0.8376423195095218, 0.8216882910800744, 0.789683298763417, 0.7431959640401564, 0.684704664000239, 0.617357755877263, 0.5446640994902244, 0.4701595322913883, 0.39709691690332044, 0.32820010767502045, 0.2655078231896453, 0.21031576225083592, 0.16320850504697948, 0.1241602200834926, 0.0926767926133652, 0.06795179303833748, 0.04901336610882484, 0.034846520380832975, 0.02448326606870399, 0.01705989453516887, 0.011845490507127682, 0.008248299859635549, 0.005807184874623679, 0.004174666112202446, 0.003096627319337925, 0.002392148517281441, 0.0019354918224141632, 0.0016411428519117947, 0.0014520606779329522, 0.001330847727779401, 0.0012533562929818937, 0.0012042007627902855, 0.0011736928107802655, 0.0011557953962468034, 0.0011467855942249158, 0.0011443948576358547, 0.001147265812266616, 0.0011546127515361488, 0.0011660131173399724, 0.001181280300136626, 0.0012003882189240745, 0.0012234271096837313, 0.001250579743186762, 0.001282109725393403, 0.001318358640235482, 0.0013597485788406113, 0.0014067897401426504, 0.0014600916343853946, 0.001520378785716694, 0.001588510417924722, 0.001665505713045172, 0.0017525748182525168, 0.0018511578851162552, 0.0019629731192597265, 0.0020900771229754966, 0.0022349397008448327, 0.002400538011615776, 0.0025904741515546657, 0.0028091236659167473, 0.0030618221996860694, 0.003355102021897564, 0.003696990689117544, 0.004097390315467563, 0.0045685576625726105, 0.005125713820195649, 0.005787815552798964, 0.006578531823220746, 0.007527473650575061, 0.008671739338568782, 0.0100578410165333, 0.01174409145222629, 0.013803526543975346, 0.016327441157149573, 0.019429588822650123, 0.023251065245093367, 0.02796581351142016, 0.03378658678993408, 0.04097102021764042, 0.04982724184958127, 0.06071812402229944, 0.0740629177912727, 0.09033456985676434, 0.11005063752967023, 0.1337553864612585, 0.16199062350095234, 0.19525313508765577]
6.212288896480366	2.58637730741416	[0.2346433236290651, 0.27890568898220025, 0.32873280841585306, 0.3837441111863599, 0.44313959424939353, 0.5056391159915875, 0.5694559517799204, 0.6323198430430189, 0.6915615047679756, 0.7442637844355925, 0.7874746074920249, 0.8184649408079271, 0.8350034062754028, 0.8356107995884705, 0.8197551884470434, 0.7879532686419907, 0.7417561742924275, 0.683616071344785, 0.6166498909694227, 0.5443340901327192, 0.470175296437162, 0.39740372469534363, 0.32872917724946316, 0.2661854137886721, 0.21107135052495407, 0.16398101974306276, 0.12490182816407665, 0.09335424386364197, 0.06854572901865172, 0.04951622359655291, 0.0352597111519227, 0.0248142254425002, 0.017319428233895335, 0.012045660000634908, 0.008400925883215865, 0.005922927237300313, 0.004262574394506729, 0.003164029598600364, 0.002444755623903244, 0.0019776138978082605, 0.0016759472870814993, 0.001481823551954919, 0.001357175869251386, 0.0012773685887514969, 0.0012266700450038652, 0.001195151294427938, 0.0011766116769047039, 0.0011672183814276894, 0.0011646306680782716, 0.0011674440739999608, 0.0011748431787584662, 0.0011863868616766211, 0.001201877860834925, 0.0012212843845278354, 0.0012446947959937943, 0.0012722923921051322, 0.0013043435439277732, 0.0013411940991994073, 0.0013832721612832282, 0.0014310952853366127, 0.0014852821300766496, 0.001546567948947434, 0.0016158248601285752, 0.001694087045006372, 0.0017825824834107344, 0.001882772093450352, 0.0019963987026105343, 0.00212554769466041, 0.00227272301194746, 0.002440941887780779, 0.0026338540171634357, 0.0028558910254293415, 0.003112455244018078, 0.0034101576865959446, 0.0037571195353026587, 0.004163353453231325, 0.004641247304877626, 0.005206176435236552, 0.005877279350936373, 0.006678436979927324, 0.007639506888777907, 0.008797870062853028, 0.010200359874026314, 0.011905646101161604, 0.013987153508330581, 0.01653658414342354, 0.019668098393110154, 0.0235231631075507, 0.028276010077889924, 0.034139525830479356, 0.04137123254266445, 0.05027877383641238, 0.06122402234829018, 0.07462453977862038, 0.09095072043486327, 0.11071653491811584, 0.13446151618367827, 0.1627215607936396, 0.19598649936344575]
6.189194885712781	2.5988935126260433	[0.235349014265506, 0.2795446759323023, 0.3292601065332049, 0.3841096104772856, 0.44329122076982713, 0.5055272732043989, 0.5690390124839563, 0.631570181156005, 0.6904712959056991, 0.742849610017013, 0.7857798652662504, 0.8165592283058352, 0.8329784383431272, 0.8335729827781485, 0.8178156185893853, 0.7862164812543972, 0.7403093269456058, 0.6825202509433921, 0.6159349005598671, 0.5439974354707368, 0.47018531796322455, 0.3977060841250782, 0.329255384873016, 0.26686187255201727, 0.21182751378852868, 0.16475563789182326, 0.1256467715377984, 0.09403589840938388, 0.06914435817022514, 0.050023917431626, 0.03567759727509434, 0.02514953352942034, 0.017582837703383168, 0.01224917662338914, 0.008556369567291309, 0.006040995307483255, 0.004352375869813877, 0.0032329615632799165, 0.0024985976510389744, 0.0020207393254756834, 0.0017115776516479135, 0.0015122796354734825, 0.0013840996785573437, 0.001301906275989002, 0.0012496147474856617, 0.0012170504241475388, 0.0011978447682352066, 0.0011880522726916611, 0.0011852576567125818, 0.0011880080088458658, 0.001195456973730376, 0.0012071443023272683, 0.001222861461913919, 0.0012425707851603349, 0.0012663584536440873, 0.0012944083224419455, 0.001326989381708662, 0.0013644518778594941, 0.0014072298764442662, 0.001455848489111071, 0.0015109355423884707, 0.0015732372758151033, 0.0016436387845854736, 0.001723189568988681, 0.0018131355927554964, 0.001914958938519202, 0.002030427288483305, 0.0021616553073713326, 0.002311181408661076, 0.002482063530596801, 0.002677999423732595, 0.0029034775884537877, 0.003163967645642626, 0.0034661603454088554, 0.003818271256958529, 0.004230424797814793, 0.004715140835306792, 0.005287950360460853, 0.005968174564936619, 0.006779907787937654, 0.0077532548811804994, 0.008925880684929229, 0.01034493982358616, 0.012069459318641854, 0.01417325112436571, 0.01674842258961201, 0.019909536062377584, 0.023798423794794455, 0.028589596112367756, 0.03449606122917153, 0.0417752109188222, 0.05073418539623514, 0.06173383247714052, 0.07518999963865404, 0.09157049980589767, 0.11138569315399295, 0.13517035772096414, 0.1634544714570716, 0.19672091065855962]
6.1661008749451955	2.611530049269444	[0.23605462507586866, 0.28018236323148754, 0.3297848289619148, 0.38447128295874955, 0.4434378818145238, 0.5054095227425736, 0.5686154830452441, 0.6308135374389192, 0.6893739910111721, 0.7414284458720227, 0.7840783656542332, 0.8146470056049928, 0.8309471180300961, 0.8315288135894994, 0.8158695252125541, 0.7844728798115134, 0.7388553634162958, 0.6814171424031616, 0.6152127216778632, 0.5436540706612819, 0.47018953113652595, 0.3980039311036299, 0.32977867120274845, 0.2675371487188615, 0.21258421348556641, 0.16553233605782997, 0.12639504359091913, 0.09472176650381281, 0.06974770629111246, 0.05053648617167488, 0.03610022673104682, 0.02548924384412164, 0.017850178595473037, 0.012456094998885597, 0.008714682411788698, 0.0061614358242445665, 0.004444111945360545, 0.0033034589701619447, 0.0025537051491339897, 0.002064893829299378, 0.0017480556762152386, 0.0015434472154479525, 0.001411634812532812, 0.0013269828296609133, 0.0012730467966941262, 0.0012394008560354273, 0.0012195044997764654, 0.0012092964068240518, 0.00120628457242182, 0.0012089660200107174, 0.0012164624025251917, 0.0012282935629988458, 0.0012442392386846554, 0.0012642555400230557, 0.0012884263091079123, 0.0013169358327041565, 0.001350055716454607, 0.001388140597851684, 0.001431630589618404, 0.0014810584284886497, 0.0015370612582159902, 0.001600396435951989, 0.0016719622447047635, 0.0017528237003559643, 0.0018442450315593376, 0.0019477297590623445, 0.002065070787970723, 0.0021984124331953974, 0.0023503280581246956, 0.0025239167950916125, 0.0027229250678694485, 0.0029518988881532607, 0.003216375951988427, 0.0035231275528210203, 0.0038804646208744973, 0.0042986243104216745, 0.004790259643340597, 0.005371058369321425, 0.006060525610594565, 0.006882970207125018, 0.007868745401195492, 0.00905580059415886, 0.010491612123231677, 0.012235563865040966, 0.014361853844425863, 0.016962992008989448, 0.020153938468409665, 0.024076884059590322, 0.02890660835826974, 0.0348562282301231, 0.04218298876007136, 0.051193506116329175, 0.06224757972582539, 0.07575931604694978, 0.09219391972409412, 0.11205811467270527, 0.1358819045328004, 0.16418933805909863, 0.19745634209934848]
6.14300686417761	2.624288600790824	[0.236760118628704, 0.28081870442773493, 0.3303069226904465, 0.38482907008362166, 0.44357951616063296, 0.5052858016215239, 0.5681853010126664, 0.6300498500419447, 0.6882695300590879, 0.7400002330089467, 0.7823700511459267, 0.8127282156314672, 0.8289093889319498, 0.8294782353901394, 0.813916851539874, 0.7827224064742315, 0.7373942245394807, 0.6803066843435003, 0.6144832906597667, 0.5433039298952522, 0.4701878694124637, 0.39829720057321544, 0.3302989759977168, 0.268211190600567, 0.21334141019484637, 0.16631109006280811, 0.12714663707805032, 0.09541185803560656, 0.07035579897080625, 0.05105396851249236, 0.03652764777777487, 0.025833410510382866, 0.018121507224207946, 0.012666470660210436, 0.008875916765147726, 0.00628429652287097, 0.004537824870899454, 0.003375558493670004, 0.0026101093863366664, 0.002110103892476325, 0.0017854036471839643, 0.001575345171568662, 0.001439797338838001, 0.0013526121806613127, 0.0012969784232101113, 0.0012622136049551319, 0.001241600936649527, 0.0012309602188404411, 0.0012277203604554904, 0.0012303267695688196, 0.0012378679079997163, 0.0012498430057248462, 0.0012660194958580265, 0.0012863469969812257, 0.0013109067582876843, 0.0013398834476487861, 0.0013735512000155514, 0.001412269109888689, 0.0014564833481961559, 0.0015067344166479907, 0.001563668857151311, 0.0016280553461061218, 0.0017008054996434114, 0.0017830001164313152, 0.001875921906385059, 0.0019810961747479838, 0.002100341351629834, 0.0022358318486399697, 0.0023901763878765893, 0.002566515869203255, 0.002768645930274512, 0.003001170824549914, 0.0032696970207235186, 0.0035810772698720845, 0.003943718731800055, 0.004367972404113956, 0.004866625483868747, 0.00545552373706821, 0.00615435729291355, 0.006987650751351202, 0.00798600662597638, 0.00918765978381671, 0.010640408431411867, 0.012403993144949242, 0.014552996488212358, 0.017180328579282412, 0.020401342539030788, 0.024358581306699482, 0.029227083712115756, 0.035220062672426486, 0.04259459942755192, 0.05165676607158457, 0.06276528908594003, 0.07633250801563578, 0.09282099130083772, 0.11273380207418723, 0.1365961491153966, 0.1649261431734067, 0.19819276557620136]
6.119912853410025	2.6371708809568326	[0.23746545663185217, 0.28145365239149134, 0.33082633374219456, 0.38518291257245457, 0.4437160615895168, 0.5051560461172574, 0.5677484029528068, 0.629279056384942, 0.687157852071878, 0.7385649117114832, 0.7806548633113931, 0.8108028005837047, 0.8268651937534043, 0.82742119080798, 0.811957539924435, 0.7809650026413608, 0.735925850286241, 0.6791888145850672, 0.6137465429617905, 0.5429469465082962, 0.4701802653264559, 0.3985858265579707, 0.33081623806972815, 0.2688839455846914, 0.21409906362161782, 0.1670918749542409, 0.12790154414237045, 0.09610618247397568, 0.07096866163300428, 0.05157640322159899, 0.03695990901338782, 0.026182088192898856, 0.018396880645751738, 0.012880359985505624, 0.009040125916000997, 0.006409626075296109, 0.004633557835166635, 0.0034492976703062216, 0.002667842443161393, 0.0021563967047578893, 0.0018236444949576824, 0.0016079929258571229, 0.0014686038153880789, 0.0013788086680964011, 0.0013214222319287191, 0.00128550000013112, 0.0012641444411681634, 0.001253053399364131, 0.0012495742166206945, 0.0012520991418329547, 0.001259682157865907, 0.001271801198034388, 0.0012882107507559456, 0.001308853703106777, 0.0013338084060237263, 0.0013632598916237639, 0.0013974846952324994, 0.0014368464692465614, 0.0014817974168443782, 0.0015328859798676353, 0.0015907681459054602, 0.0016562241478254626, 0.0017301790488827434, 0.0018137297341571722, 0.001908177580773898, 0.0020150700629557737, 0.0021362514073429927, 0.002273926609532089, 0.002430740127130366, 0.0026098752455486866, 0.0028151773219517455, 0.0030513096315529873, 0.0033239480728179806, 0.0036400278243097954, 0.004008053094832775, 0.004438489894219751, 0.004944260552121549, 0.0055413701775396135, 0.0062496948977710685, 0.007093976406457212, 0.008105067250228491, 0.009321488743455902, 0.010791360949825307, 0.01257478106517276, 0.014746714423075884, 0.017400468955552625, 0.020651785719719307, 0.024643553348154826, 0.029551059509981853, 0.03558760067444672, 0.04301007658608666, 0.05212399542517565, 0.06328698566020309, 0.07690959440099038, 0.09345172552736475, 0.11341275753416173, 0.13731308361003872, 0.16566486870036937, 0.19893015242862502]
6.096818842642439	2.6501786345138263	[0.23817059906952698, 0.28208716017313695, 0.331343006267124, 0.38553275129676084, 0.4438474539736264, 0.5050201926334915, 0.5673047235757589, 0.6285010939653761, 0.6860388943244312, 0.7371224222504554, 0.7789327421147091, 0.8088707025229741, 0.824814473748328, 0.8253576221901673, 0.8099915314185373, 0.7792006092811898, 0.7344501794542697, 0.6780634703684788, 0.6130024129554706, 0.5425830531062267, 0.47016665037422334, 0.3988697422161592, 0.3313303952282769, 0.26955536013199605, 0.2148571325901207, 0.1678746649625383, 0.12865975634343366, 0.09680474879988231, 0.07158631959145993, 0.05210382905613669, 0.037397059455638725, 0.02653533201180892, 0.01867635675706421, 0.013097820115010686, 0.009207364204589384, 0.0065374740115985396, 0.004731355082334846, 0.0035247148242822895, 0.002726937326814471, 0.0022038000914968137, 0.0018628019010179513, 0.0016414103750169253, 0.0014980713875121167, 0.001405586975459612, 0.0013463912886437512, 0.0013092716258650378, 0.0012871457494474227, 0.0012755858403865267, 0.001271855655129158, 0.0012742921942608461, 0.0012819141052007996, 0.001294176868714323, 0.0013108217879129838, 0.0013317843647163955, 0.0013571401161390287, 0.0013870740521277592, 0.0014218653226827284, 0.0014618819020027704, 0.0015075823221307155, 0.0015595228255540856, 0.001618369201945728, 0.0016849131763502236, 0.0017600936760133496, 0.0018450236788651467, 0.0019410237203721485, 0.0020496635263263395, 0.0021728137081125044, 0.002312710016062751, 0.0024720333587870394, 0.002654009682384411, 0.00286253494232527, 0.003102331831820999, 0.003379146759135231, 0.0036999978567168004, 0.004073487693517101, 0.004510197932224571, 0.0050231875771913825, 0.0056286217601600455, 0.006346564305912122, 0.007201974524212465, 0.00822595662712145, 0.00945731832181557, 0.010944502599327171, 0.012747961856506927, 0.01494304378473511, 0.017623450038610856, 0.02090530625056925, 0.024931838104355727, 0.02987857387321308, 0.03595887825298225, 0.043429454631097375, 0.05259522395244766, 0.06381269518110949, 0.07749059332276952, 0.09408613389116652, 0.11409498211695254, 0.1380327005156977, 0.1664054950817415, 0.1996684742421604]
6.073724831874854	2.6633136378639173	[0.2388755068724146, 0.28271917821882475, 0.33185688535724417, 0.38587852440526565, 0.4439736301097376, 0.5048781748730862, 0.5668541984466249, 0.6277158977128151, 0.6849125948056364, 0.7356727025413292, 0.7772036280293155, 0.8069318614172167, 0.8227571704359178, 0.8232874700684336, 0.8080187670807394, 0.7774291658054363, 0.7329671505904685, 0.676930587588132, 0.6122508345142824, 0.5422121810929695, 0.47014695532417744, 0.399148879596274, 0.3318413843832177, 0.2702253797047016, 0.21561557499452313, 0.16865943355787635, 0.12942126450391048, 0.09750756565856573, 0.07220879782955024, 0.052636284986077274, 0.03783914828240081, 0.026893197816187642, 0.018959994017704013, 0.013318909256243865, 0.009377686739772646, 0.0066678910391748366, 0.004831261633212895, 0.003601849384892244, 0.0027874277025783404, 0.0022523428169332017, 0.0019029000438813642, 0.0016756181717123074, 0.0015282175517450328, 0.0014329623861098302, 0.0013718989037165836, 0.001333540550617596, 0.0013106157756087576, 0.0012985678394748271, 0.0012945743326657389, 0.001296915339528141, 0.0013045728306401699, 0.0013169790710728523, 0.0013338615169485259, 0.0013551479953450671, 0.0013809108821602782, 0.0014113351159946474, 0.0014467023412655918, 0.0014873849328303197, 0.0015338477399520739, 0.0015866549649500075, 0.001646482264722199, 0.0017141330815224854, 0.00179056034062453, 0.0018768934067915665, 0.0019744721821185226, 0.0020848890205933386, 0.0022100412147432686, 0.0023521957502017116, 0.002514070391088243, 0.0026989343557507523, 0.0029107347342386476, 0.0031542544100828856, 0.003435310991557443, 0.0037610065232938188, 0.004140042787642206, 0.00458311824881897, 0.005103429574016845, 0.00571730320739074, 0.006444991682652668, 0.007311673192572486, 0.008348704374235441, 0.009595180193486236, 0.011099866514695194, 0.012923570666326769, 0.015142020826971334, 0.017849309729100538, 0.02116194233095858, 0.025223474560278892, 0.030209664644051802, 0.03633393252453307, 0.043852767351407626, 0.05307048252732777, 0.06434244236430156, 0.07807552396524167, 0.09472422639977289, 0.11478047790021272, 0.1387549903896123, 0.1671480037276664, 0.20040770026695381]
6.050630821107268	2.676577699758218	[0.2395801394253011, 0.28334965690239483, 0.33236791441586305, 0.386220169939944, 0.4440945250700784, 0.5047299264158095, 0.5663967614492122, 0.6269234024015696, 0.683778889913466, 0.734215690279269, 0.7754674600519007, 0.8049862169184194, 0.8206932239802368, 0.8212106745438451, 0.8060391867299105, 0.7756506110734885, 0.7314767010994287, 0.6757901014633072, 0.611491740435475, 0.5418342610719266, 0.47012110989609246, 0.39942316983079806, 0.33234914141761135, 0.2708939488029696, 0.21637434781043918, 0.16944615336876553, 0.13018605881820888, 0.0982146411943926, 0.07283612117849984, 0.05317380997599552, 0.03828622506135113, 0.02725574193786005, 0.019247851716087703, 0.013543686427707391, 0.00955114968668808, 0.006800928787393373, 0.004933323578977383, 0.003680741638600917, 0.0028493481802043747, 0.002302054347912104, 0.0019439638684391463, 0.0017106375030555893, 0.001559060402586076, 0.0014609505788258904, 0.001397958854307831, 0.0013583191408654618, 0.0013345658100716166, 0.00132200993196393, 0.0013177402248609634, 0.0013199781949887418, 0.0013276676999447042, 0.001340217047779684, 0.001357339114453478, 0.0013789537935722145, 0.0014051299567946832, 0.001436052457565997, 0.0014720052684549004, 0.001513365280792617, 0.0015606036096371425, 0.0016142926138052057, 0.0016751178466289608, 0.0017438947305413945, 0.0018215902891668386, 0.001909350606985376, 0.0020085351282336872, 0.0021207592524153424, 0.0022479472165675505, 0.0023923977657040007, 0.0025568658893282093, 0.002744664737081334, 0.002959793031888384, 0.0032070946725577605, 0.003492459113793525, 0.0038230733295550696, 0.0042077391155529945, 0.004657272951927104, 0.005185010088488849, 0.005807439643927431, 0.00654500378054825, 0.007423100918725429, 0.008473340752912343, 0.009735106453377777, 0.01125748652493691, 0.013101643036193341, 0.015343682532777451, 0.018078086253941177, 0.021421732896732146, 0.025518501901410477, 0.03054437036770972, 0.03671280060909431, 0.044280049155131646, 0.05354980175518458, 0.06487625241131385, 0.07866440491074714, 0.09536601337932799, 0.11546924600063145, 0.13947994393738716, 0.16789237475516228, 0.2011477997638852]
6.027536810339683	2.689972662007495	[0.24028445485340358, 0.2839785462079865, 0.3328760354613176, 0.3865576255004868, 0.4442100725061863, 0.504575380377389, 0.5659323450719996, 0.6261235423208349, 0.6826377147103411, 0.7327513226405048, 0.7737241759230262, 0.8030337081146104, 0.8186225733772838, 0.8191271750999026, 0.8040527290978847, 0.7738648832624365, 0.7299787673545067, 0.6746419464498159, 0.6107250625016571, 0.5414492227815043, 0.4700890427759483, 0.39969254308305735, 0.3328536011701055, 0.27156101092132523, 0.21713340706021023, 0.17023479615320541, 0.13095412881261273, 0.09892598304053832, 0.07346831428055747, 0.05371644299377077, 0.03873833972084587, 0.027623021217365276, 0.019539989949606998, 0.013772211498454688, 0.009727810254949397, 0.006936639855529225, 0.0050375880745105505, 0.003761432779676679, 0.002912734309155564, 0.002352964902562594, 0.001986019080830323, 0.0017464901345406515, 0.001590618626093582, 0.0014895676660124744, 0.00142458537683064, 0.00138362009382552, 0.0013590075114826609, 0.001345922919032824, 0.0013413636183490186, 0.001343490607081312, 0.0013512083566578831, 0.0013639002525058035, 0.001381264017494678, 0.001403211162655748, 0.0014298068463446906, 0.001461235656944846, 0.0014977838755658964, 0.0015398328767388242, 0.0015878601299353131, 0.001642446209366905, 0.0017042867295425067, 0.0017742092249648143, 0.0018531950518373406, 0.001942407218728471, 0.0020432250232171358, 0.002157287197639005, 0.0022865453282712826, 0.0024333303076840436, 0.0026004348721520615, 0.002791216614631816, 0.003009726556117231, 0.0032608702708952497, 0.003550609895009093, 0.0038862181575992664, 0.004276597885189491, 0.004732684558346666, 0.005267953184592315, 0.005899056634032646, 0.00664662792081045, 0.007536286673802736, 0.008599896641436011, 0.009877129670941152, 0.01141739711487737, 0.013282214968251275, 0.01554806656004204, 0.018309818248165282, 0.02168471754474406, 0.025816959614907608, 0.03088273018988437, 0.037095519755067155, 0.04471133493426981, 0.05403321212617951, 0.06541415083635614, 0.07925725432581847, 0.09601150526089547, 0.11616128679563802, 0.14020755175941998, 0.16863858724497527, 0.20188874171535323]
6.0044427995720975	2.703500400211084	[0.24098841079887734, 0.28460579487981624, 0.33338118994510946, 0.38689082737461655, 0.4443202054752367, 0.5044144685641906, 0.5654608812039639, 0.6253162504939371, 0.6814890036478195, 0.7312795355942306, 0.7719737127437815, 0.8010742729477613, 0.8165451569394597, 0.8170369101297393, 0.8020593321787972, 0.7720719195033171, 0.7284732849312635, 0.6734860559824467, 0.6099507316283157, 0.5410569949357519, 0.4700506817005375, 0.39995692847128966, 0.3333546974674381, 0.2722265085336527, 0.2178927078006659, 0.17102533282153917, 0.13172546329757023, 0.09964159836599717, 0.07410540151808132, 0.05426422307745534, 0.039195542468988896, 0.027995093089603428, 0.0198364695438374, 0.014004545289541247, 0.009907726622911946, 0.007075077923894271, 0.005144103268319942, 0.003843965023468474, 0.0029776225129253212, 0.002405105559177225, 0.002029092086054122, 0.0017831985103374571, 0.0016229114405687116, 0.0015188302836501599, 0.0014517931111495909, 0.0014094565170656916, 0.001383952855026978, 0.0013703179379672018, 0.0013654550635611295, 0.0013674627136423085, 0.0013752046793838635, 0.001388038405764849, 0.0014056458850427755, 0.0014279297613126228, 0.0014549512757133882, 0.0014868945470158667, 0.0015240481556252309, 0.0015667979077603744, 0.0016156277289638094, 0.0016711264533959638, 0.0017339999360123542, 0.0018050879433784146, 0.0018853864141283856, 0.0019760754749741064, 0.002078554604782924, 0.0021944861467116175, 0.002325849459098709, 0.0024750079613746435, 0.002644792677677809, 0.002838606147222472, 0.0030605523757514224, 0.0033155992629240803, 0.003609782484169629, 0.003950461336420821, 0.00434664071851659, 0.0048093760768981265, 0.005352283375033917, 0.005992180281737622, 0.006749891904966392, 0.0076512600155284605, 0.008728403420946985, 0.010021283042072256, 0.01157963327664461, 0.013465323114766385, 0.015755211047859236, 0.018544544992033597, 0.02195093628134109, 0.02611888778547615, 0.03122478353354325, 0.037482127705516344, 0.04514665965611374, 0.054520744462495524, 0.06595616296109943, 0.07985409049680889, 0.0966607119728007, 0.1168566005490957, 0.14093780364367944, 0.16938661995078638, 0.2026304940329249]
5.981348788804512	2.7171628245042228	[0.2416919644276059, 0.2852313503879761, 0.3338833187569952, 0.3872197104994771, 0.44442485644160945, 0.5042471214294069, 0.5649823011314913, 0.6245014586306029, 0.6803326905604165, 0.7298002638556738, 0.7702160069710016, 0.7991078481742153, 0.8144609122964644, 0.814939816908003, 0.800058933235173, 0.7702716558625373, 0.7269601886118494, 0.6723223624593282, 0.609168677857651, 0.5406575052050409, 0.47000595343765017, 0.4002162540427097, 0.3338523630949176, 0.272890383063571, 0.21865220409009356, 0.17181773340963527, 0.13250005033705448, 0.10036149385725088, 0.07474740699026564, 0.05481718932900605, 0.03965788378110759, 0.028372015591000103, 0.020137352051704412, 0.014240749593320202, 0.010090957946641275, 0.00721629778148618, 0.0052529183173992714, 0.003928381637538774, 0.003044050105552939, 0.0024585082865962197, 0.0020732100030398833, 0.0018207857803547332, 0.0016559586087310412, 0.0015487556141584925, 0.001479597109749523, 0.001435841947431404, 0.0014094141391914003, 0.001395206477923833, 0.0013900253798761265, 0.0013919049573622242, 0.0013996667860231291, 0.0014126415067925954, 0.001430494601803005, 0.001453119514581745, 0.001480573192163945, 0.0015130392237029298, 0.001550808327262617, 0.001594270827146941, 0.0016439170683514369, 0.0017003443220552485, 0.0017642687337276189, 0.0018365425514083034, 0.0019181764216603054, 0.002010367912651908, 0.002114536889086013, 0.002232369715433593, 0.002365873818488874, 0.002517445663474573, 0.0026899549695461856, 0.002886849876321232, 0.0031122879140451695, 0.0033713001256012, 0.003669996416823779, 0.0040158236558350165, 0.0044178896585317425, 0.004887371023398174, 0.005438025628271373, 0.006086837246868774, 0.006854824021582019, 0.007768051105197844, 0.008858892981367132, 0.010167600406791334, 0.011744230514104103, 0.013651004796071203, 0.015965154618575214, 0.018782306428624287, 0.02222042952096904, 0.026424327111856927, 0.031570570093021576, 0.037872662712837006, 0.045586058351984066, 0.05501242993073374, 0.06650231389769846, 0.08045493184005478, 0.0973136429182527, 0.11755518741978745, 0.14167068853877895, 0.17013645130675062, 0.20337302352670777]
5.958254778036927	2.7309618803245646	[0.24239507126745302, 0.2858551600808466, 0.3343823610038894, 0.38754420964921116, 0.4445239560517802, 0.5040732692422029, 0.5644965343681941, 0.6236790982213195, 0.6791687076025129, 0.7283134418543252, 0.7684509934983034, 0.7971343701689034, 0.8123697756397331, 0.8128358322137502, 0.7980514682100606, 0.7684640277891333, 0.7254394119581963, 0.6711507975370148, 0.6083788300774976, 0.540250680388889, 0.4699547836275173, 0.40047044685068317, 0.3343465297327555, 0.27355257488680085, 0.21941184899259142, 0.1726119670236079, 0.13327787730071425, 0.10108567562225584, 0.07539435460134825, 0.05537538079460048, 0.040125414517666345, 0.028753847230829643, 0.020442699895397543, 0.014480887045501122, 0.010277564517987588, 0.0073603552032568045, 0.00536408355186251, 0.004014726825183203, 0.0031120554536180705, 0.002513205833873633, 0.0021184008171397733, 0.001859275696178308, 0.001689780576872987, 0.0015793612892060847, 0.0015080129623365024, 0.001462790261435618, 0.0014354040963584346, 0.0014206002983049894, 0.0014150857537062664, 0.0014168280120480142, 0.0014246051212432327, 0.0014377197671169022, 0.001455820357044036, 0.0014787905537640663, 0.0015066828374143174, 0.0015396799911276714, 0.0015780749018667005, 0.0016222623035043863, 0.0016727391071458245, 0.0017301110176758693, 0.0017951046977996957, 0.0018685849547794894, 0.001951577442458153, 0.002045297325583084, 0.0021511852346859377, 0.0022709517961455026, 0.0024066329835932105, 0.002560658649767738, 0.002735937810158303, 0.0029359646678570545, 0.003164951030260719, 0.0034279916881886185, 0.0037312717083022107, 0.004082326287349067, 0.004490367278254261, 0.004966693324399795, 0.005525205498655917, 0.006183054625293193, 0.006961453204446916, 0.00788669055609496, 0.00899139791638895, 0.010316116055106787, 0.011911225085583886, 0.013839297750446726, 0.016177936681480244, 0.01902314284160007, 0.02249323846615035, 0.026733318494196277, 0.03192013030691583, 0.038267163016700106, 0.046029566699394585, 0.05550829939313514, 0.06705262925374077, 0.08105979611435409, 0.09797030781029462, 0.11825704653264088, 0.14240619551600192, 0.1708880583685553, 0.20411629697812453]
5.935160767269341	2.744899549198375	[0.24309768682039715, 0.2864771694982389, 0.33487825570304597, 0.38786425769694416, 0.44461743483114907, 0.5038928403757325, 0.56400351027198, 0.6228490989317051, 0.6779969867116826, 0.7268190023077705, 0.7666786069135472, 0.7951537737329233, 0.810271682747559, 0.8107248913968577, 0.7960368725144877, 0.7666489694319139, 0.7239108878715034, 0.6699712916642108, 0.6075811163741093, 0.5398364461226941, 0.46989709696057375, 0.40071943279614836, 0.33483712799668963, 0.2742130232776766, 0.22017159452064464, 0.17340800186945465, 0.13405893074210726, 0.10181414928595064, 0.0760462679002419, 0.05593883661169283, 0.04059818574412863, 0.02914064717698455, 0.020752576179609114, 0.014725021336904308, 0.010467607579368404, 0.007507307174813062, 0.00547765029557067, 0.004103045950778936, 0.0031816778048289647, 0.0025692319463641346, 0.002164693218075783, 0.0018986928114216469, 0.0017243983234716737, 0.0016106655712606465, 0.0015370566562376026, 0.0014903158375881248, 0.0014619357656030043, 0.0014465115731321669, 0.0014406476235816635, 0.0014422429111968472, 0.0014500303530415384, 0.0014632837258498383, 0.0014816335512946156, 0.001504953321016387, 0.0015332906627903988, 0.0015668274580129785, 0.0016058586053490198, 0.0016507833113583246, 0.0017021050282719566, 0.0017604380558530735, 0.0018265196399577628, 0.0019012273851587527, 0.001985602096855338, 0.002080876851380495, 0.0021885132709780273, 0.002310246648175348, 0.0024481418237745265, 0.002604662551945928, 0.0027827575783265315, 0.002985967818784294, 0.003218559926862683, 0.0034856932527213844, 0.0037936287458442347, 0.004149990923804775, 0.004564096551780538, 0.005047367482783429, 0.005613848968528644, 0.006280860149198652, 0.0070698088353700755, 0.008007209679678098, 0.009125951273573562, 0.010466865033288553, 0.012080653684299569, 0.014030240517982835, 0.01639359702277697, 0.01926709533746736, 0.022769404582786295, 0.02704590363819121, 0.0322735046924733, 0.03866566759463037, 0.046477220190026786, 0.056008384327265306, 0.06760713411336966, 0.08166870152615188, 0.09863071545618965, 0.11896217727388866, 0.14314431236318734, 0.1716414182850905, 0.20486027956970312]
5.912066756501756	2.7589778495468513	[0.24379976495324002, 0.2870973239780708, 0.33537094009139085, 0.3881797872680993, 0.4447052214888869, 0.5037057629335093, 0.5635031564277311, 0.6220113901251296, 0.6768174581420532, 0.7253168775703983, 0.7648987802339952, 0.7931659932157956, 0.8081665679475741, 0.8086069292489688, 0.7940150802219911, 0.7648264142659172, 0.7223745480094036, 0.6687837744955315, 0.6067754636515404, 0.5394147271205131, 0.4698328169668967, 0.40096313673763645, 0.3353240873585308, 0.274871666415902, 0.22093139164954753, 0.174205805179436, 0.1348431964788222, 0.10254691985852775, 0.07670317020917333, 0.056507595841674425, 0.041076248898113454, 0.02953247507257357, 0.02106704488867025, 0.01497321702757586, 0.010661149540410001, 0.0076572117113274584, 0.005593671090173925, 0.004193385366488727, 0.0032529575080805445, 0.0026266212014398682, 0.00221211680747772, 0.0019390623274244856, 0.0017598335492945486, 0.0016426872103234365, 0.0015667447473525242, 0.0015184334250035172, 0.0014890226449938682, 0.0014729527717967246, 0.0014667228155876813, 0.0014681609404572752, 0.0014759534937031033, 0.0014893441528081597, 0.0015079449053926268, 0.0015316184816455147, 0.0015604074289114831, 0.0015944924574163896, 0.0016341704709012669, 0.0016798450564760369, 0.0017320263266798273, 0.0017913371944532216, 0.0018585256943309451, 0.0019344823308909374, 0.0020202633431568506, 0.0021171199018528374, 0.002226534986093501, 0.002350268825642017, 0.0024904155933473393, 0.0026494733201875235, 0.0028304310698798185, 0.0030368769712579443, 0.003273133261655903, 0.003544424495777398, 0.003857088416859189, 0.004218839663580354, 0.004639101004524326, 0.005129418437635974, 0.005703982627979655, 0.006380282013785687, 0.007179920963159632, 0.008129640267536396, 0.009262586824907423, 0.010619882866297916, 0.01225255377591893, 0.014223872085052896, 0.016612176228835946, 0.01951420539005488, 0.023048970130717442, 0.02736212447469469, 0.03263073450686131, 0.03906821543092741, 0.04692905494458226, 0.05651271592083515, 0.0681658540243538, 0.08228166563399775, 0.09929487492616988, 0.11967057800175672, 0.1438850269300962, 0.17239650683043525, 0.20560493638317598]
5.88897274573417	2.7731988375133567	[0.24450125931936395, 0.287715567158309, 0.3358603511182872, 0.3884907291999461, 0.4447872444149087, 0.5035119632350527, 0.5629954000756159, 0.6211658994442623, 0.6756300517577497, 0.7238069983728682, 0.7631114460165517, 0.7911709614580258, 0.8060543650183328, 0.806481879170419, 0.7919860247564958, 0.7629962944794273, 0.7208303232695781, 0.6675881744744628, 0.6059617979310395, 0.5389854469187649, 0.46976186616274995, 0.40120148235770864, 0.3358073361767113, 0.2755284413456642, 0.2216911902639096, 0.17500534324386077, 0.13563065948102593, 0.1032839918249833, 0.07736508447614353, 0.05708169760522218, 0.041559655623524504, 0.02992939120670182, 0.0213861707153459, 0.015225539742353304, 0.010858253809371256, 0.007810128066215169, 0.0057121995329427275, 0.004285792622452336, 0.003325935859105611, 0.0026854092105644146, 0.0022607019530911576, 0.001980410280804784, 0.0017961085410068492, 0.001675445613884425, 0.001597094234059509, 0.0015471582952957341, 0.0015166785763856597, 0.0014999367940892589, 0.001493323439048882, 0.0014945937578509248, 0.001502385805755918, 0.0015159121563210005, 0.0015347653755846998, 0.0015587970219412598, 0.001588044128476785, 0.0016226861369413022, 0.0016630217678337373, 0.0017094590606861566, 0.0017625147425179388, 0.0018228205151710256, 0.0018911352531910868, 0.0019683626173796574, 0.0020555744141149243, 0.0021540402443375865, 0.002265264662132719, 0.002391033262025249, 0.002533469863342368, 0.0026951073135477507, 0.0028789754233250857, 0.0030887102119025738, 0.003328690064089078, 0.0036042055803846176, 0.003921672011718845, 0.004288895139875459, 0.0047154045970966936, 0.005212871716976961, 0.005795633532732447, 0.006481349061221563, 0.007291820126243363, 0.008254014816513316, 0.009401338842177802, 0.010775205836586739, 0.012426963311547676, 0.014420232232136801, 0.016833715318295136, 0.019764515275514705, 0.02333197769344952, 0.02768202370226206, 0.032991861151293454, 0.03947484618789872, 0.04738510696883179, 0.05702132589097693, 0.06872881408817488, 0.08289870632964644, 0.0999627944691518, 0.12038224719281633, 0.1446283258757992, 0.17315329970350343, 0.20635023100266653]
5.865878734966585	2.787564607811992	[0.24520212203023498, 0.2883318423029815, 0.3363464240499572, 0.3887970139037157, 0.44486343027788244, 0.5033113671519039, 0.5624801667683774, 0.6203125540577508, 0.6744346958101596, 0.7222892949246443, 0.7613165353013258, 0.7891686107111775, 0.8039350063254164, 0.8043496738904614, 0.7899496382269762, 0.7611585414971304, 0.7192781433129752, 0.6663844191772418, 0.6051400440415107, 0.5385485280691071, 0.4696841658770504, 0.4014343922393172, 0.3362868016240612, 0.2761832839645943, 0.22245093916050906, 0.17580658133466595, 0.13642130393163698, 0.10402536902338201, 0.07803203338038248, 0.057661180934347946, 0.042048457912798785, 0.030331456356191853, 0.021710019231845377, 0.015482056012954557, 0.011058984983127547, 0.00796611657896453, 0.005833290474513489, 0.0043803163220988576, 0.003400655295389666, 0.0027456324823976076, 0.002310479972848024, 0.0020227634146755295, 0.0018332463397479017, 0.0017089607269239492, 0.0016281227086505621, 0.0015765061320828116, 0.0015449178801657608, 0.0015274768695686205, 0.0015204620062344916, 0.0015215533028056303, 0.0015293389088177588, 0.0015429991011820091, 0.0015621062498425123, 0.0015865001748953597, 0.001616212074331298, 0.001651419890822164, 0.0016924240835517737, 0.0017396370988027661, 0.0017935823390615158, 0.0018549003637024658, 0.0019243610427952262, 0.0020028813488649146, 0.002091548892638632, 0.0021916519433458513, 0.002304716952776913, 0.0024325552097651058, 0.0025773206032538086, 0.0027415812353026666, 0.002928408208306685, 0.003141486000227326, 0.0033852498335297182, 0.0036650570741492455, 0.0039874013357059845, 0.004360180424223122, 0.0047930318558198175, 0.005297753320992953, 0.005888829359480704, 0.006584090636173816, 0.007405537540828964, 0.00838036634688041, 0.009542242328084025, 0.010932870752560558, 0.012603921014366096, 0.014619361237221738, 0.017058256099372816, 0.02001806769235904, 0.023618470623608393, 0.02800564430327094, 0.03335692672351124, 0.039885599596915254, 0.047845412831616224, 0.05753424573132987, 0.06929603977873337, 0.0835198409284755, 0.10063448248006905, 0.1210971823738197, 0.1453741957808197, 0.17391177131439003, 0.207096126752188]
5.842784724198999	2.802077294598198	[0.24590230449378522, 0.28894609139341926, 0.3368290933497284, 0.38909857043041496, 0.4449337049097816, 0.5031038991908923, 0.5619573812186281, 0.6194512798035884, 0.6732313177083389, 0.7207636961531031, 0.759513978273336, 0.7871588719962921, 0.8018084233550997, 0.8022102449549909, 0.787905851828147, 0.7593130855955277, 0.7177179368393095, 0.6651724350460179, 0.6043101257861005, 0.5381038919725478, 0.46959963633020463, 0.4016617877785354, 0.3367624097002757, 0.2768361289947719, 0.22321058601060292, 0.17660948372003163, 0.13721511315232868, 0.10477105469382553, 0.07870403923629067, 0.05824608485063769, 0.0425427080022341, 0.030738731889442015, 0.022038656786553725, 0.01574283340218578, 0.011263408750400902, 0.008125238811829787, 0.005956999929480933, 0.0044770062622815545, 0.0034771593128994083, 0.002807328558418278, 0.0023614830564219072, 0.002066149304399527, 0.0018712706670399343, 0.0017432531452779751, 0.001659848287875834, 0.0016064931316421467, 0.001573755290974263, 0.001555586646515238, 0.00154815137361697, 0.0015490518750304833, 0.0015568247263809244, 0.001570616679243163, 0.0015899790997852437, 0.0016147394842656807, 0.0016449228558558205, 0.0016807054190857654, 0.0017223892835684887, 0.0017703912543796006, 0.0018252414654065972, 0.0018875894034870344, 0.0019582160877608997, 0.002038051961496382, 0.0021282006767905422, 0.0022299694143185812, 0.0023449068477530504, 0.002474850296135166, 0.0026219841436622934, 0.0027889121925428395, 0.002978747384826603, 0.0031952232338186832, 0.0034428324931394054, 0.0037270000223303457, 0.004054298655051601, 0.0044327191102944315, 0.004872007807662577, 0.005384089820177936, 0.005983598325418316, 0.006688536702872717, 0.007521104999368719, 0.008508728544126029, 0.00968533288629159, 0.011092915122339056, 0.012783466211962085, 0.014821300090371109, 0.017285840953089777, 0.02027490602724419, 0.023908492763813318, 0.028333029872564808, 0.03372597366200758, 0.04030051586198677, 0.04831000921858543, 0.058051507201590184, 0.0698675563945717, 0.08414508675283278, 0.10130994684529904, 0.12181538080068255, 0.14612262238925972, 0.1746718955519905, 0.20784258584908422]
5.819690713431414	2.816739072361998	[0.24660175719285551, 0.2895582553184435, 0.3373082924437618, 0.38939532666520194, 0.4449979930677511, 0.5028894826822671, 0.5614269670666945, 0.6185820013611082, 0.6720198438032997, 0.7192301298524787, 0.757703704073235, 0.7851416752266634, 0.7996745465586833, 0.800063522822419, 0.7858545957202653, 0.757459855971485, 0.7161496314983664, 0.6639521474295158, 0.6034719658775586, 0.5376514588930751, 0.46950819658606746, 0.4018835891750351, 0.3372340851958117, 0.2774869099563754, 0.22397007733434285, 0.17741401362822046, 0.13801206958932366, 0.10552105143972956, 0.079381123992751, 0.05883644833087234, 0.04304245838698107, 0.03115127974153327, 0.02237215053503327, 0.01600794049037849, 0.011471591936010654, 0.008287557545857187, 0.0060833851285746355, 0.004575913434975163, 0.0035554925202119533, 0.002870536016272368, 0.002413744316571789, 0.0021105963598969475, 0.0019102059706991381, 0.0017783441158556394, 0.0016922896526769446, 0.0016371360011781552, 0.001603205991727971, 0.0015842801889340403, 0.0015764047711895217, 0.0015771021310040777, 0.0015848555115167394, 0.001598776905969322, 0.0016183958037479728, 0.0016435268015547665, 0.0016741883602047097, 0.0017105547251212584, 0.0017529295315628303, 0.0018017339179049149, 0.0018575047758845897, 0.001920900614474764, 0.0019927137302990523, 0.0020738882225643557, 0.0021655439992602555, 0.0022690074231708096, 0.0023858496929593837, 0.002517934522904899, 0.0026674771974381007, 0.002837117695699352, 0.003030011325987972, 0.0032499412473879995, 0.0035014584146815953, 0.0037900559459385147, 0.004122386724413838, 0.004506535310388143, 0.0049523580111058745, 0.005471908349286324, 0.006079969223338359, 0.006794717835231562, 0.007638554910894898, 0.008639135743463996, 0.009830646768182167, 0.011255377130277838, 0.012965638890867208, 0.015026090459209475, 0.017516512897170936, 0.020535074305709205, 0.024202088521743194, 0.02866422454926164, 0.03409904483427009, 0.040719635568407846, 0.04877893303579217, 0.05857314220940087, 0.07044338917996451, 0.08477446098507634, 0.10198919508292568, 0.12253683928287497, 0.14687359076866277, 0.1754336455826627, 0.20858956958160926]
5.7965967026638285	2.8315521568446016	[0.2473004295259701, 0.2901682739882741, 0.33778395355477103, 0.38968720944484203, 0.44505621826884456, 0.5026680398959669, 0.5608888467239442, 0.617704642359887, 0.6708001992452647, 0.7176885227783228, 0.7558856406707644, 0.7831169492814545, 0.7975333052423409, 0.7979094369131635, 0.783795798935549, 0.7555987807689681, 0.7145731538142355, 0.6627234805919454, 0.6026254858815444, 0.5371911479543655, 0.4694097645131633, 0.4020997154204395, 0.33770175166653216, 0.27813555914851235, 0.224729358484139, 0.1782201332216098, 0.13881215480333592, 0.10627536119847278, 0.08006330923120489, 0.05943231028035508, 0.04354776183088522, 0.0315691623961937, 0.02271056846397929, 0.016277446868766674, 0.0116836025376815, 0.008453136784298074, 0.006212504563750897, 0.004677090036659497, 0.003635700686160596, 0.0029352944807463518, 0.0024672978346186175, 0.002156133835178384, 0.0019500774654513293, 0.001814255543465833, 0.001725466083153742, 0.0016684519629952762, 0.0016332856433719984, 0.001613571978768429, 0.0016052358279697474, 0.0016057170850468491, 0.0016134438691809733, 0.0016274921210444738, 0.0016473685668124394, 0.0016728742866099684, 0.0017040207908066776, 0.001740980116541542, 0.0017840573069363304, 0.0018336777880510918, 0.0018903852471440616, 0.001954847294798579, 0.0020278676472141747, 0.002110404232569772, 0.0022035934446337766, 0.002308781088691285, 0.0024275612083384268, 0.0025618242689611705, 0.002713816878555496, 0.002886215661231052, 0.003082218838108856, 0.0033056598153009555, 0.003561148440325639, 0.003854246843782749, 0.004191688810809302, 0.004581653656525807, 0.00503410858269022, 0.0055612366067982555, 0.006177971451342294, 0.006902665213718405, 0.007757920334489981, 0.008771622922772487, 0.009978220910731044, 0.011420295624171708, 0.013150479739521733, 0.015233774668065846, 0.01775031563480275, 0.020798617160427912, 0.02449930292541077, 0.028999272970922123, 0.03447618359932445, 0.041142999619616615, 0.0492522214802837, 0.0590991827271623, 0.07102356340431812, 0.08540798056274518, 0.10267223443153241, 0.12326155405716255, 0.14762708540831182, 0.1761969937050306, 0.2093370384159935]
5.773502691896243	2.846518805978956	[0.2479982699431981, 0.29077608615043005, 0.3382560078432309, 0.3899741443680043, 0.445108302930087, 0.5024394918541855, 0.5603429415045407, 0.6168191252025899, 0.6695723081007532, 0.7161388004878412, 0.7540597149626719, 0.7810846218687924, 0.7953846276434462, 0.7957479154978296, 0.7817293894321252, 0.7537297869914993, 0.7129884292173052, 0.6614863576466732, 0.6017706062280204, 0.5367228770904797, 0.4693042567782264, 0.4023100842614573, 0.33816533141323296, 0.2787820076216948, 0.22548837361408233, 0.1790278035776404, 0.1396153494337839, 0.10703398523217608, 0.08075061613094643, 0.06003370953651109, 0.044058671339225176, 0.03199244290476374, 0.023053979375468964, 0.016551423173579542, 0.011899509721994165, 0.008622041798106201, 0.006344417992637687, 0.00478058951940653, 0.0037178307482082975, 0.0030016446747822205, 0.002522178668881942, 0.0022027918753764484, 0.001990911139268767, 0.0018510100320882534, 0.0017593974622509456, 0.0017004587898797013, 0.0016640103863546619, 0.0016434769461684913, 0.001634658572061123, 0.0016349101355579857, 0.0016426027556232274, 0.0016567750116278882, 0.0016769099201260828, 0.001702794428787343, 0.0017344326669388953, 0.0017719942249674178, 0.0018157854048153712, 0.0018662358906487231, 0.0019238961786355651, 0.001989443079408427, 0.0020636918508492503, 0.002147614443927586, 0.0022423639507241034, 0.0023493059016947496, 0.0024700574894755472, 0.0026065363102844167, 0.0027610207037943473, 0.00293622443281546, 0.003135389162297272, 0.0033623991744068443, 0.003621923883773267, 0.0039195952174116665, 0.0042622286938306725, 0.004658099328039285, 0.005117286195669112, 0.00565210288576102, 0.006277635009000563, 0.007012410660138232, 0.007879234971660405, 0.008906225742084415, 0.010128092923336341, 0.011587710160299062, 0.013338030127258753, 0.015444395749493299, 0.01798729352290594, 0.02106557989020486, 0.024800181577389623, 0.02933822034111616, 0.03485743374438875, 0.04157064931453182, 0.04972991195595606, 0.05962966088041459, 0.07160810425496084, 0.08604566227916116, 0.10335907171931713, 0.12398952090109547, 0.14838309006619924, 0.17696191147585724, 0.2100849518250302]
5.750408681128658	2.86164132085499	[0.24869522574239283, 0.2913816295554218, 0.3387243851933573, 0.39025605596328844, 0.44515416815235265, 0.5022037584930815, 0.5597891714159527, 0.615925371212084, 0.6683360931585901, 0.7145808874664415, 0.752225852602287, 0.779044619628837, 0.7932284407892947, 0.7935788857760179, 0.7796552939833394, 0.7518528005565526, 0.7113953819610441, 0.6602407005860615, 0.6009072461497774, 0.5362465630521369, 0.46919158880043443, 0.40251461218610396, 0.3386247454470849, 0.2794261851489412, 0.2262470656550904, 0.1798369846505782, 0.14042163318443168, 0.10779692408686908, 0.08144306546767038, 0.060640684832492575, 0.04457524017292977, 0.032421184859853895, 0.023402452917816393, 0.016829941072017764, 0.012119383869507975, 0.008794339122614087, 0.006479186492623281, 0.004886466594132605, 0.003801930869253323, 0.0030696284248852472, 0.002578422909067564, 0.002250601521207748, 0.002032733802340713, 0.0018886308870472157, 0.0017941043183446169, 0.0017331748049851591, 0.0016953968772095837, 0.0016740104677565603, 0.0016646874622372667, 0.0016646950624633343, 0.0016723455061162075, 0.00168663860964238, 0.0017070327458150554, 0.0017333000445122434, 0.0017654368466863352, 0.0018036100040881536, 0.001848126957754298, 0.0018994215773247053, 0.001958051213630699, 0.002024701939264735, 0.0021002007099100565, 0.0021855336606278098, 0.0022818708296438728, 0.002390597725013321, 0.00251335502934721, 0.0026520878200839886, 0.0028091066156005497, 0.0029871627813796067, 0.0031895419988926922, 0.003420180023628754, 0.0036838065568008485, 0.0039861240697974965, 0.004334030694882151, 0.004735898048699262, 0.0052019181126166545, 0.005744536068453378, 0.0063789905341134325, 0.007123986628571368, 0.008002533208144, 0.009042980529081025, 0.010280301135683385, 0.011757660981195751, 0.013528332159351888, 0.01565799741143365, 0.018227491635608297, 0.021336008413062497, 0.02510477072806802, 0.02968111236458758, 0.03524283956937757, 0.0420026262609986, 0.05021204217085973, 0.060164608836468965, 0.07219703694875407, 0.08668752264564161, 0.1040497134911272, 0.12472073496937662, 0.1491415879115867, 0.17772836952365026, 0.21083326844439326]
5.727314670361072	2.8769220467103076	[0.24939124331918924, 0.29198484064549657, 0.3391890144742029, 0.39053286737181064, 0.44519373398264916, 0.5019607583540836, 0.5592274554106451, 0.6150233003448332, 0.6670914761582469, 0.7130147068724823, 0.750383978192486, 0.7769968679142392, 0.7910646706462419, 0.7914022736936176, 0.7775734382809981, 0.7499677461499598, 0.7097939351842918, 0.6589864301730812, 0.6000353237125798, 0.5357621213336018, 0.4690716747575856, 0.40271321438027063, 0.33907991347703037, 0.2800680202041831, 0.22700537628632095, 0.18064763526501879, 0.14123098478262985, 0.1085641775984238, 0.08214067756731906, 0.06125327481699872, 0.04509752180532072, 0.03285545243154008, 0.02375605955158647, 0.01711307331478088, 0.012343296552060542, 0.008970096622486696, 0.006616872447309018, 0.004994777301574263, 0.003888050429142647, 0.0031392887317121506, 0.002636067669110269, 0.002299594774604, 0.002075573079078773, 0.0019271421734744884, 0.00182960781581823, 0.001766618932808122, 0.00172746227808826, 0.0017051884108956227, 0.001695337377160326, 0.0016950860659917823, 0.0017026858245271735, 0.001717096326309503, 0.0017377502673497787, 0.0017644043086886638, 0.0017970465183043492, 0.0018358407588873478, 0.0018810954281110988, 0.0019332485533368928, 0.001992864332499298, 0.0020606382084655188, 0.0021374089434487114, 0.0022241770652724996, 0.0023221297622394543, 0.0024326728210329984, 0.0025574707128919985, 0.002698496397431499, 0.0028580929764081553, 0.003039049935468475, 0.0032446975010500738, 0.00347902355677896, 0.003746818761467787, 0.004053856941420672, 0.004407119667157344, 0.004815076127034819, 0.0052880321720192355, 0.005838565672088483, 0.006482069284348422, 0.007237426257829545, 0.008127850088483964, 0.009181924339926113, 0.010434884562472303, 0.011930189086772201, 0.013721428628334982, 0.015874624120809762, 0.01847095569779064, 0.021609949364767907, 0.025413117186382554, 0.03002799536337099, 0.03563244576948024, 0.042438972512195666, 0.05069864998663688, 0.060704058963565934, 0.07279038654469641, 0.08733357807514658, 0.10474416578291632, 0.12545519100234206, 0.14990256126338908, 0.17849633778016774, 0.21158194578107567]
5.704220659593487	2.892363373947014	[0.25008626777963894, 0.2925856549089411, 0.3396498231339566, 0.390804500706944, 0.44522691900562233, 0.5017104089313519, 0.5586577109917392, 0.6141128315093287, 0.6658383774268977, 0.7114401808144348, 0.7485340149696388, 0.7749412910197084, 0.7888932418611301, 0.7892180041229, 0.7754837467368906, 0.7480745473565413, 0.708184010766975, 0.6577234660234561, 0.5991547557140635, 0.5352694662093547, 0.46894442751723164, 0.40290580472490106, 0.33953075386586, 0.28070743992931113, 0.22776324591221847, 0.18145971306340095, 0.14204338197599656, 0.10933574483099343, 0.08284347232285753, 0.0618715179931385, 0.04562556995983271, 0.03329531031396768, 0.024114870607485395, 0.0174008936940328, 0.012571320606970601, 0.009149383460546539, 0.006757539630444514, 0.005105578988683131, 0.003976240110977078, 0.0032106697501466234, 0.002695151169798684, 0.002349804579647773, 0.0021194574834125825, 0.0019665686968744064, 0.001865929821709435, 0.001800810679385239, 0.001760224315053935, 0.0017370271141117788, 0.0017266236664461143, 0.0017260977479869753, 0.0017336378285405453, 0.0017481619348192067, 0.0017690760902706222, 0.001796120738932546, 0.0018292752376389452, 0.001868700131418535, 0.0019147046431879841, 0.0019677308647085704, 0.0020283498864613982, 0.0020972665724499724, 0.0021753316540269454, 0.0022635602079855094, 0.002363156831418642, 0.002475547840882783, 0.002602421851252187, 0.0027457800562261086, 0.0029079986045832083, 0.0030919055693753522, 0.0033008763132578553, 0.0035389514490857007, 0.003810983332209219, 0.004122817894193235, 0.00448152104249032, 0.004895660436331871, 0.0053756568413042055, 0.0059342218231204, 0.006586903198164196, 0.007352763337710972, 0.008255221386925679, 0.009323094914357361, 0.01059188298678034, 0.012105336174230362, 0.013917363112774417, 0.016094321023280386, 0.01871773220267055, 0.02188744999253185, 0.025725268460020136, 0.030378916137961755, 0.03602629760205016, 0.04287973038889723, 0.051189773616132445, 0.06124804360898493, 0.07338817817571354, 0.08798384461341781, 0.10544243438970105, 0.1261928830109533, 0.15066599189354848, 0.17926578512446728, 0.2123309405472708]
5.681126648825901	2.907967739175436	[0.25078024344308003, 0.2931840063055506, 0.34010673772422134, 0.39107087646857186, 0.44525364086861413, 0.5014526261016213, 0.5580798547155321, 0.6131938820366268, 0.6645767163357257, 0.7098572298810415, 0.7466758851928706, 0.7728778117824608, 0.7867140780695323, 0.7870260005369585, 0.7733861427064723, 0.7461731264082162, 0.706565529476427, 0.6564517264244725, 0.5982654577664633, 0.5347685106174567, 0.4688097586700436, 0.4030922957338911, 0.3399771836241369, 0.28134437011316843, 0.22852061362431067, 0.18227317451431135, 0.14285880146983623, 0.11011162410793035, 0.08355146911741364, 0.06249545277044519, 0.04615943853014479, 0.03374082379877538, 0.024478958212525062, 0.017693477136431837, 0.012803530073464136, 0.009332270204890069, 0.006901253152134856, 0.005218930421886974, 0.004066551854107638, 0.003283816900925396, 0.0027557126954840575, 0.0024012649269313994, 0.002164416377382823, 0.00200693609733446, 0.001903092865718107, 0.0018357702157553058, 0.001793701239856646, 0.001769543460624208, 0.0017585621147798434, 0.0017577451769741528, 0.001765216016531263, 0.0017798496285655696, 0.0018010241719422307, 0.0018284632485320463, 0.0018621369006055644, 0.0019022021498891724, 0.0019489687700698663, 0.0020028829446803566, 0.002064522574283934, 0.002134602112943136, 0.002213984305679689, 0.002303699050903243, 0.002404968500716848, 0.0025192398695057044, 0.0026482261601935434, 0.002793957271917284, 0.002958842751826763, 0.0031457498526860153, 0.0033580995466716184, 0.003599985910892871, 0.0038763236077821823, 0.004193031570889189, 0.00455726079821594, 0.004977678481692865, 0.005464821176395116, 0.00603153533425506, 0.0066935248441413854, 0.007470032398815099, 0.008384683542699806, 0.009466530781793442, 0.010751336876367002, 0.01228314476467292, 0.014116179868406223, 0.016317134095318212, 0.01896786827030019, 0.022168558338220838, 0.026041272572750834, 0.030733922187806312, 0.036424440653793584, 0.04332494274340698, 0.05168545133207549, 0.061796595411827124, 0.07399043669261439, 0.08863833830409974, 0.10614452444254277, 0.12693380469439208, 0.15143186054054408, 0.18003667984832183, 0.21308020812094303]
5.658032638058316	2.923737626285627	[0.25147311286240226, 0.2937798282268477, 0.34055968287754557, 0.39133191452054783, 0.4452738152572097, 0.5011873250739791, 0.557493801209068, 0.6122663685586971, 0.6633064104020762, 0.7082657739133636, 0.7448095093664312, 0.7708063522264635, 0.7845271012612649, 0.784826185517671, 0.7712805480035482, 0.7442634045567288, 0.7049384106207461, 0.6551711285801645, 0.5973673440673452, 0.5342591662904566, 0.46866757839381495, 0.403272598589346, 0.340419118347221, 0.2819787351530525, 0.22927741719656713, 0.1830879748216231, 0.14367721897062743, 0.11089181288795516, 0.08426468690891327, 0.06312511732487196, 0.04669918170052496, 0.03419205863224216, 0.024848395440001572, 0.017990899566095855, 0.013040000363916199, 0.009518828701354282, 0.007048079640903257, 0.005334891669053163, 0.004159039036431086, 0.003358776760585521, 0.0028177927680595235, 0.002454010750209681, 0.0022104801314693978, 0.0020482707524867015, 0.0019411202846878793, 0.0018715182874939598, 0.0018279119586911373, 0.001802754794862127, 0.0017911690564337457, 0.0017900438118120504, 0.0017974353699390779, 0.001812173951669771, 0.001833608914039071, 0.0018614460831841335, 0.0018956458279744527, 0.0019363611706633992, 0.001983902394753625, 0.002038719559848603, 0.002101397517654158, 0.0021726602569887557, 0.00225338279733081, 0.0023446099187772185, 0.0024475816875157777, 0.0025637663764058087, 0.0026949018349316342, 0.0028430469308135336, 0.0030106451815545957, 0.0032006033963161, 0.0034163888632480995, 0.0036621496282154653, 0.003942863523742312, 0.004264523127462321, 0.004634365561123408, 0.005061158320603898, 0.00555555494100404, 0.006130537608730092, 0.0068019675604156496, 0.007589268594662611, 0.008516273825566946, 0.009612271113755578, 0.010913287582682925, 0.012463658016333826, 0.014317924069490317, 0.01654310990666345, 0.019221411941678805, 0.022453322936525393, 0.026361178422987918, 0.03109306133044754, 0.03682692127608876, 0.04377465248512178, 0.05218572199088207, 0.06234974672283323, 0.07459718728562231, 0.08929707449590453, 0.10685044113198235, 0.12767794863591242, 0.15220014773078977, 0.18080898875265664, 0.21382970345029542]
5.6349386272907305	2.939675567547351	[0.25216481821502623, 0.29437305200874214, 0.34100858275617946, 0.3915875325732969, 0.4452873573426749, 0.5009144189094953, 0.556899464551855, 0.6113302056306854, 0.662027376544087, 0.7066657307835408, 0.7429348073174091, 0.7687268325327998, 0.7823322326502389, 0.7826184799326207, 0.769166883554134, 0.7423453014551382, 0.7033025724997672, 0.6538815881828465, 0.5964603276749697, 0.5337413434934436, 0.46851779558519235, 0.4034466230161851, 0.3408564722330801, 0.2826104580348725, 0.230033593013968, 0.1839040679834547, 0.14449860904766604, 0.111676307883769, 0.08498314404691228, 0.06376054976510194, 0.04724485373903189, 0.03464908122086241, 0.02522325609638578, 0.018293238140243483, 0.013280808055603818, 0.009709132327395772, 0.0071980870454818645, 0.005453524358357861, 0.004253756287564964, 0.003435597313313774, 0.00288143297149365, 0.002508078162556304, 0.0022576799605356452, 0.0020905999932681147, 0.0019800360703714475, 0.0019080764087672235, 0.001862875892206003, 0.0018366790958131518, 0.0018244612475507732, 0.0018230096566269754, 0.001830311237272552, 0.0018451499383496338, 0.0018668450571558354, 0.0018950839477789873, 0.0019298166690544856, 0.001971191995362616, 0.0020195204331099397, 0.002075255920336508, 0.002138990177476703, 0.0022114568828110032, 0.002293543382388512, 0.002386309603073702, 0.002491013683797657, 0.0026091453205558494, 0.002742467469738276, 0.002893068438515683, 0.003063426084767362, 0.0032564873674879105, 0.0034757663848449362, 0.003725465887760121, 0.004010627511078715, 0.004337318372312826, 0.004712862490995491, 0.005146128721615344, 0.005647888469166933, 0.006231260824853564, 0.00691226528861429, 0.007710507920162068, 0.008650030131416459, 0.009760355986312681, 0.011077777085804777, 0.012646920043330958, 0.014522641487850749, 0.01677229601012501, 0.019478411773752168, 0.022741793292770228, 0.026685035274236834, 0.03145638228578564, 0.03723378594940992, 0.044228903289646675, 0.05269062425109371, 0.06290753045421343, 0.07520845454197055, 0.08996006884297462, 0.10756018859940376, 0.12842530745337116, 0.15297083251222643, 0.181582678433779, 0.21457937965515486]
5.611844616523145	2.9557841447394675	[0.252855299884, 0.29496360833396956, 0.34145335957304385, 0.3918376476133884, 0.4452941803033084, 0.5006338199144704, 0.5562967568622701, 0.6103853070246082, 0.6607395297925124, 0.7050570175357851, 0.7410516970808233, 0.7666391719922091, 0.7801293917618203, 0.7804028036834106, 0.7670450686937492, 0.7404187357041474, 0.7016579319007678, 0.6525830197732848, 0.5955443201775963, 0.5332149512225621, 0.4683603176722212, 0.4036142773481202, 0.3412891580079777, 0.28323946029544683, 0.23078907608617033, 0.18472140667752815, 0.14532294521551578, 0.11246510489476978, 0.08570685841028826, 0.0644017879346444, 0.04779650918061237, 0.03511195842137326, 0.02560361494058256, 0.018600571040444554, 0.013526031135005353, 0.00990325579189809, 0.007351344891073745, 0.005574891489269857, 0.004350759744052937, 0.0035143277733356436, 0.0029466761954286356, 0.002563504289936276, 0.0023060481490872154, 0.0021339519488210064, 0.0020198650734044006, 0.0019454667189743925, 0.001898613158137208, 0.0018713348456667533, 0.0018584560291755097, 0.0018566591412328588, 0.0018638594801718901, 0.001878793004318256, 0.0019007478128518062, 0.001929391907488372, 0.001964664522670928, 0.002006709780014581, 0.002055838243616951, 0.00211250759517197, 0.002177316461033573, 0.0022510082394708824, 0.0023344827728903027, 0.0024288152838636574, 0.002535282259801548, 0.0026553950723461977, 0.0027909421637120823, 0.002944041639533992, 0.003117206190750061, 0.0033134234042731013, 0.003536254812039662, 0.003789958483114974, 0.0040796406269158515, 0.004411443660069014, 0.004792779427766562, 0.005232619040578406, 0.005741852834522175, 0.0063337377881045355, 0.007024452772331852, 0.007833787031099016, 0.00878599121877393, 0.009910826156148394, 0.011244848279890782, 0.01283297563477595, 0.014730378840500515, 0.017004740587290127, 0.019738917264728262, 0.02303401943611698, 0.02701289327550802, 0.031823934115955264, 0.03764508191708616, 0.044687738904743826, 0.05320019733767643, 0.06346997923433274, 0.07582426335398575, 0.09062733629823874, 0.10827377099439926, 0.12917587263278668, 0.15374389365449667, 0.18235771397388836, 0.2153291893478863]
5.58875060575556	2.9720659903095625	[0.25354449725498274, 0.29555142635579973, 0.34189393442108607, 0.39208217500872744, 0.44529419615185684, 0.5003454387657649, 0.5556855890856144, 0.6094315849128935, 0.6594427840042334, 0.703439549660123, 0.7391600955107459, 0.764543288390741, 0.7779184969248054, 0.7781790752129998, 0.7649150215358766, 0.7384836244799124, 0.700004404350001, 0.6512753364793286, 0.5946192318423187, 0.532679897039328, 0.4681950506776728, 0.4037754684398177, 0.34171708692141994, 0.2838656619951705, 0.2315437999895529, 0.18553994228018608, 0.14615019983791008, 0.11325819886333888, 0.08643584728816449, 0.06504886950077378, 0.04835420269976072, 0.03558075765940932, 0.025989547559975644, 0.018912977616309307, 0.013775748883674437, 0.010101275295922462, 0.007507924176344165, 0.005699057600243135, 0.004450106955664355, 0.00359501874983614, 0.003013566548338604, 0.002620327426163697, 0.0023556179696998425, 0.0021783556875664776, 0.0020606329265523836, 0.0019837121088498496, 0.0019351444996225926, 0.0019067411417440997, 0.0018931712610159844, 0.0018910092206697788, 0.0018980964127604384, 0.0019131190360645906, 0.0019353328083700498, 0.001964385468929744, 0.0020002048866969518, 0.0020429301101058937, 0.0020928715809056635, 0.002150490583066664, 0.0022163926785871385, 0.0022913310150712058, 0.0023762180981015315, 0.0024721445970686505, 0.002580405623461746, 0.0027025344814719412, 0.0028403454797814795, 0.0029959868874814086, 0.003172006724185231, 0.003371433689913153, 0.003597877377625769, 0.003855651795279749, 0.004149928502262818, 0.004486925980794383, 0.0048741448308250186, 0.005320659321524953, 0.005837479777681003, 0.0064380020473748375, 0.007138565468042602, 0.007959143380302108, 0.008924196597402985, 0.010063723222265446, 0.01141454483201544, 0.01302187044883022, 0.014941183609449401, 0.017240492683010318, 0.020002978623793556, 0.023330052203726127, 0.027344803168435804, 0.03219576656920945, 0.03806085681677738, 0.045151203564017826, 0.053714480585845215, 0.06403712590001231, 0.0764446383665231, 0.09129889168998787, 0.10899119182296477, 0.12992963518934056, 0.15451930890341067, 0.18313405967874247, 0.21607908380964708]
5.565656594987974	2.9885237885647284	[0.25423234866886313, 0.29613643369000997, 0.34233022722166684, 0.3923210284997662, 0.4452873156812609, 0.5000491845005218, 0.555065870938768, 0.6084689498558579, 0.658137051807677, 0.7018132410774838, 0.7372599182285982, 0.7624390979929597, 0.7756994652243645, 0.7759472114875718, 0.7627766589301186, 0.7365398835144846, 0.6983419040750453, 0.6499584499941072, 0.5936849715793882, 0.5321360870456276, 0.46802189918358444, 0.4039301016379532, 0.34214016871032665, 0.2844889816859372, 0.23229769683150334, 0.18635962483364732, 0.14698034409469413, 0.11405558384570821, 0.08717012735422155, 0.06570183193481487, 0.048917989097728584, 0.036055546924478876, 0.02638113037424404, 0.01923053839726148, 0.014030041898388511, 0.01030326855903299, 0.007667897405643653, 0.0058260888041538166, 0.004551856923468293, 0.003677722285342527, 0.0030821493957284432, 0.0026785870694414045, 0.0024064237176150034, 0.0022238412493240747, 0.002102366074179793, 0.0020228362475238895, 0.0019724913096202954, 0.0019429177190475758, 0.0019286253417044323, 0.0019260773942685132, 0.0019330388188615846, 0.0019481444074887593, 0.001970616101825277, 0.0020000805952572528, 0.0020364536720165406, 0.0020798690148001956, 0.002130636609092637, 0.0021892213262487185, 0.002256235556512169, 0.0023324423505551454, 0.00241876691776004, 0.002516315648484508, 0.002626402434001404, 0.0027505828913789872, 0.002890697458833857, 0.0030489250600960506, 0.003227849419968218, 0.003430540968535025, 0.0036606578622334386, 0.00392257080914838, 0.004221517358523881, 0.004563792977250923, 0.004956987796446534, 0.005410280314638674, 0.005934801724540787, 0.006544087913444421, 0.007254639564141247, 0.008086615236232384, 0.009064686547767244, 0.010219089644046983, 0.0115869112015482, 0.01321365102928104, 0.015155104060268635, 0.01747960221918315, 0.02027064678792004, 0.023629943250109944, 0.02768081630125569, 0.032571930083016766, 0.03848115869060489, 0.04561934198200172, 0.054233513446652726, 0.06460900348229091, 0.07706960397791478, 0.09197474969781257, 0.10971245394444222, 0.1306865856339957, 0.1552970549750981, 0.18391167903634656, 0.21682901298305426]
5.542562584220389	3.005160276894392	[0.25491879081039565, 0.2967185569776944, 0.34276215608909627, 0.3925541207714581, 0.44527344783131634, 0.49974496507261135, 0.5544375103062306, 0.6074973113174191, 0.6568222440525369, 0.7001780045923784, 0.7353510791446042, 0.7603265159154365, 0.7734722121053614, 0.7737071282831227, 0.7606298961500368, 0.7345874272965789, 0.6966703437739812, 0.6486322706989676, 0.592741446785252, 0.5315834259407494, 0.4678407662372118, 0.40407808078554003, 0.34255831155443517, 0.28510933637339103, 0.23305069724367067, 0.1871804029759988, 0.14781334800494633, 0.11485725292067815, 0.08790971471614767, 0.06636071241196256, 0.04948792337778564, 0.03653639467244426, 0.026778440735511694, 0.01955333500535497, 0.014288992211969094, 0.010509314744786, 0.007831338722703106, 0.005956052724553155, 0.004656070237114887, 0.003762491799123879, 0.0031524714928601225, 0.002738323869801548, 0.0024585008335384698, 0.0022704395951604842, 0.002145091882725647, 0.002062863534471998, 0.00201067572894216, 0.0019798849047056896, 0.0019648372956033514, 0.0019618816631080385, 0.001968704029366988, 0.001983885940679354, 0.0020066142520339405, 0.002036493670254205, 0.002073427266607924, 0.0021175429340588785, 0.0021691499617337868, 0.0022287166801161617, 0.002296862294573518, 0.002374359811254629, 0.0024621472780121333, 0.00256134698648263, 0.002673291857798703, 0.0027995601122790116, 0.0029420186767822507, 0.0031028775316086178, 0.003284756582809671, 0.0034907685157357653, 0.0037246206579383085, 0.003990741080923229, 0.004294434076795559, 0.004642072907395433, 0.005041338134761337, 0.005501513431580401, 0.006033851873301772, 0.0066520304042049835, 0.007372712080886887, 0.008216241614293063, 0.009207502237381083, 0.010376968653747976, 0.011761992777079906, 0.013408364693042026, 0.015372189404499114, 0.01772211984975238, 0.020541973615373462, 0.023933744860936253, 0.028020984859590495, 0.032952475547283866, 0.0389060362596074, 0.046092199057683074, 0.05475733581109598, 0.06518564484285452, 0.0776991847183044, 0.09265492441805219, 0.11043756000588363, 0.13144671346942344, 0.1560771080438078, 0.18469053415154085, 0.2175789260049778]
5.519468573452803	3.0219782470262233	[0.25560375912178945, 0.2972977213995327, 0.3431896377592389, 0.39278136295720506, 0.44525250011419193, 0.4994326868669785, 0.5538004136428168, 0.6065165772103327, 0.655498270171483, 0.6985337514866513, 0.7334334907645905, 0.7582054557814467, 0.7712366516161866, 0.7714587399069259, 0.7584746470719067, 0.7326261688591031, 0.6949896347318556, 0.6472967075114933, 0.5917885634030449, 0.5310218169206115, 0.4676515533637691, 0.40421930816093854, 0.34297142205164144, 0.28572664148702814, 0.2338027303289103, 0.188002223936153, 0.1486491803546148, 0.11566319820675852, 0.08865462483448669, 0.0670255478510141, 0.05006406066606192, 0.037023369888943856, 0.02718155685952539, 0.01988145024106973, 0.014552683238419697, 0.01071949456363652, 0.007998323868523016, 0.006089018607529423, 0.00476280904143466, 0.003849382199526448, 0.003224580955745583, 0.0027995797353643063, 0.0025118858760855537, 0.0023181827038857472, 0.0021888386133890074, 0.0021038191851375345, 0.0020497206192115884, 0.0020176636933246683, 0.0020018267466203597, 0.0019984405965527575, 0.002005109897526692, 0.002020360965351385, 0.002043344295676827, 0.002073641552330131, 0.0021111425146966884, 0.002155968768680781, 0.002208428722846134, 0.002268993960616802, 0.002338290548519258, 0.00241710143275809, 0.0025063776951566316, 0.0026072576474150933, 0.0027210935527650936, 0.0028494864670969376, 0.0029943302289653848, 0.003157866220247229, 0.0033427510709231937, 0.0035521401887238786, 0.0037897907503322, 0.004060188792091087, 0.004368706177172994, 0.0047217947035653445, 0.005127226344804657, 0.005594390811502748, 0.006134664163295093, 0.006761865319431413, 0.0074928208304106386, 0.008348062362664858, 0.009352685668589654, 0.010537404356144033, 0.011939835807587963, 0.01360605964685473, 0.015592489708719265, 0.017968097098208454, 0.020817011766121097, 0.02424151011554147, 0.028365361710812432, 0.033337454496429164, 0.03933553872444853, 0.046569820100735036, 0.055285987760341014, 0.06576708293854737, 0.07833340494469927, 0.09333942966937774, 0.11116651208085665, 0.13221000753691992, 0.1568594433282417, 0.18547058613060038, 0.21832877074963042]
5.496374562685218	3.038980546316	[0.2562871879915821, 0.29787385041965053, 0.34361258778355297, 0.3930026643777372, 0.4452243788053563, 0.4991122544434021, 0.5531544861522808, 0.6055266536543538, 0.6541650383381316, 0.6968803913004428, 0.7315070643213539, 0.7560758295311137, 0.7689926965105287, 0.769201959040259, 0.7563108242464606, 0.730656019654382, 0.6932996868636405, 0.6459516677896874, 0.5908262259389363, 0.5304511616063772, 0.4674541605591106, 0.4043536844272497, 0.3433794051894005, 0.28634081084608104, 0.23455372361597934, 0.18882503351383714, 0.14948780864117175, 0.11647341085660169, 0.08940487246543156, 0.06769637492610259, 0.050646456161166344, 0.03751654212153343, 0.027590557788722936, 0.0202149681362447, 0.014821199751638214, 0.010933890342829733, 0.008168930173275316, 0.006225057401514361, 0.004872137036395627, 0.003938449965977324, 0.003298527263943493, 0.0028623979104403915, 0.0025666165238350707, 0.0023671036427752676, 0.0022336354218753175, 0.002145729293188691, 0.0020896495602487275, 0.0020562758012802945, 0.002039613913938635, 0.002035773379841333, 0.0020422747939021968, 0.0020575873611902063, 0.002080823742206378, 0.002111541612983602, 0.002149616712100159, 0.0021951639160540585, 0.002248490422936418, 0.0023100709782666678, 0.0023805384268583076, 0.002460685754020473, 0.0025514771531062494, 0.0026540671885373203, 0.002769827666330335, 0.0029003828248682006, 0.003047653728415766, 0.003213913622749612, 0.0034018562942509617, 0.003614680462596821, 0.003856193716272477, 0.004130940788153728, 0.004444361815439585, 0.004802988014409397, 0.005214683609354243, 0.005688945367004824, 0.006237273266885872, 0.006873629291672926, 0.007615004404213763, 0.008482118219136567, 0.009500279659693103, 0.010700441792388785, 0.012120487374614594, 0.013806785059330733, 0.01581605585453491, 0.018217586439026035, 0.02109581464574921, 0.02455329297901318, 0.028714000327549307, 0.0337269192133951, 0.0397697156641342, 0.047052250948767485, 0.055819509435903206, 0.06635335095312714, 0.07897228868033102, 0.09402827914005962, 0.11189931147798945, 0.13297645617946535, 0.15764403487211018, 0.18625179525890445, 0.2190784935867934]
5.473280551917632	3.056170079072528	[0.25696901013475726, 0.2984468663506722, 0.34403091988539175, 0.3932179331141203, 0.44518898830231785, 0.4987835710932582, 0.5524996311757733, 0.6045274454921454, 0.6528224549095633, 0.6952178322854531, 0.7295717092891923, 0.7539375477960186, 0.7667402578438081, 0.766936697026438, 0.7541383385795768, 0.7286768897564274, 0.6916004084757915, 0.6445970574567063, 0.5898543372971795, 0.529871360103116, 0.46724848618817144, 0.40448110863627007, 0.3437821642950131, 0.2869517566192155, 0.23530360305015746, 0.1896487760051933, 0.1503291990958976, 0.11728788095998825, 0.09016047171094464, 0.06837322996005814, 0.05123516521168254, 0.03801598137576463, 0.0280055234963619, 0.020553973861313173, 0.015094628012039963, 0.011152585947604847, 0.008343236697430131, 0.006364241690607109, 0.004984119622954245, 0.004029753090531796, 0.0033743614023490904, 0.0029268229217701133, 0.0026227317070828962, 0.0024172365164814033, 0.002279512477293116, 0.002188620781546918, 0.002130486955777197, 0.0020957436201536096, 0.002078219705709328, 0.0020738997704415167, 0.0020802176899031187, 0.002095583517474547, 0.0021190706492466033, 0.0021502116997392773, 0.0021888676754136644, 0.0022351462361593515, 0.0022893531037151303, 0.0023519660067448135, 0.002423624552666094, 0.0025051317879156293, 0.00259746516371529, 0.002701795659765475, 0.002819514895648193, 0.0029522705728392716, 0.00310201136728952, 0.00327104278581344, 0.003462096278521967, 0.0036784143999645776, 0.00392385579210343, 0.004203024544984215, 0.004521429857195163, 0.0048856831661617355, 0.005303741877003445, 0.005785210737988452, 0.006341714681919741, 0.0069873597296587105, 0.007739302278903586, 0.008618450740127369, 0.00965032796747126, 0.01086612684961282, 0.012303995535741387, 0.01401059094481209, 0.016042939707868194, 0.01847064114814446, 0.02137843660610071, 0.02486914811049945, 0.029066955025722933, 0.03412092248637428, 0.040208617317678684, 0.047539537663427285, 0.056357941370719, 0.06694448192552488, 0.07961585999948112, 0.09472148594477445, 0.11263595918110207, 0.13374604672883275, 0.15843085603671414, 0.1870341204267818, 0.21982803991817687]
5.450186541150047	3.073549807918696	[0.2576491570540604, 0.29901668981507784, 0.34444454643649186, 0.39342707545904926, 0.44514623159634853, 0.49844653830283747, 0.5518357506372692, 0.603518855786426, 0.6514704248258822, 0.6935459809549263, 0.7276273337229963, 0.7517905195158571, 0.7644792452437139, 0.7646628635610164, 0.7519570995323749, 0.7266886876241634, 0.6898917063987381, 0.6432327808304809, 0.5888727988510236, 0.5292823108859294, 0.4670344270024421, 0.4046014781601245, 0.3441796010092377, 0.28755938929225594, 0.23605229293286548, 0.1904733941998493, 0.15117331660029656, 0.11810659756697256, 0.09092143592386757, 0.0690561489734625, 0.05183024322192752, 0.03852175819076696, 0.028426534802383274, 0.02089855382568653, 0.015373055697102478, 0.01137566690065098, 0.008521324176368708, 0.006506645824294587, 0.005098823857864292, 0.004123351208561596, 0.0034521358217281138, 0.0029929007028162, 0.0026802715708739194, 0.0024686165806065046, 0.002326500926212536, 0.0022325215037525404, 0.0021722579983752214, 0.002136090306366804, 0.002117665685398607, 0.0021128401774727595, 0.002118958126112973, 0.0021343684041676674, 0.002158103593268415, 0.002189670200779249, 0.002228913715114087, 0.002275934111447531, 0.002331035293446503, 0.002394697839529279, 0.0024675680408037205, 0.0025504590759784216, 0.0026443617453502607, 0.0027504636577618882, 0.0028701764668892515, 0.003005171671081783, 0.0031574258961404654, 0.0033292773624327503, 0.003523495643626433, 0.0037433677102712104, 0.0039928038500553105, 0.0042764682325282365, 0.0045999398509271395, 0.004969911232315492, 0.005394433830164081, 0.005883221369167222, 0.006448024692386145, 0.007103094905848832, 0.007865754766546955, 0.008757102400902064, 0.009802875223371829, 0.011034506376904996, 0.012490409241699566, 0.014217528298743362, 0.016273194010912213, 0.018727315461882724, 0.021664932804878415, 0.025189131050283777, 0.029424280783795238, 0.034519517828961246, 0.04065229435486006, 0.048031726788508367, 0.056901324204261576, 0.06754050905017688, 0.08026414268225879, 0.09541906296988459, 0.1133764554429668, 0.13451876589572703, 0.1592198790383045, 0.18781751956014586, 0.22057735366883618]
5.4270925303824615	3.0911227551896023	[0.2583275586219536, 0.2995832401002544, 0.3448533780232164, 0.3936299962758715, 0.4450960098404081, 0.4981010561008831, 0.5511627446309111, 0.6025007861401249, 0.6501088512326946, 0.6918647423623612, 0.7256738439275737, 0.7496346521655322, 0.762209566633057, 0.7623803668623851, 0.7497670148994914, 0.7246913202162133, 0.6881734858187593, 0.6418587406877853, 0.587881510323331, 0.5286839108208776, 0.4668118780620753, 0.4047146886763855, 0.344571615242114, 0.28816361762459536, 0.23679971590352927, 0.19129882931559697, 0.15202012468938314, 0.1189295486093025, 0.09168777773196403, 0.0697451676033537, 0.05243174569877467, 0.039033943565558636, 0.028853673444410553, 0.021248795618472614, 0.01565657199423776, 0.011603220338640873, 0.008703275128560015, 0.006652345886649727, 0.005216318568304318, 0.004219305575514883, 0.0035319045514869687, 0.003060678573545105, 0.0027392775801032485, 0.0025212802217844887, 0.0023746329872610904, 0.002277460223436372, 0.0022149887531230624, 0.002177339760290171, 0.0021579741454968255, 0.002152615641141044, 0.0021585162777104064, 0.002173961552346487, 0.002197941728498281, 0.002229936026795167, 0.0022697736896080106, 0.002317546430269106, 0.002373556057588214, 0.0024382857748269453, 0.0025123885464118133, 0.0025966876745866004, 0.002692187470356621, 0.0028000923129939325, 0.0029218341827101624, 0.0030591086399470997, 0.003213920672386005, 0.0033886415991552085, 0.0035860796540881103, 0.0038095667361202038, 0.004063065451797341, 0.00435130069926788, 0.004679922085831073, 0.005055704015022439, 0.005486792948502779, 0.005983012486819853, 0.006556240439027004, 0.007220873926449458, 0.007994403094259292, 0.00889811655609534, 0.009957967024176988, 0.011205628132778317, 0.012679778440524885, 0.014427649027572896, 0.016506872502506487, 0.018987664483798718, 0.021955359345271284, 0.02551329809729953, 0.029786033404906237, 0.03492275932160834, 0.0411007980642184, 0.04852886514898349, 0.05744969889955828, 0.06814146542870254, 0.08091716046311394, 0.0961210225755414, 0.11412080006633696, 0.13529459942397978, 0.1600110752601553, 0.18860194923308166, 0.22132637762529173]
5.403998519614876	3.1088920043690846	[0.25900414368126506, 0.30014643447456135, 0.3452573240648925, 0.39382659830397093, 0.4450382229597164, 0.4977470223810962, 0.5504805119967185, 0.6014731360634675, 0.6487376359974796, 0.6901740195370539, 0.723711144896414, 0.7474698512763848, 0.7599311285806528, 0.7600891132871458, 0.7475679910694704, 0.7226846926997034, 0.6864456504512447, 0.6404748380581454, 0.5868803698809967, 0.5280760550306344, 0.46658073276225526, 0.40482063409344377, 0.34495810514179354, 0.2887643486220329, 0.23754579286431413, 0.1921250210091526, 0.1528695854455649, 0.11975672094410048, 0.09245950891498517, 0.07044032117814139, 0.053039728125856146, 0.0395526090645425, 0.029287021960365825, 0.021604788141698455, 0.015945267497946093, 0.011835335166339495, 0.008889173767794896, 0.00680141986136959, 0.005336674276037232, 0.004317679232458665, 0.0036137231316298304, 0.0031302053981352726, 0.002799792456138834, 0.002575265102530983, 0.0024239418909048267, 0.0023234667444484505, 0.002258706100311807, 0.0022195167420460144, 0.0021991680535241006, 0.0021932479358733174, 0.0021989129041858732, 0.0022143831468247367, 0.002238604740513517, 0.002271028695318219, 0.002311466962550152, 0.002360002664988975, 0.0024169349593932536, 0.0024827496893577872, 0.0025581062281433307, 0.002643838226127657, 0.002740963430115491, 0.002850703359879297, 0.00297451038820003, 0.003114104630735442, 0.003271519626075012, 0.0034491604088427745, 0.003649874183411458, 0.003877038529793409, 0.004134668809876228, 0.0044275515543468315, 0.0047614075485032485, 0.005143094134942128, 0.005580853458561492, 0.006084620198848112, 0.006666399858899447, 0.007340736844632491, 0.008125289329863086, 0.00904153756961351, 0.010115649838835483, 0.011379540935926514, 0.012872153959373873, 0.014641006125244129, 0.016744029767375955, 0.01925174439249472, 0.022249773083770068, 0.025841706554417414, 0.030152269273541303, 0.035330701900883006, 0.041554180048818154, 0.049031000190533455, 0.058003106369611736, 0.06874738446498771, 0.08157493658256186, 0.0968273770493499, 0.11486899188057483, 0.13607353260195354, 0.16080441466018103, 0.1893873652305371, 0.2220750527873894]
5.380904508847291	3.1268607015655916	[0.25967883860526364, 0.3007061895789077, 0.34565629132683295, 0.39401678356537473, 0.4449727681769999, 0.49738433426538287, 0.5497889489197267, 0.6004358042356424, 0.6473566784382103, 0.688473714593946, 0.7217391392118893, 0.7452960213586138, 0.7576438353974969, 0.7577890080480992, 0.7453599323235445, 0.7206687089655828, 0.6847081020339757, 0.6390809725533494, 0.5858692738032434, 0.5274586370647188, 0.46634088265178086, 0.40491920658747693, 0.345338967037194, 0.2893614874659622, 0.2382904430193241, 0.1929519072222002, 0.15372165961290912, 0.12058810014010678, 0.09323664057923069, 0.07114164446757534, 0.05365424618875446, 0.04007782655303002, 0.02972666395583227, 0.021966621348286454, 0.016239234508520727, 0.012072101806982554, 0.009079106319240747, 0.0069539473982219505, 0.005459963515699209, 0.004418536788525921, 0.0036976489200736865, 0.0032015313822369145, 0.002861860463975635, 0.0026306099724717736, 0.0024744621417571726, 0.0023705717358037774, 0.00230343797196779, 0.0022626467101232108, 0.002241271264343774, 0.002234759422300274, 0.0022401695403931835, 0.0022556538907043113, 0.002280113019552102, 0.0023129682065160077, 0.002354013562035148, 0.0024033227572847343, 0.0024611922084921216, 0.002528109931119613, 0.0026047418894680325, 0.0026919318570010425, 0.0027907113722560636, 0.0029023190376413054, 0.0030282281071236632, 0.0031701833268416354, 0.003330247398339465, 0.0035108592692854506, 0.00371490585811889, 0.003945810746114596, 0.0042076429410873905, 0.0045052510508788455, 0.004844428089964995, 0.0052321149003566984, 0.0056766505195574865, 0.006188081343917827, 0.006778541896137039, 0.007462724482420285, 0.008258456625138876, 0.00918741060008167, 0.010275971293349855, 0.011556294402772256, 0.01306758784203505, 0.014857653348825245, 0.01698472163918894, 0.019519612038731173, 0.02254823211347657, 0.026174414228314666, 0.03052304593502302, 0.03574340074238728, 0.042012492917945676, 0.04953817922690305, 0.058561588295529356, 0.0693582989624772, 0.0822374947414683, 0.09753813754693698, 0.11562102983393459, 0.13685554905138161, 0.16159986699164214, 0.19017372120507825, 0.222823319693716]
5.357810498079705	3.1450320570287915	[0.2603515693408245, 0.30126241926654235, 0.34605018602584187, 0.3942004511776707, 0.44489954209598026, 0.49701288597908627, 0.5490879509023343, 0.5993886865300502, 0.6459658771033511, 0.6867637269837473, 0.7197577285708232, 0.7431130644288834, 0.7553475903716607, 0.7554799540444948, 0.7431427417702348, 0.7186432707594951, 0.6829607409743023, 0.6376770417753015, 0.5848481168705966, 0.5268315485465115, 0.46609221759992514, 0.40501029644778325, 0.3457140954221616, 0.28995493751866197, 0.23903358371572675, 0.19377942431218922, 0.1545763063313851, 0.12142367070740007, 0.09401918281881899, 0.07184917199153854, 0.05427535539443753, 0.04060966856898273, 0.030172683707926445, 0.022334386660571314, 0.016538566639445258, 0.01231361264922984, 0.009273160641713057, 0.007110010268746055, 0.005586260477251807, 0.0045219448671277316, 0.0037837407572224755, 0.003274708495660225, 0.002925527099623178, 0.002687355058956169, 0.002526229229139754, 0.0024188070868395853, 0.002349213085629496, 0.0023067561416202044, 0.0022843082765869314, 0.0022771733356141692, 0.002282308274247735, 0.0022977952661837153, 0.0023224874573245214, 0.002355775281301796, 0.002397433993742647, 0.002447527338473623, 0.0025063484871740106, 0.002574387526717515, 0.002652316814635564, 0.0027409903765658857, 0.002841453542668048, 0.002954962285387372, 0.003083010886162721, 0.0032273691395062736, 0.00339012918376264, 0.003573764424380557, 0.0037812018936933256, 0.004015911854255041, 0.004282017490743743, 0.004584430314297805, 0.004929016231994378, 0.005322800559029628, 0.005774220004098645, 0.006293433775216931, 0.006892706247473674, 0.00758687875658101, 0.008393948914144168, 0.009335781981405123, 0.010438979806879573, 0.011735939397920168, 0.013266132904329467, 0.015077645757051448, 0.017229004653064435, 0.019791325593213168, 0.02285079508810106, 0.0265114802101018, 0.030898421263067397, 0.03616091219897461, 0.04247578927025832, 0.050050450559281985, 0.05912518590092579, 0.06997424244356737, 0.08290485765091621, 0.09825331562077069, 0.11637691131724177, 0.13764063246023178, 0.16239739991822386, 0.1909609705887029, 0.22357111636801613]
5.33471648731212	3.1634093467079762	[0.2610222594480727, 0.30181503652160147, 0.34643891180676784, 0.39437749929251176, 0.44481843869485027, 0.49663257072912287, 0.5483774108583096, 0.5983316777525362, 0.644565128042358, 0.6850439550233349, 0.7177668122897338, 0.7409208812853039, 0.7530422945426295, 0.753161852858992, 0.7409163203982922, 0.7166082784027001, 0.6812034656689844, 0.6362629417822121, 0.5838167919244664, 0.5261946794185637, 0.46583462556193517, 0.4050937921383319, 0.34608338288918894, 0.2905446002357825, 0.239775130509746, 0.19460750684947922, 0.1554334833060852, 0.12226341581083941, 0.09480714496657183, 0.07256293768029544, 0.054903111388203925, 0.04114820795792922, 0.03062516653467402, 0.022708176602039963, 0.01684335922386278, 0.012559961690115376, 0.009471426653285863, 0.0072696920275678225, 0.005715641432203316, 0.0046279717880524885, 0.0038720593768291366, 0.003349790175634503, 0.002990839474442563, 0.0027455417914378985, 0.0025792799790673206, 0.002468205652689835, 0.002396061262670004, 0.0023518722985549274, 0.002328304519131086, 0.002320513571890389, 0.002325352004984888, 0.002340829339351937, 0.002365749681504204, 0.002399471182400566, 0.0024417494563431816, 0.0024926375641531992, 0.0025524251513203582, 0.002621604026554346, 0.002700852959574679, 0.0027910361296444278, 0.0028932128706513167, 0.003008656598512632, 0.0031388829785454616, 0.0032856870644869945, 0.0034511909168143894, 0.003637902737100292, 0.0038487902884333882, 0.004087370982497568, 0.004357822939088806, 0.004665121173628619, 0.0050152053920355525, 0.005415186109570355, 0.0058735987486494045, 0.006400716143967062, 0.007008933646816958, 0.007713242424330628, 0.008531811242333145, 0.009486698918174509, 0.010604724978125944, 0.011918527663751718, 0.013467843193079665, 0.015301039255219591, 0.017476936595178395, 0.020066943984512822, 0.023157521882773396, 0.026852964181229774, 0.03127845425408452, 0.036583292948373654, 0.04294412264394602, 0.050567862440897275, 0.05969394107771648, 0.07059524791194853, 0.08357704834698801, 0.09897292177151948, 0.11713663366991052, 0.13842876492994513, 0.16319698069760138, 0.1917490647624428, 0.22431838014705938]
5.311622476544534	3.1819959138536555	[0.26169083145835675, 0.3023639519919904, 0.34682237114053444, 0.3945478236104157, 0.4447293507087738, 0.49624327926055894, 0.5476572204207305, 0.5972646702983192, 0.6431543259849309, 0.6833142947028779, 0.7157662883137023, 0.7387193704997793, 0.7507278475151765, 0.7508346039522659, 0.7386805676888489, 0.7145636301882985, 0.6794361729231289, 0.6348385666717187, 0.5827751901123192, 0.5255479176884115, 0.46556799267436094, 0.4051695801787326, 0.34644672010147204, 0.29113037515663776, 0.24051499704148172, 0.1954360876939687, 0.156293146609426, 0.12310731741600169, 0.0956005353481242, 0.07328297507825904, 0.055537569683368995, 0.04169351812594449, 0.031084198520475052, 0.023088085089975553, 0.017153709049733835, 0.012811244854576012, 0.009673996082939541, 0.007433078343444049, 0.005848184503107142, 0.004736687894841706, 0.003962667192101598, 0.0034268316383879688, 0.00305784611629496, 0.0028052130896766476, 0.0026336523695285954, 0.0025188015159720786, 0.002444013257385135, 0.0023980234632865766, 0.0023732861937749246, 0.0023648048995978323, 0.0023693242988895103, 0.00238477895119086, 0.0024099219234872088, 0.0024440778886054447, 0.0024869817197851586, 0.0025386752754592875, 0.002599444117345859, 0.0026697816566708344, 0.0027503728453576307, 0.0028420921423400894, 0.0029460128665862195, 0.0030634261717656245, 0.0031958692434301893, 0.0033451628256185788, 0.00351345917023019, 0.003703301836903734, 0.0039176997177794905, 0.0041602180731276535, 0.004435090488027133, 0.004747356327940049, 0.005103029758078527, 0.005509307484199179, 0.005974824411318985, 0.006509968104158284, 0.007127265699381107, 0.007841859316864371, 0.00867208956876866, 0.009640209756259843, 0.010773257345264327, 0.012104112138027643, 0.013672773690978872, 0.015527890971578485, 0.01772857613721027, 0.020346527347836305, 0.023468473140343078, 0.02719892694969814, 0.031663204466050775, 0.03701060063257401, 0.043417546828964496, 0.05109046383454219, 0.06026789555514759, 0.07122134874024909, 0.08425408920608575, 0.09969696647179567, 0.11790019304088997, 0.13921992813178025, 0.16399857490053268, 0.19253795432903842, 0.2250650462854816]
5.288528465776949	3.200795170663603	[0.2623572057268033, 0.3029090750746018, 0.3472004641397597, 0.39471131847513646, 0.44463216845437703, 0.4958449009147553, 0.5469272688230633, 0.5961875551290616, 0.6417333633223196, 0.6815746405437594, 0.7137560523318855, 0.7365084291303938, 0.7484041467296425, 0.7484981052173374, 0.7364353810466832, 0.7125092227781804, 0.6776587575361016, 0.6334038088313487, 0.5817232006128727, 0.5248911495500228, 0.46529220309969904, 0.4052375451575507, 0.346803995734815, 0.29171215982944293, 0.24125309505446957, 0.1962650978521442, 0.15715525076312273, 0.12395535609835473, 0.09639936141618832, 0.07400931712622034, 0.05617878584169199, 0.04224567281451838, 0.03154986673711943, 0.023474207217946616, 0.017469714613007024, 0.013067559793749012, 0.009880962743643997, 0.007600256815234413, 0.005983969942406914, 0.004848165386535522, 0.004055628567360869, 0.00350588972381921, 0.0031265972246355333, 0.0028664132192514013, 0.002689385763960091, 0.0025706298521996095, 0.0024931009675218, 0.002445238813608893, 0.0024192804640487237, 0.002410072844298288, 0.0024142495590230165, 0.0024296676115477906, 0.0024550271722476144, 0.002489617997280234, 0.0025331532665815, 0.0025856629089638324, 0.00264742799408422, 0.0027189432346002057, 0.0028008996836548384, 0.0028941820421901562, 0.002999877743756866, 0.0031192958218653347, 0.0032539952668023757, 0.0034058227978805574, 0.0035769612776956677, 0.003769990041005709, 0.003987959661627904, 0.004234483799315045, 0.004513852196176968, 0.004831169255759647, 0.0051925244349800784, 0.005605201446927631, 0.00607793563357014, 0.006621230194789069, 0.007247745063685906, 0.0079727741997215, 0.008814830974291496, 0.009796363813816301, 0.010944628627330645, 0.012292746746198764, 0.013880980599550946, 0.015758258999548736, 0.01798398317059085, 0.020630136703708602, 0.023783710667861432, 0.027549430050121577, 0.032052732488994665, 0.037442893363548974, 0.0438961164233029, 0.05161830380931184, 0.06084709155227487, 0.07185257794668551, 0.08493600270072031, 0.10042545931810345, 0.11866758524898761, 0.1400141023388009, 0.1648021473683028, 0.1933275880411364, 0.22581104899205964]
5.2654344550093635	3.219810599974747	[0.26302130108323674, 0.30345031316160254, 0.3475730892273768, 0.39486787611019747, 0.44452678048985195, 0.4954373228867275, 0.5461874435225789, 0.5951002210804639, 0.6403021306676908, 0.6798248849807842, 0.7117359982538665, 0.7342879521946363, 0.7460710878413824, 0.7461522525514215, 0.7341806560789993, 0.710444950873342, 0.6758711124841609, 0.6319585587013964, 0.5806607107326345, 0.5242242592294408, 0.4650071390493879, 0.40529756964723057, 0.34715509644054776, 0.292289849782311, 0.24198933431009717, 0.1970944664928635, 0.1580197486165353, 0.12480751109643079, 0.09720362960746433, 0.07474199624911122, 0.05682681532467997, 0.04280474622233257, 0.03202225910329974, 0.023866639409277562, 0.017791475993738082, 0.013329006063456331, 0.010092422426942476, 0.007771317164785232, 0.006123080042513933, 0.004962478513149778, 0.0041510097388471005, 0.0035870230835730694, 0.0031971445979672927, 0.002929187965760019, 0.0027465208429962775, 0.002623727087277697, 0.0025433573695450794, 0.0024935485635058765, 0.002466315394111673, 0.0024563438143006626, 0.0024601529681036517, 0.0024755196120880936, 0.002501089121393232, 0.002536114827191615, 0.002580287242921107, 0.0026336235918594146, 0.0026964000375239053, 0.0027691122591695094, 0.0028524573344105553, 0.0029473301446449655, 0.003054832378088043, 0.0031762910725691043, 0.0033132873222312662, 0.003467694092888459, 0.003641725294413046, 0.003837996442131602, 0.004059600363287533, 0.0043101996570644435, 0.004594140934509181, 0.004916594313336247, 0.00528372539467596, 0.00570290570052395, 0.006182971982346029, 0.00673454395830612, 0.007370415382198732, 0.008106032905949622, 0.00896008357632357, 0.009955211533001364, 0.011118891617649842, 0.012484486576162917, 0.014092521204295511, 0.01599220260071066, 0.0182432186349962, 0.02091783419506838, 0.024103297218726946, 0.027904536021364418, 0.03244709967024818, 0.03788023004812139, 0.044379886490897136, 0.05215143191910678, 0.06143157135966411, 0.07248896863242794, 0.08562281089956739, 0.10115840952980698, 0.11943880520126442, 0.14081126698504964, 0.16560766155647427, 0.19411791341343615, 0.22655632071363013]
5.242340444241778	3.239045757002181	[0.2636830348553489, 0.30398757152837486, 0.3479401431571606, 0.3950173865039785, 0.4444130736313149, 0.495020430110536, 0.5454376302105101, 0.5940025547509855, 0.6388605168584364, 0.678064918257331, 0.7097060182034209, 0.7320578325740564, 0.7437285647061398, 0.7437969397723249, 0.7319162865728098, 0.7083707071425263, 0.6740731288899386, 0.6305027047143095, 0.5795876058675143, 0.5235471289320196, 0.46471268073757, 0.4053495341569407, 0.34749990679192183, 0.2928633384802241, 0.24272362252896235, 0.1979241209087598, 0.15888659128699015, 0.125663760281139, 0.09801334528842465, 0.07548104433941667, 0.05748171345300531, 0.04337081300943331, 0.03250146436455653, 0.024265479445681425, 0.0181190948589996, 0.013595685175699857, 0.010308472925735019, 0.00794635130483241, 0.006265599171512431, 0.00507970365133344, 0.004248878855549591, 0.0036702922565888135, 0.00326954167364012, 0.0029935847049779134, 0.0028050996397392825, 0.002678130959859967, 0.0025948165482741164, 0.0025429840174784465, 0.0025144199731945024, 0.002503645147970715, 0.002507060508894799, 0.002522360068072202, 0.002548132186760669, 0.002583592456247, 0.0026284074745652527, 0.0026825811769563826, 0.002746384165843869, 0.0028203129438127477, 0.00290507032061154, 0.003001561485538607, 0.0031109023230439024, 0.00323443818697655, 0.0033737723861470823, 0.0035308045915870517, 0.003707780012891387, 0.003907350942071509, 0.004132652845819625, 0.004387398000038088, 0.004675990403173549, 0.005003666771079618, 0.005376669493309117, 0.00580245892485579, 0.006289973967154436, 0.006849951981043214, 0.007495321297815839, 0.008241682378704755, 0.009107896543900778, 0.010116804524617464, 0.011296100196210853, 0.012679387924588809, 0.014307453882762894, 0.016229782252151104, 0.01850634452002166, 0.021209683134666965, 0.02442729648545649, 0.028264308452764283, 0.032846368095604934, 0.038322670431690055, 0.04486891252861602, 0.05268989824271344, 0.06202137729030014, 0.07313055401737516, 0.08631453540157924, 0.10189582598064424, 0.12021384681117875, 0.1416114006934957, 0.16641507943941625, 0.19490887674800228, 0.22730079202943015]
5.219246433474193	3.2585042711269696	[0.2643423220766664, 0.30452075404483425, 0.34830152019804794, 0.395159738123955, 0.44429093214456095, 0.4945941059472039, 0.5446777120432045, 0.5928944411342983, 0.637408408255574, 0.6762946289772515, 0.7076660019083555, 0.7298179614677254, 0.7413764688736827, 0.7414320589646799, 0.7296421640965962, 0.7062863824616397, 0.672264695728505, 0.6290361334351777, 0.5785037693037254, 0.5228596388965281, 0.4644087062641136, 0.4053933171142719, 0.3478383092345555, 0.29343251724748415, 0.24345586539497077, 0.19875398639284617, 0.15975572820739922, 0.1265240800009801, 0.09882851284125338, 0.07622649258729443, 0.05814353552935504, 0.04394394812840038, 0.03298757225185171, 0.024670826311807087, 0.018452674652512116, 0.013867700462464782, 0.010529214245567497, 0.008125453221683598, 0.0064116139937627345, 0.005199919201862836, 0.004349306197071596, 0.003755759576678228, 0.003343843733853671, 0.0030596523170661203, 0.002865165728726502, 0.002733880440491649, 0.0026475138671892503, 0.0025935774942323635, 0.0025636242680864936, 0.0025520050421598338, 0.0025549991010679033, 0.0025702148517467585, 0.0025961816303879098, 0.002632075659805157, 0.0026775385807232964, 0.0027325601855297237, 0.0027974050658279063, 0.0028725701632652785, 0.002958763929660225, 0.0030569017707014023, 0.0031681139081916063, 0.0032937641189386578, 0.0034354782357043103, 0.003595182896156835, 0.003775155062178329, 0.003978084202581593, 0.004207149014756518, 0.004466111987682175, 0.004759435239967099, 0.005092422756772977, 0.005471394587955272, 0.005903900712536158, 0.006398983167908868, 0.00696749781796125, 0.007622508596129913, 0.00837977058084443, 0.009258320258235801, 0.010281195457187975, 0.011476309513039256, 0.01287750815876086, 0.014525838315953159, 0.01647105947288695, 0.018773424110523126, 0.021505747786443315, 0.02475577338548937, 0.028628811709737866, 0.03325060092247038, 0.03877027475703075, 0.04536325085354826, 0.05323375296575103, 0.06261655212694693, 0.07377736693796642, 0.08701119784734997, 0.10263771660992622, 0.12099270357433249, 0.14241448060480646, 0.16722436214548925, 0.1957004223926426, 0.22804439233393906]
5.196152422706607	3.278189847734024	[0.2649990762726271, 0.30504976227709113, 0.34865711293904333, 0.39529481700885505, 0.4441602385374652, 0.49415823130295017, 0.5439075703886321, 0.5917757627980229, 0.635945689413482, 0.6745139033730781, 0.7056158372692299, 0.7275682277701019, 0.73901469004074, 0.7390574999773353, 0.7273581783330797, 0.7041918655307403, 0.6704457000448576, 0.6275587292905911, 0.5774090823316312, 0.5221616672228743, 0.4640950916389638, 0.40542879477597543, 0.3481701840368127, 0.29399727524615016, 0.24418596644663146, 0.19958398627091137, 0.16062710697370497, 0.1273884451594286, 0.0996491354843104, 0.07697837159882721, 0.058812336649791463, 0.044524226981755434, 0.0334806732996631, 0.025082780388473024, 0.01879232042974496, 0.014145157297035391, 0.010754748460052244, 0.00830871921273827, 0.006561213343511109, 0.00532320583012249, 0.004452364060923214, 0.003843489404561911, 0.003420107802434149, 0.003127441402543282, 0.0029267641295702826, 0.002791015927960875, 0.0027014858778783677, 0.002645362503074363, 0.002613959338265431, 0.002601452710339552, 0.0026039965221612916, 0.002619110734907672, 0.0026452634872884467, 0.0026815900406689, 0.002727705906297048, 0.0027835859276877477, 0.0028494881298944427, 0.002925909567056366, 0.003013564154223844, 0.0031133774851103795, 0.0032264941826830227, 0.0033542966202363945, 0.003498433393519271, 0.0036608584375074325, 0.0038438808522772063, 0.004050227755489647, 0.004283121600370211, 0.004546375700354666, 0.004844510958281003, 0.005182899378355031, 0.005567939467594631, 0.006007271702331451, 0.006510042155614053, 0.00708722614011199, 0.0077520241116484576, 0.008520346660459728, 0.009411406199171963, 0.010448438245267911, 0.01165957584822602, 0.013078905933169386, 0.014747735313696568, 0.016716097075067552, 0.019044521767497987, 0.021806093658460503, 0.025088793786279012, 0.028998111276178507, 0.033659862037032987, 0.039223104164094184, 0.04586295818040878, 0.053783046845322834, 0.06321713860993622, 0.07442944038255304, 0.08771281931156875, 0.10338408903135417, 0.12177536786623142, 0.14322048305728244, 0.1680354691689007, 0.1964924934826617, 0.22878704898056768]
5.173058411939022	3.29810627010171	[0.26565320888566785, 0.3055744959730058, 0.349006811696232, 0.3954225072549227, 0.44402087297093584, 0.4937126850956711, 0.5431270842637993, 0.5906464003100966, 0.6344722425643462, 0.672722625675161, 0.703555409907146, 0.7253085183712612, 0.7366431156724315, 0.736673150649332, 0.725064216777852, 0.7020870430262374, 0.6686160267270992, 0.6260703746520395, 0.5763034240857984, 0.5214530898945675, 0.463771710680011, 0.40545584119848005, 0.34849540923511413, 0.29455749940327847, 0.2449138270605109, 0.20041404179605196, 0.16150067336043486, 0.12825682908865904, 0.10047521531802403, 0.07773671126289831, 0.05948817178142523, 0.0451117252959948, 0.03398085895673504, 0.025501443344309312, 0.019138138999260427, 0.01442816300742986, 0.010985179875170515, 0.008496247819728527, 0.006714488401012587, 0.005449646413556305, 0.004558126939054742, 0.003933548083467438, 0.0034983928128625055, 0.003197004241578774, 0.0029899414612491364, 0.002849579210013436, 0.0027567704587710567, 0.0026983737054856968, 0.0026654573596537824, 0.0026520183453805973, 0.0026540815182533777, 0.0026690753534717557, 0.002695404665442626, 0.0027321619958903943, 0.002778935613624184, 0.0028356844715608383, 0.002902659541846305, 0.002980357550934144, 0.0030694977740123044, 0.003171015866153798, 0.003286070994877348, 0.003416064215086916, 0.0035626672068098425, 0.003727861450250669, 0.003913988654402891, 0.0041238139771765875, 0.004360604240641256, 0.004628224112133532, 0.004931254034446495, 0.00527513469357662, 0.005666343946632382, 0.0061126135437844595, 0.006623194594055685, 0.0072091826918037885, 0.00788391583990269, 0.008663460897452631, 0.009567207070269337, 0.010618587981410643, 0.011845956752893912, 0.01328364110178258, 0.01497320697476736, 0.01696495905029784, 0.01931970311096818, 0.022110787355890605, 0.025426424714874222, 0.02937227356586046, 0.034074216294668905, 0.03968122045136654, 0.04636809189687513, 0.054337830913696594, 0.0638231797511343, 0.07508680713198926, 0.0884194206582346, 0.10413495010887719, 0.12256183133926699, 0.1440293831014096, 0.16884835880556162, 0.19728503140330153, 0.229528687748818]
5.149964401171436	3.318257401344747	[0.26630462966286866, 0.3060948525645052, 0.34935050490712927, 0.39554269051230617, 0.4438727136443501, 0.49325734376420166, 0.5423361306944724, 0.5895062317789773, 0.6329879479367368, 0.6709206776982065, 0.7014846034293273, 0.723038717800842, 0.7342616312079125, 0.734278896517029, 0.7227601648832215, 0.6999717993716315, 0.6667755585909291, 0.6245709496660963, 0.5751866715762511, 0.520733780660878, 0.4634384349970681, 0.40547432816388634, 0.34881386057775565, 0.2951130743734953, 0.24563934636324758, 0.20124407214073894, 0.16237637121034107, 0.12912920356843924, 0.10130675320394537, 0.07850154079823221, 0.060171095644372924, 0.04570651919980081, 0.034488221482991244, 0.025926918245965533, 0.01949023884156021, 0.014716827014379777, 0.011220614970423625, 0.008688139985313372, 0.006871532651216185, 0.005579326205478761, 0.004666671487313762, 0.004026004099799864, 0.003578759582580776, 0.0032683949443328155, 0.0030547459175584812, 0.0029096135998095993, 0.0028134067902333055, 0.002752647037085235, 0.002718151599329875, 0.0027037332282565034, 0.002705283778920889, 0.0027201373050297476, 0.002746632921714056, 0.0027838188055142416, 0.0028312546598529597, 0.002888882725472808, 0.002956946255906287, 0.0030359413344784383, 0.003126592336397223, 0.003229844978467505, 0.0033468729742355268, 0.003479096273800875, 0.0036282098300672236, 0.0037962230466559647, 0.003985510583758017, 0.004198876164251778, 0.004439631463277319, 0.004711693169639415, 0.005019701887898775, 0.005369167793459806, 0.005766648841800194, 0.006219968986912012, 0.006738485211613922, 0.007333414388296672, 0.008018232901793498, 0.008809164811174422, 0.009725776752592306, 0.010791701055905241, 0.012035510988465871, 0.013491774852253752, 0.01520231660667425, 0.017217710720892, 0.019599034914300376, 0.022419896752067934, 0.025768734219883883, 0.029751366116172028, 0.03449372934218606, 0.040144686295203874, 0.04687870983902944, 0.054898156726027346, 0.0644347185568903, 0.07574950003805635, 0.0891310222081251, 0.10489030626703966, 0.12335208453566056, 0.14484115484131868, 0.1696629877172127, 0.1980779761583307, 0.23026923237014177]
5.126870390403851	3.3386471864120733	[0.26695324613733545, 0.3066107275860981, 0.3496880785965871, 0.3956552464027925, 0.4437156362658969, 0.49279208166806293, 0.5415345842100423, 0.588355133218107, 0.6314926832928706, 0.6691079391554183, 0.6994032990223701, 0.720758708481058, 0.7318701197177278, 0.7318746210006615, 0.7204459057823943, 0.6978460168579743, 0.6649241761688305, 0.6230603323139194, 0.5740586995366581, 0.5200036110435773, 0.463095133892784, 0.4054841251421246, 0.34912541146994364, 0.2956638824632524, 0.24636242121177257, 0.20207399429233228, 0.1632541424440018, 0.13000553870331613, 0.102143748802428, 0.07927288862538856, 0.06086116277983369, 0.046308685104677394, 0.03500285405045159, 0.0263593094579739, 0.01984873024142832, 0.015011260754664222, 0.01146116255566229, 0.00888449899766013, 0.007032442054154811, 0.00571233279477246, 0.004778076697800899, 0.004120928051215098, 0.003661270978010209, 0.0033416694223297573, 0.0031212274191540325, 0.0029711639078846682, 0.0028714354915026813, 0.0028082196793972384, 0.0027720765377401385, 0.0027566296999365033, 0.0027576340465258154, 0.002772326121547638, 0.002798976960572843, 0.002836588606688708, 0.0028846908875202887, 0.0029432084137928916, 0.0030123760813918457, 0.003092688938723568, 0.0031848762371844076, 0.0032898936930951393, 0.003408929609973882, 0.0035434229930302276, 0.0036950923032147633, 0.0038659751973477556, 0.004058479678730264, 0.004275448513873591, 0.004520238767458288, 0.0047968197709322, 0.00510989296701775, 0.005465038778438407, 0.005868896063734757, 0.006329381853872889, 0.006855959900367263, 0.007459969280768537, 0.00815502565219736, 0.008957511115796537, 0.009887170425014481, 0.010967835098824937, 0.012228298661102954, 0.013703369629933126, 0.015435128876902826, 0.017474418640055337, 0.019882585275142747, 0.02273349085801752, 0.026115791565172634, 0.03013545741941949, 0.034918467837442305, 0.04061356503520331, 0.04739487054001136, 0.055464076092937326, 0.06505179830850243, 0.07641755169853096, 0.08984764405299624, 0.10565016310733197, 0.12414611723562186, 0.1456557709958592, 0.1704793113109636, 0.19887126588447512, 0.23100860493240502]
5.103776379636265	3.359279654141253	[0.26759896380466297, 0.30712201438439685, 0.35001941655443614, 0.39576005222432187, 0.4435495142239419, 0.4923167707975675, 0.5407223170003289, 0.5871929782716254, 0.6299863240631806, 0.667284287408344, 0.6973113755587357, 0.7184683705068508, 0.7294684619789606, 0.7294602052181091, 0.7181213203326022, 0.6957095754916637, 0.6630617577227274, 0.6215383982910815, 0.5729193804102765, 0.5192624502447887, 0.4627416743235344, 0.4054850992213659, 0.3494299329141714, 0.2962098035811682, 0.24708294611761042, 0.20290372301962034, 0.16413392697390786, 0.13088580290575613, 0.10298620048542405, 0.08005078237074624, 0.06155842747277166, 0.046918299735627396, 0.03552485068600484, 0.026798722703587484, 0.02021372525618452, 0.01531157777012403, 0.01170693376366084, 0.009085430600106748, 0.007197315055512695, 0.005848756225758949, 0.004892423919169982, 0.004218392766738063, 0.003745991937396005, 0.00341688550165958, 0.0031894376343529337, 0.0030342765447118007, 0.0029308986374974905, 0.0028651301509109834, 0.0028272678814324705, 0.0028107412418847417, 0.0028111641257395786, 0.002825672341097769, 0.0028524664415412564, 0.0028905004586286484, 0.002939273030932606, 0.002998690137004973, 0.0030689776887813792, 0.003150629242962834, 0.003244378726837747, 0.0033511917424072185, 0.003472271257677772, 0.003609075449976364, 0.003763346558647474, 0.00393715078582868, 0.004132929908226103, 0.004353566179516672, 0.0046024626311698255, 0.004883641823394893, 0.005201866755983999, 0.00556278881920168, 0.00597312862264994, 0.006440897103604207, 0.006975665719573817, 0.007588896625566349, 0.008294345679849668, 0.00910855379497605, 0.010051444558581956, 0.011147049060859218, 0.012424381207988864, 0.013918489225540075, 0.01567170978782808, 0.017735150686964817, 0.020170423574908256, 0.02305163992540048, 0.026467667169202336, 0.03052461703401964, 0.03534849936349, 0.04108792079403884, 0.04791663311414267, 0.05603564120951289, 0.06567446241253358, 0.07709099459602488, 0.09056930587024019, 0.106414525557561, 0.12494391823719561, 0.1464732030587134, 0.17129728348822446, 0.19966483702124027, 0.23174672560464957]
5.08068236886868	3.38015891937143	[0.26824168613964694, 0.3076286039864785, 0.3503444003490039, 0.39585698281541215, 0.44337421859618303, 0.4918312806383787, 0.5398991989186002, 0.5860196380827285, 0.6284687433414838, 0.6654495973421815, 0.6952087095829214, 0.7161675815306331, 0.7270565364519801, 0.7270355278806879, 0.715786287082656, 0.6935623529018266, 0.6611881792028489, 0.6200050209257764, 0.5717685842999218, 0.5185101650748797, 0.4623779208440978, 0.40547711504579154, 0.3497272934484044, 0.2967507151812712, 0.2478008131798394, 0.2037331708222926, 0.16501566263598688, 0.13176996285482737, 0.10383410527338736, 0.08083524884080015, 0.06226294370360754, 0.04753544012887293, 0.036054306246626464, 0.02724526509118221, 0.02058533771856331, 0.015617893762285177, 0.011958042078354707, 0.009291043067632222, 0.007366252632823231, 0.005988689086818733, 0.0050097969115611525, 0.004318473397945713, 0.0038329895265114757, 0.003494103009665758, 0.003259430030501839, 0.0030989995991113945, 0.002991839803657759, 0.0029234183761911565, 0.0028837626012871566, 0.0028661025366050977, 0.0028659069162120985, 0.002880207561388218, 0.002907132007726794, 0.002945584390864863, 0.002995030741930451, 0.0030553574162715718, 0.0031267806338358697, 0.0032097920269657824, 0.0033051299338070455, 0.003413769761051778, 0.003536929162439919, 0.0036760856429379507, 0.003833005444587602, 0.004009783649322305, 0.004208896195491372, 0.004433265312681382, 0.0046863405355980214, 0.00497219828678064, 0.005295663799716318, 0.005662460201456584, 0.006079390653623024, 0.006554560878567928, 0.0070976509209017885, 0.007720246933071853, 0.008436245831841114, 0.009262348152792033, 0.010218656939240026, 0.01132940326602855, 0.012623821416805446, 0.014137198829056376, 0.015912126690937202, 0.017999976120887166, 0.020462620485204384, 0.023374415499556413, 0.0268244326006716, 0.03091891563491586, 0.0357838924102137, 0.04156781852366663, 0.048444057221559554, 0.05661290469600514, 0.06630275434621496, 0.07776986113252776, 0.0912960268481961, 0.10718339790042955, 0.12574547526235702, 0.14729342132195133, 0.1721168565341761, 0.20045862433065129, 0.23248351251379323]
5.0575883581010945	3.4012891851163864	[0.2688813142936902, 0.3081303852876245, 0.35066290901439506, 0.3959459107397985, 0.4431896178378121, 0.4913354783448804, 0.5390650971814657, 0.5848349814473903, 0.6269398116062587, 0.663603741492648, 0.6930951750616494, 0.7138562168573145, 0.7246342190643695, 0.7246004653540505, 0.7134406820926015, 0.6914042243675315, 0.6593033141026878, 0.618460071175139, 0.5706061788565142, 0.5177466199212603, 0.46200373552323964, 0.4054600347593235, 0.3500173590853901, 0.297286492188038, 0.24851591204414708, 0.2045622478412967, 0.16589928516629296, 0.13265798339923737, 0.10468745883175491, 0.08162631392858162, 0.06297476516995325, 0.048160183553544546, 0.03659131647173483, 0.027699045060222912, 0.020963683320881842, 0.01593032656540566, 0.012214603445882455, 0.009501447203225606, 0.007539358423650284, 0.006132226522274365, 0.0051302819807367275, 0.004421247437980843, 0.003922333069306613, 0.0035733837946606275, 0.0033312599951001807, 0.003165382855072493, 0.003054304174955443, 0.0029831256986508287, 0.002941599029387628, 0.0029227494767371815, 0.002921896498744931, 0.0029359644462136083, 0.0029630053633365907, 0.0030018714081658463, 0.003051994660847024, 0.0031132406977419968, 0.0031858154239176252, 0.0032702079752995874, 0.003367160927863504, 0.0034776592906385186, 0.003602935520626897, 0.0037444864964732583, 0.00390410278650558, 0.004083908584332997, 0.004286414480275626, 0.004514583068592713, 0.004771911029040352, 0.005062529178605912, 0.0053913257704833, 0.005764096330349065, 0.0061877274868331325, 0.006670420507253903, 0.007221965023204273, 0.007854071966965989, 0.008580780293812854, 0.009418950807969497, 0.010388866754284857, 0.011514959398460601, 0.012826683519195466, 0.014359565005929022, 0.01615644838794057, 0.018268965542902398, 0.0207592480770868, 0.02370189036210701, 0.0271861606962767, 0.03131842493191452, 0.036224716500894795, 0.04205332389421483, 0.048977203203918844, 0.05719591945279469, 0.06693671780276976, 0.07845418344757428, 0.09202782584167048, 0.107956783554519, 0.12655077512309976, 0.14811639462249918, 0.17293798129396162, 0.20125256061498462, 0.23321888192879714]
5.034494347333509	3.422674744799682	[0.26951774763189695, 0.30862724438297157, 0.350974819594677, 0.3960267056126005, 0.4429955783120382, 0.4908292280855421, 0.5382198768637003, 0.5836388742026453, 0.625399397159537, 0.6617465894973215, 0.6909706437511033, 0.711534148973082, 0.7222013834969805, 0.7221548912719779, 0.711084379135658, 0.6892350625174528, 0.6574070335795738, 0.6169034174061355, 0.5694320293249767, 0.5169716766024725, 0.46161897792474976, 0.405433717921991, 0.35029999323918576, 0.297817006963713, 0.24922812978472714, 0.20539086186842936, 0.16678472805001554, 0.13354982760415418, 0.10554625530148887, 0.08242400269713877, 0.06369394511520864, 0.04879260763361998, 0.03713597782519592, 0.02816017254168126, 0.021348879480511364, 0.016248996340237763, 0.012476736166164315, 0.009716756554398282, 0.007716738639612267, 0.006279466458250018, 0.005253967907828475, 0.0045267949441603495, 0.004014094086835606, 0.0036547919360837853, 0.0034049847793791816, 0.0032334779844786295, 0.0031183384919014566, 0.0030442950544953104, 0.0030008168069120414, 0.0029807193213207584, 0.0029791680853596338, 0.002992976866447959, 0.003020119226393792, 0.0030593936191488187, 0.003110196372158944, 0.0031723714716812585, 0.0032461134765454534, 0.003331908789677094, 0.003430503681210237, 0.003542892887760355, 0.003670323442919576, 0.0038143119673361018, 0.003976673351226718, 0.004159561452592129, 0.004365521682913697, 0.0045975577141864395, 0.004859213689617289, 0.005154675686220236, 0.005488895427584447, 0.005867741848750487, 0.006298185602137504, 0.00678852463097381, 0.00734865875936425, 0.0079904248820459, 0.008728004525725806, 0.009578419845505915, 0.010562134512807138, 0.011703780670918996, 0.01303303309054353, 0.014585655885913944, 0.016404745003336673, 0.018542191108777077, 0.021060379658637916, 0.024034138771824406, 0.027552925354540313, 0.03172321794266366, 0.036671041933099176, 0.04254450360315629, 0.04951613176370575, 0.05778473900949271, 0.06757639630242813, 0.07914399381010759, 0.09276472091147582, 0.10873468550996582, 0.12735980319133577, 0.14894209081967952, 0.17376060658076722, 0.20204657722988528, 0.2339527476208806]
5.011400336565924	3.44431998455392	[0.27015088243692853, 0.30911906575334724, 0.35128000581813723, 0.39609923528399305, 0.44279196298301365, 0.49031239217820777, 0.5373633996590976, 0.5824311802680441, 0.6238473650001817, 0.6598780090044317, 0.688834984217244, 0.7092012482940663, 0.719757900372778, 0.7196986771112295, 0.7087172490633049, 0.6870547377307626, 0.6554992059916549, 0.6153349256331578, 0.5682459982394091, 0.5161851944599953, 0.4612235049424314, 0.4053980214781116, 0.3505750566768652, 0.29834212917307606, 0.2499373509517512, 0.20621891812894494, 0.1676719226471021, 0.13444545647397, 0.10641048749067418, 0.08322833906679089, 0.06442053657892342, 0.04943279002415526, 0.03768838779869107, 0.028628758643772578, 0.02174104568763499, 0.0165740252821874, 0.012744561271474476, 0.009937087148306841, 0.007898502458600624, 0.006430509363189669, 0.005380946337978054, 0.004635198319699464, 0.004108346668449977, 0.003738393543380562, 0.003480663843291897, 0.0033033383604386003, 0.003183991365641676, 0.0031069707991044576, 0.0030614571695582442, 0.003040050534523205, 0.003037758277749782, 0.003051279750498686, 0.003078507564175453, 0.003118184097560197, 0.003169668621313699, 0.0032327821432650643, 0.003307707322009873, 0.0033949270675568497, 0.003495191261089629, 0.003609504008354254, 0.003739127140895609, 0.0038855969322669475, 0.004050753031313018, 0.004236779069666244, 0.004446255890282808, 0.004682228514586327, 0.004948289316670279, 0.005248680047759815, 0.00558841681829693, 0.005973442508685958, 0.006410812844080463, 0.006908923060935387, 0.007477784310459192, 0.008129360061018788, 0.008877975521026515, 0.009740814625863257, 0.010738522336621028, 0.011895931597369798, 0.013242937380474664, 0.014815540888035285, 0.016657088363392587, 0.01881972619327609, 0.02136609021239199, 0.024371236053381633, 0.027924802042457463, 0.0321333684897065, 0.03712294036562348, 0.043041424764592814, 0.050060904641975386, 0.058379416792450387, 0.06822183396950932, 0.07983932375490885, 0.09350673020552804, 0.10951710533212257, 0.12817254438242873, 0.14977047567463989, 0.1745846802514656, 0.2028406028599212, 0.23468502201028313]
4.988306325798338	3.466229385585929	[0.2707806134099575, 0.309605730611276, 0.3515783396229491, 0.3961633641787286, 0.44257863290919297, 0.48978482948513863, 0.5364955252821224, 0.5812117601562152, 0.6222835780797952, 0.6579978643499812, 0.6866880629041042, 0.7068573820464152, 0.7173036381120337, 0.7172316912933667, 0.7063391604391616, 0.6848631174622043, 0.6535796973172675, 0.6137544590537269, 0.5670479456459792, 0.5153870300823965, 0.46081717085004165, 0.40535279964114274, 0.35084240742282086, 0.2988617258021215, 0.2506434573569129, 0.2070463194090112, 0.1685607978863322, 0.13534482916900606, 0.10728014650579924, 0.08403934610756111, 0.06515459199477636, 0.050080808769677104, 0.03824864450356179, 0.029104916066031338, 0.022140303111575003, 0.016905538076823698, 0.013018202158873539, 0.010162557970157325, 0.008084761686734325, 0.006585458729093876, 0.005511311470138695, 0.0047465427800135445, 0.00420516718604171, 0.003824257194651552, 0.0035583585911844917, 0.0033750194614353734, 0.0032513130330713456, 0.0031711990749393056, 0.0031235627208463204, 0.003100783119180777, 0.003097704857681786, 0.0031109093874845564, 0.003138205399356508, 0.0031782771600811196, 0.0032304451348064947, 0.003294506290281482, 0.0033706304351086877, 0.00345929654492385, 0.003561257670509424, 0.0036775272405322043, 0.003809381773752299, 0.003958377415652099, 0.004126378694485619, 0.004315599432130392, 0.00452865620428226, 0.004768635964536081, 0.005039179774200425, 0.005344585792822409, 0.005689935111543166, 0.006081245426678346, 0.006525658240188501, 0.007031667054343758, 0.007609395101909912, 0.008270933418344043, 0.009030751572355517, 0.009906196124658295, 0.010918093685342772, 0.01209147837795814, 0.013456464984875799, 0.015049291161764167, 0.016913551600220605, 0.01910164589995877, 0.021676455914159613, 0.024713259189502356, 0.02830186720983706, 0.03254895188954804, 0.03758048410836472, 0.043544155709689294, 0.05061158376500751, 0.05898000704937624, 0.06887307452121914, 0.08054020514037083, 0.09425387078271692, 0.11030404435475939, 0.12898898181815102, 0.15060151417133452, 0.1754101477264971, 0.2036345649469012, 0.2354156145758685]
4.965212315030753	3.48840752661003	[0.2714068323711953, 0.31008711808084144, 0.3518696898287658, 0.3962189544721117, 0.4423554459339778, 0.48924639653909296, 0.5356161102265068, 0.5799804720040305, 0.6207078961735086, 0.6561060174558524, 0.6845297431513643, 0.7045024150046387, 0.7148384621183975, 0.7147537997502551, 0.7039499789014401, 0.6826600666347908, 0.651648370689367, 0.6121618782788966, 0.5658377287956351, 0.5145770373908002, 0.4603998271328265, 0.4052979038545813, 0.35110190070746544, 0.29937566101539687, 0.2513463281181881, 0.2078729658306933, 0.1694512803887238, 0.13624790272077195, 0.10815522194194592, 0.08485704571942149, 0.06589616344067638, 0.0507367419743812, 0.038816846975442264, 0.0295887587805413, 0.02254677495169075, 0.017243661605493395, 0.01329778497395016, 0.010393290697871843, 0.008275631157599462, 0.006744420833420144, 0.005645160454098862, 0.0048609161371324745, 0.004304634674335956, 0.003912453738911424, 0.00363813272598923, 0.003448578688196517, 0.0033203556807866845, 0.003237027641268405, 0.0031871777258023295, 0.003162958458500027, 0.003159047053032015, 0.00317190328025502, 0.003199249052398004, 0.003239708229805454, 0.0032925608434229907, 0.003357578535829471, 0.0034349174437635897, 0.0035250519765761185, 0.003628738046557155, 0.0037469981904769455, 0.003881123640409269, 0.004032690478745719, 0.004203588373432239, 0.004396061607532388, 0.004612762933198771, 0.004856821676167455, 0.0051319281877201615, 0.005442437624636788, 0.00579349680438573, 0.006191198956288131, 0.006642772221657765, 0.007156809172435591, 0.0077435460434716365, 0.008415202237771188, 0.009186392536681924, 0.010074626742296961, 0.011100913653394056, 0.012290488671608975, 0.01367368618250047, 0.015286979311483774, 0.017174209536779138, 0.019388026724342644, 0.02199155457622411, 0.025060286407798962, 0.028684198801260587, 0.03297004444696408, 0.038043746713875004, 0.04405276537238919, 0.05116823192569067, 0.05958656411256626, 0.06953016204715268, 0.08124666928017298, 0.09500615949497974, 0.11109550267883393, 0.12980909780957753, 0.15143516939130866, 0.17623695306313886, 0.20442838846136255, 0.23614443299771637]
4.942118304263167	3.5108590863516502	[0.2720294288589512, 0.3105631044474559, 0.3521539227419495, 0.3962658653348596, 0.44212225727424515, 0.48869694681066134, 0.5347250083129161, 0.578737170888542, 0.6191201763646274, 0.6542023272163414, 0.6823598855987187, 0.7021362089643642, 0.7123622350924755, 0.7122648654912443, 0.7015495673825598, 0.6804454473025001, 0.6497050865245201, 0.6105570410867031, 0.5646152021905689, 0.5137550674739727, 0.45997132246192196, 0.4052331826979412, 0.35135338888012735, 0.2998837961209531, 0.2520458395228242, 0.20869875486555098, 0.1703432942933508, 0.1371546320878972, 0.10903570168704756, 0.0856814587292335, 0.06664530243958967, 0.0514006679416741, 0.039393094988985404, 0.03008040221424238, 0.022960586278016015, 0.017588525165310204, 0.013583438481399113, 0.010629409948702076, 0.008471228629588462, 0.00690750499780958, 0.005782593307473221, 0.004978409056421295, 0.004406830760077238, 0.004003056540072557, 0.0037200521850530126, 0.003524075588753365, 0.0033911733844901766, 0.0033045060782317215, 0.003252348052846258, 0.0032266194999702276, 0.0032218254821617187, 0.003234300311644776, 0.0032616760887665417, 0.0033025139880192176, 0.0033560518325605614, 0.0034220346889116057, 0.0035006040824044696, 0.0035922292686445855, 0.0036976686164734087, 0.0038179536097420223, 0.003954390137587246, 0.004108574344361714, 0.004282421224929844, 0.004478205858915141, 0.004698617550640041, 0.004946828505706203, 0.00522657890146305, 0.005542281551309578, 0.005899149675607049, 0.006303352826347234, 0.006762206570912683, 0.007284403428306261, 0.00788029346774573, 0.008562225332597444, 0.009344959760926894, 0.010246170479784645, 0.011287048877878065, 0.012493031790835664, 0.013894672819026718, 0.015528679614076413, 0.01743913853970348, 0.019678946798364096, 0.022311465460219407, 0.025412397456458385, 0.029071876019245053, 0.03339672376640446, 0.03851280268066893, 0.044567323640959146, 0.051730912417559324, 0.06019914279457883, 0.07019314056689749, 0.081958747386009, 0.09576361246530311, 0.11189147966313841, 0.1306328732579208, 0.15227140304974204, 0.17706503828823264, 0.20522199647667758, 0.23687138243754208]
4.919024293495582	3.533588846123223	[0.2726482897305489, 0.31103356341420774, 0.3524309017445725, 0.3963039531839416, 0.4418789191114894, 0.4881363309428288, 0.5338220702961236, 0.5774817090345075, 0.6175202726802937, 0.6522866496695949, 0.6801783478598877, 0.6997586228715387, 0.7098748167506408, 0.7097647486874226, 0.6991377858755405, 0.678219118690109, 0.6477497023362074, 0.6089398024207602, 0.5633802174405919, 0.512920968550846, 0.4595315025892379, 0.4051584818170961, 0.3515967213375529, 0.3003859894733184, 0.2527418649833342, 0.2095235812170316, 0.17123676123771073, 0.13806497002707752, 0.10992157192795779, 0.08651260476288435, 0.06740205999650235, 0.05207266506180342, 0.03997748913140582, 0.03057996316371019, 0.02338186414303157, 0.017940260416106506, 0.013875294210019491, 0.01087104325572271, 0.008671674953361056, 0.007074823586128855, 0.005923713092538429, 0.005099115066597169, 0.004511839836527109, 0.004096141490910457, 0.0038041853042075813, 0.003601571871295921, 0.003463822258599445, 0.003373685796389422, 0.0033191213081708256, 0.0032918107613959966, 0.0032860822743582116, 0.003298140747790585, 0.003325525427724872, 0.0033667323758883503, 0.003420955441931433, 0.003487911745458804, 0.0035677272850396387, 0.003660865479634243, 0.003768086786284347, 0.0038904313966740315, 0.004029219845920037, 0.004186068398754336, 0.004362917615117183, 0.004562073646977801, 0.004786262781473646, 0.005038700555494018, 0.005323177566377263, 0.005644164887031864, 0.006006942877074073, 0.0064177581403705285, 0.0068840145176204265, 0.007414505283170859, 0.008019695232100284, 0.008712063036934784, 0.00950651619101789, 0.010420892922535079, 0.011476567655944306, 0.012699178674862727, 0.014119498433827305, 0.015774467977249584, 0.01770841665645772, 0.019974485828866545, 0.022636269425498408, 0.025769673517015004, 0.029464979484533988, 0.03382906863265762, 0.0389877276260729, 0.04508790120025111, 0.052299689220856864, 0.06081779818680795, 0.07086205423002939, 0.08267647031928115, 0.09652624530229983, 0.11269197362905191, 0.13146028788380426, 0.15311017515697584, 0.17789434364093554, 0.20601530979489102, 0.23759636579143736]
4.8959302827279965	3.5566016924749335	[0.2732632993165837, 0.31149836579145523, 0.3527004874458257, 0.3963330713673023, 0.44162528073415463, 0.48756439644132077, 0.532907143991246, 0.5762139355200937, 0.6159080361950178, 0.6503588377267425, 0.6779849845982935, 0.6973695125807884, 0.7073760638698476, 0.7072533064624859, 0.6967144914473551, 0.6759809370175309, 0.6457820727184083, 0.6073100142468574, 0.5621326232208822, 0.5120745858559466, 0.45908021028231305, 0.4050736438364198, 0.3518317444379902, 0.30088209640872404, 0.253434274935464, 0.2103473367749481, 0.1721316002454894, 0.13897886706704937, 0.11081281703735579, 0.08735050224357446, 0.06816648649718797, 0.05275281184185855, 0.040570130725820164, 0.031087559862463365, 0.02381073753758959, 0.018299001484731087, 0.01417348644165956, 0.011118321201835105, 0.008877094087343756, 0.007246492156271649, 0.0060686259482715926, 0.005223130716696998, 0.004619749102245218, 0.0041917871650648236, 0.0038906028561367847, 0.0036811315450026843, 0.00353836049032483, 0.003444620163904583, 0.0033875468643441895, 0.0033585784446369376, 0.003351861093435174, 0.0033634663401388492, 0.003390837362130762, 0.003432402687045494, 0.0034873102828753815, 0.003555247973858004, 0.00363632520119995, 0.003730998901044958, 0.003840031156189143, 0.003964470673991735, 0.004105652545288715, 0.004265213267747974, 0.0044451191350039785, 0.0046477077061259755, 0.00487574261749473, 0.005132483251159849, 0.005421771155701727, 0.0057481363314447614, 0.0061169269487222795, 0.006534467459089036, 0.00700825075228077, 0.007547171732942458, 0.008161810729681742, 0.008864777297103771, 0.009671126378652022, 0.01059886133721245, 0.01166953994502641, 0.012909001992362648, 0.01434823825067754, 0.016024422048374332, 0.0179821235926998, 0.02027472521247116, 0.02296604888854833, 0.02613219732491705, 0.029863591172340654, 0.034267159136593645, 0.03946859819387141, 0.04561456966209, 0.05287462687663576, 0.061442585794186017, 0.07153694715307397, 0.08339986873014837, 0.09729407289870598, 0.1134969820042458, 0.1322913199889098, 0.15395144416703785, 0.17872480730224793, 0.20680824709932616, 0.2383192833947343]
4.872836271960411	3.579902619922445	[0.273874339124837, 0.3119573796381541, 0.35296253737567934, 0.39635307029868677, 0.4413611882308796, 0.48698098779629595, 0.5319800739761554, 0.5749336963787988, 0.614283314751017, 0.6484187412487936, 0.6757796472726177, 0.6949687309041611, 0.7048658300636248, 0.7047303929124037, 0.6942795380479433, 0.6737307554911889, 0.6438020491874547, 0.6056675255180711, 0.5608722651436326, 0.5112157615815043, 0.4586172852224555, 0.40497850827928084, 0.3520583014228207, 0.30137196914693654, 0.25412293677910675, 0.2111699105040506, 0.17302772768571587, 0.13989627139180197, 0.11170941955443588, 0.08819516828126676, 0.06893863171744248, 0.05344118681490813, 0.04117112187644447, 0.03160331192076943, 0.02424733747529808, 0.01866488493991967, 0.014478152331004185, 0.011371377426315133, 0.009087613242838135, 0.007422629489424464, 0.0062174412478094776, 0.005350555617402396, 0.004730648718892776, 0.004290074861384378, 0.003979378199952931, 0.0037628209615806272, 0.0036148484764987497, 0.0035173645426467047, 0.0034576759832290077, 0.0034269704659424002, 0.0034192072477473826, 0.003430320350928494, 0.003457653657630188, 0.003499565589573708, 0.00355515632913579, 0.0036240829347429, 0.003706437280609215, 0.003802669076012553, 0.003913541601173198, 0.004040111807001954, 0.004183729293133178, 0.004346050834950849, 0.004529068677977488, 0.004735152062838666, 0.004967102395418372, 0.005228223360050722, 0.005522408044576029, 0.005854245987799492, 0.006229153900788023, 0.006653534817725598, 0.0071349715119765796, 0.007682461323668184, 0.008306700979464106, 0.009020431683841241, 0.009838856576282355, 0.010780144678770302, 0.011866037463215698, 0.013122576140712276, 0.014580969283722123, 0.01627862120256912, 0.018260340823754787, 0.020579748008284007, 0.023300887939575524, 0.026500053121932664, 0.03026779453339455, 0.03471107660191989, 0.039955492179058257, 0.046147401461160066, 0.05345579061457754, 0.062073561395913204, 0.07221786355012255, 0.08412897288066067, 0.09806710956497619, 0.1143065011084409, 0.13312594659296043, 0.1547951667292863, 0.1795563655353884, 0.20760072467823124, 0.23904003316449482]
4.849742261192826	3.603496733754165	[0.2744812878952617, 0.31241047003887207, 0.3532169060350331, 0.3963637972292108, 0.44108648453333443, 0.4863859462557421, 0.5310407016237488, 0.5736408343811803, 0.6126459529765235, 0.6464662068418288, 0.67356218413828, 0.6925561274232929, 0.7023439657649235, 0.7021958589365853, 0.6918327764742644, 0.6714684241551467, 0.6418094801287841, 0.6040121820459805, 0.5595989856904925, 0.5103443347674506, 0.4581425639255154, 0.40487291147618404, 0.35227623232679056, 0.3018554567149231, 0.25480771478064385, 0.2119911883810841, 0.17392505717120843, 0.1408171287924908, 0.11261136008731708, 0.08904661864560862, 0.06971854474118232, 0.05413786854293883, 0.04178056541455339, 0.032127340365918085, 0.024691796974028225, 0.019038049871116482, 0.014789431922648451, 0.011630348735925541, 0.009303362929486993, 0.007603357721958163, 0.006370271661310272, 0.005481492580937494, 0.004844631880622873, 0.004391088741246778, 0.0040705873490240185, 0.003846708943271668, 0.0036933488853176295, 0.00359197640394683, 0.0035295618701388872, 0.003497036559318845, 0.0034881677372052894, 0.00349874764565009, 0.0035260175939034193, 0.003568263209707522, 0.0036245349539412992, 0.003694457558169777, 0.0037781043075593543, 0.003875916871987654, 0.003988659303840647, 0.0041173964735112525, 0.0042634924565893755, 0.0044286243103360615, 0.0046148104718032965, 0.004824452104105489, 0.005060388829047762, 0.005325969060508968, 0.005625138042443402, 0.005962545433888186, 0.006343677246270927, 0.00677501579923708, 0.007264234612436833, 0.007820434227574467, 0.008454428657108465, 0.009179091471440623, 0.010009774765531922, 0.01096481367272779, 0.012066133713441835, 0.013339977331127944, 0.01481777035497985, 0.016537146630034267, 0.01854315160227335, 0.020889639026354587, 0.023640872336434155, 0.026873326744274385, 0.03067767446970824, 0.035160903671275, 0.040448488480835466, 0.04668646993740063, 0.054043246279050466, 0.06271078112287379, 0.07290484762896811, 0.08486381271663312, 0.098845368894462, 0.11512052622000797, 0.1339641432693319, 0.15564129775058913, 0.18038895249566883, 0.2083926564833507, 0.239758510389446]
4.82664825042524	3.6273892529206333	[0.2750840216712298, 0.31285749886022396, 0.3534634449609384, 0.39636509599854874, 0.4408010094720923, 0.48577910957892606, 0.5300888651445597, 0.5723351887975086, 0.610995792311589, 0.6445010776348911, 0.6713324402539517, 0.6901315482872206, 0.6998103182122635, 0.699649552058609, 0.6893740543362554, 0.6691937897358905, 0.6398042107439486, 0.6023438263689872, 0.5583126241423683, 0.5094601411922864, 0.4576558796557676, 0.4047566864733982, 0.35248537388011153, 0.30233240487136126, 0.2554884699650621, 0.2128110533337867, 0.1748234994454706, 0.14174138262287697, 0.11351861720343046, 0.08990486774417852, 0.07050627386665216, 0.0548429356269242, 0.04239856483313639, 0.03265976769133622, 0.025144251027091388, 0.019418637977701245, 0.01510746815910403, 0.011895375227757963, 0.009524476993056464, 0.0077888024900026435, 0.00652723321243106, 0.005616047774129124, 0.0049617948781508275, 0.00449491597903065, 0.0041643090342542285, 0.0039328669235914665, 0.003773926714049065, 0.003668515456393206, 0.003603259724283291, 0.0035688283911191826, 0.0035587912967880797, 0.003568794795900486, 0.0035959740025617607, 0.0036385392251752817, 0.0036954889638622377, 0.003766414229797194, 0.0038513684321661444, 0.003950784561916609, 0.004065426784211486, 0.004196367741876717, 0.004344985741643178, 0.004512978306734138, 0.004702390107649741, 0.004915654653675768, 0.005155650038414775, 0.005425770018980699, 0.005730012422302337, 0.006073087800935509, 0.00646055203003112, 0.006898967615748728, 0.0073960994764196404, 0.007961152327636258, 0.008605058121701838, 0.009340823725848213, 0.010183950680893701, 0.011152940906930937, 0.012269904002160837, 0.013561283683904142, 0.015058722105364861, 0.01680008143418724, 0.018830640958185426, 0.02120448492769335, 0.023986089489392445, 0.027252105723083692, 0.031093317299505742, 0.035616724405503744, 0.04094766704293249, 0.04723184943240058, 0.054637060240569746, 0.06335430154984359, 0.07359794347078698, 0.08560441795504625, 0.09962886361049343, 0.11593905165872993, 0.1348058839612897, 0.15648979047410747, 0.18122250002017384, 0.20918395420520144, 0.2404746074993558]
4.803554239657655	3.6515855130083645	[0.275682413218256, 0.3132983251594931, 0.3537020021316552, 0.39635680743412743, 0.44050459918794876, 0.4851603124099447, 0.5291243990241035, 0.5710165957297214, 0.609332670489246, 0.6425231935569904, 0.6690902570207118, 0.6876948364253613, 0.6972647310563298, 0.6970913165710402, 0.6869032157351884, 0.6669066957195845, 0.6377860828001168, 0.6006622977661443, 0.5570130163954135, 0.5085630133283483, 0.4571570623033232, 0.40462966294117697, 0.35268555943477553, 0.3028026559733517, 0.2561650600847489, 0.21362938507518067, 0.17572296238860546, 0.1426689736129809, 0.11443116747174602, 0.09076992843116945, 0.07130186668865528, 0.05555646652827065, 0.04302522441395461, 0.033200717706091294, 0.025604836776190958, 0.019806793454822554, 0.015432407093748513, 0.012166600210944168, 0.009751092855979278, 0.007979092879811472, 0.006688445531011813, 0.005754330687393542, 0.005082237349212606, 0.004601646740537636, 0.0042606249418471595, 0.004021368928814579, 0.0038566495083606736, 0.0037470436270745245, 0.003678826937993896, 0.003642399540049181, 0.0036311285767743153, 0.003640510058451174, 0.0036675694309983293, 0.00371043884409294, 0.0037680627494806507, 0.003839996770324717, 0.0039262733110939155, 0.004027315804663524, 0.004143888033518772, 0.004277070052499191, 0.004428254322728181, 0.00459915882214038, 0.004791854667946757, 0.005008807954600509, 0.005252935678153337, 0.0055276773718965395, 0.005837084051709696, 0.006185927753580687, 0.006579834964462119, 0.007025449084989888, 0.0075306272760650135, 0.008104679188293011, 0.008758655566809971, 0.009505697266821383, 0.010361455971528155, 0.011344600781485453, 0.012477425613960527, 0.013786575161462271, 0.015303907184148181, 0.017067510542053146, 0.01912289590500659, 0.02152437410509713, 0.024336628686175272, 0.027636479127822182, 0.03151481100277427, 0.03607862408124403, 0.04145310912131734, 0.047783615033139416, 0.05523729968717969, 0.06400417937884818, 0.07429719534644469, 0.0863508177033744, 0.10041760590825308, 0.11676207034164293, 0.13565114134874426, 0.15734059597723013, 0.18205693801633752, 0.20997452672381473, 0.24118821446891167]
4.780460228890069	3.676090969301216	[0.2762763323939209, 0.3137328046243593, 0.3539324223340394, 0.3963387687864085, 0.44019708648269557, 0.48452938572766957, 0.5281471343420329, 0.5696848875941002, 0.6076564218093063, 0.6405323908677724, 0.6668354723999312, 0.685245831137284, 0.6947070445156569, 0.6945209931906562, 0.6844201013554663, 0.6646069820743041, 0.6357549346604972, 0.5989674320441087, 0.5556999949357573, 0.5076527801897718, 0.4566459383078769, 0.4044916670712825, 0.3528766188488366, 0.3032660489179869, 0.25683733947023196, 0.21444606008232242, 0.17662335084388295, 0.14359983988211406, 0.11534898527829827, 0.09164181205686402, 0.07210536991975665, 0.056278539660259926, 0.043660649071414946, 0.033750315672623835, 0.026073693390142268, 0.020202663175922588, 0.015764397808159435, 0.012444170425021103, 0.009983351468752533, 0.008174361667674455, 0.00685403182892165, 0.005896454380710127, 0.00520606226833555, 0.004711374422109946, 0.004359619708583079, 0.004112291801828192, 0.003941587357935662, 0.0038276252663410493, 0.00375632309043912, 0.0037178056825364655, 0.0037052321342665342, 0.0037139435431071425, 0.003740852132388475, 0.0037840089582394753, 0.0038423022747725807, 0.003915250577402176, 0.004002864097069783, 0.004105555778657265, 0.004224088504285307, 0.0043595493460372075, 0.004513344833441216, 0.004687213365028878, 0.004883252717477072, 0.005103961793926056, 0.0053522969283791464, 0.005631743851833889, 0.005946407382529222, 0.006301121619467685, 0.0067015844168121785, 0.00715452076519577, 0.007667880916037413, 0.008251080197514339, 0.008915288997108176, 0.009673782818994107, 0.010542364168312173, 0.01153986967063638, 0.012688777765052868, 0.014015933742808576, 0.015553410183868882, 0.017339520892977522, 0.019420005350016374, 0.021849396887666527, 0.024692580970192755, 0.028026537788002136, 0.03194224505956161, 0.036546689431156604, 0.04196489707444463, 0.048341842831915, 0.05584403235938823, 0.06466047171990388, 0.07500264739098189, 0.08710304076201777, 0.10121160706713647, 0.11758957410732537, 0.13649988640133207, 0.1581936635163154, 0.18289219396355486, 0.21076428046987683, 0.24189921828032113]
4.757366218122484	3.7009111999318165	[0.2768656459558823, 0.3141607895728292, 0.35415454696157483, 0.3963108137212352, 0.43987830061333033, 0.48388615682909175, 0.5271568985682307, 0.568339893093836, 0.6059668769413246, 0.6385285021178138, 0.6645679207270629, 0.6827843680399167, 0.6921370952041126, 0.6919384189926044, 0.6819245483075499, 0.6622944851722294, 0.6337106011433806, 0.5972590614491115, 0.5543733887144057, 0.5067292672363568, 0.45612233054839035, 0.4043425214746448, 0.3530583783888497, 0.30372241903515435, 0.2575051589437021, 0.21526095148667868, 0.17752456654299334, 0.14453391683238173, 0.11627204276816863, 0.09252052837433113, 0.07291682935840357, 0.05700923332087745, 0.04430494435728018, 0.034308688276911484, 0.026550962112506474, 0.020606396704888823, 0.016103592501256526, 0.01272823609025073, 0.010221397431539894, 0.008374745398017157, 0.007024119040787469, 0.006042535576650255, 0.00533337609335528, 0.004824195747156069, 0.004461381063875233, 0.0042057152942881725, 0.0040288130280338045, 0.003910327231588851, 0.0038358100664282455, 0.0037951046671604676, 0.0037811565395868526, 0.0037891472786374474, 0.003815872161438674, 0.003859298202168987, 0.003918255164494308, 0.003992222679766288, 0.004081187520184891, 0.004185551232710824, 0.004306075187565162, 0.004443853112250399, 0.004600305441424094, 0.0047771910022252895, 0.0049766343772846035, 0.005201167550290915, 0.005453786568736787, 0.005738023835250305, 0.006058038525991465, 0.0064187274372555616, 0.006825860485911022, 0.007286245003243591, 0.007807925112344918, 0.008400422614568045, 0.009075028309457882, 0.009845153058357871, 0.010726750767026156, 0.011738825966516783, 0.012904041688035908, 0.01424944346247027, 0.015807317725667305, 0.017616201469941972, 0.019722060178636543, 0.022179645560941545, 0.02505403922193015, 0.02842237429793078, 0.03237571052596543, 0.03702100862870679, 0.04248311443133494, 0.0489066098867543, 0.05645732660814972, 0.06532323602352655, 0.07571434365011326, 0.0878611155270128, 0.10201087748552745, 0.11842155358913081, 0.13735208840237034, 0.15904894037312878, 0.1837281929279108, 0.21155311924901812, 0.24260750293031724]
4.734272207354898	3.726051909125898	[0.27745021742393494, 0.3145821288911751, 0.3543682138668444, 0.39627277225008334, 0.43954806713887795, 0.4832304492526024, 0.5261535154073878, 0.5669814371357088, 0.6042638627699353, 0.6365113560591045, 0.6622874325604439, 0.680310278972565, 0.6895547159854158, 0.6893434273110725, 0.6794163899899015, 0.6599690376872057, 0.6316529133925946, 0.5955370145626027, 0.5530330230262575, 0.5057922962657104, 0.45558605823335785, 0.40418204507573785, 0.35323066062522473, 0.304171597981453, 0.258168365721383, 0.21607392896944128, 0.17842650801716173, 0.1454711370503234, 0.11720030977136178, 0.093406085456944, 0.07373628983988435, 0.057748625638725126, 0.04495821644804987, 0.03487596361367085, 0.027036786292578704, 0.021018146324918257, 0.016450146563189327, 0.013018950975975923, 0.010465379102335172, 0.008580384480374152, 0.0071988379531970435, 0.006192694772525135, 0.00546428890215245, 0.004940210881444421, 0.004565999963483547, 0.0043017221767041435, 0.004118402083817197, 0.003995218987821093, 0.003917352168806938, 0.0038743566045787957, 0.0038589584768812055, 0.003866175292945113, 0.003892681464813531, 0.003936357025432461, 0.003995970786608528, 0.004070961803542681, 0.004161291964508713, 0.004267350548272279, 0.004389896685686058, 0.004530030449755439, 0.004689185918842326, 0.004869142417383657, 0.005072051394170755, 0.005300478252022129, 0.005557459047902359, 0.005846573400810806, 0.00617203532292932, 0.006538805015516167, 0.006952725073613657, 0.0074206859941767685, 0.007950826465199587, 0.00855277562989795, 0.009237945367085576, 0.010019882671825122, 0.010914693303370271, 0.01194155013723695, 0.01312330070679996, 0.014487190465355314, 0.016065718532578172, 0.017897643348760303, 0.020029153323997094, 0.022515214407297708, 0.02542109822208394, 0.02882408304456547, 0.0328153000877052, 0.03750167129940983, 0.043007845932347334, 0.049477994212140476, 0.057077251420008204, 0.06599253004784716, 0.07643232808789399, 0.08862506993194957, 0.10281542667058843, 0.11925799813228938, 0.13820771492193826, 0.15990637174950065, 0.184564857520908, 0.2123409441179021, 0.24331294937730305]
4.711178196587313	3.7515189305428116	[0.2780299068075723, 0.3149966680982438, 0.35457325707851794, 0.39622447078458367, 0.43920620763543644, 0.48256208281915763, 0.5251368045202752, 0.5656093408541106, 0.6025472021295812, 0.6344807776488011, 0.6599938344352646, 0.6778233919784403, 0.6869597357504466, 0.686735847698113, 0.6768954558919646, 0.6576304685318908, 0.6295816987068679, 0.5938011162188888, 0.5516787193657028, 0.5048416853173194, 0.4550369367765705, 0.40401005299882276, 0.35339328433239, 0.30461341361533717, 0.2588268033321736, 0.21688485862867377, 0.17932907053378055, 0.14641143017286354, 0.11813375376143607, 0.09429848957459144, 0.07456379522560508, 0.058496794474032596, 0.0456205721748597, 0.035452271125087975, 0.027531311461944943, 0.021438067021185878, 0.016804218696748512, 0.013316472424510013, 0.01071544875348102, 0.008791423244565463, 0.0073783233819496455, 0.0063470563138496895, 0.00559891457607683, 0.005059523512890729, 0.004673570767713344, 0.004400398316029693, 0.004210433056412227, 0.004082372678450646, 0.004001016269605702, 0.003955623930119576, 0.00393869688052995, 0.003945083668010343, 0.003971334004660541, 0.004015237741363102, 0.004075500365465801, 0.004151518416581928, 0.004243227573551696, 0.004351003780852381, 0.004475603312398583, 0.004618132105761893, 0.004780037739302435, 0.004963119949890382, 0.00516955723613563, 0.0054019486157269245, 0.005663370579015087, 0.005957450367866434, 0.006288457440416935, 0.006661415970977441, 0.007082241983638438, 0.0075579098187413575, 0.008096653560824939, 0.008708210401076206, 0.009404114104875207, 0.010198048390219417, 0.011106271461956294, 0.012148124754920653, 0.013346640349053425, 0.014729263027109482, 0.01632870354497107, 0.01818393970720812, 0.020341379884163645, 0.022856199699467207, 0.025793854768945686, 0.02923176018035425, 0.03326110817564367, 0.03798876846758771, 0.0435391776406878, 0.0500560746945646, 0.05770387652268856, 0.0666684117389546, 0.07715664468514764, 0.08939493129109788, 0.10362526332919142, 0.12009889560049068, 0.1390667319007884, 0.16076590054093168, 0.18540210797709755, 0.21312765313092288, 0.24401543561287514]
4.6880841858197275	3.777318230714919	[0.27860457082679496, 0.3154042489047641, 0.3547695070148551, 0.39616573169034575, 0.43885253989364453, 0.48188087319456685, 0.5241065816957323, 0.5642234211949092, 0.6008167139424745, 0.6324365876659228, 0.6576869489612575, 0.6753235309627968, 0.6843519794713703, 0.6841155056285726, 0.6743615716044371, 0.6552786026114493, 0.627496780508425, 0.592051187306552, 0.550310295356851, 0.5038772485165046, 0.4544747776963431, 0.40382635645358456, 0.3535460643576801, 0.30504768991623094, 0.25948031146348216, 0.217693602928123, 0.18023214592681286, 0.14735472286524645, 0.11907233968219323, 0.09519774520525259, 0.07539938824193572, 0.05925381747193633, 0.046292118891221534, 0.0360377417028195, 0.028034685243340934, 0.021866316632494654, 0.01716597087094439, 0.01362096154505368, 0.010971762564575823, 0.009008010162956707, 0.007562714193072316, 0.006505748628727636, 0.005737370836492198, 0.005182241083759632, 0.004784191283050388, 0.004501832895740677, 0.004304987482886238, 0.004171863328125834, 0.004086871845163773, 0.004038971588140597, 0.004020432964776252, 0.004025930707119785, 0.004051885783512162, 0.004095994679826015, 0.004156897003275047, 0.0042339448698257825, 0.004327046269583268, 0.004436562793054188, 0.004563247111044082, 0.0047082106035403306, 0.004872914095507269, 0.005059177719216061, 0.0052692071097856456, 0.005505635169665385, 0.005771579156742225, 0.00607071442072667, 0.006407366388036928, 0.006786623855366707, 0.0072144769361907925, 0.007697984574293853, 0.008245476983129593, 0.008866800189097504, 0.009573610536226084, 0.01037972913108954, 0.011301567075789635, 0.012358634645942798, 0.013574148335034562, 0.014975751712394018, 0.016596365894132707, 0.01847518599160834, 0.020658837075205418, 0.02320269987531956, 0.026172407604628852, 0.02964550380574371, 0.03371323085821162, 0.0384823927458987, 0.04407719679404274, 0.050640931288348665, 0.058337272189837835, 0.06735093943249652, 0.07788733719323046, 0.09017072650661881, 0.10444039506973521, 0.12094423258871495, 0.13992910330310332, 0.16162746755462334, 0.18623986176463644, 0.21391314156165211, 0.2447148362404429]
4.664990175052142	3.803455912589372	[0.2791740625159215, 0.3158047093837932, 0.35495679007501557, 0.3960963734459947, 0.4384868775103955, 0.48118663202977463, 0.5230626584552451, 0.5628234910295171, 0.5990722128470888, 0.6303786027928612, 0.6553665944837828, 0.6728105157375396, 0.6817312679011965, 0.681482222506045, 0.6718145585603913, 0.6529132607917708, 0.6253979781263316, 0.5902870447020625, 0.548927564578154, 0.5028987959779889, 0.4538993884775208, 0.4036307626124926, 0.35368881151725573, 0.30547424684102176, 0.2601287258863345, 0.21850002053783238, 0.1811356225486918, 0.14830093865424854, 0.12001602992862932, 0.0961038548740719, 0.0762431104975099, 0.06001977192400033, 0.0469729645357559, 0.03663250758707208, 0.028547057464242222, 0.022303055796155952, 0.017535568483025805, 0.01393258320314761, 0.011234480822274087, 0.009230297875282295, 0.007752153524804771, 0.006668904275055448, 0.005879779473009561, 0.005308474847803946, 0.004897962983967385, 0.004606118473703939, 0.004402150113754572, 0.004263768896069617, 0.0041749911660072, 0.004124467078874169, 0.004104230395985837, 0.004108776975379177, 0.004134395000913401, 0.004178684222600827, 0.0042402158239694746, 0.004318295429043232, 0.004412801887791919, 0.00452408128400259, 0.004652881981886191, 0.004800320270557963, 0.004967870022317475, 0.005157371652392035, 0.005371058081347014, 0.005611596280829025, 0.005882144678165148, 0.006186427135236429, 0.006528825640302891, 0.006914494181004576, 0.007349497693364628, 0.007840980398510488, 0.008397369443324663, 0.009028620378799163, 0.00974651288790388, 0.010565006013824289, 0.011500664267113526, 0.012573166897971557, 0.013805914724788364, 0.015226749370199313, 0.01686880105602972, 0.018771479895777134, 0.020981624391062575, 0.02355481549481853, 0.026556857580225093, 0.030065413897728283, 0.034171766010697456, 0.0389826382287053, 0.04462199197671351, 0.05123264486744296, 0.058977509414882154, 0.06804017165890913, 0.07862444930892762, 0.09095248182470711, 0.10526082857791967, 0.12179399413112961, 0.14079479129320782, 0.1624910111737205, 0.18707803376248688, 0.21469730153149819, 0.24541102265103767]
4.641896164284557	3.8299382191754177	[0.2797382313630842, 0.3161978835935377, 0.3551349287692293, 0.39601621025923645, 0.4381090300037582, 0.48047916658152623, 0.5220048421460589, 0.5614093587907928, 0.597313509263585, 0.6283066352758394, 0.6530325851175182, 0.6702841617136185, 0.6790974175739705, 0.6788358153921196, 0.6692542340023315, 0.6505342596677792, 0.6232851067324394, 0.5885085010767713, 0.5475303364700358, 0.5019061336494967, 0.4533105724543265, 0.4034230744867519, 0.3538213324581847, 0.3058929002280627, 0.26077187830060494, 0.2193039662634699, 0.18203938510530104, 0.1492499978835484, 0.12096478418255875, 0.0970168191406194, 0.0770950023348343, 0.06079473479688715, 0.04766321751630284, 0.03723670244523717, 0.029068580085668913, 0.022748448078914827, 0.017913180335454273, 0.01425150619745779, 0.011503767939569389, 0.009458443397669542, 0.00794678883709142, 0.0068366601652488776, 0.0060262664094643086, 0.00543834009566928, 0.005014991083800758, 0.004713351197485044, 0.004502008981085589, 0.004358170475420944, 0.004265449358404631, 0.0042121806400426945, 0.004190155346768052, 0.004193685464593562, 0.0042189221009041435, 0.004263364953982279, 0.004325514015547724, 0.004404626414145136, 0.0045005502150606905, 0.004613614920358932, 0.004744563718654792, 0.00489451736391429, 0.005064962432033917, 0.005257759606243321, 0.005475169111269296, 0.005719892276010799, 0.00599512897690836, 0.0063046521004257, 0.0066529006701429565, 0.007045094544517794, 0.007487374091409736, 0.00798696959640587, 0.008552405809942628, 0.009193748610191019, 0.009922901626225127, 0.010753962496013554, 0.011703649467497117, 0.01279181100174412, 0.014042031929083378, 0.015482351281008739, 0.017146106849047493, 0.019072921513071394, 0.021309843583116016, 0.02391264939594584, 0.026947307611319457, 0.030491592468195643, 0.03463681324023481, 0.039489600651118235, 0.04517365300760912, 0.05183129738348664, 0.059624659756436944, 0.06873616729921822, 0.07936802447362928, 0.09174022298854133, 0.10608656936894664, 0.1226481638512585, 0.14166375594355646, 0.16335646750493982, 0.18791653593042223, 0.21548002215432085, 0.24610386266434953]
4.618802153516971	3.856771537300645	[0.2802969228974322, 0.3165836017442006, 0.3553037412931008, 0.3959250522206529, 0.4377188023875715, 0.479758279845917, 0.5209329355287773, 0.5599808285790779, 0.5955404090057103, 0.6262204929972464, 0.6506847303916361, 0.6677442799354745, 0.6764502404893796, 0.6761760970012939, 0.6666804107096214, 0.6481414115198132, 0.6211579771125408, 0.5867153648179947, 0.5461184161487233, 0.5008990632017817, 0.45270812866404264, 0.40320309079059846, 0.3539434295472271, 0.3063034616402463, 0.26140959625470467, 0.220105290873534, 0.18294331460413982, 0.1502018175337253, 0.12191855939157953, 0.09793663642529712, 0.0779551028476001, 0.061578782582397726, 0.04836298677516681, 0.037850461261570524, 0.029599407321402444, 0.023202659915396783, 0.018298978807096314, 0.01457790324629557, 0.011779792668291223, 0.00969260814799677, 0.008146772149223169, 0.007009157616874358, 0.006176961949812328, 0.005571956217459366, 0.005135384775152217, 0.004823630868707864, 0.004604655624593416, 0.004455152353364393, 0.004358324612156409, 0.004302185300286009, 0.004278276685108739, 0.004280721639893886, 0.004305529944369322, 0.004350097701731821, 0.004412850988569343, 0.004492996235978226, 0.004590349137815629, 0.00470522137038159, 0.004838350148814539, 0.004990860102774164, 0.005164250249837285, 0.005360401398908175, 0.005581601187234198, 0.005830585472725529, 0.0061105959557884205, 0.006425454948749842, 0.006779659082974795, 0.007178494655908884, 0.007628178177766642, 0.008136026667286913, 0.008710663250128698, 0.009362264801798059, 0.010102859603641242, 0.010946684391036009, 0.01191061157044515, 0.013014658859958629, 0.014282594868410497, 0.015742655153120854, 0.017428383599301142, 0.019379613315242055, 0.02164359883124232, 0.024276306650178388, 0.027343862853736207, 0.03092414348932098, 0.03510847406481066, 0.040003377277280434, 0.04573227112094413, 0.05243697171041892, 0.060278795519306094, 0.06943898538092627, 0.08011810605373056, 0.09253397498301677, 0.10691762196701335, 0.12350672365663194, 0.14253595541330483, 0.16422377002806404, 0.18875527748621326, 0.21626118914922499, 0.2467932207026903]
4.595708142749386	3.8839624014798204	[0.28084997883567764, 0.31696168979213346, 0.35546304166337067, 0.3958227048908215, 0.4373159952903003, 0.4790237701507493, 0.5198467368725502, 0.5585376997712489, 0.59375271334621, 0.624119979111301, 0.6483228352810558, 0.6651906767510344, 0.6737895441077896, 0.6735028754103706, 0.664092896957582, 0.6457345240647411, 0.6190163955917992, 0.584907439821633, 0.544691604301534, 0.4998773818606786, 0.4520918517162356, 0.4029706058086069, 0.35405490071854673, 0.3067057382632668, 0.262041702976148, 0.2209038410253468, 0.18384728817451024, 0.15115631117635397, 0.12287730959000152, 0.0988633029972873, 0.07882344971822962, 0.06237199132907224, 0.0490723816606943, 0.0384739204215762, 0.030139695556849613, 0.023665860748185632, 0.018693139823717318, 0.014911951177205007, 0.012062728115714579, 0.00993295817106599, 0.008352260090180776, 0.007186542596056694, 0.006332000847714782, 0.005709446948265487, 0.005259257306153861, 0.004937061178855954, 0.004710185165997858, 0.0045548022304863975, 0.004453698248580885, 0.00439455707978051, 0.004368666034672527, 0.004369953622374296, 0.004394283862255169, 0.00443894570417736, 0.00450228842373989, 0.004583465551008856, 0.004682258685597654, 0.0047989604493763076, 0.004934301174532423, 0.0050894088075232385, 0.005265794453195272, 0.005465358945285091, 0.0056904173626390765, 0.005943740313177402, 0.0062286116246025236, 0.00654890349048209, 0.00690917065361547, 0.007314766474989923, 0.007771984246472829, 0.008288228444573551, 0.008872221262409438, 0.009534251294946085, 0.010286472087136579, 0.011143260017567597, 0.012121641952957703, 0.01324180494238828, 0.014527700984363288, 0.016007761283299612, 0.017715734137500626, 0.01969166031803294, 0.0219829967207903, 0.02464589473190789, 0.027746630654323423, 0.031363173065207396, 0.03558685183096547, 0.04052406707235046, 0.046297938844011254, 0.05304975181497742, 0.060939989586465994, 0.07014868524562784, 0.0808747371230519, 0.09333376219879111, 0.10775398963749036, 0.12436965389924383, 0.14341134563327212, 0.16509284975294097, 0.18959416455005662, 0.21704068499348025, 0.24747895740452266]
4.5726141319818	3.911517497899825	[0.281397236746186, 0.3173319695076077, 0.3556126393686995, 0.3957089693545403, 0.4369004046027791, 0.47827543119217436, 0.5187460396095482, 0.5570797670356022, 0.5919502186867959, 0.6220048920338521, 0.645946699899164, 0.6626231537745456, 0.6711151310710843, 0.6708159539941845, 0.6614914962697284, 0.6433134003661074, 0.6168601638196256, 0.5830845253794935, 0.5432496970039347, 0.4988408822748801, 0.45146153164001634, 0.4027254092475867, 0.3541555393478571, 0.30709953274487056, 0.2626680172697195, 0.22169945909590016, 0.1847511789889413, 0.1521133888040826, 0.12384098584753132, 0.09979681281660256, 0.07970007920311041, 0.06317443651280459, 0.049791511960481226, 0.0391072176268138, 0.030689603438088155, 0.024138222995669537, 0.019095843002389916, 0.015253830946683682, 0.012352751934563406, 0.010179664200111975, 0.008563414118228266, 0.007368965805999695, 0.006491522538355421, 0.005850940469002234, 0.00538672620993538, 0.005053749811053551, 0.004818696526440979, 0.004657211316573462, 0.00455165492113142, 0.004489375077076893, 0.004461397957719307, 0.004461452266728037, 0.004485251822302515, 0.004529974679900405, 0.004593890425170514, 0.004676097324874609, 0.004776341173915773, 0.004894894178917308, 0.00503247890808161, 0.005190225956174259, 0.005369658202454747, 0.005572696311745409, 0.005801682884638312, 0.006059423417984213, 0.006349244227514634, 0.006675067766741934, 0.007041507454574422, 0.007453984263584613, 0.007918868968611137, 0.008443654146582422, 0.009037161810229411, 0.009709792901991922, 0.010473826895425415, 0.011343780243481259, 0.012336834616545087, 0.013473346322898904, 0.014777450384128735, 0.016277772583456102, 0.018008263945994002, 0.02000917009308382, 0.022328146390623534, 0.02502152351015578, 0.028155720697845325, 0.03180878939724294, 0.03607205185695551, 0.041051770635038745, 0.04687075013393193, 0.05366972265040925, 0.061608315547078574, 0.07086532639932978, 0.08163796058061007, 0.09413960823709046, 0.10859567449403547, 0.12523693313589845, 0.14428988040290808, 0.16596363493979005, 0.19043310023217955, 0.21781838861009328, 0.24816092970281614]
4.549520121214215	3.9394436685246665	[0.2819385301097099, 0.3176942581316258, 0.355752339417583, 0.3955836418690794, 0.4364718215101419, 0.4775130516843092, 0.5176306323471302, 0.5556068199920282, 0.5901327165471126, 0.619875025121021, 0.6435561194612518, 0.6600415075899483, 0.668426799139742, 0.668115131158047, 0.6588760073293463, 0.6408778385979923, 0.6146890786580747, 0.5812464159751751, 0.5417924855879228, 0.49778935234294075, 0.45081695373575653, 0.40246728609205346, 0.35424513409097724, 0.30748464307583956, 0.2632883533461597, 0.2224919830862697, 0.18565485608751367, 0.153072956759961, 0.12480953609932474, 0.10073715749532282, 0.0805850259835804, 0.06398619304129899, 0.05052048779045898, 0.039750491953426635, 0.031249291812323082, 0.02461992216919043, 0.019507271647612994, 0.015603727810940795, 0.012650046368853215, 0.01043290186768501, 0.008780400603193014, 0.0075565829203536605, 0.006655671241420903, 0.005996569645357155, 0.0055179134144369545, 0.005173808671773959, 0.004930292533444647, 0.004762474547462703, 0.004652282714285291, 0.004586721668112154, 0.004556550044251151, 0.004555291342721856, 0.004578504509005056, 0.00462325299385323, 0.0046877235927775965, 0.004770956986126085, 0.0048726612710069655, 0.004993086931320202, 0.005132947734726387, 0.005293376322452058, 0.005475906901262693, 0.005682479850348345, 0.0059154652530918495, 0.006177703718653343, 0.006472564301094791, 0.006804020181995144, 0.007176743913313777, 0.007596224719472121, 0.008068911448464038, 0.00860238551299703, 0.009205569376157505, 0.009888977046046405, 0.010665014449769198, 0.011548338629134883, 0.01255628623248543, 0.013709382826121143, 0.015031945877153018, 0.016552794729940454, 0.018306081182837105, 0.020332252918424682, 0.02267915953958186, 0.025403305398188986, 0.028571244989929214, 0.032261102930198654, 0.036564181385725876, 0.0415865903372535, 0.04745080029426746, 0.05429697028686528, 0.06228384757131767, 0.0715889686314405, 0.08240781898023364, 0.09495153601621159, 0.10944267728246723, 0.12610853822231224, 0.1451715111312542, 0.16683605118175104, 0.19127198433689388, 0.21859417543957102, 0.24883899050059866]
4.5264261104466295	3.967747915324156	[0.2824736879526554, 0.3180483684494969, 0.3558819419573687, 0.3954465139223821, 0.4360300321076871, 0.47673641539779843, 0.5165002984911327, 0.5541186432265638, 0.5882999932049411, 0.6177301666562942, 0.6411508839494677, 0.6574455297085806, 0.665724340888375, 0.6654002002659514, 0.6562462237092073, 0.6384276319454182, 0.6125029319471939, 0.5793929011596299, 0.540319756442685, 0.49672257506759426, 0.45015789840929377, 0.4021960164413229, 0.35432346874821, 0.30786086241336263, 0.2639025207136354, 0.22328124643585212, 0.1865581842954643, 0.15403491755056986, 0.12578290509355117, 0.10168432612293869, 0.081478323152802, 0.06480733510909986, 0.051259419632883656, 0.04040388375362134, 0.031818923825429495, 0.025111136830939924, 0.019927612908370213, 0.01596183133978613, 0.012954798460674571, 0.010692851765549339, 0.009003391066357218, 0.0077495546738065215, 0.006824596215663303, 0.006146472133417467, 0.005652945495825274, 0.005297353999059441, 0.005045080162352225, 0.00487069068799495, 0.004755673367432098, 0.00468668260025374, 0.0046542031169643314, 0.004651547619704484, 0.004674115510963418, 0.004718851733421504, 0.004783857194786121, 0.004868112495637199, 0.0049712861587225534, 0.00509360549425869, 0.005235774465174662, 0.0053989270372087825, 0.005584608343462685, 0.00579477825824378, 0.006031834364394548, 0.006298652515718849, 0.0065986448171793, 0.006935835561222787, 0.007314956955870046, 0.007741567032419852, 0.008222193369277733, 0.008764506859086323, 0.00937753111081927, 0.010071893812108497, 0.01086012792670485, 0.011757031473447985, 0.012780096298517703, 0.013950017065654487, 0.015291293135419855, 0.016832936190086904, 0.018609296844644626, 0.020661021788523668, 0.023036150590214372, 0.02579135534121936, 0.028993318019353148, 0.03272022631095134, 0.03706334974297291, 0.04212863024695309, 0.04803818612597484, 0.054931581792032294, 0.06296666055172015, 0.07231967184841495, 0.08318435466067335, 0.09576956755604747, 0.11029499749912511, 0.12698444404977716, 0.14605618694398756, 0.16771002109850985, 0.19211071345901118, 0.21936791709839057, 0.24951298875671787]
4.503332099679044	3.9964374046308793	[0.2830025348542132, 0.318394108475545, 0.35600124226698865, 0.3952973719074251, 0.43557481737766773, 0.4759453008325744, 0.5153548162045993, 0.5526150159706403, 0.5864518296349953, 0.6155700995433446, 0.6387307780307215, 0.6548350062813596, 0.6630075436029776, 0.6626709493763494, 0.6536019337496332, 0.6359625683662556, 0.6103015103663588, 0.5775237653402024, 0.5388312908620464, 0.4956403283714938, 0.44948414100839623, 0.40191137535028604, 0.3543903220924929, 0.3082279789444739, 0.2645103240004794, 0.22406707790723812, 0.18746102404553516, 0.15499916975461325, 0.12676103422308607, 0.1026383052065597, 0.08238000207188963, 0.06563793618185336, 0.05200841823425344, 0.041067534696171394, 0.03239866487530282, 0.02561204869656073, 0.02035705779147052, 0.016328335577222405, 0.013267200117425678, 0.010959699650015373, 0.0092325622875792, 0.007948047094053542, 0.006998451889017565, 0.006300790620435277, 0.005791953816429422, 0.005424506598160006, 0.0051631706712202225, 0.0049819625539211775, 0.004861922400652858, 0.0047893471967575775, 0.004754441345758384, 0.004750301053459791, 0.00477216142451722, 0.004816844879623331, 0.004882363262186737, 0.0049676345050542175, 0.005072285619939809, 0.0051965192195731445, 0.005341028417984362, 0.005506947730504307, 0.005695832792197935, 0.0059096627155672266, 0.006150862588546424, 0.006422343614579638, 0.0067275612587253215, 0.007070591285423724, 0.007456226081850776, 0.007890093020678772, 0.008378799067274649, 0.008930105214124255, 0.009553136905254441, 0.010258636087913577, 0.011059263327446986, 0.011969957957185834, 0.01300836720323002, 0.01419535458921299, 0.01555560074988005, 0.01711830836796694, 0.01891802481112049, 0.020995592558642636, 0.023399236716444012, 0.02618579095660908, 0.029422056762976354, 0.03318627452117795, 0.03756966831292283, 0.042677996249682, 0.0486330058677054, 0.055573645338083434, 0.0636568300026607, 0.07305749616352, 0.08396760960090623, 0.09659372404940945, 0.1111526332015075, 0.1278646235982933, 0.14694385445213984, 0.1685854643726355, 0.19294918071636072, 0.22013948140023054, 0.2501827691899982]
4.480238088911459	4.0255194716290195	[0.28352489077012494, 0.3187312813072364, 0.3561100305651828, 0.3951359969628221, 0.43510595298665716, 0.47513948104794806, 0.5141939581984221, 0.5510957119232252, 0.5845880012965223, 0.6133946011225798, 0.6362955808445047, 0.6522097179120061, 0.6602761890718145, 0.6599271610542917, 0.6509429203549256, 0.6334824304045457, 0.608084595238308, 0.5756387875973173, 0.5373268648579114, 0.4945423849191683, 0.448795451646425, 0.4016131326576445, 0.35444546770361607, 0.3085857757214719, 0.26511156280001014, 0.22484930143012544, 0.18836323123563298, 0.15596560788023597, 0.12774386140302635, 0.10359907855214438, 0.0832900922799693, 0.06647806891659654, 0.05276759456325474, 0.04174158774069542, 0.03298868262965125, 0.026122842671834953, 0.020795801242232532, 0.016703439138546987, 0.013587448247810135, 0.011233636587656507, 0.009468096481116902, 0.008152231678779657, 0.007177398055951281, 0.006459673015398253, 0.005935074727251831, 0.005555392031537193, 0.005284679796784864, 0.005096397192289608, 0.004971129297629004, 0.004894808523300182, 0.004857352415360156, 0.004851634938198011, 0.004872722006708612, 0.004917309445999646, 0.004983316729181812, 0.005069596484996996, 0.005175732169187977, 0.005301900143408823, 0.005448781543042865, 0.005617510646106933, 0.005809653098605764, 0.006027206996344029, 0.006272624885001738, 0.0065488534344038864, 0.006859391734308271, 0.00720836739966405, 0.007600633478628644, 0.008041887238865886, 0.008538815646138315, 0.00909927042931031, 0.00973247950580055, 0.010449299671549126, 0.011262519592708319, 0.012187220249295626, 0.013241204339696345, 0.014445503981959113, 0.015824980341007357, 0.017409025702133814, 0.019232381949763813, 0.021336084033465683, 0.023768537938751794, 0.026586732608945927, 0.029857580766925705, 0.03365936493372984, 0.03808325060054057, 0.043234796080820516, 0.04923535923408527, 0.056223250204784976, 0.06435443207051884, 0.07380250186701971, 0.08475762539956183, 0.09742402579754035, 0.11201558095647338, 0.12874904783813304, 0.14783445767084466, 0.16946229762027148, 0.1937872756426279, 0.22090873220050763, 0.25084817215057004]
4.457144078143873	4.055001624979886	[0.2840405709041694, 0.31905968491698117, 0.3562080918655484, 0.3949621647513232, 0.43462320912707525, 0.4743187234326717, 0.5130174915616926, 0.5495604990168468, 0.582708277954655, 0.6112034429371865, 0.6338450658175183, 0.6495694394267921, 0.6575300533957655, 0.6571686121481289, 0.648268960801929, 0.6309869949768127, 0.6058519623383538, 0.5737377414823362, 0.5358062489720508, 0.4934285119274998, 0.44809159501843016, 0.401301052809328, 0.35448867378949395, 0.30893403049779034, 0.2657060314980575, 0.2256277359505093, 0.1892646570658456, 0.1569341222318386, 0.1287313209253068, 0.10456662715893353, 0.08420862138017837, 0.06732780509853283, 0.05353705974461394, 0.04242618713140393, 0.03358914702078069, 0.02664370691157734, 0.021244042204221193, 0.017087345332071527, 0.013915744879591718, 0.011514859127535068, 0.009710181456124211, 0.0083622856003118, 0.007361600062214775, 0.006623272667594904, 0.006082449760162019, 0.005690140836400319, 0.005409727941860849, 0.005214106088292562, 0.005083397681240847, 0.005003163579524212, 0.004963027686506697, 0.004955636081971245, 0.0049758803223976765, 0.0050203256393802735, 0.00508679556818847, 0.005174074873752532, 0.005281701178103902, 0.00540982312569895, 0.005559108540042223, 0.005730690774459135, 0.005926144815572708, 0.006147487597252776, 0.006397198913532347, 0.0066782611345569155, 0.006994217087452969, 0.00734924673857437, 0.007748264130020648, 0.00819703710346976, 0.008702333085422407, 0.009272095303734353, 0.009915654622067763, 0.010643983397793533, 0.01146999870946643, 0.012408923632901352, 0.013478716209531066, 0.01470057699068431, 0.016099546657786977, 0.017705205785658467, 0.019552488206485547, 0.021682618079732634, 0.024144177202140446, 0.02699430351111578, 0.030300012206770557, 0.03413961739728241, 0.03860421226826268, 0.04379913938867077, 0.04984534742343198, 0.056880486816255654, 0.06505954350770497, 0.07455474943302487, 0.08555444321236273, 0.09826049218537877, 0.11288383574066828, 0.12963768567412107, 0.14872793788497538, 0.17034043430709825, 0.1946248840226247, 0.22167552928798837, 0.2515090334304483]
4.434050067376288	4.084891551588462	[0.2845493852554425, 0.31937911225247506, 0.356295205507716, 0.39477564553985056, 0.43412635004561595, 0.47348278975946845, 0.5118251773001992, 0.5480091394414399, 0.580812423240539, 0.6089963907221948, 0.6313790002550528, 0.6469139398266023, 0.654768906618122, 0.6543950737044856, 0.645579826412784, 0.6284760332519345, 0.6036033816121418, 0.5718203948659198, 0.5342692080388195, 0.49229847098710744, 0.4473723302066835, 0.4009748946576458, 0.3545197030310257, 0.3092725155096457, 0.2662935191534668, 0.2264021952004014, 0.19016514795292455, 0.15790459867705764, 0.12972334341043418, 0.10554092899854402, 0.08513561503792778, 0.06818721545184304, 0.05431692511626714, 0.043121478259060625, 0.034200230371095756, 0.027174832745395828, 0.021701983813802783, 0.017480262150164152, 0.014252297413254128, 0.011803569348071726, 0.009959010911405814, 0.008578391792068936, 0.007551229119851672, 0.006791748475028588, 0.006234225944523646, 0.005828888640310376, 0.005538440480147548, 0.005335205278071693, 0.005198835599001635, 0.005114513403800551, 0.005071562459433171, 0.005062394901757785, 0.005081722986659408, 0.005125976945869963, 0.005192881013934928, 0.00528114915578349, 0.005390271084833308, 0.00552036592306659, 0.005672087056906398, 0.005846565921645444, 0.006045386388656781, 0.006270583803920757, 0.006524665220709637, 0.0068106486789895684, 0.007132121081298666, 0.007493314989066005, 0.00789920600132684, 0.008355632953564566, 0.008869444427731282, 0.009448675642132124, 0.010102761117591168, 0.010842789191231997, 0.011681805905927439, 0.012635176551246078, 0.013721014622441359, 0.014960688559053902, 0.01637941778147566, 0.018006969386023808, 0.019878466812450996, 0.02203531962493092, 0.024526280584145504, 0.027408629694821048, 0.030749476094060875, 0.03462715417090419, 0.03913267133790734, 0.044371137625119815, 0.0504630733117652, 0.05754544658054083, 0.06577224185590402, 0.075314299302751, 0.08635810392264531, 0.09910314140640016, 0.11375739109751738, 0.1305305036139067, 0.14962423379271061, 0.17121978436599317, 0.19546188802266756, 0.22243972796130806, 0.25216518438006535]
4.410956056608702	4.115197121515655	[0.2850511388980654, 0.31968935058579556, 0.3563711454176116, 0.3945762035418032, 0.4336151342736967, 0.4726314355398411, 0.510616770526133, 0.5464413890297224, 0.5789001947905312, 0.6067732038359791, 0.6288971454224866, 0.64424298177649, 0.6519925127446803, 0.6516063105236953, 0.6428752825135985, 0.6259493102762169, 0.6013386170761607, 0.5698865096329708, 0.5327155010331609, 0.4911520178244577, 0.44663741048326955, 0.4006344112855274, 0.35453831234665567, 0.30960099735608126, 0.2668738092323144, 0.22717248762789538, 0.19106454524407052, 0.158876918624588, 0.130719855515553, 0.10652195904429941, 0.08607109670372273, 0.06905636972963558, 0.05510730199019339, 0.04382760782129389, 0.03482210721162413, 0.027716414912239015, 0.022169833286253576, 0.01788240257173997, 0.014597318573353649, 0.012099975211336093, 0.010214784439728416, 0.008800739332942278, 0.007746462347408109, 0.006965265277173485, 0.006390555866676362, 0.005971776544889914, 0.005670947822115954, 0.005459815712157104, 0.005317555587280077, 0.005228963411164577, 0.0051830560325709886, 0.005172005735273879, 0.005190340217013728, 0.005234350418854236, 0.005301657609887913, 0.005390902129765789, 0.005501523435938485, 0.005633609441264897, 0.005787797728457598, 0.00596521695056285, 0.0061674591924555456, 0.0063965779248293005, 0.006655107274430377, 0.006946101066461526, 0.007273190431183839, 0.007640660920024242, 0.008053550069272868, 0.008517768282716096, 0.009040245804649589, 0.009629110491352033, 0.010293901029609268, 0.011045822309224263, 0.011898049662101718, 0.012866090858658436, 0.013968214693472552, 0.015225957087549535, 0.016664715104149984, 0.018314440714417565, 0.02021044423720654, 0.022394316935638814, 0.024914977214472292, 0.02782984029698527, 0.03120610015329738, 0.035122100216931566, 0.03966874801525125, 0.04495090434301861, 0.05108864121565389, 0.05821822218949702, 0.06649260513954777, 0.0760812121852341, 0.08716864776096739, 0.09995199076298948, 0.11463623868294022, 0.13142746606708322, 0.1505232809825561, 0.17210025449349867, 0.19629816560927701, 0.2232011793198147, 0.2528164512833373]
4.387862045841117	4.145926393041189	[0.285545631292028, 0.3199901818158059, 0.3564356794014646, 0.3943635971928555, 0.43308931392535266, 0.47176441026133703, 0.509392019780018, 0.5448569974444397, 0.5769713436103225, 0.6045336353881895, 0.6263992559665365, 0.641556321668477, 0.6492006292328715, 0.6488020811555837, 0.6401550879977552, 0.6234065849040029, 0.5990574264573436, 0.5679358415528312, 0.531144880785097, 0.4899889021183439, 0.4458865830951156, 0.4002793497769358, 0.35454425274168944, 0.30991923673118266, 0.26744667951469175, 0.227938416100389, 0.19196268517626552, 0.1598509587112652, 0.13172077994644735, 0.10750968896081524, 0.08701508768423184, 0.06993533642959218, 0.05590830179251785, 0.04454472358777106, 0.03545495449860144, 0.028268651391558527, 0.022647802207756487, 0.018293984464010087, 0.014951026764064805, 0.012404290527951983, 0.010477707926725808, 0.00902952345992876, 0.007947483189018428, 0.0071439938975292, 0.006551598088353107, 0.006118951182698519, 0.005807385817544484, 0.005588063315586885, 0.0054396750492508635, 0.00534662345034723, 0.005297612052842743, 0.0052845668923193105, 0.005301826156990971, 0.005345536724424158, 0.005413213508369712, 0.005503419949014366, 0.0056155431674323785, 0.00574963777184253, 0.005906324442996217, 0.006086727814886933, 0.006292447787175031, 0.006525555323213782, 0.0067886117145334905, 0.007084706360466034, 0.007417515052928011, 0.007791376409744629, 0.008211390571136394, 0.008683539762748951, 0.009214836689473767, 0.009813502158517935, 0.010489179827744048, 0.011253191351650952, 0.01211884197634593, 0.013101781818019477, 0.014220435118832073, 0.015496504413567825, 0.01695556361465204, 0.01862774738199998, 0.020548550484926955, 0.022759741542071873, 0.025310399581013172, 0.028258067443387724, 0.031670015136504914, 0.03562458303362011, 0.040212565011416665, 0.04553855496769033, 0.051722157218436905, 0.05889890732010348, 0.06722071219500605, 0.07685554868198217, 0.08798611463579897, 0.10080705621206101, 0.11552036859642698, 0.13232853481462137, 0.15142501226350302, 0.17298174755152512, 0.19713359087591356, 0.22395972961110652, 0.25346265567614445]
4.364768035073531	4.177087617882141	[0.28603265686872736, 0.3202813814748675, 0.35648856970688003, 0.3941375781570584, 0.4325486352138716, 0.47088145642280166, 0.5081506674824919, 0.5432557072707159, 0.5750256144437275, 0.6022774314131207, 0.6238850801873771, 0.6388537088940887, 0.6463930071593976, 0.645982137282698, 0.637418995387374, 0.620847609296626, 0.5967595611521073, 0.5659681398933873, 0.5295570938442017, 0.48880886722403505, 0.4451195890444179, 0.39990945104234943, 0.35453726901636984, 0.31022698834035856, 0.2680119017430109, 0.22869977790116797, 0.19285939847989914, 0.16082659087180148, 0.13272603503659736, 0.1085040872458703, 0.08796760672285742, 0.07082418301272064, 0.05672003567458937, 0.04527297470176841, 0.036098951280352426, 0.02883174378822691, 0.023136106273002773, 0.01871523104130648, 0.015313645879060155, 0.012716735470518185, 0.01074799342322094, 0.009264946111247443, 0.008154481333133665, 0.007328111691732052, 0.006717517095098666, 0.006270565250447913, 0.00594789571997508, 0.00572007949329503, 0.005565316226211346, 0.005467608275247148, 0.0054153384887917965, 0.005400181091637885, 0.005416278848976342, 0.005459630546489993, 0.0055276404426891565, 0.005618792499664518, 0.0057324185764293205, 0.005868538549003242, 0.006027754313713606, 0.006211185900315882, 0.006420439889693424, 0.006657604748137043, 0.006925268322868902, 0.007226556015179428, 0.007565188030628604, 0.007945556771388997, 0.008372824968284944, 0.008853047572955313, 0.009393319853693493, 0.010001956547887969, 0.010688706359676116, 0.011465008608981142, 0.012344298295339022, 0.013342368463253644, 0.014477798083926954, 0.015772456191158475, 0.017252091776918037, 0.018947020799241304, 0.0208929189336188, 0.023131728658815954, 0.025712683318921955, 0.02869344669197482, 0.03214135454993257, 0.036134733121605825, 0.0407642471944603, 0.04613420728658226, 0.05236372873469674, 0.05958759714693991, 0.0679566421383446, 0.0776373698215641, 0.08881054349926325, 0.101668352920496, 0.11640976864550288, 0.13323366958271593, 0.15232935683613014, 0.17386416315488126, 0.1979680331359691, 0.22471522082394776, 0.25410361338292475]
4.341674024305946	4.208689246572311	[0.2865120035883727, 0.32056271974510253, 0.35652957156684956, 0.3938978922977655, 0.4319928370266256, 0.46998231042536326, 0.5068924485834437, 0.5416372547942028, 0.5730627445351605, 0.6000043315076827, 0.6213543589458723, 0.6361348863231711, 0.6435693902938636, 0.6431462240306995, 0.6346667500846497, 0.6182721290645165, 0.5944447656572549, 0.5639831474028589, 0.5279518800841562, 0.4876116500083795, 0.4443361628549924, 0.39952444952440974, 0.35451709967809586, 0.3105240004951747, 0.2685692416625594, 0.22945636423393573, 0.19375451053152457, 0.16180368177744162, 0.13373553500096697, 0.10950511863350933, 0.08892867035010385, 0.07172297530619139, 0.05754261495986096, 0.0460125111177349, 0.036754279239064575, 0.029405896832044535, 0.023634965912629643, 0.01914637044037859, 0.01568540599537339, 0.013037536224368552, 0.011025859878721117, 0.009507215641827913, 0.008367653456819335, 0.007517802312402358, 0.006888484026107702, 0.00642677730823668, 0.006092624883933158, 0.005856000952009814, 0.005694606852061633, 0.005592037381703008, 0.005536348239228665, 0.005518955308034026, 0.005533800799054664, 0.005576730441806499, 0.005645034253388934, 0.005737113262176565, 0.005852241815613378, 0.005990402816383617, 0.006152178148771167, 0.006338681895162988, 0.006551526826618225, 0.006792818206929099, 0.007065170466404852, 0.007371744747128043, 0.007716306056521366, 0.008103300620495668, 0.008537954389153146, 0.00902639525917282, 0.00957580181918078, 0.010194583006161016, 0.010892593318445156, 0.01168138988719381, 0.01257453800224882, 0.01358797339572194, 0.014740429778018583, 0.01605394164896206, 0.01755443207657281, 0.019272395883515172, 0.021243686918858844, 0.023510416828204303, 0.02612196783634244, 0.029136116596435353, 0.03262025532613036, 0.036652683451085806, 0.0413239223115229, 0.04673798080372358, 0.05301346528539162, 0.060284387569730154, 0.06870047519522661, 0.07842673615053351, 0.08964197323190555, 0.10253589421671004, 0.11730442528278665, 0.13414282686131437, 0.15323624127525493, 0.17474739637329417, 0.19880135793853157, 0.2254674893003783, 0.2547391355460261]
4.3185800135383605	4.2407399340079355	[0.2869834538830757, 0.3208339600658691, 0.35655843411341887, 0.3936442782910148, 0.4314216517779637, 0.4690667012339325, 0.5056170913224203, 0.5400013687504418, 0.5710824642693384, 0.5977140677026249, 0.6188068261610195, 0.633399589322641, 0.6407295154410575, 0.640294079150622, 0.631898090555188, 0.6156798826194159, 0.592112777598752, 0.5619805998301614, 0.5263289725877001, 0.48639698052997216, 0.4435360323283546, 0.39912407302452463, 0.3544834765859613, 0.31081001507055345, 0.26911845857294037, 0.23020796029459634, 0.19464784083330564, 0.1627820930095576, 0.13474918936970295, 0.11051274436302018, 0.08989829230387013, 0.072631777867489, 0.05837615058616039, 0.04676348406218683, 0.037421122186609784, 0.02999131893204961, 0.02414460586316185, 0.019587636355076453, 0.016066543023459456, 0.01336692567975564, 0.01131153286461884, 0.009756547544564039, 0.008587203007327961, 0.007713256431490818, 0.007064676497441106, 0.00658775248039613, 0.006241726615297985, 0.005995970364797503, 0.0058276800204042755, 0.005720035628702699, 0.005660759010638775, 0.005641001349466816, 0.005654498861273768, 0.005696939376419501, 0.0057654947776460295, 0.005858479813035235, 0.005975108786774129, 0.006115325501000124, 0.0062796903480043, 0.006469310243802111, 0.0066858034328281845, 0.006931291405193713, 0.007208414995698927, 0.007520370968450419, 0.007870969326758641, 0.008264710307798717, 0.008706883518871809, 0.00920369017211402, 0.009762392737230912, 0.010391494771985138, 0.011100957105289634, 0.011902454973896135, 0.012809684256352613, 0.013838723272157136, 0.01500846020195184, 0.016341094104929038, 0.017862720786218277, 0.019604011605264576, 0.02160099544410103, 0.023895948502199203, 0.026538395955306812, 0.02958621932757233, 0.033106857379590265, 0.0371785701258684, 0.04189172044290983, 0.04734999744896486, 0.05367147783517072, 0.06098937596946804, 0.06945229190945648, 0.07922370853702185, 0.09048044171606034, 0.10340969244052782, 0.11820432254564593, 0.13505596079620483, 0.15414558834679243, 0.17563133865721894, 0.19963342578326043, 0.2262163666807873, 0.25536902726844024]
4.295486002770775	4.273248545165266	[0.2874467840093188, 0.32109485931032117, 0.3565748997087337, 0.393376467773073, 0.430834804737823, 0.4681343504876363, 0.5043243165731859, 0.5383477703903692, 0.5690844965484092, 0.5954063644769435, 0.6162422082334617, 0.630647545716291, 0.637873111921156, 0.63742543292367, 0.629112747871472, 0.613070601026751, 0.5897633273415424, 0.5599602257298083, 0.5246880973229129, 0.4851645818030298, 0.44271891828405524, 0.39870804243319075, 0.35443612475034053, 0.31108476720856704, 0.2696593051819439, 0.2309543449566511, 0.1955392029179541, 0.16376168073854996, 0.13576690294597132, 0.11152692186941354, 0.09087648354873538, 0.07355065371018733, 0.059220753199204286, 0.04752604581918734, 0.03809966624296089, 0.03058822203940109, 0.024665255432154025, 0.020039267981943228, 0.01645729904887409, 0.013705143452177087, 0.011605244972140017, 0.010013164527954288, 0.008813340631405008, 0.007914671854382934, 0.0072462790390667945, 0.006753662587087928, 0.0063953605978290615, 0.0061401365060685465, 0.0059646745891792875, 0.0058517333682461745, 0.00578869369486928, 0.005766435977858104, 0.00577848458805486, 0.005820364836665739, 0.005889126175037364, 0.005982993926928667, 0.006101119446058561, 0.006243405508273475, 0.006410389192287767, 0.006603169236207203, 0.006823368329485093, 0.007073123832160625, 0.007355102515697325, 0.007672536868795484, 0.008029281808625192, 0.008429891997732641, 0.008879720865984207, 0.0093850435417793, 0.009953206657305397, 0.010592809044722646, 0.01131391810235907, 0.01212832769888615, 0.013049864271020513, 0.014094748853317005, 0.015282023451981241, 0.016634050998020712, 0.01817709825484865, 0.019942010996223836, 0.02196498947451673, 0.02428847001908201, 0.026962114207904675, 0.030043900609035907, 0.03360130390231786, 0.03771253226781115, 0.042467774293582526, 0.0479703814007215, 0.0543378790762031, 0.06170266096024644, 0.0702121734160268, 0.08002834784510714, 0.09132598609594443, 0.10428975853768248, 0.1191094423022447, 0.13597302270638637, 0.15505731723931684, 0.17651587728620569, 0.20046409233668264, 0.22696167929615493, 0.255993087812536]
4.27239199200319	4.306224160996059	[0.2879017635164403, 0.3213451678205314, 0.3565787033920733, 0.3930941853461199, 0.43023201347221157, 0.46718497247273216, 0.5030138372919479, 0.5366761734172018, 0.5670685562609253, 0.5930809386565234, 0.6136602235462685, 0.627878475644606, 0.6349999011108615, 0.63454000798353, 0.6263104453002054, 0.6104440077935538, 0.5873961376263688, 0.5579217462200083, 0.5230289728304983, 0.48391416953115474, 0.4418845342963978, 0.39827607144438903, 0.3543747621171722, 0.3113479850191951, 0.2701915274342148, 0.23169529046486295, 0.19642840422058683, 0.16474229542050386, 0.13678857572495903, 0.11254760449941512, 0.09186325225282307, 0.07447966406153103, 0.06007653320232464, 0.048300349552781854, 0.03879009997163992, 0.03119682155145564, 0.025197148723118512, 0.02050151001037477, 0.016857922637909757, 0.014052435949660238, 0.011907236179153027, 0.010277296641946009, 0.009046284578418108, 0.008122253682233517, 0.00743348351023444, 0.006924686323030449, 0.0065536933018086364, 0.006288654431731766, 0.006105735570401752, 0.005987266617829217, 0.0059202807341776536, 0.005895381069784492, 0.00590587456962105, 0.005947118977391631, 0.006016037243502232, 0.006110761713755648, 0.006230378100218033, 0.006374745849889068, 0.0065443771243758045, 0.006740361128797906, 0.006964324193708638, 0.007218418876299638, 0.007505337648094372, 0.007828348526926673, 0.008191351498893393, 0.008598955776576954, 0.009056579019504294, 0.00957057058194066, 0.010148361784860154, 0.010798647084225387, 0.011531600932694131, 0.01235913602721841, 0.013295209576469468, 0.014356185087212167, 0.015561257985057142, 0.016932953957184076, 0.018497709174433562, 0.02028654119831131, 0.022335818202551073, 0.024688131624990884, 0.027393273097384353, 0.030509309702952403, 0.03410374161607797, 0.03825471195715664, 0.043052219431523785, 0.04859925897161031, 0.05501278364759154, 0.062424342211930904, 0.07098020163719691, 0.08084071468877603, 0.09217864294738913, 0.10517610174310647, 0.12001976439365072, 0.13689396069931836, 0.15597134367876922, 0.17740089492334518, 0.2012932085203956, 0.22770324767273795, 0.2566111106621821]
4.249297981235604	4.339676084506745	[0.28834815525897617, 0.3215846288736233, 0.35656957286392826, 0.3927971480278008, 0.4296129877968838, 0.4662182735699723, 0.5016853584380213, 0.5349862834450865, 0.5650343501673859, 0.5907374988959572, 0.6110605823145242, 0.625092091079478, 0.6321095962579469, 0.6316375188712282, 0.623490898084532, 0.607799818468198, 0.585010923323917, 0.5558648746297306, 0.5213513099551069, 0.4826454518020241, 0.44103258640867754, 0.39782786629717015, 0.35429909926984865, 0.31159938936596754, 0.2707148642064316, 0.23243056226286296, 0.19731524577483478, 0.16572378166831075, 0.13781410260372287, 0.11357474143408602, 0.09285860353093114, 0.07541886835082309, 0.060943600556563726, 0.04908654937699813, 0.03949261425792732, 0.031817336473429964, 0.025740524603096206, 0.020974612874363505, 0.017268668891982888, 0.014409056700328174, 0.012217753976464988, 0.010549181658238087, 0.0092862608766504, 0.008336214719326267, 0.007626489303106247, 0.0071010096692485725, 0.00671689819623356, 0.006441685878903758, 0.006251014338076126, 0.006126777438598257, 0.00605565431785063, 0.006027963969440484, 0.006036790616809885, 0.006077318950223035, 0.00614634158872178, 0.006241893925128808, 0.0063629935644103, 0.006509453932571017, 0.006681760897469093, 0.006880992419767865, 0.007108777900126257, 0.007367284091238799, 0.007659229167622309, 0.007987916170772623, 0.008357290555976461, 0.008772015909581737, 0.009237574777327477, 0.009760390746637792, 0.010347980605590591, 0.011009134468300577, 0.011754134578939953, 0.01259501231844892, 0.013545856130486653, 0.014623171370075355, 0.015846306717846793, 0.01723794906301088, 0.018824702662124937, 0.020637753723848865, 0.022713635106702955, 0.0250950877294181, 0.027832027125442124, 0.030982599656332467, 0.034614320758977205, 0.03880525446467109, 0.04364519422387975, 0.0492367588208363, 0.055696308011836296, 0.06315452063773348, 0.07175645909184683, 0.08166086959083776, 0.09303844801584588, 0.10606872970915193, 0.12093526630053524, 0.1378187197683301, 0.15688757952860596, 0.17828626968310296, 0.2021206200537117, 0.22844088657183614, 0.2572228830201185]
4.226203970468019	4.3736138470279355	[0.288785715760855, 0.3218129777698017, 0.35654722881431017, 0.39248506433286134, 0.4289774300573067, 0.465233951355444, 0.5003385771926722, 0.5332777971431432, 0.5629815770467679, 0.5883757448865926, 0.6084429866514443, 0.622288095112606, 0.6292019024628804, 0.6287176714150673, 0.6206538133414097, 0.605137740117987, 0.5826073912522282, 0.5537893160754811, 0.5196548115902595, 0.48135812876131495, 0.4401627728148866, 0.3973631255410315, 0.3542088390584619, 0.31183869371582573, 0.2712290468948868, 0.2331599189202411, 0.19819952177209088, 0.1667059782518834, 0.1388433729307576, 0.11460827776449091, 0.09386253900995914, 0.0763683243693902, 0.06182206439176426, 0.04988480061093954, 0.040207401992799874, 0.03244998977411407, 0.026295626476234648, 0.021458833203086378, 0.017689799312928193, 0.014775266879775192, 0.01253705331330747, 0.01082906564789864, 0.00953350333913417, 0.008556776072292573, 0.007825503387179173, 0.00728282648893528, 0.006885155813055174, 0.006599399840485437, 0.006400668698817503, 0.00627041447844914, 0.0061949544512265075, 0.006164317996685857, 0.0061713598248197945, 0.006211087377721358, 0.00628015768168705, 0.006376506398663692, 0.006499079214105945, 0.006647641977925344, 0.006822651622419648, 0.007025174250320663, 0.007256840564170307, 0.007519831584081657, 0.007816890041725293, 0.008151354558078278, 0.00852721533556204, 0.008949191218643184, 0.009422829176567598, 0.009954628108949076, 0.010552189908247505, 0.011224401476011498, 0.011981652395321576, 0.012836093717249749, 0.0138019443149763, 0.014895851946325889, 0.016137317001782683, 0.017549187258219738, 0.019158232206069395, 0.020995804876748722, 0.02309859785863489, 0.0255094973362307, 0.028278534649556764, 0.031463927740000945, 0.03513319488076974, 0.039364308695647054, 0.04424683955764776, 0.04988301239984368, 0.05638857008927896, 0.0638932988379639, 0.07254102843469949, 0.08248887342156136, 0.09390543565585642, 0.1069676489364492, 0.1218559224843181, 0.13874724221330842, 0.15780593204076906, 0.179171875538859, 0.20294616662910198, 0.22917440537942269, 0.25782818492786763]
4.203109959700433	4.40804721468042	[0.28921419327227016, 0.32202994319319356, 0.3565113829709568, 0.39215763556280914, 0.4283250332256509, 0.4642316957746986, 0.4989731811612812, 0.5315504032522443, 0.5609099260545966, 0.5859953681813109, 0.6058071291235199, 0.6194661825641298, 0.6262765154599889, 0.6257801631111317, 0.6177988890846083, 0.6024574714814118, 0.5801852394449251, 0.5516947673954495, 0.5179391721848372, 0.48005189234625417, 0.43927478358978894, 0.39688153959171524, 0.3541036765329608, 0.31206560354211443, 0.2717337995291419, 0.23388311141033918, 0.199081019833815, 0.16768871728281842, 0.13987627092002788, 0.11564815362183327, 0.09487505737499671, 0.07732808739075701, 0.06271203368044091, 0.050695258934194284, 0.04093465886971386, 0.03309500761391441, 0.02686270319118826, 0.02195443314401574, 0.018121582797791577, 0.015151334734454283, 0.012865397647141407, 0.011117202496165721, 0.009788254632637782, 0.008784166739614645, 0.008030741364715079, 0.007470338173284152, 0.007058654764120042, 0.006761972251410815, 0.006554863855023322, 0.006418332686878965, 0.006338327858868057, 0.0063045821825966535, 0.006309715417230133, 0.006348552104564866, 0.006417609649168568, 0.006514719821329839, 0.006638753730342953, 0.006789426795106954, 0.006967165477365203, 0.007173022183720742, 0.0074086282260206375, 0.007676177797406835, 0.00797843809857447, 0.008318782757150004, 0.008701247052090265, 0.009130604856630878, 0.009612468157478809, 0.01015341112259356, 0.010761121459615438, 0.011444582828855902, 0.012214292801959884, 0.013082521864769473, 0.014063619657598739, 0.015174375578737923, 0.016434441379726467, 0.017866823963024688, 0.019498456464466508, 0.02136085529708541, 0.023490869171524993, 0.025931523499133538, 0.028732958786890604, 0.03195345479479159, 0.03566052180772156, 0.03993202640585924, 0.04485729986984557, 0.05053815301796786, 0.05708969035655661, 0.06464077999863374, 0.07333399362421429, 0.08332478611973451, 0.09477964006693113, 0.10787286331616021, 0.12278170568570813, 0.13967946601454787, 0.15872630520598424, 0.18005758055166418, 0.20376968329590614, 0.22990360622568976, 0.25842679065580165]
4.180015948932848	4.442986195045109	[0.2896333291671936, 0.3222352452079489, 0.35646173944533205, 0.3918145538212915, 0.42765548215105803, 0.4632111872365077, 0.4975888494836932, 0.5298037808127353, 0.5588190776541292, 0.5835960506037239, 0.6031526934722921, 0.6166260386092816, 0.6233331221111907, 0.6228246819900486, 0.6149258144842227, 0.5997587020845682, 0.5777441571819782, 0.5495809165135747, 0.5162040775599431, 0.4787264258864163, 0.4383683003130724, 0.3963827905507687, 0.3539832983997474, 0.3122798163412098, 0.2722288380880127, 0.23459988330081852, 0.19995952021701208, 0.1686718245585132, 0.14091267478159689, 0.11669430466130942, 0.09589615346771868, 0.078298210787617, 0.06361361635070205, 0.05151808113337626, 0.04167458255556871, 0.03375262021339205, 0.027442008301759448, 0.022461681335985525, 0.01856429500360851, 0.015537536630772121, 0.0132030584102556, 0.011413854992020406, 0.01005076583206256, 0.009018624705688134, 0.00824242709392287, 0.0076637547096863, 0.007237591414670885, 0.006929587009778787, 0.0067137721138336255, 0.006570694277670711, 0.0064859277184710785, 0.006448902170768953, 0.006451996497996361, 0.006489847040718923, 0.00655882703934749, 0.006656660521634476, 0.006782140875764461, 0.006934930531233749, 0.0071154234912670375, 0.007324656923973636, 0.007564261638467715, 0.007836444206329394, 0.00814399581544555, 0.008490324832124406, 0.00887951156295201, 0.009316384990264336, 0.009806622337684173, 0.010356873311373761, 0.010974911761655633, 0.011669818395348107, 0.012452199016231447, 0.013334443626609516, 0.014331032526761057, 0.015458896307754695, 0.01673783723180991, 0.018191019873377078, 0.019845538847041135, 0.021733070805407633, 0.02389061629947301, 0.026361334218605037, 0.029195466811724843, 0.03245134618689905, 0.03619646291672086, 0.04050856322015929, 0.04547672227690366, 0.05120231692789731, 0.0577997908119771, 0.06539706904585717, 0.07413543870952168, 0.08416866791591758, 0.09566109389558919, 0.1087843754188123, 0.12371258534621686, 0.14061532617916458, 0.15964859801187317, 0.18094324825960997, 0.20459099858543459, 0.23062828539443425, 0.25901846673774437]
4.1569219381652625	4.478441044043164	[0.290042856806228, 0.32242859575019445, 0.3563979935729113, 0.3914555024549342, 0.4269684524101603, 0.4621720969847131, 0.49618525172698463, 0.5280375994504378, 0.5567087025803632, 0.5811774644347929, 0.6004793536736146, 0.6137673388570395, 0.6203713995781771, 0.6198509065848461, 0.6120342691625908, 0.5970411121009574, 0.5752838244136721, 0.5474474421988211, 0.5144492044597597, 0.4773814037733314, 0.43744299574166834, 0.3958665517985372, 0.35384738280682815, 0.31248102116256976, 0.27271387038764644, 0.23530997023614256, 0.20083479579667127, 0.1696551190163815, 0.14195245679501114, 0.1177466615140094, 0.09692581845468479, 0.07927874551391267, 0.0645269195588471, 0.052353424648449866, 0.042427373075988525, 0.034423061491176986, 0.028033800564655157, 0.02298085265206156, 0.01901821894443617, 0.015934156899912302, 0.013550315680993776, 0.011719294758764978, 0.010321297134425342, 0.009260396934213473, 0.008460793414740226, 0.007863294714758284, 0.007422170595770288, 0.007102436030475476, 0.006877573569347792, 0.006727668789894952, 0.006637914304284852, 0.006597430277966273, 0.0065983486541533794, 0.006635112218105534, 0.006703945386453004, 0.006802460521229652, 0.006929370026497092, 0.007084280718066645, 0.007267552049552537, 0.007480204358003869, 0.007723866753123772, 0.0080007573563059, 0.008313690792049772, 0.008666109875885319, 0.009062139834971096, 0.009506664826763508, 0.010005427477208105, 0.010565153287147392, 0.011193702519807733, 0.011900253196676218, 0.012695519528331424, 0.013592011081085285, 0.014604338617649091, 0.015749573415608144, 0.017047667274267788, 0.018521940892317422, 0.020199648028037025, 0.022112622290671766, 0.02429801156493577, 0.02679910227377073, 0.029666230696496907, 0.03295777156939186, 0.03674118368803389, 0.04109407830844114, 0.04610525713644583, 0.05187564290130716, 0.05851899554320356, 0.06616227210857076, 0.07494544840088177, 0.08502057867398187, 0.09654982880569128, 0.10970218571273872, 0.1246485281754898, 0.14155475384232333, 0.1605727050036193, 0.18182873667597285, 0.20540993505920455, 0.23134823223978032, 0.259602972497622]
4.133827927397677	4.514422273034399	[0.29044250134595057, 0.32260969813965285, 0.35631983168645637, 0.3910801555384238, 0.42626361004820523, 0.4611140865689984, 0.4947620475978778, 0.5262515188445964, 0.5545784615271456, 0.5787392718883478, 0.5977867736031369, 0.6108897488421805, 0.617391014970403, 0.6168585054468583, 0.6091239228294487, 0.5943043718969881, 0.5728039113880792, 0.5452940136445383, 0.512674220176757, 0.47601649107663685, 0.4364985334379532, 0.3953324876485138, 0.35369559897965447, 0.31266889830180844, 0.27318859572948984, 0.23601309967017917, 0.20170661173235638, 0.17063841251037207, 0.14299548300633522, 0.11880514961848442, 0.09796403957402235, 0.08026974000960697, 0.06545204951010239, 0.05320144757126529, 0.04319323273288387, 0.03510656917124009, 0.028638343966758722, 0.02351222841788238, 0.019483645126228723, 0.016341488154689617, 0.01390745840970199, 0.012033802645271301, 0.010600118150240253, 0.009509739804764389, 0.008686082477903164, 0.008069185888824793, 0.007612605946925771, 0.007280719696203871, 0.007046456441305471, 0.006889433521704548, 0.00679445531142325, 0.006750325903867412, 0.006748924261215825, 0.0067844941747564076, 0.0068531064967937375, 0.006952257895280567, 0.007080576440719219, 0.007237610612158092, 0.007423683148166937, 0.0076397958797641725, 0.007887574963063687, 0.008169249175287361, 0.008487655984500091, 0.008846272313840657, 0.009249268171762347, 0.009701582912104576, 0.010209024700437939, 0.010778395044554382, 0.011417640859769412, 0.012136037698927876, 0.012944408311956318, 0.013855381808904298, 0.014883699154616748, 0.01604657171216096, 0.017364099749872405, 0.01885975840929199, 0.020560958119398638, 0.022499685978825866, 0.024713232507648113, 0.027245005474509518, 0.03014542722783611, 0.033472905110723455, 0.0372948537785815, 0.041688734582498874, 0.046743058067413135, 0.052558272385825985, 0.059247430684423064, 0.06693649662822734, 0.07576410795606685, 0.08588057794813232, 0.09744587528956021, 0.1106262925659137, 0.12558949788703377, 0.14249767621456733, 0.161498515948751, 0.18271389818544187, 0.2062263089111729, 0.23206322903631083, 0.2601800596002128]
4.110733916630092	4.550940656141447	[0.29083197939367894, 0.32277824670751204, 0.35622693073430206, 0.3906881774703486, 0.42554061116935044, 0.4600368074171837, 0.4933188865130212, 0.5244451882846247, 0.5524280047049903, 0.5762811246598137, 0.5950746065887635, 0.6079929235729756, 0.6143916248987604, 0.6138471366987434, 0.6061944348427805, 0.5915481415959666, 0.5703040782243977, 0.5431202900483747, 0.5108787821421309, 0.4746313431440677, 0.43553456738117874, 0.39478025297085856, 0.3535276068566342, 0.31284311895030076, 0.27365270456268714, 0.23670899054519443, 0.2025747251621832, 0.17162150952615457, 0.14404161296370388, 0.1198696889856985, 0.09901079993005445, 0.08127124003608938, 0.06638911133525176, 0.054062308574611376, 0.04397236608463115, 0.03580338482313136, 0.02925590782066171, 0.024056096567613004, 0.01996087175448126, 0.016759831550186892, 0.014274784720616867, 0.012357669067865543, 0.010887508272466323, 0.009766919506739956, 0.008918546151590493, 0.008281665433851124, 0.0078091203348264766, 0.0074646472770510995, 0.007220617487272545, 0.007056173936717293, 0.006955726250356778, 0.0069077559165050895, 0.006903882855145351, 0.006938146316962066, 0.007006458797814825, 0.007106197112484962, 0.007235901587053634, 0.0073950595157677955, 0.0075839547047622325, 0.007803568695756368, 0.008055523400527, 0.008342057267480224, 0.00866602999291559, 0.00903095218904309, 0.009441038493967466, 0.009901283409854446, 0.010417560770870454, 0.010996748234999259, 0.011646879597645474, 0.012377328082591413, 0.01319902508961389, 0.01412471915732911, 0.01516928115010359, 0.01635006179150246, 0.01768730867743585, 0.019204649545417386, 0.020929648906217103, 0.022894443661311277, 0.025136462099671755, 0.027699226866081894, 0.03063323819326063, 0.033996925666902635, 0.03785764717106876, 0.04229269882620131, 0.047390282051850724, 0.053250349583603425, 0.05998522446151254, 0.06771985137726728, 0.07659150316142628, 0.08674872493523263, 0.09834926258052652, 0.1115566921296139, 0.12653545504173072, 0.143444016398314, 0.162425915615101, 0.1835985792986067, 0.20703992968684548, 0.2327730506792555, 0.2607494717200267]
4.087639905862506	4.588007237807365	[0.2912109985674424, 0.3229339264774681, 0.35611895780320396, 0.39027922261782294, 0.42479910143363425, 0.45893990045027483, 0.49185540708077496, 0.5226182462620296, 0.5502569713176171, 0.5738026635011955, 0.5923424948909369, 0.6050765070951989, 0.611372874967445, 0.6108164475933044, 0.6032454537189493, 0.5887720706374079, 0.5677839744469678, 0.540925920177678, 0.509062537488366, 0.4732256051783378, 0.4345507415621057, 0.3942094927854054, 0.3533430567181403, 0.3130033448084073, 0.2741058781493645, 0.23739735292980166, 0.20343888490811643, 0.1726042068519195, 0.14509069947169848, 0.12094019391768179, 0.100066078313443, 0.08228328846498494, 0.06733820899889562, 0.05493616679616899, 0.044764979963649656, 0.036513753860443705, 0.029886766903087444, 0.024612751763012582, 0.020450204989813363, 0.017189497013388948, 0.014652602265934489, 0.012691194327356464, 0.011183757100688184, 0.010032212414186935, 0.00915844648493178, 0.00850098045708456, 0.008011946329153643, 0.007654437339517015, 0.0074002624709094186, 0.007228084062556009, 0.007121910895642875, 0.007069895031667032, 0.007063391556239614, 0.007096229276506422, 0.0071641577366243865, 0.007264429370809247, 0.0073954935200983216, 0.007556773093776297, 0.0077485109149841485, 0.007971666126566582, 0.00822785527806688, 0.008519325202911375, 0.008848957391255356, 0.00922029544267548, 0.009637598660945334, 0.010105916374668348, 0.010631188406957176, 0.011220368434265177, 0.011881577551217663, 0.012624286504251523, 0.01345953563941622, 0.014400192494630986, 0.01546125770572749, 0.016660220276354703, 0.01801747414446772, 0.019556797383368255, 0.02130590612654794, 0.023297082904176345, 0.0255678890062223, 0.028161954909439738, 0.03112985061520741, 0.03453001692343985, 0.038429742372109776, 0.04290614178856312, 0.04804708958741839, 0.05395202148500757, 0.060732507289676975, 0.06851244642426603, 0.07742772036712338, 0.0876250783649812, 0.09926001862118664, 0.11249337815116114, 0.1274863569482771, 0.1443936931252321, 0.1633547836063379, 0.18448262032024929, 0.20785060005974645, 0.23347746429309113, 0.26131094426616386]
4.064545895094921	4.625633340595648	[0.29157925762779546, 0.32307641223543015, 0.35599557019876704, 0.38985293436822105, 0.4240387160804845, 0.45782299514079894, 0.49037123706204977, 0.5207703195584652, 0.5480649894554995, 0.5713035173592623, 0.5895900695264402, 0.6021401316971134, 0.6083343995283605, 0.6077660737976143, 0.600276616820999, 0.585975797148263, 0.5652432386134756, 0.5387105418317971, 0.5072251226255259, 0.4717989117911476, 0.43354668951689523, 0.39361984190521954, 0.3531415886883795, 0.313149227814659, 0.2745477880452418, 0.23807788782983924, 0.20429883094845766, 0.17358629347024032, 0.14614258807450525, 0.12201657298641347, 0.10112984872158196, 0.08330592535754773, 0.06829944488930219, 0.055823182035024545, 0.04557128316648458, 0.03723792586607391, 0.030531201265534776, 0.025182495846522535, 0.02095195888295264, 0.017630803807788715, 0.015041228272137958, 0.013034689256508022, 0.011489164574121838, 0.010305905781977303, 0.00940605589876268, 0.008727388683485245, 0.008221326424399957, 0.007850318449498975, 0.007585606394245649, 0.007405367167467465, 0.007293201515172284, 0.007236926454572038, 0.007227625288125161, 0.007258911515369558, 0.007326365986046987, 0.007427113167576987, 0.007559507073610266, 0.007722903914003202, 0.007917502434162818, 0.00814423812332856, 0.008404720060414112, 0.008701203016096802, 0.00903658889066439, 0.009414454400580282, 0.009839102626153139, 0.010315638231622168, 0.010850066429058763, 0.011449417618702976, 0.012121899676786412, 0.01287708157266965, 0.01372611191868955, 0.014681977687941685, 0.015759808117899548, 0.016977230298267303, 0.018354782388174628, 0.01991639144902461, 0.0216899215191484, 0.02370779752868549, 0.026007707589431987, 0.02863338395665969, 0.03163545669824448, 0.035072367859941826, 0.03901132228902134, 0.04352923863068332, 0.04871364447964157, 0.05466343829059477, 0.061489411468300635, 0.06931439352400118, 0.07827284607486414, 0.08850969685242371, 0.1001781695393068, 0.11343634228511539, 0.1284421570290128, 0.14534662102422274, 0.16428499362646207, 0.18536585557332985, 0.2086581150097638, 0.23417622941059088, 0.2618642034946828]
4.041451884327335	4.663830573240557	[0.29193644488220283, 0.3232053692684022, 0.3558564138301412, 0.389408945789261, 0.4232590783383839, 0.45668571006972636, 0.4888659918484078, 0.5189010236767793, 0.5458516746816232, 0.5687833036623898, 0.5868169489941567, 0.5991834180401711, 0.6052758205706263, 0.6046956393630345, 0.5972875494265448, 0.5831589477551615, 0.5626814975674008, 0.5364737815060541, 0.5053661626772353, 0.4703508865334172, 0.43252203394010647, 0.3930109243511877, 0.35292283251417583, 0.31328040946430125, 0.274978096030884, 0.2387502864325987, 0.20515429448888292, 0.174567549754118, 0.14719711725878806, 0.123098728215162, 0.10220208069306762, 0.08433918717229705, 0.06927292029058238, 0.05672351402910916, 0.04639148706981015, 0.03797615397639746, 0.031189496991930247, 0.025765637353816297, 0.021466456258003256, 0.018084080176750672, 0.015440990519204847, 0.013388474979806417, 0.011804042008868441, 0.010588297597386947, 0.009661658242413712, 0.008961158371889549, 0.008437514083564046, 0.008052529128877012, 0.00777687450513529, 0.007588235739047888, 0.0074697998283367335, 0.00740904186866407, 0.007396767682252128, 0.00742636931758274, 0.00749325429740564, 0.007594414290787588, 0.007728104667552455, 0.007893611436252468, 0.008091087146735404, 0.008321441253427654, 0.008586274205199047, 0.008887847187190994, 0.009229082060408407, 0.009613587747966681, 0.010045711146733608, 0.010530611741558484, 0.011074360465410271, 0.011684064116983873, 0.012368017778398153, 0.013135888281134081, 0.01399893278242214, 0.014970257008536736, 0.016065118610405885, 0.017301281366053693, 0.01869942654592232, 0.020283627530927488, 0.02208189359425179, 0.02412678736720544, 0.02645611870041794, 0.029113713926361952, 0.03215025464189513, 0.03562417232640722, 0.03960257506140292, 0.04416216838360278, 0.04939011468901139, 0.055384752732285186, 0.06225607203946147, 0.07012580528708928, 0.07912696780322648, 0.08940263790720814, 0.10110374051502313, 0.11438557294178121, 0.12940280568335483, 0.14630270931899345, 0.16521641433215717, 0.18624811196609675, 0.2094622626540051, 0.23486909643965234, 0.2624089673031973]
4.01835787355975	4.702610838957677	[0.2922822390395264, 0.32332045161890044, 0.3557011239928313, 0.388946877887459, 0.42245980010937684, 0.4555276512371942, 0.4873392750218693, 0.5170099612492783, 0.5436166304436054, 0.5662416268655102, 0.5840227395225495, 0.5962059738711883, 0.6021967477941351, 0.6016047556253571, 0.5942778646263638, 0.5803211366835213, 0.5600983661683111, 0.5342152536922466, 0.5034852710558384, 0.4688811413927401, 0.4314763861222725, 0.39238235303626035, 0.3526864068857796, 0.3133965206669319, 0.27539645333814, 0.2394142301230815, 0.20600499712006237, 0.17554774762964695, 0.14825411757416215, 0.12418655538195719, 0.10328273843078502, 0.08538310721152763, 0.07025873455399004, 0.05763732305091723, 0.04722580489385829, 0.03872869562837353, 0.03186194558663151, 0.026362492402794584, 0.021994028238936727, 0.0185496643501595, 0.015852226999960195, 0.013752884001748808, 0.012128711869782823, 0.010879697709246692, 0.00992554865069117, 0.009202569447071722, 0.008660773652923927, 0.00826131896077165, 0.007974302247165057, 0.007776912543449719, 0.007651916974769363, 0.007586442439523719, 0.007571011055100279, 0.00759878773658878, 0.007665001480293913, 0.007766506714181054, 0.007901456287318778, 0.008069062862611455, 0.008269430143158904, 0.00850343951514037, 0.008772681136081926, 0.009079421430514881, 0.00942660129533691, 0.009817861301135898, 0.010257591742540111, 0.010751006764706895, 0.011304242898707519, 0.011924483373507237, 0.012620110436468044, 0.01340088877762638, 0.014278183886575181, 0.015265219914720178, 0.01637738220295366, 0.017632570166212048, 0.019051606477173078, 0.020658708501772257, 0.022482027394479215, 0.02455425910787608, 0.026913329362194913, 0.029603151172123008, 0.03267444822638782, 0.03618562993438834, 0.0402036935292424, 0.044805114859797865, 0.05007667166115739, 0.05611612100163697, 0.06303262596224822, 0.07094679612071864, 0.07999017309324227, 0.09030395888192783, 0.10203675461262915, 0.11534105623763827, 0.13036824895084748, 0.1472618627736144, 0.16614890784350383, 0.18712920992301713, 0.2102628226327107, 0.23555580756558891, 0.262944943529048]
3.995263862792165	4.741986344023369	[0.29261630807193467, 0.32342130226576576, 0.35552932419517463, 0.38846633972307393, 0.42164048079125793, 0.454348412103219, 0.48579067720306307, 0.51509672199654, 0.5413594469753624, 0.5636780783215429, 0.5812070340481479, 0.5932073938041934, 0.5990967776828282, 0.5984930208986066, 0.5912471625047572, 0.5774619653686195, 0.5574934465862963, 0.5319345604156049, 0.5015820488733078, 0.46738927626728355, 0.43040934547626136, 0.3917337291892076, 0.3524319190745666, 0.3134971811334466, 0.2758025003938212, 0.24006938984902482, 0.20685065066317587, 0.17652664993809922, 0.1493134115814744, 0.1252799434049905, 0.1043717808618442, 0.08643771506411646, 0.07125698528494515, 0.05856476944492926, 0.048074452031889564, 0.039495812222889906, 0.03254884445270542, 0.02697338449930706, 0.02253501486766316, 0.01902790448988034, 0.016275286653079382, 0.014128260272487387, 0.012463508582875727, 0.011180427984103557, 0.010198034397324213, 0.009451913714577771, 0.008891381222449169, 0.008476948835169801, 0.008178136101514468, 0.007971630881012068, 0.007839774321881123, 0.007769339067228718, 0.007750557174297951, 0.007776360837316803, 0.00784179512671317, 0.007943572826383772, 0.008079740169556227, 0.008249433353577385, 0.008452704373383265, 0.008690404541767569, 0.008964111870743079, 0.009276096887834298, 0.00962931842524708, 0.010027448190498753, 0.010474919293175207, 0.010977000433060092, 0.011539893456246843, 0.012170858108469471, 0.012878363595367657, 0.013672272509363715, 0.014564058276223684, 0.015567063175794205, 0.016696799301555154, 0.0179713006591931, 0.01941152935622411, 0.021041844377538824, 0.022890535088300048, 0.02499042630474881, 0.027379553360389094, 0.030101908429461855, 0.03320824739536749, 0.03675694592483477, 0.0408148758008657, 0.045458266425031854, 0.0507734908723471, 0.05685770240952761, 0.0638192126280332, 0.07177748176267475, 0.08086254998653002, 0.09121371637193935, 0.10297723321629422, 0.11630277525932972, 0.13133842890107233, 0.1482239808272088, 0.16708233008602744, 0.1880089624049306, 0.21105956640150353, 0.23623609567861711, 0.2634718301885324]
3.97216985202458	4.781969606633503	[0.29293830864438153, 0.3235075526820872, 0.3553406255388961, 0.38796692791887, 0.4208007066236343, 0.4531475730573444, 0.484219775376608, 0.5131608821675303, 0.5390797006146891, 0.5610922357010663, 0.5783694115369019, 0.5901872587281405, 0.5959754928399182, 0.5953600198787303, 0.5881950294972578, 0.5745810218627285, 0.5548663276895611, 0.5296312906525579, 0.4996560843651766, 0.4658748784010778, 0.4293204990029194, 0.39106464181359185, 0.3521589644447046, 0.3135819988644597, 0.2761958663810939, 0.24071542564514362, 0.20769095678631677, 0.17750401000597005, 0.1503748135348702, 0.12637877397566552, 0.10546916140406241, 0.08750303632685989, 0.072267768219273, 0.05950601346617213, 0.04893764606121297, 0.0402777691043065, 0.03325049705298824, 0.027598644667346073, 0.023089765413648548, 0.019519158961885975, 0.016710529802056732, 0.014514959576964004, 0.01280877907167358, 0.011490822778126948, 0.010479435491970676, 0.009709495379964083, 0.009129625249388516, 0.0086996914851508, 0.008388634210493448, 0.00817263511740982, 0.008033604070761435, 0.007957952898996786, 0.007935617837601949, 0.007959292184101832, 0.008023832160211119, 0.008125803892995841, 0.008263143322716788, 0.008434906466273854, 0.008641091142356309, 0.008882516019393077, 0.009160745495764289, 0.009478052529388917, 0.009837413173511346, 0.01024252924818366, 0.010697876484087715, 0.011208777526984263, 0.01178149964619017, 0.012423378684700694, 0.013142970991263886, 0.013950236579637764, 0.01485675680485078, 0.01587599121700132, 0.0170235781074129, 0.018317684408638492, 0.01977941006684163, 0.021433252625105478, 0.02330763634442332, 0.025435509655626406, 0.027855011589183788, 0.030610205053595733, 0.03375186856314919, 0.03733833135366337, 0.04143632550970914, 0.046121816118619416, 0.05148075202336394, 0.05760965942820461, 0.06461597397974471, 0.07261797923407352, 0.08174418706051965, 0.09213196607117571, 0.10392519597552961, 0.11727070981983562, 0.13231328348829752, 0.14918895725326192, 0.16801653055815413, 0.18888717447935388, 0.21185225691904347, 0.236909683866832, 0.2639893150944365]
3.949075841256995	4.822573466051629	[0.29324788610347224, 0.3235788217773056, 0.3551346266407406, 0.38744822557361847, 0.41994005054092043, 0.451924700330774, 0.4826261326739131, 0.5112020034760201, 0.5367769535151453, 0.558483661975779, 0.5755094366261133, 0.5871451348562278, 0.592832461562976, 0.59220532277309, 0.5851210379043451, 0.5716778800546998, 0.5522165845044804, 0.5273050196464126, 0.49770695230652645, 0.46433752179868026, 0.42820942067390466, 0.3903746672017013, 0.35186712581455587, 0.3136505697619219, 0.2765761685917732, 0.24135198634056948, 0.2085256063625128, 0.17847957144950702, 0.15143812876619314, 0.12748292146841408, 0.10657482740575615, 0.08857909263591891, 0.07329117675402658, 0.060461215453704586, 0.04981560640008438, 0.04107483589184701, 0.03396721271756948, 0.028238611940831125, 0.02365863833838247, 0.020023796973237695, 0.01715832826346442, 0.014913350286387145, 0.013164882981214144, 0.011811229763885506, 0.010770084985100119, 0.009975631911470446, 0.009375806910209877, 0.008929832352315405, 0.00860606674893685, 0.008380181528228631, 0.00823364962769826, 0.00815251613912936, 0.008126415233079913, 0.008147795610469792, 0.008211319179406866, 0.008313400786613688, 0.008451861852681654, 0.008625674848765155, 0.008834780418740428, 0.009079962351384892, 0.009362769460273953, 0.009685475795032534, 0.010051073437371386, 0.010463293631993, 0.01092665407449129, 0.011446531087379856, 0.012029257012913555, 0.012682243712301118, 0.013414134393207483, 0.014234986347842172, 0.015156488357707368, 0.016192216716278914, 0.017357934817020464, 0.018671941174404908, 0.020155471371270484, 0.021833158749089216, 0.023733558459401255, 0.02588973757812913, 0.028339932124722852, 0.031128267578003556, 0.0343055346189454, 0.03793000362419199, 0.04206825173295411, 0.04679596214978006, 0.05219863885596878, 0.0583721581412137, 0.06542305421121372, 0.07346840723332988, 0.08263517299952233, 0.09305876310264771, 0.10488066024269078, 0.11824483672087358, 0.13329274585750453, 0.15015668035227514, 0.1689513515157097, 0.18976364344396718, 0.21264064772707184, 0.23757628547194037, 0.26449707485414553]
3.92598183048941	4.863811092057325	[0.2935446734481377, 0.3236347157816544, 0.3549109125563206, 0.38690980207731585, 0.4190580710767757, 0.4506793457426742, 0.4810092972847483, 0.5092196327784901, 0.5344507525890766, 0.5558519050295073, 0.5726266586197891, 0.5840805732730755, 0.5896672369082571, 0.58902848478883, 0.5820247450369687, 0.5687520991066181, 0.5495437774505539, 0.5249553083014435, 0.49573421334134354, 0.4627767665873416, 0.42707567085782305, 0.3896633682765568, 0.3515559729796159, 0.31370247696300907, 0.2769430120450727, 0.24197870889781892, 0.20935427918448912, 0.17945306753585535, 0.15250315350113025, 0.12859225234855026, 0.10768872007685996, 0.08966590115427146, 0.07432730201420193, 0.06143053543442071, 0.05070855453090668, 0.041887286231139534, 0.03469930703503987, 0.028893633279249646, 0.024242001849523243, 0.020542198648063583, 0.01761906604076677, 0.015323813572303911, 0.013532193475094137, 0.012142010248667052, 0.011070329826865033, 0.010250654425698625, 0.009630240982869503, 0.009167670006884059, 0.008830716799676305, 0.008594538728364484, 0.008440166452820187, 0.008353272471267938, 0.008323182750396127, 0.008342095625325867, 0.008404473228847683, 0.008506574373516323, 0.00864610169515794, 0.008821940607213412, 0.009033971533716134, 0.009282941007681103, 0.009570380247292195, 0.009898562927739366, 0.010270495938112068, 0.010689939144808737, 0.011161451532094501, 0.011690462721685339, 0.012283369761017033, 0.01294766034055382, 0.013692064219841883, 0.01452673570488556, 0.015463470463077686, 0.016515960858760077, 0.017700094228048326, 0.019034299139464455, 0.02053994450876208, 0.022241796481953305, 0.024168536944606838, 0.02635334635120403, 0.028834550794064964, 0.03165632979305626, 0.0348694754691863, 0.038532186486660146, 0.04271086949691269, 0.047480907800899974, 0.05292733961019038, 0.05914536803393137, 0.066240600165531, 0.07432888580021851, 0.08353559692499109, 0.09399416154722703, 0.10584364132882747, 0.11922512914441762, 0.1342767445229455, 0.15112703221187562, 0.1698866280734297, 0.19063815796884404, 0.21342448297710068, 0.23823560313353415, 0.26499477482421324]
3.902887819721825	4.905695994705886	[0.2938282909005248, 0.32367482746389814, 0.3546690542854818, 0.3863512122805477, 0.4181543118141444, 0.4494110458403241, 0.4793688018617101, 0.5072133012032549, 0.5321006288758967, 0.5531964967929045, 0.5697206108298092, 0.5809931090894916, 0.5864793560136078, 0.585829045319762, 0.5789056925299593, 0.5658032226825619, 0.5468474516531439, 0.5225817024613065, 0.4937374133035007, 0.4611921583513956, 0.4259187956581417, 0.3889302939869157, 0.3512250620760013, 0.3137372902995579, 0.2772959888849966, 0.24259521794090613, 0.21017664340640824, 0.18042422078763476, 0.15356967436136695, 0.12970662486838147, 0.10881077407601189, 0.09076347438288178, 0.07537623255629664, 0.062414133077067425, 0.051616713851781015, 0.04271539791413789, 0.03544710187341155, 0.02956406386226013, 0.024840234094403012, 0.021074755486245145, 0.018093139673557343, 0.015746744001045518, 0.013911097708117156, 0.012483539865610793, 0.011380531423693824, 0.010534908434347925, 0.009893256449066266, 0.009413516914113873, 0.009062880970095756, 0.00881598843132022, 0.008653422668926684, 0.008560477793698514, 0.008526165568938947, 0.008542428116011589, 0.008603522360698748, 0.008705546182581372, 0.008846079150160745, 0.00902391594279846, 0.009238873690362647, 0.00949165913396487, 0.009783783861369208, 0.01011751955997484, 0.01049588669043099, 0.010922672802836791, 0.011402477487027973, 0.011940783157798516, 0.012544051195463297, 0.01321984480005525, 0.013976979965844743, 0.014825707604483257, 0.01577792970325085, 0.01684745385629413, 0.01805029013092343, 0.019404995414550718, 0.02093306956146779, 0.022659408268275946, 0.024612815857574098, 0.02682658057100679, 0.029339111460499473, 0.032194633163084914, 0.035443928263008254, 0.03914511040403508, 0.04336439992726254, 0.04817686172842726, 0.05366704708347517, 0.05992946221597254, 0.06706876128857896, 0.07519953644791622, 0.08444554823218649, 0.09493821447682639, 0.10681415221738792, 0.12021155658319035, 0.13526520295919145, 0.15209988853592488, 0.17082218768025736, 0.19151049783002902, 0.2142034968025515, 0.23888732843610938, 0.26548206839592936]
3.87979380895424	4.948242034411374	[0.2940983452799848, 0.32369873546616473, 0.3544086080805706, 0.3857719957716715, 0.4172283006436549, 0.44811932113435976, 0.47770416274404415, 0.5051825233586983, 0.5297260967457116, 0.5505169524384483, 0.5667908097724861, 0.5778822606365364, 0.5832683392995955, 0.5826065271503617, 0.5757634055578918, 0.5628307781721495, 0.5441271361830541, 0.520183732160853, 0.49171608248822546, 0.4595832274203375, 0.4247383262243913, 0.38817497863937006, 0.35087393493817415, 0.31375456568106636, 0.27763467779155804, 0.2432011251965715, 0.21099235501720293, 0.1813927424931595, 0.15463746791412977, 0.13082588866442765, 0.10994091715891546, 0.09187181987152676, 0.07643805414540132, 0.06341216754774741, 0.0525403096125073, 0.04355945290565334, 0.036210925495234095, 0.030250267298957537, 0.02545372345622044, 0.021621870746929575, 0.018580958696394322, 0.016182550064166246, 0.014301997413464882, 0.012836209211870746, 0.011701066312068732, 0.010828754547982546, 0.010165197214071022, 0.009667700166167153, 0.009302870124663343, 0.009044826180611618, 0.008873699783200118, 0.008774400931748845, 0.00873562135481978, 0.008749041031993861, 0.00880870630093227, 0.008910549057193016, 0.009052021516718333, 0.009231823773043766, 0.009449706569413768, 0.009706334145882388, 0.010003196409387575, 0.010342561285073914, 0.010727461562500833, 0.011161711388190578, 0.011649950274768426, 0.01219771278100273, 0.012811524249812618, 0.013499022925725853, 0.014269110716388093, 0.015132134572229639, 0.016100102214236512, 0.017186935440501767, 0.018408765790634725, 0.01978427651079773, 0.021335095912662774, 0.023086245710027504, 0.025066648228296393, 0.02730969355918865, 0.029853866406903202, 0.03274342718546416, 0.036029137719266024, 0.0397690128475664, 0.04402907050461774, 0.04888403817940409, 0.054417958799225, 0.060724617543489276, 0.0679076896961176, 0.07608048217797042, 0.0853651165444863, 0.09589097385296061, 0.10779220339930014, 0.12120408461926468, 0.13625803931652303, 0.15307511830576595, 0.17175784972065297, 0.19238043346169995, 0.21497741281665472, 0.2395311413646598, 0.26595859640384595]
3.856699798186655	4.991463432365056	[0.2943544294136616, 0.3237060035196664, 0.35412911478468706, 0.3851716760347139, 0.4162795490442531, 0.4468036752176415, 0.476014879194871, 0.5031267964309613, 0.5273266531065753, 0.547812769473306, 0.5638367543583126, 0.5747475285680219, 0.5800336896531316, 0.5793604355803079, 0.5725973920230215, 0.559834275847672, 0.5413823432585568, 0.5177609108250074, 0.4896697348775921, 0.45794948811761205, 0.4235337780098653, 0.387396941203816, 0.35050211839750767, 0.3137538444630867, 0.2779586433284203, 0.24379602893227648, 0.21180105724766476, 0.18235833222424144, 0.1557063001547802, 0.13194988437262625, 0.11107906976113817, 0.09299093995771095, 0.07751284947029762, 0.06442479740344496, 0.05347956879441577, 0.04441973741776831, 0.036991112624480155, 0.03095261589468861, 0.026082868811565844, 0.02218395989868301, 0.0190829460693289, 0.01663165478345348, 0.01470530947174026, 0.013200424567541695, 0.012032326823296555, 0.011132569264649174, 0.010446422825032674, 0.009930562300768352, 0.009551010121571122, 0.009281362168004549, 0.009101293416894175, 0.008995324435611728, 0.008951820968231156, 0.008962195151641072, 0.009020277127115058, 0.009121827887442622, 0.009264167739589955, 0.00944589843056676, 0.009666700946863884, 0.009927194398010203, 0.010228844692642522, 0.010573914301039461, 0.01096544684642017, 0.011407282071975477, 0.011904098488266594, 0.012461482239893623, 0.01308602202212244, 0.013785430747732549, 0.014568695667229086, 0.015446259281883977, 0.016430234188439204, 0.01753465542265951, 0.018775774428039682, 0.020172398879002074, 0.021746282700129613, 0.023522570078273977, 0.025530296475317554, 0.02780294783728793, 0.030379076702353767, 0.03330296981525039, 0.036625356428985276, 0.04040413865702991, 0.04470511528641714, 0.0496026572714423, 0.055180277131309026, 0.061531014803247644, 0.06875754018550403, 0.07697184755495279, 0.08629439160037128, 0.09685249048247839, 0.10877780262866597, 0.12220267475689811, 0.13725516604538956, 0.15405258349229758, 0.17269342501462104, 0.19324772555519032, 0.21574594350056536, 0.24016670980244464, 0.2664239864184403]
3.83360578741907	5.035374781302571	[0.29459612125462803, 0.323696179858928, 0.35383009888050626, 0.384549759791042, 0.4153075510854179, 0.4454635940476086, 0.47430043237873604, 0.5010455994196925, 0.524901776377734, 0.5450834269405631, 0.5608579248789297, 0.5715883950385948, 0.576774891443466, 0.5760902575901068, 0.5694071416128966, 0.5568132080275107, 0.5386125673549005, 0.515312734440074, 0.4875978673104914, 0.4562904379498323, 0.4223046500095042, 0.38659568453104937, 0.3501091235941073, 0.3137346527032816, 0.27826743533452414, 0.24437951326175497, 0.21260238004921495, 0.18332067720607176, 0.156775926085438, 0.13307844308488703, 0.1122251446979013, 0.09412083134111683, 0.07860069799334987, 0.06545218032031098, 0.054434720139961174, 0.045296541823133876, 0.037788004675601526, 0.03167149076522922, 0.02672807996002243, 0.022761450928802652, 0.019599538787756814, 0.017094496188839937, 0.015121466663688982, 0.013576608501745687, 0.012374721933313177, 0.011446745659221425, 0.010737309372836786, 0.01020246203264897, 0.009807642729065886, 0.009525921974699387, 0.009336514209139246, 0.009223545309306337, 0.009175049338381237, 0.009182164786491066, 0.009238500106969335, 0.009339640284547632, 0.009482769210273754, 0.009666386307351177, 0.009890099460131488, 0.010154479800378586, 0.010460966942780486, 0.010811816002750965, 0.011210079969015897, 0.01165962298547817, 0.012165161668184026, 0.012732332998899821, 0.013367788448004427, 0.014079315026173602, 0.014875984782315851, 0.015768335071086, 0.01676858251649603, 0.017890874186968844, 0.0191515798432086, 0.020569629374314877, 0.022166899415571872, 0.02396865274025329, 0.026004032972882823, 0.028306615504133936, 0.030915012725776663, 0.03387352777801276, 0.03723284532165538, 0.04105074027183992, 0.04539277530014468, 0.05033294512387044, 0.05595420960787975, 0.06234883872617243, 0.06961847043488678, 0.07787375858751673, 0.08723346333585004, 0.0978228137562218, 0.10977095488110955, 0.1232072840156366, 0.13825648972927157, 0.15503213850792902, 0.17362871552954506, 0.19411212438132716, 0.2165087898033777, 0.24079368874085996, 0.26687785224650223]
3.810511776651485	5.079991056632688	[0.29482298325219825, 0.32366879628909506, 0.3535110677776036, 0.3839057360029469, 0.4143117826472318, 0.4440985449088294, 0.4725602845296439, 0.4989383920810732, 0.5224509256200284, 0.5423283843622491, 0.5578537821132755, 0.5684043226637128, 0.5734914096163389, 0.572795460832292, 0.5661921248938249, 0.5537670481104177, 0.5358172843078787, 0.5128386806411533, 0.4854999586069083, 0.45460555675630077, 0.4210504239153879, 0.38577069457190366, 0.3496944451740618, 0.31369650045725694, 0.2785605881735527, 0.24495114752493177, 0.21339593940820162, 0.18427945179206023, 0.1578460891124576, 0.13421138593708906, 0.11337904667189239, 0.09526148481195644, 0.07970167560353436, 0.06649447299454217, 0.055405993986465195, 0.046190160756144086, 0.03860194979322155, 0.03240728215094429, 0.027389777875464025, 0.023354784861569437, 0.02013118832823057, 0.01757152801093993, 0.01555091827475206, 0.013965200695651062, 0.012728677980281019, 0.011771694288717136, 0.011038250276633601, 0.01048377519714131, 0.010073126437513196, 0.009778847518640874, 0.009579688627421588, 0.009459375938349803, 0.009405606253908379, 0.009409238676237202, 0.009463654459236508, 0.009564257438134653, 0.009708090495358408, 0.00989354667472847, 0.010120157305004204, 0.010388442604644036, 0.010699813490476459, 0.011056515739104666, 0.011461610135915389, 0.01191898395304765, 0.012433390925488291, 0.013010518050789876, 0.013657078903598503, 0.014380933945597746, 0.01519123937717695, 0.01609862661830747, 0.01711541534884385, 0.0182558633479956, 0.019536456950310768, 0.02097624588949167, 0.022597226405022566, 0.024424775760770064, 0.02648814050593181, 0.028820978794621418, 0.031461954561469295, 0.034455377072279705, 0.03785187398451207, 0.04170907816108088, 0.04609229876777857, 0.051075134197960406, 0.05673996902207401, 0.06317827822069598, 0.07049064098294572, 0.07878634284012342, 0.08818242172003363, 0.09880199162876119, 0.11077166203810694, 0.12421786477363995, 0.13926191061817844, 0.1560136299156263, 0.17456351377093277, 0.194973369373283, 0.21726564040480176, 0.24141171974855521, 0.2673197930851214]
3.7874177658839	5.125327627942497	[0.2950345615079227, 0.3236233673596269, 0.3531715108850557, 0.38323907497213944, 0.4132917004311575, 0.4427079754558503, 0.4707938779208904, 0.49680461393363107, 0.5199735394842677, 0.5395470807252827, 0.5548237662720286, 0.5651947535011149, 0.5701826886497768, 0.5694754926219484, 0.5629517922911725, 0.5506952495871297, 0.5329959503300707, 0.510338207755899, 0.4833754686304957, 0.45289430579530493, 0.41977056323524475, 0.38492143951642444, 0.34925756047300766, 0.31363888098040094, 0.278837619991659, 0.24551048556302635, 0.21418133668876826, 0.18523431682645852, 0.15891652049102015, 0.13534852358098798, 0.11454067184500555, 0.09641288486301067, 0.08081585434865322, 0.06755183093049254, 0.05639362219296682, 0.04710089310855695, 0.039433302997658654, 0.03316038963582424, 0.02806839507457822, 0.023964416194120815, 0.02067836122116988, 0.01806322030503638, 0.01599413083395838, 0.014366658710570647, 0.013094639521337506, 0.012107844055053642, 0.011349657209586653, 0.01077489566162741, 0.010347837412241044, 0.01004049797790782, 0.009831159916394612, 0.009703144999620786, 0.009643807287818391, 0.0096437208701767, 0.009696034244543851, 0.009795964962746952, 0.009940410190211529, 0.010127652494142653, 0.01035714305353921, 0.010629348181631254, 0.0109456475512601, 0.011308275561279637, 0.011720299089702155, 0.012185627215084148, 0.012709049675880085, 0.013296302617473726, 0.013954160918946691, 0.014690557795103388, 0.015514732812063742, 0.016437410601613918, 0.017471012767141414, 0.018629906384904017, 0.01993069242308559, 0.021392537958490037, 0.023037555481077283, 0.02489123246584181, 0.0269829128385331, 0.029346330590785914, 0.03202019250993852, 0.035048803412318794, 0.038482721099141345, 0.04237942117981424, 0.0468039414495972, 0.05182946354735783, 0.05753777366401629, 0.06401952649849577, 0.07137421533166599, 0.07970972941809965, 0.08914135671510652, 0.09979007045190688, 0.11177992269648598, 0.12523436444569244, 0.14027132228718803, 0.1569968959551395, 0.17549760229676564, 0.19583118851186945, 0.21801617109819194, 0.24202043023217276, 0.2677493927904386]
3.764323755116315	5.171400270893369	[0.2952303848677792, 0.32355938948637614, 0.3528108986151558, 0.38254922738133335, 0.41224674089847885, 0.44129131269520544, 0.46900063376067636, 0.4946436832005843, 0.5174690350849104, 0.5367389334024651, 0.5517672958680415, 0.5619591079667677, 0.5668481514374685, 0.5661297788619281, 0.5596855729995658, 0.5475972449875344, 0.5301480009600693, 0.5078107537852696, 0.48122383728792884, 0.4511561267696423, 0.4184645123526253, 0.3840473688749106, 0.3487979286470532, 0.31356126987507954, 0.27909803192899313, 0.24605706494340912, 0.21495815793673423, 0.1861849189621554, 0.15998693873870048, 0.13648965561786397, 0.11570990738780769, 0.09757500927126835, 0.08194330215495217, 0.06862440820765266, 0.057397838065235296, 0.04802904201470339, 0.04028242634040479, 0.03393122236802633, 0.028764376007781384, 0.02459081334631197, 0.021241539658299783, 0.018570060101192807, 0.016451588898858414, 0.014781458793020895, 0.013473070244849386, 0.012455643113563062, 0.011671961087230181, 0.011076236289151017, 0.010632170513618144, 0.010311250770303947, 0.010091289116304449, 0.00995519842941876, 0.009889984792614638, 0.0098859316672762, 0.009935949325759667, 0.010035063802305256, 0.010180021840650439, 0.010368991284539735, 0.010601339538021058, 0.010877475853816565, 0.011198746075320487, 0.011567371024101238, 0.011986421929968972, 0.012459828202213936, 0.012992414434086573, 0.013589964900021498, 0.0142593149492265, 0.015008469695587447, 0.0158467512408845, 0.016784976402285223, 0.017835667509226466, 0.019013299317892945, 0.020334585391273544, 0.021818807399088237, 0.023488190582981627, 0.0253683280414847, 0.027488655326367507, 0.02988297496325504, 0.03259002763811614, 0.035654102695503974, 0.03912567491178981, 0.04306204694307521, 0.047527967014941094, 0.052596179078192355, 0.05834784757196718, 0.06487278120089056, 0.07226936005950942, 0.08064404894353842, 0.09011035823723312, 0.1007870947887757, 0.11279573196900729, 0.12625672513140795, 0.14128461127619232, 0.15798176602941988, 0.17643075320352944, 0.19668529766180134, 0.2187600441364321, 0.24261943263996494, 0.26816621910141936]
3.74122974434873	5.2182251795237855	[0.29540996405836967, 0.3234763399062917, 0.35242868142163314, 0.3818356231682105, 0.41117631923259307, 0.4398479618038593, 0.4671799510998328, 0.49245499559667816, 0.5149368068732091, 0.5339033369294461, 0.5486837665730158, 0.5586967836209747, 0.5634871981449782, 0.562757722854293, 0.5563928738527538, 0.5444724447312352, 0.5272728499587221, 0.50525573530541, 0.4790444834636188, 0.44939044079109836, 0.417131695511866, 0.3831479125157454, 0.34831498971981845, 0.3134631242122513, 0.2793413072410016, 0.24659040617605993, 0.2157259730894848, 0.18713088998658675, 0.1610570489540757, 0.1376345700560158, 0.11688663093602232, 0.09874782871841709, 0.08308408245879802, 0.06971235730097558, 0.058418876200973274, 0.04897491490417296, 0.04114968899079065, 0.03472019936158079, 0.029478177394546532, 0.025234459204574754, 0.021821222058921078, 0.019092552159671313, 0.016923795813659135, 0.015210096794164971, 0.013864453869025073, 0.012815559902250088, 0.012005613053297774, 0.011388230026287026, 0.010926540323281332, 0.010591502658126625, 0.010360456093816962, 0.010215900515545575, 0.010144488911941297, 0.01013620867766508, 0.010183726347242635, 0.010281871252588542, 0.010427234884571913, 0.01061786610408216, 0.010853044754969229, 0.011133119838545749, 0.011459400616715779, 0.01183409209490423, 0.012260267951529503, 0.012741876414208786, 0.013283775624507657, 0.013891796931176967, 0.014572835159938732, 0.01533496642771442, 0.016187594370999363, 0.017141626907836258, 0.0182096857009269, 0.019406351483039302, 0.020748448138760266, 0.022255369053028006, 0.023949448432026656, 0.025856380229078876, 0.028005685516639185, 0.0304312278081188, 0.03317177230744754, 0.03627158156356655, 0.039781033670196614, 0.04375724229170855, 0.04826464736634104, 0.05337553389837614, 0.05917042072202245, 0.06573824461112145, 0.0731762448569883, 0.0815894336131253, 0.09108951602292578, 0.10179310730519128, 0.11381908117338273, 0.1272848833355655, 0.14230165660183175, 0.15896806025733703, 0.17736272746988663, 0.1975353999677131, 0.21949690742352657, 0.24320832371778764, 0.2685698227007937]
3.718135733581145	5.265818978974869	[0.29557279062482816, 0.32337367569300246, 0.35202428863767693, 0.38109767044846393, 0.4100798281044119, 0.4383773049832348, 0.4653312055509916, 0.49023792313554804, 0.5123762253346182, 0.5310396617859193, 0.5455725499148868, 0.5554071539416139, 0.5600992049257566, 0.5593587040815253, 0.5530730780740518, 0.5413202359308932, 0.5243698881077071, 0.5026725463062295, 0.47683680387886423, 0.44759664726703097, 0.41577151574957566, 0.38222247961275185, 0.34780816359765376, 0.31334388155238724, 0.27956691040879633, 0.24711001182194445, 0.21648433519488314, 0.1880718460353793, 0.16212654216320946, 0.1387830426552095, 0.11807071009263273, 0.09993130630106688, 0.08423825390074205, 0.07081582879733393, 0.059456972413396356, 0.04993882346054696, 0.04203546741630481, 0.03552774971710867, 0.030210268666729836, 0.025895851599874734, 0.02241792375705193, 0.019631219676378278, 0.017411274598930774, 0.01565308905469993, 0.01426929518002236, 0.01318808415025806, 0.012351085609900135, 0.011711330981615886, 0.011231382316599333, 0.01088167085231686, 0.010639060718447484, 0.010485634995046095, 0.010407688735323994, 0.010394907893914502, 0.010439709853512068, 0.010536721995900607, 0.010682375728789655, 0.010874596545117552, 0.011112572900108645, 0.011396590204547991, 0.011727918329623528, 0.012108744074906537, 0.01254214160627954, 0.013032076309906784, 0.01358343851273993, 0.014202105436654159, 0.014895030330811614, 0.015670359265629288, 0.016537576340114695, 0.017507679316682855, 0.01859338770389606, 0.019809386303441014, 0.021172606917084707, 0.02270255151574513, 0.024421659301792766, 0.026355720002008573, 0.02853433386226056, 0.03099141745492202, 0.0337657508154639, 0.03690155792280772, 0.040449106172753144, 0.04446530370292908, 0.04901426307432141, 0.05416778859540232, 0.06000572932624423, 0.06661612377720139, 0.07409504266778401, 0.0825460171474026, 0.09207891959738675, 0.1028081485329271, 0.11484995761898417, 0.12831876954115007, 0.1433223293620442, 0.15995558886147418, 0.17829327438696263, 0.19838118507023378, 0.22022639378566847, 0.24378668357374444, 0.26895973634697096]
3.69504172281356	5.314198738656206	[0.2957183358474269, 0.323250832646855, 0.3515971272842784, 0.38033475430945896, 0.4089566364002538, 0.43687870018323266, 0.46345374796293837, 0.48799181280945814, 0.5097866356345829, 0.5281472530541621, 0.542432991917281, 0.5520895669817372, 0.55668352257349, 0.55593207688065, 0.5497255439580185, 0.5381399810980753, 0.5214384819349702, 0.5000605569428365, 0.4746001718743949, 0.44577412271071043, 0.4143833537472836, 0.3812704575276848, 0.347276849005178, 0.3132029589134349, 0.27977428617072464, 0.24761536556079505, 0.2172327795542041, 0.18900738677811343, 0.16319509459505785, 0.1399348362563359, 0.11926200186597757, 0.10112539703972404, 0.08540586996492137, 0.07193497112487154, 0.06051236361181061, 0.05092108360784146, 0.042940145533709374, 0.036354312885529434, 0.030961132398050224, 0.026575503843820136, 0.0230321776906526, 0.020186605060626608, 0.017914568858698132, 0.016110973374283456, 0.014688121100990895, 0.013573727980432026, 0.01270887378965066, 0.012046015604857402, 0.01154715408523373, 0.011182194220935979, 0.010927524094472745, 0.010764806257475478, 0.010679973511403788, 0.010662404867176482, 0.010704263467571829, 0.010799969238688431, 0.010945788885356088, 0.011139519829496191, 0.011380255461759057, 0.011668213925917045, 0.012004623021359203, 0.012391648615159914, 0.012832363519778423, 0.01333074828893895, 0.013891724189451943, 0.014521212785603534, 0.015226224809353482, 0.01601497489733493, 0.016897026639685352, 0.01788346602706889, 0.01898710900610946, 0.020222742142157756, 0.021607402796847367, 0.023160697945083172, 0.024905167820470683, 0.02686669231791468, 0.02907494446103594, 0.03156388534615914, 0.03437230005379175, 0.03754436153079555, 0.041130212323891684, 0.04518653776132785, 0.04977710380652879, 0.05497321156748556, 0.060854016111611314, 0.0675066306799918, 0.07502592979583955, 0.08351393477628814, 0.09307865819308397, 0.10383225665960971, 0.1158883443277462, 0.12935830779912652, 0.14434649225918642, 0.16094415156268452, 0.1792221308927476, 0.1992223283190518, 0.22094812013386195, 0.24435407473043527, 0.2693354738874663]
3.671947712045975	5.363381985870143	[0.29584604988670377, 0.32310722380102685, 0.3511465810873046, 0.3795462352297996, 0.40780608813287816, 0.4353514794718538, 0.46154690324697334, 0.4857159849434599, 0.5071673563802984, 0.525225428788595, 0.5392644118150793, 0.5487433437808104, 0.5532394752081169, 0.5524771689176026, 0.5463496035423303, 0.5349310166980158, 0.5184779723873655, 0.49741911218486584, 0.47233393609911284, 0.4439222194974759, 0.4129665665527446, 0.38029121068426064, 0.346720422256646, 0.3130397517733775, 0.27996285836231555, 0.2481059313335217, 0.217970822651844, 0.1899370947153505, 0.1642623667282844, 0.1410897002552576, 0.12046035187039714, 0.10233004756112084, 0.08658697837883668, 0.07306993048125887, 0.06158528744703938, 0.0519220157180067, 0.043864114635668194, 0.03720033917169456, 0.03173126452492389, 0.027273945520149553, 0.023664534901666756, 0.02075927097996941, 0.018434243519553854, 0.01658431025561643, 0.015121481614246835, 0.013973027289888428, 0.013079496200461114, 0.012392784143380606, 0.011874336449389363, 0.011493534771033738, 0.011226289696615186, 0.011053840815109947, 0.010961753776079487, 0.010939096142342081, 0.010977770992557707, 0.011071986099713368, 0.0112178380372159, 0.011412992146214667, 0.011656442247453994, 0.011948336171019593, 0.01228985614062816, 0.012683144961257687, 0.013131271443283566, 0.013638229897522539, 0.014208970488150254, 0.014849458162058331, 0.01556675939486651, 0.01636915656451115, 0.017266290963355267, 0.01826933574529239, 0.019391201029855636, 0.020646773375595156, 0.022053192426686855, 0.023630167092809996, 0.02540033366808231, 0.02738965709716231, 0.02962787567401313, 0.03214898694722334, 0.034991770026361176, 0.038200334818331086, 0.0418246835274277, 0.04592126187026063, 0.05055346856944164, 0.05579207960020285, 0.061715530383475506, 0.06840998265157276, 0.07596908576694193, 0.08449332347896116, 0.09408882039199173, 0.1048654675758596, 0.11693421944858476, 0.1304034155765099, 0.14537399878895255, 0.16193353723144896, 0.18014902054893164, 0.2000584902378836, 0.22166168625185864, 0.24491004141993747, 0.26969652888843365]
3.64885370127839	5.413386719912918	[0.2959553599167425, 0.3229422387496782, 0.350672008511096, 0.37873144826555794, 0.40662750042347184, 0.43379494809466745, 0.45960996835368584, 0.4834097321427784, 0.5045176776345919, 0.5222734788652573, 0.5360661001417879, 0.545367777130087, 0.5497663584661968, 0.5489932798824885, 0.5429445609238635, 0.53169265178959, 0.5154876732895052, 0.4947475304177215, 0.47003741912452274, 0.44204026444625133, 0.411520486359538, 0.37928407915140255, 0.3461382362085931, 0.31285363267849864, 0.28013202904928103, 0.24858115200105857, 0.21869796147745735, 0.1908605339185998, 0.16532800281648613, 0.14224736946292266, 0.12166559407733268, 0.10354519512744625, 0.08778162112159217, 0.07422085008676067, 0.06267598260970837, 0.052941944137687026, 0.04480777400182371, 0.03806628956665216, 0.032521175271507004, 0.02799172262660526, 0.024315565749227316, 0.02134980078631574, 0.01897088628217897, 0.017073683566316684, 0.015569951386656549, 0.014386542587174147, 0.013463496757454028, 0.012752161593642675, 0.01221343523601102, 0.011816178661327306, 0.011535825147393078, 0.011353188336111899, 0.011253463096866737, 0.01122540028385062, 0.01126063810473578, 0.011353166611797793, 0.011498907672377465, 0.011695389620675564, 0.011941502959384755, 0.012237321236148596, 0.012583978298840786, 0.012983590850967931, 0.013439221727552316, 0.01395487669029939, 0.014535533418230207, 0.015187198390292611, 0.015916992736255523, 0.016733264848708133, 0.01764573257269399, 0.01866565422718631, 0.01980603246543497, 0.0210818510810291, 0.022510349331250148, 0.02411133392465239, 0.02590753283091331, 0.027924989757219874, 0.03019350132414076, 0.03274709217239497, 0.03562452497559691, 0.03886983318028436, 0.042532863719671334, 0.046669804377968686, 0.05134366662505107, 0.05662467779759829, 0.06259052880158365, 0.06932640208318677, 0.07692469394140593, 0.08548432144612286, 0.09510949455643425, 0.10590781407845652, 0.11798755649434038, 0.13145400269890956, 0.14640469327906794, 0.16292352258150514, 0.18107365338456655, 0.2008893149936614, 0.22236667445412261, 0.24545410786368937, 0.2700423741201901]
3.625759690510805	5.46423142667362	[0.29604566956136086, 0.3227552415050637, 0.35017274203109566, 0.3778897008310768, 0.4054201626254298, 0.43220838223245867, 0.4576422112622184, 0.4810723170771164, 0.5018368597845781, 0.5192906628367049, 0.5328373174911808, 0.5419621295345272, 0.5462634381692443, 0.5454796795868974, 0.5395096908482935, 0.5284241662791727, 0.5124668698709159, 0.4920451018684423, 0.46770991592844746, 0.44012755742871756, 0.410044418969804, 0.37824837744454487, 0.34552961872661875, 0.31264395024407615, 0.28028117702574934, 0.24904044855203944, 0.21941367208672735, 0.1917772494554216, 0.16639162954948075, 0.14340756376546748, 0.12287754962494682, 0.10477076755841686, 0.08898983343850021, 0.0753878704012385, 0.06378468810759172, 0.0539811977292686, 0.04577153048483888, 0.03895263662535925, 0.033331389065942886, 0.028729398776100194, 0.02498586014665783, 0.021958799999950457, 0.01952510814094216, 0.017579702244358928, 0.01603413051431441, 0.014814860848240468, 0.013861445588014406, 0.013124699639044616, 0.012564982283108638, 0.012150638164132655, 0.011856623270177433, 0.011663323587824917, 0.011555559137428846, 0.011521759773090624, 0.011553293404985182, 0.01164392755934694, 0.011789404108144504, 0.011987110088300673, 0.01223582818442581, 0.012535554257728902, 0.012887370223274788, 0.013293364171092968, 0.01375659023830675, 0.014281063839143798, 0.01487178804179948, 0.015534809502356294, 0.01627730216772408, 0.017107679202497925, 0.018035733086688297, 0.01907280577486076, 0.020231990005890196, 0.021528364497332794, 0.022979264578380003, 0.024604591039245102, 0.026427158183570557, 0.0284730825795036, 0.03077221117065607, 0.03335858668448752, 0.036270943722004956, 0.039553226188449205, 0.04325510954344542, 0.04743250568044372, 0.05214801746668455, 0.05747130054984798, 0.06347927512592659, 0.07025611723274247, 0.07789294100248832, 0.08648706870530289, 0.09614076804074426, 0.10695932629693368, 0.1190483232689594, 0.1325099715692819, 0.14743840953816895, 0.1639138721795906, 0.18199572428725022, 0.20171443020316904, 0.22306264775295828, 0.2459857778870092, 0.2703724595441128]
3.60266567974322	5.51593509375142	[0.2961163567834111, 0.32254556966869186, 0.34964808590823243, 0.3770202717090461, 0.40418333403812073, 0.43059102786944053, 0.4556428686857726, 0.4787029712254571, 0.4991241312865341, 0.5162762085709017, 0.5295772923423824, 0.5385256317624199, 0.5427299482620169, 0.5419356064405838, 0.536044236786968, 0.5251248093412285, 0.5094148170006627, 0.48931108698865466, 0.4653506923020429, 0.4381833697358058, 0.4085376423854087, 0.3771833928995091, 0.3448938714709835, 0.31241002756238073, 0.2804096568041094, 0.24948321857429728, 0.22011740880672276, 0.19268676595912085, 0.16745285549060948, 0.14456998683539368, 0.1240960265126859, 0.1060066821373595, 0.09021164382684865, 0.0765711282844515, 0.06491164357825852, 0.05504010933969721, 0.0467557991750956, 0.03985986427944513, 0.03416244555959843, 0.02948755535941211, 0.02567602890880981, 0.022586896796192867, 0.02009754500643159, 0.018103001056925045, 0.016514646350474168, 0.015258596481476469, 0.014273940990873046, 0.013510977753273453, 0.0129295374622773, 0.012497452846822795, 0.012189204120959165, 0.011984747649036228, 0.011868525660488094, 0.011828642218200661, 0.011856190369945526, 0.01194470966487799, 0.012089757379915654, 0.012288574246491503, 0.012539831218777915, 0.01284344232470097, 0.013200434521144938, 0.013612864028650088, 0.014083774065886774, 0.014617187162530345, 0.015218130135467465, 0.01589268772421578, 0.016648085328001497, 0.017492798888826926, 0.01843669406118451, 0.019491194122503233, 0.020669479885974333, 0.021986721846344818, 0.023460348272729373, 0.025110349409418142, 0.02695962092765541, 0.029034345349779313, 0.031364412278210164, 0.033983872408477764, 0.036931420944175765, 0.04025089794807949, 0.04399179151508137, 0.048209718387531894, 0.052966851846179, 0.0583322514749302, 0.064382041076477, 0.07119936191063994, 0.07887401762303066, 0.08750170652586663, 0.09718272764405927, 0.10802003080307883, 0.12011648209313595, 0.13357121598055485, 0.14847497084985659, 0.16490433697460058, 0.18291491276992322, 0.20253344520641414, 0.22374914940959742, 0.24650453297632796, 0.27068621166436796]
3.579571668975635	5.568517226113106	[0.2961667729363506, 0.3223125322344424, 0.34909731506244945, 0.3761224087527414, 0.40291624262730197, 0.4289420984486313, 0.45361114466307945, 0.476300892535151, 0.49637868715115996, 0.5132293099586945, 0.5262852194598711, 0.5350574806384895, 0.5391650891466571, 0.5383602653598037, 0.5325474092237811, 0.5217937974648371, 0.5063307374458264, 0.48654471465738514, 0.46295898310038924, 0.4362069424517779, 0.40699940507338356, 0.37608838423142443, 0.34423026820237307, 0.3121511609590065, 0.2805167969891397, 0.24990883522189414, 0.22080860271046707, 0.19358858682307561, 0.16851126969080873, 0.14573432557726332, 0.12532081840381154, 0.1072528453419106, 0.09144707308476334, 0.07777075705147134, 0.06605708864327221, 0.056119016216153325, 0.047761003107123515, 0.04078846863111289, 0.035014899707153706, 0.030266792707375305, 0.026386704194484325, 0.023234743495666316, 0.020688858467917192, 0.018644242354575628, 0.017012154524281436, 0.015718393269471234, 0.014701610638750506, 0.013911605253867074, 0.013307689996110292, 0.012857191671685402, 0.01253411636253613, 0.012317990006124161, 0.012192873915353359, 0.012146542413004769, 0.012169808723780397, 0.012255979591815151, 0.012400422579974677, 0.012600227593566743, 0.012853949365161326, 0.013161416353436834, 0.013523596931871811, 0.013942512565867498, 0.014421192731733744, 0.014963664886313916, 0.01557497735040151, 0.016261251187582586, 0.017029761271823554, 0.017889044647162147, 0.01884903804682032, 0.019921244056932703, 0.021118928877676277, 0.022457351903838955, 0.023954030475334013, 0.025629039894771444, 0.02750535141659169, 0.029609206798270726, 0.031970529722706885, 0.03462336887970408, 0.037606367736277756, 0.04096324832978294, 0.044743294400161567, 0.049001808410308614, 0.053800511932388495, 0.05920784433139552, 0.06529910623984776, 0.07215637618869328, 0.07986811809026427, 0.08852837789888417, 0.09823545893194265, 0.1090899508436747, 0.12119198881371453, 0.13463762109257701, 0.14951418867549687, 0.1658946540203091, 0.1838308813877902, 0.20334595054604623, 0.22442570109950996, 0.24700983153340725, 0.270983031486378]
3.55647765820805	5.621997862315401	[0.29619624069552786, 0.3220554082435644, 0.3485196728572613, 0.3751953273755191, 0.4016180827162573, 0.42726077322822803, 0.4515462082074278, 0.4738652436758378, 0.4935996865971471, 0.5101491250932931, 0.5229602575917339, 0.531556837173944, 0.5355680254585233, 0.5347528258702197, 0.529018383534838, 0.5184303125500552, 0.5032138198763031, 0.4837451802912414, 0.4605339903907488, 0.43419748459987784, 0.40542892427500915, 0.37496257973933067, 0.34353805326852827, 0.31186661828250417, 0.28060189895930604, 0.25031664561897665, 0.22148666051205582, 0.19448219275334924, 0.1695664408222936, 0.14690024887214553, 0.126551704031564, 0.10850915183348284, 0.09269613403257353, 0.07898688576625527, 0.06722126298909846, 0.05721825965770446, 0.048787573733103454, 0.04173895799738512, 0.035889322641257305, 0.03106773053144798, 0.027118540759010896, 0.023903017370971353, 0.02129973737065848, 0.019204117185847046, 0.017527340769310985, 0.01619492571741905, 0.015145113577527233, 0.014327222807676763, 0.013700060552460978, 0.013230454589668197, 0.012891939391559047, 0.01266361018036739, 0.012529144752149824, 0.01247598395890249, 0.012494656510325363, 0.012578231536255553, 0.012721881871901802, 0.01292254197687153, 0.013178645883775389, 0.013489932586272667, 0.013857308215157677, 0.014282756407531906, 0.014769290017283228, 0.015320939039856018, 0.015942770986359885, 0.01664094127420573, 0.01742277219212873, 0.018296859983105398, 0.019273210259645436, 0.02036340264615167, 0.021580785905655275, 0.022940705156075453, 0.024460762755436887, 0.026161114310047594, 0.02806480062996611, 0.030198115557976205, 0.03259100796857318, 0.03527751406457773, 0.03829621286316301, 0.041690693620097925, 0.04551001831674114, 0.0498091554055738, 0.05464935222991363, 0.06009840321996196, 0.06623075877065696, 0.07312740632462211, 0.08087544076000795, 0.08956722715700594, 0.0992990464202488, 0.1101691056389572, 0.12227479270378892, 0.13570906240616817, 0.1505558622686836, 0.16688454513726053, 0.1847432750769021, 0.2041515163439256, 0.22509180199483358, 0.24750110700552702, 0.2712622933699982]
3.533383647440465	5.676397591315235	[0.29620405238317005, 0.32177344478122594, 0.34791436924332053, 0.374238208400579, 0.4002880129914624, 0.4255461950334181, 0.44944719121643917, 0.471395149739025, 0.49078625090375216, 0.5070347739582263, 0.5196015272991855, 0.5280228242772601, 0.5319378839019412, 0.5311124198690516, 0.5254562978554184, 0.515033499745408, 0.5000632167850199, 0.4809116437787216, 0.4580748814469337, 0.43215417119422295, 0.4038253840955603, 0.37380517549729614, 0.3428164398124415, 0.3115556372571839, 0.28066423521895656, 0.25070596939831463, 0.22215096309218388, 0.19536704052109644, 0.17061791591356848, 0.14806740658001125, 0.12778844618948598, 0.10977548375568733, 0.09395883081310445, 0.0802196388882699, 0.06840440603314676, 0.0583381850575631, 0.04983595099811317, 0.04271185337624769, 0.03678630217420883, 0.03189100881124587, 0.02787221686539959, 0.024592421918983098, 0.02193089908675774, 0.01978334688951078, 0.018060922481208427, 0.016688900884636804, 0.015605141988251796, 0.014758504418770036, 0.014107303131741961, 0.013617874610706467, 0.013263285284331305, 0.013022199822079701, 0.012877910575729894, 0.012817521341375713, 0.012831272021180631, 0.01291198926009391, 0.013054646372874797, 0.013256017569153533, 0.013514411819165717, 0.013829474506332793, 0.014202045919385457, 0.014634068514440575, 0.015128535674194647, 0.01568947725027133, 0.016321977644737848, 0.017032224352701356, 0.017827585015530476, 0.018716712847400896, 0.019709680115632, 0.020818140856568326, 0.022055523513103505, 0.02343725534661116, 0.0249810195748661, 0.026707046887324042, 0.028638441457781542, 0.03080154152202268, 0.03322631202814825, 0.035946765586873264, 0.039001403764376476, 0.042433667585141256, 0.046292379548812976, 0.050632153641425495, 0.055513740164298095, 0.06100426321422523, 0.06717729571126331, 0.07411270512315346, 0.08189618807817996, 0.09061840003720986, 0.10037357327425563, 0.1112575101281146, 0.12336483582756333, 0.13678540518524185, 0.15159977770847835, 0.16787371601934484, 0.1856517198732777, 0.20494969111313546, 0.22574692720000036, 0.24797776643455663, 0.27152334322222604]
3.51028963667288	5.731737569895537	[0.29618946805288493, 0.3214658549099655, 0.3472805786520818, 0.3732501958313569, 0.39892515425512787, 0.4237974679141661, 0.44731318613126825, 0.468889695830615, 0.48793746102018615, 0.5038853359968901, 0.5162081085539763, 0.5244545243369375, 0.5282737508674504, 0.5274381392512317, 0.5218602507438809, 0.5116024651428631, 0.49687804222231097, 0.4780432272664962, 0.4555807865771592, 0.4300761411392579, 0.40218793344956055, 0.37261533338945185, 0.34206460786050075, 0.311217423678178, 0.28070304765632575, 0.2510760970838201, 0.22280086395628207, 0.1962425615651339, 0.17166521904427676, 0.1492354284033161, 0.12903079070918222, 0.11105170990985026, 0.09523515820749272, 0.08146913581671224, 0.06960675663408022, 0.05947914186754272, 0.05090658348893824, 0.043707688862831856, 0.03770644340247104, 0.03273728866185876, 0.028648435326474576, 0.025303688142826332, 0.022583090942646485, 0.020382684724662238, 0.018613650453780013, 0.017201060278669557, 0.016082423144632083, 0.01520615949918604, 0.014530107161611915, 0.014020119972244484, 0.013648800957019428, 0.013394384913533024, 0.013239777516835445, 0.013171742121719588, 0.01318022594064991, 0.013257808242429519, 0.013399258250131793, 0.013601184963686806, 0.01386176803713931, 0.014180554869637292, 0.014558316355178144, 0.014996950151222656, 0.015499427334511184, 0.016069774646966087, 0.016713091076179333, 0.017435593620545142, 0.018244693186875813, 0.019149097413858722, 0.02015894294860508, 0.021285955261467444, 0.022543639505101055, 0.02394750110489554, 0.025515299843330067, 0.02726733580849889, 0.029226770147956684, 0.03141997725743602, 0.033876928775193195, 0.03663160199379346, 0.039722407701394756, 0.043192622554333565, 0.04709081149009724, 0.051471212860054585, 0.05639405678250398, 0.06192577096269872, 0.0681390234096419, 0.07511253223994598, 0.08293056668145003, 0.09168204365599644, 0.10145912106648851, 0.11235517459604122, 0.12446205244255999, 0.13786650372944037, 0.1526457069483823, 0.16886185516201943, 0.18655582162646267, 0.20574000036605394, 0.22639052616134134, 0.24843918878105145, 0.27176549664462324]
3.487195625905295	5.788039540732993	[0.2961517135325147, 0.32113181531547225, 0.34661743782692617, 0.3722303943296887, 0.39752858709570005, 0.422013654513031, 0.4451432434956838, 0.4663479243818566, 0.4850523550582951, 0.5006998474140079, 0.5127790382040726, 0.5208509765535657, 0.5245746699039572, 0.5237290333051278, 0.5182292986887408, 0.5081362732647291, 0.49365736936308535, 0.47513901276191545, 0.4530507967755287, 0.4279624949714419, 0.400515683821849, 0.371392179015609, 0.3412817022205111, 0.31085114950711196, 0.28071754560917267, 0.25142628840474324, 0.22343568750254122, 0.1971081605577945, 0.17270784985746104, 0.15040392274582, 0.13027846526850512, 0.11233768495802918, 0.09652510079985904, 0.0827354904948993, 0.07082855267447269, 0.0606414836557025, 0.05199992848308861, 0.04472701219174275, 0.038650369242438185, 0.03360725335929731, 0.029447924510808104, 0.026037576021670398, 0.023257091642384105, 0.021002917714581248, 0.01918631064038418, 0.017732181984184258, 0.01657772142122752, 0.0156709351899042, 0.014969199662767238, 0.01443789656779878, 0.0140491704121698, 0.013780828236719025, 0.01361538769991982, 0.013539269394313047, 0.013542123593536685, 0.013616278094194306, 0.013756292923141872, 0.013958607528301435, 0.014221267367646043, 0.014543717990651414, 0.014926656673187794, 0.015371933101602182, 0.015882492521718226, 0.01646235600744659, 0.017116634124369028, 0.017851571181120834, 0.01867461854390773, 0.019594536086048678, 0.02062152181066428, 0.021767369971825296, 0.023045658664906935, 0.024471967790392003, 0.026064128534851412, 0.027842504945590575, 0.02983030780063605, 0.03205393961767521, 0.034543368287967974, 0.03733252421001441, 0.040459712913935915, 0.043968030679249086, 0.04790576557298205, 0.052326759300481814, 0.057290697411257856, 0.06286328543319854, 0.06911625786484502, 0.07612715460795336, 0.08397878739289295, 0.09275830658510961, 0.10255576939571213, 0.11346210437718626, 0.12556636822925818, 0.13895220069954306, 0.1536934066606286, 0.16984863281872864, 0.18745516447951738, 0.2065219452264073, 0.22702202081891668, 0.24888472322893673, 0.27198803680466793]
3.46410161513771	5.845325851137536	[0.29608997777439017, 0.32077046426711053, 0.3459240429716574, 0.37117786696319127, 0.3960973489027311, 0.4201937736491014, 0.44293636890263666, 0.4637688326164062, 0.482129925229995, 0.49747729856749323, 0.509313306952758, 0.5172111742925517, 0.5208396387812413, 0.5199841060571575, 0.5145624532881913, 0.5046339444278513, 0.4904002278312168, 0.4721980395434526, 0.45048396121603956, 0.42581229234384493, 0.3988077069553007, 0.3701347992804983, 0.340466830388135, 0.31045595060010767, 0.2807069040165577, 0.25175577020071915, 0.2240547274490584, 0.197963213531334, 0.1737452822984789, 0.15157247511369493, 0.1315311784880762, 0.11363324816241252, 0.09782863248599734, 0.08401881055730952, 0.07207003103719736, 0.061825567724356364, 0.05311645243533596, 0.04577038486746968, 0.03961872144143217, 0.0345016089895105, 0.030271439855072, 0.02679487564446339, 0.023953713221451955, 0.02164486819661239, 0.019779726462316103, 0.01828308253872988, 0.017091840857499305, 0.016153618465979618, 0.015425347972353187, 0.014871950191969553, 0.014465117538588193, 0.014182231684165393, 0.014005422055525464, 0.013920764107850116, 0.013917607725749404, 0.013988024852305344, 0.014126361785433694, 0.014328883649671666, 0.014593497254067962, 0.01491954192449085, 0.015307637435944583, 0.01575958178275361, 0.016278291145096623, 0.01686777780090674, 0.017533161144322303, 0.018280710013530446, 0.019117913659739045, 0.020053581387878248, 0.021097969735793275, 0.02226293843787836, 0.023562134930729752, 0.025011209189729933, 0.026628058763611018, 0.02843310543137087, 0.03044960232195737, 0.03270397115740569, 0.03522616565243985, 0.03805005676015145, 0.04121383023720976, 0.04476038492121683, 0.04873771265881871, 0.05319923640474805, 0.058204072776237355, 0.06381717829042276, 0.07010932553134196, 0.07715684644298902, 0.08504106567258282, 0.09384733845058851, 0.10366359595439549, 0.11457829902743609, 0.12667769995958114, 0.14004232585911688, 0.15474261750580903, 0.17083369932853357, 0.18834930975607228, 0.20729500037750667, 0.2276408041414668, 0.24931368680432908, 0.2721902126596879]
3.441007604370125	5.903619472493686	[0.2960034106708368, 0.32038089872254927, 0.34519944731406393, 0.3700916321228647, 0.39463043123566083, 0.41833679711910576, 0.4406915202231329, 0.46115136930061307, 0.47916911498627335, 0.4942166307257766, 0.5058098564514446, 0.5135340618970716, 0.5170676065737719, 0.5162023131798574, 0.5108586783568476, 0.5010944517790171, 0.4871056008580328, 0.4692193013511681, 0.44787928449138903, 0.4236245493980877, 0.39706303220069394, 0.36884223997441623, 0.33961906004199904, 0.31003092452643377, 0.2806702610973263, 0.25206373451065217, 0.2246572447388827, 0.1988070662743339, 0.17477696279733262, 0.1527406468650167, 0.13278861845169715, 0.11493822254333624, 0.09914571540150034, 0.0853191969572383, 0.0733314270113905, 0.06303175526254731, 0.054256630917312754, 0.04683838287501909, 0.04061216107644722, 0.03542108571515795, 0.03111976490700743, 0.02757640899040286, 0.02467380257864673, 0.02230939603889397, 0.020394760743758553, 0.0188546194865633, 0.01762562739472523, 0.01665503892257147, 0.01589936218204397, 0.015323069461879717, 0.01489740866181532, 0.0145993392359959, 0.014410602912755976, 0.014316928038735879, 0.014307361088116186, 0.014373713909832516, 0.01451011474674087, 0.014712649597026835, 0.01497908223440567, 0.01530864125282954, 0.01570186502808373, 0.016160495949466582, 0.01668741783412287, 0.017286630810165182, 0.017963260257690294, 0.018723596512016, 0.019575164014519367, 0.02052681841786244, 0.02158887181981275, 0.022773245811321265, 0.02409365337060417, 0.02556580977383931, 0.02720767363362205, 0.029039717791375336, 0.03108523012101271, 0.03337064211162408, 0.03592588247129498, 0.03878474955958108, 0.04198529438056272, 0.04557020061172919, 0.04958714403827276, 0.05408910610116757, 0.059134609673608916, 0.06478783485398648, 0.07111856361280973, 0.07820188983155994, 0.08611762149143493, 0.09494929011351512, 0.10478267595255512, 0.11570375207380147, 0.12779595445754285, 0.1411366953856757, 0.1557930626369053, 0.17181668399925842, 0.18923779403454355, 0.20805861254489724, 0.22824623781566808, 0.24972536249910696, 0.2723712363199619]
3.41791359360254	5.962944020436931	[0.2958911203472987, 0.3199621715002674, 0.3444426581425401, 0.3689706604740902, 0.39312677667423634, 0.41644164649560644, 0.4384076043377499, 0.4584944314529032, 0.476168815690743, 0.4909167327449454, 0.5022675759678401, 0.5098185313808592, 0.513257470367239, 0.512382558740066, 0.5071168867069611, 0.4975167181320734, 0.48377242216982824, 0.46620174334317893, 0.4452357236367643, 0.4213982358702444, 0.39528064370767985, 0.36751350306104297, 0.3387374164355729, 0.3095751280737238, 0.2806067159802869, 0.2523493363350872, 0.22524246545062135, 0.1996390323970121, 0.1758023085091856, 0.153907973632668, 0.13405045133619095, 0.11625241372444109, 0.10047629900903628, 0.08663674330430521, 0.07461297390559764, 0.06426041123934915, 0.055420948810288403, 0.04793159716929035, 0.04163136934932657, 0.036366438863916085, 0.03199371270423194, 0.028383031575944778, 0.025418243377999996, 0.022997400767943623, 0.021032318044455774, 0.019447693884318915, 0.01817997153102445, 0.01717607154849112, 0.0163920980071783, 0.015792088755394118, 0.015346855531734762, 0.015032939976351323, 0.014831697029202761, 0.014728506820118753, 0.01471210945362229, 0.014774053012512329, 0.014908243201617592, 0.015110582458205157, 0.015378686840336263, 0.015711669944211214, 0.01610998447520362, 0.016575313471433577, 0.017110504672304332, 0.017719542822486074, 0.01840755599869972, 0.019180853087272094, 0.020046990549434228, 0.021014867355410992, 0.022094847674819236, 0.02329891134609772, 0.02464083252420917, 0.02613638697648902, 0.027803588447927293, 0.02966295407598695, 0.031737798158171675, 0.03405455234891706, 0.03664310871487494, 0.03953717964838097, 0.042774665536931905, 0.04639801691956997, 0.05045457274929277, 0.054996849952557866, 0.06008275194362118, 0.06577565487479002, 0.07214432063991319, 0.07926257508644541, 0.08720867946850018, 0.09606431356548395, 0.10591308178222646, 0.11683845042541655, 0.12892102777568748, 0.14223511079180642, 0.15684444639255776, 0.17279719355402678, 0.19012012738349915, 0.20881219850329258, 0.2288376500670008, 0.2501189968895457, 0.27253028051238765]
3.394819582834955	6.023323775799042	[0.2957521700863452, 0.31951328832090553, 0.34365263345966235, 0.36781387175012714, 0.39158527528102743, 0.41450718974461764, 0.4360834734840132, 0.4557968608524168, 0.47312786292053866, 0.4875764375274806, 0.4986852986993519, 0.5060634188871477, 0.5094080716333755, 0.5085236916997755, 0.5033359366248054, 0.49389961254638876, 0.4803995725999618, 0.4631442587845825, 0.44255218490936615, 0.4191322719237046, 0.3934594774044058, 0.36614754369021085, 0.33782087961235463, 0.30908757448115676, 0.28051532619406283, 0.2526116911350232, 0.22580957860720874, 0.20045839114740496, 0.1768207054938303, 0.1550739635188144, 0.13531632002317437, 0.1175756085764943, 0.10182031921252768, 0.08797153503393658, 0.07591490273440635, 0.065511904168109, 0.056609900618959756, 0.04905063407885046, 0.042677048550288296, 0.03733844997730443, 0.03289412736689154, 0.0292156341087159, 0.02618795820624957, 0.023709823747182415, 0.02169334728398187, 0.020063252896959916, 0.018755811296969228, 0.017717639623017603, 0.016904459997799954, 0.016279891298440485, 0.01581431866591512, 0.015483871277633876, 0.015269518983789738, 0.015156293151011309, 0.015132624999336038, 0.015189795442150395, 0.015321483360447767, 0.01552340326499701, 0.015793018853548366, 0.016129324402598382, 0.016532682613064988, 0.01700471329498489, 0.01754822427331821, 0.018167181498707195, 0.018866712293759275, 0.0196531409375575, 0.020534052545360493, 0.02151838612598694, 0.02261655419858027, 0.02384059094523905, 0.025204327048374844, 0.02672359360369414, 0.028416453208145766, 0.030303460104789546, 0.032407946268578784, 0.034756333414267836, 0.037378464829722534, 0.040307952987621, 0.04358253122924602, 0.04724439834842985, 0.051340535107828406, 0.055922970298389746, 0.06104896162904481, 0.06678105326435246, 0.07318695720144713, 0.08033920101063699, 0.08831446912700672, 0.09719256168539087, 0.10705488276369653, 0.11798237359800065, 0.1300528044149416, 0.14333735761304248, 0.15789645299517416, 0.17377481030106615, 0.19099579156423382, 0.20955514276854337, 0.22941433341214945, 0.2504937974087642, 0.2726664759427309]
3.37172557206737	6.0847837063585235	[0.29558557511281136, 0.3190332044377501, 0.34282827846742514, 0.3666201311229687, 0.3900047608699304, 0.41253223741864437, 0.4337179213875596, 0.4530574401302015, 0.47004503253180135, 0.4841945180784733, 0.4950617978345167, 0.5022675007662477, 0.5055181923384755, 0.504624502061638, 0.4995146280686468, 0.4902419465794254, 0.47698587641312384, 0.4600456854424277, 0.4398275202740306, 0.4168255247217846, 0.3915984176809287, 0.3647432669864791, 0.33686838132692587, 0.30856723048621804, 0.28039510487063973, 0.25284987218431604, 0.2263577337124867, 0.20126438512370373, 0.17783150664373584, 0.15623809523070903, 0.1365858424871176, 0.11890757385017242, 0.10317769728217802, 0.08932364861559575, 0.07723744175689415, 0.06678660596081341, 0.05782399068346107, 0.05019611585181473, 0.04374992296986721, 0.03833792805267945, 0.0338218856903958, 0.030075144382750985, 0.02698391078078003, 0.02444765063991249, 0.02237884446286341, 0.02070229271445966, 0.01935413536823429, 0.018280717961723408, 0.017437404919373227, 0.01678741262134269, 0.016300710887316112, 0.015953022366013186, 0.015724934781115908, 0.015601130392270896, 0.015569729910332451, 0.015621743587215782, 0.015750619807461362, 0.01595188050214174, 0.016222832789721198, 0.016562346893381263, 0.016970691481625128, 0.017449418774361153, 0.018001293076354632, 0.01863025760292574, 0.019341435652009777, 0.020141163170865603, 0.02103705070144909, 0.022038073407318885, 0.023154688530171018, 0.024398980036970292, 0.025784830533061878, 0.02732812055822819, 0.029046955265931845, 0.03096191800990104, 0.033096349614615696, 0.03547665085241453, 0.038132603948210615, 0.04109770651472408, 0.044409508224905574, 0.048109936468427865, 0.05224559226836033, 0.056867991601713894, 0.06203372012002164, 0.06780446099584093, 0.07424684661390618, 0.08143207529631176, 0.08943522503732135, 0.09833418809171623, 0.10820814472518903, 0.11913549299242042, 0.13119115632447662, 0.14444320410780895, 0.15894874497788436, 0.17474909027419874, 0.19186423791560306, 0.2102867952207529, 0.22997554205378634, 0.2508489295135778, 0.2727789082688374]
3.348631561299785	6.147349489435582	[0.2953902992957998, 0.318520820741021, 0.3419684419305984, 0.36538824504193296, 0.3883840071166974, 0.4105155383237491, 0.4313096792017389, 0.4502748883519504, 0.4669190365023143, 0.4807696830805042, 0.49139578236236725, 0.4984294892066517, 0.5015865507727665, 0.5006837166085402, 0.495651698562812, 0.4865424701779824, 0.4735300973035374, 0.45690480166673497, 0.4370605235439248, 0.4144768047356643, 0.38969629371341974, 0.36329952462351073, 0.33587880159889755, 0.30801301320942276, 0.2802450175807758, 0.25306290781395196, 0.22688603792657352, 0.20205621793399314, 0.17883402926655576, 0.15739981622095428, 0.13785860986252785, 0.12024805487169885, 0.1045483384922056, 0.09069315088326435, 0.07858081576973922, 0.06808489196449978, 0.05906373319519461, 0.05136868144295628, 0.04485073966910788, 0.03936571108348621, 0.03477789865344072, 0.030962529524872044, 0.027807108129360422, 0.02521191427006086, 0.02308985540836514, 0.021365861904825374, 0.01997598624955561, 0.018866336628108903, 0.01799194524356423, 0.017315644501165926, 0.01680700100227142, 0.01644133838457567, 0.016198865617971805, 0.016063916664582612, 0.016024300160204414, 0.016070753014112014, 0.016196489243385293, 0.016396834111580345, 0.016668933569949567, 0.017011529456503718, 0.01742479190505036, 0.017910201480292553, 0.018470474822393904, 0.01910952869862545, 0.019832478528689194, 0.020645668381724033, 0.021556730375568895, 0.02257467207744843, 0.023709991153295175, 0.02497481687945724, 0.026383078446349736, 0.027950699978947, 0.029695822079975318, 0.03163904917818851, 0.033803721215864696, 0.036216206911200914, 0.03890621414245621, 0.041907110556465496, 0.04525624445552302, 0.04899525197903352, 0.05317033174464377, 0.05783246209701911, 0.06303752920831353, 0.06884632627125385, 0.07532437544465682, 0.08254151515111993, 0.0905711867541056, 0.09948934717983483, 0.10937292931566331, 0.12029777131346267, 0.1323359415743537, 0.14555240005135592, 0.1600009612274285, 0.17571956142088285, 0.19272488480419497, 0.21100646872939566, 0.23052048879889603, 0.2511835138095963, 0.27286661456642053]
3.3255375505322	6.21104753537134	[0.29516525141598876, 0.3179749796084735, 0.3410719120813946, 0.3641169567888899, 0.3867217231977772, 0.4084557748793923, 0.4288574109728759, 0.447447856274925, 0.4637485183062584, 0.4773005721286937, 0.4876858924279732, 0.4945480275161761, 0.49761179694597535, 0.4966999942866007, 0.49174581868256306, 0.48279986720955237, 0.4700309340123128, 0.4537203221118675, 0.4342499261718638, 0.4120848616971909, 0.3877518754732911, 0.36181511105255787, 0.3348509649884875, 0.30742378670793724, 0.2800639789311377, 0.25324977834621104, 0.22739355304692754, 0.20283305157396977, 0.17982755252141133, 0.15855854058135965, 0.13913418441717967, 0.12159677403521015, 0.10593213072082132, 0.09208009821287198, 0.07994524542211662, 0.06940714090100371, 0.06032965229631899, 0.05256898726512046, 0.04598026939601646, 0.04042266762705114, 0.03576311313340733, 0.031878798331192844, 0.028658603034304377, 0.026003697631853902, 0.023827478835164978, 0.022055064968279765, 0.0206224638155201, 0.019475584890036906, 0.018569153028234565, 0.017865639182953835, 0.017334217890467452, 0.01694982475995985, 0.01669229207583829, 0.016545609265852006, 0.01649726972409005, 0.01653773686638546, 0.0166599846612435, 0.016859139827173523, 0.01713218062153238, 0.017477718147855495, 0.017895817494114518, 0.018387885330911864, 0.0189565844435664, 0.019605803158147014, 0.020340643090392737, 0.0211674545296757, 0.022093885213661516, 0.02312897295008313, 0.024283249373668863, 0.025568886135104656, 0.026999851436755685, 0.02859210862792212, 0.030363824311059703, 0.03233561741526457, 0.03453081479431465, 0.036975743435775386, 0.039700020966443955, 0.042736871396297005, 0.04612342119315058, 0.049900996883699505, 0.05411536915020626, 0.05881695550099161, 0.06406091231952644, 0.0699071156968563, 0.07641994416662518, 0.08366784787315748, 0.09172259883466313, 0.10065819404502907, 0.11054929334586847, 0.12146916180995769, 0.13348700300246785, 0.146664675287765, 0.16105271494812026, 0.17668572148874903, 0.19357711494483873, 0.21171343642358342, 0.23104834180069964, 0.2514966227765334, 0.2729285795768845]
3.302443539764615	6.275905011935167	[0.2949092792115114, 0.3173944621570379, 0.3401374103859698, 0.3628049432721718, 0.38501654742507646, 0.4063515595232991, 0.42635970728346556, 0.444574922427701, 0.4605320466911531, 0.47378575154241376, 0.483930693348786, 0.490621685715793, 0.4935925069275386, 0.4926719216262531, 0.48779558678311485, 0.4790127507543337, 0.46648701549497246, 0.4504908929459876, 0.43139439289637677, 0.4096483797792179, 0.3857638698874903, 0.3602887587175944, 0.3337836373065234, 0.3067983573003365, 0.27985084986155745, 0.2534094116152548, 0.22787929343425342, 0.20359400224104954, 0.18081131602120773, 0.15971364526060527, 0.14041209888709064, 0.1229534275452129, 0.10732894458101642, 0.09348453391485341, 0.08133094820342052, 0.07075373302378289, 0.061622283967273, 0.05379770619289524, 0.047139309379137365, 0.04150969668754477, 0.03677851556281999, 0.032825002002511976, 0.02953949845771686, 0.026824135395239226, 0.024592871404922795, 0.022771064489664927, 0.021294730848180923, 0.02010961387589449, 0.019170165775408504, 0.018438512396082334, 0.017883456541000278, 0.017479550449817926, 0.017206260218637522, 0.01704722804331281, 0.016989636651316028, 0.017023669279658805, 0.017142061335120275, 0.017339732572912367, 0.017613493747278275, 0.017961816378669743, 0.018384660377401364, 0.01888334984201376, 0.019460493648148395, 0.02011994329967609, 0.020866786650504118, 0.021707371940111696, 0.022649362432022462, 0.023701817613570136, 0.024875302440351996, 0.02618202151563415, 0.027635980278602198, 0.02925317030069336, 0.031051780566525092, 0.03305243106975497, 0.035278429281521854, 0.03775604364466046, 0.04051479167766917, 0.043587732629618216, 0.04701175692703008, 0.05082785534376137, 0.05508135166194815, 0.059822071280802205, 0.0651044174904568, 0.07098731388427085, 0.07753396957710908, 0.08481140971394165, 0.09288971263457453, 0.10184088255595068, 0.11173728991079741, 0.12264960553519605, 0.1346441686343274, 0.14777973618790777, 0.16210359337343702, 0.17764703372854002, 0.1944202744227084, 0.21240692672278288, 0.2315582229312703, 0.25178727523939537, 0.27296373348649666]
3.27934952899703	6.341949869705948	[0.29462116848205633, 0.31677797972788857, 0.33916358999718904, 0.3614508064231089, 0.3832670450821753, 0.40420142621934985, 0.4238150825053538, 0.4416545849130163, 0.4572681123795344, 0.4702237066214597, 0.4801286717951843, 0.48664895337711844, 0.48952717853765054, 0.4885980062579003, 0.4837995242377904, 0.47517965736794787, 0.46289689575256543, 0.4472150869077755, 0.42849251622514883, 0.4071659734783655, 0.38373091505047746, 0.35871913478715495, 0.3326755196490552, 0.3061354711666385, 0.2796044316137568, 0.2535406814534061, 0.22834222004321164, 0.20433813972685239, 0.1817845140689204, 0.16086447038807855, 0.14169185107656015, 0.12431768670366211, 0.10873862855180572, 0.09490649051894917, 0.08273813426943856, 0.07212505342536493, 0.06294217268740135, 0.055055531890505764, 0.048328680915407464, 0.042627733018876755, 0.03782513047405785, 0.03380224032622765, 0.03045094700554265, 0.027674420825461482, 0.0253872480145412, 0.023515088624801325, 0.02199401401590122, 0.02076964444835215, 0.019796187950752827, 0.019035451447443848, 0.018455879965625102, 0.018031656113237437, 0.017741883769170942, 0.017569863531974095, 0.017502465397030563, 0.0175295934125342, 0.01764373922214537, 0.017839614340405593, 0.018113855532909336, 0.018464792616981054, 0.01889227356393028, 0.01939753764591006, 0.019983133197231252, 0.020652872726060523, 0.02141182382231502, 0.022266330468696284, 0.02322406480819085, 0.024294105424519336, 0.02548704333057573, 0.026815112602492135, 0.028292347398407806, 0.029934762462147674, 0.03176055860583413, 0.03379034946140008, 0.03604740962959596, 0.038557938313816015, 0.041351335568607483, 0.04446048105441787, 0.047922007121590546, 0.05177654921424956, 0.056068957105915404, 0.06084843976449979, 0.06616861568561404, 0.07208742806022918, 0.0786668822584729, 0.08597254991362804, 0.09407278284667399, 0.10303756874936117, 0.11293696397219591, 0.1238390340493496, 0.1358072463144429, 0.14889726762614927, 0.16315315149733908, 0.17860292813170509, 0.19525366562223795, 0.2130861238404108, 0.23204920004809926, 0.2520544361577445, 0.27297094370436564]
3.256255518229445	6.409210868475635	[0.2942996341107917, 0.3161241722735273, 0.33814902655318957, 0.3600530709078192, 0.3814716992175206, 0.40200382753743624, 0.4212219657940458, 0.43868525789644497, 0.4539551194481087, 0.4666128375814437, 0.47627822770797945, 0.48262823504123903, 0.4854142239233833, 0.48447667185304133, 0.47975606876134225, 0.47129904159036967, 0.4592590479643863, 0.44389139744019407, 0.425542811420206, 0.4046361814464431, 0.38165157609291683, 0.35710483477476057, 0.33152524517477727, 0.3054338078680434, 0.2793234634408881, 0.25364240123841464, 0.2287812390883874, 0.20506448113715184, 0.1827462953082724, 0.1620103133275823, 0.14297290452827066, 0.12568919247120752, 0.11016101070765374, 0.09634598501998677, 0.08416700926757144, 0.07352148813008574, 0.06428987537287778, 0.05634317587606038, 0.049549234399542924, 0.04377774522576466, 0.03890402654762999, 0.03481166080890029, 0.031394157869229944, 0.028555805873908224, 0.0262118894639377, 0.024288432023967983, 0.022721612078120634, 0.02145696880482125, 0.020448499536679782, 0.019657717335878105, 0.01905272793077171, 0.0186073565866043, 0.018300352881766773, 0.01811467966053797, 0.01803689553282345, 0.018056624276175465, 0.018166111542466747, 0.01835985705934003, 0.018634319756336736, 0.018987683235256302, 0.019419679162964863, 0.019931457265696076, 0.020525500929983276, 0.021205578982272322, 0.02197673435134608, 0.022845302000110316, 0.023818958322489297, 0.024906795802713582, 0.026119426198470703, 0.027469106885783072, 0.028969894120967156, 0.030637817966690878, 0.032491082362293235, 0.03455028420828372, 0.03683865357367522, 0.039382306624553075, 0.04221051042098799, 0.045355946942343746, 0.0488549703000326, 0.05274783763292968, 0.05707889959645127, 0.06189672094100046, 0.06725410591111056, 0.07320798597694533, 0.07981913108475731, 0.08715162763797876, 0.09527207132421764, 0.1042484067379859, 0.11414835543515309, 0.12503736428118745, 0.13697602599210523, 0.15001692682556333, 0.16420091354721264, 0.17955279433896776, 0.19607654788739853, 0.2137501598839877, 0.23252028686092296, 0.2522970080869529, 0.2729490139688562]
3.23316150746186	6.477717604726569	[0.2939433165034053, 0.3154316004025606, 0.3370922139829981, 0.35861017589300764, 0.3796289059137987, 0.3997571263278549, 0.41857869591409197, 0.43566526336168787, 0.4505913797925609, 0.46295145153925277, 0.472377668475695, 0.4785578425567468, 0.48125196351246236, 0.4803062509108659, 0.4756635681989814, 0.46736926925488254, 0.4555718581711363, 0.4405182325800091, 0.42254371014001113, 0.40205746101051865, 0.37952433885861764, 0.3554443777377649, 0.3303313729068184, 0.3046919762750538, 0.27900661663891985, 0.25371332060625007, 0.2291951964245964, 0.20577198845116665, 0.18369575758645681, 0.16315042715315878, 0.1442546840149757, 0.12706755493736885, 0.11159589499335269, 0.09780301942171124, 0.08561777154365642, 0.0749434257777914, 0.06566595963791214, 0.05766137037800168, 0.0508018487125672, 0.04496073977369456, 0.04001631713434756, 0.03585446375899844, 0.032370398416949664, 0.02946960719570567, 0.027068144990868803, 0.025092462605721618, 0.023478899198067334, 0.0221729578112572, 0.02112845994126485, 0.02030665245493113, 0.019675321286652447, 0.019207948786925715, 0.018882938736250292, 0.018682921719296832, 0.018594146478283658, 0.018605956665631897, 0.018710349549974213, 0.018901610422885774, 0.019176016124283053, 0.019531600186066696, 0.019967973032319317, 0.020486190615336988, 0.021088666281599742, 0.021779120864463625, 0.02256256746644544, 0.02344532755420834, 0.0244350763055342, 0.025540915120243705, 0.026773470276849887, 0.028145016415205025, 0.029669624273795218, 0.03136333143964612, 0.03324433518708595, 0.03533320529388199, 0.03765311443895192, 0.04023008185682465, 0.043093224785860716, 0.04627500928474027, 0.04981148969623966, 0.053742521733545885, 0.05811193045194857, 0.06296760854722919, 0.068361515286403, 0.07434953927852032, 0.08099118235100364, 0.08834901453625825, 0.09648784518968731, 0.10547355038795025, 0.11537149618957648, 0.12624449927721068, 0.13815027568931126, 0.15113834316098154, 0.16524636791826788, 0.18049598051184879, 0.196888131509524, 0.21439811284014676, 0.2329704361022533, 0.2525138283466526, 0.27289667686334534]
3.210067496694275	6.547500540237655	[0.29355077468103213, 0.3146987394598944, 0.3359915570869587, 0.3571204686039048, 0.3777369665294454, 0.3974595888986455, 0.4158835133059833, 0.4325928240377359, 0.4471751051666429, 0.4592377553042587, 0.46842520107058455, 0.47443598783153834, 0.47703861834829503, 0.4760849775516061, 0.471520273143091, 0.463388610393248, 0.45183361824262996, 0.4370939080411046, 0.4194935538215007, 0.3994281815035777, 0.37734760376536264, 0.35373619993279676, 0.32909238214257774, 0.3039085086367334, 0.2786524895844232, 0.2537521200354329, 0.2295828733011767, 0.2064595637348131, 0.184631944523912, 0.1642840166174609, 0.14553657303391945, 0.12845235018008092, 0.11304305975806365, 0.09927757862465131, 0.08709061182433528, 0.07639125666107753, 0.06707100470798559, 0.059010868603721726, 0.05208743339986547, 0.04617776251055825, 0.041163163667014536, 0.03693190501150668, 0.03338099873884464, 0.030417209958827136, 0.027957437791511032, 0.02592862628031161, 0.02426733124373477, 0.022919066442297666, 0.021837514873226004, 0.020983686549550018, 0.020325069220839962, 0.019834818001991366, 0.01949100100119066, 0.019275922829588607, 0.019175525038840114, 0.019178871687417623, 0.019277710043886898, 0.019466108383303475, 0.019740157686538265, 0.020097737401045136, 0.020538332046926584, 0.021062899255361447, 0.021673777372671534, 0.02237463449623591, 0.023170448763697657, 0.024067523150128976, 0.02507352609092078, 0.02619756231812971, 0.027450266267912207, 0.0288439231260507, 0.03039261027533844, 0.03211236425828603, 0.03402136558177609, 0.0361401456346976, 0.03849180644924321, 0.041102255460254165, 0.04400044278494778, 0.047218599269825016, 0.0507924574522042, 0.05476144742106594, 0.05916884168226082, 0.06406183202825369, 0.06949150171276705, 0.07551266453598367, 0.08218352151987196, 0.08956509475473666, 0.09772037757295512, 0.10671315223907535, 0.1166064097800387, 0.12746032599225293, 0.13932974007780252, 0.15226111482618176, 0.1662889646737545, 0.18143178892860176, 0.1976875742075091, 0.2150290011951545, 0.23339853508068145, 0.25270366279826084, 0.2728125885637117]
3.18697348592669	6.618591031877107	[0.2931204793629897, 0.31392397223791707, 0.3348453640094936, 0.3555821965153666, 0.3757940797365466, 0.39510937685939546, 0.4131345518548221, 0.4294660550541471, 0.4437043988297863, 0.45546984698355464, 0.4644189237016726, 0.4702607745040355, 0.4727723018532163, 0.47181097934924926, 0.46732432889356706, 0.4593552313104167, 0.448042518110889, 0.43361663960405655, 0.4163905862582326, 0.39674661704212605, 0.37511967880395797, 0.3519786480611973, 0.3278066659588207, 0.30308185438400626, 0.2782596018422904, 0.25375740531025237, 0.22994298118114664, 0.20712604437805315, 0.1855538411660143, 0.16541023428936483, 0.14681791042323536, 0.12984311743879381, 0.11450225547413549, 0.10076962876991437, 0.08858571216816445, 0.07786537235733865, 0.06850560170398735, 0.060392445736257884, 0.05340693033607552, 0.04742990104128223, 0.04234577868297894, 0.03804529961888089, 0.03442735592879614, 0.03140007271813617, 0.0288812703984104, 0.02679845281922541, 0.02508845205669296, 0.023696840429849007, 0.022577203280749778, 0.021690343924606902, 0.021003476654962747, 0.02048944545813279, 0.020125995502184107, 0.01989511170138115, 0.01978243319387172, 0.01977674457345772, 0.01986954316059181, 0.020054676922894928, 0.020328048546904138, 0.020687378447630217, 0.02113202166857794, 0.021662831884427008, 0.022282068393474627, 0.022993340616009435, 0.02380158736899783, 0.0247130868546774, 0.025735495920514988, 0.026877915678358292, 0.028150982950202377, 0.029566985290005333, 0.031139999392776428, 0.03288605062350847, 0.034823293041517316, 0.03697220670041599, 0.03935581007481044, 0.04199988213413758, 0.04493318886618828, 0.04818770471863695, 0.05179881867051841, 0.055805509047798546, 0.06025046921818954, 0.06518015933202065, 0.07064475615816995, 0.07669796504212878, 0.08339665444864254, 0.0908002656270803, 0.09896994768713364, 0.1079673630120898, 0.11785311026883041, 0.1286847135714844, 0.14051413810899713, 0.15338480589324283, 0.16732811196846506, 0.18235947187117035, 0.19847397641898779, 0.21564177874499393, 0.23380339995612476, 0.2528651997114517, 0.2726953222467573]
3.163879475159105	6.691021362643517	[0.2926508057486511, 0.3131055804150783, 0.3336518383130605, 0.35399349825676735, 0.3737983330707682, 0.39270453769340957, 0.4103298300900753, 0.4262829543649622, 0.4401772465522908, 0.45164570641826457, 0.4603568167586317, 0.4660301885260336, 0.46845101082230184, 0.4674822681706117, 0.46307376659523036, 0.45526718577085945, 0.44419663713442176, 0.4300845347304836, 0.4132329452728643, 0.39401093864752157, 0.3728387716065557, 0.35016997198195293, 0.3264725237747038, 0.30221037352912317, 0.2778263873364356, 0.25372770171360726, 0.23027415564701437, 0.20777019820025305, 0.18646036876526473, 0.16652817670268508, 0.14809798617357633, 0.1312393564457931, 0.11597320173640847, 0.10227911589105519, 0.09010324430133415, 0.0793661658194799, 0.0699703534309135, 0.0618069005381462, 0.05476131502584788, 0.04871828785238549, 0.04356542861948729, 0.039196026424762574, 0.03551093827509741, 0.03241973329080904, 0.029841230096217124, 0.027703562826897725, 0.025943899874860184, 0.024507924094437458, 0.023349164543847403, 0.022428251895885657, 0.02171215197585084, 0.02117341717012471, 0.020789482286543617, 0.020542021694806685, 0.02041637632522466, 0.02040105380580995, 0.020487300633715653, 0.02066874313066513, 0.020941092056054735, 0.021301905477418073, 0.021750403998988022, 0.022287333101653935, 0.022914867462160076, 0.02363655310918734, 0.024457283555142654, 0.025383307045258766, 0.02642226227527411, 0.027583240776276885, 0.028876874172374677, 0.030315445106832012, 0.03191302033646302, 0.033685604728229915, 0.035651314173864745, 0.037830565179666896, 0.04024627758188654, 0.042924085893732686, 0.04589255267349284, 0.04918337543849635, 0.05283157547945361, 0.05687565392776159, 0.06135769603798827, 0.06632340045207782, 0.071822004710769, 0.07790607325326074, 0.08463110824593845, 0.09205493890079734, 0.10023684038830645, 0.10923633153313808, 0.11911160043491087, 0.12991751192566872, 0.14170315983542325, 0.15450894353890732, 0.16836317152918498, 0.18327822755395157, 0.19924637552991867, 0.21623532932606868, 0.2341837688564748, 0.2529970434364838, 0.27254336026881837]
3.14078546439152	6.764824774020787	[0.2921400242004452, 0.3122417362405515, 0.3324090689671581, 0.35235239460360007, 0.371747692457588, 0.3902429952526807, 0.4074672404672755, 0.42304139292746096, 0.4365915058473028, 0.44776318520389013, 0.45623673215978927, 0.46174208815802276, 0.46407261502378455, 0.4630967302574379, 0.4587664932021681, 0.45112240526435177, 0.4402939345212718, 0.4264955831032126, 0.4100186536865869, 0.39121920515444725, 0.37050298105168566, 0.3483083160929286, 0.3250881536905281, 0.3012923286390549, 0.2773511875323777, 0.25366144672826607, 0.23057495055037827, 0.20839071703089043, 0.18735038003377613, 0.16763687898194402, 0.14937603792986237, 0.1326405232717948, 0.1174555851632425, 0.10380596315191071, 0.09164336905669764, 0.08089403015575643, 0.07146587545921738, 0.06325505577402837, 0.05615159937163552, 0.05004410240447016, 0.04482343823234671, 0.040385531766036147, 0.03663329120937775, 0.03347781392283381, 0.03083899620651901, 0.028645674160111226, 0.026835415709474075, 0.02535406776772852, 0.02415514768016473, 0.023199148957602857, 0.022452816815103145, 0.021888432612103752, 0.021483135750062114, 0.02121829978547503, 0.021078973504010074, 0.02105339020677455, 0.02113254609542544, 0.02130984428619308, 0.02158080101928621, 0.021942808205364303, 0.022394947815485112, 0.02293785220671249, 0.023573606429909005, 0.024305687569251354, 0.025138938268440884, 0.02607957067765968, 0.027135199077013304, 0.02831489839828639, 0.02962928767803899, 0.031090636206410376, 0.03271299164435157, 0.034512327763731414, 0.03650671056274223, 0.03871647939360992, 0.0411644402778777, 0.04387606577554469, 0.046879695556126706, 0.050206728087411355, 0.053891792673336325, 0.05797288621506509, 0.06249145679507497, 0.06749241017001133, 0.07302401204875907, 0.07913765225198968, 0.08588743344874195, 0.09332954079639587, 0.1015213469485228, 0.1105202032994369, 0.12038187106892052, 0.13115854876072885, 0.1428964642020689, 0.1556330135521646, 0.16939345497134994, 0.18418719418379542, 0.20000374080039818, 0.2168084595591551, 0.2345382955451596, 0.25309770601129067, 0.2723550867451922]
3.117691453623935	6.840035499716167	[0.29158629109173223, 0.3113304920169999, 0.3311150203373576, 0.3506567772937422, 0.3696399915725916, 0.3877225381524608, 0.40454453831678944, 0.4197391028995487, 0.43294489470237135, 0.4438199948861561, 0.45205638203299625, 0.4573941923273391, 0.4596348459685255, 0.4586521148816244, 0.45440028045323105, 0.4469186880711558, 0.436332238614797, 0.42284764620251153, 0.4067456090164443, 0.3883693533976592, 0.3681102874812133, 0.3463917102347608, 0.32365164334559177, 0.30032587657587956, 0.27683224307417, 0.2535569827480774, 0.2308438305832875, 0.20898621054059688, 0.18822265282013967, 0.16873530995512862, 0.15065124595676008, 0.13404602689005835, 0.118949055837076, 0.1053500690275367, 0.09320623446225842, 0.08244935856799654, 0.0729927959952289, 0.06473775999462975, 0.057578833393312254, 0.05140857477316864, 0.04612119414401142, 0.041615334890531236, 0.03779604256801947, 0.034576028314615495, 0.03187634686432027, 0.029626610323264396, 0.027764851380632432, 0.02623713727950157, 0.024997020357692017, 0.024004895075156726, 0.023227315761287417, 0.022636315548798205, 0.022208754797821983, 0.021925717702972535, 0.021771967888653994, 0.021735468197082775, 0.02180696554328533, 0.021979639092838874, 0.02224880810307048, 0.022611695009885333, 0.023067238819547038, 0.023615954085861274, 0.024259830895254353, 0.02500227190559118, 0.025848062843999153, 0.026803373558338305, 0.027875787041817333, 0.029074354419219805, 0.030409674028422047, 0.03189399306219033, 0.033541330092296553, 0.03536761678522447, 0.03739085656784246, 0.03963129751062063, 0.04211161558147583, 0.04485710327790243, 0.047895856771664067, 0.05125895269844949, 0.0549806028941577, 0.059098272355827736, 0.06365274181453782, 0.06868809227274529, 0.07425158408880636, 0.08039339857352573, 0.08716620517409877, 0.09462451330632365, 0.1028237645918466, 0.11181912014974647, 0.12166389881961583, 0.13240762756766933, 0.14409367518666638, 0.15675645665035487, 0.17041821828120143, 0.18508544467148333, 0.20074496630139552, 0.21735989208442422, 0.2348655409827248, 0.2531655990971953, 0.2721287779512143]
3.09459744285635	6.916688800856163	[0.2909876378189817, 0.31036976901287616, 0.3297675202929306, 0.34890439713888943, 0.367472919316638, 0.3851408073396844, 0.4015593289431092, 0.4163736649017319, 0.42923497853213716, 0.43981369412324856, 0.4478133257177215, 0.45298406786500617, 0.4551352841244904, 0.45414602180195757, 0.4499727524346356, 0.44265368706291375, 0.4323092349225919, 0.41913844556496804, 0.4034115720826847, 0.3854591870436814, 0.36565854200277076, 0.34441805922068414, 0.3221609600450132, 0.29930905886628095, 0.27626768488141595, 0.2534125484469218, 0.2310791635083584, 0.20955519878676274, 0.18907588365105646, 0.16982236606761777, 0.15192272818157293, 0.135455224658143, 0.12045322404020123, 0.10691130454746484, 0.0947919743453902, 0.084032543521444, 0.0745517564869808, 0.06625588874071567, 0.05904410789735608, 0.05281298891011464, 0.04746014954429542, 0.042887033197825684, 0.03900090919220254, 0.03571618866672044, 0.03295516729655911, 0.030648309066398916, 0.028734179191460877, 0.0271591238088981, 0.025876779653572428, 0.024847482478198166, 0.024037627896471046, 0.023419025475762495, 0.02296827488016055, 0.02266618375990562, 0.02249723902475984, 0.022449137800751123, 0.02251237971535553, 0.02267991969082465, 0.022946878140042013, 0.023310304825772333, 0.02376899176123607, 0.02432333088575934, 0.02497521206174289, 0.0257279577177314, 0.026586290523501265, 0.02755633134624815, 0.028645624787590643, 0.02986319035689868, 0.03121959722307392, 0.03272706101363884, 0.03439956073790648, 0.036252974100941616, 0.03830522868284753, 0.040576466180548866, 0.0430892155652119, 0.04586857009728581, 0.048942361061492086, 0.05234131935529812, 0.056099213070869264, 0.06025294652586516, 0.06484260221663754, 0.06991140357046681, 0.0755055716150213, 0.08167404463039052, 0.08846802509032449, 0.09594031487749376, 0.10414439667667184, 0.11313321909721527, 0.12295764450463613, 0.13366452455504793, 0.14529437821798744, 0.15787866352818844, 0.17143665638993966, 0.18597197988574932, 0.20146886376231654, 0.21788825717641805, 0.23516396462676797, 0.2531990241668508, 0.2718625923007329]
3.071503432088765	6.9948210027177335	[0.2903419587047848, 0.3093573447428631, 0.3283642470811034, 0.3470928504320099, 0.36524400596004775, 0.38249528192105453, 0.39850905332057435, 0.41294249353515583, 0.42545915567741616, 0.43574167412916726, 0.44350495528330025, 0.4485091150729533, 0.4505713446345263, 0.4495758871206052, 0.44548137164871143, 0.4383248959894836, 0.4282224526694267, 0.41536554962941724, 0.40001415417323527, 0.38248636412453507, 0.3631454543988861, 0.3423851311970629, 0.3206139395611143, 0.29823979104493126, 0.27565552400939747, 0.25322626928032055, 0.23127921126363793, 0.21009610406727205, 0.18990868028401847, 0.17089686479672675, 0.15318953440953684, 0.13686741750898937, 0.12196765634814714, 0.10848951047102957, 0.09640070650073107, 0.08564397607974356, 0.07614341201578217, 0.06781034615030425, 0.06054855716316775, 0.054258686543606376, 0.04884182914074158, 0.044202308346811714, 0.04024970400232092, 0.036900213802281985, 0.034077458783240484, 0.0317128322457116, 0.029745502469377457, 0.028122155154844185, 0.02679656383567429, 0.02572904799778642, 0.024885879479920874, 0.02423867069664702, 0.02376378126895383, 0.02344175638085848, 0.023256816449078347, 0.023196398385914172, 0.02325075780686371, 0.02341262541940044, 0.023676921790110352, 0.024040520780103932, 0.024502063914568415, 0.025061815408171796, 0.025721559924098896, 0.026484533354604503, 0.027355389263420293, 0.028340192191384596, 0.02944644117895985, 0.03068311550292407, 0.03206074648962472, 0.033591507791522736, 0.03528932804890599, 0.03717001807657954, 0.03925141587606107, 0.04155354048106624, 0.04409875635893948, 0.0469119370559488, 0.05002062694498082, 0.053455185919256964, 0.05724891141339869, 0.06143811696006469, 0.06606215540952041, 0.07116335862682797, 0.0767868740715859, 0.08298036165193788, 0.08979352332946217, 0.09727742139627571, 0.10548355258506573, 0.1144626312421921, 0.12426305088894073, 0.13492898543481485, 0.14649811582528657, 0.15899896953631598, 0.1724478967539236, 0.18684572132287142, 0.20217415421933024, 0.2183920835769293, 0.23543191435453614, 0.25319616173398624, 0.2715545588019191]
3.04840942132118	7.074469533079428	[0.2896469975313254, 0.3082908384432254, 0.32690271469130733, 0.3452195634624768, 0.3629506076688979, 0.37978326305076426, 0.39539097209401847, 0.4094428209471228, 0.42161464115977193, 0.43160114218393075, 0.4391284792776769, 0.44396655140430846, 0.44594026126097763, 0.4449389673214856, 0.44092342332480383, 0.4339296340357706, 0.42406924962521997, 0.4115263589579933, 0.3965508025337125, 0.379448383067874, 0.36056857943099163, 0.34029054463828484, 0.3190082734198132, 0.29711585078802877, 0.27499364010759875, 0.25299614695243317, 0.23144211980465657, 0.21060724193523878, 0.19071955316291403, 0.1719575374436204, 0.15445063963491268, 0.13828184475558858, 0.12349187103739649, 0.11008449432985458, 0.09803253041319716, 0.08728404537369046, 0.07776843150043562, 0.069402066973124, 0.06209336170879675, 0.0557470717590579, 0.05026783445530845, 0.04556293330577647, 0.04154434367588143, 0.038130138475813286, 0.035245348459920355, 0.032822377087530386, 0.03080106715926846, 0.029128508594212114, 0.02775866537375775, 0.02665188713951784, 0.025774358003500673, 0.025097523248149692, 0.024597523812118723, 0.024254659556068627, 0.024052894844734836, 0.02397941437617928, 0.024024232781063533, 0.02417985856827459, 0.024441010812391226, 0.024804385813237715, 0.025268470157595774, 0.025833396466155886, 0.026500838033080794, 0.0272739388948411, 0.028157276077823555, 0.029156851238443096, 0.030280109145351976, 0.03153598084755232, 0.032934949467782096, 0.03448913675041673, 0.03621240832822246, 0.038120495542907994, 0.04023113111011124, 0.04256419534402413, 0.045141868592780576, 0.04798878436537744, 0.05113217588995805, 0.05460200692528123, 0.058431075095364764, 0.06265507326059731, 0.0673125910587981, 0.07244503525477984, 0.07809644359797811, 0.08431316315535563, 0.09114336038931035, 0.09863632745373291, 0.10684154733555333, 0.11580748070267002, 0.12558003991495922, 0.13620072195900462, 0.14770438247100456, 0.16011664884798374, 0.1734509918624527, 0.18770550301397926, 0.20285945835760727, 0.21886978833535042, 0.2356676148758083, 0.25315505938677824, 0.27120256383584457]
3.025315410553595	7.1556729622807165	[0.28890033152766953, 0.3071676953654334, 0.3253802555899279, 0.3432817756586093, 0.36058988837542416, 0.3770018562811353, 0.39220214695055927, 0.40587167871964447, 0.41769844788198013, 0.427389103349406, 0.43468090403754056, 0.43935339325258865, 0.4412390680408594, 0.4402323213405153, 0.43629599761711435, 0.42946502835317857, 0.41984679501847866, 0.40761808939577293, 0.39301878415964697, 0.37634256665352406, 0.35792530167834874, 0.3381317532829791, 0.3173414949698291, 0.2959348640340641, 0.2742797689240402, 0.2527200469510119, 0.23156590827074883, 0.21108681040075167, 0.19150690649176608, 0.17300302027134756, 0.1557049372785459, 0.13969767744066802, 0.12502533374007024, 0.11169602625131499, 0.09968752555665322, 0.08895313711862145, 0.07942749880827239, 0.07103201792505016, 0.06367975228971434, 0.05727961522407117, 0.05173985066671805, 0.04697077935307195, 0.04288685816090579, 0.03940812292751086, 0.03646110121423957, 0.033979287970205524, 0.03190327573123046, 0.03018062449870746, 0.028765546443641255, 0.027618469118542415, 0.02670552887538162, 0.02599803494962841, 0.02547193441036692, 0.025107299542306408, 0.02488785197510479, 0.024800532293755038, 0.0248351194825963, 0.024983901510822526, 0.025241396136208606, 0.025604119700699927, 0.02607040082559347, 0.026640235632644248, 0.027315180988694204, 0.028098282485734177, 0.028994034048465876, 0.030008366431531257, 0.031148662090111783, 0.032423794224308924, 0.03384418789274985, 0.03542190121535384, 0.03717072453032192, 0.03910629518615614, 0.041246225126143995, 0.043610237805694875, 0.0462203099570268, 0.04910081252553357, 0.05227864342952846, 0.055783342895499737, 0.05964717968769451, 0.06390519387426898, 0.06859517858704746, 0.07375757990510155, 0.07943529034835842, 0.08567330800891478, 0.0925182300516253, 0.10001754688522022, 0.10821870192631271, 0.11716788249271742, 0.12690851036579887, 0.13747940708054224, 0.14891261951503243, 0.16123090694067743, 0.17444491157951522, 0.18855006146541028, 0.20352328640160386, 0.2193196644387981, 0.2358691554262692, 0.2530736174157855, 0.2708043369713136]
3.00222139978601	7.238471045084122	[0.28809935421184235, 0.3059851679313554, 0.32379400206318226, 0.3412765195376851, 0.3581588000386641, 0.3741479507333882, 0.3889394201911513, 0.40222587665191245, 0.41370736586320006, 0.42310233920631407, 0.4301590128917065, 0.434666434934229, 0.4364645787152529, 0.43545279003788484, 0.43159596948023626, 0.4249279942310475, 0.41555205005465445, 0.40363775313181594, 0.3894151671476141, 0.3731660441522583, 0.35521281792044246, 0.3359060295507745, 0.31561096301503255, 0.2946942899000403, 0.2735114874324924, 0.25239568520917466, 0.23164845587837785, 0.21153287860692094, 0.19226902718699898, 0.1740318454800107, 0.15695123050384857, 0.14111401189964337, 0.12656745142359374, 0.11332383538097901, 0.10136574830611057, 0.09065163312046784, 0.08112131280239901, 0.07270120041736301, 0.0653090131798084, 0.058857860161856144, 0.05325965309121118, 0.048427825176982554, 0.04427940017973874, 0.040736464855017036, 0.03772713190660608, 0.03518607090063976, 0.033054701715742804, 0.031281122876558584, 0.02981985532250419, 0.028631454999832114, 0.027682053213599657, 0.026942856689294577, 0.026389645775691972, 0.026002284885887104, 0.025764268025566854, 0.025662301169661207, 0.025685934242134965, 0.025827237214686726, 0.026080527467920934, 0.02644213943393752, 0.026910241109597718, 0.02748468730544648, 0.028166913456423973, 0.028959859935866906, 0.029867930805803886, 0.030896977491571873, 0.032054311689536055, 0.03334873852872287, 0.0347906145584347, 0.036391921785540925, 0.03816636221681403, 0.04012946375825732, 0.04229870119475476, 0.044693621917033285, 0.04733597852220397, 0.050249855699041904, 0.05346179079706471, 0.05700087191505362, 0.060898808832704585, 0.06518995559059651, 0.06991127460178391, 0.07510221480508249, 0.08080448739691773, 0.08706170494767351, 0.09391886151976196, 0.10142161444153983, 0.1096153425166553, 0.11854394119436347, 0.1282483339829331, 0.13876467055985967, 0.15012220826093522, 0.16234087317507387, 0.1754285332210184, 0.18937802535585235, 0.20416402543469633, 0.21973986787451166, 0.23603447463689362, 0.2529495735720607, 0.27035743376459503]
2.979127389018425	7.322904764441607	[0.287241255303898, 0.30474029473170383, 0.32214086446902235, 0.3392005982919802, 0.35565405971804775, 0.3712181957434205, 0.3855993910811625, 0.39850197889969863, 0.40963793827529604, 0.41873738386884723, 0.42555934223658676, 0.4299022249040822, 0.43161336314330556, 0.4305969728901695, 0.4268199756770233, 0.420315212504429, 0.41118174574508154, 0.3995821370425929, 0.38573679956239393, 0.3699157308238815, 0.3524281172670826, 0.3336104454284277, 0.31381384345263924, 0.2933914032138057, 0.2726861972512025, 0.25202061257029196, 0.2316874874204504, 0.2119433735391754, 0.1930040727796303, 0.17504243048966314, 0.15818822285520048, 0.14252986194902173, 0.12811756609087302, 0.11496760528749282, 0.10306722898863371, 0.09237991015340867, 0.08285058795786958, 0.07441065306869803, 0.06698248645303874, 0.06048342852745126, 0.05482911508491044, 0.04993616659286517, 0.04572425655159905, 0.04211761239633704, 0.03904601977065376, 0.036445409361666195, 0.03425810673348502, 0.032432821599826196, 0.03092444554084201, 0.029693717787021998, 0.028706808602579594, 0.0279348598672648, 0.027353513304251616, 0.02694244875687815, 0.02668494815984379, 0.02656749536882524, 0.026579417749946318, 0.026712572225035126, 0.026961076181082337, 0.0273210820906245, 0.02779059371833993, 0.02836932124231084, 0.029058572397039486, 0.029861176725262943, 0.0307814401468679, 0.03182512722756749, 0.032999468726555965, 0.03431319215657673, 0.03577657318740932, 0.03740150571188312, 0.039201588264018476, 0.041192224181866854, 0.043390732434732224, 0.04581646533420692, 0.048490928411007016, 0.05143789651346449, 0.05468351866294737, 0.05825640234474889, 0.06218766573417361, 0.06651094384640517, 0.0712623318181392, 0.07648024553664737, 0.08220517678336506, 0.08847931712970732, 0.09534602231340147, 0.10284908707783301, 0.11103179996150077, 0.11993574881146139, 0.12959935152160765, 0.1400560933181003, 0.15133246252497967, 0.16344559170037937, 0.17640063075255102, 0.190187903169844, 0.2047799254614983, 0.22012840228250705, 0.23616134380271117, 0.2527804851245242, 0.2698592166572626]
2.95603337825084	7.409016377271103	[0.2863229972141206, 0.30342987694868845, 0.32041750587809786, 0.33705056055057603, 0.35307212292572493, 0.3682089744903823, 0.38217838844083474, 0.39469627695624504, 0.40548643374491095, 0.41429049674627233, 0.42087815395990374, 0.42505703866538164, 0.4266817201956212, 0.42566120136240365, 0.42196438843867945, 0.41562310366305105, 0.40673235759723964, 0.39544777779285506, 0.3819802854078249, 0.36658830426546385, 0.34956795866613943, 0.3312418503382698, 0.3119470885947556, 0.2920232742037878, 0.2718011060837362, 0.2515921966321354, 0.23168055716089447, 0.21231606438555664, 0.19371005812067868, 0.1760330651971285, 0.1594145081410665, 0.1439441494214467, 0.1296749481965252, 0.11662696813196746, 0.1047919691449401, 0.09413833805674192, 0.084616055696963, 0.07616145391595047, 0.06870157749409793, 0.0621580273728062, 0.056450217672269445, 0.05149802693246103, 0.04722386171040274, 0.04355417824454791, 0.04042052543605935, 0.037760181711604036, 0.035516460520830906, 0.03363875655271441, 0.03208239834180103, 0.030808364741477298, 0.029782913403664006, 0.02897716031497993, 0.028366640685490545, 0.02793087394327671, 0.027652948934377662, 0.027519140199727624, 0.02751856185481048, 0.027642862503092155, 0.027885962151512924, 0.028243830582704774, 0.028714305463175858, 0.029296947952947232, 0.029992933161131382, 0.030804972812269727, 0.03173726742670243, 0.03279548554713182, 0.03398676757554288, 0.035319752007341006, 0.03680462179821903, 0.038453168668046704, 0.04027887288110194, 0.04229699583795517, 0.044524682220230115, 0.046981067838913315, 0.04968738829814155, 0.052667082496515645, 0.05594588339773785, 0.059551886824414896, 0.0635155868298815, 0.06786986393390432, 0.07264990977784143, 0.07789306908864387, 0.08363857692916143, 0.08992716670111416, 0.0968005220748739, 0.10430054475923853, 0.11246840977358587, 0.12134338163444243, 0.13096136873707312, 0.1413532002969182, 0.1525426206397251, 0.16454401038055544, 0.1773598629405989, 0.1909780684021776, 0.2053690839716191, 0.22048310078046535, 0.23624734824209073, 0.25256370775481596, 0.2693068336037083]
2.932939367483255	7.496849462358103	[0.2853412890709767, 0.30205045019076915, 0.3186203138912797, 0.3348226704170154, 0.35040915385018323, 0.3651163728603188, 0.3786724398571793, 0.390804757915605, 0.4012488150784349, 0.40975763071262244, 0.4161114041359181, 0.42012684728079064, 0.42166564681142965, 0.4206415081312135, 0.4170252852226711, 0.4108477981092681, 0.40220007637884986, 0.3912309334246723, 0.37814195669135237, 0.36318017762351895, 0.3466288445727473, 0.3287968462808334, 0.31000741277235616, 0.29058674590728173, 0.2708532056217552, 0.2511076017882828, 0.23162502943397786, 0.21264854560728616, 0.19438483910058055, 0.1770018984891466, 0.16062855770721154, 0.14535569453275965, 0.13123878789277213, 0.11830149926846197, 0.10653993711604519, 0.0959272788759491, 0.08641846458858445, 0.07795472428405328, 0.07046775993976179, 0.06388345747204689, 0.05812505917995555, 0.05311577026495776, 0.048780811790165586, 0.04504895711993662, 0.04185360904832017, 0.03913348240694142, 0.03683296253148563, 0.03490220599832937, 0.03329704713258906, 0.0319787642390638, 0.03091375340256132, 0.030073146994688976, 0.029432408119195265, 0.028970922794076683, 0.028671607519284815, 0.02852054257451876, 0.028506639300106655, 0.02862134435726636, 0.028858383597730717, 0.02921354448757997, 0.029684496859919536, 0.030270649120051996, 0.030973038560257817, 0.03179425237576773, 0.03273837783758407, 0.03381097827222134, 0.03501909343907775, 0.036371261127188255, 0.037877558641684336, 0.039549660959098565, 0.041400913965593346, 0.04344641905022755, 0.04570312664271333, 0.048189933772820236, 0.050927781628902956, 0.05393974609742306, 0.05725111466289492, 0.06088943948657161, 0.06488455634532365, 0.06926855499439932, 0.07407568595044339, 0.07934218422270715, 0.08510598989059805, 0.09140634115968535, 0.09828321563052214, 0.10577659251537766, 0.11392551073672495, 0.1227668977803509, 0.13233415041356433, 0.14265545341017374, 0.15375183490818445, 0.16563496923464535, 0.17830475839972965, 0.1917467437196939, 0.20592942690289448, 0.22080160622446748, 0.23628986463479373, 0.25229637241290875, 0.26869719234571976]
2.90984535671567	7.586448970503833	[0.2842925558508217, 0.30059825273880664, 0.3167453672978881, 0.33251287356390974, 0.3476609902665216, 0.3619361440880232, 0.37507723552981026, 0.3868230683064388, 0.3969207026604591, 0.4051343957040424, 0.411254706514992, 0.4151072812273301, 0.41656080204136925, 0.41553359162240766, 0.41199841370828555, 0.40598510175288094, 0.3975807744248592, 0.3869275503573814, 0.37421784138503045, 0.3596874683449411, 0.34360699091415314, 0.32627175870124875, 0.30799126467911525, 0.2890784075493031, 0.2698392466777005, 0.25056376555354204, 0.23151805701069028, 0.21293821667717355, 0.1950260947199059, 0.17794692187882746, 0.16182870669018812, 0.146763203897141, 0.13280818592374435, 0.1199907100798357, 0.10831106397630234, 0.09774708487729401, 0.08825858160869103, 0.07979163220194266, 0.07228258239583245, 0.06566162217972, 0.05985586734163336, 0.054791915529159095, 0.05039788183730639, 0.04660494479955054, 0.043348452113308344, 0.04056864537578953, 0.03821106778714979, 0.036226717619670605, 0.034572006624954174, 0.033208575743322366, 0.03210301349674995, 0.0312265141707622, 0.030554505834667373, 0.030066270902711217, 0.029744576399581914, 0.02957532559505912, 0.029547239041760587, 0.029651569408984658, 0.02988185253680414, 0.03023369495301118, 0.030704597319779075, 0.03129381206969556, 0.032002233447709916, 0.03283231752397279, 0.03378803006982522, 0.034874819783235145, 0.036099614791988276, 0.03747083998759576, 0.03899845312392987, 0.04069399711750295, 0.04257066617706436, 0.044643382650897005, 0.04692888137137794, 0.0494457971867544, 0.05221475086196006, 0.05525842699329425, 0.05860163659384207, 0.06227135496103751, 0.06629672394885597, 0.07070900524582814, 0.07554146938705264, 0.08082920245753841, 0.08660881056189906, 0.09291799967230682, 0.09979500735451313, 0.10727786174829375, 0.11540344414135842, 0.12420633326857325, 0.13371741431895112, 0.1439622423177464, 0.15495916028924528, 0.1667171860134908, 0.17923369919841953, 0.1924919816252908, 0.20645868753111588, 0.2210813474108207, 0.2362860357108238, 0.25197535764307444, 0.2680269315304774]
2.886751345948085	7.6778612770491925	[0.2831729027600103, 0.2990691884011629, 0.31478839757495947, 0.33011675761982745, 0.34482310298149277, 0.358663667486266, 0.37138808644554633, 0.3827464719126322, 0.3924973320673249, 0.4004160162968709, 0.4063032901978628, 0.40999358830995053, 0.4113624653192281, 0.41033277475953595, 0.40687915113319334, 0.40103045603606985, 0.3928699664608541, 0.3825332250985942, 0.37020362614010405, 0.35610596197945915, 0.3404982921084541, 0.32366260280788106, 0.30589479513497364, 0.28749456383686417, 0.2687557101724959, 0.2499573713330142, 0.23135655582773224, 0.2131822588566172, 0.19563130610394194, 0.17886595084174953, 0.16301313786788807, 0.14816525696481647, 0.13438214283600414, 0.12169404001224517, 0.11010523855670976, 0.09959809657666036, 0.09013719330361382, 0.08167339666946387, 0.07414767588717155, 0.06749453797549111, 0.061645012959152694, 0.05652915316187543, 0.052078045369977476, 0.04822536040245053, 0.04490848242214048, 0.0420692713342552, 0.03965451646353068, 0.03761614010132193, 0.03591120627254532, 0.034501784816775696, 0.03335471413919994, 0.032441299011894575, 0.031736972721402856, 0.03122094651099699, 0.030875863442007306, 0.030687469051787635, 0.03064430709148831, 0.03073744557473019, 0.03096023583918883, 0.03130810564163391, 0.031778385935298956, 0.03237017023290195, 0.03308420481966174, 0.03392280788042466, 0.03488981535259735, 0.03599055136454203, 0.03723182100175032, 0.03862192322916505, 0.040170681638892716, 0.04188949066667137, 0.04379137458831446, 0.04589105635231623, 0.04820503269098863, 0.050751651366526776, 0.05355118541798341, 0.056625898272094626, 0.06000009214339512, 0.0637001306834516, 0.06775442494748349, 0.07219336986959647, 0.077049216223777, 0.08235586100046294, 0.088148536973317, 0.09446338056935819, 0.10133685582159345, 0.10880501190299868, 0.11690255246929396, 0.12566169761959892, 0.1351108237572571, 0.14527287388030968, 0.15616354084329692, 0.16778923963765136, 0.18014490142743006, 0.19321164221038964, 0.2069543815897195, 0.2213195116629694, 0.23623274052319423, 0.2515972576788819, 0.26729238686897855]
2.8636573351805	7.771134236912406	[0.2819780738864204, 0.2974587828545908, 0.3127447441535913, 0.32762950566358157, 0.3418905486694904, 0.355293900037705, 0.36759987568854596, 0.37856980033696713, 0.38797350467255853, 0.3955972820227104, 0.4012519502594887, 0.40478058440730125, 0.40606548773239265, 0.40503395673010795, 0.4016624567612199, 0.3959788912431569, 0.38806276376837534, 0.37804315958349843, 0.3660946126303039, 0.35243107002804175, 0.3372982800747457, 0.3209650444287225, 0.3037138192836122, 0.2858311993587289, 0.26759877308286995, 0.24928481694265206, 0.23113717528891975, 0.21337760844973364, 0.19619773179101097, 0.17975660343317335, 0.16417986257124673, 0.1495602906178321, 0.1359595461160832, 0.12341084770700518, 0.1119223013260197, 0.1014806408509988, 0.09205510678734424, 0.0836012930161632, 0.07606476213825074, 0.06938434710762273, 0.06349502538234605, 0.05833036480063449, 0.05382449670526587, 0.049913672664589244, 0.046537402625380433, 0.04363925992161912, 0.04116736791467265, 0.03907466025268897, 0.03731892882496571, 0.03586274427698609, 0.03467325345606136, 0.033721925816258796, 0.03298424106688397, 0.03243937689055393, 0.032069878381121464, 0.03186135713734789, 0.03180219397786149, 0.031883285392276715, 0.03209780299570656, 0.032441001051525586, 0.03291003897802946, 0.03350385092693875, 0.03422302854096488, 0.035069747352429244, 0.03604770295133778, 0.03716208651879633, 0.038419566159346115, 0.03982830308575975, 0.041397969287318995, 0.04313979520061703, 0.045066613819311735, 0.047192928991768794, 0.04953497353558605, 0.05211078370647727, 0.054940254050652025, 0.05804519735189274, 0.06144937118506121, 0.06517849324079579, 0.06926020349118177, 0.07372399214867872, 0.07860104735772101, 0.08392403806387878, 0.08972678185053615, 0.09604381028828977, 0.1029097787499671, 0.11035873259935405, 0.11842317735874726, 0.1271329688979165, 0.1365139783795242, 0.14658656003884865, 0.1573637934321684, 0.1688495510680078, 0.18103639206757538, 0.19390336740476496, 0.20741377781264572, 0.2215130130637139, 0.23612655937160246, 0.2511583454360235, 0.26648955129586643]
2.840563324412915	7.866317242287746	[0.2807034022227342, 0.29576213363522796, 0.31060930061443326, 0.3250458427223699, 0.3388579133777989, 0.3518213204764916, 0.3637070003338651, 0.3742873956657579, 0.3833435289096217, 0.39067248951233835, 0.3960949892467811, 0.3994625958820955, 0.40066423450814737, 0.3996315563529264, 0.39634281601804827, 0.3908249714445292, 0.3831538205682346, 0.37345210827714037, 0.3618856667526547, 0.3486577797810242, 0.33400207682585054, 0.3181743531877234, 0.30144377317988746, 0.28408393574559754, 0.2663642696685328, 0.24854217644777832, 0.23085626481807625, 0.2135209240547053, 0.1967223803233485, 0.18061627370401626, 0.16532670002326735, 0.1509465794830763, 0.1375391569431648, 0.12514039887260747, 0.11376203912128761, 0.10339502689704266, 0.09401315284632254, 0.08557665727099145, 0.07803566521499562, 0.07133333043382374, 0.06540861256794665, 0.06019864435567154, 0.055640679014658724, 0.05167362870256457, 0.04823922558537059, 0.04528284535711432, 0.04275404240064064, 0.040606844570499206, 0.03879985736799466, 0.03729622057476927, 0.03606345848184458, 0.03507325609635699, 0.034301190890979286, 0.033726441073878205, 0.03333148923502895, 0.033101832856473515, 0.03302571233454667, 0.03309386125473086, 0.03329928408647151, 0.03363706183098706, 0.03410418756259792, 0.034699430101544707, 0.035423226101971066, 0.036277597727007366, 0.03726609546841648, 0.0383937628679393, 0.039667122397124756, 0.0410941790529074, 0.042684440678522256, 0.044448951262909986, 0.046400335759239436, 0.0485528520254857, 0.05092244752123607, 0.053526815173590536, 0.05638544452843326, 0.059519660720952924, 0.06295264513600876, 0.0667094276569721, 0.0708168414020196, 0.07530342655818945, 0.08019927075253933, 0.08553576904992057, 0.09134528771710129, 0.09766071202160904, 0.1045148603249987, 0.11193974424957029, 0.11996565873454786, 0.12862008599825359, 0.13792640491863806, 0.14790240170861274, 0.15855859010805645, 0.16989635901491873, 0.18190598335079552, 0.19456454898122247, 0.20783386484545233, 0.22165845348597918, 0.23596373406673296, 0.2506545275029998, 0.2656140295597645]
2.81746931364533	7.963461283161722	[0.2793437539178788, 0.29397384777305957, 0.30837645407554937, 0.3223599696563647, 0.3357192483223145, 0.3482398607452081, 0.3597033048606669, 0.3698930407268246, 0.3786011524091104, 0.385635372657154, 0.39082614902545454, 0.39403339061375026, 0.39515251743970325, 0.3941194448278956, 0.39091417427235675, 0.3855627297164159, 0.37813726987295604, 0.36875431656074353, 0.35757115724594335, 0.3447805965499542, 0.3306043365614052, 0.3152853492760824, 0.2990796601071737, 0.28224798371168847, 0.26504764281706183, 0.24772515824947225, 0.23050983108592044, 0.21360855150402203, 0.19720197424235056, 0.18144210431345226, 0.16645124898565505, 0.15232221700433562, 0.13911959031544988, 0.12688185651526254, 0.11562417446111316, 0.1053415461613088, 0.0960121849489224, 0.08760089609970141, 0.08006232046738987, 0.07334392737574143, 0.0673886798638543, 0.06213732765495525, 0.05753031250940043, 0.0535092926883954, 0.05001831119565457, 0.047004643194194375, 0.04441936551036399, 0.04221769291140567, 0.04035912614499769, 0.03880745310855793, 0.03753064109757453, 0.036500652236717196, 0.03569320972942283, 0.035087536611527526, 0.03466608473846722, 0.03441426674412595, 0.03432020090104976, 0.03437447507966367, 0.034569934392914475, 0.03490149451647257, 0.03536598202976284, 0.03596200137245817, 0.036689828024441956, 0.03755132630593581, 0.03854989058378751, 0.03969040774004833, 0.04097923930189573, 0.0424242207866746, 0.04403467634755316, 0.045821445897606575, 0.04779692228751544, 0.0499750950287705, 0.05237159722165033, 0.05500375099886969, 0.05789060666135423, 0.061052969007486815, 0.06451340388558227, 0.06829621598791834, 0.07242738813261994, 0.07693447002295166, 0.08184640357179675, 0.08719326964289734, 0.09300594041749684, 0.09931561990939052, 0.10615325545968925, 0.11354880277305522, 0.12153032935251148, 0.1301229435251483, 0.1393475418226812, 0.14921937373807143, 0.15974643294303412, 0.17092769519516238, 0.18275123821350855, 0.19519229463720125, 0.2082113080589158, 0.22175208030780433, 0.23574011710730808, 0.2500812945271443, 0.26466098096739865]
2.794375302877745	8.06261901081444	[0.27789345719578556, 0.29208797194804453, 0.30604000880679066, 0.31956548832719883, 0.3324679897833227, 0.3445428276547801, 0.35558199883824615, 0.36537987862231514, 0.373739478855791, 0.38047902126464705, 0.3854385280374921, 0.3884860968872845, 0.3895235136253556, 0.3884908658462201, 0.3853698580141094, 0.3801855903700564, 0.3730066479758452, 0.363943445929023, 0.35314488431968316, 0.34079347267574006, 0.32709917926409204, 0.3122923371431496, 0.2966159899973021, 0.2803180823522758, 0.2636438901892707, 0.24682905097014823, 0.23009349182573466, 0.21363647736375493, 0.19763291254187237, 0.1822309486796265, 0.16755085980044354, 0.15368508724377186, 0.14069929755718347, 0.12863426328386415, 0.11750835924817363, 0.10732046593240777, 0.09805308464311892, 0.08967549207276032, 0.08214679181081873, 0.0754187529403557, 0.06943835899218731, 0.06415002090256743, 0.05949743455178489, 0.05542508503487027, 0.05187941668197046, 0.04880969917809292, 0.04616862741916789, 0.04391269570947544, 0.042002387343081114, 0.04040221833931109, 0.039080670831834134, 0.03801004700005991, 0.0371662699486914, 0.036528653008369875, 0.036079654757418554, 0.035804632876236836, 0.03569160675386553, 0.03573103567429623, 0.03591561730748303, 0.03624010917023434, 0.03670117453184347, 0.037297252969265365, 0.03802845522799607, 0.03889648128965113, 0.03990456037930291, 0.0410574111654953, 0.04236122040610571, 0.043823637900747975, 0.045453785617459073, 0.0472622784152528, 0.04926125367632549, 0.05146440655387692, 0.053887027225720904, 0.05654603569231371, 0.05946000906721766, 0.06264919516165231, 0.06613550527243058, 0.06994247764447604, 0.07409520193207556, 0.07862019335625514, 0.08354520403204746, 0.08889895739458013, 0.09471079073693522, 0.10101018992559342, 0.10782620041348309, 0.1151866991376315, 0.12311751387692206, 0.13164137961564562, 0.1407767265452294, 0.1505363009722396, 0.16092562962917645, 0.17194134896302987, 0.18356943466642386, 0.19578338189157102, 0.20854240349713635, 0.22178973061097826, 0.235451116316128, 0.24943365702497505, 0.263625056043585]
2.77128129211016	8.163844804484478	[0.27634622074872495, 0.29009790514014133, 0.3035930978838557, 0.3166553086760316, 0.3290968658375498, 0.3407228062157822, 0.3513355604714924, 0.36074031402030354, 0.3687508699449325, 0.37519578185709007, 0.3799244831032312, 0.3828131050750921, 0.38376966839350657, 0.38273833937725027, 0.3797024800502498, 0.3746862759482016, 0.3677548029785476, 0.3590124852303035, 0.34859999253666996, 0.33668972402414327, 0.3234801089672075, 0.30918902827755307, 0.29404670415399514, 0.2782884292852527, 0.26214749652636443, 0.2458486620817884, 0.22960241690430155, 0.21360027721131578, 0.19801122170844693, 0.18297933007014452, 0.1686225965822593, 0.15503283589134656, 0.14227654075422547, 0.130396525370699, 0.11941416236121986, 0.10933202687975346, 0.10013676294296339, 0.09180201526754948, 0.08429128717761335, 0.07756062340841137, 0.0715610374011656, 0.06624064002626678, 0.06154644228282397, 0.057425834527752226, 0.053827751450054244, 0.05070355289611645, 0.04800764854837884, 0.04569790758401721, 0.043735885915779184, 0.042086911622157365, 0.04072005708121648, 0.039608031796562464, 0.038727016595731904, 0.03805646469308541, 0.037578882083697474, 0.03727960492105607, 0.03714657949911103, 0.03717015640496582, 0.03734289953507452, 0.03765941736319788, 0.03811621400312258, 0.03871156486612037, 0.039445412650866124, 0.04031928699382322, 0.04133624257267071, 0.04250081817786564, 0.043819011035664004, 0.04529826836713431, 0.04694749005837818, 0.048777043887509114, 0.05079878662195942, 0.05302609166307651, 0.055473875644128395, 0.058158623495295284, 0.061098402993297954, 0.06431286664735088, 0.06782323001103932, 0.07165222210573961, 0.07582399465072452, 0.08036398328247069, 0.08529870489726808, 0.09065548191260009, 0.09646207550725527, 0.10274621723630192, 0.1095350206263591, 0.11685426312581364, 0.12472752284165341, 0.13317516566944967, 0.1422131753921234, 0.1518518338877751, 0.16209425938446695, 0.17293482921591133, 0.18435751836925868, 0.1963342070526867, 0.20882301814826115, 0.22176676839171167, 0.23509162419343665, 0.24870607232965689, 0.2625003166236853]
2.748187281342575	8.267194841387147	[0.2746950332692718, 0.2879962945586813, 0.30102807474814375, 0.31362153771044493, 0.3255977821545453, 0.3367715438422763, 0.34695561874712333, 0.3559658946032051, 0.36362682582969286, 0.3697771382125212, 0.37427550992925607, 0.37700594892714057, 0.37788257744297443, 0.3768535451925163, 0.37390382469346545, 0.3690566943369756, 0.36237378433711837, 0.35395364264272267, 0.3439288659729478, 0.3324619280791175, 0.3197399157838476, 0.30596844669250556, 0.29136508544314826, 0.2761525948538548, 0.2605523533478103, 0.24477824220842512, 0.22903125892248943, 0.21349505145783987, 0.19833249863691388, 0.18368339035769304, 0.1696631938220893, 0.15636283329137882, 0.14384936430005812, 0.1321673909802598, 0.12134105717910842, 0.11137643786305734, 0.10226416453844446, 0.09398213493463779, 0.08649817968921826, 0.07977258489884181, 0.07376039616968608, 0.06841345565358314, 0.06368214649661305, 0.05951683870185439, 0.05586904566754202, 0.052692312078991825, 0.04994286118163047, 0.04758003373919269, 0.04556655227695544, 0.0438686436623303, 0.04245605078230907, 0.04130196107776724, 0.04038287593612504, 0.03967844127307578, 0.039171255816524427, 0.03884667030283467, 0.03869258762759318, 0.03869927148648828, 0.0388591687299886, 0.03916674898444518, 0.03961836355830069, 0.04021212466342066, 0.04094780502999018, 0.041826757474236795, 0.04285185339519229, 0.04402743892398789, 0.045359307047588726, 0.04685468387518447, 0.04852222684662031, 0.05037203249778298, 0.05241565094796156, 0.05466610396099735, 0.05713790281659994, 0.05984706171702398, 0.06281110161964133, 0.06604903864309258, 0.06958135013155461, 0.07342991051108955, 0.07761788784613989, 0.08216959096644309, 0.0871102558343164, 0.09246575896846305, 0.09826224493394678, 0.10452565471592344, 0.11128114197690697, 0.11855236537863834, 0.1263606471371412, 0.13472399142681618, 0.14365596096266556, 0.15316441667597042, 0.16325013356335105, 0.17390531596196038, 0.1851120471384889, 0.19684072125888505, 0.20904851956655376, 0.2216780065237596, 0.23465593429099216, 0.24789235429949746, 0.2612801409332117]
2.72509327057499	8.372727170290881	[0.2729320414334279, 0.2857749079489617, 0.2983363813843258, 0.3104553433995122, 0.32196168302692507, 0.33267980846017997, 0.34243280986776214, 0.3510471658621281, 0.35835783932536475, 0.3642135651088352, 0.3684820972292521, 0.3710551603049539, 0.3718528428116141, 0.3708271804275559, 0.3679647073301436, 0.3632878008382422, 0.3568547076564552, 0.34875821384477346, 0.3391229998036238, 0.3281017997658946, 0.31587055584431206, 0.3026228139731231, 0.28856364817989094, 0.27390341801946433, 0.25885166044344915, 0.2436113935406193, 0.22837406801597762, 0.2133153479919732, 0.19859184045267603, 0.18433882857894354, 0.17066900288544015, 0.15767213049909792, 0.1454155595709354, 0.13394542525657926, 0.12328840566453501, 0.1134538707711951, 0.10443627212339171, 0.09621763483183918, 0.08877003255005593, 0.08205794922041502, 0.07604045519039926, 0.07067314888304554, 0.06590983620800965, 0.06170393831734789, 0.05800963272166211, 0.05478274402233196, 0.05198140782901873, 0.04956653615156043, 0.04750211424414985, 0.04575535902781453, 0.04429676742528477, 0.04310008063119531, 0.042142186998566124, 0.04140298310312418, 0.04086520898775117, 0.040514270670731795, 0.040338059936848684, 0.040326779166224735, 0.04047277663024385, 0.04077039615709582, 0.04121584344921581, 0.04180707043367316, 0.042543677952198745, 0.043426836639634626, 0.04445922512176519, 0.0456449844653561, 0.04698968727937588, 0.048500319771897796, 0.05018527457675533, 0.05205435205028293, 0.0541187671830651, 0.056391159046209, 0.05888559899218663, 0.061617593430429565, 0.06460407610727484, 0.06786338422003976, 0.07141521161226677, 0.07528053152994055, 0.0794814802169954, 0.08404119182023952, 0.08898357394392051, 0.09433301261275753, 0.10011399470022742, 0.10635063597883194, 0.11306610323230816, 0.12028192030751893, 0.12801714999425776, 0.13628744719317862, 0.14510398337396602, 0.15447224877081125, 0.16439074641784013, 0.17484960174957068, 0.18582912215561823, 0.19729835301236998, 0.2092136890223159, 0.22151761214758728, 0.2341376382993122, 0.24698556375564548, 0.2599571069845346]
2.701999259807405	8.48050178886718	[0.2710483989224718, 0.2834244766183787, 0.29550838530519125, 0.3071467872401374, 0.3181783795720039, 0.32843721381347596, 0.3377565998021113, 0.34597349216900397, 0.352933215725237, 0.3584943479470324, 0.3625335464657102, 0.36495008988230637, 0.3656698949509857, 0.36464878365135756, 0.3618748010224127, 0.35736942771759145, 0.35118758786420123, 0.3434164190388618, 0.3341728420140488, 0.32360003790342745, 0.3118630034962808, 0.2991434071257162, 0.28563400280332685, 0.2715328776248399, 0.25703780506255136, 0.24234095658350754, 0.22762418764057324, 0.21305506650718545, 0.19878375896984535, 0.18494082489411498, 0.1716359271326843, 0.1589574047860077, 0.14697262249809442, 0.1357289789826556, 0.12525543984182863, 0.11556445365487585, 0.10665411275027198, 0.09851043147625341, 0.09110963063380374, 0.08442033725731682, 0.07840562962924963, 0.07302487907877851, 0.06823535888231957, 0.06399360810542123, 0.06025655141532572, 0.056982387173876645, 0.05413126300152941, 0.051665763383101235, 0.049551235586300785, 0.04775598124766905, 0.04625133934061473, 0.04501168488472886, 0.044014364513801654, 0.04323958773955011, 0.04267028915546003, 0.04229197458795038, 0.04209256096437306, 0.04206221794273945, 0.04219321674067501, 0.042479790509877075, 0.042918008631664145, 0.043505666778454036, 0.04424219312720754, 0.04512857098882975, 0.046167277005464386, 0.04736223419133447, 0.04871877816969344, 0.050243635184710755, 0.05194490960094389, 0.05383207881734674, 0.055915992610640446, 0.058208874039631604, 0.06072431801005105, 0.06347728356314097, 0.06648407475840849, 0.06976230481420917, 0.0733308368222952, 0.07720969401590361, 0.08141993114798067, 0.08598345820064912, 0.09092280633869619, 0.0962608259472539, 0.10202030574201425, 0.10822350255924539, 0.11489157155567443, 0.1220438884583949, 0.12969725727042203, 0.13786500074007013, 0.1465559350038389, 0.15577323631869297, 0.1655132146883648, 0.17576401847283316, 0.18650430353622588, 0.19770191181647068, 0.20931261488015881, 0.22127898929417153, 0.23352949966674352, 0.2459778727787976, 0.25852284931997566]
2.67890524903982	8.590580725048426	[0.2690340786015438, 0.2809344993818867, 0.29253317666491024, 0.3036846151748294, 0.3142363357876301, 0.3240320013145786, 0.3329150631539366, 0.3407328333195116, 0.34734084810533933, 0.35260735746520516, 0.3564177469135821, 0.35867868320412477, 0.35932177057580933, 0.35830651516540196, 0.35562241991950877, 0.35129007142076535, 0.34536113078126324, 0.3379171996227019, 0.3290675956289724, 0.3189461338085586, 0.30770706666807646, 0.2955203815977507, 0.282566686878703, 0.26903193235679496, 0.2551022111102502, 0.24095886963569124, 0.22677412455086796, 0.21270734007855424, 0.19890207401351293, 0.18548394677164623, 0.17255934102033926, 0.160214892752563, 0.14851770062219286, 0.13751615060143182, 0.12724123855576516, 0.11770826312737451, 0.10891876545027972, 0.10086259772028872, 0.09352001937158887, 0.08686373370372519, 0.08086079962903843, 0.07547436885925905, 0.07066521960614204, 0.06639307022687635, 0.06261767241404136, 0.05929969049324963, 0.056401384034889396, 0.053887112657965544, 0.051723687812201595, 0.049880594017897496, 0.04833010474618772, 0.047047313468293994, 0.04601010142952276, 0.04519905809081205, 0.044597370680271975, 0.04419069365376556, 0.043967009517738534, 0.043916487275678574, 0.044031345863474174, 0.044305725353140805, 0.04473557030026844, 0.04531852559194956, 0.046053847151061506, 0.04694232627474923, 0.047986228651988636, 0.04918924581903675, 0.050556459211741435, 0.05209431384197349, 0.05381060104465673, 0.05571444665048834, 0.05781630328998362, 0.06012794239640876, 0.06266244369741869, 0.0654341767436149, 0.06845877108966766, 0.07175306838128205, 0.07533505153329478, 0.07922374274258598, 0.08343906396487341, 0.08800165009305334, 0.09293260710399533, 0.09825320435164775, 0.10398449268216196, 0.11014683766239312, 0.11675936065287344, 0.1238392793243904, 0.13140114418562, 0.13945596842871782, 0.14801025547188157, 0.1570649316955693, 0.16661420135917107, 0.1766443462606048, 0.18713250428956776, 0.19804546830018116, 0.2093385590440403, 0.22095463290664225, 0.23282329553989, 0.24486039593378822, 0.2569678800064898]
2.655811238272235	8.703028122639086	[0.2668776354474692, 0.27829299527715357, 0.2893983121588815, 0.3000559938022447, 0.3101223984304747, 0.3194507647016045, 0.32789460387071534, 0.3353114623578081, 0.34156693342662703, 0.3465387651217785, 0.35012089136671903, 0.35222719765957167, 0.3527948318338063, 0.35178687926659774, 0.3491942454497821, 0.3450366235645396, 0.33936246967638395, 0.3322479611744751, 0.32379496884435505, 0.3141281294608711, 0.3033911537514853, 0.2917425478005718, 0.27935095192356796, 0.2663903188395506, 0.2530351491499073, 0.2394559916991203, 0.22581538522729536, 0.21226438611887738, 0.19893977946096697, 0.18596203110537726, 0.17343398876427782, 0.16144030646223959, 0.15004752704069443, 0.13930473878300764, 0.129244698826345, 0.1198853151406165, 0.11123137137746357, 0.10327639267571945, 0.09600455414463735, 0.089392556080206, 0.08341139836104831, 0.07802801106980702, 0.0732067061201354, 0.06891043699471552, 0.06510185755638517, 0.06174418876197998, 0.05880190110788358, 0.05624123383913335, 0.05403056668949821, 0.05214066941545278, 0.050544846182056916, 0.0492189989863821, 0.04814162454685172, 0.04729376505017793, 0.04665892292508155, 0.04622295545269056, 0.04597395501551414, 0.04590212656877912, 0.04599966444672352, 0.04626063671356249, 0.04668087640929665, 0.047257885449216865, 0.04799074862357994, 0.04888006177579501, 0.04992787034810438, 0.05113762122646265, 0.052514123214009945, 0.054063518212018824, 0.055793257747643626, 0.05771208616148028, 0.05983002438847169, 0.06215835480648369, 0.06470960023226824, 0.06749749652360591, 0.07053695079677394, 0.07384398349391276, 0.0774356450386405, 0.08132990395221272, 0.08554549583901819, 0.09010172883229056, 0.09501823384007835, 0.10031465440555358, 0.10601026426492428, 0.1121235078180063, 0.11867145295753061, 0.12566915396612238, 0.1331289179187037, 0.14105947792459678, 0.14946507427855832, 0.15834445647737977, 0.16768981905178146, 0.17748569796965327, 0.18770785628634834, 0.1983222025888394, 0.20928378836395184, 0.22053594442234764, 0.2320096173673779, 0.2436229771876581, 0.25528136286927977]
2.63271722750465	8.81791033144863	[0.2645659031651506, 0.27548618752922677, 0.2860894872883635, 0.29624617311773527, 0.3058214512681349, 0.31467809782810413, 0.32267959764952137, 0.32969360442347123, 0.33559560892278895, 0.34027267861991056, 0.3436271119170982, 0.345579839876521, 0.3460734064644745, 0.34507436830677785, 0.34257497548318916, 0.338594026137248, 0.33317682778702096, 0.3263942440550731, 0.31834085509891535, 0.3091323076560373, 0.29890197535017604, 0.2877970849361511, 0.27597449095951876, 0.2635962932751271, 0.2508254939048752, 0.23782187608532587, 0.22473826745985426, 0.21171731604949356, 0.19888887292988552, 0.1863680338707646, 0.1742538558936589, 0.16262872664794276, 0.15155833712690145, 0.14109218217007777, 0.13126450033668663, 0.12209555344102316, 0.11359314773232915, 0.1057543000012329, 0.09856696415966822, 0.0920117427390673, 0.08606352507136754, 0.08069300505804083, 0.07586804891476935, 0.07155489265372325, 0.06771916361355902, 0.06432672591857727, 0.06134436020593884, 0.058740289424130475, 0.05648456915130902, 0.054549359011366566, 0.05290909560832191, 0.0515405833678251, 0.05042302186672489, 0.049537983142731945, 0.048869353965928466, 0.0484032527153458, 0.0481279319129868, 0.04803367235223066, 0.04811267640390716, 0.048358963392021385, 0.04876827191292226, 0.049337969727729525, 0.05006697414488899, 0.05095568194204229, 0.052005910380593844, 0.05322084726807535, 0.05460501064317435, 0.056164215220441134, 0.05790554537513524, 0.059837331076878254, 0.06196912577598837, 0.06431168186887264, 0.06687692186934474, 0.06967789998682108, 0.07272875120398777, 0.0760446214685834, 0.0796415749268971, 0.08353647064836056, 0.08774680361815775, 0.09229050142543241, 0.09718567059571245, 0.10245028352533217, 0.10810179997300326, 0.11415671477311018, 0.12063002729398929, 0.12753462700805318, 0.13488059470141903, 0.14267441927618327, 0.15091813693945233, 0.15960840187993008, 0.1687355061607602, 0.17828237064518465, 0.18822353873813266, 0.1985242097989228, 0.20913935909916848, 0.22001299553207612, 0.23107761609700186, 0.2422539171470458, 0.25345082501349164]
2.609623216737065	8.935296002226947	[0.2620836008231061, 0.2724980927957566, 0.28259011123472694, 0.2922380481495826, 0.3013159663279244, 0.309696136771586, 0.3172519275064212, 0.3238609671069965, 0.32940847954064817, 0.33379066782327027, 0.33691800631787994, 0.3387182939953254, 0.33913931962865523, 0.3381509996370447, 0.33574686772716156, 0.3319448230310427, 0.32678707904555576, 0.32033929516960946, 0.31268891668197074, 0.3039427894827311, 0.2942241562183482, 0.2836691696143317, 0.27242308420199246, 0.26063629661252646, 0.24846040910933884, 0.2360444775192859, 0.22353158970884957, 0.21105588960683333, 0.1987401348140192, 0.1866938366296299, 0.17501200275098647, 0.16377446591582553, 0.1530457606589253, 0.14287548301638564, 0.13329905944422873, 0.12433883631946362, 0.11600540570558449, 0.10829907910308714, 0.10121143491738069, 0.09472686829835517, 0.08882409103650568, 0.0834775344534428, 0.0786586279572584, 0.07433692997001742, 0.07048110548852249, 0.06705974544010393, 0.06404203714004168, 0.061398292504034654, 0.05910035145893547, 0.05712187235621408, 0.055438529388409014, 0.05402812936836855, 0.05287066678955673, 0.051948327419747954, 0.051245456431789654, 0.05074849813105898, 0.05044591985553486, 0.05032812386476022, 0.05038735662851211, 0.050617616568571985, 0.051014567096719095, 0.05157545388546424, 0.052299031288900164, 0.05318549532745137, 0.05423642675944442, 0.055454740571685326, 0.056844644378362355, 0.05841160124087675, 0.06016229855171198, 0.06210461777368593, 0.064247605872236, 0.06660144248258958, 0.06917740278168358, 0.07198780925408514, 0.07504597134745397, 0.07836610524561012, 0.08196323170990236, 0.08585304323729405, 0.09005173751776353, 0.09457580766176851, 0.09944178558427454, 0.10466592882676147, 0.11026384745241632, 0.11625006226435311, 0.12263749272271117, 0.1294368686556033, 0.13665606811919226, 0.1442993809648321, 0.1523667073430132, 0.16085269928453697, 0.1697458645880846, 0.179027652713018, 0.1886715543741555, 0.19864224779534773, 0.20889483624055497, 0.21937422193347522, 0.2300146707464538, 0.24073961947991535, 0.25146178181047346]
2.58652920596948	9.05525618670938	[0.25941281286500056, 0.26930997926797534, 0.27888074488324294, 0.28801158033200025, 0.2965854105730173, 0.30448395504964654, 0.3115903695398487, 0.31779211972902466, 0.32298399275829004, 0.327071137768838, 0.32997201122090725, 0.331621097461102, 0.33197127430730294, 0.3309957026298084, 0.3286891354752952, 0.3250685662497407, 0.3201731669375592, 0.3140635009611118, 0.3068200341746934, 0.2985410014839153, 0.28933972259817253, 0.27934148445238727, 0.2686801315277885, 0.2574945117935735, 0.24592493227158466, 0.23410976514816562, 0.22218233518987351, 0.2102681905225035, 0.19848283841528727, 0.18692999137761743, 0.17570034685143004, 0.1648708885618632, 0.15450468172767254, 0.14465110674124657, 0.13534647074516498, 0.12661491927755747, 0.11846957623610536, 0.11091383255238757, 0.10394271882239221, 0.09754429545206007, 0.0917010136016015, 0.08639100088220157, 0.0815892465993002, 0.0772686612646589, 0.0734010044198009, 0.06995767221628023, 0.06691035274187378, 0.06423155145831977, 0.06189500275703831, 0.059875975376990825, 0.05815149070968738, 0.056700462918734755, 0.05550377949742265, 0.05454432980185688, 0.05380699792267494, 0.05327862486373871, 0.05294795346896867, 0.0528055582788894, 0.05284377092099317, 0.05305660074155097, 0.053439658888545793, 0.05399008359276134, 0.05470647299307265, 0.05558882179832801, 0.05663846673302986, 0.05785803599787741, 0.05925140662490417, 0.06082366414283922, 0.06258106755069152, 0.06453101330554363, 0.06668200050045656, 0.06904359022594882, 0.07162636044111191, 0.07444184857204245, 0.07750248225410195, 0.08082148960233068, 0.08441278850154654, 0.08829084550520043, 0.0924705030411579, 0.09696676497109089, 0.10179453881895885, 0.10696832478564199, 0.11250185032326973, 0.11840764158035307, 0.12469653235694703, 0.13137710481789133, 0.13845506650038997, 0.14593256314484068, 0.1538074383137917, 0.1620724472958025, 0.17071444529709742, 0.17971356780558373, 0.18904243404393808, 0.1986654029272402, 0.20853792331656054, 0.218606018082077, 0.22880595136117743, 0.23906412338154742, 0.249297242326194]
2.5634351952018952	9.17786444309408	[0.25653228945201717, 0.26589963670794275, 0.27493834439038656, 0.2835430178731933, 0.2916054468633248, 0.29901674843638826, 0.30566976524216904, 0.31146165632148454, 0.3162965956534041, 0.3200884828673755, 0.32276355667509266, 0.3242627987296105, 0.32454401513253345, 0.3235834914304487, 0.3213771319767179, 0.31794101461452906, 0.31331132006023515, 0.30754362250506495, 0.3007115634577458, 0.29290495726115306, 0.2842274106899676, 0.274793556115656, 0.2647260222609049, 0.25415226800752905, 0.24320141546873603, 0.23200120258847157, 0.22067517310591608, 0.20934019158272388, 0.19810436056198075, 0.1870653792083129, 0.17630937103755429, 0.16591017044253697, 0.15592905137931284, 0.14641484918838965, 0.13740442950855578, 0.12892343398261275, 0.12098724544885034, 0.11360209875100102, 0.10676628436760574, 0.10047138074964872, 0.09470347713956893, 0.08944433949430754, 0.08467249956745793, 0.08036423760169446, 0.07649445564325993, 0.07303742685115751, 0.06996743057668527, 0.06725926880127205, 0.0648886814627088, 0.06283266173120758, 0.0610696920995686, 0.05957990406761354, 0.05834518244653606, 0.057349216351659536, 0.05657751622098936, 0.056017396990513474, 0.055657944294930775, 0.055489961535655496, 0.05550591214116376, 0.05569985273594871, 0.05606736929554523, 0.0566055102655202, 0.05731272689562455, 0.058188813445606356, 0.059234856084579963, 0.06045318216020708, 0.06184731753027399, 0.06342194287703679, 0.06518285575048129, 0.06713692861302999, 0.06929206876353636, 0.07165716978305946, 0.07424205951855713, 0.0770574335891885, 0.08011477855543533, 0.08342627306669408, 0.08700467028733964, 0.09086314933657931, 0.09501513838046202, 0.09947409682679088, 0.10425325903610268, 0.10936532734215983, 0.11482211738893763, 0.12063414499966547, 0.12681015948205926, 0.13335661561037193, 0.14027709289274629, 0.14757165946490286, 0.15523619508618375, 0.1632616779603601, 0.17163345783510905, 0.18033052940423064, 0.18932483777216336, 0.19858063998108724, 0.20805396320119068, 0.217692191905584, 0.2274338301403559, 0.23720847458712313, 0.24693704313075707]
2.5403411844343102	9.303196947302121	[0.2534164833461348, 0.26224037157353963, 0.27073521961161096, 0.2788038220931268, 0.2863468332284547, 0.29326471178414343, 0.29945988071800705, 0.3048390417535877, 0.3093155725162896, 0.31281192035280264, 0.31526189968180085, 0.3166127951023275, 0.31682717446343095, 0.31588432329250204, 0.31378122471409875, 0.31053302788974896, 0.3061729695483197, 0.3007517400741606, 0.2943363106835671, 0.2870082666668437, 0.2788617131853506, 0.2700008429961977, 0.26053726698488316, 0.2505872204248586, 0.24026875583977825, 0.22969903290676677, 0.21899180075187533, 0.20825515744723286, 0.19758964749134444, 0.18708674260070782, 0.1768277241199539, 0.16688297092309698, 0.15731163228454334, 0.1481616564328623, 0.139470127359738, 0.13126386155809402, 0.12356020548977484, 0.11636798123006496, 0.10968852293842413, 0.10351675893210383, 0.09784229302415766, 0.0926504536854456, 0.08792327962516709, 0.08364042563461242, 0.07977997178983874, 0.07631913309982008, 0.07323486410696095, 0.07050436496285227, 0.06810549085425013, 0.06601707668046218, 0.06421918246949548, 0.06269327344293721, 0.06142234100456665, 0.06039097826421387, 0.05958541541232378, 0.05899352698214552, 0.05860481452786918, 0.05841037469664398, 0.058402854247321154, 0.058576399950680966, 0.05892660312068721, 0.059450444931772053, 0.06014624078477838, 0.061013588429275296, 0.062053316939170385, 0.0632674400986845, 0.06465911038330063, 0.0662325761557717, 0.06799313751085183, 0.06994710257515527, 0.07210173902209958, 0.07446522184636788, 0.07704657150716579, 0.07985558274060331, 0.08290273751621172, 0.08619910173354337, 0.08975619857469395, 0.09358585753992328, 0.09770003174120225, 0.10211058223551178, 0.10682902209250333, 0.11186621934631694, 0.1172320524503189, 0.1229350187463128, 0.12898179171033258, 0.1353767302602127, 0.14212133965377124, 0.14921369178874005, 0.15664781006467343, 0.1644130329696907, 0.1724933689035786, 0.1808668641361923, 0.189505004695122, 0.19837218200100395, 0.207425250623316, 0.21661321399554098, 0.22587707085638262, 0.23514985957703086, 0.24435693138589987]
2.5172471736667252	9.431332610392818	[0.250034189147185, 0.25829958786758, 0.2662375621277865, 0.2737591504001367, 0.2807738666686945, 0.28719145111929395, 0.292923793091886, 0.29788697944809545, 0.3020033999293718, 0.3052038391452648, 0.3074294728884654, 0.3086336870549348, 0.30878363839298767, 0.3078614814623132, 0.3058652012435737, 0.30280900021609525, 0.2987232162635949, 0.29365375821865414, 0.2876610815430186, 0.2808187329413826, 0.273211530728314, 0.26493344426695353, 0.25608527079065546, 0.24677219049467766, 0.23710130962776543, 0.22717926881111933, 0.21711001654363035, 0.20699280238868756, 0.19692046383297415, 0.18697802686827034, 0.177241660983954, 0.16777797206384987, 0.15864364264241296, 0.14988537286181833, 0.14154010940412454, 0.13363549709143563, 0.1261905303130164, 0.11921633281488693, 0.11271704412730678, 0.10669074518408841, 0.10113041038583653, 0.09602482884239315, 0.09135949467153309, 0.08711742133475345, 0.08327989249713977, 0.07982711560067779, 0.07673880085619246, 0.073994640312055, 0.07157471654013633, 0.0694598208818948, 0.06763171432699848, 0.06607331346511255, 0.06476883549969037, 0.06370388525943176, 0.06286551737961922, 0.062242255905535816, 0.06182410274326827, 0.061602516015651844, 0.0615703876666152, 0.06172200011001522, 0.06205298921605684, 0.06256029233819156, 0.06324210683273408, 0.06409783693000475, 0.06512805282412415, 0.0663344392302934, 0.06771975591845295, 0.06928778703568515, 0.0710433005343097, 0.07299199418559474, 0.07514044840896315, 0.07749606211552944, 0.08006699077314147, 0.0828620626459026, 0.08589069145469591, 0.08916276123746442, 0.09268850081026866, 0.09647832360956288, 0.10054264970934261, 0.10489168615672405, 0.10953518225268734, 0.11448213691592213, 0.11974047530697733, 0.1253166738123987, 0.13121535215193067, 0.13743881498532606, 0.1439865646840382, 0.1508547724893183, 0.1580357340503736, 0.16551730297261122, 0.17328233387842315, 0.18130813612007063, 0.18956597553650803, 0.1980206329033134, 0.20663006125020697, 0.2153451564049771, 0.22410968448797347, 0.2328603823114833, 0.24152727031123614]
2.4941531628991402	9.56235320253934	[0.2463465633587598, 0.25403671966422603, 0.26140330242007365, 0.2683656455902743, 0.2748421163021226, 0.28075166871493534, 0.2860155384649303, 0.2905590307250813, 0.2943133474829048, 0.2972173907684696, 0.2992194746023325, 0.3002788764749383, 0.30036716097839256, 0.2994692148496604, 0.2975839409728779, 0.2947245738138778, 0.2909185920490151, 0.28620722481061106, 0.2806445627547348, 0.2742963073389232, 0.26723820341968724, 0.2595542193960446, 0.2513345436578503, 0.2426734786956531, 0.2336673092546237, 0.2244122257895757, 0.2150023702026801, 0.2055280693001433, 0.1960743003297121, 0.18671942814781894, 0.17753422948265637, 0.1685812154479376, 0.15991424013646519, 0.151578382444909, 0.1436100683734041, 0.1360374056886254, 0.1288806874126991, 0.12215303065185304, 0.11586110593219838, 0.11000592652721738, 0.10458365867336235, 0.09958643042962041, 0.09500310951921424, 0.09082003819819398, 0.08702170560694575, 0.08359135534252606, 0.08051151739415743, 0.07776446972846904, 0.07533262490046783, 0.07319885185501412, 0.07134673194974674, 0.06976076177806201, 0.06842650332731494, 0.06733069458649356, 0.06646132114278633, 0.06580766121475147, 0.0653603038026017, 0.06511115112029517, 0.0650534037659609, 0.06518153831522183, 0.06549127452913155, 0.06597954043333894, 0.06664443132419967, 0.06748516969575125, 0.06850206119330084, 0.06969645251217868, 0.0710706855729991, 0.07262805297686022, 0.07437274843246897, 0.07630981636047202, 0.07844509382049057, 0.08078514824999228, 0.08333720368422491, 0.08610905830379983, 0.08910898558675032, 0.09234562137655253, 0.09582782889791643, 0.09956454369332213, 0.10356459053937056, 0.10783647432641119, 0.11238813745062287, 0.11722668627562391, 0.12235808041130525, 0.12778678875800717, 0.13351540823523472, 0.13954425159291106, 0.14587090357948332, 0.15248975550808935, 0.159391522074949, 0.16656275520088942, 0.17398536427747496, 0.18163616290272733, 0.18948645721980537, 0.19750170082189888, 0.20564123598594916, 0.2138581490917953, 0.22209926180462297, 0.23030528490214006, 0.2384111534144585]
2.4710591521315552	9.696343483986833	[0.2423041337900686, 0.2494001118236403, 0.25617887261283917, 0.26256809837933, 0.26849499754176187, 0.27388766581538027, 0.2786765558740525, 0.2827960156675941, 0.2861858488599542, 0.2887928448513487, 0.290572222542469, 0.29148893126341197, 0.29151875402498134, 0.29064916397024754, 0.288879892125205, 0.28622317636391076, 0.28270367297080123, 0.2783580280372362, 0.2732341188722082, 0.26738999220657056, 0.26089253684200664, 0.25381594218804826, 0.2462399997208159, 0.23824831270224486, 0.22992647796870333, 0.22136030544706867, 0.21263413248276444, 0.2038292864104193, 0.195022735022479, 0.18628595784025806, 0.17768405498769987, 0.16927510356876804, 0.16110975594048219, 0.15323106976350354, 0.1456745469415376, 0.1384683579227239, 0.13163371874892282, 0.12518539172667373, 0.11913227498691444, 0.113478053081753, 0.1082218776687924, 0.10335905635321352, 0.09888172591746491, 0.09477949601951861, 0.09104004773560129, 0.08764968097383606, 0.08459380245344217, 0.08185735477403056, 0.07942518378834705, 0.07728234927160627, 0.07541437957109655, 0.07380747770051044, 0.07244868122243754, 0.07132598424453573, 0.07042842419103718, 0.0697461414356086, 0.06927041393679367, 0.06899367409715408, 0.06890950904898405, 0.06901265046024622, 0.06929895400152299, 0.0697653734107836, 0.07040992828203833, 0.0712316694499598, 0.07223064020444121, 0.07340783627661787, 0.07476516207423156, 0.07630538530732997, 0.07803208684484228, 0.07994960725045613, 0.08206298629698536, 0.08437789630522413, 0.08690056515270154, 0.08963768928907494, 0.09259633225824836, 0.0957838086865597, 0.09920754906138468, 0.10287494509773165, 0.10679317112147521, 0.11096898145345603, 0.11540847976667543, 0.12011686111229304, 0.12509812376353363, 0.13035475300574526, 0.13588737602475484, 0.14169439234179979, 0.14777158190310927, 0.15411169853601137, 0.1607040547536542, 0.16753410966577295, 0.17458307045922272, 0.18182752354104054, 0.1892391102096114, 0.19678426667346047, 0.20442404650657053, 0.21211404719766794, 0.2198044595165992, 0.22744025983167107, 0.2349615607123091]
2.4479651413639703	9.833391343465152	[0.237842085848348, 0.24432209766984647, 0.25049410120597665, 0.25629417900321977, 0.26165836591000635, 0.2665238195505073, 0.27083007171492723, 0.27452032658233116, 0.277542767360362, 0.2798518286099315, 0.28140938864724374, 0.28218583758863797, 0.28216097637070975, 0.2813247095728163, 0.27967749749694376, 0.27723054642447686, 0.2740057204367405, 0.27003517600352933, 0.2653607247329833, 0.2600329493211376, 0.25411009900308423, 0.24765680956307248, 0.24074268893117912, 0.23344082517332998, 0.22582626301864647, 0.2179745070273507, 0.2099600922927315, 0.20185527227815434, 0.19372885104870838, 0.1856451942760479, 0.17766342814730576, 0.16983684295234058, 0.16221249229736423, 0.15483098892423952, 0.1477264735193703, 0.14092674643229386, 0.1344535298102341, 0.1283228449025161, 0.12254546914066033, 0.1171274579984616, 0.1120706982160493, 0.10737348151694133, 0.10303107044132276, 0.09903625151231067, 0.09537985358293424, 0.09205123292473327, 0.0890387088375333, 0.08632995676255885, 0.0839123474286833, 0.08177324293127092, 0.07990024151409982, 0.07828138428053637, 0.07690531741579856, 0.07576142411074488, 0.07483992045405535, 0.07413192945105497, 0.07362952736401773, 0.07332577587669298, 0.0732147337825107, 0.07329146072675531, 0.07355200603388982, 0.0739933940744856, 0.07461359852101773, 0.07541151589368614, 0.07638693013271657, 0.07754047762640369, 0.07887360391772735, 0.08038852064491997, 0.08208815352613241, 0.08397608916513483, 0.08605651117123372, 0.08833413268430837, 0.0908141155820353, 0.09350198287840916, 0.09640351450330273, 0.09952463253339172, 0.10287126616570055, 0.10644920228101717, 0.11026391227603478, 0.1143203611114875, 0.11862279006010377, 0.12317447965840705, 0.12797748571756717, 0.13303235604711666, 0.1383378228175012, 0.1438904800528829, 0.14968444401181372, 0.1557110084601571, 0.1619582961011182, 0.1684109211545805, 0.17504966821868664, 0.18185120540337693, 0.1887878404908039, 0.19582734035201327, 0.20293282484978428, 0.2100627559161153, 0.21717103327314524, 0.22420721506074348, 0.2311168718103001]
2.4248711305963853	9.973587944545498	[0.23287241124511177, 0.23871080268153044, 0.24425370664919593, 0.24944565972633018, 0.25423150492768626, 0.2585573752710599, 0.2623717336640304, 0.2656264417842057, 0.26827782675195655, 0.27028771168896115, 0.27162437476912704, 0.2722634016712449, 0.27218839807109035, 0.2713915326232246, 0.2698738859214712, 0.26764558790521487, 0.26472573372347996, 0.26114207699188285, 0.2569305078450529, 0.25213433222598713, 0.24680337628881008, 0.24099294700989682, 0.23476268474787518, 0.2281753474153167, 0.22129556674326606, 0.21418861715957735, 0.2069192347507638, 0.19955052036856555, 0.19214295491817296, 0.18475354925383125, 0.17743514360477974, 0.17023586525333534, 0.16319874581418642, 0.1563614941609672, 0.14975641508312934, 0.14341046034705515, 0.13734539497043885, 0.1315780603600474, 0.1261207142579887, 0.12098142831818871, 0.11616452417318172, 0.11167103118444113, 0.10749915019299172, 0.10364471067637424, 0.1001016102544115, 0.09686222870720877, 0.09391781008780056, 0.09125880942665064, 0.08887520150436161, 0.08675675155168458, 0.0848932481519268, 0.08327470042322964, 0.08189150143509619, 0.08073456110351848, 0.07979541125425763, 0.0790662864439861, 0.0785401832780002, 0.07821090160393862, 0.07807306994016236, 0.07812215798934649, 0.07835447799592447, 0.07876717712903925, 0.07935822197606889, 0.08012637663564705, 0.08107117483640981, 0.08219288691838474, 0.08349248150391433, 0.08497158211360593, 0.08663241803322248, 0.08847776918872094, 0.09051090390220108, 0.09273550888165118, 0.09515560998612609, 0.09777548282974344, 0.10059955156732192, 0.10363227479031444, 0.10687801686189953, 0.11034090370440591, 0.11402466161549261, 0.11793243851732205, 0.12206660682004072, 0.12642854810112208, 0.13101841984305052, 0.13583490572434578, 0.1408749512962029, 0.14613348837222076, 0.15160315208340153, 0.157273996242638, 0.1631332134961317, 0.1691648684976648, 0.17534965320843518, 0.18166467501477568, 0.18808328897403612, 0.19457498658101727, 0.20110535344534192, 0.20763610844215433, 0.2141252358790977, 0.22052722110514092, 0.2267933976367842]
2.4017771198288003	10.117027880479599	[0.22726989426571745, 0.23243550971555185, 0.23732210720402994, 0.24188273477075117, 0.24607102363987934, 0.2498419887718232, 0.25315286544840415, 0.2559639603605053, 0.25823949302508564, 0.2599484017328746, 0.26106508739195305, 0.26157006921921305, 0.26145052771803023, 0.26070071345982615, 0.2593222039977559, 0.25732399651028814, 0.2547224293031929, 0.251540931871251, 0.2478096093577117, 0.24356467384505126, 0.23884774030284833, 0.233705010303199, 0.2281863700444142, 0.22234443218540645, 0.2162335517220338, 0.2099088463611447, 0.20342524980369314, 0.19683662410419336, 0.19019495303303102, 0.18354963447513398, 0.17694688447012547, 0.17042926105195474, 0.16403531055061824, 0.15779933506607358, 0.15175127519426526, 0.14591669937496074, 0.1403168880183381, 0.134968999425759, 0.12988630285066657, 0.12507846439950468, 0.12055187112425914, 0.11630998015592972, 0.11235368027860462, 0.1086816555132374, 0.10529074126047963, 0.10217626594013826, 0.0993323720761961, 0.0967523130383258, 0.09442872242435674, 0.09235385499924773, 0.09051979851081964, 0.0889186572269203, 0.08754270805560935, 0.08638453124540627, 0.08543711734478286, 0.08469395291671314, 0.08414908693756232, 0.08379718039532849, 0.08363354087712352, 0.08365414437311461, 0.08385564571736011, 0.08423537944034727, 0.0847913519766653, 0.08552222648819298, 0.08642730074492432, 0.08750647881337426, 0.08876023652008781, 0.09018958097284245, 0.09179600368921549, 0.09358142721485516, 0.0955481444407576, 0.09769875018907592, 0.10003606403580365, 0.10256304374023188, 0.1052826881390773, 0.10819792882626802, 0.11131150954130425, 0.11462585274054778, 0.11814291257330209, 0.12186401415571414, 0.1257896789627017, 0.12991943697892583, 0.13425162638481225, 0.13878318254165703, 0.14350941839163228, 0.1484237995334614, 0.153517717775633, 0.158780268214283, 0.16419803553088275, 0.16975489643041436, 0.17543184574430326, 0.1812068547364298, 0.18705477048868846, 0.1929472657911803, 0.1988528487663361, 0.204736941260015, 0.2105620340389567, 0.21628792565558885, 0.2218720498713567]
2.3786831090612153	10.263809338093694	[0.22084467693146306, 0.225298003509896, 0.2294936696378268, 0.23339330171157902, 0.23695930063387852, 0.2401554646025732, 0.24294763163829367, 0.24530432572606084, 0.2471973889234141, 0.24860258082225256, 0.2495001265493327, 0.24987519500912939, 0.24971829047646188, 0.2490255427788804, 0.2477988842670547, 0.24604610527869103, 0.24378078388266713, 0.24102208997785732, 0.23779446828258155, 0.23412720899434644, 0.23005391886383372, 0.22561190877397638, 0.22084151660488097, 0.21578538595198704, 0.21048772221333123, 0.20499354748994014, 0.19934797489376133, 0.19359552106768682, 0.1877794734114141, 0.18194132550578787, 0.17612029107142582, 0.1703529032861591, 0.1646727029947713, 0.15911001601924007, 0.15369181697565518, 0.1484416743935371, 0.14337977002455146, 0.13852298360649867, 0.1338850334723693, 0.12947666277944495, 0.1253058611967659, 0.12137811210178719, 0.11769665609550864, 0.11426276240269584, 0.11107600087650335, 0.10813450833251297, 0.10543524420544008, 0.1029742315296174, 0.10074678041960138, 0.09874769207248843, 0.0969714422731897, 0.09541234398568221, 0.09406468931231751, 0.09292287144845518, 0.09198148770948213, 0.09123542482674853, 0.09067992795304369, 0.09031065476401226, 0.09012371613567499, 0.09011570470621724, 0.09028371262691114, 0.09062533956666188, 0.09113869197828503, 0.09182237436437149, 0.09267547320385339, 0.09369753392786806, 0.09488853125922835, 0.09624883297429965, 0.09777915709024564, 0.09948052225648904, 0.10135419110469006, 0.10340160613182449, 0.10562431771041318, 0.10802390369907822, 0.11060188020511981, 0.11335960300602328, 0.1162981592921863, 0.11941824944470404, 0.1227200588137684, 0.126203119631173, 0.1298661635563221, 0.13370696565421625, 0.13772218109315076, 0.14190717628165936, 0.14625585676787875, 0.1507604947670461, 0.1554115598626696, 0.16019755702377328, 0.1651048767591282, 0.17011766278157853, 0.17521770311116117, 0.18038435091123253, 0.18559448162433012, 0.1908224929812148, 0.19604035426845295, 0.20121771071566444, 0.20632204805928897, 0.21131892115987205, 0.2161722490495489]
2.3555890982936303	10.414034271355884	[0.21328112094785878, 0.21696869735448068, 0.2204263765691271, 0.22362445196744318, 0.2265340857935717, 0.22912776085613232, 0.23137973978712886, 0.2332665207026566, 0.23476727750416626, 0.23586427247804853, 0.23654322911041495, 0.23679365336330757, 0.23660909290557164, 0.23598732506860062, 0.23493046646535487, 0.2334449992639938, 0.23154171192232134, 0.229235554651971, 0.22654541290813837, 0.22349380458321647, 0.2201065093243763, 0.21641214020168392, 0.21244166995959307, 0.20822792494987263, 0.20380506081287106, 0.19920803374445278, 0.194472081051514, 0.18963222344067615, 0.1847228004255714, 0.1797770482131876, 0.17482672779097444, 0.16990180853152212, 0.16503021082393685, 0.16023760886243027, 0.15554729312253407, 0.15098009003497506, 0.1465543352418698, 0.14228589535777095, 0.13818823263061636, 0.13427250604863447, 0.13054770249566985, 0.1270207912550659, 0.12369689568855201, 0.1205794760182629, 0.11767051797177859, 0.11497072238651783, 0.11247969183806739, 0.11019611077273556, 0.10811791658863924, 0.10624245948710606, 0.10456664977958059, 0.10308709160321713, 0.10180020271066603, 0.10070232012918637, 0.09978979203290789, 0.09905905616622757, 0.09850670555463062, 0.09812954212024816, 0.097924619094424, 0.09788927291823868, 0.09802114550503273, 0.09831819748678619, 0.098778713187252, 0.0994012977895802, 0.10018486725036291, 0.10112863123666535, 0.10223206943003213, 0.10349490128395034, 0.10491704938764546, 0.10649859636444946, 0.10823973531097805, 0.1101407136052456, 0.11220177001326442, 0.11442306490416858, 0.11680460352146027, 0.11934615220919342, 0.12204714767709225, 0.12490659942295135, 0.12792298567306165, 0.13109414332814978, 0.13441715270743812, 0.13788821810487067, 0.1415025455360574, 0.14525421936131253, 0.1491360798759711, 0.15313960432488635, 0.15725479420694438, 0.1614700721112299, 0.16577219167678517, 0.1701461645808334, 0.17457520866727988, 0.17904072148433425, 0.18352228346350732, 0.1879976948723512, 0.19244305029443304, 0.1968328539451208, 0.20114017833888212, 0.20533686798737155, 0.20939378858640081]
2.3324950875260453	10.567808585290347	[0.20397163250904046, 0.20681298035961268, 0.20946143553947172, 0.2118961020808687, 0.21409693064762314, 0.21604500856091152, 0.21772284788313923, 0.21911466814333558, 0.220206663699921, 0.22098725207599348, 0.22144729330134316, 0.22158027726476962, 0.22138247013619688, 0.22085301847598865, 0.21999400404158875, 0.21881045031030782, 0.2173102763547774, 0.2155042019461059, 0.21340560242423234, 0.2110303200685113, 0.20839643321698786, 0.2055239922584671, 0.20243472580902144, 0.19915172773441653, 0.19569912943228002, 0.19210176849428834, 0.18838485818015888, 0.18457366818473273, 0.18069322015809391, 0.17676800690561645, 0.17282173702592124, 0.16887711177460335, 0.1649556338440403, 0.1610774525089069, 0.15726124277495898, 0.15352412080187205, 0.14988159151632025, 0.14634752893287917, 0.14293418391134113, 0.13965221868123015, 0.13651076228149847, 0.13351748564187313, 0.13067869044000796, 0.12799941035745446, 0.12548351930312188, 0.1231338454854255, 0.12095228662965074, 0.11893992568535597, 0.11709714318674931, 0.1154237261385447, 0.11391897046655802, 0.1125817773894215, 0.11141074154713654, 0.11040423161525308, 0.10956046190724704, 0.10887755592460267, 0.10835360087856669, 0.10798669423110877, 0.10777498166355141, 0.10771668748377519, 0.10781013715143427, 0.10805377279875215, 0.10844616161378422, 0.10898599776480654, 0.10967209786773953, 0.11050339044064393, 0.11147889945911209, 0.11259772221288603, 0.11385900169225062, 0.11526189347528434, 0.11680552748416194, 0.1184889643872329, 0.1203111471992529, 0.12227084771422371, 0.12436660856827954, 0.12659668049163728, 0.12895895586558606, 0.13145089814504154, 0.13406946866175387, 0.1368110504506829, 0.13967137109245148, 0.1426454243699987, 0.1457273932742523, 0.14891057436430197, 0.15218730659111257, 0.15554890480861572, 0.15898560163531378, 0.1624864980577277, 0.16603952689923748, 0.16963142958085767, 0.17324775057380587, 0.17687284977992293, 0.18048993723562778, 0.18408112986842484, 0.18762753433292412, 0.1911093547650658, 0.19450602870060257, 0.19779638870608138, 0.20095885178997322]
2.3094010767584603	10.725242330942326	[0.19136877260257432, 0.1932139546252108, 0.19491948537018644, 0.19647360026455013, 0.1978652012170738, 0.19908399687894396, 0.200120635330306, 0.2009668344785384, 0.20161549934539477, 0.2020608317143724, 0.2022984214121433, 0.20232532516396462, 0.20214012275555118, 0.20174295717618526, 0.20113554925498917, 0.20032119439699106, 0.19930473293990314, 0.19809250275221726, 0.1966922667023342, 0.195113124576274, 0.1933654031333409, 0.1914605346386531, 0.18941091843850122, 0.18722977635908547, 0.1849309970985908, 0.18252898044302587, 0.1800384767560927, 0.1774744322262513, 0.17485183528928455, 0.17218557400990872, 0.16949029956319947, 0.16678030463669224, 0.16406941147206713, 0.1613708772562345, 0.15869731112796623, 0.15606060936807667, 0.15347190266018373, 0.15094152091747212, 0.14847896933669008, 0.14609292024091286, 0.14379121434536032, 0.1415808752467481, 0.1394681309530562, 0.1374584456672987, 0.13555655601573657, 0.1337665144976679, 0.13209173487349302, 0.13053504194345217, 0.12909872106538348, 0.12778456960713164, 0.12659394637159335, 0.12552782096086187, 0.12458681982406736, 0.12377127072169618, 0.1230812430439719, 0.12251658545605079, 0.12207695896778656, 0.12176186660298055, 0.12157067838428366, 0.12150265247050306, 0.12155695173854915, 0.12173265627211774, 0.1220287715885792, 0.12244423266314816, 0.122977904092985, 0.12362857603983814, 0.1243949567868071, 0.12527566112186794, 0.12626919586875004, 0.12737394135683378, 0.1285881306381484, 0.12990982483613633, 0.13133688693190632, 0.13286695198783352, 0.13449739662693197, 0.13622530540931768, 0.13804743745468734, 0.139960190620587, 0.14195956713090338, 0.144041137656323, 0.1462000082942625, 0.14843078715584435, 0.15072755555460035, 0.1530838402090267, 0.15549259197447, 0.15794616719924084, 0.16043631768845104, 0.1629541850064418, 0.1654903054864601, 0.16803462124087923, 0.17057650381252984, 0.17310478522557138, 0.17560780320973185, 0.17807345470904481, 0.18048926442980895, 0.1828424617791575, 0.1851200727820418, 0.18730901947701026, 0.1893962330917422]
