I_value	Tstar	ystar
4.008999999999999	3.624822520945856	[0.15751163081781427, 0.1575242615428079, 0.15754341436144892, 0.1575688815768259, 0.15760043282307445, 0.15763781807294627, 0.15768077046498796, 0.15772900927636938, 0.15778224265036098, 0.1578401703795697, 0.1579024863882848, 0.1579688811884592, 0.1580390439944809, 0.15811266473983676, 0.15818943573053512, 0.15826905314218634, 0.15835121815662548, 0.15843563788993545, 0.15852202599913223, 0.158610103039817, 0.15869959654452495, 0.1587902408727652, 0.1588817768037893, 0.15897395095227335, 0.15906651497645383, 0.15915922466019333, 0.15925183886175798, 0.1593441183922852, 0.15943582484852897, 0.15952671943546495, 0.15961656183606787, 0.1597051091321983, 0.15979211486394296, 0.15987732819753278, 0.15996049331618434, 0.1600413489672323, 0.1601196283047901, 0.16019505892214292, 0.16026736323561272, 0.16033625907308388, 0.1604014606499182, 0.16046267974300998, 0.16051962726564414, 0.16057201501088053, 0.16061955778579015, 0.16066197566126034, 0.16069899657984538, 0.16073035900487448, 0.16075581487346033, 0.1607751324986958, 0.1607880997039643, 0.16079452680109604, 0.16079424971667833, 0.16078713284943594, 0.16077307198601065, 0.16075199683435637, 0.16072387352771922, 0.16068870663857115, 0.16064654108527185, 0.16059746345403364, 0.16054160315218416, 0.16047913290232585, 0.1604102690280693, 0.16033527103209677, 0.16025444095195837, 0.16016812198965677, 0.16007669693130147, 0.15998058585465424, 0.15988024366713052, 0.15977615697261496, 0.1596688408381273, 0.15955883495564407, 0.15944669979221437, 0.15933301222512078, 0.1592183612688898, 0.15910334339026497, 0.1589885580281669, 0.15887460281104857, 0.15876206909325763, 0.158651537298534, 0.15854357268964198, 0.15843872104814713, 0.15833750487495452, 0.15824041959075438, 0.15814793033464183, 0.1580604688350371, 0.15797843093455344, 0.15790217423969174, 0.15783201645696038, 0.1577682338843852, 0.1577110605979646, 0.15766068780274922, 0.157617263863544, 0.1575808944893304, 0.15755164356002332, 0.15752953407785789, 0.1575145497046635, 0.1575066363791261, 0.15750570444751097]
4.0139999999999985	3.619872607608337	[0.1567002380015479, 0.15672732698973735, 0.15676410214245265, 0.15681012612385656, 0.15686493036606303, 0.15692802126363253, 0.15699888634924758, 0.15707700030514554, 0.15716183079330426, 0.15725284395675057, 0.15734950959302255, 0.15745130585324948, 0.15755772349100677, 0.1576682695185909, 0.1577824703234279, 0.15789987410956996, 0.15802005274618086, 0.15814260290167284, 0.15826714657493096, 0.15839333091988086, 0.15852082749429022, 0.15864933086378621, 0.15877855669780364, 0.15890823932379314, 0.1590381288816903, 0.1591679880763278, 0.15929758867102947, 0.1594267077457034, 0.15955512386057127, 0.1596826131672728, 0.1598089456018766, 0.1599338812123342, 0.16005716674425507, 0.1601785325389733, 0.1602976898543503, 0.16041432865523383, 0.16052811596617342, 0.16063869482046084, 0.16074568387512825, 0.16084867770938166, 0.1609472478480508, 0.16104094450875187, 0.16112929908292667, 0.1612118273283411, 0.16128803325183513, 0.1613574136367414, 0.16141946316386505, 0.16147368005806137, 0.16151957218180915, 0.16155666348833328, 0.16158450073258432, 0.16160266033755646, 0.1616107552980999, 0.16160844201007332, 0.1615954268998568, 0.1615714727394753, 0.16153640452474588, 0.1614901148076066, 0.16143256837269512, 0.16136380616275517, 0.16128394836695753, 0.16119319659572034, 0.1610918350911158, 0.1609802309181438, 0.1608588331306939, 0.1607281708805823, 0.16058885050991245, 0.1604415516247331, 0.1602870222282756, 0.16012607294549563, 0.1599595704474285, 0.15978843013892308, 0.15961360823843052, 0.15943609334030198, 0.15925689759725, 0.15907704763412697, 0.15889757532779347, 0.1587195085759732, 0.1585438621782447, 0.15837162895301643, 0.15820377119634324, 0.1580412125962729, 0.15788483068815445, 0.15773544994632926, 0.1575938355734431, 0.15746068806137298, 0.15733663855810925, 0.15722224509175556, 0.15711798965848478, 0.15702427620370898, 0.1569414294762299, 0.15686969476473828, 0.15680923847132933, 0.156760149514443, 0.1567224414927787, 0.15669605558955013, 0.1566808641279979, 0.15667667474807845, 0.1566832350975253]
4.021499999999999	3.6149712375402396	[0.1561071886351314, 0.1561483784456747, 0.15620155526585963, 0.15626606047284305, 0.1563411986786983, 0.15642624703720634, 0.15652046455808344, 0.15662310109056177, 0.15673340606636038, 0.1568506366693331, 0.15697406553666973, 0.15710298766934172, 0.1572367266778488, 0.15737464006146337, 0.15751612366759732, 0.15766061507010679, 0.1578075960164519, 0.1579565937577019, 0.15810718139549346, 0.1582589771331925, 0.15841164259671248, 0.1585648801122553, 0.15871842920043294, 0.15887206215223365, 0.15902557900914574, 0.15917880183277008, 0.15933156860287917, 0.15948372666580757, 0.15963512606919117, 0.1597856127363465, 0.15993502180520752, 0.16008317110243706, 0.16022985506218893, 0.16037483906357441, 0.16051785447389982, 0.1606585943646523, 0.16079671015699448, 0.16093180914834937, 0.1610634531388058, 0.16119115808703494, 0.1613143949701679, 0.16143259175005545, 0.1615451365722031, 0.16165138206796661, 0.16175065083654255, 0.16184224194388278, 0.16192543846399576, 0.161999515869025, 0.1620637512428793, 0.16211743309892615, 0.1621598717308704, 0.16219040985814534, 0.16220843345761077, 0.1622133825339175, 0.16220476169458986, 0.16218215028568267, 0.16214521194313627, 0.1620937033332078, 0.16202748194277414, 0.16194651272549795, 0.16185087348590022, 0.16174075885616057, 0.1616164827799425, 0.16147847942337432, 0.161327302464293, 0.16116362276027488, 0.16098822438121013, 0.16080199909276802, 0.1606059393149643, 0.16040112971375467, 0.16018873749157395, 0.15997000159187502, 0.15974622091350804, 0.1595187417946185, 0.1592889448783978, 0.15905823164230207, 0.15882801070810806, 0.15859968422092913, 0.1583746343957146, 0.15815421051914041, 0.15793971646760388, 0.15773239901804076, 0.15753343696557945, 0.1573439313037859, 0.1571648964296946, 0.15699725260418904, 0.1568418195764915, 0.15669931157655628, 0.15657033353424102, 0.15645537870181545, 0.15635482749478014, 0.15626894770322933, 0.15619789584962074, 0.1561417198257283, 0.1561003625514834, 0.15607366677192044, 0.15606138070875494, 0.15606316466935774, 0.15607859830833723]
4.032749999999999	3.6077128441523674	[0.15540402728007754, 0.15546596886385944, 0.1555426288469064, 0.155633026323758, 0.15573613742022507, 0.15585090917911482, 0.15597627331843306, 0.15611115962346545, 0.15625450884934802, 0.15640528489512417, 0.15656248614416324, 0.15672515574383164, 0.15689239074581265, 0.15706334990694942, 0.15723726010757402, 0.15741342122443905, 0.15759120946882654, 0.1577700790602762, 0.15794956231924592, 0.15812926809119782, 0.1583088786408898, 0.15848814500132594, 0.15866688095220094, 0.15884495568036597, 0.15902228533991836, 0.1591988236116366, 0.15937455151751864, 0.15954946662517303, 0.15972357192149406, 0.15989686451150886, 0.1600693244303869, 0.16024090373072025, 0.16041151612604723, 0.16058102734427526, 0.16074924645094046, 0.16091591827360863, 0.16108071715426447, 0.1612432421264243, 0.1614030137008266, 0.16155947231134624, 0.16171197855411754, 0.16185981521815487, 0.16200219118301046, 0.16213824712252473, 0.16226706302841035, 0.1623876674291065, 0.16249904825472944, 0.16260016515831652, 0.16268996318312257, 0.1627673875236044, 0.1628313992147093, 0.16288099144225857, 0.16291520626516487, 0.16293315140052736, 0.16293401683591405, 0.162917090896572, 0.16288177552859415, 0.162827600425696, 0.16275423578391113, 0.16266150333890833, 0.1625493855201819, 0.16241803243124647, 0.16226776656475345, 0.1620990850395472, 0.16191265936145555, 0.16170933259011103, 0.16149011401366903, 0.16125617131875783, 0.16100882045214782, 0.16074951326355813, 0.16047982320875456, 0.1602014292851095, 0.1599160985436334, 0.1596256674040916, 0.15933202215522774, 0.1590370788938321, 0.1587427632876558, 0.15845099041848243, 0.15816364506164576, 0.15788256263625258, 0.15760951113100388, 0.1573461741980152, 0.15709413565368943, 0.1568548655254285, 0.1566297078110552, 0.1564198700324272, 0.15622641467882448, 0.15605025256718977, 0.1558921381495599, 0.15575266674798002, 0.15563227369078544, 0.15553123529318244, 0.1554496716093127, 0.15538755087074219, 0.15534469550034394, 0.15532078959657888, 0.1553153877456813, 0.15532792504268791, 0.1553577281521784]
4.049624999999999	3.5970447211505068	[0.15457245127170596, 0.15466487918350064, 0.1547752961555024, 0.15490225335008875, 0.15504425132297056, 0.15519976040779246, 0.15536724091981402, 0.1555451629126294, 0.15573202521981624, 0.1559263735223118, 0.1561268171712687, 0.1563320445323452, 0.15654083659602225, 0.1567520786668475, 0.15696476991130182, 0.1571780306451404, 0.1573911071959778, 0.15760337430695323, 0.1578143349948263, 0.15802361791392905, 0.1582309722384673, 0.15843626019861784, 0.1586394473806309, 0.15884059100653072, 0.1590398263922744, 0.15923735186600482, 0.15943341241507397, 0.1596282823911611, 0.15982224758699257, 0.1600155870399443, 0.16020855489386543, 0.16040136267731603, 0.16059416232257126, 0.16078703026432198, 0.16097995291387546, 0.16117281381015375, 0.1613653826966001, 0.16155730677289515, 0.1617481043102304, 0.161937160814245, 0.16212372785352402, 0.16230692466257243, 0.16248574255780035, 0.16265905219100704, 0.16282561359214828, 0.16298408893398683, 0.16313305787760526, 0.16327103533411277, 0.16339649140659468, 0.1635078732487927, 0.1636036285134244, 0.16368223003351196, 0.16374220133031714, 0.16378214251409523, 0.16380075611396272, 0.16379687235356377, 0.1637694733844637, 0.16371771598314092, 0.16364095224130032, 0.16353874779162683, 0.1634108971633264, 0.16325743589588557, 0.1630786491147086, 0.16287507632972803, 0.16264751230456523, 0.16239700392491682, 0.16212484307589267, 0.16183255564027804, 0.1615218867892346, 0.1611947828506562, 0.16085337007297326, 0.1604999307041438, 0.16013687681904146, 0.15976672239926518, 0.15939205416238125, 0.15901550167600412, 0.15863970726053703, 0.15826729619592925, 0.157900847690443, 0.15754286706358933, 0.1571957595165992, 0.15686180584886222, 0.15654314038702535, 0.15624173137770755, 0.15595936399754362, 0.155697626125858, 0.15545789692850603, 0.15524133830512604, 0.15504888916052548, 0.15488126247799994, 0.15473894508872157, 0.1546222000600831, 0.15453107155099108, 0.1544653920184476, 0.15442479159307454, 0.1544087094809665, 0.1544164071887786, 0.15444698340799623, 0.15449939033925567]
4.074937499999999	3.5815691866283874	[0.15359410921474675, 0.1537311990573708, 0.15389027163198538, 0.15406920239557137, 0.15426580462289438, 0.15447785897790303, 0.15470314294339288, 0.15493945982912824, 0.15518466687541235, 0.1554367021537676, 0.15569360976169633, 0.15595356301756869, 0.15621488516980217, 0.1564760673616822, 0.15673578342870456, 0.15699290134085434, 0.1572464909720945, 0.15749582811998983, 0.15774039459061934, 0.1579798744183104, 0.1582141461773675, 0.1584432716206402, 0.1586674807445548, 0.1588871536690345, 0.15910279956381065, 0.1593150331334714, 0.15952454899673277, 0.15973209455619256, 0.15993844175912292, 0.16014435838583146, 0.16035057928785132, 0.1605577782116747, 0.160766540612291, 0.16097733805630388, 0.16119050457001127, 0.16140621546975611, 0.16162446895948646, 0.16184507095300743, 0.1620676233210771, 0.16229151593003174, 0.16251592257725678, 0.16273980109074906, 0.16296189759374355, 0.16318075509243746, 0.1633947262721583, 0.16360199053787217, 0.16380057505543008, 0.16398837969270574, 0.1641632054748999, 0.16432278630429986, 0.1644648234089952, 0.16458702211844534, 0.16468713028555346, 0.16476297781281873, 0.16481251648139994, 0.16483385943387038, 0.16482531943563689, 0.16478544521636132, 0.16471305501159078, 0.16460726663411732, 0.16446752327581857, 0.16429361448552085, 0.16408569169394138, 0.16384427793118275, 0.16357027135595964, 0.1632649425063807, 0.16292992518931795, 0.1625672012131578, 0.1621790791887643, 0.1617681678866711, 0.16133734464967944, 0.16088971957894962, 0.1604285961935811, 0.15995742942701252, 0.15947978176394434, 0.1589992784224722, 0.15851956238701062, 0.15804425013631127, 0.15757688878358425, 0.15712091533185849, 0.1566796186075268, 0.15625610438481857, 0.15585326407811745, 0.15547374730931385, 0.15511993854217979, 0.15479393790015541, 0.15449754620164383, 0.1542322541737997, 0.15399923576290822, 0.15379934539116547, 0.15363311900717327, 0.15350077871102585, 0.15340224076896833, 0.15333712676195735, 0.15330477767634662, 0.15330427066256352, 0.1533344382741495, 0.15339388989831568, 0.1534810351923029]
4.112906249999999	3.559670677952204	[0.1524439909613385, 0.1526463342188636, 0.15287578424302084, 0.15312924866432615, 0.1534035505103828, 0.15369547042881196, 0.15400178923354213, 0.1543193302713078, 0.1546450010515919, 0.15497583354810734, 0.15530902253939044, 0.1556419613490111, 0.1559722743335849, 0.1562978454987429, 0.1566168426461009, 0.1569277365348005, 0.157229314597624, 0.15752068887270468, 0.15780129790683484, 0.15807090252740888, 0.15832957549798335, 0.15857768522281665, 0.1588158737826279, 0.15904502972603257, 0.1592662561376692, 0.15948083462053406, 0.15969018589226733, 0.15989582777448966, 0.16009933137517332, 0.1603022763023007, 0.16050620572873495, 0.1607125821294847, 0.16092274446192853, 0.16113786753504314, 0.16135892424140252, 0.16158665128740834, 0.1618215189746555, 0.16206370554329838, 0.1623130765037609, 0.16256916934290747, 0.1628311839072221, 0.16309797872760504, 0.16336807346523496, 0.16363965761769883, 0.16391060553167247, 0.1641784977187922, 0.16444064836323913, 0.16469413884414613, 0.1649358569678173, 0.16516254152111703, 0.16537083161050467, 0.1655573201539818, 0.16571861073682004, 0.16585137694458998, 0.1659524231386327, 0.16601874556291793, 0.16604759255481535, 0.1660365226021862, 0.16598345893053587, 0.16588673934311288, 0.1657451600557881, 0.16555801239188717, 0.16532511130608726, 0.16504681491380602, 0.1647240343819306, 0.16435823380993206, 0.1639514199580028, 0.16350612198327788, 0.16302536158179248, 0.1625126142214753, 0.16197176236113475, 0.16140704176987633, 0.16082298220198518, 0.16022434382029307, 0.15961605079129135, 0.15900312352203252, 0.15839061093616744, 0.15778352414021832, 0.15718677267691755, 0.15660510444842307, 0.15604305018740702, 0.15550487320713693, 0.15499452494286595, 0.1545156066519804, 0.154071337440651, 0.15366452866892003, 0.1532975646282737, 0.1529723893143751, 0.1526904990109274, 0.15245294037612492, 0.15226031366508838, 0.15211278073546272, 0.15201007746260436, 0.15195153022765573, 0.15193607614231117, 0.15196228671667145, 0.15202839468202747, 0.15213232371308075, 0.1522717207910968]
4.169859374999999	3.5303252947661177	[0.1510481109157087, 0.15134610527515074, 0.15167858562708933, 0.15204108793287183, 0.15242901150478527, 0.15283767795634548, 0.15326239173559017, 0.1536985016434078, 0.15414146256455724, 0.15458689656157898, 0.15503065233449945, 0.15546886200302093, 0.15589799407674537, 0.1563149014970463, 0.15671686362208032, 0.15710162112746553, 0.15746740287102365, 0.15781294395830112, 0.15813749439455288, 0.15844081797102383, 0.15872318122528936, 0.15898533261569595, 0.15922847224759398, 0.15945421278133814, 0.1596645323157717, 0.159861720282804, 0.16004831748680123, 0.16022705158524164, 0.16040076932359415, 0.16057236691220453, 0.16074471987051184, 0.16092061366232177, 0.16110267632305178, 0.16129331422682394, 0.16149465198720053, 0.1617084774099929, 0.16193619226070233, 0.16217876953708243, 0.1624367178006346, 0.16271005306752725, 0.16299827864992728, 0.1633003733052965, 0.16361478796385576, 0.1639394512784639, 0.16427178415978932, 0.16460872342046043, 0.16494675455426766, 0.16528195360190565, 0.16561003792002596, 0.16592642554391515, 0.16622630265161667, 0.16650469845525628, 0.16675656662090144, 0.16697687209561246, 0.16716068197995854, 0.167303258855941, 0.16740015476872822, 0.16744730387736875, 0.16744111166267844, 0.16737853849833162, 0.16725717540176913, 0.16707530984571162, 0.16683197969318317, 0.16652701354732136, 0.16616105616084725, 0.1657355779221463, 0.1652528679186732, 0.16471601053411503, 0.16412884607288225, 0.16349591635714444, 0.16282239673649135, 0.16211401630516184, 0.16137696848631453, 0.16061781432711275, 0.15984338102546666, 0.1590606581900968, 0.15827669431397984, 0.1574984957315128, 0.1567329301449747, 0.1559866364589938, 0.15526594238088384, 0.15457679083666948, 0.1539246759536833, 0.15331458896747197, 0.1527509741619033, 0.15223769463087497, 0.15177800749534057, 0.15137454799117853, 0.1510293217976097, 0.1507437048612101, 0.15051845002220365, 0.15035369971772303, 0.15024900415686093, 0.1502033443796074, 0.1502151597636492, 0.15028237957310095, 0.1504024582910039, 0.1505724144880992, 0.15078887309533726]
4.255289062499998	3.4965055929140716	[0.1490526173238865, 0.14949644517844807, 0.14998803554651866, 0.15052098401876565, 0.15108861740736537, 0.1516840717700624, 0.15230037529848364, 0.15293053561297265, 0.15356763063367468, 0.1542049019626873, 0.15483584933025846, 0.15545432445309562, 0.15605462233814568, 0.15663156797060024, 0.15718059614548258, 0.15769782227939835, 0.1581801020477125, 0.15862507796956846, 0.15903121126723366, 0.15939779778674, 0.15972496712434223, 0.16001366468293898, 0.16026561680983378, 0.16048327976760865, 0.16066977368401086, 0.1608288031435351, 0.16096456634964346, 0.16108165514082015, 0.1611849482227209, 0.16127950013671316, 0.1613704283695177, 0.16146280098736618, 0.1615615269088834, 0.16167125078840705, 0.1617962541301047, 0.16194036406693757, 0.16210687088333833, 0.16229845520193711, 0.16251712545774302, 0.1627641662004092, 0.16304009755695423, 0.16334464619438657, 0.16367672799795988, 0.16403444275719514, 0.1644150810786652, 0.1648151438434389, 0.16523037445066566, 0.16565580415070533, 0.16608581063155256, 0.16651418999036563, 0.1669342419696298, 0.16733886817357155, 0.1677206825933539, 0.1680721334699145, 0.16838563502042875, 0.16865370716106837, 0.16886912080694685, 0.16902504593317141, 0.16911519908967385, 0.16913398678618102, 0.16907664086392749, 0.16893934194343815, 0.16871932704548975, 0.16841497779528197, 0.16802588599357016, 0.16755289400531884, 0.16699810812432778, 0.16636488400720723, 0.1656577841829214, 0.16488250867345874, 0.16404580067956934, 0.16315533019231301, 0.16221955910208752, 0.161247591967855, 0.1602490169495307, 0.15923374157370437, 0.15821182791133506, 0.15719333149170497, 0.15618814781289966, 0.15520586973678663, 0.15425565836822652, 0.1533461292960092, 0.15248525534189536, 0.15168028626795338, 0.15093768527849274, 0.15026308161694069, 0.14966123816278845, 0.1491360326245495, 0.14869045077879364, 0.148326590121885, 0.14804567237505922, 0.14784806337535925, 0.14773329911208574, 0.14770011686038687, 0.14774649066388137, 0.1478696706317623, 0.1480662258141695, 0.14833209058703836, 0.14866261471389758]
4.383433593749999	3.4753967391154683	[0.1448045291982443, 0.1455114728912397, 0.1462972912698173, 0.14715268240218718, 0.14806774002079182, 0.1490320383386344, 0.15003472944775212, 0.15106465432173677, 0.15211046784724305, 0.15316077751602147, 0.15420429462482454, 0.15522999589207093, 0.15622729257949136, 0.15718620331199817, 0.1580975261423127, 0.15895300477749957, 0.15974548363407096, 0.16046904622208868, 0.16111913166418532, 0.1616926245524236, 0.16218791423445697, 0.16260492052647776, 0.16294508418268608, 0.1632113216513166, 0.16340794514379542, 0.16354055021978145, 0.1636158744176844, 0.1636416312937422, 0.16362632511242217, 0.16357905171070763, 0.16350929136075876, 0.16342669914280458, 0.16334089811258282, 0.1632612797728204, 0.16319681579281753, 0.16315588391998026, 0.16314611037840487, 0.16317423007824006, 0.16324596545782577, 0.1633659240324955, 0.16353751451433673, 0.16376288093436223, 0.16404285431821725, 0.16437692133520698, 0.1647632097284678, 0.1651984904062774, 0.16567819660068406, 0.16619646062460042, 0.16674616925600605, 0.1673190387848387, 0.16790571105582167, 0.16849587157036483, 0.16907839066698221, 0.16964148814122315, 0.17017292120810673, 0.17066019464105436, 0.17109079108550787, 0.17145241817130058, 0.1717332680102686, 0.17192228323465503, 0.17200942280349987, 0.17198591967687676, 0.17184452202319023, 0.17157970918220383, 0.1711878740049094, 0.17066746369730307, 0.17001907267593375, 0.16924548240897175, 0.16835164543054018, 0.16734461283707858, 0.16623340717002183, 0.16502884480323454, 0.16374331430200692, 0.16239051889166453, 0.16098519268518904, 0.15954280096758894, 0.1580792351773085, 0.15661051269919415, 0.15515249079470747, 0.1537206025121208, 0.15232962086416982, 0.150993455594199, 0.1497249850598938, 0.14853592384981232, 0.14743672521401294, 0.14643651594535767, 0.14554306038599318, 0.14476274945684847, 0.14410061030437177, 0.1435603320339584, 0.1431443032565223, 0.14285365754219478, 0.14268832349710286, 0.14264707682603794, 0.14272759252017148, 0.14292649603724178, 0.1432394130977544, 0.14366101837946949, 0.1441850840042657]
4.431487792968748	3.4909181634498876	[0.13613725444014332, 0.1372977875919309, 0.13859598239794732, 0.14001918184346826, 0.1415535591032274, 0.14318413470834945, 0.14489481773711196, 0.1466684777285186, 0.1484870534741748, 0.15033170329821294, 0.15218300003367366, 0.1540211715044418, 0.15582638513552902, 0.15757907228044601, 0.1592602852724701, 0.1608520771047331, 0.16233789138412263, 0.16370294787029224, 0.16493460785032038, 0.16602270287553703, 0.16695981122643969, 0.16774146782975194, 0.16836629624839616, 0.1688360546017947, 0.16915559164778624, 0.16933271345325007, 0.169377965749465, 0.16930434089644514, 0.1691269220072285, 0.1688624790414092, 0.16852903331566776, 0.16814540697400188, 0.16773077341478773, 0.16730422280735005, 0.16688435465438015, 0.16648890635570687, 0.16613442390565822, 0.1658359777543038, 0.16560692437576943, 0.16545871173059026, 0.16540072531365121, 0.16544017030651006, 0.1655819850648785, 0.16582878120068092, 0.1661808062860084, 0.16663592615771025, 0.16718962525444464, 0.16783502486416274, 0.1685629208354462, 0.16936184376749303, 0.17021814610348837, 0.1711161215401162, 0.1720381628258323, 0.17296496406708528, 0.17387577313633698, 0.1747486985081031, 0.17556107286610878, 0.17628987311825023, 0.17691219308901934, 0.1774057613355011, 0.177749492386197, 0.1779240556612971, 0.17791244258185968, 0.1777005095069395, 0.17727747228195279, 0.17663632794964748, 0.17577418047389246, 0.1746924506042239, 0.17339695479035602, 0.1718978445099807, 0.17020940459880574, 0.16834971710850147, 0.16634020467086766, 0.16420507425226738, 0.16197068732324654, 0.15966488607353826, 0.15731630639892374, 0.1549537076944816, 0.15260534638290946, 0.1502984157896596, 0.14805856905806902, 0.1459095357566721, 0.14387283626958156, 0.14196759246475094, 0.14021042787550636, 0.13861544701379108, 0.13719428050696406, 0.1359561816042367, 0.13490815900892497, 0.13405513191629717, 0.13340009420402996, 0.13294427687682508, 0.13268729971707968, 0.13262730565562075, 0.13276107330795123, 0.13308410553829392, 0.1335906935366574, 0.13427395792009933, 0.13512586956107897]
4.527596191406248	3.507415690863717	[0.13059835201847733, 0.13202066553387753, 0.13361535822206608, 0.13536879366320617, 0.13726588443749999, 0.13929002558085185, 0.1414230557723202, 0.1436452573352779, 0.14593540650531717, 0.14827088345441225, 0.15062785057612332, 0.15298150413102532, 0.1553064017696274, 0.1575768635965652, 0.15976744054938244, 0.1618534382127733, 0.1638114799993708, 0.1656200885262664, 0.16726026111895217, 0.16871601252632887, 0.1699748579455299, 0.17102821020225564, 0.1718716687071815, 0.17250518235298934, 0.17293307549909787, 0.17316393323567794, 0.17321035035596374, 0.1730885556070697, 0.1728179296838686, 0.17242044018491048, 0.1719200202113713, 0.17134191820364938, 0.1707120459587148, 0.17005634897917868, 0.1694002194173159, 0.16876796684653406, 0.16818235680691998, 0.16766422177849952, 0.16723214444309303, 0.16690220916855972, 0.16668781459632614, 0.1665995384622378, 0.16664504484716292, 0.16682902447785475, 0.16715315958146187, 0.16761610687689385, 0.16821349433769073, 0.16893793038156413, 0.1697790266296993, 0.17072343860989436, 0.1717549309811053, 0.17285447657604117, 0.17400039974429315, 0.17516857593303758, 0.17633269885016714, 0.17746462600321453, 0.17853481037584906, 0.17951282294438928, 0.1803679650340467, 0.1810699640972483, 0.1815897387690951, 0.18190021249783117, 0.18197714711616284, 0.18179996238640994, 0.1813525021791884, 0.18062370674857883, 0.1796081504852755, 0.17830640963627692, 0.1767252309215492, 0.17487748336563333, 0.17278188718646806, 0.17046252838565765, 0.16794818024614336, 0.16527146632435494, 0.16246790811105932, 0.1595749078898536, 0.15663071839089385, 0.15367345009106145, 0.1507401602422733, 0.14786606025807558, 0.1450838663567737, 0.14242330809148163, 0.13991079706270396, 0.13756924926908654, 0.13541804526723852, 0.1334731075978562, 0.13174707029064398, 0.13024951514167932, 0.12898724896496186, 0.12796459927812803, 0.1271837078978718, 0.12664480674112844, 0.12634646291779775, 0.12628578508157168, 0.1264585854121234, 0.12685949574648672, 0.1274820379594627, 0.1283186519461037, 0.12936068538441683]
4.623704589843748	3.5310274153625807	[0.12259962449351976, 0.12437359695352168, 0.1263663897477214, 0.12856434774160197, 0.13095206507738255, 0.13351215576846862, 0.13622505046824976, 0.13906883800393288, 0.14201917073307285, 0.1450492531762636, 0.14812993191487106, 0.15122990281668294, 0.15431604713204855, 0.15735390291624338, 0.16030827029145467, 0.16314394111742148, 0.16582653339196635, 0.16832340190154157, 0.170604586920951, 0.17264375658075937, 0.17441909311309195, 0.17591407327131225, 0.17711809511014706, 0.17802691148489413, 0.17864284008012898, 0.17897473452558801, 0.17903771493267395, 0.1788526728467641, 0.17844557818434942, 0.17784662859588934, 0.17708928794418047, 0.17620926576511284, 0.17524348730081848, 0.1742291008534167, 0.17320255989999137, 0.17219880949842045, 0.17125059410472998, 0.17038789523975367, 0.16963749607784662, 0.16902266409163968, 0.16856293519794655, 0.16827398125486376, 0.1681675393844274, 0.16825138413681737, 0.1685293236501872, 0.16900120644406935, 0.16966292779362477, 0.17050643168754975, 0.17151970759130092, 0.17268678870221402, 0.1739877614685155, 0.17539880299511174, 0.17689226487086485, 0.17843682701985458, 0.17999774461496895, 0.18153721290427213, 0.18301487022634605, 0.18438845655535613, 0.18561463514564341, 0.18664997652200518, 0.18745208935950208, 0.1879808705075098, 0.1881998296188045, 0.188077431855326, 0.18758838882707832, 0.1867148226241925, 0.18544722452612492, 0.18378513713988456, 0.18173749951179421, 0.17932261571697677, 0.1765677303182661, 0.17350822333757773, 0.1701864637495484, 0.16665038723611872, 0.16295188220995044, 0.1591450815995735, 0.15528465979565953, 0.15142422979854384, 0.14761492085741143, 0.1439041986082118, 0.14033496569895218, 0.13694495826436637, 0.13376643059355936, 0.1308261028493179, 0.12814533220974383, 0.12574046032176756, 0.12362328598640634, 0.12180161389247726, 0.12027983410514062, 0.11905949436189524, 0.11813983453881495, 0.11751826116367459, 0.11719074692257604, 0.11715214702851441, 0.11739642936083673, 0.11791681974217952, 0.11870586660669831, 0.1197554317398631, 0.12105661527843807]
4.719812988281248	3.549428394850432	[0.11529265656363193, 0.11735603037551624, 0.11967691773543107, 0.12224304952570629, 0.1250402509350106, 0.12805203189227957, 0.13125919413241405, 0.13463947878265262, 0.13816728104375495, 0.14181346096619932, 0.14554528014310486, 0.14932649347144372, 0.1531176217137266, 0.15687642460486392, 0.1605585848752958, 0.1641186014583804, 0.1675108753299389, 0.17069095532581396, 0.17361689487829202, 0.17625065599157463, 0.17855948546371334, 0.1805171823618219, 0.18210517617380279, 0.18331334274064326, 0.18414049972335167, 0.18459454396899813, 0.18469221778633835, 0.18445851728619245, 0.18392578091622325, 0.18313251736442776, 0.1821220472134504, 0.18094104054414398, 0.17963803305552367, 0.17826199640239415, 0.17686102610524454, 0.17548119395033207, 0.17416559384414845, 0.1729535920164487, 0.17188027654039037, 0.1709760878655728, 0.17026660281488618, 0.1697724386924258, 0.1695092423885103, 0.16948773031985814, 0.16971374900048922, 0.17018833142360534, 0.17090773164735876, 0.17186342750239017, 0.17304208985137245, 0.1744255249181826, 0.1759906047379933, 0.1777092083023414, 0.17954820335335483, 0.18146950432599054, 0.18343024634961713, 0.18538311649864905, 0.18727688219908098, 0.18905715073655818, 0.1906673839669367, 0.1920501768962027, 0.19314878942977864, 0.193908896691077, 0.194280497991044, 0.19421989866653044, 0.19369165710777145, 0.19267037311249896, 0.19114218791941565, 0.18910587175918195, 0.18657339426799352, 0.1835699045762616, 0.180133090527362, 0.17631193462441455, 0.172164934153428, 0.16775789704001434, 0.16316145948260782, 0.1584484905553763, 0.15369155222969721, 0.14896056925761347, 0.14432083609957191, 0.1398314501790572, 0.13554421890325305, 0.13150304578661007, 0.1277437646992729, 0.1242943624469042, 0.12117551173931948, 0.11840132778120033, 0.11598026256130364, 0.11391605803665081, 0.11220869188237867, 0.11085526360935745, 0.10985078401390311, 0.10918884429379827, 0.1088621531019039, 0.10886293860336244, 0.10918321947425919, 0.10981495278398595, 0.11075006946505077, 0.11198040896067744, 0.11349756528975846]
4.8639755859374985	3.5616880728920752	[0.10872126587151514, 0.11101690822331224, 0.11360173921353912, 0.11646582565063499, 0.11959729542236612, 0.12298175206383181, 0.12660168887247045, 0.13043593027109235, 0.13445913183759184, 0.13864137745790694, 0.14294791442081142, 0.14733907110617958, 0.1517703991202961, 0.15619307836999696, 0.1605546119404739, 0.16479982437660207, 0.16887215550375256, 0.1727152201223528, 0.17627457686678435, 0.1794996264409581, 0.18234553673210063, 0.1847750795357189, 0.1867602570441778, 0.18828360392907723, 0.18933906701140327, 0.18993239414653693, 0.19008099845069754, 0.18981330536686022, 0.1891676280978968, 0.1881906527122734, 0.18693563856494283, 0.18546045535171443, 0.18382557911622913, 0.18209216152528374, 0.18032026702789494, 0.17856734874453756, 0.17688700504704372, 0.1753280322930018, 0.17393376366799754, 0.17274166532721166, 0.1717831462766982, 0.17108353137808358, 0.17066214369602256, 0.17053244539744036, 0.17070219156475797, 0.1711735603027357, 0.17194323196583028, 0.17300240184941632, 0.17433672167067357, 0.17592617720826773, 0.17774492065794856, 0.17976108783695202, 0.18193664075587324, 0.18422728576588474, 0.1865825249279177, 0.1889459029374476, 0.19125551231539556, 0.1934448143169541, 0.19544382106285424, 0.19718066439660248, 0.19858354948585202, 0.19958305606295268, 0.20011471090128424, 0.20012171362643816, 0.19955766092609306, 0.1983890850609754, 0.1965976093243157, 0.1941815276093581, 0.19115664315437111, 0.187556249201818, 0.18343020171350832, 0.17884311064483438, 0.1738717565750168, 0.16860190900267152, 0.1631247766683458, 0.15753334680650402, 0.15191887129354492, 0.14636772867687872, 0.14095884282020343, 0.1357617732367249, 0.1308355246151913, 0.1262280560868115, 0.12197641831045161, 0.11810740627273292, 0.114638596439461, 0.11157963049383697, 0.108933618625073, 0.10669855185600617, 0.10486863834665411, 0.10343550169337852, 0.10238920450364047, 0.1017190784664329, 0.10141435938190835, 0.10146463442002322, 0.1018601172823264, 0.10259176812210712, 0.10365127754053087, 0.10503093107004874, 0.10672337065050808]
5.080219482421874	3.569223371757588	[0.1001284149844582, 0.10268966825568954, 0.10557694711372886, 0.10878482914404268, 0.11230606809339429, 0.1161307747101336, 0.12024556299162809, 0.12463268876240824, 0.1292692172007616, 0.134126266680232, 0.1391683863825555, 0.14435313372311195, 0.14963092227174205, 0.15494521034779446, 0.16023309226090565, 0.16542633770168585, 0.17045289869701688, 0.17523886941963812, 0.17971084321662759, 0.18379856817206788, 0.18743776131021092, 0.1905729089346076, 0.19315986105688368, 0.1951680269454142, 0.1965819976650403, 0.19740246077891965, 0.19764632738879787, 0.19734605745117564, 0.1965482365831436, 0.19531151925237297, 0.19370410054477027, 0.19180090770819058, 0.18968070969896905, 0.1874233302427392, 0.18510711960533394, 0.18280679921384443, 0.18059174622451615, 0.1785247394933256, 0.1766611475045529, 0.17504850736254812, 0.17372642196828147, 0.1727266914787129, 0.17207359243712056, 0.17178422327683784, 0.17186884471255456, 0.17233115748332098, 0.173168474983809, 0.17437176499010973, 0.1759255508723016, 0.17780767966866443, 0.17998898067997077, 0.1824328553181983, 0.18509485519300173, 0.18792232177732351, 0.19085417501294555, 0.19382094969466254, 0.19674518382561432, 0.19954226109167877, 0.20212179607290723, 0.20438962471214409, 0.2062504212800238, 0.20761090824116962, 0.2083835586838443, 0.20849061911523004, 0.20786821077107398, 0.20647021163880408, 0.20427158925399636, 0.20127085664305547, 0.19749136576260326, 0.19298123566544448, 0.1878118292612711, 0.1820748305201891, 0.1758781145470064, 0.16934072654355473, 0.16258737340540275, 0.1557428710239241, 0.1489269759766248, 0.1422499664824989, 0.13580923589976443, 0.12968703993654437, 0.12394941471085381, 0.1186461737022881, 0.11381180954024468, 0.10946707747576286, 0.10562102131637773, 0.10227321460310825, 0.09941602218912629, 0.09703673114242485, 0.09511944711866298, 0.09364669640104266, 0.0926007108163074, 0.09196440041274219, 0.09172203726133443, 0.09185968366034813, 0.09236540145566255, 0.09322927762871631, 0.09444329697802722, 0.09600108673394228, 0.09789755195349988]
5.296463378906249	3.5600584205442085	[0.08951965348332497, 0.09234246892204631, 0.09552948367667154, 0.09908294360517148, 0.10300368909441814, 0.10729007546102097, 0.11193679547020295, 0.1169336202582618, 0.12226409528045981, 0.12790424201705552, 0.13382134200732912, 0.13997289522418618, 0.14630586838382356, 0.1527563545893081, 0.15924977342221555, 0.16570172157688665, 0.17201956153844838, 0.17810478107363584, 0.18385609965824065, 0.18917321398177725, 0.19396100287758433, 0.19813393005543886, 0.20162033709628308, 0.2043662842952879, 0.20633861824779928, 0.20752698618446952, 0.20794461455071694, 0.20762777121869722, 0.20663396553776114, 0.20503904634288528, 0.20293346529775189, 0.20041802181736507, 0.19759943922493586, 0.19458608997933946, 0.19148414893887672, 0.18839436553957825, 0.18540957493457325, 0.18261297126437856, 0.18007710890703046, 0.17786352858840546, 0.17602288506788785, 0.17459542209157344, 0.17361165524129635, 0.1730931197929058, 0.17305307560280972, 0.17349706915152663, 0.1744232935792511, 0.17582269678767226, 0.1776788276724538, 0.17996741844589076, 0.18265574069577822, 0.18570178178737254, 0.18905333024673843, 0.1926470705233444, 0.19640783084235852, 0.20024813757267884, 0.20406826401874686, 0.20775695382626275, 0.21119300421396434, 0.21424784563496335, 0.21678920679647898, 0.21868584729397114, 0.21981323456528576, 0.2200598911630586, 0.2193340125549074, 0.21756982397511002, 0.21473308220243081, 0.21082510838939272, 0.2058848230355622, 0.19998840213895702, 0.19324641362195744, 0.1857985566201501, 0.17780641017047955, 0.16944482246584364, 0.1608927304875563, 0.15232423696915198, 0.14390070979470815, 0.13576449815002845, 0.12803463552769834, 0.12080464255405134, 0.11414231219138773, 0.10809117215650677, 0.10267320742772419, 0.0978923807533139, 0.09373851239276385, 0.0901911458749495, 0.08722312063862984, 0.084803670745927, 0.08290096023793544, 0.08148403894819001, 0.08052425454560105, 0.07999618845515818, 0.07987819619217881, 0.0801526342082611, 0.08080584564102421, 0.08182796587616972, 0.08321259197724482, 0.08495634757088429, 0.08705835936788804]
5.276190513610839	3.53948070468979	[0.08262698300178223, 0.08556635615675952, 0.08888994183198438, 0.09260602002407287, 0.09672194395328086, 0.10124293532176283, 0.10617072596659469, 0.11150205290687153, 0.11722703188279253, 0.12332746005822325, 0.12977512627626725, 0.13653023976178133, 0.14354011763050217, 0.15073829809505576, 0.158044259380077, 0.16536392265796823, 0.17259109014828497, 0.17960991804604626, 0.1862984426825931, 0.19253307677888368, 0.19819387532465924, 0.2031702575228368, 0.20736677486182667, 0.21070845926688117, 0.21314527839487957, 0.21465528040171553, 0.21524611981052513, 0.21495481244990314, 0.21384574373522783, 0.21200713076360153, 0.20954628336484107, 0.20658410827550658, 0.20324933702671608, 0.19967293764146996, 0.19598309611739814, 0.19230104821136126, 0.18873791828293288, 0.18539260424100873, 0.18235064414899005, 0.179683925710821, 0.17745105162031424, 0.17569815603540226, 0.1744599691834102, 0.17376094798169028, 0.17361631803467753, 0.17403290708176836, 0.17500968210237583, 0.17653793575500112, 0.17860109625085363, 0.1811741647458673, 0.18422281158063386, 0.18770219462831575, 0.19155559538225503, 0.1957130072277028, 0.20008984918495074, 0.20458601958144765, 0.20908553710850758, 0.21345703879298006, 0.21755540106595092, 0.22122471559593163, 0.22430277236338653, 0.22662707783794075, 0.228042264365676, 0.22840854395916174, 0.22761064574750725, 0.22556648832524315, 0.22223471290744629, 0.21762018097188873, 0.21177664535781127, 0.2048060444052117, 0.19685422243149456, 0.18810330013874457, 0.17876133727229632, 0.16905027377116724, 0.1591933416830111, 0.14940317074603193, 0.13987166435930004, 0.13076243176238075, 0.12220618740872524, 0.11429913866764546, 0.10710404525183313, 0.10065339223350044, 0.09495399634948125, 0.08999235512289189, 0.08574012939898673, 0.08215928540618005, 0.07920658128830174, 0.07683723325261428, 0.07500772273347726, 0.07367779560756034, 0.07281176067570379, 0.07237921827197838, 0.07235535247810324, 0.0727209059488998, 0.07346193582740022, 0.07456942382933968, 0.07603879094888137, 0.077869345229097, 0.08006367470661306]
5.3167362442016595	3.535296083996412	[0.08160785298312635, 0.08455925789082552, 0.08789743406335576, 0.09163160379588889, 0.09577015180063736, 0.1003194064605974, 0.1052822591764381, 0.11065662575965317, 0.1164337737867117, 0.12259656466653701, 0.12911768959068395, 0.13595801120616138, 0.14306515599536482, 0.15037252977076196, 0.1577989458759704, 0.16524905448498184, 0.17261473705499372, 0.17977757664852412, 0.18661243317143314, 0.19299204521305352, 0.19879245855872013, 0.20389895936670088, 0.20821208790923026, 0.21165324452505535, 0.21416939037355132, 0.2157363985233775, 0.21636072537154866, 0.21607923379970012, 0.21495718700254612, 0.21308461655504068, 0.21057142422119773, 0.2075416811557684, 0.20412763000991369, 0.2004638729706778, 0.1966821531673088, 0.1929070239341804, 0.18925257189265457, 0.1858202337378451, 0.18269763957039098, 0.1799583355885662, 0.17766219047672077, 0.1758562697163803, 0.1745759662627734, 0.1738461964481798, 0.1736825009355438, 0.1740919251269518, 0.17507358878450532, 0.17661888748572166, 0.17871129956639636, 0.18132580118446665, 0.1844279217443913, 0.1879725030440925, 0.19190226065278074, 0.19614628489223318, 0.2006186613121665, 0.2052174328446116, 0.20982416309974541, 0.21430438362614618, 0.218509207769553, 0.22227835822873948, 0.22544477515789857, 0.22784084055473494, 0.22930607509672485, 0.22969594787181144, 0.2288912127443866, 0.2268069832300397, 0.2234006233146036, 0.21867750551483467, 0.212693798434896, 0.20555570102192122, 0.19741491728807228, 0.18846061261439429, 0.17890853788356811, 0.16898837197290106, 0.15893054837781256, 0.1489538593344575, 0.13925496866284695, 0.13000065029845342, 0.1213231668530957, 0.11331878882384176, 0.10604909864115226, 0.09954447450841605, 0.09380902624652282, 0.08882625392513338, 0.08456479182679627, 0.08098374997540267, 0.07803733461414541, 0.07567858917624937, 0.07386222746257871, 0.07254662382204376, 0.07169507961959505, 0.07127650847928645, 0.07126568147227821, 0.07164315774102724, 0.07239500178889255, 0.0735123628420466, 0.07499096629775963, 0.07683054578074293, 0.07903422599449689]
5.37755484008789	3.528608844203748	[0.08012482244366291, 0.08309227415715255, 0.08645006003278735, 0.09020879746163446, 0.09437840214100443, 0.09896685199360084, 0.10397877488204854, 0.10941386334117104, 0.11526513421177671, 0.1215170829416816, 0.12814380830069952, 0.13510722480119625, 0.1423555099177168, 0.14982197118747453, 0.1574245323217242, 0.16506604691100518, 0.1726356185505639, 0.1800110605942532, 0.18706253614982332, 0.1936573137694974, 0.19966543501982897, 0.20496596572691228, 0.20945337983083467, 0.21304355983120696, 0.2156788726032718, 0.21733184107919892, 0.2180070413765333, 0.21774103731086109, 0.21660035543485462, 0.21467771534488128, 0.21208688935272962, 0.20895669225390623, 0.20542463770601962, 0.20163078714324636, 0.1977122242243662, 0.19379847858199944, 0.1900080712282206, 0.1864462306056687, 0.1832036999056245, 0.18035648345324726, 0.177966315065416, 0.17608162376190406, 0.174738764002405, 0.17396331375900465, 0.17377126366299867, 0.1741699713201175, 0.17515877869138866, 0.17672923882008643, 0.17886491670446414, 0.18154077291077325, 0.18472215532885958, 0.18836347054122504, 0.19240662948354684, 0.1967794169601762, 0.20139396692498487, 0.206145585071946, 0.21091218888868066, 0.21555467582563134, 0.21991852039667265, 0.22383687841203698, 0.22713538097757102, 0.2296386732495454, 0.23117854843748054, 0.2316033041694399, 0.2307876899966842, 0.2286426021375292, 0.2251235225006034, 0.22023667616670564, 0.214041992675077, 0.20665224190417603, 0.1982281208904348, 0.1889695640591305, 0.1791040304927028, 0.16887292221426464, 0.15851751277327397, 0.14826579010443616, 0.13832142743671938, 0.12885574560913116, 0.12000308321849554, 0.11185953994160142, 0.10448467447644896, 0.09790547686881934, 0.09212181482173883, 0.08711256417281935, 0.08284174615311533, 0.07926416238373617, 0.07633020778510351, 0.07398971226764196, 0.07219480259594475, 0.07090186848059311, 0.0700727737426509, 0.06967546986697612, 0.06968416752788376, 0.07007919796993622, 0.0708466723617073, 0.07197801444825157, 0.07346941881806683, 0.07532125985134301, 0.07753746189364873]
5.4687827339172355	3.517711346615317	[0.07799719302770843, 0.08098457180438343, 0.0843670609352404, 0.08815732498625427, 0.09236753649350689, 0.09700811796102383, 0.10208628996269024, 0.10760442024518493, 0.1135581894510681, 0.11993461675861977, 0.12671002299317913, 0.13384804798824396, 0.1412978798734305, 0.14899289136103483, 0.15684990498960502, 0.1647693174379065, 0.1726362941620246, 0.18032319316605433, 0.1876932879454152, 0.1946057376690215, 0.2009216078241207, 0.20651059438147507, 0.21125797197351368, 0.21507119624049134, 0.21788556368604667, 0.21966838181977655, 0.22042122815122173, 0.2201800647046501, 0.21901319874597525, 0.2170173064677142, 0.2143119299613537, 0.21103299087400984, 0.20732592053993787, 0.20333898426960648, 0.19921728841351866, 0.1950978239189056, 0.19110574473076541, 0.1873519277843916, 0.18393173244343314, 0.18092478250477065, 0.1783955370462434, 0.17639439476844498, 0.174959083206071, 0.17411611053731382, 0.17388209513560096, 0.17426482945280086, 0.17526397549752956, 0.17687132664582972, 0.1790706044634674, 0.1818367909029769, 0.18513502792912034, 0.18891915093040748, 0.19312996144798322, 0.19769338998729336, 0.20251875032770694, 0.20749733959705535, 0.2125016870281665, 0.2173857889409559, 0.2219866752507443, 0.2261276192433766, 0.2296232140109274, 0.23228638713718905, 0.23393721055733324, 0.2344130991244883, 0.23357970937948236, 0.23134159446267763, 0.22765149649087538, 0.22251711744016187, 0.21600434210818806, 0.20823620199845513, 0.19938733903346895, 0.18967428661976996, 0.1793424384354533, 0.16865101996872262, 0.15785762825373706, 0.1472039138426413, 0.1369037490427585, 0.1271348106108409, 0.1180339910702649, 0.10969654009354822, 0.10217841319769742, 0.09550102629855152, 0.08965750048408512, 0.0846195158794985, 0.08034403694013444, 0.07677937427607401, 0.0738702633789078, 0.07156183290907943, 0.06980248380717517, 0.06854579858279962, 0.06775165127785213, 0.0673867023579298, 0.06742445081093858, 0.06784498894433218, 0.0686345724617517, 0.06978508532357522, 0.07129344913738817, 0.07316100193082987, 0.075392851431685]
5.560010627746581	3.499592689407857	[0.07500593487404295, 0.07801495953138975, 0.08142512983887944, 0.08525207193912461, 0.08951124287258165, 0.09421665261789716, 0.09937936466570094, 0.1050057609717531, 0.11109557868019634, 0.11763975516775982, 0.12461815584948227, 0.1319973034485459, 0.139728275941342, 0.14774498658336482, 0.15596309656618842, 0.16427982820595918, 0.17257493499414506, 0.1807130344181632, 0.1885474164737163, 0.19592530587481594, 0.20269439061318853, 0.2087102519275661, 0.21384416871263276, 0.21799065152020108, 0.2210740156682788, 0.22305334586657186, 0.22392534005011536, 0.2237247320477499, 0.22252225234701134, 0.22042035223306686, 0.2175471483630612, 0.2140492065263368, 0.21008385551698458, 0.2058117002929582, 0.2013899022817036, 0.19696663771278267, 0.19267696378586208, 0.18864014526388354, 0.18495834455636187, 0.18171646893190838, 0.1789829044862772, 0.17681084324939317, 0.17523991996444618, 0.1742979069248012, 0.17400225964559576, 0.17436135369277025, 0.17537529920489373, 0.17703626077631776, 0.17932824727065477, 0.18222636949466017, 0.18569559737844663, 0.18968908473292456, 0.19414617272814244, 0.1989902338342644, 0.20412657671091722, 0.20944069525913542, 0.21479720547535286, 0.2200398596804389, 0.22499304455943434, 0.22946513875393285, 0.23325401099451074, 0.2361547683714158, 0.23796961578755563, 0.23851937673510612, 0.23765588792317918, 0.23527416999236903, 0.23132306080570067, 0.22581294289477635, 0.2188193513804261, 0.21048162624495353, 0.20099633900071692, 0.1906058962505511, 0.17958338376020064, 0.16821523787192505, 0.15678361120409523, 0.14555028197175943, 0.13474365000330263, 0.12454983932180394, 0.11510829883830677, 0.10651168369236559, 0.09880931367213741, 0.09201320643862387, 0.08610558621123549, 0.08104684697673148, 0.07678314799162954, 0.07325307653957082, 0.0703930713790153, 0.06814152133321208, 0.06644161514816722, 0.06524311825374161, 0.06450329593625467, 0.06418720545934584, 0.06426755555530089, 0.06472429459962037, 0.06554404721720337, 0.06671948035426825, 0.0682486460454783, 0.07013432136632454, 0.07238334501867333]
5.651238521575927	3.479592241359737	[0.07222388043197084, 0.07524507638073291, 0.0786722463581931, 0.08252383725860787, 0.08681846041386683, 0.09157360724055971, 0.09680411703884834, 0.10252037360061016, 0.1087262285755053, 0.11541668035515308, 0.12257537761141366, 0.13017206629430117, 0.13816015418325503, 0.14647462313216966, 0.15503056651137903, 0.1637226579952575, 0.17242585438210897, 0.18099758951523243, 0.18928161994534912, 0.19711353721156022, 0.20432777482683126, 0.2107657329269655, 0.2162844485109102, 0.2207650916001816, 0.22412049841630197, 0.22630098723485, 0.22729784435748265, 0.22714410475152022, 0.22591254758368443, 0.22371113735280918, 0.2206764135159742, 0.21696552661738952, 0.21274770766407838, 0.20819593854527138, 0.2034794756500089, 0.19875769989315106, 0.19417555590651725, 0.1898606400339382, 0.18592182333753954, 0.18244917254195953, 0.17951485860409142, 0.17717471976924154, 0.1754701582516857, 0.17443008951342748, 0.1740727131849473, 0.17440693062018753, 0.17543328413888956, 0.17714433973213495, 0.1795244727885647, 0.18254905310464659, 0.18618305892297757, 0.19037918992783848, 0.1950755939558519, 0.20019338007602308, 0.20563415589711648, 0.21127790216738407, 0.21698156914361386, 0.2225788398237953, 0.22788153094513264, 0.2326830781768589, 0.23676444985373016, 0.23990264395267513, 0.24188163670126148, 0.24250529025995865, 0.2416113263812416, 0.23908510305458025, 0.2348716675806343, 0.22898448908094604, 0.22150945154039436, 0.21260313707921824, 0.20248510210757162, 0.1914246496132033, 0.1797233806059156, 0.16769541599325696, 0.15564748723616248, 0.1438610413023237, 0.13257810763125355, 0.1219920288462255, 0.11224340130569882, 0.10342086013876599, 0.09556579597909604, 0.08867977887057155, 0.08273339503980001, 0.07767533512192734, 0.07344083484739802, 0.06995888561320115, 0.06715793542812194, 0.06497004863464843, 0.06333366446947884, 0.06219519139957507, 0.06150970769736529, 0.0612410282113508, 0.06136135992091413, 0.06185072047176782, 0.06269624412572235, 0.06389145521873964, 0.06543555240117464, 0.06733271849460941, 0.06959144943930021]
5.742466415405272	3.457957152186668	[0.06962895975353282, 0.07265436623809399, 0.07608953848605157, 0.07995559711039622, 0.08427416801613914, 0.08906610357615918, 0.09434993128002579, 0.10013999672286374, 0.1064442890661375, 0.11326196830611567, 0.12058065693628679, 0.1283736122532934, 0.13659695856180346, 0.14518722331562722, 0.1540594808427862, 0.1631064468284205, 0.1721988747096955, 0.18118756434239272, 0.1899071973130661, 0.19818205575341907, 0.20583347607113422, 0.21268865283017607, 0.21859018056760085, 0.22340553774524005, 0.2270356238045372, 0.2294214798720858, 0.2305484736319397, 0.23044748705583187, 0.2291929831026074, 0.22689818112596602, 0.2237078915256626, 0.2197897873565046, 0.21532500328636653, 0.21049893194388306, 0.20549296270677178, 0.20047769997574344, 0.19560796194094082, 0.19101962384473015, 0.1868281770396987, 0.18312873073623512, 0.1799971071359534, 0.17749165179015144, 0.1756554028154293, 0.1745183040663591, 0.17409921081233729, 0.17440749396872218, 0.17544411042216473, 0.17720205182010354, 0.1796661302921751, 0.1828120916604746, 0.1866050873843523, 0.19099757226119313, 0.19592674917681027, 0.2013117393855804, 0.20705073672507013, 0.21301848446368915, 0.2190645050079117, 0.2250125814610299, 0.23066203451810505, 0.23579131359423885, 0.24016432052649794, 0.24353966820251466, 0.24568275793002858, 0.24638013664095545, 0.2454551329779889, 0.2427833280596906, 0.23830610681684808, 0.2320404408177498, 0.2240832640291599, 0.21460932445938422, 0.20386219273826112, 0.1921390456463777, 0.17977075786546073, 0.16709952867147518, 0.15445660613897147, 0.14214256784695542, 0.13041211607236236, 0.11946455618586763, 0.1094402353412674, 0.10042239568198653, 0.0924432931157797, 0.08549311314321632, 0.07953018689036226, 0.07449120614607845, 0.07030047290281946, 0.06687759638901965, 0.06414340059100031, 0.06202407568792898, 0.06045378628356025, 0.05937603798435747, 0.05874412508102779, 0.058520954571061684, 0.058678491026728286, 0.059197005923761654, 0.06006425814704672, 0.06127468235995346, 0.06282862328217083, 0.06473162400317196, 0.06699375558096246]
5.833694309234618	3.4349069550712845	[0.06720213576389143, 0.07022505510789713, 0.07366063678283996, 0.07753252619971295, 0.08186521887778049, 0.0866827987552415, 0.09200737903258363, 0.09785720632137473, 0.1042444021710907, 0.11117235426451863, 0.11863280849945412, 0.1266027766256259, 0.1350414387309541, 0.1438872987770808, 0.1530559188475743, 0.1624386135727183, 0.17190250331684923, 0.1812922939038723, 0.1904340543764562, 0.199141098535454, 0.207221851202708, 0.21448931286519116, 0.22077147465414854, 0.2259218119020827, 0.22982886544930026, 0.2324239183921992, 0.2336859355361197, 0.23364320702624305, 0.2323715237240032, 0.22998910510056295, 0.22664888095197694, 0.2225289825038966, 0.21782244703715067, 0.2127271090721196, 0.2074365278348249, 0.20213254985924087, 0.1969798552206135, 0.1921225488268866, 0.18768265973753342, 0.18376022910894174, 0.18043460473532735, 0.17776650793803456, 0.17580048879232218, 0.17456741029226133, 0.17408669931332313, 0.17436814111638568, 0.17541308851456755, 0.17721497783413748, 0.17975912062471, 0.18302174407155763, 0.1869683244228609, 0.19155126439491416, 0.19670705392696394, 0.20235308458429654, 0.20838440875017275, 0.2146707942723702, 0.2210545648284259, 0.22734976739287518, 0.2333433007815762, 0.2387985883027202, 0.24346230777291097, 0.24707442125837656, 0.2493814225355866, 0.250152202977054, 0.24919543545788148, 0.24637682398583238, 0.24163423319299202, 0.2349885618144852, 0.22654849804035393, 0.21650786990619506, 0.20513526764409262, 0.19275667554155645, 0.17973293998930384, 0.16643465736017082, 0.15321745206214, 0.1404004226622869, 0.12824993815503766, 0.11696999173832914, 0.10669930454128287, 0.09751440872657234, 0.08943730828707745, 0.0824459745997479, 0.07648598222410773, 0.0714818373477037, 0.06734699196510584, 0.06399195720134196, 0.06133034628927072, 0.05928294719511537, 0.05778012721179676, 0.056762929405435564, 0.05618324440140092, 0.056003377291890345, 0.056195280885202474, 0.05673963747236051, 0.057624922620862, 0.058846515338508876, 0.06040589265018432, 0.062309903099453987, 0.06457010589010316]
5.924922203063963	3.410636922127812	[0.06492690679615737, 0.06794169987963955, 0.07137127570948093, 0.0752416554378349, 0.07958005831873964, 0.08441366445640729, 0.08976806084156023, 0.09566531784683614, 0.1021216626345987, 0.10914474745717058, 0.11673055703731479, 0.12486006095699304, 0.13349579270513637, 0.14257862136093813, 0.15202506492210394, 0.1617255612333044, 0.17154414478857155, 0.18131995561744096, 0.19087091338955556, 0.1999997177418004, 0.2085020905376619, 0.21617688085221665, 0.2228373498495134, 0.22832269379100537, 0.2325087047054406, 0.23531645456372344, 0.2367180408774589, 0.2367387382227447, 0.23545531672851464, 0.23299074607216738, 0.2295059230840277, 0.22518937279337753, 0.22024603049888658, 0.21488620352539728, 0.20931565522531942, 0.20372749514548208, 0.19829625373500204, 0.19317422195563316, 0.188489887061204, 0.18434812003994958, 0.1808316733818722, 0.17800352205809847, 0.1759096083889315, 0.17458161319099966, 0.1740394521308979, 0.17429327369927422, 0.17534480418812826, 0.1771879423261653, 0.1798085519833157, 0.1831834400902526, 0.18727854407814065, 0.19204639621112735, 0.19742298728628546, 0.2033242251273403, 0.2096422757203926, 0.21624218470591824, 0.2229592941720999, 0.22959807693384332, 0.23593308003828228, 0.24171266716322465, 0.2466661379461401, 0.25051455037169895, 0.25298516608811505, 0.25382889622066274, 0.25283950531385385, 0.24987273646346336, 0.2448630852817832, 0.23783581444922192, 0.22891207009748246, 0.21830566897803516, 0.2063112000750416, 0.19328435084392967, 0.17961657686837632, 0.1657071233188943, 0.15193577534172872, 0.13863948196431466, 0.12609522805240014, 0.11451041127476354, 0.10402077242821105, 0.09469487871905438, 0.0865434496846953, 0.07953151847265796, 0.07359150585523136, 0.0686356457214945, 0.06456670202338419, 0.06128643145620395, 0.05870168153610129, 0.056728323634507895, 0.055293397390062504, 0.05433590683742628, 0.053806691730680284, 0.0536677338619976, 0.05389117521206505, 0.05445824196400622, 0.05535819630346093, 0.05658738098240032, 0.058148379557401035, 0.06004928589376029, 0.06230305661201839]
5.959132663249968	3.388537190571082	[0.0630477359563927, 0.06605130240098797, 0.06947093580229682, 0.07333461573914364, 0.07767182430742116, 0.08251233865227454, 0.08788468855254977, 0.09381422011846693, 0.10032071972768815, 0.1074155879549186, 0.11509859587442652, 0.12335432459620911, 0.1321484661623266, 0.14142425977568407, 0.15109942821191288, 0.16106406159477735, 0.17117993853259675, 0.1812817645458068, 0.1911807175355014, 0.20067051419583268, 0.20953594994095112, 0.21756354329135738, 0.22455357795348016, 0.23033253816547655, 0.23476474353345403, 0.23776195332623418, 0.23928986405985217, 0.23937074588822455, 0.23808192153705096, 0.23555029142168177, 0.23194358330147818, 0.22745935001242262, 0.2223129286445971, 0.21672556252379846, 0.21091372787728507, 0.20508041324578946, 0.1994087732731846, 0.19405823846970294, 0.18916290028762683, 0.18483178596661284, 0.18115054630669614, 0.17818403986415962, 0.17597934436365956, 0.17456878068899717, 0.17397263518830133, 0.1742013347800252, 0.17525692035877277, 0.17713370764463643, 0.17981808960932694, 0.18328745581409764, 0.1875082597485922, 0.19243329003654683, 0.1979982779603554, 0.20411803154474023, 0.21068240680712214, 0.21755252760015506, 0.22455781821001902, 0.231494515553936, 0.23812643418785226, 0.24418874371683702, 0.24939542721323943, 0.2534507976870459, 0.2560650265430051, 0.2569730140067211, 0.2559552583823283, 0.25285868745020007, 0.24761494084619906, 0.2402534120309782, 0.23090668056285227, 0.21980674353779298, 0.20727169074366691, 0.19368387598942854, 0.17946201047411123, 0.1650305633572723, 0.15079025163428417, 0.13709307402455398, 0.12422445251502914, 0.1123937421317068, 0.10173302749582476, 0.09230295503653041, 0.0841036195621144, 0.07708823326432768, 0.07117747383377349, 0.06627283867358597, 0.0622679305914736, 0.05905716027241402, 0.056541836623843704, 0.05463392251637796, 0.05325791760813594, 0.052351363794220014, 0.05186444501837187, 0.051759059141143565, 0.05200765407998526, 0.05259201712216825, 0.053502139263272235, 0.054735207314759844, 0.056294743497043796, 0.05818987486243339, 0.060434704453108196]
6.004746610164641	3.3755900300475212	[0.06201560304434705, 0.0650110081356296, 0.06842298165798573, 0.07228057098438102, 0.07661450101773729, 0.08145598525315284, 0.08683519463076006, 0.09277931704102314, 0.09931015891202824, 0.10644126948649424, 0.11417461686788913, 0.12249690950939544, 0.13137574176530983, 0.14075583807983028, 0.15055577157014466, 0.1606656190174385, 0.17094606798978879, 0.18122948560114505, 0.19132337354914608, 0.20101645479523142, 0.2100873683693949, 0.21831561177392897, 0.22549401192551238, 0.23144168668444193, 0.23601624773187832, 0.23912394920793906, 0.24072663484235504, 0.24084467280666108, 0.2395555417980831, 0.2369882661794709, 0.23331439494186754, 0.22873659687578599, 0.223476140351373, 0.21776052751802938, 0.2118123755132388, 0.20584034009760183, 0.20003251968345798, 0.19455243259444513, 0.189537369169992, 0.1850987204357235, 0.18132377363309704, 0.17827844157690448, 0.176010426119396, 0.17455239300921077, 0.17392482230379994, 0.17413829066594563, 0.17519501635235607, 0.17708956367775244, 0.1798086486849354, 0.18333003067645015, 0.18762050786636741, 0.19263308305330634, 0.19830341975053203, 0.20454579319928565, 0.2112488414225844, 0.2182715535448574, 0.22544006911048467, 0.23254600011689716, 0.23934707772335911, 0.24557094434018298, 0.25092279466513084, 0.2550972939241046, 0.2577947294461193, 0.2587407185984446, 0.2577080515687098, 0.2545385334105736, 0.24916215218792886, 0.24161073143973397, 0.2320235403533379, 0.22064319382863998, 0.2078014701992356, 0.19389620491552728, 0.17936185435311888, 0.16463736007943713, 0.15013532009700514, 0.13621612158907553, 0.12316968900582756, 0.11120611984400598, 0.100455025474229, 0.09097218753707713, 0.08275136909068499, 0.07573886820185226, 0.06984859205497398, 0.06497593289361106, 0.06100935377631601, 0.057839206709345, 0.055363791894591556, 0.05349299611202397, 0.052150009478463134, 0.05127165955177465, 0.050807849813896605, 0.05072050004205134, 0.05098227800001645, 0.05157531713708143, 0.05249003207819654, 0.05372408594306788, 0.055281518862315346, 0.057172021383390115, 0.05941031631896895]
6.050360557079315	3.36243383628993	[0.061013665472905446, 0.06399999213774782, 0.06740324709215975, 0.0712535105713847, 0.07558271407244345, 0.08042347294656309, 0.08580756743372285, 0.09176400186584868, 0.09831658596073282, 0.10548101402476451, 0.11326146331410412, 0.12164680160743473, 0.13060657884152352, 0.14008708080048005, 0.15000782778181504, 0.1602589974517294, 0.17070031070123076, 0.18116192198851008, 0.19144777277427136, 0.20134168749807124, 0.2106162132585296, 0.2190438533023155, 0.2264099644445157, 0.2325262470242912, 0.23724352365514292, 0.24046244270678968, 0.24214088858889293, 0.24229722658265532, 0.2410090070321894, 0.23840731526672795, 0.23466748278139282, 0.22999727583067578, 0.22462389215051595, 0.21878109880330532, 0.2126976633237994, 0.20658791406304827, 0.2006448932959822, 0.19503619809225464, 0.18990230235475802, 0.18535693816590604, 0.18148900419039932, 0.1783654396735908, 0.17603454536406893, 0.17452930797791272, 0.173870383623696, 0.17406848506627406, 0.17512600283988933, 0.1770377504956872, 0.17979077802401608, 0.1833632323419344, 0.18772228564336502, 0.19282119149714783, 0.19859559307362182, 0.2049592852101581, 0.21179974665574647, 0.2189738881010849, 0.22630461689078746, 0.2335789576395973, 0.2405485783865332, 0.24693358727004283, 0.2524303583708573, 0.2567238494917751, 0.2595043900789207, 0.26048823700051116, 0.25944041545950336, 0.2561975887373291, 0.25068813512875215, 0.24294641603733189, 0.233118564793959, 0.22145803155075322, 0.2083105147423405, 0.19408953130550538, 0.17924541427508872, 0.16423160541721848, 0.14947249848329353, 0.1353366739068737, 0.1221182839965564, 0.11002785000342001, 0.09919219477712239, 0.08966195828164089, 0.08142436489701028, 0.07441867111436562, 0.0685519687842598, 0.06371356774195086, 0.059786867346991436, 0.05665826707057126, 0.0542231796723197, 0.05238953445003422, 0.051079320859103584, 0.050228742561544124, 0.049787495061475326, 0.04971757214827781, 0.04999189735161911, 0.05059297006109935, 0.051511636960101595, 0.052746034754336764, 0.054300711584767306, 0.05618590405233385, 0.058416932760029246]
6.095974503993988	3.3490856406192453	[0.06004056149289992, 0.06301697000481445, 0.06641053430555896, 0.07025233270605559, 0.07457546804598039, 0.07941392277068403, 0.0848010547882815, 0.09076765838337683, 0.09733952887374181, 0.10453449964623697, 0.11235896693979695, 0.12080398623456687, 0.12984111292174544, 0.13941826595759518, 0.1494560060158588, 0.1598447220747441, 0.1704432900849385, 0.18107977553427576, 0.19155467506326287, 0.20164701017349818, 0.21112330218574937, 0.21974908929190945, 0.22730224793930512, 0.23358701305324683, 0.23844734001507034, 0.24177817354006717, 0.24353333407051442, 0.24372908474987237, 0.2424429638567275, 0.23980805545229655, 0.23600343456595976, 0.23124194678437424, 0.22575671672087386, 0.2197877828546442, 0.2135700720435633, 0.20732359130375064, 0.20124632647027196, 0.19550994535267793, 0.19025808987396442, 0.18560681180636956, 0.1816465960766189, 0.17844538203906804, 0.17605204385786855, 0.17449986675645915, 0.17380966466990597, 0.17399227398324932, 0.17505025136314126, 0.17697866097419357, 0.1797648959799737, 0.18338750904965045, 0.18781407339843492, 0.19299812985176598, 0.19887534607504584, 0.2053590886654641, 0.21233573320767937, 0.21966016832266416, 0.22715211948106712, 0.23459406216822787, 0.24173162003894078, 0.24827736136812034, 0.2539188064988448, 0.2583311482599323, 0.26119468397511086, 0.2622162348302836, 0.2611530040290789, 0.25783649671321135, 0.2521935231274081, 0.2442610926998922, 0.23419237640704707, 0.22225187763827325, 0.20879944268231512, 0.1942644668067313, 0.17911328376316976, 0.16381385747562574, 0.1488022837417536, 0.13445513666355316, 0.12107051753170063, 0.108859054584178, 0.09794447006097981, 0.08837199441403858, 0.08012211515590224, 0.07312693176505146, 0.0672866848961056, 0.06248463432291776, 0.05859919661030895, 0.05551292929775386, 0.05311847882263402, 0.0513219355911779, 0.05004419389242231, 0.049220921710668865, 0.04880167475608606, 0.04874857052929858, 0.049034820591952216, 0.0496433085390806, 0.050565319119177644, 0.05179945949981515, 0.05335077469223684, 0.05523003041596371, 0.05745312270928488]
6.141588450908661	3.3355615371227474	[0.05909501194003334, 0.06206073417598913, 0.06544371533309525, 0.06927599836890214, 0.07359182208883824, 0.07842650217654361, 0.08381494183355175, 0.0897896988231894, 0.09637853458982436, 0.1036014143987757, 0.11146696025678714, 0.11996844124266862, 0.12907946398926454, 0.13874964922836383, 0.14890068689164868, 0.15942328477532117, 0.17017559230774718, 0.1809837083015133, 0.19164479873591925, 0.20193317859896862, 0.21160941061734848, 0.22043209986158036, 0.22817163463468218, 0.23462473996988373, 0.23962842845322904, 0.24307184607581755, 0.2449046463861565, 0.24514089275005116, 0.24385802832861386, 0.24119107424825958, 0.23732281010859851, 0.2324711427319074, 0.22687512097396628, 0.22078106116713095, 0.21443005844351276, 0.20804780461560637, 0.20183722910788032, 0.19597406271319984, 0.19060510047142595, 0.1858486928731534, 0.18179688679135023, 0.17851859576791584, 0.17606324277271196, 0.17446438928553684, 0.17374298953558318, 0.1739099908720067, 0.17496811029065001, 0.1769126632512504, 0.17973139521296924, 0.18340328147482673, 0.1878963227875378, 0.193164381986783, 0.19914319529468338, 0.20574575128006342, 0.21285737777804156, 0.22033099591098768, 0.22798319938157946, 0.2355919515180955, 0.24289685084561366, 0.24960291954184743, 0.2553887923269742, 0.2599198393540848, 0.2628662533239895, 0.26392534469222667, 0.26284643974121313, 0.25945586940675286, 0.25367891983604857, 0.24555535860425526, 0.23524556922340606, 0.22302532440894784, 0.2092688447528867, 0.1944215952738885, 0.17896602970908113, 0.16338464790897975, 0.14812514837640736, 0.1335718926490765, 0.12002665075015827, 0.1076998407645381, 0.09671177818784941, 0.08710202263184769, 0.07884413772374238, 0.07186295967530437, 0.06605185311949921, 0.06128806675873996, 0.05744512200050276, 0.054401846715963834, 0.05204824387703122, 0.05028868111848772, 0.04904306162618956, 0.0482466016286109, 0.047848782898468965, 0.04781189217868805, 0.04810945957082865, 0.04872476805523591, 0.04964954577572066, 0.05088286538950248, 0.05243025797033786, 0.05430300057179194, 0.05651754335138417]
6.187202397823334	3.3218767363467454	[0.05817581447577899, 0.061130147832642104, 0.0645017273586557, 0.06832352645240271, 0.07263088652576105, 0.07746042156437268, 0.0828485490275572, 0.0888295618583218, 0.09543316841853178, 0.10268145572794428, 0.11058527731099772, 0.11914013767068131, 0.12832173831611277, 0.13808146560527287, 0.14834222508352948, 0.15899514645662585, 0.16989776930727943, 0.18087434520578097, 0.19171882370011104, 0.2022009091185105, 0.21207527488997654, 0.22109362635770619, 0.22901885925588705, 0.23564014661289964, 0.24078748592117338, 0.24434413142417374, 0.2462554690353146, 0.24653326584690943, 0.24525478775927373, 0.24255693170391887, 0.23862614290449236, 0.23368537148383006, 0.22797958751934103, 0.22176139195794897, 0.2152780566841513, 0.208760965132194, 0.2024179899208483, 0.1964289181842635, 0.1909436828115323, 0.1860829135177955, 0.18194019441496811, 0.17858538900725124, 0.1760684438809614, 0.17442317624266626, 0.17367066212970925, 0.17382194875847376, 0.17487990616399404, 0.1768401030458011, 0.1796906441712695, 0.18341094527065824, 0.18796945842910182, 0.1933204039157214, 0.19939962741302739, 0.20611979032898228, 0.21336522487738843, 0.22098694025461688, 0.22879844546566358, 0.23657323033633473, 0.24404488499046653, 0.2509108817534099, 0.25684093580928685, 0.2614905400587025, 0.26451970835829886, 0.2656161689582659, 0.26452131476206353, 0.2610562903451952, 0.2551449001683086, 0.2468297838293733, 0.236278709745716, 0.2237789381316446, 0.20971928500285245, 0.1945614753204998, 0.17880419319435412, 0.16294448442966908, 0.1474415411477823, 0.13268730411993876, 0.11898692632637775, 0.10655030292426187, 0.09549403814667848, 0.08585177047340314, 0.07758995917335022, 0.07062608428169465, 0.06484661580312552, 0.060122840850043144, 0.05632347531414457, 0.053323735022242025, 0.051011099707050894, 0.04928833153638956, 0.048074441340900664, 0.04730427680445955, 0.0469273058631142, 0.04690602928799367, 0.04721432139991668, 0.04783587983635838, 0.048762877984526, 0.049994850069433876, 0.051537800148806844, 0.05340350061054958, 0.055608933019887306]
6.204307627916337	3.3097820355982535	[0.05739197618509725, 0.06033577725258054, 0.06369672026945837, 0.06750856604096477, 0.071807592673125, 0.07663152268672038, 0.08201807224991776, 0.08800303025312031, 0.09461779183892201, 0.10188629279080527, 0.10982134274989275, 0.11842042046560831, 0.12766109521335198, 0.1374963512208633, 0.14785022813913348, 0.1586143107149338, 0.16964570132911505, 0.18076713542221795, 0.19176984355422072, 0.20241957693909027, 0.2124659143844204, 0.22165455288997746, 0.22974182866481693, 0.23651027115459872, 0.24178367779447174, 0.24544006718994826, 0.24742100360992506, 0.24773615982040167, 0.2464625739172694, 0.24373872822091858, 0.23975423974906881, 0.23473645316596267, 0.2289355163574322, 0.22260953387266127, 0.21601119126180734, 0.2093768588101783, 0.2029187380259092, 0.19682016190492066, 0.19123380104176418, 0.1862822653728907, 0.18206046824727845, 0.17863908563606695, 0.17606850541343508, 0.17438275183409388, 0.17360299543726287, 0.1737403609363304, 0.17479784885542718, 0.1767712496496235, 0.1796489905961869, 0.18341088573009043, 0.18802580416938638, 0.1934483065447592, 0.1996143711810483, 0.20643641421788783, 0.21379794391881163, 0.2215483424463669, 0.22949846399254856, 0.23741791691772327, 0.24503505395068612, 0.25204073903737895, 0.25809686005085053, 0.26285022099664634, 0.26595187008661303, 0.2670810865858895, 0.2659722721906008, 0.2624420125052297, 0.256412842666213, 0.24792999438783445, 0.23716782975140133, 0.22442382499189806, 0.21009974050064273, 0.19467167330476617, 0.1786525961533571, 0.16255228510624017, 0.14683990287395277, 0.13191385279655116, 0.11808202387803408, 0.10555360521398639, 0.09444171927519907, 0.08477462929666295, 0.07651244597358729, 0.06956614558633259, 0.06381616168573441, 0.059128609383376815, 0.05536807883503835, 0.05240672011309604, 0.0501299043736203, 0.04843908012844176, 0.04725255660395428, 0.0465049212629088, 0.046145677132716466, 0.04613754371313766, 0.046454716259149056, 0.047081263784317026, 0.048009750466254594, 0.04924010845432089, 0.05077874544381522, 0.05263785232620293, 0.05483485804817487]
6.227114601373673	3.302824019927526	[0.05695201879982394, 0.05988953091740989, 0.06324408422887502, 0.06704987815659022, 0.07134371412728317, 0.07616393664865541, 0.08154899301824506, 0.08753551793403842, 0.09415586372888456, 0.10143502019064488, 0.10938691713052359, 0.118010170668591, 0.1272834336769477, 0.13716062822275618, 0.1475664742531494, 0.15839285609362128, 0.16949667012381528, 0.18069983140436488, 0.1917920599630119, 0.20253688525813726, 0.21268100084087405, 0.22196668312964682, 0.2301465166942361, 0.23699921673932084, 0.2423450062126406, 0.24605887190345874, 0.2480801492826688, 0.2484172709283901, 0.2471471057423525, 0.24440901201678059, 0.24039439805316873, 0.23533310875417027, 0.2294782467730531, 0.2230910640205151, 0.21642734406732925, 0.2097263130041289, 0.20320265020670683, 0.19704171810991522, 0.19139775156981126, 0.1863944907849311, 0.18212760459513094, 0.17866822918120473, 0.1760669990316445, 0.17435805252771833, 0.17356260968980006, 0.17369183743779132, 0.17474880935281445, 0.1767294444327358, 0.17962235745686575, 0.18340759745097532, 0.18805428135724617, 0.19351717860415454, 0.19973235999375258, 0.20661212265961987, 0.2140395264034781, 0.22186304823781186, 0.22989204768729907, 0.23789393507975762, 0.24559408271882835, 0.2526795827857665, 0.25880784295552356, 0.2636206847485005, 0.2667640057186384, 0.2679122260675194, 0.2667957224874038, 0.2632284558517061, 0.2571322321931422, 0.24855378241263879, 0.23767127480155562, 0.2247880781219491, 0.2103134095535241, 0.1947316318721647, 0.17856391527272514, 0.1623273132247703, 0.1464966550670912, 0.13147397594960145, 0.11756864583330348, 0.10498935957859548, 0.0938471643725633, 0.08416718252095266, 0.07590585100656096, 0.06897040920613631, 0.0632378443447546, 0.05857133743234245, 0.05483315450211188, 0.051893732634494934, 0.04963727744161902, 0.04796452243354236, 0.046793406095245786, 0.04605839054024479, 0.045709015916830374, 0.045708137666711134, 0.046030140700804384, 0.04665930827288221, 0.04758842704399472, 0.048817653047749585, 0.050353619519439057, 0.05220874960379144, 0.05440072002064017]
6.249921574831009	3.2958340589182944	[0.056518016473529595, 0.0594491000782404, 0.06279709903241115, 0.06659664351397016, 0.07088505001324687, 0.07570127673089501, 0.08108449410531841, 0.08707217552388359, 0.09369762493808327, 0.1009868828883079, 0.10895499935487511, 0.11760173185449388, 0.12690682576395518, 0.13682515507467843, 0.14728213949458224, 0.15816998695491358, 0.16934541544276513, 0.1806295485735021, 0.19181062401488125, 0.20264997373171942, 0.21289142426090893, 0.22227384109883938, 0.23054605779088264, 0.23748296636434765, 0.24290119892064715, 0.2466726882894644, 0.24873451710055344, 0.24909385393739775, 0.2478273785011181, 0.2450753094442545, 0.241030836857347, 0.23592630086067193, 0.2300177584174258, 0.22356960998142641, 0.21684073978894253, 0.21007323105161121, 0.2034842416842099, 0.1972611616046204, 0.19155978706981225, 0.18650498339698046, 0.18219316979365607, 0.17869593625929128, 0.17606415864868927, 0.17433208384174373, 0.17352097766478738, 0.1736420457284924, 0.1746984336136645, 0.17668618830323485, 0.17959411437587444, 0.18340249894429345, 0.18808071306761398, 0.19358374222939917, 0.1998477601811946, 0.2067849560843387, 0.2142779546525231, 0.22217434010523474, 0.2302819897253159, 0.2383661242879073, 0.24614914094696802, 0.25331435838787136, 0.25951469704317903, 0.2643869817309538, 0.26757194231575443, 0.2687391214879036, 0.26761485824481984, 0.26401048500515867, 0.2578470905325798, 0.24917293244014474, 0.23817002901132175, 0.22514769429005613, 0.21052265691712607, 0.19478758965329057, 0.1784718855851008, 0.16209987378782484, 0.14615202072531072, 0.13103393825164605, 0.11705640611511067, 0.1044275472031871, 0.09325626133978107, 0.08356447119400184, 0.07530490123674327, 0.06838103546739861, 0.06266641576879249, 0.05802130436282962, 0.05430566855026644, 0.05138826199346983, 0.049152155136118494, 0.047497393966898525, 0.04634156977163671, 0.045619037595642974, 0.04527938835636176, 0.0452856224192887, 0.04561231984933307, 0.0462439804463324, 0.04717361352094716, 0.04840159719422037, 0.04993478720042822, 0.05178583464656373, 0.05397265891829809]
6.272728548288345	3.2888137468497103	[0.05608984430530944, 0.059014366195043064, 0.062355653345661656, 0.06614875878987213, 0.07043150603191496, 0.07524345861500523, 0.08062450225724101, 0.08661294179593972, 0.09324302723025464, 0.1005418463733101, 0.10852556921432174, 0.1171950983450796, 0.1265312802440364, 0.13648995448863704, 0.1469972596213995, 0.15794575081847553, 0.16919199493866013, 0.18055635287697555, 0.19182560793804876, 0.2027589189224899, 0.21309726362736534, 0.22257610661725682, 0.23094053118559377, 0.23796159772013947, 0.24345233124862511, 0.24728158897411104, 0.2493841766280837, 0.24976597539953777, 0.248503455595428, 0.24573768097086762, 0.24166361359327554, 0.2365160841360883, 0.23055410302308818, 0.22404522083708409, 0.2172514246944466, 0.21041765671658122, 0.20376355357521397, 0.19747853126065848, 0.1917199440961438, 0.18661377798363, 0.18225719687302797, 0.1787222388482682, 0.17606001533728738, 0.17430487677266968, 0.17347813050531963, 0.17359101800638266, 0.174646755116499, 0.17664151691822774, 0.17956429931980158, 0.18339563126830838, 0.18810514338427578, 0.19364804509885888, 0.19996062267575662, 0.20695496897793164, 0.21451328607241008, 0.222482278421263, 0.23066835258419358, 0.23883454901104043, 0.24670029413775268, 0.25394513224436116, 0.26021748870421546, 0.26514917828693113, 0.26837574542411435, 0.2695618377393111, 0.268429743190947, 0.26478816291758717, 0.25855747964218073, 0.24978750605818975, 0.23866415355023762, 0.22550273480037447, 0.2107275436222346, 0.19483960716307772, 0.17837656551706807, 0.1618700214075288, 0.145806047561799, 0.13059377749227705, 0.11654532878151021, 0.10386817540264498, 0.09266899782293156, 0.08296646187673261, 0.07470954134688226, 0.0677979480419024, 0.06210178000708573, 0.05747839721440537, 0.05378549363097384, 0.0508901696642459, 0.048674390476841044, 0.04703754213951408, 0.04589689155681612, 0.04518670492566597, 0.04485663687418976, 0.044869841629360765, 0.04520109935166272, 0.04583512874481562, 0.046765161553964256, 0.04799179633849767, 0.049522108056094256, 0.05136897169838544, 0.053550544079903]
6.295535521745681	3.281764633858687	[0.055667380923765226, 0.05858521410429525, 0.06191963885029684, 0.06570612346152392, 0.06998299028042006, 0.07479040010550085, 0.08016894590197683, 0.08615775688722749, 0.09279202327252724, 0.10009987669894117, 0.10809860661375412, 0.1167902642472668, 0.1261568052691125, 0.13615504827746472, 0.14671186917310797, 0.1577201937791577, 0.16903646462781652, 0.18048030850527644, 0.1918370821043863, 0.2028637954920859, 0.21329859601977846, 0.22287355760678815, 0.23133001428057912, 0.23843518669368266, 0.2439984768379386, 0.24788564491395107, 0.2500291959013211, 0.25043370033542284, 0.24917539905279174, 0.24639618565728702, 0.24229278445525512, 0.23710251193077156, 0.2310873312042145, 0.22451794445956222, 0.21765944403722362, 0.21075963263111402, 0.2040406260725829, 0.1976938648823202, 0.19187825835350117, 0.18672090829837676, 0.18231971806449337, 0.17874716792391185, 0.1760545993888121, 0.17427646129680327, 0.17343409854922331, 0.17353878538794454, 0.1745938064660363, 0.17659546474952822, 0.1795329492733426, 0.18338703415937213, 0.18812761527559319, 0.19371013341804277, 0.2000709971567944, 0.20712221421208551, 0.21474557669895775, 0.22278692183627097, 0.23105119729368417, 0.23929927193787623, 0.24724760632009066, 0.25457196897311557, 0.2609162828789803, 0.2659073390214103, 0.26917547920003915, 0.27038043805098366, 0.26924043974153866, 0.26556155096226813, 0.25926346024328273, 0.25039756335222524, 0.23915370841325762, 0.22585325951361337, 0.21092812956973855, 0.19488774351990223, 0.1782780124112972, 0.16163780937081276, 0.14545878231265216, 0.13015353031717744, 0.11603543718666368, 0.1033112507549208, 0.09208536130876968, 0.08237312110004379, 0.07411971669821625, 0.0672210715373638, 0.06154384281372798, 0.05694250503116818, 0.053272505128698494, 0.050399320103614614, 0.0482038400716627, 0.04658481809171518, 0.04545921954962176, 0.04476123922094626, 0.04444060837790084, 0.04446064335308271, 0.04479632941373658, 0.04543260600035683, 0.04636292725223506, 0.04758811015183031, 0.0491154458626361, 0.0509580289372655, 0.05313424868992876]
6.318342495203018	3.274688227171457	[0.05525050849167113, 0.05816153177459731, 0.061488950259675934, 0.06526863959581071, 0.06953941328438719, 0.07434202095483601, 0.07971775520208797, 0.08570656216046789, 0.0923445667098474, 0.09966094038094866, 0.10767409166585104, 0.11638722338646361, 0.1257834084824104, 0.1358204573190245, 0.14642600158683058, 0.1574933604972661, 0.16887887900408338, 0.18040147790362887, 0.19184511513206318, 0.2029646762304136, 0.21349549669814355, 0.22316627013662288, 0.23171458270897036, 0.23890380742927095, 0.24453970767357425, 0.2484849254733921, 0.25066964143213455, 0.2510970923297037, 0.24984326950281477, 0.2470508812721489, 0.2429184043499545, 0.23768563642956977, 0.23161749238110632, 0.22498782766611164, 0.2180648419570827, 0.21109920046986025, 0.20431549832404333, 0.1979071994001486, 0.19203476455535293, 0.18682640728584346, 0.18238076464018735, 0.17877075369055184, 0.17604794013621355, 0.17424686661973424, 0.17338891113679436, 0.1734853781769687, 0.17453961918735167, 0.17654806537228043, 0.17950010002122294, 0.1833767463405277, 0.18814817036516873, 0.19377005224746066, 0.2001789318106409, 0.20728674338952913, 0.21497488094704328, 0.2230883276379308, 0.2314305831754689, 0.23976035434683216, 0.24779113977964776, 0.2551949317850023, 0.2616111427801247, 0.26666152717913616, 0.269971206125816, 0.27119498436588346, 0.27004700871101883, 0.2663307093081817, 0.2599650915287314, 0.2510031632775116, 0.2396387521264426, 0.22619932721796934, 0.21112447323468472, 0.1949320568156523, 0.17817628222877435, 0.16140329000763992, 0.14511027043677469, 0.12971323259076356, 0.11552675367740528, 0.10275677945053693, 0.0915053388156789, 0.0817844156897256, 0.07353537301212326, 0.06665033178436462, 0.06099251131637734, 0.056413519099201816, 0.05276658081554296, 0.04991558093305593, 0.047740363760170906, 0.04613907682120567, 0.045028405663129274, 0.0443424914473492, 0.044031153902750815, 0.04405788008903073, 0.04439786445541193, 0.04503626945657889, 0.045966770850778584, 0.04719040253742747, 0.048714668300322304, 0.05055287847622542, 0.05272364950335794]
6.341149468660354	3.267585992295694	[0.05483911234883232, 0.05774321042017619, 0.061063484998838985, 0.06483621197046828, 0.06910068771601367, 0.0738982429981448, 0.07927086181156677, 0.08525930035573787, 0.09190061196052049, 0.09922500456629121, 0.10725200452415196, 0.11598596948901481, 0.12541109688662636, 0.13548620174553933, 0.14613968909721392, 0.15726529438549477, 0.16871929096706778, 0.18031992194628557, 0.1918497738395516, 0.20306163220770315, 0.21368803908166262, 0.22345431854527234, 0.23209431033878106, 0.23936753241507233, 0.24507609411480014, 0.24907949847277452, 0.2513055782674518, 0.2517562135396785, 0.25050712626675026, 0.24770182426178625, 0.24354052701733184, 0.23826550858421272, 0.23214463493268592, 0.22545491611610832, 0.21846766166372553, 0.21143640081358644, 0.2045882086455788, 0.19811857070310931, 0.19218949666611346, 0.186930306884653, 0.1824403671832824, 0.17879302535667208, 0.17604006625189159, 0.17421612092657265, 0.173342596936695, 0.17343082559113351, 0.17448422408038147, 0.17649935116926338, 0.17946578653183903, 0.1833648052045132, 0.18816684934458025, 0.19382784516492113, 0.20028447377138361, 0.2074486064859531, 0.2152012520770909, 0.2233865513730642, 0.23180656833178268, 0.24021785570842422, 0.248330955565229, 0.25581408206801554, 0.26230213041232714, 0.26741180421229316, 0.2707629875391749, 0.27200553689399487, 0.2708495098495329, 0.26709569646071785, 0.2606624317068191, 0.2516043631882497, 0.24011934229819581, 0.22654099514690398, 0.21131663222532082, 0.19497260362250576, 0.17807143011518278, 0.16116651418767158, 0.14476055668637042, 0.12927291888441356, 0.11501930016010554, 0.10220476677403711, 0.09092891744392485, 0.0812003122419886, 0.07295645688694684, 0.06608565530634142, 0.06044769448278601, 0.05589133241250017, 0.05226760125520127, 0.049438822404725954, 0.04728382495041954, 0.04570017665601841, 0.044604305897385205, 0.04393031633411964, 0.04362812882918621, 0.043661408289198546, 0.044005563284391515, 0.04464598030837789, 0.04557655685301151, 0.04679854120258859, 0.04831964707629986, 0.050153395970104764, 0.05231862695923138]
6.36395644211769	3.2604593541755036	[0.05443308120157965, 0.05733014409777237, 0.060643143391836754, 0.06440874771230061, 0.06866672858683691, 0.07345898983269107, 0.07882819907919819, 0.08481591531103479, 0.09146011443230885, 0.09879203679422317, 0.1068323256103567, 0.1155864959824771, 0.1250398770770851, 0.13515230078104057, 0.14585296296680278, 0.1570360374812906, 0.16855775203897266, 0.18023569984205023, 0.1918511234377036, 0.2031547327126412, 0.2138762949060081, 0.22373777541230733, 0.2324692693876653, 0.23982643249074798, 0.2456077049625491, 0.24966943023467442, 0.25193707000690196, 0.2524111247827126, 0.2511670273249371, 0.24834906988016917, 0.24415920494873924, 0.23884217828597687, 0.23266880606706, 0.22591925452574027, 0.2188679452621518, 0.21177127340456317, 0.20485879430431095, 0.1983280139331167, 0.1923424876441737, 0.1870326383596509, 0.1824985552937077, 0.17881401150385492, 0.1760310054184057, 0.17418425178728014, 0.173295183583659, 0.1733751562039419, 0.17442765082631842, 0.17644935380984655, 0.1794300425336143, 0.18335124732987623, 0.18818369152062187, 0.19388355481807326, 0.20038766863973942, 0.20760785243695548, 0.21542474168644332, 0.22368164746553268, 0.23217920911061116, 0.2406718343293921, 0.24886711292980843, 0.25642948005222005, 0.2629893059917317, 0.2681582304610018, 0.2715508830338882, 0.27281215480421844, 0.27164800122719795, 0.2678565699627927, 0.26135553737103745, 0.25220121954781, 0.24059553497552344, 0.22687831969961073, 0.21150466262629972, 0.19500943972409868, 0.17796350973163136, 0.16092753205984747, 0.14440968442677588, 0.12883262321765168, 0.11451309741263264, 0.10165521783457253, 0.09035608368359745, 0.08062077782619298, 0.07238291510567577, 0.06552696997476967, 0.05990930243209873, 0.05537584026323333, 0.05177544912309928, 0.04896891791629565, 0.04683408995512723, 0.04526797969220061, 0.04418677970001086, 0.043524572740329795, 0.04323139227556465, 0.04327108866496349, 0.043619288526695284, 0.04426160396022211, 0.04519215350210383, 0.04641239788231448, 0.04793025743794419, 0.049759460816650065, 0.05191906473595464]
6.386763415575026	3.2533096983098915	[0.05403230677607169, 0.056922229828655725, 0.06022782835071769, 0.06398615642438348, 0.06823745297300518, 0.07302418695585736, 0.07838970181065698, 0.08437635211425, 0.09102303032135362, 0.09836200516248031, 0.10641503544918864, 0.1151887961728427, 0.12466975511060314, 0.13481877292320596, 0.14556585338622346, 0.15680563062452546, 0.16839431229343504, 0.18014886929806675, 0.19184922748542715, 0.20324404539308083, 0.21406033420532802, 0.22401671166836276, 0.23283953043194308, 0.240280576921223, 0.2461346074968977, 0.25025478561815523, 0.25256417887049337, 0.2530618855297967, 0.2518230294163156, 0.24899267214229975, 0.24477448951937306, 0.2394156942805276, 0.23319005198712422, 0.22638088654628805, 0.21926573395073629, 0.2121038569903131, 0.20512729174781444, 0.19853556329627464, 0.19249376970114498, 0.1871334320826572, 0.18255535787636004, 0.17883373983906645, 0.17602078464527676, 0.1741512858824192, 0.1732466980240692, 0.17331839764564957, 0.1743699283624337, 0.17639810392753685, 0.17939290091947913, 0.1833361081362074, 0.18819873524928696, 0.19393722255809684, 0.2004885609453436, 0.20776452875079107, 0.21564540019744957, 0.2239736688087135, 0.23254856061579304, 0.2411223469259669, 0.24939966985804768, 0.25704118436553963, 0.26367272848629386, 0.26890086469400326, 0.2723349510091835, 0.2736148957525316, 0.27244253979009353, 0.26861338591245343, 0.26204446406147197, 0.25279378743667175, 0.2410673852107843, 0.2272113559393247, 0.21168861957129442, 0.19504261960421815, 0.1778525738328369, 0.16068639253254086, 0.14405769621742454, 0.1283923785317758, 0.11400816566081143, 0.10110813703493113, 0.08978682397391816, 0.08004577945041101, 0.07181469516167042, 0.0649742044720782, 0.05937724691066385, 0.05486693970401896, 0.05129000962055372, 0.04850574347706306, 0.04639102833987784, 0.04484235127062373, 0.04377569025157226, 0.04312512315013146, 0.042840807329123494, 0.04288678570762914, 0.043238906814267127, 0.04388300957687103, 0.044813432936802615, 0.04603184792305374, 0.04754637830788186, 0.049370955774688856, 0.051524849875455525]
6.409570389032362	3.246138371836867	[0.05363668384991837, 0.05651936736546235, 0.05981744541487883, 0.06356834998164472, 0.0678127800675288, 0.0725937615908977, 0.07795530633724596, 0.08394055695996427, 0.09058931669890702, 0.09793487821495904, 0.10600011477201698, 0.11479286316159623, 0.12430073662208024, 0.13448563588692575, 0.14527838959731457, 0.15657411342376765, 0.1682290204771735, 0.18005948650488918, 0.1918441480015897, 0.20332963625689573, 0.2142402254073317, 0.22429119661039654, 0.23320516247997042, 0.24073003342668192, 0.24665686752615681, 0.25083562806488674, 0.25318696572257826, 0.25370855396925673, 0.25247518803731767, 0.24963268390638244, 0.2453864309625902, 0.2399861042687227, 0.2337084178412114, 0.2268398548833306, 0.21966106794951942, 0.21243418946088982, 0.20539373651162005, 0.19874125221784913, 0.19264337419021738, 0.18723271770486383, 0.18261080301189864, 0.17885223738440745, 0.17600943012370246, 0.1741172492105054, 0.17319716635597537, 0.1732605768287662, 0.17431108470863857, 0.1763456313642316, 0.1793543935609567, 0.1833194221474749, 0.18821201773803464, 0.19398888872181028, 0.20058719393754737, 0.20791868180806103, 0.2158632766369458, 0.22426266708062628, 0.23291467647533373, 0.24156944895144908, 0.24992868282368783, 0.25764925237027547, 0.264352455362622, 0.26963976445062393, 0.2731152484066189, 0.27441381622674604, 0.2732331810881821, 0.2693661993094368, 0.26272926598528984, 0.25338212090154505, 0.24153494677625134, 0.22754015794642857, 0.2118685569523167, 0.1950721968043871, 0.1777386739710371, 0.1604431436337224, 0.1437046335097994, 0.12795221704794266, 0.11350452427004254, 0.10056352841981724, 0.08922112438784542, 0.07947528438898574, 0.07125174493468911, 0.06442728858584851, 0.05885144095789822, 0.054364529797850676, 0.05081117013089782, 0.048049177907934254, 0.04595451257322319, 0.04442316012790162, 0.04337090411610105, 0.04273183378084374, 0.042456240704276116, 0.04250836776283562, 0.04286428845761054, 0.043510070134008726, 0.044440270883367, 0.04565677031894085, 0.047167891998651366, 0.04898776699437437, 0.0511358725229761]
6.4323773624896985	3.2389466845838313	[0.05324610992712483, 0.056121459310894545, 0.05941190245801366, 0.06315524265498045, 0.0673926309195263, 0.07216764282185731, 0.07752495028770909, 0.08350847729840884, 0.09015893131550708, 0.09751062510524001, 0.10558754435232094, 0.11439869002116969, 0.12393282668920974, 0.13415290678607497, 0.14499059978445686, 0.15634152443661145, 0.16806192392548916, 0.17996760630676467, 0.19183594540316798, 0.203411569824001, 0.21441603529373096, 0.22456129802839966, 0.23356623295538184, 0.24117486827851647, 0.2471745493939068, 0.2514120196608096, 0.2538054901039941, 0.2543511870327778, 0.2531235575006537, 0.25026915686478046, 0.24599507845668825, 0.24055345486419258, 0.2342239478384277, 0.22729620122290425, 0.22005398664366949, 0.21276230774532018, 0.20565816338966675, 0.19894511321058422, 0.1927913318023633, 0.1873305239985986, 0.18266491817788327, 0.17886953029400657, 0.17599696747245275, 0.17408216688168718, 0.17314661410016888, 0.17320171971998807, 0.17425114726451038, 0.17629196492153648, 0.17931455163188276, 0.18330122272345206, 0.18822357539646214, 0.19403859234348841, 0.20068360996240006, 0.20807035655383568, 0.2160784190377526, 0.22454869241616718, 0.23327760926453125, 0.24201319424867385, 0.25045420723091416, 0.25825373979666516, 0.26502854304250867, 0.2703749856571328, 0.27389183117960086, 0.27520897114756787, 0.274019979756493, 0.27011506364195, 0.2634099965086695, 0.2539662725274185, 0.24199827266626805, 0.22786477837479402, 0.2120445279321672, 0.19509822346462907, 0.17762186101862384, 0.1601978320382191, 0.14335053717794885, 0.12751216978402422, 0.11300219227649931, 0.10002139518497545, 0.08865897115101691, 0.07890925968557218, 0.07069401318088694, 0.06388615270722073, 0.058331799351050484, 0.05386851111463848, 0.050338820607481134, 0.0475991023412094, 0.04552441835367623, 0.0440102779065187, 0.04297229150993128, 0.042344574110976925, 0.04207756296111956, 0.042135706582832694, 0.04249530762422302, 0.0431426619990283, 0.04407254680469306, 0.04528704732332186, 0.0467946843427492, 0.048609783660301664, 0.05075202604733574]
6.4409299775362	3.232638258075313	[0.05290836761674733, 0.05577721762074235, 0.059060881974439296, 0.06279748286304254, 0.06702856077167269, 0.07179816569371104, 0.07715154099817206, 0.08313328831521198, 0.08978490147465623, 0.09714158228980936, 0.10522828874588724, 0.11405504211012683, 0.12361161989467255, 0.13386190417533964, 0.14473831408306195, 0.1561369263228437, 0.16791403155470602, 0.17988496389324748, 0.19182601518836506, 0.20348008209598056, 0.21456635772610547, 0.22479389843870096, 0.23387831071957713, 0.24156022008475694, 0.24762371085382276, 0.25191269146696516, 0.2543432182857435, 0.25491023147029257, 0.2536878558645022, 0.2508232801934238, 0.24652507968429002, 0.24104753270131737, 0.23467287912056087, 0.22769352962231346, 0.22039598709380293, 0.21304776959724156, 0.20588804848831418, 0.1991221477094625, 0.19291958496223288, 0.18741501582897768, 0.18271128462215175, 0.17888376116467877, 0.17598522163939917, 0.17405066041134704, 0.1731015720767325, 0.17314937870610042, 0.17419779446097564, 0.1762439986641428, 0.17927854815900518, 0.18328399259116734, 0.18823219268010333, 0.19408037732842578, 0.2007660456693232, 0.20820091781901354, 0.21626429546364107, 0.22479639008133284, 0.2335924270143885, 0.24239858470411013, 0.2509110561726624, 0.25877962342779826, 0.26561705349842984, 0.2710152388807114, 0.27456828651480736, 0.2759016830640928, 0.27470536911765425, 0.27076722921861685, 0.26400250047841367, 0.25447423318781814, 0.24240051415088784, 0.228145736609137, 0.21219562262197153, 0.19511847451495246, 0.1775176530827858, 0.15998187596091584, 0.1430402167296124, 0.1271275526837634, 0.11256401694487367, 0.09954930641038114, 0.08817019652646232, 0.0784178094189324, 0.07021038831775439, 0.06341746962993593, 0.05788220281901247, 0.053439740318805586, 0.04993081540600047, 0.047210566380019046, 0.04515329308002213, 0.04365410805884806, 0.04262848618407536, 0.042010577050624505, 0.041750953177953076, 0.0418142481655795, 0.04217696728590261, 0.042825607130359246, 0.04375513525504491, 0.04496781511939221, 0.046472337125317294, 0.0482831942518069, 0.05042024127461567]
6.452333464264869	3.2290272025482794	[0.05271695785489382, 0.05558205063313308, 0.05886179060133416, 0.06259447941396266, 0.06682187768932511, 0.07158830358605607, 0.07693932458441682, 0.08291992690444845, 0.08957205196642959, 0.09693140814672693, 0.10502350900935443, 0.11385895977761139, 0.12342811975674128, 0.13369540669637295, 0.14459367487025673, 0.15601927087013107, 0.16782852246997468, 0.1798365033701826, 0.19181889778879405, 0.203517621876667, 0.21465052598996828, 0.22492501340337637, 0.2340548235531732, 0.24177863424704546, 0.24787865991960606, 0.25219717998875224, 0.25464900935070917, 0.2552283427854157, 0.2540091117280317, 0.2511388593329699, 0.24682700245561714, 0.2413290427213938, 0.23492869225685376, 0.22791994327833226, 0.22059086059356378, 0.21321040060692134, 0.20601897730087304, 0.1992229236980147, 0.19299252515130774, 0.18746298037181067, 0.18273748481879704, 0.17889160969773066, 0.17597822656001869, 0.17403236155065585, 0.17307551332681573, 0.17311911003709915, 0.17416689426894388, 0.17621610919292535, 0.17925741377244575, 0.18327349311081334, 0.1882363603423836, 0.19410338821501996, 0.20081217233510162, 0.20827443297473422, 0.2163693137290937, 0.22493664132113808, 0.23377095631872108, 0.24261738715255557, 0.2511706629440333, 0.25907867597228257, 0.26595191482449926, 0.27137971042156356, 0.27495350206730734, 0.27629625228708793, 0.2750958179363492, 0.2711387524793594, 0.26433998549956755, 0.2547634616272013, 0.24262939455678714, 0.2283053980141389, 0.212281198463391, 0.19512945338032284, 0.17745773757177208, 0.15985838251678727, 0.14286312168895404, 0.12690834987496966, 0.11231456203286597, 0.09928080906587701, 0.08789246560473814, 0.07813880185812917, 0.06993604760844861, 0.06315180430842994, 0.05762752666661378, 0.05319700054422193, 0.04969993998183249, 0.04699078726293731, 0.04494341540097907, 0.04345271852477026, 0.042434099664775043, 0.041821733057887465, 0.04156627101415278, 0.04163245491416763, 0.04199690610179949, 0.04264623610400982, 0.043575520354285115, 0.04478712342508957, 0.04628983102564554, 0.0480982304017865, 0.05023227372226977]
6.463736950993537	3.2254117991561233	[0.052526753614920686, 0.055388068382159504, 0.05866385861524367, 0.06239260373839728, 0.06661628263703498, 0.07137947974745289, 0.07672808472427228, 0.08270746659445877, 0.08936001278527031, 0.09672193712550142, 0.104819308231556, 0.11366331565227815, 0.12324490186255536, 0.13352902291695837, 0.1444489720918707, 0.15590137097956017, 0.16774259051936063, 0.17978745067521965, 0.19181103469912117, 0.20355428432754272, 0.2147337119403232, 0.22505507071828587, 0.2342302338313589, 0.24199592997145875, 0.24813250027492936, 0.25248059031790837, 0.2549537679507808, 0.25554547704416913, 0.2543294507452702, 0.25145358290831643, 0.24712812957373048, 0.24160981444384322, 0.23518382166299104, 0.2281457253639128, 0.2207851528512175, 0.21337249934878555, 0.2061494216066293, 0.19932326145568113, 0.19306507120856733, 0.18751059168661083, 0.18276336826218204, 0.1788991722076401, 0.17597096916078872, 0.17401381589093626, 0.17304921416453667, 0.1730885975055625, 0.17413573652860254, 0.17618793818074063, 0.17923596386069868, 0.18326263485066996, 0.18824011789210016, 0.1941259312368198, 0.20085776911962264, 0.20834735452815015, 0.21647367584772884, 0.22507617798804255, 0.23394871949011598, 0.24283538088862255, 0.25142942853791894, 0.25937686472053534, 0.26628589780000833, 0.27174329385337537, 0.27533782037285004, 0.27668991148256156, 0.27548533728783725, 0.27150931963733127, 0.2646764837384791, 0.25505167575546045, 0.24285724717728926, 0.22846404519893174, 0.2123658135535161, 0.19513957475013832, 0.17739712224146997, 0.15973439908093603, 0.1426857894979658, 0.12668919087026612, 0.11206544188059464, 0.09901292879560519, 0.08761560913919711, 0.07786088903827441, 0.0696629779449034, 0.06288754050851991, 0.05737433923125243, 0.052955798877483556, 0.04947062147637786, 0.04677256086715365, 0.044735070441316485, 0.04325283200056788, 0.0422411816578583, 0.0416343218439572, 0.0413829871346611, 0.041452028123829344, 0.041818182977070975, 0.0424681782660855, 0.043397197063770834, 0.044607704447683895, 0.04610858066260123, 0.04791450620635879, 0.05004552952657091]
6.475140437722206	3.2217921978447643	[0.05233774311194504, 0.05519525967029793, 0.05846707538009899, 0.06219184593466528, 0.06641176644880199, 0.07117168593635073, 0.07651781411962372, 0.08249590122335605, 0.08914877892343687, 0.0965131655473222, 0.10461568405200744, 0.11346810881930836, 0.12306196667362039, 0.13336275472718068, 0.14430420891782234, 0.15578323106653724, 0.16765624113883423, 0.17973781216040402, 0.19180243291966162, 0.2035900769653594, 0.2148159233518957, 0.22518407830670284, 0.23440454942264047, 0.2422121150154729, 0.24838523943557508, 0.25276292972462716, 0.25525750104028233, 0.2558616409107735, 0.2546488792555859, 0.2517674569649569, 0.2474284667717755, 0.2418898533122854, 0.23543827248347562, 0.22837088073702666, 0.22097886843843442, 0.21353407011436795, 0.20627938543120833, 0.19942316474736008, 0.19313722667087385, 0.1875578530911098, 0.18278893810497096, 0.17890645169688352, 0.17596345236942174, 0.1739950263044979, 0.17302267749984215, 0.1730578440774175, 0.17410432436530154, 0.17615948892082986, 0.17921420198911447, 0.18325142163604968, 0.18824346950932155, 0.1941480108856066, 0.20090284090378693, 0.20841968766890145, 0.21657738737576523, 0.22521500588800422, 0.23412572262866327, 0.24305257216245438, 0.2516873593985864, 0.25967419615346876, 0.26661900900071234, 0.27210599568808685, 0.2757212479627896, 0.2770826670501492, 0.27587393355731316, 0.2718789369280118, 0.2650120014398281, 0.2553388817074146, 0.24308407822493838, 0.22862168431493232, 0.2124494741368583, 0.1951488447189406, 0.17733581306559132, 0.15960993108608915, 0.1425082249226982, 0.1264700792105686, 0.11181665862826042, 0.09874566580799063, 0.08733962536400662, 0.0775840668905226, 0.06939117316164488, 0.06262466989402704, 0.057122630429313495, 0.05271612358381867, 0.049242847013968444, 0.04655587331098518, 0.04452824378504305, 0.04305443361776738, 0.04204971721331374, 0.041448328379649686, 0.04120108669942152, 0.041272953083784515, 0.04164078352411573, 0.04229141946120081, 0.04322015161285178, 0.044429544706501886, 0.045928572983042426, 0.04773200895978048, 0.049859996469745906]
6.486543924450874	3.2181685464645233	[0.052149914804222965, 0.055003613364573274, 0.05827143047772637, 0.061992196145106836, 0.06620832014799714, 0.07096491392894391, 0.07630850562974537, 0.08228522461572955, 0.08893834549580464, 0.09630508968537861, 0.1044126341969831, 0.11327333828116123, 0.12287931470396814, 0.13319660390320534, 0.1441593885410853, 0.1556648554085714, 0.167569479765269, 0.17968759402556755, 0.1917930994377691, 0.20362500715031298, 0.21489716797982145, 0.22531204393914728, 0.23457777817403982, 0.2424271969927799, 0.24863688489599364, 0.2530442053466891, 0.2555602155526335, 0.25617684092912535, 0.2549674035775663, 0.2520804874401496, 0.24772801976202172, 0.2421691646738992, 0.23569204984173278, 0.22859541417043966, 0.2211720119054, 0.2136951171203785, 0.20640887277793948, 0.19952263727243938, 0.19320899505129382, 0.18760476784555039, 0.18281419747347938, 0.17891345111696658, 0.1759556790831821, 0.1739759956174317, 0.17299590620610494, 0.17302685267522977, 0.1740726608593412, 0.17613076466418062, 0.17919213166717923, 0.18323985724992842, 0.1882464193055104, 0.1941696316104953, 0.20094739248597196, 0.20849143754458266, 0.21668045377274867, 0.22535313078772348, 0.23430197172431777, 0.24326896719090849, 0.25194446184808483, 0.2599706767284574, 0.26695125486973953, 0.2724678224275948, 0.27610379122678436, 0.2774745253958246, 0.27626161297948837, 0.27224761061085123, 0.26534654468791824, 0.2556250856590043, 0.24330989374016335, 0.22877832157039255, 0.2125321862730013, 0.19515726945274456, 0.17727381582158622, 0.1594849840518079, 0.14233043252752667, 0.12625101854306886, 0.11156821422089423, 0.09847902044544825, 0.0870645123418039, 0.07730833151798526, 0.06912062696286883, 0.062363184345614636, 0.05687239009936326, 0.052477963189042263, 0.04901660369482812, 0.04634071100750212, 0.04432292103809691, 0.042857508822573956, 0.04185969143696549, 0.04126373795623386, 0.04102055494576273, 0.04109521539841919, 0.04146469344390347, 0.042115945836531714, 0.043044370322567006, 0.044252631006387745, 0.04574979502217352, 0.04755072622188664, 0.04967566241329314]
6.497947411179543	3.214540990798401	[0.05196325712595214, 0.054813118652448554, 0.05807691345236625, 0.06179364480308289, 0.06600593469966314, 0.07075915576100338, 0.07610015202829122, 0.08207543082218587, 0.08872870749931198, 0.09609770600411484, 0.10421015624025519, 0.11307900319744432, 0.12269694628207531, 0.13303057234738458, 0.14401451394157752, 0.15554624838384074, 0.16748231160377108, 0.17963680255236544, 0.1917830410006113, 0.2036590823119621, 0.2149774533404681, 0.22543897544793634, 0.2347499277031381, 0.2426411835742387, 0.24888744393584, 0.2533244243755576, 0.2558619182238315, 0.2564910836931463, 0.25528502985032775, 0.2523926803166769, 0.2480267940944289, 0.24244775391603376, 0.23594515871477978, 0.2288193304713065, 0.22136458767065817, 0.213855644612152, 0.20653788753232413, 0.19962168275324405, 0.19328037975792234, 0.18765133922708296, 0.18283914940066276, 0.17892017342917774, 0.17594765211601182, 0.17395672665657314, 0.17296890308165863, 0.17299562621069087, 0.17404074902265368, 0.17610176863635857, 0.17916975634168195, 0.1832279454324249, 0.18824897133517712, 0.1941907977978589, 0.20099142861488517, 0.20856260921842346, 0.21678288045894192, 0.22549055834691845, 0.2344774727425437, 0.24348457206069885, 0.25220074220381644, 0.26026631274899764, 0.26728264187030326, 0.27282878039519043, 0.27648545660345913, 0.27786549272083994, 0.27664838187019136, 0.27261534671315135, 0.2656801196827283, 0.2559102935257481, 0.24353469991472948, 0.2289339628845814, 0.21261395620766582, 0.19516485480060505, 0.1772111365052885, 0.15935956315628463, 0.14215241712565663, 0.12603201215932094, 0.11132011088483336, 0.09821299269897268, 0.08679026845495406, 0.07703367869990105, 0.0688513334162697, 0.062103075468022566, 0.056623608486198185, 0.052241306001725815, 0.04879187905849718, 0.04612706021074068, 0.0441190882633227, 0.042662042951971325, 0.0416710898928564, 0.04108053579396515, 0.040841377557478034, 0.04091880062789782, 0.04128989886371214, 0.04194174351194747, 0.04286983991575963, 0.04407695013339599, 0.045572234190692035, 0.047370645534711764, 0.049492515567105225]
6.509350897908211	3.210909674590321	[0.051777758907376376, 0.054623764626656184, 0.05788351421308611, 0.06159618223318548, 0.06580460140173498, 0.07055440333766476, 0.07589274638846526, 0.08186651373425681, 0.08851986019581792, 0.09589101077614955, 0.10400824798562572, 0.11288510250243562, 0.1225148619332598, 0.13286466170683894, 0.1438695882669023, 0.15542741409320007, 0.16739474200379278, 0.17958544373368762, 0.19177226448257137, 0.2036923095909359, 0.21505678706528458, 0.2255648803860194, 0.2349210057332889, 0.24285408216780371, 0.24913692393196887, 0.2536035937602174, 0.25616261587798383, 0.2568043755763783, 0.25560176429120407, 0.2527040413792308, 0.2483247953867999, 0.24272562624960667, 0.23619760413705745, 0.2290426342909705, 0.22155660019997891, 0.21401565669857806, 0.2066664336171118, 0.19972030479363873, 0.19335138422599496, 0.18769757041087604, 0.18286379693581095, 0.17892662150768054, 0.1759393742859266, 0.17393722217481655, 0.17294167091441714, 0.17296416753320631, 0.1740085918394284, 0.17607250401124358, 0.17914707941117589, 0.1832156898824101, 0.18825112958098614, 0.19421151380439844, 0.20103495394104673, 0.20863320773825245, 0.21688467272798012, 0.2256272942284247, 0.2346522314923045, 0.24369939288564843, 0.25245620659584755, 0.26056111057572945, 0.2676131762465577, 0.27318887600709424, 0.27686625027936224, 0.2782555753597801, 0.2770342462581946, 0.2729821514388742, 0.26601273229981404, 0.25619451144430366, 0.2437585025766944, 0.22908861444183273, 0.21269478978325895, 0.19517160691860538, 0.17714778067260886, 0.15923367392421126, 0.1419741830625523, 0.1258130637358319, 0.11107235036773071, 0.09794758298477473, 0.08651689162018439, 0.07676010468375036, 0.06858328616220848, 0.06184433537621543, 0.056376275464275594, 0.0520061408741022, 0.04856866033862464, 0.04591490773650662, 0.04391673127909094, 0.04246802190511812, 0.041483897952624096, 0.0408987076603673, 0.04066354006660231, 0.04074369485440984, 0.04111638578870426, 0.04176879909881489, 0.04269654701296018, 0.04390248933290651, 0.0453958778078914, 0.047191754867665144, 0.04931054405215701]
6.52075438463688	3.2072747395726124	[0.05159340894805085, 0.054435540696831465, 0.05769122262590504, 0.0613997990481162, 0.06560431148967243, 0.07035064882154073, 0.07568628169514344, 0.08165846746828744, 0.08831179872802586, 0.09568500046502146, 0.10380690708460152, 0.11269163528790285, 0.12233306199873482, 0.13269887375557782, 0.14372461445408033, 0.1553083567389189, 0.16730677608638092, 0.17953352364483594, 0.19176077652211945, 0.20372469619756928, 0.2151351765521954, 0.22568976636808774, 0.23509101976451147, 0.24306590023778143, 0.24938533205308847, 0.25388172050130947, 0.2564623151486794, 0.2571167229989425, 0.2559176129452472, 0.2530145764533365, 0.24862202910241948, 0.24300278692011984, 0.2364493910052913, 0.2292653303089064, 0.22174805383712418, 0.21417515751024563, 0.20679451484765246, 0.19981850701272943, 0.19342201179682766, 0.1877434645805005, 0.18288814304645679, 0.17893279822716404, 0.17593084833978787, 0.17391748491591372, 0.17291421243005317, 0.17293247947092538, 0.1739761922389698, 0.1760429739265313, 0.17912410422572245, 0.18320309424485906, 0.1882528979835557, 0.19423178391283324, 0.2010779730808008, 0.2087032380561195, 0.21698583585005682, 0.2257633439764767, 0.2348262537739011, 0.24391343563759163, 0.25271086116506974, 0.2608550764034949, 0.26794286427773817, 0.27354811548938135, 0.2772461785046997, 0.2786447794319551, 0.27741921226792277, 0.27334803075050484, 0.2663443885444724, 0.25647774528233697, 0.24398130771833132, 0.22924228212893039, 0.21277469303960284, 0.1951775316370974, 0.17708375410791388, 0.1591073215304472, 0.1417957349421291, 0.1255941765858095, 0.1108249347079617, 0.09768279136063238, 0.08624438008264525, 0.0764876053861345, 0.06831647921172163, 0.06158695590163838, 0.05613038131936792, 0.051772456432721665, 0.048346935210980595, 0.045704240232361436, 0.043715836361338474, 0.04227543146223989, 0.04129810144498204, 0.040718239242085306, 0.04048702844913054, 0.04056988410624473, 0.04094414064693536, 0.04159709917198801, 0.04252447863258473, 0.04372923582299592, 0.045220713564483664, 0.047014042164706976, 0.04912973633388383]
6.532157871365548	3.2036363254932314	[0.05141019636082768, 0.054248436249878094, 0.05750002884142058, 0.06120448582356448, 0.06540505645306631, 0.07014788431736142, 0.07548075115456986, 0.08145128605636551, 0.08810451842517687, 0.09547967142013633, 0.10360613133950233, 0.11249860050134297, 0.12215154693603124, 0.13253321009690527, 0.14357959552566327, 0.15518908033361178, 0.16721841903295417, 0.17948104816246988, 0.1917485837991158, 0.2037562491449821, 0.2152126292267294, 0.22581364082200658, 0.2352599773139328, 0.24327664507847954, 0.24963267547587542, 0.25415881145007313, 0.2567610226683413, 0.2574281322537097, 0.2562325818465931, 0.2533242912594569, 0.24891850068328733, 0.24327924108941967, 0.23670052418429316, 0.22948742314126686, 0.22193895288343748, 0.21433415113359763, 0.20692213498664655, 0.19991629300340583, 0.19349226574888467, 0.18778902490978294, 0.1829121906265688, 0.17893870646733936, 0.1759220769389717, 0.17389751764149872, 0.17288653025495263, 0.17290056488082103, 0.1739435530351728, 0.17601318155804813, 0.17910083400143356, 0.18319016221116916, 0.18825428032897235, 0.19425161246052647, 0.201120490474115, 0.2087727051880097, 0.21708637489694008, 0.2258987132107049, 0.2349995451680126, 0.24412670637818162, 0.2529647118130957, 0.261148216534562, 0.26827171198573735, 0.27390650519594734, 0.2776252472552424, 0.2790331112068829, 0.2778032857323061, 0.27371299078433153, 0.26667509411272833, 0.25676000110555003, 0.24420312100391295, 0.22939497205485077, 0.21285367166924204, 0.1951826350318077, 0.17701906223026662, 0.15898051141740893, 0.14161707699085896, 0.12537535431347313, 0.11057786556770614, 0.09741861820380493, 0.0859727317327404, 0.07621617707810856, 0.06805090626378033, 0.06133092926782093, 0.055885916082563554, 0.05154024172861654, 0.048126691158049746, 0.04549504479020093, 0.04351638964864697, 0.04208425785219785, 0.04111368610657483, 0.04053911666480936, 0.04031182862256627, 0.04039735483146894, 0.04077314983100908, 0.04142663070152572, 0.04235362177175655, 0.043557177190197104, 0.04504672913639916, 0.046837495710871015, 0.04895008086240887]
6.543561358094217	3.1999945701426067	[0.05122811019475949, 0.05406244101041314, 0.057309922940244847, 0.06101023343991204, 0.06520682769802126, 0.06994610220007096, 0.07527614786959778, 0.08124496376426059, 0.08789801448848325, 0.09527502018640882, 0.10340591839813834, 0.11230599724724516, 0.12197031702369825, 0.13236767245430522, 0.14343453430696906, 0.15506958897705886, 0.16712967581917773, 0.1794280232224493, 0.19173569279063052, 0.20378697548237895, 0.21528915232558163, 0.22593651119192967, 0.23542788573248594, 0.24348632398195916, 0.24987896123908912, 0.25443487343664367, 0.25705874496265524, 0.25773860959265943, 0.2565466769547979, 0.2536331914566562, 0.2492142155287605, 0.24355499383727913, 0.23695100852718728, 0.22970891730177934, 0.22212930165809733, 0.21449264153288872, 0.2070492978424345, 0.20001366621715838, 0.19356214943220734, 0.18783425441213936, 0.18293594266562047, 0.1789443489280642, 0.17591306286214492, 0.1738773229127303, 0.17285862715239592, 0.1728684263969466, 0.17391067719640588, 0.1759831298341294, 0.17907727212487037, 0.18317689719876062, 0.18825528058880547, 0.194271003483213, 0.20116251076133967, 0.20884161382064745, 0.2171862951563059, 0.2260334071952215, 0.23517211148789396, 0.2443392107898504, 0.25321776469213075, 0.2614405368715258, 0.26859972566233736, 0.2742640510637893, 0.27800346279699834, 0.2794205765223111, 0.2781864727955545, 0.27407703723078863, 0.26700485503317495, 0.25704128451883296, 0.24442394845135804, 0.22954668985116086, 0.2129317317388391, 0.1951869226839386, 0.17695371085267772, 0.1588532485191286, 0.14143821384933905, 0.12515660001086146, 0.1103311450461728, 0.09715506339366708, 0.08570194492554521, 0.0759458155699576, 0.06778656151279869, 0.06107624729491678, 0.0556428703080744, 0.05130948547794099, 0.04790791620233677, 0.04528730823565813, 0.04331837782102293, 0.04189448709825436, 0.0409306382016187, 0.04036132589776979, 0.040137927006779296, 0.04022609335907647, 0.04060340020432629, 0.04125738056526654, 0.04218396386453969, 0.04338630094646318, 0.04487391260273275, 0.04666210372593502, 0.048771566458073116]
6.554964844822885	3.1963496093799315	[0.051047139682633316, 0.053877544797187406, 0.05712089516498192, 0.06081703285303038, 0.06500961676739063, 0.06974529489671863, 0.07507246505088941, 0.08103949488231402, 0.08769228219501506, 0.09507104330308419, 0.10320626595085242, 0.11211382459406945, 0.12178937255071824, 0.13220226248802638, 0.14328943360581708, 0.15494988668488158, 0.16704055138179047, 0.17937445466380927, 0.19172210992077604, 0.20381688215794735, 0.21536475302511005, 0.2260583848239039, 0.23559475230820257, 0.2436949441499957, 0.25012419631874844, 0.25470991321137676, 0.2573554884957159, 0.2580481611994074, 0.25685990416883675, 0.2539412826468243, 0.24950917897799374, 0.2438300501967723, 0.23720084882669987, 0.22992981726720907, 0.2223191044193622, 0.21465063264450296, 0.20717600716173495, 0.20011063008600585, 0.19363166613416413, 0.18787915608893052, 0.18295940208858152, 0.17894972830315103, 0.17590380882032014, 0.17385690328891365, 0.17283050581307857, 0.17283606665363818, 0.17387756761150433, 0.17595282168352636, 0.17905342189422974, 0.18316330262399888, 0.18825590263610084, 0.19428996101326196, 0.20120403847375562, 0.2089099686352345, 0.2172856017969765, 0.22616743118762112, 0.2353439584199891, 0.24455095454939998, 0.25347002582206685, 0.2617320433142942, 0.2689269114639175, 0.2746207590318043, 0.2783808312592591, 0.27980718122342235, 0.27856877946478203, 0.27444017579368396, 0.2673336771972104, 0.25732160114653047, 0.2446437959411034, 0.22969744117483445, 0.21300887917675532, 0.19519040020558362, 0.17688770564897555, 0.15872553780662668, 0.14125915002117148, 0.12493791681751684, 0.11008477511677678, 0.09689212687732321, 0.08543201791603919, 0.0756765167721534, 0.06752343909355361, 0.060822901944334345, 0.055401234539294485, 0.05108017657934278, 0.04769059840313541, 0.045081017609816754, 0.04312178763396871, 0.04170610545930345, 0.04074894409644042, 0.04018485315331215, 0.03996531013894504, 0.04005608625875977, 0.04043487875380538, 0.04108933587272815, 0.04201549246816555, 0.04321659482226292, 0.04470225216041194, 0.04648785463213264, 0.048594182049376315]
6.566368331551554	3.1927015771592977	[0.05086727427877876, 0.05369373748266897, 0.0569329359544009, 0.06062487505796724, 0.06481341537196147, 0.06954545485397058, 0.0748696960455513, 0.08083487369664914, 0.08748731692379672, 0.09486773727882475, 0.10300717175373285, 0.11192208155352358, 0.12160871383609266, 0.13203698177904322, 0.14314429622744845, 0.1548299773779293, 0.16695105062772894, 0.1793203482246184, 0.19170784156299214, 0.2038459760224277, 0.2154394384358214, 0.22617926897825924, 0.2357605842518903, 0.24390251271597468, 0.250368387603945, 0.2549839374765424, 0.25765125963517505, 0.2583567932308878, 0.25717226928134707, 0.2542485704266155, 0.24980339625358325, 0.24410441521665388, 0.23745004974866998, 0.23015012755002867, 0.22250836528834372, 0.21480812845943273, 0.2073022665439826, 0.2002071881141657, 0.19370081898468422, 0.1879237330298174, 0.18298257165242873, 0.17895484738905418, 0.17589431734504035, 0.173836261444299, 0.17280216873529478, 0.17280348841026225, 0.17384422696225088, 0.17592226016792784, 0.17902928638445756, 0.18314938204222975, 0.1882561501036151, 0.19430848922671637, 0.2012450778856349, 0.20897777446058394, 0.21738429971577344, 0.22630079059676433, 0.2355150913668165, 0.24476194348851404, 0.2537215009309749, 0.2620227419212787, 0.269253275251549, 0.27497663520098514, 0.27875735847653754, 0.2801929313209696, 0.2789502114556125, 0.2748024123455068, 0.2676615662089082, 0.25760095678409045, 0.24486266906957302, 0.2298472318555411, 0.21308511962918072, 0.19519307338284347, 0.1768210520125735, 0.15859738442758636, 0.1410798897351367, 0.12471930805688948, 0.1098387574937376, 0.09662980880158667, 0.08516294873116366, 0.07540827682079021, 0.06726153295994683, 0.06057088543544423, 0.05516099919570597, 0.05085230422030447, 0.047474725752848966, 0.04487616026431801, 0.04292660582494862, 0.0415190995136521, 0.0405685901761536, 0.040009684959934934, 0.03979396459991656, 0.0398873204042688, 0.04026757252503915, 0.040922484020110776, 0.04184819520586665, 0.04304804681461052, 0.04453173607357398, 0.04631473709650753, 0.048417916627871656]
6.5777718182802225	3.189050605555146	[0.05068850363434918, 0.053511009010380806, 0.056746035925122715, 0.060433751100811936, 0.06461821537845715, 0.06934657454447164, 0.07466783433164804, 0.08063109448966493, 0.08728311415742479, 0.09466509858554341, 0.10280863363825968, 0.11173076706666478, 0.12142834124775727, 0.13187183180609546, 0.14299912500417683, 0.15470986484869684, 0.16686117847602255, 0.17926570949601622, 0.19169289409556195, 0.2038742637689419, 0.21551321567271794, 0.226299170753619, 0.23592538878344257, 0.24410903665193426, 0.2506115420001975, 0.25525695277574245, 0.2579460647734698, 0.258664511688782, 0.2574837781180825, 0.2545550602406706, 0.25009687261910873, 0.2443780937963963, 0.23769861600727196, 0.23036985251567196, 0.22269708844139932, 0.2149651328234913, 0.20742807965027021, 0.2003033436621191, 0.19376961118102223, 0.18796798818150626, 0.18300545418597622, 0.17895970883905854, 0.17588459104250248, 0.17381539990841088, 0.17277361849264947, 0.1727706942784032, 0.1738106580039208, 0.1758914481968624, 0.17900486873962873, 0.18313513885156713, 0.18825602668651703, 0.19432659213772155, 0.20128563332502727, 0.2090450359607905, 0.21748239385328907, 0.22643349066736165, 0.23568551576376454, 0.2449721832799453, 0.25397219576823904, 0.26231263860243936, 0.26957882289528645, 0.27533168553932974, 0.2791330502788627, 0.2805778327120357, 0.27933077446427235, 0.2751637526667598, 0.26798852763661285, 0.2578793571574951, 0.24508057338010938, 0.22999606767556727, 0.21316045867160144, 0.19519494797527656, 0.17675375524998257, 0.158468793523354, 0.1409004371220273, 0.12450077706895762, 0.10959309379313739, 0.09636810936023453, 0.084894735315618, 0.07514109193932691, 0.0670008370155442, 0.06032019012190013, 0.05492215468787381, 0.05062585776797873, 0.04726028627635146, 0.044672723766357156, 0.04273281919760221, 0.04133345607749918, 0.040389562914826385, 0.03983580809325328, 0.03962387707187088, 0.039719782915625945, 0.0401014686691085, 0.040756812642439307, 0.04168205980449095, 0.042880645147880286, 0.044362352703408964, 0.04614273999934601, 0.04824275927136764]
6.589175305008891	3.185396824787653	[0.05051081741073473, 0.05332934957355414, 0.05656018569169445, 0.06024365225288973, 0.06442400863331148, 0.06914864663945919, 0.07446687334320747, 0.08042815171342332, 0.08707966930634298, 0.09446312383437973, 0.1026106493335182, 0.11153988018352898, 0.12124825502208654, 0.13170681412918625, 0.14285392261218985, 0.15458955294801735, 0.16677093967251297, 0.17921054411066445, 0.19167727371541382, 0.20390175212132433, 0.21558609166978335, 0.22641809727319945, 0.23608917294883672, 0.24431452295124467, 0.2508536662506775, 0.25552896567183, 0.258239910154514, 0.2589713225919467, 0.257794436370624, 0.2548607575481595, 0.2503896132178013, 0.2446510908467605, 0.23794655220925578, 0.2305889965373372, 0.22288527795950983, 0.21512164958672214, 0.20755345005758563, 0.20039910009103856, 0.19383804584673184, 0.1880119244874846, 0.18302805245357043, 0.17896431529830664, 0.1758746324621961, 0.1737943211960266, 0.1727448576081235, 0.172737686846071, 0.17377686344564047, 0.17586038864497855, 0.17898017206098482, 0.18312057640156018, 0.18825553604017087, 0.19434427369625978, 0.20132570908411845, 0.20911175771901855, 0.2175798891204257, 0.2265655365460273, 0.2358552370260554, 0.24518167948131134, 0.2542221160765188, 0.26260173913574686, 0.2699035602756985, 0.2756859158658132, 0.2795079125271668, 0.2809618911270255, 0.27971047424063483, 0.2755242023528184, 0.2683145671267299, 0.25815680778852185, 0.2452975145193957, 0.23014395419346806, 0.21323490200765166, 0.19519602949921824, 0.17668582081901463, 0.15833976997526716, 0.1407207964865857, 0.1242823269255451, 0.10934778583101394, 0.09610702848662672, 0.08462737584699893, 0.0748749581182474, 0.0667413454358139, 0.06007080816831267, 0.05468469173704047, 0.05040082645189882, 0.04704726833959242, 0.04447069559460131, 0.04254041491332489, 0.04114916191886758, 0.040211849146678254, 0.039663209310294975, 0.03945503458825288, 0.03955346091395076, 0.03993655467236589, 0.04059230938740869, 0.04151707430654292, 0.042714378064071516, 0.04419409070562101, 0.04597185223768905, 0.04806869933026585]
6.60057879173756	3.181740363247533	[0.0503342054703955, 0.05314874942485421, 0.05637537604871733, 0.06005456982845684, 0.06423078713927521, 0.06895166383174571, 0.07426680664383556, 0.08022603981582353, 0.08687697788119843, 0.09426180960359856, 0.10241321663813772, 0.11134941989201429, 0.12106845543529869, 0.13154193021957186, 0.14270869174148926, 0.15446904541726086, 0.1666803389568074, 0.17915485757918959, 0.1916609866001786, 0.20392844767740118, 0.21565807333489845, 0.22653605553742093, 0.23625194376537503, 0.24451897849240575, 0.25109476706926603, 0.25579998262304754, 0.25853280199272, 0.2592772318656817, 0.2581042497006593, 0.2551656677258308, 0.2506816231624245, 0.24492341120697717, 0.23819386293021622, 0.2308075639270806, 0.22307293789166557, 0.21527768254769478, 0.20767838130980623, 0.20049446071936908, 0.19390612607063393, 0.18805554485615741, 0.18305036918238585, 0.17896866938317582, 0.17586444411272356, 0.17377302779789008, 0.17271588855836714, 0.1727044686802451, 0.17374284594275383, 0.17582908436727, 0.17895519938654497, 0.18310569802229332, 0.18825468174566276, 0.1943615378326221, 0.20136530936883293, 0.20917794429905134, 0.2176767903297628, 0.2266969333618167, 0.23602426045927385, 0.2453904376368128, 0.25447126747891774, 0.26289004929271853, 0.2702274931456029, 0.2760393320028013, 0.27988195094797774, 0.28134511231187365, 0.2800893163942229, 0.2758837670277943, 0.26863969017882167, 0.25843331424055493, 0.24551349797931535, 0.2302908970211425, 0.21330845517706454, 0.1951963235353343, 0.17661725400541461, 0.1582103187407595, 0.14054097195823578, 0.12406396079027776, 0.10910283525532842, 0.09584656622953382, 0.08436086835731299, 0.07460987149657486, 0.06648305228838766, 0.059822731926910316, 0.05444860100347746, 0.05017719972651518, 0.04683566029426178, 0.04427006348061906, 0.04234938015822963, 0.040966204073690345, 0.04003543575857954, 0.03949187563873011, 0.03928742425244862, 0.03938834178462887, 0.0397728180998591, 0.040428962154953806, 0.041353226835566345, 0.04254923404223813, 0.044026938814258086, 0.0458020629285107, 0.04789572622612059]
6.611982278466228	3.178081347520512	[0.05015865781077953, 0.05296919893697037, 0.056191597907657424, 0.05986649524352132, 0.06403854299412248, 0.0687556188937141, 0.07406762786645169, 0.08002475329862212, 0.08667503543306264, 0.09406115249726232, 0.10221633336070446, 0.11115938517763825, 0.12088894274404678, 0.13137718152070021, 0.14256343503678776, 0.15434834595006744, 0.1665893810035929, 0.179098655351802, 0.19164403884998965, 0.20395435696931383, 0.21572916749238227, 0.22665305248198853, 0.23641370816567706, 0.24472241009453205, 0.2513348510871007, 0.25607001003600693, 0.2588247464230323, 0.25958224539220837, 0.25841322369374287, 0.25546979611560355, 0.2509729074923228, 0.24519505968895625, 0.23844055267437347, 0.23102555897647686, 0.22326007221712538, 0.21543323549087098, 0.20780287688249977, 0.20058942885737055, 0.1939738548743062, 0.18809885219290995, 0.1830724070326455, 0.17897277371095402, 0.17585402843473735, 0.1737515222078812, 0.1726867137493788, 0.17267104235125263, 0.17370860807537983, 0.17579753822025757, 0.17892995367287132, 0.18309050704185137, 0.18825346729536307, 0.19437838847051933, 0.2014044382890911, 0.20924360025333755, 0.21777310219173604, 0.22682768622839253, 0.23619259126291325, 0.24559846327244655, 0.2547196554912403, 0.26317757482513265, 0.2705506271519083, 0.2763919397522197, 0.28025517116523885, 0.2817275019917195, 0.2804673064365138, 0.27624245229486, 0.26896390219966787, 0.25870888205618864, 0.24572852916449162, 0.2304369017499335, 0.21338112363742656, 0.19519583564361115, 0.17654806001739864, 0.15808044475728605, 0.14036096759548441, 0.12384568181241007, 0.10885824365722156, 0.09558672263947633, 0.08409521084838752, 0.07434582824436649, 0.0662259516497744, 0.05957595381978415, 0.0542138732013598, 0.04995496715616157, 0.046625450587893, 0.044070815298830765, 0.0421597022463491, 0.0407845697423121, 0.039860309785269644, 0.03932179428076777, 0.03912103332488339, 0.03922441308874243, 0.03961024667486661, 0.04026675901576643, 0.04119050566910291, 0.04238520172323894, 0.043860885909298306, 0.0456333613386265, 0.047723829515117305]
6.623385765194897	3.174419902411566	[0.049984164332444604, 0.05279068882104959, 0.05600884208269104, 0.05967942021931716, 0.06384726819071602, 0.06856050486900986, 0.07386933052519938, 0.07982428689923227, 0.08647383737586495, 0.0938611493177155, 0.10201999715259298, 0.11096977518583642, 0.12070971702974033, 0.1312125695981216, 0.14241815495570379, 0.15422745832664017, 0.16649807029835414, 0.17904194293312398, 0.19162643638531968, 0.20397948655472042, 0.2157993808077454, 0.2267690950411263, 0.23657447295345876, 0.24492482454833003, 0.25157392484228946, 0.256339054260777, 0.25911574952646454, 0.2598863689676814, 0.25872136392190703, 0.25577314794307643, 0.25126347127380155, 0.24546604095813707, 0.2386866260125219, 0.23124298580117847, 0.22344668501973644, 0.21558831199628692, 0.20792694039177695, 0.20068400758328667, 0.19404123545357665, 0.18814184914412407, 0.18309416887022453, 0.1789766306129512, 0.1758433881036477, 0.1737298066062042, 0.17265733584877146, 0.1726374100866877, 0.1736741527100364, 0.1757657526870148, 0.17890443818592908, 0.1830750063827727, 0.18825189651264979, 0.19439482909553074, 0.201443100306371, 0.20930872966455774, 0.21786882978802602, 0.22695779976065739, 0.23636023502650325, 0.245805761390715, 0.25496728603706437, 0.2634643209418939, 0.27087296836591424, 0.2767437443592497, 0.28062757924293186, 0.2821090653254003, 0.2808444503339375, 0.2766002631832003, 0.26928720906534126, 0.2589835161955761, 0.245942613962683, 0.23058197337817848, 0.21345291334292904, 0.1951945707794566, 0.17647824457336986, 0.15795015234894674, 0.14018078798164868, 0.12362749252880731, 0.10861401316968779, 0.09532749717338744, 0.08383040188400315, 0.07408282397953322, 0.06597003817912182, 0.05933046577859479, 0.053980499642673964, 0.049734117887840226, 0.04641662826880266, 0.04387293858011183, 0.04197136907997062, 0.040604245848069834, 0.039686458823204776, 0.03915295221720743, 0.038955849591829704, 0.039061662210094536, 0.03944882860656209, 0.04010568789680959, 0.0410288995305412, 0.04222226962827929, 0.0436959212785314, 0.045465736630635516, 0.04755299912568198]
6.634789251923565	3.1707561509685602	[0.04981071552036478, 0.052613209467379095, 0.0558270999235855, 0.05949333616623794, 0.06365695521222611, 0.06836631449051189, 0.07367190858066287, 0.0796246350368201, 0.08627337952585824, 0.09366179653752026, 0.10182420602231183, 0.11078058872125411, 0.12053077868463763, 0.13104809567137335, 0.14227285421974295, 0.154106385986665, 0.16640641154304878, 0.17898472550690303, 0.1916081852947975, 0.20400384270532018, 0.21586872006440158, 0.2268841899121509, 0.23673424499713333, 0.24512622846805876, 0.25181199488103856, 0.25660712153933657, 0.25940581733241563, 0.2601896083527555, 0.25902867584361194, 0.2560757284719729, 0.2515533193966922, 0.2457363597904837, 0.23893208727668774, 0.23145984869726893, 0.22363278008423826, 0.21574291589126343, 0.20805057509695116, 0.200778200286186, 0.19410827059227284, 0.18818453872714033, 0.18311565709544908, 0.17898024284825154, 0.1758325252762221, 0.17370788365463413, 0.17262775695170754, 0.17260357464696524, 0.17363948208541194, 0.17573373083271615, 0.178878655506694, 0.18305919959751507, 0.188249972477599, 0.1944108638698416, 0.20148129908092763, 0.20937333733754954, 0.2179639773437953, 0.22708727933967557, 0.23652719643281742, 0.2460123378019281, 0.2552141640898776, 0.2637502936980286, 0.27119452187289206, 0.2770947519495861, 0.280999180229271, 0.28248980838327475, 0.28122075301117816, 0.2769572056630773, 0.26960961558525287, 0.2592572225903756, 0.2461557571691213, 0.2307261179078792, 0.2135238291277951, 0.19519253493428643, 0.17640781224481225, 0.15781944690590335, 0.14000043653379884, 0.12340939656835778, 0.10837014475968171, 0.0950688904010639, 0.08356643889283003, 0.07382085544594345, 0.06571530546564551, 0.05908626086067751, 0.05374847066243073, 0.04951464217425209, 0.04620918151640774, 0.04367642191856128, 0.04178436780280873, 0.04042522031538873, 0.03951386981357253, 0.03898533735526529, 0.038791860275476514, 0.03890007737995631, 0.039288551617006603, 0.03994573749602749, 0.04086839671847099, 0.042060426979573504, 0.04353203383293694, 0.04529917860612766, 0.04738322464377721]
6.646192738652234	3.167090214505818	[0.04963830150454488, 0.05243675184615182, 0.055646362441550246, 0.059308235028049064, 0.06346759620853235, 0.06817304098085214, 0.07347535565620081, 0.07942579257759284, 0.0860736573518689, 0.09346309103302353, 0.10162895761846122, 0.11059182494792617, 0.12035212773132441, 0.1308837612739756, 0.1421275351790564, 0.1539851326378336, 0.16631440907932168, 0.1789270084784554, 0.19158929133319777, 0.20402743186681488, 0.21593719175379142, 0.2269983439163228, 0.2368930309280009, 0.24532662853806134, 0.25204906757654316, 0.2568742181257248, 0.2596949557669057, 0.2604919692589332, 0.2593351648861208, 0.25637754285427256, 0.25184245679210693, 0.24600602078805356, 0.23917694091118893, 0.23167615172645906, 0.22381836137591607, 0.2158970507105741, 0.20817378450266752, 0.20087201000677138, 0.19417496338070614, 0.18822692355701784, 0.18313687447283658, 0.1789836127207577, 0.17582144252808996, 0.17368575550672802, 0.17259797962434648, 0.17256953823003007, 0.1736045989613818, 0.17570147510392545, 0.1788526087861672, 0.18304308956194013, 0.18824769888829568, 0.19442649622007607, 0.20151903893837642, 0.20943742728328346, 0.21805854979612743, 0.22721612949711265, 0.23669348092177636, 0.2462181974163357, 0.25546029542356147, 0.2640354982041931, 0.27151529359944526, 0.2774449676668219, 0.28136998005274555, 0.2828697362208979, 0.28159622031099907, 0.2773132846590982, 0.2699311275245225, 0.25953000609418014, 0.24636796457278887, 0.23086934022749367, 0.21359387685833345, 0.19518973294947695, 0.17633676867281747, 0.15768833263698612, 0.13981991777326433, 0.12319139636278555, 0.10812664052778696, 0.0948109017062958, 0.08330332045843492, 0.0735599182469981, 0.06546174826215313, 0.05884333106137896, 0.05351777774943209, 0.04929652930758386, 0.04600309963124671, 0.043481253058807894, 0.04159868662461312, 0.04024748032821903, 0.0393425306917576, 0.03881893696115159, 0.03862905351200314, 0.03873964627479857, 0.039129404261650756, 0.039786896028140846, 0.04070898628948715, 0.041899662572923296, 0.04336921317411287, 0.045133676682777756, 0.047214496287010126]
6.657596225380902	3.163422212627171	[0.049466912982056715, 0.052261306614412625, 0.055466621170105125, 0.059124108442717545, 0.0632791838106708, 0.06798067725437118, 0.07327966581686667, 0.0792277540692616, 0.08587466672509045, 0.0932650293474256, 0.10143424995208916, 0.11040348268194629, 0.12017376451434521, 0.13071956758157627, 0.14198220046515206, 0.15386370162968735, 0.16622206748974072, 0.17886879690775062, 0.19156976045557875, 0.2040502601666735, 0.21600480252577992, 0.2271115635970832, 0.2370508374915857, 0.24552603121594505, 0.25228514936905944, 0.2571403501056266, 0.2599831707730173, 0.26079345729162506, 0.25964083644171865, 0.25667859619910405, 0.2521308883033215, 0.2462750285722278, 0.2394211912201983, 0.23189189902973353, 0.2240034326692963, 0.21605072012548435, 0.20829657187442283, 0.20096543997652752, 0.1942413166236865, 0.18826900649093214, 0.1831578234362995, 0.17898674282496468, 0.17581014205927445, 0.1736634246525677, 0.17256800601117997, 0.17253530341422402, 0.17356950562814238, 0.17566898837005124, 0.17882630065536165, 0.18302667961646676, 0.1882450788705783, 0.19444173007903706, 0.20155632357896405, 0.2095010040608743, 0.2181525514043911, 0.22734435535515335, 0.2368590932058249, 0.24642334577715816, 0.2557056850387021, 0.26431994024596606, 0.27183528865740686, 0.2777943973704865, 0.2817399837891632, 0.2832488546500613, 0.2819708571874214, 0.27766850589277287, 0.27025174972332816, 0.25980187239972, 0.24657924099991022, 0.23101164610844355, 0.21366306139856442, 0.19518617059290203, 0.17626511845791681, 0.15755681471788024, 0.13963923515154017, 0.12297349534584598, 0.10788350149610884, 0.09455353150390897, 0.0830410441083527, 0.0733000090375802, 0.06520936032196062, 0.05860166943410291, 0.053288411477054924, 0.04907976962472353, 0.04579837109759282, 0.0432874207542081, 0.041414313040621806, 0.040071014023472754, 0.039172428774058556, 0.038653739185505395, 0.038467416902734024, 0.0385803573823563, 0.03897137463211319, 0.03962915244798505, 0.04055065689368183, 0.04173996587914394, 0.04320744854099924, 0.04496922089571984, 0.04704680394121001]
6.668999712109571	3.159752263248773	[0.049296540500559885, 0.05208686480401799, 0.05528786749508145, 0.058940948390696135, 0.06309171049593064, 0.0677892165357878, 0.07308483296103915, 0.07903051433706493, 0.08567640333211478, 0.09306760826747806, 0.101240080829534, 0.11021556094841788, 0.11999568915503564, 0.13055551594495438, 0.14183685247358413, 0.15374209645501247, 0.1661293911174449, 0.1788100959688134, 0.19154959838524732, 0.20407233381957912, 0.21607155881714166, 0.227223855559383, 0.23720767124811862, 0.2457244429948853, 0.2525202465478038, 0.25740552357321306, 0.2602704681807933, 0.2610940780363163, 0.25994569582912774, 0.2569788935663387, 0.2524186187393783, 0.24654338768562573, 0.23966484251185277, 0.23210709464040244, 0.22418799777942702, 0.21620392767175553, 0.2084189405529228, 0.2010584932647216, 0.1943073332339007, 0.18831079019782407, 0.1831785065581772, 0.1789896355410975, 0.1757986262366501, 0.17364089334103927, 0.1725378384499723, 0.17250087250814405, 0.17353420459388047, 0.17563627320016117, 0.17879973398675914, 0.1830099727686072, 0.18824211581459854, 0.1944565690127126, 0.201593156990114, 0.20956407182848963, 0.21824598673858359, 0.22747196160207697, 0.23702403833239075, 0.24662778796321264, 0.2559503382961426, 0.2646036251171967, 0.27215451254479794, 0.2781430464040729, 0.2821091969267963, 0.28362716894420886, 0.28234466903352173, 0.2780228745254343, 0.2705714874881474, 0.2600728266168786, 0.24678959177111218, 0.23115304071518034, 0.21373138813532827, 0.1951818530007364, 0.1761928667508981, 0.1574248976711577, 0.139458392696248, 0.12275569628776554, 0.1076407292882055, 0.09429677955482857, 0.08277960799708431, 0.073041123853549, 0.06495813604843731, 0.058361268470771, 0.05306036308322794, 0.04886435297204769, 0.04559498506398815, 0.04309491334111358, 0.04123123519295892, 0.03989580918897511, 0.03900355199171341, 0.03848973188816521, 0.03830693862289837, 0.03842219894718579, 0.0388144513495284, 0.039472495504544104, 0.040393397667151644, 0.041581326190920566, 0.04304672961812424, 0.04480580112064116, 0.046880137900957734]
6.680403198838239	3.1560804826214324	[0.04912717446396708, 0.05191341781289705, 0.05511009265924541, 0.05875874718782202, 0.06290516859149395, 0.06759865235483821, 0.0728908508232151, 0.07883406848017803, 0.08547886267681735, 0.09287082482179533, 0.10104644785325285, 0.1100280589817359, 0.11981790155100844, 0.1303916078922965, 0.14169149336174594, 0.15362032075417864, 0.16603638406194682, 0.1787509109563311, 0.19152881060742194, 0.20409365913662686, 0.2161374668429933, 0.22733522648172902, 0.23736353856149267, 0.2459218704185126, 0.2527543652369716, 0.2576697446486797, 0.2605568536898909, 0.26139383707870584, 0.26024974827269015, 0.25727843998957745, 0.2527056528510159, 0.24681110261826952, 0.2399078990712063, 0.23232174251356907, 0.22437206053197703, 0.21635667678225712, 0.20854089392131514, 0.20115117281389522, 0.19437301619630168, 0.18835227719653966, 0.1831989265109098, 0.1789922930757175, 0.17578689755309948, 0.1736181636227976, 0.17250747942862332, 0.17246624759583892, 0.17349869853955566, 0.17560333191026772, 0.1787729118472648, 0.1829929717421327, 0.1882388133262735, 0.19447101627101523, 0.20162954339678665, 0.20962663439519527, 0.21833886062905927, 0.22759895254450185, 0.23718832163350742, 0.24683152864062358, 0.2561942608671303, 0.2648865576702498, 0.2724729710974092, 0.27849091964313505, 0.28247762532063103, 0.28400468388398725, 0.28271766163949313, 0.2783763952008138, 0.27089034655399313, 0.2603428733114571, 0.24699902266733378, 0.23129352863936484, 0.21379886294712416, 0.19517678470730784, 0.17612001922443946, 0.15729258539295757, 0.1392773949857439, 0.12253800131981887, 0.10739832610635111, 0.09404064498897735, 0.0825190108851151, 0.07278325813292304, 0.06470807047490484, 0.05812212012121693, 0.0528336244507755, 0.04865026872305749, 0.04539293132401758, 0.04290371875480614, 0.04104944185204999, 0.03972185327773002, 0.03883588887324301, 0.03832690265078988, 0.03814760740517201, 0.038265158981690216, 0.03865862354949255, 0.03931691375046206, 0.04023719821847188, 0.04142373263091421, 0.04288704652366156, 0.04464340708060469, 0.04671448885924089]
6.691806685566908	3.1524069853528167	[0.048958806081068194, 0.051740956484058194, 0.05493328865301025, 0.058577496614588914, 0.06271955112290087, 0.06740897771209356, 0.0726977137919398, 0.07863841106451752, 0.08528204087518482, 0.09267467549561745, 0.10085334919626224, 0.10984097546222533, 0.1196404021279616, 0.13022784439261803, 0.1415461257708288, 0.15349837761475998, 0.1659430508595245, 0.1786912466343523, 0.19150740299304944, 0.20411424193801606, 0.21620253314779436, 0.22744568260827008, 0.2375184460624101, 0.24611831966663236, 0.2529875117590953, 0.25793301916891925, 0.2608423331250211, 0.26169273980725355, 0.2605529990454409, 0.25757724039273316, 0.2529919953602607, 0.2470781778366013, 0.24015036507822926, 0.2325358466637752, 0.22455562457385272, 0.21650897102854, 0.20866243511375432, 0.20124348178055676, 0.19443836817979798, 0.1883934702913643, 0.18321908558593042, 0.17899471798890298, 0.17577495805609186, 0.17359523796741644, 0.1724769309241517, 0.17243143124396587, 0.1734629895673803, 0.17557016736204922, 0.1787458366539717, 0.18297567986996774, 0.18823517428741185, 0.19448507577780644, 0.20166548622313582, 0.20968869631065248, 0.2184311770278414, 0.22772533329820954, 0.23735194748640787, 0.24703457335476253, 0.25643745739419854, 0.26516874370760535, 0.2727906690513703, 0.27883802298442095, 0.28284527365703943, 0.2843814053427932, 0.2830898395580729, 0.27872907372881844, 0.2712083313478525, 0.2606120182923366, 0.24720753808821688, 0.23143311579568093, 0.21386549025609844, 0.19517097164902714, 0.17604658002277962, 0.1571598832535281, 0.13909624501165774, 0.1223204141067707, 0.1071562925371256, 0.09378512851206483, 0.08225924993136569, 0.07252640890978272, 0.0644591570949064, 0.05788421792348775, 0.052608186025105946, 0.048437507798934194, 0.04519219836208698, 0.04271382640579008, 0.04086892061732946, 0.039549135120767534, 0.038669426911538206, 0.038165240322329826, 0.037989411070702715, 0.038109226652701396, 0.03850387956414421, 0.039162396786601335, 0.04008204744256913, 0.041267175275560834, 0.04272838873309095, 0.04448202937155066, 0.046549846918892135]
6.703210172295576	3.148731884429208	[0.048791426177285165, 0.05156947225127179, 0.05475744709894368, 0.058397188999999766, 0.06253485075193824, 0.06722018611819898, 0.07250541588649066, 0.07844353712943049, 0.08508593366151804, 0.09247915721124529, 0.10066078263437186, 0.10965430947041051, 0.11946319090054708, 0.13006422677770885, 0.14140075192408091, 0.15337627044938237, 0.16584939563324358, 0.17863110805397528, 0.19148538101908405, 0.20413408829197932, 0.21626676391589386, 0.22755523038967918, 0.23767240006765525, 0.24631379708012263, 0.2532196921776098, 0.25819535308213043, 0.2611269121117393, 0.2619907916687956, 0.2608554532836917, 0.2578752997040649, 0.25327765091540083, 0.2473446177581167, 0.2403922447010349, 0.23274941100509758, 0.22473869359953574, 0.21666081383225969, 0.20878356736820783, 0.20133542312382433, 0.1945033920100312, 0.18843437204312624, 0.18323898628131424, 0.1789969125517785, 0.17576281004712832, 0.17357211850947066, 0.17244619521310994, 0.17239642563644528, 0.1734270801234218, 0.17553678198418504, 0.1787185112117869, 0.18295809999895143, 0.18823120201207622, 0.19449875091530433, 0.2017009893712038, 0.20975026152579515, 0.2185229404120885, 0.2278511083229929, 0.237514920842418, 0.24723692693898566, 0.25667993314457577, 0.26545018826606886, 0.27310761181978527, 0.27918436150805276, 0.2832121473535298, 0.2847573383281378, 0.2834612081291969, 0.27908091500346716, 0.2715254471414157, 0.26088026639912143, 0.24741514333632617, 0.23157180707241773, 0.2139312754453702, 0.19516441867875142, 0.1759725543073549, 0.15702679549011953, 0.13891494683424035, 0.12210293714926874, 0.10691463027889171, 0.09353022966396264, 0.08200032343795059, 0.07227057208685611, 0.06421139056037212, 0.057647554353247046, 0.05238403940367292, 0.048226060151982796, 0.044992775783356746, 0.04252522484040135, 0.040689660154211035, 0.03937764278924343, 0.03850415459369385, 0.03800473308809303, 0.037832338354963274, 0.03795439054752201, 0.03835020856018166, 0.03900893370454974, 0.03992793499497368, 0.0411116437479431, 0.04257074641716546, 0.04432165817784318, 0.04638620282177335]
6.714613659024245	3.1450552912370457	[0.04862502577515095, 0.05139895657393895, 0.05458255979747435, 0.05821781668671408, 0.06235106029711206, 0.06703227108088936, 0.072313951259405, 0.07824944169064918, 0.08489053687773968, 0.09228426684388512, 0.1004687460241636, 0.10946806001571117, 0.11928626793794292, 0.12990075628659012, 0.14125537407574343, 0.15325400256135213, 0.16575542251799993, 0.17857050014735393, 0.1914627501601157, 0.20415320414552066, 0.21633016531959282, 0.22766387615970882, 0.23782540687574827, 0.24650830889241981, 0.2534509125337419, 0.25845675224194226, 0.2614105962504431, 0.2622879980299231, 0.2611571160954536, 0.25817262278569264, 0.25356262413243097, 0.2476104267472346, 0.24063354207073523, 0.23296243941059588, 0.22492127126168482, 0.21681220858545291, 0.20890429387627293, 0.20142699978408019, 0.1945680904618843, 0.18847498500404164, 0.18325863103960757, 0.178998879035787, 0.17575045576638434, 0.17354880739122064, 0.17241527450331956, 0.17236123297055975, 0.17339097257570193, 0.1755031782228274, 0.178690938236374, 0.18294023499638173, 0.1882268997124029, 0.1945120450887793, 0.20173605662768462, 0.20981133401773444, 0.21861415513040622, 0.22797628210935802, 0.23767724651217179, 0.247438594263863, 0.2569216932341069, 0.2657308964280563, 0.2734238046548573, 0.27952994034949147, 0.2835782516577069, 0.2851324879134672, 0.2838317725140846, 0.27943192399638417, 0.271841699019333, 0.26114762256231366, 0.24762184351952188, 0.23170960746314442, 0.213996223695622, 0.1951571307682743, 0.17589794702906425, 0.15689332647119839, 0.1387335042979508, 0.12188557309308214, 0.10667334081866175, 0.09327594815002438, 0.08174222951578818, 0.07201574376095793, 0.06396476536792028, 0.05741212211296836, 0.052161176073548594, 0.04801591599038143, 0.04479465312737138, 0.0423379028796909, 0.04051164910016241, 0.03920736463537628, 0.03834006040672424, 0.03784536941003214, 0.03767637801195485, 0.037800639518489616, 0.03819759973404739, 0.03885651384553522, 0.03977485056653403, 0.04095712790384973, 0.04241410978295318, 0.04416228389904597, 0.046223547342857677]
6.718889966547495	3.1418371344291387	[0.04848021142790487, 0.05125053098558015, 0.05443029593181811, 0.05806161123755818, 0.062190966493832454, 0.0668685389590021, 0.07214707578305823, 0.07808021707270071, 0.08472011549736974, 0.09211421839779507, 0.10030111180882562, 0.10930539393125314, 0.11913165489204113, 0.12975779598263162, 0.14112811887002238, 0.15314683832157927, 0.16567288629790766, 0.17851703393450116, 0.19144240011123037, 0.20416928442903354, 0.21638491739111804, 0.22775816165476226, 0.23795847672809242, 0.2466776870737928, 0.253652422762258, 0.25868469776571823, 0.2616580822799888, 0.26254736475040885, 0.2614204344087171, 0.2584321961231132, 0.2538114415146188, 0.24784252229909365, 0.2408442332469459, 0.23314843523651704, 0.22508065994151927, 0.21694434727735012, 0.20900963103413933, 0.20150686216815136, 0.1946244635982946, 0.18851030982586411, 0.1832756316900075, 0.17900042991741857, 0.17573948951722354, 0.17352826153907422, 0.17238807125762146, 0.17233028570310063, 0.17335921129326226, 0.1754735868394987, 0.17866659556713096, 0.18292435186953795, 0.18822284305840095, 0.1945233398392569, 0.2017663542101871, 0.20986433657531858, 0.21869348368837355, 0.2280852801058486, 0.23781871351247091, 0.24761445419673245, 0.2571326121419359, 0.2659758817137624, 0.27369983341359444, 0.2798316815042903, 0.28389795392067146, 0.2854601044873364, 0.28415537219716164, 0.27973840283696516, 0.2721177523838104, 0.261380881675838, 0.24780202862734696, 0.2318295257622778, 0.21405244655431044, 0.1951502339390191, 0.17583227153784972, 0.15677630874631923, 0.13857469879706902, 0.12169554046982177, 0.10646257822250722, 0.0930540093551973, 0.08151712223680666, 0.07179362972417315, 0.06374992993776273, 0.05720714748445268, 0.05196723568336566, 0.04783311658769325, 0.04462236537497105, 0.04217504594716103, 0.04035691169824735, 0.039059362705785895, 0.03819743810564696, 0.03770685673448786, 0.037540816432354636, 0.03766698782749848, 0.03806492767525174, 0.038723990816910074, 0.039641732599770156, 0.040822746521474704, 0.042277863465015775, 0.044023634012841546, 0.0460820184122999]
6.724591709911829	3.1399977404415917	[0.048397773778603936, 0.051166023482965166, 0.054343587458006756, 0.057972640866582305, 0.06209976215133314, 0.06677524044648012, 0.07205196222035648, 0.07798373800151547, 0.08462292456791971, 0.09201720733696168, 0.10020544158662094, 0.10921251851034441, 0.11904333204893548, 0.12967607851031834, 0.1410553194780642, 0.1530854620605309, 0.16562552671729996, 0.17848623268553507, 0.1914304751039667, 0.20417813763042472, 0.21641583964833713, 0.22781165660164526, 0.2380341279717032, 0.24677409092571467, 0.25376720261440483, 0.2588146062275234, 0.2617991849815048, 0.26269528775025947, 0.26157064761890664, 0.2585803005346044, 0.25395342856981645, 0.2479749799410044, 0.2409644824734604, 0.23325459236442184, 0.22517162967254742, 0.21701975983685615, 0.20906974055334046, 0.20155242492820158, 0.19465661238722495, 0.18853043766462688, 0.18328529327158014, 0.1790012656250447, 0.17573317274513292, 0.17351646826720987, 0.17237246846939636, 0.1723125351979324, 0.17334098425262293, 0.17545658527775151, 0.17865257581148977, 0.1829151459672104, 0.18822037264746405, 0.19452961748011657, 0.20178346552440596, 0.2098943971951655, 0.21873856403209624, 0.22814729326190686, 0.2378992630158853, 0.24771464434690466, 0.25725282920518056, 0.2661155644765705, 0.27385726014943623, 0.2800038105875383, 0.2840803592376171, 0.2856470464479716, 0.2843400327646251, 0.27991329280669563, 0.2722752678744581, 0.26151395485031353, 0.24790478784797632, 0.23189786660295947, 0.21408441886366167, 0.19514617828989245, 0.17579468108285787, 0.15670944441283882, 0.13848402886391556, 0.12158710367777159, 0.10634237185762593, 0.09292748658625911, 0.0813888487533144, 0.07166711374671218, 0.06362760655519326, 0.05709047901589616, 0.05185688108857661, 0.047729127510961485, 0.04452437535383215, 0.042082432845754164, 0.04026892375174958, 0.038975208123315654, 0.03811634239837025, 0.03762809517710425, 0.03746372844762049, 0.03759098001680892, 0.03798947006021568, 0.03864861020476395, 0.03956600511854657, 0.04074629114507034, 0.04220033715022003, 0.04394472929068896, 0.04600146355856203]
6.730293453276163	3.1381580379742506	[0.048315575743310066, 0.05108175346192519, 0.05425711277815754, 0.05788390019890783, 0.06200878114792183, 0.06668215765249598, 0.0719570536466302, 0.0778874510336529, 0.08452590892492955, 0.09192035183261561, 0.1001099027191105, 0.10911974704529534, 0.11895508142476287, 0.1295943989191337, 0.1409825204860297, 0.15302404787457896, 0.1655780901114243, 0.1784553172366383, 0.19141840103648888, 0.20418681184017645, 0.21644655806282245, 0.22786492981642806, 0.23810954593542435, 0.2468702570221739, 0.2538817458001542, 0.25894428438905676, 0.2619400670788398, 0.26284300247361964, 0.2617206658344674, 0.2587282237039037, 0.2540952476650449, 0.24810728238583624, 0.2410845885213478, 0.23336061775918884, 0.22526247869856655, 0.21709506234482057, 0.20912975052310748, 0.20159789820068671, 0.19468868149230223, 0.18855049474909255, 0.18329489235468188, 0.17900204558432384, 0.17572680579677785, 0.17350462827357102, 0.17235682083272189, 0.17229473915391003, 0.1733227092107311, 0.17543953049006603, 0.17863849592722986, 0.1829058703900812, 0.18821782179428453, 0.19453580178278973, 0.20180047027242043, 0.2099243368367115, 0.21878350993810944, 0.22820915856257903, 0.2379796535807444, 0.2478146655542206, 0.25737287050061947, 0.2662550658406448, 0.27401450263389066, 0.280175752462462, 0.28426257547394557, 0.28583379524967734, 0.28452449557272824, 0.28008797737295793, 0.27243257070472104, 0.26164680770019383, 0.24800732417328905, 0.23196598737980456, 0.21411618531957347, 0.19514194143528651, 0.17575694838321942, 0.1566424867791515, 0.1383933252115923, 0.12147869596374372, 0.10622225958273963, 0.09280111719370697, 0.08126078228996579, 0.07154084682142045, 0.06350556529675278, 0.05697411339095619, 0.051746842409433634, 0.047625457967453884, 0.044426704340610274, 0.04199013261582088, 0.04018124171894122, 0.03889134989157181, 0.03803553473996017, 0.037549612472403175, 0.037386912254137664, 0.03751523674327927, 0.03791427196132856, 0.038573484014869014, 0.03949052891300405, 0.040670083659423525, 0.04212305683840762, 0.04386606813070764, 0.045921150786206955]
6.735995196640497	3.136318040342115	[0.0482336169039827, 0.05099771925377548, 0.05417087152671976, 0.057795387703315534, 0.061918023210742565, 0.06658928920722075, 0.0718623499286674, 0.07779135499512278, 0.08442906862396295, 0.09182365094554013, 0.10001449549325674, 0.10902707886506628, 0.11886690356196343, 0.12951275682162433, 0.14090972268527885, 0.15296259564694129, 0.16553057747716676, 0.17842428769837013, 0.19140617903637627, 0.2041953073322714, 0.2164770738041167, 0.2279179816706354, 0.23818473175053217, 0.24696618578210816, 0.2539960533566901, 0.2590737326896109, 0.2620807294863141, 0.2629905093714647, 0.2618704898373033, 0.25887596609332275, 0.2542368994493987, 0.24823943010752786, 0.24120455190939563, 0.23346651190489418, 0.2253532074116696, 0.21717025529349562, 0.20918966121423743, 0.20164328248619423, 0.19472067107152688, 0.18857048159294812, 0.18330442899722132, 0.17900277033305198, 0.1757203886472233, 0.17349274213761884, 0.17234112826074585, 0.17227689821494496, 0.17330438604128268, 0.1754224232099612, 0.1786243557694094, 0.1828965259847708, 0.1882151903506917, 0.19454189372432404, 0.20181736830935057, 0.20995415661473948, 0.2188283212604721, 0.22827087725606976, 0.23805988504560638, 0.2479145191862195, 0.25749273583060067, 0.26639438727397896, 0.27417156061133047, 0.2803475086797057, 0.28444460229742596, 0.28602035251381325, 0.28470876020016866, 0.280262458226007, 0.272589660361695, 0.261779441995778, 0.24810963700711425, 0.23203388995881272, 0.21414774524702654, 0.1951375253254738, 0.17571907265167055, 0.156575437799968, 0.1383025868454404, 0.12137031913149575, 0.10610224006571856, 0.09267490265409153, 0.081132921086236, 0.0714148299831275, 0.06338380398455234, 0.05685805119472838, 0.05163711716390299, 0.04752210817100768, 0.04432934971015025, 0.041898145210157244, 0.04009386297836724, 0.038807787798718664, 0.03795501261104812, 0.037471408309057895, 0.037310365481835285, 0.03743975763394713, 0.03783933116830197, 0.03849861183482159, 0.039415301923967236, 0.040594123629699254, 0.042046020607585305, 0.04378765009431825, 0.04584107830032475]
6.7416969400048306	3.1344777607651766	[0.04815189545923618, 0.05091392054176688, 0.05408486203609984, 0.05770710313000659, 0.06182748682217284, 0.06649663497269978, 0.07176784972732125, 0.07769544990928347, 0.08433240254120697, 0.09172710490794467, 0.0999192190378522, 0.108934514445732, 0.11877879786805082, 0.12943115294758314, 0.14083692576490633, 0.1529011063358676, 0.1654829887577983, 0.17839314519617225, 0.1913938092469925, 0.20420362531400046, 0.21650738714980886, 0.22797081336537886, 0.23825968577055698, 0.24706187833035068, 0.2541101256759602, 0.259202952135238, 0.26222117261833106, 0.2631378093127668, 0.26202012006137737, 0.259023528430675, 0.25437838437701454, 0.2483714236942927, 0.24132437311109345, 0.23357227525345936, 0.22544381630233232, 0.21724533900321066, 0.20924947313255393, 0.20168857798059858, 0.19475258164788525, 0.18859039827840518, 0.1833139037467832, 0.17900343985494227, 0.17571392188276852, 0.17348080976384855, 0.17232539139880623, 0.1722590122281988, 0.1732860154730909, 0.1754052632490636, 0.1786101561753496, 0.18288711254557855, 0.18821247928374632, 0.19454789309261436, 0.20183416074503874, 0.209983856311541, 0.2188729992536871, 0.22833244910907127, 0.23813995880035188, 0.24801420497561372, 0.2576124267035101, 0.26653352845333417, 0.2743284356899445, 0.2805190788393653, 0.2846264414009804, 0.28620671774765405, 0.2848928284175637, 0.2804367347719253, 0.2727465386988043, 0.2619118570449259, 0.24821172830185928, 0.23210157355892827, 0.2141791007049811, 0.19513292908083277, 0.17568105601182218, 0.15650829643442057, 0.1382118158317158, 0.12126197186147036, 0.10598231513721271, 0.09254884125226082, 0.08100526657939372, 0.07128906108141556, 0.06326232359619975, 0.05674228991273668, 0.051527705907079516, 0.047419075392512486, 0.04423231169283431, 0.041806467847811724, 0.04000678754020494, 0.0387245191375849, 0.037874775881307214, 0.03739348012507185, 0.037234087909788924, 0.037364540297453945, 0.037764647398835394, 0.03842399144111116, 0.03934032382762384, 0.04051840898560764, 0.04196922811127817, 0.0437094732496076, 0.045761245754574194]
6.747398683369164	3.132637212369176	[0.04807041055474549, 0.05083035610476807, 0.05399908352974058, 0.05761904537057176, 0.06173717131552381, 0.06640419398362442, 0.07167355252642105, 0.07759973499289989, 0.08423591035590491, 0.09163071316012289, 0.09982407326832983, 0.10884205348494644, 0.11869076451950027, 0.12934958726576637, 0.1407641301592901, 0.15283958016466015, 0.16543532460796093, 0.178361890159254, 0.1913812924758061, 0.20421176635014995, 0.21653749897952204, 0.22802342552842292, 0.23833440887470167, 0.24715733530137798, 0.25422396358724547, 0.2593319433352523, 0.26236139722985397, 0.2632849028699273, 0.26216955718000035, 0.259170911249823, 0.25451970303943827, 0.24850326364205294, 0.241444052637569, 0.23367790826287205, 0.22553430580288328, 0.2173203138942079, 0.2093091866346627, 0.20173378506885076, 0.1947844135085288, 0.18861024516183827, 0.18332331683195385, 0.17900405449009785, 0.17570740568949636, 0.17346883149409717, 0.17230961041100257, 0.17224108155960055, 0.17326759767113742, 0.17538805102133853, 0.17859589733285763, 0.18287763055622705, 0.18820968882116373, 0.19455380045644802, 0.20185084785556343, 0.21001343658638089, 0.21891754423971505, 0.2283938748655481, 0.2382198751999035, 0.24811372373608212, 0.25773194348756207, 0.26667249024275497, 0.2744851282301841, 0.2806904638375951, 0.2848080931195035, 0.28639289186658595, 0.2850767005233017, 0.2806108079417405, 0.27290320597780937, 0.2620440538030135, 0.2483135982935963, 0.2321690391734536, 0.2142102519093679, 0.1951281537215117, 0.17564289862345156, 0.15644106365498608, 0.13812101217059045, 0.12115365493554223, 0.10586248449301656, 0.09242293342326127, 0.08087781804960974, 0.07116354011534727, 0.06314112298343177, 0.05662682912647755, 0.05141860715132327, 0.047316358897334446, 0.044135588601794146, 0.041715099604511675, 0.03992001365051485, 0.038641542899031454, 0.037794822821000204, 0.03731582689255505, 0.037158077879697604, 0.03728958372019622, 0.037690219082064755, 0.038349621847978424, 0.039265593140799956, 0.04044293877563227, 0.04189267795049125, 0.043631536686849874, 0.04568165183451953]
6.753100426733498	3.1307964081860433	[0.04798916139, 0.05074702468282929, 0.053913535279799876, 0.05753121328067772, 0.06164707606838641, 0.06631196524075755, 0.0715794578500032, 0.07750420943021392, 0.08413959178353095, 0.09153447511101027, 0.09972905813225624, 0.108749695650349, 0.11860280372050085, 0.12926805971688896, 0.1406913363256085, 0.15277801733158153, 0.16538758569952416, 0.17833052299610327, 0.19136862954114675, 0.20421973099055804, 0.21656741017652853, 0.22807581877981364, 0.2384089019378227, 0.24725255733049972, 0.2543375679068494, 0.2594607069093804, 0.2625014040537522, 0.2634317906359489, 0.262318801834913, 0.2593181151155865, 0.25466085598695426, 0.24863495048788709, 0.24156359094900123, 0.2337834114421522, 0.22562467628526275, 0.2173951804472763, 0.2093688020077509, 0.20177890420556852, 0.1948161668626, 0.1886300226780346, 0.18333266839507345, 0.1790046146654185, 0.17570084015922383, 0.1734568077650713, 0.17229378535923237, 0.1722231066777628, 0.17324913269027808, 0.17537078705102702, 0.17858157931171528, 0.18286808061806312, 0.18820681906488693, 0.1945596165092314, 0.20186742978390004, 0.2100428982295754, 0.21896195640087585, 0.22845515540608005, 0.23829963445420538, 0.2482130764222777, 0.25785128640217153, 0.2668112736501063, 0.2746416384415007, 0.28086166471560786, 0.28498955763616574, 0.28657887593094594, 0.2852603766644653, 0.2807846788106401, 0.2730596623102445, 0.26217603336889667, 0.2484152470693211, 0.23223628793904677, 0.2142411989276973, 0.1951232004113206, 0.1756046004979613, 0.15637374057807638, 0.1380301757140083, 0.12104536927927871, 0.10574274768232017, 0.09229717974462233, 0.08075057463485882, 0.07103826722374902, 0.06302020086350385, 0.05651166855240946, 0.05130981928510421, 0.04721395807861334, 0.04403917863869475, 0.04162403967440972, 0.03983353945696217, 0.03855885818156398, 0.03771515161471279, 0.037238447680004026, 0.03708233365924958, 0.03721488697409484, 0.03761604458332275, 0.038275502145327524, 0.039191108325095925, 0.04036771211535434, 0.04181636867794662, 0.04355383955618135, 0.045602295182854954]
6.758802170097832	3.128955361154658	[0.047908146512967646, 0.050663925657725956, 0.053828215947834976, 0.057443606321086305, 0.06155719987712181, 0.06621994832312582, 0.07148556466153487, 0.07740887296368834, 0.08404344599404659, 0.09143839071134906, 0.09963417304459234, 0.10865744113519044, 0.11851491515711146, 0.12918657074785314, 0.14061854422264683, 0.1527164185152045, 0.16533977223422683, 0.1782990445605493, 0.191355820830313, 0.2042275201846999, 0.21659712124395444, 0.22812799408245774, 0.2384831655167342, 0.24734754532909864, 0.25445093920444656, 0.2595892436788511, 0.2626411936542029, 0.26357847332586054, 0.2624678545805373, 0.2594651406333804, 0.25480184376450016, 0.24876648472860755, 0.24168298858058454, 0.23388878518158845, 0.22571492827375525, 0.21746993894940383, 0.20942831976503354, 0.20182393558012773, 0.19484784221540669, 0.18864973092828122, 0.18334195894188982, 0.17900512040832184, 0.17569422581255667, 0.1734447385491072, 0.172277916798907, 0.17220508752190275, 0.17323062114411425, 0.17535347126674108, 0.17856720280710933, 0.18285846266867706, 0.1882038708108258, 0.19456534121045996, 0.2018839074373523, 0.21007224122585788, 0.2190062367552631, 0.22851629073353646, 0.23837923768038174, 0.2483122630398459, 0.2579704566441564, 0.2669498786647985, 0.2747979675791782, 0.2810326814286907, 0.28517083624701, 0.2867646698485568, 0.2854438581681762, 0.28095834723352886, 0.27321590905705456, 0.2623077955502592, 0.24851667603830938, 0.2323033196269785, 0.21427194322491414, 0.19511806887418695, 0.17556616311665516, 0.15630632681249407, 0.13793930784502662, 0.12093711425983969, 0.10562310582507103, 0.09217157921232114, 0.08062353705269726, 0.0709132409762503, 0.06289955750587911, 0.05639680638787114, 0.05120134218578877, 0.04711187089402151, 0.043943081400810345, 0.041533285924296115, 0.03974736438956765, 0.03847646287742752, 0.037635761607610174, 0.03716134047264621, 0.037006854556800105, 0.03714044816379217, 0.03754212319831687, 0.038201630558881844, 0.039116868676475784, 0.040292727343379256, 0.041740299600915166, 0.043476380301363415, 0.0455231751330872]
6.764503913462166	3.127114084121441	[0.047827365243114706, 0.05058105767799688, 0.053743124918440646, 0.05735622325911371, 0.06146754222572361, 0.06612814214420239, 0.0713918725864987, 0.07731372468965064, 0.08394747280007561, 0.09134245928043545, 0.09953941804605582, 0.108565289515399, 0.11842709912271733, 0.12910512020611614, 0.14054575439266584, 0.15265478382038433, 0.16529188496453798, 0.1782674551695723, 0.19134286723710855, 0.2042351343951349, 0.2166266331344765, 0.22817995197556673, 0.2385572005484907, 0.2474422998599214, 0.2545640783502272, 0.25971755420041714, 0.2627807668088036, 0.26372495148006275, 0.2626167160937217, 0.25961198832610155, 0.25494266694778955, 0.248897866869988, 0.24180224600851397, 0.2339940299691967, 0.22580506214734763, 0.21754458987019526, 0.20948774019222682, 0.20186887964523806, 0.19487943976646166, 0.18866937035419037, 0.18335118859715857, 0.1790055721608336, 0.17568756271577868, 0.1734326243060793, 0.1722620047582381, 0.17218702459177937, 0.17321206304524017, 0.17533610423199714, 0.17855276783735907, 0.18284877735717583, 0.18820084409948926, 0.19457097531035242, 0.2019002808866547, 0.21010146643217967, 0.21905038540135152, 0.22857728180592218, 0.23845868499226286, 0.24841128463277715, 0.25808945432403124, 0.26708830639714054, 0.2749541157305007, 0.281203515134718, 0.2853519289991107, 0.2869502748115469, 0.28562714503052505, 0.28113181443324875, 0.27337194616281296, 0.26243934161010013, 0.24861788510383212, 0.23237013555494615, 0.21430248466793572, 0.1951127604716702, 0.1755275862745353, 0.15623882368781178, 0.1378484081861067, 0.1208288910288341, 0.10550355823276925, 0.09204613263918279, 0.08049670420195305, 0.07078846175161486, 0.06277919139461884, 0.0562822425884655, 0.051093174021126155, 0.04701009696931657, 0.04384729488610695, 0.04144283776926374, 0.03966148641159534, 0.038394356290680366, 0.03755665081946986, 0.037084504527311, 0.03693163869366634, 0.03706626653227101, 0.03746845316236296, 0.03812800633360932, 0.039042872540288306, 0.04021798371638635, 0.041664469166845235, 0.04339915820196305, 0.045444290230835994]
6.7702056568265	3.1252725898409044	[0.04774681629240468, 0.05049841999258037, 0.05365826100378753, 0.0572690634313547, 0.06137810205000078, 0.06603654616502778, 0.07129838071801692, 0.07721876423707408, 0.08385167149196451, 0.09124668065920559, 0.0994447926624602, 0.10847324087830833, 0.11833935540368114, 0.12902370843793606, 0.14047296688266012, 0.15259311383297136, 0.1652439241665183, 0.1782357555959911, 0.1913297692073893, 0.2042425745064109, 0.21665594639192792, 0.22823169337720978, 0.23863100761022826, 0.24753682181245532, 0.25467698591100196, 0.2598456392980152, 0.2629201240534096, 0.26387122584196687, 0.26276538687414525, 0.2597586588541145, 0.25508332600094036, 0.24902909749083724, 0.24192136366201017, 0.23409914630396553, 0.22589507830009406, 0.2176191336308842, 0.20954706364881237, 0.20191373674857974, 0.1949109598445566, 0.188688941238095, 0.1833603576680548, 0.17900597015318867, 0.1756808511694679, 0.1734204652322707, 0.17224604955148567, 0.17216891807129137, 0.17319345874507136, 0.1753186861405543, 0.17853827481443565, 0.1828390249064688, 0.18819773942272616, 0.1945765190733293, 0.20191655071482878, 0.21013057415666736, 0.2190944030140179, 0.2286381289660336, 0.23853797714690694, 0.24851014156051773, 0.25820828026469833, 0.26722655720132993, 0.2751100837668215, 0.2813741661623544, 0.28553283679861996, 0.2871356911080629, 0.2858102381856293, 0.2813050806506687, 0.27352777459250527, 0.26257067174645127, 0.2487188752740428, 0.23243673588840957, 0.21433282431331122, 0.19510727532665048, 0.17548887103755284, 0.1561712312178115, 0.13775747770121127, 0.1207206993635444, 0.10538410560789646, 0.09192083943219294, 0.08037007639149801, 0.07066392852461675, 0.06265910240769584, 0.056167975743166586, 0.050985314302348504, 0.046908634632998915, 0.04375181835716015, 0.0413526934201747, 0.03957590465281334, 0.03831253662714257, 0.037477818329700666, 0.037007938111170355, 0.036856685144750496, 0.03699234043571639, 0.03739503356641338, 0.038054627919262445, 0.03896911903213927, 0.040143479773224744, 0.04158887652258855, 0.0433221718820813, 0.04536563966488065]
6.7759074001908335	3.1234308909762922	[0.04766649883279618, 0.050416011416330835, 0.05357362345065004, 0.05718212575977523, 0.061288878702697856, 0.06594515944402408, 0.07120508855454516, 0.07712399083873671, 0.08375604175809502, 0.09115105429543616, 0.09935029681269435, 0.1083812949202333, 0.11825168417479714, 0.12894233540227268, 0.14040018212145658, 0.15253140875891186, 0.16519589048707392, 0.178203946245203, 0.191316527540428, 0.20424984105411728, 0.21668506188890896, 0.22828321888169142, 0.23870458757697993, 0.24763111178475833, 0.25478966271642045, 0.25997349954278287, 0.2630592661490616, 0.26401729694453574, 0.2629138676070494, 0.2599051527101548, 0.2552238215325756, 0.2491601770434577, 0.24204034207365535, 0.23420413459731396, 0.2259849771898487, 0.21769357060233915, 0.2096062905210682, 0.20195850722329428, 0.19494240277074135, 0.18870844388232477, 0.18336946642108143, 0.17900631466909783, 0.17567409140113252, 0.17340826161042905, 0.17223005138700642, 0.17215076826411987, 0.1731748084549413, 0.17530121734056237, 0.17852372397387448, 0.18282920573067998, 0.18819455705670582, 0.19458197299494445, 0.20193271724661413, 0.21015956498239127, 0.21913828996372955, 0.2286988328799176, 0.23861711454730566, 0.2486088345587084, 0.25832693488150177, 0.2673646318647214, 0.2752658720937229, 0.28154463533330076, 0.28571356002201553, 0.28732091958177947, 0.2859931379687578, 0.2814781467488129, 0.27368339464041047, 0.26270178685213463, 0.24881964681471866, 0.2325031215648852, 0.2143629624047725, 0.19510161440965912, 0.1754500175907951, 0.15610355032976228, 0.13766651641284713, 0.12061254000484255, 0.1052647476675897, 0.09179569999236067, 0.08024365292613679, 0.07053964127136529, 0.06253928942880986, 0.05605400542428768, 0.05087776158264432, 0.04680748315484997, 0.043656650175528625, 0.04126285196825831, 0.03949061741242818, 0.038231002900825366, 0.03739926246335985, 0.0369316402239605, 0.03678199230579417, 0.03691866889025237, 0.03732186289136323, 0.03798149436032695, 0.03889560671746306, 0.04006921459209242, 0.04151352031407623, 0.04324542046037554, 0.04528722216155002]
6.781609143555167	3.121589000100191	[0.047586411677263823, 0.05033383112398434, 0.05348921116687522, 0.05709540950799048, 0.06119987121115, 0.06585398136860016, 0.07111199527744216, 0.07702940404777756, 0.0836605829744193, 0.09105557995089311, 0.0992559301059961, 0.10828945164551003, 0.11816408530403338, 0.12886100135880044, 0.14032740023611104, 0.15246966909481677, 0.16514778428086735, 0.1781720277995191, 0.1913031427590018, 0.20425693483258955, 0.21671398024398622, 0.22833452931871606, 0.23877794109784398, 0.24772517058123414, 0.25490210940202895, 0.2601011356780056, 0.2631981936968074, 0.26416316545560187, 0.2630621588534966, 0.2600514704841626, 0.25536415406419766, 0.2492911060411403, 0.24215918172608086, 0.23430899528731328, 0.226074759260379, 0.21776790114923228, 0.20966542121484244, 0.20200319136463557, 0.1949737689170711, 0.1887278785206714, 0.18337851520360562, 0.17900660589390555, 0.17566728374828758, 0.1733960135954653, 0.17221401061237196, 0.17213257531634024, 0.17315611255538013, 0.17528369799175922, 0.1785091157517665, 0.18281932002302853, 0.18819129751136754, 0.19458733731515687, 0.20194878107584308, 0.21018843919959482, 0.21918204692749566, 0.2287593938809204, 0.23869609794247573, 0.24870736398805215, 0.2584454189775052, 0.2675025307558694, 0.27542148154905843, 0.281714923005784, 0.28589409952615796, 0.2875059605672326, 0.286175845246912, 0.2816510130330838, 0.2738388071853278, 0.26283268720905817, 0.24892020062855325, 0.23256929285377606, 0.21439289987464075, 0.19509577796701338, 0.1754110268583451, 0.1560357811782637, 0.13757552512789364, 0.12050441288528776, 0.10514548494652833, 0.09167071389326831, 0.08011743394249075, 0.07041559914102447, 0.06241975216588152, 0.055940330398701346, 0.05077051521094653, 0.04670664103993923, 0.04356178945294329, 0.04117331179500811, 0.03940562368264253, 0.03814975347870211, 0.037320982175880944, 0.036855609282511435, 0.0367075591405551, 0.03684525038970711, 0.03724894012840238, 0.03790860423281606, 0.03882233462162925, 0.039995186828051546, 0.04143839960538887, 0.043168902668743195, 0.045209036832189506]
6.787310886919501	3.119746929695175	[0.04750655387434177, 0.05025187807470921, 0.053405023280497524, 0.05700891373556444, 0.06111107881129634, 0.06576301112994692, 0.07101910026795852, 0.07693500322629883, 0.08356529470985787, 0.09096025720013078, 0.09916169233838347, 0.10819771087508828, 0.11807655883955906, 0.12877970638897945, 0.14025462152570212, 0.15240789516674583, 0.16509960606360086, 0.17814000078166853, 0.1912896155322113, 0.204263856491385, 0.21674270220334568, 0.22838562539220872, 0.23885106892742497, 0.2478189989037645, 0.25501432668438717, 0.26022854837131615, 0.26333690735265297, 0.2643088319963462, 0.26321026120227226, 0.26019761274876524, 0.25550432411697865, 0.24942188500828452, 0.2422778830734774, 0.23441372885026207, 0.2261644248997597, 0.21784212570043743, 0.20972445605450968, 0.20204778955706973, 0.19500505854987096, 0.18874724550025707, 0.18338750423414538, 0.1790068441496268, 0.17566042839703774, 0.17338372150177347, 0.1721979274011972, 0.17211433955616026, 0.1731373712299931, 0.17526612845890388, 0.1784944503636217, 0.18280936820519617, 0.1881879610516591, 0.19459261252654012, 0.20196474252637267, 0.21021719737596606, 0.21922567428716774, 0.2288198126050624, 0.23877492776132872, 0.24880573053703015, 0.2585637330111511, 0.267640254595418, 0.2755769126017717, 0.28188502991322767, 0.2860744557745111, 0.2876908147965467, 0.28635836046887564, 0.2818236802297669, 0.2739940126630117, 0.26296337354585686, 0.24902053715059588, 0.23263525049938458, 0.2144226371628674, 0.19508976674779924, 0.17537189924726615, 0.15596792444474128, 0.13748450411424742, 0.12039631848163995, 0.10502631742614497, 0.09154588126121542, 0.07999141902206772, 0.07029180183311332, 0.062300489784226025, 0.05582694996902931, 0.05066357401936838, 0.04660610730262725, 0.043467234820224666, 0.0410840717553929, 0.03932092201672543, 0.03806878715990885, 0.03724297602774351, 0.03677984409308157, 0.036633384260376274, 0.03677208377656761, 0.037176263954929296, 0.037835956424877096, 0.03874930148947918, 0.039921395417187824, 0.04136351320741787, 0.04309261749468903, 0.04513108255644524]
6.793012630283835	3.1179046921542506	[0.047426924493172956, 0.0501701512189717, 0.0533210589398188, 0.05692263749205312, 0.0610225007591394, 0.06567224790744698, 0.07092640292730869, 0.07684078772223177, 0.08347017655328434, 0.09086508560059618, 0.09906758332592266, 0.10810607240937946, 0.11798910484989963, 0.12869845055003096, 0.14018184631040895, 0.15234608727291912, 0.16505135637354654, 0.1781078656834226, 0.19127594655409352, 0.2042706066466074, 0.21677122854118264, 0.22843650777046806, 0.23892397185154773, 0.2479125974161812, 0.25512631531407026, 0.2603557382493138, 0.26347540780895207, 0.2644542971436264, 0.2633581752808767, 0.2603435800292478, 0.2556443322537003, 0.24955251441950113, 0.24239644661506082, 0.23451833571060446, 0.22625397454462698, 0.21791624463088805, 0.20978339541627702, 0.2020923021287972, 0.19503627199016216, 0.1887665451094224, 0.18339643378844037, 0.17900702969696153, 0.17565352559302172, 0.17337138558000378, 0.17218180198877342, 0.17209606124579097, 0.17311858472598887, 0.17524850903873276, 0.17847972809011875, 0.1827993506291413, 0.18818454800868795, 0.19459779905073463, 0.20198060198835352, 0.2102458400077731, 0.21926917248987424, 0.22888008961751682, 0.23885360449567133, 0.24890393482536297, 0.2586818775000575, 0.2677778040393891, 0.27573216577520304, 0.28205495673094394, 0.28625462927933965, 0.28787548295223275, 0.2865406841256155, 0.28199614902472747, 0.27414901154322624, 0.2630938465592006, 0.24912065684014625, 0.23270099522144078, 0.21445217472353245, 0.19508358148375451, 0.17533263517016853, 0.15589998080097542, 0.1373934536392467, 0.12028825726881538, 0.10490724508326256, 0.09142120222767568, 0.07986560773908526, 0.07016824905812283, 0.06218150144032118, 0.055713863453507866, 0.05055693683070299, 0.046505880976457414, 0.04337298489916023, 0.040995130726001715, 0.03923651095953204, 0.037988102766506965, 0.0371652425716272, 0.0367043434852142, 0.036559466269253264, 0.03669916791633154, 0.03710383304124255, 0.037763549847071795, 0.03867650605878006, 0.03984783931731826, 0.0412888599237546, 0.04301656394682284, 0.04505335820614064]
6.798714373648169	3.1160622997816514	[0.047347522401132915, 0.0500886497148461, 0.05323731710194269, 0.056836580024265004, 0.06093413612617194, 0.06558169107047827, 0.0708339024757396, 0.07674675706865063, 0.08337522791403772, 0.09077006489153008, 0.09897360270554088, 0.10801453622786701, 0.11790172322497712, 0.12861723407516637, 0.14010907473359258, 0.15228424588302952, 0.1650030355760843, 0.17807562316106534, 0.19126213635248257, 0.2042771860688544, 0.21679955987539273, 0.22848717726328888, 0.23899665051313826, 0.24800596690853713, 0.2552380759154977, 0.26048270604804874, 0.2636136956510936, 0.26459956156594566, 0.26350590163000404, 0.2604893729239113, 0.2557841789701157, 0.24968299480336764, 0.24251487280178322, 0.2346228163279904, 0.22634340860112695, 0.21799025833292598, 0.20984223966285687, 0.20213672940883431, 0.19506740956185697, 0.1887857776217226, 0.1834053041609802, 0.17900716276672965, 0.17564657561610372, 0.1733590060358315, 0.17216563465999882, 0.17207774058690667, 0.1730997533558597, 0.17523083995101654, 0.17846494929365728, 0.18278926755223351, 0.18818105881293964, 0.19460289719574486, 0.20199635997061682, 0.21027436745706235, 0.21931254212268306, 0.22894022532705255, 0.23893212880057707, 0.2490019772924645, 0.258799853150307, 0.2679151795375607, 0.2758872418078059, 0.28222470389967413, 0.28643462079590326, 0.2880599654515642, 0.2867228169806779, 0.28216841980637775, 0.2743038046005162, 0.26322410661564083, 0.2492205604962166, 0.23276652737698544, 0.21448151338619442, 0.1950772225116826, 0.1752932354482389, 0.1558319504935318, 0.137302374405997, 0.12018022927200928, 0.10478826834958894, 0.09129667646020333, 0.07974000013202609, 0.07004494006163194, 0.06206278675312157, 0.055601069717808246, 0.05045060291682208, 0.04640596066594267, 0.04327903873693625, 0.04090648718572141, 0.03915238945030035, 0.03790769875824599, 0.037087780719922754, 0.036629105962168965, 0.03648580409602575, 0.03662650138217626, 0.03703164635006106, 0.0376913831477295, 0.03860394733136987, 0.039774517249273555, 0.04121443879851298, 0.0429407408168721, 0.044975862874927136]
6.804416117012503	3.1142197647931784	[0.04726834659433564, 0.0500073726070034, 0.053153796845567175, 0.05675074047007957, 0.060845984100350706, 0.06549133988185343, 0.07074159824642794, 0.07665291069268318, 0.08328044831185688, 0.09067519470569849, 0.09887975022253999, 0.10792310220252849, 0.11781441396106458, 0.12853605708933327, 0.1400363070425224, 0.15222237135886935, 0.16495464413732705, 0.17804327376522303, 0.19124818555178846, 0.20428359542760416, 0.2168276969150251, 0.22853763458606086, 0.2390691056392855, 0.2480991080848049, 0.2553496091885971, 0.2606094524268132, 0.2637517715300267, 0.26474462586500114, 0.2636534408454421, 0.2606349919746673, 0.25592386480683144, 0.24981332664271103, 0.2426331621197753, 0.23472717112677371, 0.22643272750144222, 0.21806416717346416, 0.20990098917425562, 0.20218107170992408, 0.19509847159769284, 0.18880494330299852, 0.18341411564681584, 0.17900724359023937, 0.17563957873853284, 0.17334658308353695, 0.17214942568386266, 0.17205937779806407, 0.17308087740752665, 0.17521312144109352, 0.17845011430276114, 0.18277911926674814, 0.18817749385081764, 0.19460790731470484, 0.20201201692656331, 0.21030278014231832, 0.21935578370455644, 0.2290002202114313, 0.2390105012489218, 0.24909985846072494, 0.2589176605703652, 0.2680523816383574, 0.27604214132391225, 0.2823942719764014, 0.28661443094791605, 0.2882442628475064, 0.28690475964749373, 0.2823404931195162, 0.27445839243909703, 0.26335415425915787, 0.2493202487256024, 0.2328318475213386, 0.21451065376585698, 0.1950706903870618, 0.17525370066749682, 0.1557638340068271, 0.13721126686571938, 0.12007223477037417, 0.1046693873937877, 0.09117230389115204, 0.0796145959719956, 0.06992187435808991, 0.0619443450774074, 0.05548856789335823, 0.05034457129582156, 0.04630634523160335, 0.04318539514304442, 0.04081813985438951, 0.03906855621013988, 0.03782757381734688, 0.037010589187712516, 0.03655413022984084, 0.03641239649246375, 0.03655408293054661, 0.03695970268540375, 0.03761945514085803, 0.03853162416612603, 0.03970142808449237, 0.04114024874562314, 0.042865147034881985, 0.044898595536064866]
6.810117860376836	3.1123770993170585	[0.047189396482654786, 0.04992631855257482, 0.05307049763565757, 0.056665117601912576, 0.06075804423543449, 0.06540119325447423, 0.07064948992308626, 0.0765592476824895, 0.08318583760495818, 0.09058047434541056, 0.09878602594975971, 0.10783176988331854, 0.11772717737000102, 0.12845491940626805, 0.13996354378490541, 0.15216046376650177, 0.16490618280361713, 0.1780108177727435, 0.1912340950299136, 0.2042898351480137, 0.21685564058868934, 0.22858788024695906, 0.2391413381358186, 0.24819202148575764, 0.25546091596550874, 0.2607359779311014, 0.26388963617835093, 0.26488949058143885, 0.26380079355182723, 0.2607804377163567, 0.2560633902799445, 0.24994351046677166, 0.24275131497819114, 0.23483140062957372, 0.2265219315502208, 0.21813797166736218, 0.20995964415475163, 0.20222532954011802, 0.19512945820879463, 0.18882404265965974, 0.18342286827531518, 0.17900727268305344, 0.17563253492389347, 0.17333411726445572, 0.1721331749779914, 0.1720409734675593, 0.17306195677439734, 0.17519535416726073, 0.17843522300730158, 0.18276890652207142, 0.18817385302478046, 0.194612830262968, 0.20202757277949426, 0.2103310790299173, 0.21939889717808847, 0.2290600753418065, 0.2390887217918627, 0.2491975794903368, 0.2590352997034754, 0.26818941157054277, 0.2761968642413289, 0.28256366223887, 0.2867940596129374, 0.288428376452789, 0.2870865119541209, 0.2825123703079685, 0.27461277483751445, 0.2634839908741755, 0.24941972126708736, 0.2328969570943709, 0.21453959556547425, 0.1950639865947113, 0.17521403045901096, 0.1556956327953289, 0.13712013047859298, 0.1199642750434674, 0.10455060137165854, 0.09104808546692554, 0.07948939401637609, 0.06979905246807021, 0.0618261747777657, 0.055376358086336, 0.050238840042559296, 0.046207034455825004, 0.04309205204929444, 0.040730088304650525, 0.03898500915953303, 0.037747727400844186, 0.03693366597046812, 0.036479415689313774, 0.036339241569209396, 0.036481911937774635, 0.03688800028145733, 0.03754776519332372, 0.03845953491353089, 0.039628571190485976, 0.041066288221209876, 0.04278978198082566, 0.044821554744968004]
6.81581960374117	3.1105343153943155	[0.04711067021285333, 0.049845487439419266, 0.05298741775508697, 0.0565797113522448, 0.06067031496148044, 0.06531125121023247, 0.07055757610702482, 0.07646576819789612, 0.08309139459960775, 0.09048590415456217, 0.09869242893440912, 0.10774053983207325, 0.117640012767328, 0.12837382181524237, 0.1398907845516589, 0.15209852409800237, 0.16485765142063594, 0.17797825631855982, 0.19121986484156764, 0.20429590642380374, 0.21688339110260782, 0.2286379154109254, 0.23921334830912613, 0.2482847081768095, 0.2555719966200727, 0.2608622834829259, 0.2640272900242082, 0.2650341564742541, 0.2639479602300569, 0.26092571074019866, 0.25620275592405006, 0.25007354670059556, 0.24286933196401114, 0.234935505099123, 0.22661102138332978, 0.21821167192053184, 0.2100182052859602, 0.2022695028564615, 0.19516037012267876, 0.1888430755112682, 0.1834315628256605, 0.17900724974254584, 0.1756254450155105, 0.17332160817261816, 0.17211688346860565, 0.17202252710704077, 0.1730429924885419, 0.17517753757950472, 0.17842027656886217, 0.18275862872400278, 0.18817013764581272, 0.19461766541326955, 0.20204302900135268, 0.21035926346196174, 0.2194418841761719, 0.22911979002298039, 0.23916679221142745, 0.2492951396353368, 0.25915277246074353, 0.2683262685214116, 0.27635141257807894, 0.2827328737930766, 0.28697350889776374, 0.2886123052810006, 0.287268076086988, 0.2826840502871476, 0.27476695406606017, 0.26361361528048577, 0.24951898049128715, 0.23296185482707027, 0.2145683412647307, 0.1950571097649013, 0.1751742273710694, 0.15562734532685848, 0.13702896774087087, 0.11985634828611205, 0.10443191255048569, 0.09092401900601817, 0.07936439614645642, 0.0696764718113779, 0.06170827728140995, 0.0552644374042721, 0.050133410161025516, 0.046108025291420815, 0.04299901012399344, 0.04064232949735154, 0.038901748724506496, 0.03766815659731751, 0.036857011323125945, 0.0364049596196975, 0.036266339455817156, 0.03640998588999039, 0.03681653917143639, 0.03747631098717979, 0.0383876795327463, 0.03955594442318347, 0.04099255713268405, 0.04271464366301039, 0.04474474038336408]
6.821521347105504	3.1086914249793276	[0.04703216755868132, 0.04976487759625731, 0.0529045570087424, 0.05649452018258034, 0.06058279615412233, 0.06522151236274795, 0.07046585679008818, 0.07637247103522223, 0.08299711945110164, 0.09039148314873795, 0.09859895953634346, 0.10764941131695997, 0.11755292074110665, 0.12829276385518923, 0.13981803015348004, 0.15203655215571338, 0.16480905098045012, 0.1779455894325547, 0.1912054960878299, 0.20430180945650078, 0.21691094958019497, 0.2286877403926183, 0.23928513722600026, 0.24837716854158318, 0.2556828521071471, 0.2609883695119456, 0.2641647338815881, 0.2651786240125695, 0.2640949415429903, 0.26107081155472467, 0.2563419622496467, 0.25020343589162725, 0.24298721343750526, 0.23503948511920975, 0.22669999721479103, 0.2182852685501204, 0.2100766726418643, 0.2023135923085802, 0.19519120728251207, 0.1888620425434279, 0.18344019912311046, 0.1790071754997767, 0.17561830873749926, 0.1733090566003736, 0.17210055079853945, 0.17200403959117533, 0.17302398413262346, 0.1751596726582835, 0.17840527452952906, 0.18274828698074, 0.18816634723030673, 0.19462241401745436, 0.20205838509007937, 0.2103873348398829, 0.21948474417632355, 0.22917936580014675, 0.23924471195433483, 0.24939254056868387, 0.25927007824258674, 0.26846295427026184, 0.27650578567184186, 0.2829019085037926, 0.2871527780631378, 0.2887960512676931, 0.2874494512204688, 0.2828555350603719, 0.2749209292118564, 0.2637430295612159, 0.24961802540651187, 0.23302654289985555, 0.21459688979596014, 0.19505006216491313, 0.1751342902248989, 0.15555897387589324, 0.13693777726954706, 0.11974845662605961, 0.1043133192225095, 0.09080010631719886, 0.07923960025498417, 0.06955413376733713, 0.06159065010935319, 0.055152806788789345, 0.05002827892420497, 0.046009318314257086, 0.04290626655456468, 0.04055486374208971, 0.038818772147938024, 0.03758886153571822, 0.036780622633115975, 0.03633076202682048, 0.03619368772180585, 0.03633830470427477, 0.0367453171088675, 0.03740509237280033, 0.03831605594543985, 0.03948354758493342, 0.040919053549788635, 0.04263973185655279, 0.04466815065348752]
6.827223090469838	3.1068484399406255	[0.0469538872944227, 0.049684488327989836, 0.05282191426578319, 0.056409543474856404, 0.060495486799030135, 0.06513197620585154, 0.07037433110634433, 0.07627935584160207, 0.08290301148040621, 0.09029721117063742, 0.09850561730109098, 0.10755838440979279, 0.11746590108730141, 0.12821174583996553, 0.13974528063921657, 0.1519745484779308, 0.1647603817568576, 0.1779128178274259, 0.19119098921234728, 0.20430754506068116, 0.2169383165670183, 0.22873735603254733, 0.2393567054723751, 0.24846940338599607, 0.2557934830116003, 0.26111423675338463, 0.2643019683149018, 0.2653228938461462, 0.2642417380297179, 0.26121574072144743, 0.25648100977089144, 0.2503331785142636, 0.2431049598881761, 0.23514334107871157, 0.2267888595088668, 0.21835876186168038, 0.21013504666175392, 0.20235759812306825, 0.19522197010601397, 0.18888094391193985, 0.18344877757214126, 0.1790070500526769, 0.1756111264951139, 0.17329646260536294, 0.1720841773929394, 0.17198551095818215, 0.17300493217387064, 0.17514175944401994, 0.1783902174206663, 0.18273788135391877, 0.18816248239170635, 0.19462707617111927, 0.2020736417511218, 0.21041529329678801, 0.219527477975324, 0.22923880283736733, 0.2393224818976484, 0.2494897824708405, 0.25938721798847336, 0.268599468995979, 0.2766599845052241, 0.28307076653163726, 0.28733186811896394, 0.2889796145429195, 0.287630638382961, 0.28302682472208324, 0.2750747013237782, 0.2638722337805424, 0.24971685709472097, 0.23309102135687887, 0.21462524228022103, 0.19504284380781278, 0.17509422014256984, 0.15549051835687921, 0.13684656007841745, 0.11964059975323107, 0.10419482213857809, 0.09067634673725178, 0.07911500670472404, 0.06943203726449396, 0.06147329320507743, 0.055041464811125325, 0.049923445922554724, 0.045910911863280876, 0.04281382069403558, 0.04046768928367236, 0.03873607865607006, 0.03750984047260467, 0.036704499076927424, 0.036256821238959305, 0.03612128553571293, 0.03626686680330424, 0.036674333272524964, 0.037334107868385834, 0.038244663348077024, 0.0394113792826735, 0.04084577669267024, 0.04256504525154627, 0.04459178480923402]
6.832924833834172	3.1050053720612056	[0.04687582848628265, 0.04960431866886493, 0.05273948866839251, 0.05632478035494872, 0.06040838614089313, 0.06504264198725603, 0.0702829984385659, 0.07618642202465829, 0.08280907024922511, 0.09020308782829256, 0.09841240200792183, 0.1074674589524632, 0.11737895382812892, 0.12813076785983604, 0.139672536274445, 0.15191251338875436, 0.16471164422734624, 0.1778799420152502, 0.19117634484476617, 0.20431311386876372, 0.21696549277193375, 0.22878676301277923, 0.2394280537702876, 0.24856141338636817, 0.25590389002386, 0.26123988584596225, 0.2644389939612987, 0.26546696656387675, 0.2643883502677466, 0.261360498777223, 0.2566198990052566, 0.2504627750536101, 0.24322257177391401, 0.23524707341115386, 0.22687760866443732, 0.21843215223790663, 0.21019332768754243, 0.2024015206348319, 0.19525265888331833, 0.1888997799108935, 0.18345729842077477, 0.17900687366647267, 0.17560389850896793, 0.17328382644093485, 0.1720677634641517, 0.17196694147029418, 0.17298583683803467, 0.1751237982298491, 0.17837510550259497, 0.18272741218736493, 0.18815854344184113, 0.19463165228250004, 0.20208879935691232, 0.2104431393097767, 0.2195700860051452, 0.22929810167459694, 0.2394001025219615, 0.2495868659299869, 0.25950419221017396, 0.2687358133161863, 0.27681400960221525, 0.2832394485058022, 0.2875107795854887, 0.28916299573456494, 0.28781163808171045, 0.28319791989495213, 0.2752282708976174, 0.2640012285640547, 0.24981547605246465, 0.23315529083940886, 0.2146533992203662, 0.19503545533913172, 0.17505401759564762, 0.1554219793477386, 0.13675531650258155, 0.11953277804381782, 0.10407642135271618, 0.09055274030037523, 0.07899061515901643, 0.06931018192538925, 0.06135620582798894, 0.0549304107169926, 0.04981891009460125, 0.04581280491720759, 0.04272167128865478, 0.04038080496026614, 0.038653666921421845, 0.037431092204823324, 0.03662863933306257, 0.0361831360701314, 0.036049131622048834, 0.03619567104372292, 0.03660358644614151, 0.037263356379932805, 0.038173500584238476, 0.039339438471989924, 0.040772725463208974, 0.04249058285492054, 0.044515641813429]
6.8386265771985055	3.1031622330392157	[0.04679799002811354, 0.049524367831030654, 0.052657279196469335, 0.05624023011683424, 0.06032149326881526, 0.06495350911563297, 0.07019185801790154, 0.07609366914774568, 0.08271529516973809, 0.09010911288122496, 0.09831931328775005, 0.10737663493426486, 0.11729207883878456, 0.12804983014774413, 0.13959979718042487, 0.15185044734893008, 0.1646628387302898, 0.17784696263684652, 0.19116156348410795, 0.20431851663166317, 0.2169924787851237, 0.2288359621209083, 0.23949918273806384, 0.24865319930875995, 0.25601407374782226, 0.2613653174999432, 0.2645758113900537, 0.2656108428065423, 0.26453477878630666, 0.2615050862908142, 0.2567586304420065, 0.2505922260072112, 0.24334004954437505, 0.2353506825438907, 0.2269662450914537, 0.21850544003755887, 0.2102515160904672, 0.20244536013781236, 0.19528327395104259, 0.18891855077697117, 0.18346576197981673, 0.17900664653295298, 0.17559662507828244, 0.173271148271124, 0.17205130931886972, 0.171948331284389, 0.1729666984612211, 0.1751057891870015, 0.17835993916254345, 0.18271687968565392, 0.18815453083672878, 0.1946361426022606, 0.20210385844214748, 0.21047087317906016, 0.21961256887887304, 0.22935726265477063, 0.2394775745085619, 0.2496837913166922, 0.25962100164050195, 0.26887198761023584, 0.2769678617290875, 0.2834079547966012, 0.28768951324745273, 0.28934619519059496, 0.2879924511115405, 0.2833688208992638, 0.27538163874043464, 0.2641300142104222, 0.24991388311161652, 0.2332193516358456, 0.21468136147875358, 0.1950278970262511, 0.1750136834387836, 0.15535335702614722, 0.13666404728108852, 0.11942499145753348, 0.10395811733780193, 0.09042928661652844, 0.07886642570599511, 0.06918856695100284, 0.0612393876576638, 0.05481964334418672, 0.0497146707839773, 0.04571499607010674, 0.042629817465928664, 0.0402942092554697, 0.03857153596789365, 0.037352615208124454, 0.03655304239872234, 0.036109705046958686, 0.03597722499153648, 0.036124716026277676, 0.03653307566965484, 0.037192836585280754, 0.038102566727570356, 0.03926772390352754, 0.040699898971660556, 0.04241634348718876, 0.04443972082001755]
6.844328320562839	3.101319034488483	[0.04672037134747191, 0.049444634521005705, 0.05257528533186739, 0.05615589157398081, 0.060234807751536557, 0.06486457653554568, 0.07010090954015244, 0.07600109632005424, 0.08262168610875825, 0.09001528564090838, 0.09822635121853945, 0.10728591190155937, 0.11720527643363511, 0.12796893250074387, 0.1395270639065934, 0.15178835039502153, 0.16461396601550157, 0.17781387992747133, 0.19114664601637724, 0.20432375372175915, 0.2170192755507652, 0.22888495380201332, 0.2395700933070228, 0.24874476162120623, 0.2561240350529058, 0.26149053217880724, 0.26471242138395323, 0.2657545230234789, 0.2646810242734753, 0.2616495036961315, 0.25689720467370736, 0.2507215317933933, 0.2434573936977412, 0.23545416887854526, 0.2270547691957114, 0.21857862564463637, 0.21030961218770527, 0.2024891169997376, 0.1953138155445363, 0.18893725686713653, 0.18347416841361677, 0.1790063690092219, 0.17558930631163133, 0.1732584284696783, 0.17203481502883325, 0.17192968081180227, 0.17294751709908357, 0.17508773278728465, 0.17834471845968702, 0.18270628440235576, 0.1881504446539747, 0.1946405477814664, 0.20211881910968088, 0.2104984956599993, 0.21965492672125825, 0.22941628663399075, 0.23955489799105079, 0.2497805595755253, 0.25973764640252583, 0.2690079928945355, 0.2771215409775353, 0.2835762864764502, 0.28786806914718455, 0.28952921402878057, 0.2881730774538709, 0.2835395288969014, 0.2755348047718227, 0.264258591936711, 0.2500120781399058, 0.2332832050333471, 0.21470912887578256, 0.1950201702144217, 0.17497321740962976, 0.1552846527185041, 0.13657275197144572, 0.11931724115751689, 0.10383990934105644, 0.09030598653008505, 0.07874243719308656, 0.06906719277825332, 0.061122837151124515, 0.05470916273634881, 0.04961072616157078, 0.04561748506281838, 0.04253825725570737, 0.04020790171859443, 0.0384896838129092, 0.037274408930377714, 0.03647770636215636, 0.036036527571571206, 0.035905563841341914, 0.03605400113537268, 0.03646279925653395, 0.03712254786405257, 0.03803186020036833, 0.03919623496051645, 0.04062729573857252, 0.04234232654563414, 0.04436402044146039]
6.850030063927173	3.099475787939095	[0.0466429709972062, 0.049365118304273536, 0.052493505730400944, 0.056071764357260516, 0.060148328364198346, 0.06477584398167305, 0.07001015192710552, 0.07590870342416496, 0.08252824216958317, 0.08992160618194668, 0.09813351512038165, 0.10719529015561365, 0.11711854617465861, 0.12788807546012101, 0.13945433626031334, 0.15172622329059268, 0.16456502611063292, 0.17778069482224637, 0.1911315926385441, 0.204328826171908, 0.21704588337176545, 0.22893373910877768, 0.2396407858284724, 0.2488361013332901, 0.2562337743003026, 0.2616155308106852, 0.2648488242965059, 0.26589800804516683, 0.2648270870712224, 0.2617937517228963, 0.2570356220315365, 0.2508506930427775, 0.24357460455441593, 0.2355575329490683, 0.22714318128544705, 0.2186517094993884, 0.21036761627452882, 0.20253279157209017, 0.19534428394851577, 0.18895589845258537, 0.183482518003962, 0.17900604129910602, 0.1755819425015823, 0.17324566719018286, 0.17201828091663696, 0.17191099017573133, 0.17292829312711475, 0.17506962914347618, 0.1783294438458393, 0.1826956264564669, 0.18814628544189, 0.19464486795495137, 0.20213368201746487, 0.2105260069029015, 0.21969716030349135, 0.22947517376684562, 0.23963207384807994, 0.249877170845658, 0.25985412747059433, 0.2691438292695431, 0.2772750484049506, 0.2837444435852485, 0.2880464484157228, 0.28971205221133334, 0.2883535183098871, 0.28371004376287023, 0.2756877702684599, 0.26438696153225383, 0.25011006250337264, 0.2333468507438109, 0.2147367028723671, 0.19501227452873088, 0.17493262102322152, 0.15521586590202122, 0.13648143202742324, 0.11920952635834686, 0.10372179859066982, 0.09018283887960665, 0.07861865048536607, 0.06894605783229182, 0.06100655476497861, 0.05459896697353039, 0.04950707632703637, 0.04552026976943148, 0.04244699050258702, 0.04012188016509349, 0.038408110145869326, 0.037196471238434156, 0.036402630828063005, 0.0359636016221961, 0.03583414773116509, 0.03598352448035509, 0.03639275674121728, 0.037052488453041016, 0.037961380523204795, 0.039124969994615434, 0.040554915281760445, 0.04226853048504355, 0.04428854020825898]
6.855731807291507	3.097632504837887	[0.04656578851225767, 0.04928581780305485, 0.05241193997886054, 0.05598784719438746, 0.06006205477956849, 0.0646873103091841, 0.06991958497908604, 0.07581648947417895, 0.08243496332533427, 0.08982807371326501, 0.09804080518054122, 0.10710476913148283, 0.11703188848965211, 0.12780725870218015, 0.13938161490960763, 0.15166406594196358, 0.16451601989004308, 0.177747407417156, 0.19111640436760213, 0.20433373420698406, 0.21707230332990357, 0.2289823183314875, 0.23971126137796203, 0.24892721875190485, 0.25634329251030724, 0.26174031369229744, 0.2649850210680529, 0.266041298148882, 0.2649729680318461, 0.2619378306275359, 0.25717388327890106, 0.2509797099904443, 0.24369168279005365, 0.2356607749677975, 0.22723148195065312, 0.21872469179040774, 0.21042552885911842, 0.2025763840211439, 0.19537467959606897, 0.18897447568292017, 0.18349081111938953, 0.17900566354662617, 0.17557453396683928, 0.17323286458784948, 0.17200170726934585, 0.1718922595640023, 0.17290902682042938, 0.17505147849976008, 0.1783141156022512, 0.18268490617131206, 0.1881420535005924, 0.19464910354332038, 0.2021484474882653, 0.2105534074360309, 0.21973926996359247, 0.22953392469058506, 0.2397091024147926, 0.24997362586707472, 0.25997044515160256, 0.2692794975680245, 0.2774283842626142, 0.28391242703927083, 0.28822465122438684, 0.28989471073304496, 0.28853377375421874, 0.28388036657347815, 0.275840535204287, 0.26451512416849254, 0.25020783608455294, 0.2334102900491797, 0.21476408326533888, 0.19500421134751814, 0.17489189395806595, 0.1551469979701211, 0.13639008691659743, 0.11910184831876942, 0.10360378422006124, 0.09005984462820872, 0.07849506430089281, 0.06882516268636862, 0.06089053881960625, 0.05448905624735826, 0.049403719314271864, 0.04542335008425807, 0.04235601510397753, 0.04003614429754314, 0.038326812859203446, 0.03711880172878818, 0.03632781376841521, 0.035890926742202456, 0.03576297475068509, 0.03591328557838422, 0.03632294633769769, 0.03698265785633706, 0.03789112602554444, 0.03905392850627961, 0.04048275603383147, 0.04219495481417666, 0.04421327864782523]
6.861433550655841	3.0957891965490605	[0.046488822469176044, 0.04920673258238821, 0.0523305867531864, 0.05590413971625917, 0.05997598578915241, 0.06459897525280606, 0.06982920763014194, 0.07572445435249664, 0.08234184868709819, 0.08973468830906846, 0.09794822072211372, 0.10701434913019436, 0.1169453029386171, 0.12772648276883125, 0.13930889965473034, 0.15160187911503153, 0.16446694736888218, 0.177714018652149, 0.191101081382211, 0.20433847886789508, 0.21709853570365412, 0.22903069253506697, 0.2397815202764113, 0.24901811490444153, 0.25645259000841875, 0.2618648817765719, 0.26512101201164945, 0.26618439419762924, 0.26511866745193885, 0.26208174117976374, 0.2573119886959008, 0.2511085833136788, 0.2438086286675872, 0.2357638955214368, 0.22731967143562845, 0.21879757301668107, 0.21048335016679448, 0.20261989476323689, 0.19540500269650862, 0.1889929889003279, 0.18349904796117814, 0.17900523603250415, 0.17556708091443082, 0.17322002089865626, 0.17198509431889947, 0.17187348918722622, 0.17288971845865062, 0.1750332810608474, 0.17829873407968871, 0.1826741237618084, 0.18813774927249316, 0.19465325478071377, 0.20216311607006068, 0.21058069751166558, 0.21978125636002582, 0.22959253966348614, 0.2397859844561349, 0.25006992488296875, 0.26008660030707764, 0.2694149979927425, 0.27758154949748287, 0.2840802369763976, 0.28840267859725044, 0.29007718964745205, 0.28871384488582474, 0.28405049728760956, 0.2759931007604619, 0.26464307971238715, 0.2503054001625645, 0.23347352273452499, 0.2147912714373172, 0.19499598036495228, 0.17485103765733287, 0.15507804846411144, 0.1362987180251636, 0.11899420631233179, 0.10348586739413121, 0.08993700266984779, 0.07837167944768618, 0.06870450581956913, 0.06077478972291747, 0.054379428691448684, 0.049300655183499936, 0.045326723934209806, 0.04226533087385492, 0.03995069198225674, 0.03824579161927228, 0.03704139831593244, 0.036253254771031855, 0.03581850095341813, 0.03569204444759722, 0.03584328257806399, 0.03625336757222121, 0.03691305434572638, 0.03782109622271401, 0.038983108878160457, 0.040410817509576084, 0.04212159801508576, 0.04413823528921707]
6.867135294020175	3.093945874354662	[0.04641207211974423, 0.049127861562604784, 0.05224944536812162, 0.055820640937657325, 0.05989012079899348, 0.06451083794847116, 0.06973901941420851, 0.07563259735141403, 0.08224889795796678, 0.08964144945651377, 0.09785576165596707, 0.10692402986652101, 0.11685878966541374, 0.12764574761792913, 0.13923619087289998, 0.15153966299892813, 0.16441780912642825, 0.17768052890596397, 0.1910856244040898, 0.20434306066015032, 0.21712458128388498, 0.2290788622854002, 0.2398515633166522, 0.2491087903647967, 0.2565616675428949, 0.261989235615319, 0.26525679780773964, 0.26632729670992894, 0.2652641859371011, 0.2622254838633197, 0.25744993881321976, 0.2512373134620809, 0.24392544264402444, 0.2358668950253612, 0.2274077501250065, 0.21887035355924836, 0.2105410805123307, 0.20266332414696517, 0.19543525350019814, 0.18901143842684412, 0.18350722872504893, 0.17900475906332727, 0.17555958350002235, 0.1732071364301617, 0.17196844219962137, 0.17185467937439355, 0.17287036817565993, 0.17501503719914255, 0.1782832994317148, 0.18266327966380322, 0.1881333729466013, 0.19465732218065576, 0.20217768799526462, 0.210607877726224, 0.21982311976662885, 0.2296510193598405, 0.23986272027592112, 0.2501660686321152, 0.26020259325335215, 0.26955033132973394, 0.2777345444198781, 0.28424787421384634, 0.28858053082304064, 0.2902594897916549, 0.28889373196207363, 0.28422043675910785, 0.27614546716268473, 0.2647708290425804, 0.2504027549412347, 0.23353654971584806, 0.21481826757468755, 0.19498758252306667, 0.17481005225426735, 0.15500901827969849, 0.1362073253335176, 0.11888660105215952, 0.10336804780463653, 0.08981431339074591, 0.0782484952306632, 0.06858408721576754, 0.06065930639178888, 0.0542700839147424, 0.04919788255653343, 0.045230390654471916, 0.04217493627342903, 0.039865522398532124, 0.03816504484688048, 0.03696426011575825, 0.03617895229455893, 0.035746323363066636, 0.0356213553551301, 0.03577351460271665, 0.03618401906164909, 0.03684367706897942, 0.037751289811332404, 0.03891251028563368, 0.040339098479279224, 0.042048459295829815, 0.044063408974607955]
6.8728370373845085	3.0921025494551917	[0.046335536895359165, 0.04904920349999408, 0.0521685153086716, 0.055737349715432684, 0.05980445937919944, 0.06442289737709872, 0.06964902002566553, 0.07554091760861872, 0.08215611099980699, 0.0895483564868622, 0.09776342805133349, 0.10683381089728036, 0.11677234897235098, 0.12756505304749025, 0.13916348909947554, 0.1514774176220881, 0.16436860589846267, 0.17764693839748694, 0.19107003430773792, 0.2043474799325015, 0.2171504410081767, 0.22912682799742404, 0.2399213914301632, 0.24919924556464643, 0.2566705259912205, 0.26211337562937487, 0.26539237925568493, 0.2664700060860156, 0.26540952420078384, 0.2623690590564772, 0.2575877342577101, 0.25136590079186644, 0.24404212526069125, 0.2359697738127274, 0.22749571847634334, 0.21894303372741178, 0.21059872027289794, 0.20270667245924828, 0.19546543231026062, 0.18902982453257539, 0.18351535365040308, 0.17900423290325562, 0.17555204191397897, 0.17319421145691938, 0.17195175107119554, 0.1718358304311433, 0.17285097612059305, 0.17499674727401396, 0.17826781181586987, 0.1826523743116262, 0.18812892470306453, 0.1946613062684741, 0.20219216347264798, 0.21063494870364716, 0.2198648604164844, 0.229709364500055, 0.23993931011733421, 0.2502620579210804, 0.26031842422298834, 0.2696854984574592, 0.2778873692295084, 0.2844153396885923, 0.2887582080493424, 0.2904416121525783, 0.28907343506582855, 0.2843901860248514, 0.27629763442739824, 0.2648983732571526, 0.2504999003801189, 0.23359937216669371, 0.2148450715847844, 0.19497901905820716, 0.17476893756939968, 0.1549399086390991, 0.13611590847936833, 0.11877903360330447, 0.10325032477840985, 0.08969177754622668, 0.07812551057878483, 0.06846390723552731, 0.060544087368564085, 0.054161021899921356, 0.04909539969343356, 0.04513434994080504, 0.042084829423674246, 0.0397806350647978, 0.038084570649596534, 0.03688738655661576, 0.03610490451367347, 0.03567439336220853, 0.035550905751346173, 0.03570398103170263, 0.03611489919400857, 0.036774525404851516, 0.03768170528181114, 0.03884213211380751, 0.040267597525366634, 0.0419755380571121, 0.043988798372292956]
6.878538780748842	3.0902592329700367	[0.04625921546463342, 0.04897075790097626, 0.05208779533939452, 0.05565426562038212, 0.05971900040735824, 0.06433515321000997, 0.06955920848284944, 0.07544941493806297, 0.08206348700677567, 0.08945540939938312, 0.0976712193137014, 0.1067436924411118, 0.1166859805017481, 0.127484399509313, 0.1390907942177126, 0.15141514365308972, 0.16431933778471441, 0.17761324796331895, 0.19105431135883794, 0.20435173761796308, 0.21717611524505068, 0.22917459062495196, 0.23999100503107734, 0.24928948141793084, 0.25677916577507387, 0.26223730265630224, 0.2655277567674417, 0.2666125230717863, 0.26555468264117915, 0.2625124674101932, 0.2577253754139978, 0.2514943458599558, 0.24415867688826964, 0.23607253234820394, 0.22758357684507877, 0.21901561389628613, 0.2106562697883337, 0.20274993999050048, 0.1954955394537149, 0.18904814743157944, 0.18352342305912414, 0.17900365770262694, 0.17554445648643224, 0.1731812460823303, 0.17193502129061192, 0.17181694243353246, 0.1728315426992834, 0.1749784113541057, 0.17825227170918304, 0.1826414077834828, 0.1881244051090716, 0.19466520714240748, 0.20220654317140335, 0.21066191056333122, 0.21990647908303382, 0.2297675752156227, 0.24001575485083676, 0.2503578928763014, 0.26043409416998253, 0.2698204994765231, 0.27804002494907437, 0.2845826334556447, 0.2889357113557237, 0.2906235567241872, 0.28925295532812484, 0.28455974501005415, 0.2764496037419414, 0.26502571221626847, 0.2505968377374271, 0.23366198989188372, 0.21487168480277108, 0.19497028970949812, 0.17472769497434634, 0.1548707191515846, 0.13602446875752613, 0.11867150332746107, 0.1031326993748574, 0.08956939413542286, 0.07800272618708655, 0.06834396447670424, 0.06042913294718072, 0.054052240908992556, 0.048993206544639754, 0.04503859985355541, 0.04199501003614962, 0.03969602798116913, 0.0380043686000317, 0.036810775683208695, 0.036031110931113546, 0.035602709096650774, 0.03548069510678748, 0.03563468013016581, 0.036046007425177086, 0.036705597734186926, 0.037612342084506534, 0.03877197284761978, 0.04019631410149751, 0.041902832877576346, 0.04391440295234803]
6.884240524113176	3.0884159359381185	[0.0461831069140753, 0.048892523877620914, 0.052007284618499655, 0.055571387847728526, 0.0596337431379058, 0.06424760475473275, 0.06946958416995559, 0.0753580887964462, 0.08197102553192963, 0.08936260783939849, 0.09757913520258514, 0.10665367436498265, 0.11659968424508195, 0.12740378710708114, 0.1390181064530139, 0.15135284141943775, 0.16427000521590657, 0.17757945811135153, 0.1910384561372388, 0.20435583433974003, 0.21720160465397909, 0.2292221508378298, 0.24006040479509536, 0.24937949858687328, 0.2568875875431813, 0.2623610173192098, 0.2656629309438424, 0.266754848239015, 0.26569966180515325, 0.26265570944269123, 0.2578628627746765, 0.2516226491313796, 0.24427509796547078, 0.23617517104388785, 0.22767132561640915, 0.21908809442579866, 0.2107137293920034, 0.20279312705145386, 0.19552557521680947, 0.18906640739213443, 0.18353143719943557, 0.17900303369880127, 0.17553682744161725, 0.17316824052918628, 0.17191825307650999, 0.17179801560973768, 0.17281206814568822, 0.174960029694119, 0.17823667938142768, 0.18263038037958523, 0.1881198144867137, 0.19466902516134338, 0.20222082747493783, 0.21068876372713327, 0.21994797621023313, 0.22982565198564983, 0.24009205497067193, 0.250453574020184, 0.2605496036223165, 0.2699553349347507, 0.2781925121223029, 0.2847497560712364, 0.2891130412865422, 0.2908053240587711, 0.28943229328525416, 0.2847291142591249, 0.27660137563625015, 0.26515284646408693, 0.250693567548724, 0.23372440344752152, 0.21489810777496746, 0.19496139503358295, 0.1746863249885447, 0.15480145030370523, 0.1359330065564374, 0.1185640105105252, 0.1030151717095679, 0.08944716310953137, 0.07788014179254805, 0.06822425849338412, 0.06031444247565001, 0.05394374013905218, 0.04889130215196214, 0.04494313934387846, 0.04190547697121409, 0.039611699976690305, 0.03792443748986847, 0.03673442629713509, 0.0359575703440858, 0.03553126939443112, 0.035410722260299024, 0.035565610774360414, 0.035977342646739754, 0.0366368929855183, 0.037543199163564106, 0.038702031466137876, 0.04012524720266997, 0.04183034278688897, 0.04384022176321514]
6.88994226747751	3.0865726693182793	[0.046107210540487414, 0.04881450034868073, 0.05192698250201591, 0.05548871540848718, 0.059548687014335334, 0.06416025114012545, 0.0693801466543054, 0.07526693846463706, 0.08187872630743853, 0.08926995127748763, 0.0974871756535216, 0.10656375636158026, 0.11651346036665791, 0.12732321577126776, 0.13894542619934272, 0.15129051107837285, 0.16422060878514733, 0.17754556918513653, 0.19102246937646167, 0.20435977056628477, 0.21722691003644864, 0.22926950916445632, 0.2401295915252282, 0.2494692976087496, 0.25699579205411305, 0.26248452013510704, 0.26579790247607116, 0.2668969820736788, 0.26584446230941616, 0.26279878560735087, 0.2580001968816145, 0.2517508110272179, 0.24439138896029103, 0.23627769028815845, 0.22775896518568112, 0.21916047567138083, 0.21077109940921518, 0.2028362339664418, 0.19555553986038057, 0.1890846047133038, 0.1835393962774409, 0.1790023611765139, 0.17552915494526136, 0.17315519508405133, 0.17190144657255874, 0.17177905026832527, 0.1727925526018151, 0.1749416026463764, 0.17822103499253925, 0.18261929251598977, 0.18811515302910414, 0.194672760819506, 0.20223501661705096, 0.2107155087731496, 0.21998935207019696, 0.22988359546783008, 0.24016821077542472, 0.25054910207751785, 0.2606649528870981, 0.2700900056076789, 0.27834483104567787, 0.28491670834636734, 0.28929019811146545, 0.29098691499230805, 0.2896114491699864, 0.2848982946308421, 0.2767529503059724, 0.2652797768912042, 0.25079008998253083, 0.23378661376900162, 0.21492434064714563, 0.19495233599881107, 0.1746448276991805, 0.15473210302348514, 0.13584152180577583, 0.11845655590365542, 0.10289774142161445, 0.08932508489933993, 0.07775775664971615, 0.06810478932162763, 0.06020001482699798, 0.05383551925881001, 0.04878968510239011, 0.044847967812511595, 0.04181622866460813, 0.03952765029899454, 0.03784477572257045, 0.03665833758231917, 0.03588428120020568, 0.0354600734281838, 0.035340985738644824, 0.035496772149107056, 0.03590890347222176, 0.03656841036376278, 0.03747427521422795, 0.03863230719759846, 0.04005439559873286, 0.041758067041937956, 0.04376625364657768]
6.895644010841844	3.0847294439899855	[0.04603152517100528, 0.048736686698320306, 0.05184688790286306, 0.0554062477558272, 0.05946383105454802, 0.06407309192168606, 0.06929089508797426, 0.0751759636403882, 0.0817865886555663, 0.08917743959491105, 0.09739534019489567, 0.10647393852928151, 0.11642730862647957, 0.12724268583183077, 0.13887275345204012, 0.1512281531768148, 0.16417114869788305, 0.17751158190240846, 0.19100635144039266, 0.20436354711760205, 0.2172520318502537, 0.22931666645458634, 0.24019856571445786, 0.24955887930511977, 0.25710377979663845, 0.2626078118628986, 0.2659326718303868, 0.2670389252579225, 0.2659890845930112, 0.26294169650662547, 0.258137378146591, 0.2518788320708674, 0.24450755025704105, 0.236380090526557, 0.227846495908966, 0.21923275800272637, 0.2108283801681263, 0.20287926103349774, 0.1955854336880838, 0.18910273962917337, 0.18354730058037316, 0.17900164031800633, 0.17552143928163075, 0.17314210989373677, 0.17188460207838713, 0.17176004654013435, 0.17277299640406057, 0.17492313034582255, 0.17820533893720555, 0.18260814434916622, 0.18811042120723145, 0.19467641430610652, 0.20224911115591682, 0.21074214592545745, 0.22003060730967133, 0.22994140591319928, 0.24024422299246959, 0.25064447731031025, 0.26078014275820444, 0.2702245117485577, 0.278496982564061, 0.28508349050667614, 0.28946718271368904, 0.2911683297083303, 0.2897904238975554, 0.2850672862601282, 0.27690432870237486, 0.2654065035889951, 0.25088640604001305, 0.2338486209147501, 0.2149503844761425, 0.19494311261989855, 0.1746032041790681, 0.15466267721569504, 0.13575001548428703, 0.11834913918039482, 0.10278040924361143, 0.0892031588273486, 0.0776355711254678, 0.0679855558880173, 0.06008584997589029, 0.053727576856942544, 0.04868835504485401, 0.04475308363647055, 0.04172726455019585, 0.03944387724774824, 0.03776538261980715, 0.03658250786089143, 0.03581124277832327, 0.035389119596719816, 0.03527148481391597, 0.035428162748331674, 0.035840689181633224, 0.0365001484563233, 0.03740556953003358, 0.03856279871425712, 0.039983758601764854, 0.04168600439272856, 0.04369249794238414]
6.901345754206178	3.0828862707536873	[0.04595605014803276, 0.04865908182163714, 0.05176700021964506, 0.05532398387703132, 0.05937917474194264, 0.06398612620351647, 0.06920182907573605, 0.07508516357795723, 0.08169461234358114, 0.08908507223320215, 0.09730362879505315, 0.1063842205290495, 0.11634122921948156, 0.1271621971850217, 0.1388000886336993, 0.15116576783588825, 0.16412162557407045, 0.17747749656962875, 0.1909901030877973, 0.2043671644251372, 0.21727697092059656, 0.22936362320071685, 0.2402673281879486, 0.2496482441793164, 0.25721155154982056, 0.2627308929882121, 0.26606723971668333, 0.26718067824922187, 0.2661335292894632, 0.26308444256833885, 0.25827440712632604, 0.25200671266069563, 0.24462358233662254, 0.23648237212743906, 0.22793391819268408, 0.21930494175777, 0.21088557200342475, 0.2029222085618505, 0.19561525696853407, 0.18912081242593595, 0.18355515032051356, 0.17900087139721618, 0.17551368062092151, 0.17312898523592868, 0.17186771974020096, 0.1717410047266598, 0.1727533996947177, 0.174904613139498, 0.17818959137300544, 0.18259693629178686, 0.18810561920877927, 0.19467998611416584, 0.20226311131639177, 0.2107686757636212, 0.22007174218788383, 0.22999908398427568, 0.24032009190313644, 0.2507397004523443, 0.26089517352065433, 0.2703588541469157, 0.2786489669464581, 0.28525010338290785, 0.2896439953293828, 0.2913495690689799, 0.28996921766061856, 0.2852360900389657, 0.27705551097396597, 0.2655330274888456, 0.25098251583531905, 0.23391042586880073, 0.21497623934606158, 0.19493372592151553, 0.174561454446786, 0.1545931738716343, 0.1356584874473328, 0.11824176116121979, 0.10266317473706557, 0.08908138539882995, 0.07751358439694285, 0.06786655830721709, 0.059971946721594685, 0.05361991268326658, 0.048587310498844447, 0.0446584862978667, 0.04163858300377701, 0.039360380149798105, 0.03768625653280809, 0.03650693639181338, 0.0357384534809547, 0.035318407142314615, 0.03520221797399699, 0.03535978182071344, 0.03577269835479913, 0.03643210652643674, 0.0373370807766317, 0.038493505297730574, 0.039913334955056036, 0.041614154145305046, 0.04361895346773267]
6.907047497570511	3.0810431603313937	[0.04588078448424003, 0.04858168494346508, 0.051687318539637636, 0.05524192307269924, 0.0592947172605642, 0.06389935339206955, 0.06911294792986353, 0.07499453782702487, 0.08160279684947482, 0.0889928489248742, 0.09721204113437419, 0.10629460230923313, 0.11625522205392509, 0.1270817500100609, 0.13872743188349218, 0.1511033554528317, 0.164072039757264, 0.17744331375868472, 0.19097372481315578, 0.2043706231702599, 0.21730172782621157, 0.2294103801245927, 0.24033587954769275, 0.24973739293843128, 0.25731910789739937, 0.2628537641711399, 0.2662016066805566, 0.267322241647833, 0.26627779690068154, 0.2632270243304957, 0.2584112842789034, 0.2521344532729863, 0.24473948561353717, 0.23658453550598116, 0.22802123240769442, 0.21937702729172376, 0.21094267524343488, 0.20296507685001877, 0.19564500999163517, 0.18913882335235016, 0.18356294575790957, 0.17900005462470153, 0.17550587920695687, 0.17311582129914974, 0.1718507998037304, 0.17172192501393166, 0.17273376274224403, 0.17488605123145157, 0.17817379261171704, 0.18258566858413505, 0.18810074740565363, 0.1946834765325386, 0.2022770175400224, 0.21079509862856827, 0.2201127572159647, 0.23005663006768362, 0.24039581807876997, 0.25083477192155573, 0.2610100457905306, 0.2704930332339197, 0.2788007848369087, 0.2854165474023416, 0.2898206366166389, 0.29153063348498565, 0.29014783112361514, 0.28540470635681686, 0.2772064977938579, 0.26565934896542565, 0.25107842006250347, 0.23397202900228026, 0.21500190597710114, 0.19492417625993896, 0.17451957921061706, 0.154523593264083, 0.13556693828586958, 0.11813442190917406, 0.10254603823156695, 0.08895976433974007, 0.07739179642362877, 0.06774779591369588, 0.05985830463909368, 0.05351252572828804, 0.04848655073238084, 0.044564174559405735, 0.04155018310535246, 0.039277157666167115, 0.037607396461146074, 0.03643162182904212, 0.0356659122979508, 0.03524793476420543, 0.03513318423371137, 0.035291628130212624, 0.035704930042983314, 0.0363642834041521, 0.03726880804307338, 0.03842442583959356, 0.039843123785789296, 0.04154251525002546, 0.04354561939262363]
6.912749240934845	3.079200123367211	[0.04580572729749992, 0.0485044951969056, 0.051607842048846685, 0.05516006455579831, 0.059210457888430004, 0.06381277280843434, 0.06902425105314841, 0.07490408585278256, 0.08151114173918793, 0.08890076931797682, 0.09712057697906544, 0.10620508373350147, 0.11616928712179407, 0.12700134440167826, 0.13865478342176024, 0.1510409163415858, 0.16402239166872432, 0.17740903396082097, 0.19095721718390107, 0.20437392395811058, 0.2173263032125752, 0.22945693787803134, 0.24040422045487633, 0.2498263262277561, 0.25742644947373466, 0.2629764260195979, 0.2663357733089399, 0.2674636160123449, 0.26642188796015315, 0.2633694423001459, 0.25854801008396383, 0.2522620543634812, 0.24485526051385792, 0.23668658106674584, 0.2281084389268073, 0.2194490149586586, 0.21099969020936282, 0.20300786620444614, 0.19567469303163645, 0.18915677267381178, 0.1835706871287867, 0.17899919023607927, 0.17549803525167537, 0.17310261830522905, 0.17183384247462966, 0.1717028076295235, 0.17271408576647432, 0.17486744487571623, 0.1781579429074409, 0.18257434152534083, 0.18809580610241244, 0.19468688591840835, 0.20229083019069452, 0.21082141493979542, 0.22015365281646274, 0.23011404463967142, 0.24047140199063485, 0.2509296922373002, 0.26112476007173463, 0.2706270495545154, 0.2789524367544598, 0.28558282311881916, 0.2899971070949439, 0.2917115235069271, 0.29032626479802776, 0.2855731357571674, 0.27735728966737355, 0.2657854685629028, 0.25117411923278543, 0.23403343087237571, 0.21502738489137344, 0.19491446419385494, 0.17447757896573263, 0.15445393588263348, 0.1354753683646732, 0.11802712171527922, 0.10242899982184425, 0.08883829561088528, 0.07727020692785432, 0.0676292682784142, 0.05974492307100318, 0.05340541521478508, 0.04838607479227656, 0.04447014740611421, 0.041462063729568094, 0.039194208665599965, 0.037528801217555856, 0.03635656301678337, 0.035593618051594875, 0.03517770133346755, 0.035064382458800086, 0.035223700594919284, 0.03563738316499907, 0.03629667805775575, 0.03720075030012758, 0.03835555935615606, 0.03977312411433153, 0.04147108677101761, 0.04347249478902855]
6.918450984299179	3.0773571704277987	[0.045730877670583335, 0.04842751175903671, 0.05152856989994311, 0.055078407580636285, 0.05912639587109927, 0.06372638381293352, 0.06893573781603189, 0.07481380715788831, 0.08141964654583435, 0.08880883309638889, 0.09702923606168412, 0.10611566469969824, 0.11608342438055819, 0.1269209804870087, 0.13858214343381797, 0.15097845084658376, 0.163972681694927, 0.17737465769572652, 0.19094058073397557, 0.2043770674200344, 0.21735069769406395, 0.22950329713645531, 0.24047235154283073, 0.24991504471302392, 0.2575335768890776, 0.26309887915816793, 0.26646974016866565, 0.26760480191385444, 0.26656580298548554, 0.26351169699266624, 0.2586845850096955, 0.2523895163922993, 0.24497090745670852, 0.23678850921497735, 0.22819553812024504, 0.2195209051097722, 0.21105661722389063, 0.20305057692522432, 0.1957043063680175, 0.18917466064593863, 0.18357837467810875, 0.17899827845380092, 0.17549014897914944, 0.17308937645943664, 0.17181684797405217, 0.17168365278097125, 0.17269436900616014, 0.17484879430263203, 0.17814204253672167, 0.18256295538692602, 0.18809079562974965, 0.19469021459711244, 0.20230454966231373, 0.2108476250803681, 0.22019442944602943, 0.2301713281351399, 0.24054684414841745, 0.25102446187244903, 0.26123931691124386, 0.27076090360200233, 0.2791039232663915, 0.28574893102952065, 0.2901734073377692, 0.2918922396237993, 0.2905045192555147, 0.28574137871669225, 0.27750788716623326, 0.2659113867525762, 0.25126961392967484, 0.23409463195649882, 0.21505267668907094, 0.19490459019534506, 0.17443545429136725, 0.1543842021246651, 0.13538377813828625, 0.11791986077463987, 0.10231205969692383, 0.08871697907590467, 0.07714881572887172, 0.06751097487675395, 0.05963180145718206, 0.053298580274362475, 0.04828588182048653, 0.04437640373849072, 0.04137422384185068, 0.039111531940273996, 0.03745046969941606, 0.036281758731022046, 0.03552156964163892, 0.03510770566097316, 0.03499581158505114, 0.03515599807994826, 0.03557005670268518, 0.03622928940874264, 0.037132906575373985, 0.038286904821970856, 0.03970333501262841, 0.04139986773453046, 0.043399578776253604]
6.924152727663513	3.0755143120029484	[0.0456562347914652, 0.04835073371490913, 0.051449501344655736, 0.05499695131330198, 0.059042530548802194, 0.06364018567959749, 0.06884740768055159, 0.07472370115920947, 0.08132831089198392, 0.08871703985773027, 0.09693801820260017, 0.10602634501857132, 0.11599763387392353, 0.12684065830554056, 0.13850951218928423, 0.15091595922500212, 0.16392291030398323, 0.17734018539771523, 0.1909238160752381, 0.20438005410571575, 0.21737491195799222, 0.2295494584992125, 0.2405402735115244, 0.2500035489910973, 0.25764049081279883, 0.2632211241509493, 0.26660350787726506, 0.267745799872073, 0.2667095425360945, 0.26365378888143026, 0.25882100955715187, 0.2525168397868725, 0.2450864268853887, 0.23689032033221605, 0.2282825303741167, 0.21959269808107001, 0.2111134566177358, 0.20309320930526423, 0.1957338502808275, 0.1891924875247542, 0.18358600864421498, 0.17899731950802325, 0.17548222059970728, 0.1730760959819225, 0.17179981650214093, 0.171664460697938, 0.1726746126714048, 0.174830099772201, 0.17812609173924218, 0.1825515104781291, 0.18808571627253914, 0.1946934629405105, 0.2023181762931432, 0.21087372948962846, 0.22023508749491655, 0.23022848105610985, 0.24062214498366202, 0.25111908137897865, 0.26135371676513824, 0.27089459596191634, 0.27925524483530556, 0.2859148717381382, 0.29034953779911776, 0.2920727824465457, 0.290682594932468, 0.2859094358505622, 0.2776582907100813, 0.26603710416172105, 0.251364904566959, 0.23415563290604197, 0.21507778178271122, 0.19489455492818755, 0.1743932055620736, 0.15431439259540006, 0.1352921678423205, 0.11781263950326402, 0.10219521781738564, 0.08859581482779601, 0.07702762241428689, 0.06739291541617834, 0.059518939009622136, 0.0531920202672146, 0.04818597074130054, 0.04428294267625432, 0.04128666220501945, 0.03902912648752037, 0.03737240061938777, 0.036207207935913116, 0.0354497658018845, 0.03503794672778927, 0.03492747040036844, 0.03508851960328326, 0.035502949506270136, 0.03616211651592497, 0.037065275778636296, 0.038218461335719524, 0.03963375544605151, 0.04132885728027831, 0.04332687037554944]
6.929854471027847	3.073671558505961	[0.04558179773152207, 0.04827416027263817, 0.051370635524105694, 0.054915695036881464, 0.058958861154611866, 0.06355417779538071, 0.06875926000318054, 0.07463376738373545, 0.08123713429469298, 0.08862538930793644, 0.09684692311590787, 0.10593712460778344, 0.1159119155384997, 0.1267603780021501, 0.13843688985056624, 0.15085344183719004, 0.1638730778580318, 0.177305617600819, 0.19090692371660806, 0.20438288465945587, 0.21739894659380368, 0.22959542265344543, 0.24060798697022684, 0.25009183973837346, 0.2577471918326829, 0.2633431616323143, 0.26673707698120025, 0.2678866104670604, 0.26685310711145055, 0.26379571848981404, 0.2589572841784483, 0.25264402501415656, 0.24520181920477072, 0.23699201482931115, 0.22836941604607602, 0.2196643942282278, 0.21117020870266065, 0.2031357636481653, 0.19576332504023883, 0.18921025356849858, 0.1835935892642935, 0.17899631362288385, 0.1754742503310205, 0.1730627770785417, 0.1717827482748649, 0.17164523158719472, 0.1726548169968665, 0.17481136151234528, 0.1781100907884943, 0.18254000706608298, 0.18808056835953008, 0.19469663126728132, 0.20233171047647786, 0.2108997285414669, 0.22027562742090503, 0.2302855038256111, 0.24069730500946948, 0.25121355121502087, 0.26146796018666124, 0.27102812710966906, 0.2794064020380318, 0.2860806457203585, 0.2905254990655542, 0.2922531524385469, 0.2908604924174651, 0.2860773076054626, 0.2778085008919333, 0.2661626212274666, 0.25145999175452177, 0.23421643416040025, 0.21510270080413701, 0.1948843588226035, 0.1743508333933742, 0.15424450764653208, 0.1352005379714372, 0.11770545804775222, 0.10207847441590359, 0.08847480268114295, 0.07690662685063279, 0.0672750893252823, 0.059406335218891264, 0.05308573428270836, 0.048086340749770626, 0.044189763083339044, 0.04119937783825091, 0.03894699106867201, 0.037294592927397355, 0.036132909381726, 0.035378205481988695, 0.03496842332338122, 0.034859357887003624, 0.03502126401211254, 0.035436060600401595, 0.036095158285579354, 0.03699785697682532, 0.0381502278587192, 0.0395643845227587, 0.041258054422550164, 0.04325436873969597]
6.9355562143921805	3.0718289202743074	[0.045507565625519726, 0.04819779058859967, 0.05129197163910328, 0.05483463798455598, 0.058875386978717234, 0.06346835949784595, 0.06867129419533334, 0.07454400530898285, 0.08114611632444858, 0.08853388110258298, 0.09675595056786884, 0.10584800333345461, 0.11582626936184093, 0.12668013966910968, 0.13836427662965645, 0.15079089899041076, 0.16382318476716715, 0.17727095478649263, 0.19088990421295868, 0.2043855596747254, 0.21742280223439245, 0.22964119023841836, 0.24067549256849768, 0.25017991758725633, 0.2578536805729098, 0.2634649921971106, 0.26687044805883886, 0.2680272342441704, 0.2669964972381737, 0.26393748631151276, 0.2590934093481646, 0.2527710725165246, 0.2453170848377395, 0.23709359309749944, 0.22845619550757298, 0.2197359938919848, 0.21122687380019292, 0.20317824024691983, 0.19579273092230814, 0.1892279590288431, 0.1836011167776242, 0.1789952610198163, 0.17546623838908176, 0.17304941995623446, 0.17176564350262863, 0.1716259656604314, 0.17263498220749984, 0.17479257975991674, 0.17809403994375006, 0.1825284454311793, 0.18807535220024027, 0.19469971991416582, 0.20234515258077754, 0.21092562263325143, 0.22031604965065912, 0.23034239689627972, 0.24077232470080281, 0.25130787187523695, 0.2615820476831579, 0.2711614975650158, 0.2795573953970838, 0.2862462535050204, 0.29070129166036873, 0.29243335012614313, 0.2910382122262873, 0.2862449945015952, 0.27795851822173506, 0.26628793847133936, 0.2515548760080973, 0.23427703625422955, 0.21512743427963654, 0.1948740024147338, 0.17430833828464895, 0.15417454774567055, 0.13510888889557454, 0.11759831667905621, 0.10196182959490166, 0.08835394258076612, 0.07678582877249696, 0.06715749616552641, 0.05929398944607235, 0.052979721542143046, 0.04798699091769677, 0.04409686395121932, 0.04111236964645931, 0.03886512456530989, 0.03721704546959177, 0.03605886192974467, 0.03530688753865357, 0.03489913433818019, 0.03479147294454675, 0.03495423024473551, 0.03536938893625144, 0.036028413706147594, 0.036930649171130155, 0.03808220342680102, 0.03949522129137756, 0.041187458243910936, 0.043182072966574246]
6.941257957756514	3.069986407569986	[0.045433537606409655, 0.048121623830712765, 0.05121350888840152, 0.05475377940010155, 0.058792107308549134, 0.06338273013437477, 0.06858350966508518, 0.07445441442103176, 0.08105525654735778, 0.08844251490464884, 0.09666510031916437, 0.10575898106789634, 0.1157406953246829, 0.1265999434037143, 0.13829167273064297, 0.1507283309959511, 0.1637732314328459, 0.17723619743949648, 0.19087275811026644, 0.20438807974787593, 0.21744647950394874, 0.22968676189602738, 0.24074279094767398, 0.25026778317251464, 0.2579599576500027, 0.2635866164421565, 0.26700362168145747, 0.26816767175024203, 0.2671397134364085, 0.26407909284127856, 0.2592293855351325, 0.25289798273710984, 0.24543222420226243, 0.2371950555285771, 0.22854286912597, 0.21980749741344494, 0.21128345222850653, 0.20322063939463747, 0.19582206820035483, 0.189245604157259, 0.18360859142127703, 0.17899416191967377, 0.1754581849881278, 0.17303602482092745, 0.17174850239449158, 0.17160666312781586, 0.1726151085272915, 0.17477375474963386, 0.1780779394636573, 0.18251682585094633, 0.1880700681038968, 0.1947027292141785, 0.2023585029745625, 0.2109514121576333, 0.22035635461132422, 0.2303991607149545, 0.24084720453366937, 0.2514020438473884, 0.2616959797638186, 0.27129470783977944, 0.27970822543794716, 0.2864116956121234, 0.2908769161112581, 0.29261337602599186, 0.29121575488069024, 0.28641249704849314, 0.27810834321682915, 0.2664130564028481, 0.25164955785194926, 0.23433743970853532, 0.21515198274507882, 0.19486348622551003, 0.17426572074608015, 0.15410451334416722, 0.1350172209969551, 0.11749121565155639, 0.1018452834707099, 0.0882332344554322, 0.07666522793003339, 0.06704013548369356, 0.059181901069381294, 0.05287398125420896, 0.047887920335240065, 0.04400424426114293, 0.041025636553543667, 0.038783525851070685, 0.037139757111010294, 0.035985064435232396, 0.03523581084676892, 0.034830078658092296, 0.034723814489689156, 0.03488741723603597, 0.03530293348085814, 0.03596188176344645, 0.03686365137738652, 0.038014387073691015, 0.03942626481405535, 0.04111706782509058, 0.04310998216656164]
6.946959701120848	3.068144030580085	[0.04535971281890344, 0.048045659165188485, 0.05113524648151215, 0.05467311852523089, 0.0587090214414011, 0.06329728904952125, 0.06849590582915444, 0.07436499420242408, 0.0809645545370421, 0.08835129037259473, 0.09657437213683044, 0.10567005767788719, 0.1156551934129877, 0.1265197892968038, 0.13821907836178507, 0.15066573815791368, 0.1637232182597203, 0.1772013460369231, 0.19085548595679488, 0.20439044546739146, 0.21746997902812956, 0.22973213826045183, 0.2408098827499096, 0.2503554371217801, 0.25806602368089976, 0.2637080349581064, 0.2671365984205249, 0.26830792352712346, 0.26728275622624925, 0.26422053856997013, 0.25936521320771116, 0.2530247561160277, 0.24554723771522688, 0.23729640251203174, 0.22862943726690393, 0.21987890513208047, 0.21133994430350272, 0.2032629613835196, 0.19585133714498587, 0.18926318920507415, 0.18361601342921652, 0.17899301654389513, 0.17545009033885645, 0.1730225918797749, 0.17173132515542816, 0.17158732420127715, 0.17259519617546107, 0.17475488671842448, 0.1780617896012968, 0.18250514860553071, 0.18806471637327968, 0.19470565950339214, 0.2023717620190083, 0.2109770975108608, 0.22039654272183187, 0.23045579573273456, 0.2409219449750248, 0.2514960676242424, 0.2618097569279049, 0.2714277584515095, 0.2798588926751542, 0.2865769725680093, 0.29105237293377273, 0.292793230661682, 0.29139312088908587, 0.2865798157634577, 0.2782579763803028, 0.2665379755406257, 0.25174403779556864, 0.23439764505515426, 0.21517634672109565, 0.19485281078822933, 0.17422298127181737, 0.1540344049067551, 0.13492553464081816, 0.1173841552337654, 0.10172883614230593, 0.0881126782490389, 0.07654482405684873, 0.06692300684309518, 0.059070069452445265, 0.05276851264557305, 0.04778912808056332, 0.04391190301332256, 0.040939177474027345, 0.03870219381878822, 0.03706272670959265, 0.03591151577214811, 0.035164974275932265, 0.03476125518670952, 0.03465638143519918, 0.034820823937331116, 0.035236693198343154, 0.035895561458433284, 0.03679686260921628, 0.03794677784703383, 0.03935751415115728, 0.041046882259618146, 0.043038095448423005]
6.952661444485182	3.066301799417264	[0.04528609048049991, 0.04796989569730885, 0.05105718369632418, 0.05459265454321411, 0.05862612873968842, 0.06321203553058018, 0.06840848216703965, 0.07427574407850733, 0.0808740099280891, 0.08826020710704385, 0.09648376584733107, 0.10558123297144198, 0.11556976367062577, 0.1264396773797555, 0.1381464937875306, 0.1506031207209975, 0.16367314570651095, 0.1771664009977094, 0.19083808835215404, 0.20439265736625115, 0.21749330148042154, 0.22977731991437506, 0.24087676866074956, 0.250442880016305, 0.25817187932059615, 0.2638292482951403, 0.26726937887956287, 0.26844799008257847, 0.2674256261535196, 0.264361823960988, 0.25950089285368483, 0.25315139307259443, 0.24566212580688562, 0.2373976344230372, 0.22871590030363284, 0.2199502173792127, 0.21139635034324886, 0.2033052065033914, 0.19588053802374344, 0.18928071442665848, 0.18362338302724612, 0.17899182512214334, 0.17544195463874301, 0.17300912135322805, 0.1717141119720386, 0.17156794911116247, 0.17257524534746077, 0.17473597592694262, 0.17804559058019062, 0.18249341400443483, 0.1880592972752884, 0.19470851115330914, 0.20238493003246208, 0.21100267913124646, 0.2204366143506878, 0.23051230245009682, 0.240996546433202, 0.25158994375605426, 0.26192337960735107, 0.2715606499842333, 0.28000939754674214, 0.2867420849753587, 0.2912276625572507, 0.2929729146437476, 0.2915703106632176, 0.2867469512619086, 0.2784074181072437, 0.266662696513004, 0.25183831622837954, 0.23445765294746534, 0.2152005265960276, 0.1948419767694864, 0.17418012021232288, 0.15396422304234297, 0.13483383003937188, 0.1172771358472967, 0.10161248754966422, 0.08799227406447614, 0.07642461672604973, 0.06680610996807419, 0.05895849380180108, 0.052663315101713785, 0.04769061308258489, 0.043819839360454145, 0.04085299118428801, 0.03862112750410702, 0.03698595299801753, 0.03583821494546954, 0.03509437658378344, 0.034692662946091614, 0.034589172594544894, 0.034754449406269684, 0.03517066696482882, 0.035829451887484036, 0.03673028180179661, 0.03787937488062444, 0.03928896829226802, 0.04097690071966075, 0.04296641185593983]
6.958363187849516	3.064459724120186	[0.04521266958755919, 0.0478943327562517, 0.05097931960165415, 0.05451238685017602, 0.058543428364234165, 0.06312696907050959, 0.0683212379606653, 0.07418666367579305, 0.08078362215888722, 0.08816926490718278, 0.09639328108090059, 0.10549250695325715, 0.11548440594509439, 0.12635960787830983, 0.13807391907701905, 0.15054047912034926, 0.1636230140401107, 0.17713136292471826, 0.19082056571095296, 0.2043947161515762, 0.21751644736000464, 0.22982230760142425, 0.2409434492060145, 0.2505301125820394, 0.2582775250823079, 0.26395025712954245, 0.26740196354062185, 0.2685878720303584, 0.2675683236640141, 0.2645029495628923, 0.2596364248822731, 0.2532778940904726, 0.24577688884968263, 0.23749875168094534, 0.22880225857133835, 0.2200214345112135, 0.2114526706464121, 0.20334737505113645, 0.19590967110253404, 0.18929818006638052, 0.1836307004565999, 0.1789905878575536, 0.17543377811737934, 0.1729956134187326, 0.17169686307974988, 0.17154853802786105, 0.17255525630477703, 0.17471702255796787, 0.17802934270811357, 0.18248162225996784, 0.1880538111808006, 0.19471128441716046, 0.20239800745891828, 0.21102815731572924, 0.2204765700159634, 0.23056868120083843, 0.24107100949239882, 0.2516836725987488, 0.26203684843860586, 0.2716933827975358, 0.280159740726196, 0.2869070331797719, 0.29140278567976585, 0.2931524282905494, 0.29174732491946637, 0.28691390382977655, 0.2785566691360443, 0.26678721957966467, 0.2519323939239827, 0.2345174636298933, 0.2152245231837224, 0.1948309843870604, 0.17413713838247133, 0.15389396787466547, 0.1347421079021936, 0.11717015740007672, 0.10149623815356608, 0.0878720214747418, 0.07630460604242012, 0.06668944405210532, 0.05884717385212458, 0.05255838749183152, 0.04759237478048627, 0.04372805196688137, 0.04076707694098749, 0.03854032549162377, 0.036909435151056415, 0.03576516055124098, 0.03502401692816039, 0.03462430059206935, 0.03452218713988309, 0.034688292374290206, 0.03510485397702349, 0.03576355185597258, 0.03666390817798284, 0.037812177046586515, 0.03922062648766345, 0.0409071221389108, 0.04289493067248863]
6.96406493121385	3.062617814654087	[0.04513944944958245, 0.04781896937716138, 0.05090165356156107, 0.05443231456181304, 0.0584609197591008, 0.0630420888898789, 0.06823417276761845, 0.07409775235232825, 0.08069339093911669, 0.08807846330478523, 0.09630291773633624, 0.10540387936051243, 0.11539912034980575, 0.12627958075126908, 0.13800135456124593, 0.1504778135273648, 0.16357282378250354, 0.17709623216455672, 0.19080291869239574, 0.20439662228705804, 0.21753941739568589, 0.22986710183997272, 0.2410099251213599, 0.25061713534230395, 0.2583829616647834, 0.264071061960764, 0.26753435304365986, 0.26872756983521173, 0.26771084933228384, 0.2646439158041833, 0.2597718098024631, 0.25340425956240414, 0.24589152728798652, 0.2375997546425536, 0.22888851245069347, 0.22009255684877307, 0.21150890553202636, 0.2033894673131165, 0.19593873664358752, 0.18931558638181295, 0.1836379659316168, 0.17898930498932086, 0.17542556095464723, 0.17298206831245017, 0.17167957864129035, 0.17152909120361454, 0.1725352292123748, 0.1746980269004023, 0.17801304617096764, 0.18246977371657427, 0.1880482583113081, 0.1947139797085899, 0.20241099456278197, 0.21105353255260212, 0.22051641002289965, 0.23062493254399843, 0.2411453344876056, 0.2517772547705864, 0.2621501637695741, 0.27182595755394584, 0.2803099225564503, 0.2870718178741987, 0.29157774262418235, 0.2933317723159211, 0.2919241639511003, 0.287080674199635, 0.2787057297300569, 0.2669115455001451, 0.25202627112536974, 0.23457707790100157, 0.2152483367108281, 0.19481983446661785, 0.17409403595694506, 0.1538236401850604, 0.1346503682546127, 0.11706322049771384, 0.10138008770050508, 0.08775192077494008, 0.07618479138465549, 0.06657300901547823, 0.058736108620766975, 0.052453729396031296, 0.04749441192471493, 0.04363654017355242, 0.04068143335657668, 0.03845978699449867, 0.03683317175385712, 0.03569235175822579, 0.034953893935712646, 0.03455616729545656, 0.03445542376915946, 0.03462235203300664, 0.035039253009167166, 0.03569786058078679, 0.03659774058248615, 0.037745183587689045, 0.03915248764551766, 0.040837545789046505, 0.042823650867169515]
6.969766674578183	3.0607760809111855	[0.0450664286561076, 0.04774380530182575, 0.05082418426147377, 0.0543524374651918, 0.05837860171684983, 0.06295739485776493, 0.06814728550983937, 0.07400901010120026, 0.08060331535087654, 0.08798780245912566, 0.09621267508888845, 0.10531535055260126, 0.11531390637870885, 0.12619959657263477, 0.1379287999599212, 0.15041512471581356, 0.16352257486020916, 0.17706100964392543, 0.1907851473863606, 0.20439837678240255, 0.21756221178501037, 0.22991170364822147, 0.2410761966615364, 0.2507039492636456, 0.2584881893472775, 0.26419166366720737, 0.2676665476785503, 0.2688670842716061, 0.26785320345598906, 0.2647847233512767, 0.2599070479194388, 0.2535304900470107, 0.24600604143295163, 0.23770064376051797, 0.2289746622564118, 0.22016358474199557, 0.21156505531712216, 0.20343148354263413, 0.1959677349681732, 0.1893329335382791, 0.1836451797844328, 0.17898797660713922, 0.17541730350569662, 0.17296848606414078, 0.17166225905219848, 0.17150960862610873, 0.17251516452717694, 0.1746789889176725, 0.17799670150892322, 0.1824578683282173, 0.18804263930942966, 0.1947165969806778, 0.20242389210208278, 0.21107880479386806, 0.22055613524915302, 0.2306810564207634, 0.24121952241141434, 0.25187069018448704, 0.2622633266968837, 0.27195837411690904, 0.28045994422555387, 0.28723643885189865, 0.29175253466010537, 0.2935109464262125, 0.2921008291063258, 0.28724726198221817, 0.2788546013242333, 0.2670356737927146, 0.2521199493718285, 0.23463649519557037, 0.21527196882768102, 0.19480852634843995, 0.17405081465406186, 0.1537532391575287, 0.1345586127659828, 0.11695632406003134, 0.1012640376500792, 0.08763197052426165, 0.07606517387237935, 0.06645680304057132, 0.058625298846628454, 0.052349338704125774, 0.047396724921407805, 0.04354530172178555, 0.04059606059495466, 0.038379509747772614, 0.03675716281367768, 0.03561978639485552, 0.034884007515543464, 0.0344882610269593, 0.0343888823258001, 0.034556626505663, 0.03497386385609005, 0.035632376326580575, 0.03653177877324976, 0.037678392891469105, 0.03908455149952374, 0.040768170163599585, 0.04275257216629582]
6.975468417942517	3.058934532711157	[0.04499360769910299, 0.04766883843889938, 0.05074691217909551, 0.05427275360398458, 0.0582964747488834, 0.06287288515645827, 0.06806057678371097, 0.07392043526013756, 0.08051339612635953, 0.08789728088963662, 0.09612255405001298, 0.10522691925860687, 0.1152287651482165, 0.12611965430041805, 0.13785625659129475, 0.1503524118734404, 0.16347226875490528, 0.1770256947585955, 0.19076725336792627, 0.2043999792027344, 0.2175848321100849, 0.22995611271854893, 0.24114226533407787, 0.25079055413411855, 0.2585932095026105, 0.26431206211764263, 0.26779854864976194, 0.2690064152868739, 0.26799538705858167, 0.26492537223215357, 0.2600421400747445, 0.2536565856527045, 0.24612043194825253, 0.23780141921956302, 0.22906070848034343, 0.22023451844604275, 0.21162112032945185, 0.2034734240611063, 0.1959966662499289, 0.18935022192401363, 0.18365234204728098, 0.1789866031733259, 0.1754090056766223, 0.17295486722468265, 0.17164490410919414, 0.171490090955521, 0.17249506195282177, 0.17465990940395895, 0.17798030834568654, 0.18244590704839175, 0.1880369537259186, 0.19471913736819854, 0.20243669955270246, 0.21110397537060505, 0.22059574508353985, 0.2307370543647864, 0.24129357254420916, 0.25196398057545144, 0.2623763363657242, 0.2720906344181788, 0.2806098047160688, 0.287400898238244, 0.2919271605825352, 0.29368995294222217, 0.29227731897195997, 0.287413669703244, 0.27900328228456717, 0.2671596072067719, 0.2522134268072503, 0.23469571850530843, 0.21529541745648031, 0.19479706325223983, 0.17400747214933152, 0.15368276815033483, 0.13446683879803212, 0.11684947141344929, 0.10114808497266761, 0.0875121738223572, 0.07594575006590357, 0.0663408288610018, 0.058514740765943186, 0.05224521773962264, 0.047299309853379205, 0.04345433855579108, 0.04051095477546999, 0.03829949537587448, 0.03668140463569031, 0.03554746582066024, 0.03481435424218637, 0.03442058292201397, 0.034322559677708045, 0.03449111673502619, 0.03490868366361379, 0.03556709987261598, 0.03646602013929954, 0.037611805604971016, 0.03901681564276577, 0.040698995812451184, 0.04268169233273607]
6.981170161306851	3.057093179801685	[0.04492098468612157, 0.047594069016169985, 0.05066983554383965, 0.05419326322791896, 0.05821453720788379, 0.0627885601026955, 0.06797404507938541, 0.07383202826126563, 0.08042363191819266, 0.08780689919005928, 0.09603255346448505, 0.10513858626952628, 0.11514369572027092, 0.12603975493659908, 0.13778372374395748, 0.15028967619519717, 0.16342190496806927, 0.17699028884439047, 0.1907492363153207, 0.2044014309480741, 0.21760727817856185, 0.23000033043331028, 0.24120813103373223, 0.2508769512513367, 0.25869802208668813, 0.26443225848292035, 0.2679303559651685, 0.2691455639058215, 0.26813740019951554, 0.26506586332014614, 0.26017708637956655, 0.25378254710210113, 0.2462346989941187, 0.23790208159510678, 0.22914665132728007, 0.22030535839477622, 0.21167710081473998, 0.20351528916879574, 0.1960255307752594, 0.18936745171627528, 0.18365945305227818, 0.17898518475551356, 0.1754006678566229, 0.172941211767847, 0.17162751427611592, 0.1714705380886115, 0.17247492205004925, 0.1746407881946904, 0.17796386736315212, 0.18243388966276622, 0.1880312023865364, 0.1947216006114367, 0.20244941790175708, 0.21112904397251334, 0.22063524068409324, 0.23079292599987014, 0.24136748621616458, 0.2520571254780408, 0.2624891942737549, 0.27222273787585183, 0.2807595056869329, 0.2875651953081228, 0.29210162220830194, 0.29386879097283797, 0.29245363552612713, 0.2875798962908936, 0.2791517747643614, 0.26728334448767244, 0.25230670578180775, 0.2347547463987569, 0.21531868515169406, 0.19478544356042096, 0.17396401115349755, 0.1536122253069625, 0.13437504908820105, 0.11674266037276124, 0.10103223225049413, 0.08739252808589987, 0.07582652223363864, 0.06622508351215299, 0.0584044362601908, 0.05214136327478285, 0.04720216823133396, 0.043363647358158876, 0.040426117101998914, 0.03821974063484612, 0.03660589818458851, 0.0354753869757192, 0.0347449348915344, 0.03435313015523066, 0.03425645644524623, 0.034425820134862034, 0.034843712921029134, 0.035502028850335876, 0.036400465061854785, 0.03754541954606079, 0.038949280373930896, 0.04063002070967968, 0.04261101161238532]
6.986871904671185	3.055252031858795	[0.044848558878176424, 0.04751949615284304, 0.050592953673078686, 0.054113965530802666, 0.05813278849102755, 0.06270441898993563, 0.06788768990603991, 0.07374378853022998, 0.08033402238471174, 0.08771665695462927, 0.09594267317615444, 0.10505035137979532, 0.11505869814981928, 0.12595989849200065, 0.13771120168785225, 0.15022691789930073, 0.1633714839597145, 0.1769547922895568, 0.19073109682699002, 0.20440273251847438, 0.21762955066194523, 0.2300443573417255, 0.24127379444436667, 0.25096314116364843, 0.25880262775363894, 0.2645522532813917, 0.2680619702283496, 0.2692845306056662, 0.2682792434256305, 0.26520619704952436, 0.2603118873237541, 0.2539083747868929, 0.24634884300401036, 0.23800263123619989, 0.22923249117483482, 0.22037610489476123, 0.21173299709645746, 0.20355707913192875, 0.19605432881798865, 0.18938462314673168, 0.18366651303213813, 0.178983721561245, 0.17539229025036904, 0.17292751989217886, 0.17161008974659317, 0.17145095023361692, 0.1724547450206362, 0.17462162552782015, 0.17794737878990158, 0.18242181645729508, 0.188025385561453, 0.19472398705747218, 0.20246204746864815, 0.21115401101288095, 0.220674622417844, 0.2308486718014502, 0.24144126383140907, 0.2521501254183201, 0.26260190084588697, 0.27235468505171045, 0.2809090475663673, 0.2877293306451009, 0.2922759199541932, 0.2940474611136403, 0.2926297791651796, 0.2877459423503352, 0.2793000791400514, 0.2674068862581166, 0.25239978666245994, 0.23481357952786275, 0.21534177227512785, 0.19477366794207057, 0.17392043198693183, 0.15354161124304563, 0.1342832438166925, 0.11663589137179488, 0.10091647939267101, 0.08727303343773075, 0.0757074899230477, 0.06610956674840834, 0.0582943845191276, 0.05203777473614139, 0.047105298977895074, 0.043273227332252875, 0.040341546354279674, 0.038140244617387256, 0.03653064220367409, 0.03540354892476812, 0.034675748236429785, 0.034285901808134935, 0.0341905714595001, 0.034360735820112835, 0.03477895052302093, 0.03543716241031864, 0.036335112494632345, 0.037479233899305534, 0.03888194470037919, 0.04056124407467299, 0.04254052906530253]
6.992573648035519	3.053411098487484	[0.04477632962022983, 0.04744511889559274, 0.05051626596372767, 0.05403485963632438, 0.058051228072339325, 0.06262046104201668, 0.06780151084753783, 0.073655715422878, 0.08024456725792753, 0.08762655370645972, 0.095852913102035, 0.10496221431101671, 0.1149737725646783, 0.12588008490304647, 0.13763869076537197, 0.15016413712862192, 0.16332100626137835, 0.17691920540702671, 0.19071283557111926, 0.20440388433991158, 0.21765165029867628, 0.23008819392153668, 0.24133925631309536, 0.25104912435192833, 0.2589070272165607, 0.26467204696913005, 0.268193392097219, 0.269423315807209, 0.26842091733316814, 0.2653463738040358, 0.2604465434413844, 0.2540340690537598, 0.2464628644504064, 0.23810306845194315, 0.2293182284346873, 0.2204467582173577, 0.21178880952762333, 0.2035987941860519, 0.1960830606773619, 0.18940173642072156, 0.18367352224109337, 0.17898221377594062, 0.1753838730801417, 0.17291379177824773, 0.1715926307277335, 0.17143132758504492, 0.17243453107528856, 0.17460242163212353, 0.1779308428582752, 0.18240968771386587, 0.18801950351861346, 0.1947262970552809, 0.20247458856356604, 0.21117887691402118, 0.2207138906344594, 0.2309042922625845, 0.24151490576722062, 0.2522429809502329, 0.2627144564691481, 0.2724864765473217, 0.28105843073187414, 0.287893304885934, 0.29245005417152725, 0.29422596402820006, 0.2928057502036354, 0.2879118085710578, 0.27944819568898865, 0.2675302332430601, 0.25249266969963113, 0.23487221866570585, 0.21536467905476628, 0.19476173720565493, 0.1738767348195623, 0.1534709267294898, 0.1341914229987746, 0.11652916501207164, 0.10080082613318686, 0.08715369017671286, 0.07558865250231832, 0.06599427850381624, 0.0581845845555362, 0.05193445172837357, 0.0470087008465885, 0.0431830778530127, 0.04025724115480235, 0.03806100657713643, 0.036455635293054546, 0.035331950880326736, 0.034606792921186534, 0.03421889709602588, 0.034124903437055355, 0.03429586302600998, 0.03471439526231263, 0.035372499811396355, 0.03626996129995297, 0.037413247947412215, 0.03881480754647546, 0.0404926652168916, 0.04247024367479652]
6.9982753913998526	3.0515703892220216	[0.04470429611866801, 0.04737093643551441, 0.05043977167945467, 0.05395594480756672, 0.05796985529472053, 0.06253668561994258, 0.06771550735671149, 0.07356780843150662, 0.08015526613656074, 0.08753658910614015, 0.09576327302213813, 0.10487417492420005, 0.11488891895119353, 0.12580031424779217, 0.13756619117305416, 0.1501013341696346, 0.16327047225534694, 0.17688352865461707, 0.1906944530650147, 0.2044048869834896, 0.21767357767682638, 0.23013184079448606, 0.24140451723910408, 0.251134901438314, 0.259011221044409, 0.2647916401392457, 0.26832462209011876, 0.2695619200631755, 0.26856242238384476, 0.265486394094165, 0.26058105513729507, 0.2541596303714173, 0.24657676368172418, 0.23820339366935975, 0.229403863399154, 0.22051731874817582, 0.21184453834594058, 0.20364043467759113, 0.19611172654080997, 0.1894187918512857, 0.18368048082476085, 0.17898066168960242, 0.17537541646278781, 0.17290002770790566, 0.1715751373246733, 0.17141167043486885, 0.1724142803268325, 0.17458317682907698, 0.17791425970792743, 0.18239750380081468, 0.1880135564401764, 0.1947285310318997, 0.20248704142024512, 0.21120364216502127, 0.2207530456196735, 0.23095978792811203, 0.24158841235339212, 0.2523356926601297, 0.26282686150410645, 0.272618112972613, 0.28120765556059524, 0.28805711864723194, 0.2926240252425055, 0.2944043003275165, 0.29298154902249446, 0.2880774955541548, 0.2795961247932268, 0.2676533860404652, 0.2525853552873224, 0.2349306644184796, 0.2153874059002343, 0.1947496519543175, 0.17383292003882866, 0.1534001722980786, 0.13409958689876988, 0.11642248162936038, 0.10068527247963027, 0.08703449831826539, 0.07547000962865842, 0.06587921842139059, 0.058075035676636445, 0.05183139356774816, 0.04691237288118263, 0.04309319801848765, 0.040173200403957623, 0.03798202550877441, 0.03638087631254833, 0.035260591817439194, 0.03453806782849846, 0.03415211501913981, 0.034059451310963426, 0.03423120079403137, 0.034650046127580963, 0.03530804013749065, 0.03620501051823978, 0.03734746081379706, 0.0387478680001074, 0.04042428329860908, 0.04240015457652591]
7.000413545161478	3.0499599598933194	[0.04464142471280766, 0.04730618344429538, 0.0503729945319646, 0.053887047225777814, 0.05789880393184635, 0.06246352714519694, 0.0676403932566153, 0.07349102032363344, 0.08007724778205788, 0.0874579768321311, 0.09568492888033936, 0.10479721225261425, 0.1148147221968484, 0.1257305404439971, 0.13750275315426239, 0.1500463525301401, 0.1632261977107641, 0.17685222630340075, 0.19067825758425996, 0.2044056307132035, 0.21769261231523004, 0.23016986639898424, 0.24146144723364477, 0.251209780157321, 0.2591022166149011, 0.26489611605846447, 0.26843928938121814, 0.2696830506159091, 0.2686861030011241, 0.2656087872645474, 0.2606986396895773, 0.25426939378437624, 0.24667633248496273, 0.2382910940001318, 0.22947871799902508, 0.22057899085421911, 0.2118932399931558, 0.20367681587646397, 0.19613676136795405, 0.1894336733863343, 0.18368653273265395, 0.17897927096570576, 0.17536798735019743, 0.1728879564064123, 0.17155980320464811, 0.1713944419046072, 0.17239652955959964, 0.17456630187753264, 0.17789970758026935, 0.18238679349721748, 0.18800829435767044, 0.1947304174485633, 0.20249785850514243, 0.21122522166228871, 0.22078720518339334, 0.2310082356644004, 0.24165261073862468, 0.25241668867516825, 0.2629250839921236, 0.27273316012122434, 0.2813380910707164, 0.2882003195237817, 0.29277611365380746, 0.2945602081581489, 0.29313523470765207, 0.2882223308190586, 0.2797254180560174, 0.26776099753667487, 0.25266630756906633, 0.2349816623370958, 0.2154071618551194, 0.19473896901384835, 0.17379450363575596, 0.1533382223671104, 0.1340192337515832, 0.11632918358036051, 0.10058425720509725, 0.08693034050679888, 0.07536636533192187, 0.06577873523254589, 0.05797939167797163, 0.05174143923632944, 0.04682831036519156, 0.04301477660528227, 0.040099882864206675, 0.037913128787443615, 0.03631566573615909, 0.03519834874787462, 0.0344781217230543, 0.03409386283921296, 0.03400235684508565, 0.034174793147002225, 0.034593908393062436, 0.03525180308134539, 0.03614834129482328, 0.03729005846708599, 0.03868945590790767, 0.040364608528301225, 0.042338985076968635]
7.003264416843645	3.049039797277571	[0.04460556118845636, 0.04726924425012946, 0.05033489722699774, 0.05384773713689419, 0.05785826083261233, 0.06242177776061893, 0.06759752272676886, 0.07344718932837051, 0.08003270820946673, 0.08741309179230833, 0.09564018909382126, 0.10475325329502438, 0.11477233332471512, 0.1256906680989375, 0.13746648892064153, 0.1500149083380979, 0.16320085905085888, 0.17683428866608317, 0.19066894129333953, 0.2044059850833027, 0.21770341133130885, 0.23019151314247524, 0.24149389435964838, 0.2512524846640812, 0.2591541335794851, 0.26495574124145294, 0.26850474431991933, 0.26975220610800565, 0.268756722842537, 0.265678678679859, 0.2607657897998784, 0.25433208066180857, 0.24673319890597495, 0.23834118287382985, 0.22952147011145285, 0.2206142132766382, 0.21192105335921996, 0.20369759121302713, 0.1961510549182168, 0.18944216647082823, 0.1836899813940468, 0.17897846720525232, 0.17536373321861748, 0.17288104899996953, 0.17155103031554875, 0.17138458459983907, 0.17238637151225483, 0.17455664100133622, 0.17789137038461264, 0.18238064701106016, 0.1880052563699898, 0.1947314587205049, 0.20250399764232185, 0.2112375048725644, 0.22080667191462644, 0.23103586194858675, 0.24168923373552237, 0.2524629070999458, 0.26298114490109087, 0.27279883451804543, 0.2814125603182902, 0.2882820849793188, 0.29286296103987497, 0.2946492407332005, 0.29322300108017607, 0.28830504199623197, 0.2797992511261899, 0.26782244290294266, 0.25271252292168334, 0.2350107648667093, 0.21541841943618964, 0.19473284185073975, 0.17377254212047807, 0.1533028273799625, 0.13397334021446936, 0.11627590932274508, 0.1005265904424975, 0.08687089165757904, 0.07530722261816947, 0.06572140657511631, 0.05792483456385878, 0.051690134943678474, 0.04678037374956327, 0.042970060886147014, 0.0400580815213166, 0.03787384924016811, 0.03627848947528692, 0.035162863730198946, 0.03444394645198095, 0.03406065178741551, 0.033969805288855515, 0.03414263125832692, 0.03456189945543106, 0.03521973541199516, 0.036116025985958713, 0.03725732284349319, 0.03865614295826242, 0.040330572973048574, 0.042304095147234586]
7.006115288525812	3.0481196962802044	[0.04456974625643091, 0.04723235318947226, 0.05029684796284983, 0.053808474298771086, 0.05781776437478497, 0.062380073555262094, 0.06755469588621021, 0.07340339949135831, 0.07998820702397003, 0.08736824114521707, 0.09559547930063436, 0.10470931860728586, 0.11472996256257824, 0.12565080646298893, 0.13743022775838198, 0.14998345869374066, 0.1631755066563145, 0.17681632875148506, 0.190659595101712, 0.20440630240976723, 0.21771416772350727, 0.2302131127353659, 0.24152629168407402, 0.2512951379210577, 0.2592059995403587, 0.2650153165580831, 0.26857015165669135, 0.26982131661178826, 0.26882730079759964, 0.2657485312132012, 0.2608329040939834, 0.2543947345221693, 0.24679003502358965, 0.23839124395288475, 0.22956419686102658, 0.22064941268947685, 0.21194884599434968, 0.2037183480812356, 0.19616533210601594, 0.18945064525398714, 0.18369341750559268, 0.17897765252273587, 0.1753594693100694, 0.17287413276061425, 0.17154224890393677, 0.17137471884015093, 0.17237620433756162, 0.17454697009487025, 0.17788302146785057, 0.18237448696552744, 0.18800220222452582, 0.19473248126355486, 0.20251011484135187, 0.21124976324195746, 0.2208261104769384, 0.23106345739729808, 0.2417258230439139, 0.25250908996719845, 0.26303716831208723, 0.27286447057191004, 0.28148699012214934, 0.2883638107605389, 0.29294976776533294, 0.2947382321187048, 0.2933107245066535, 0.28838770884818343, 0.2798730374273698, 0.26788384023042844, 0.2527586889893001, 0.2350398195837202, 0.21542963209095992, 0.1947266766030746, 0.1737505512107632, 0.153267415420463, 0.13392744275897908, 0.11622264620326055, 0.10046894830785112, 0.08681148086754543, 0.07524812805196845, 0.0656641349519822, 0.057870339531262374, 0.0516388966669837, 0.04673250384744082, 0.04292541225210483, 0.04001634540145117, 0.03783463354162365, 0.03624137430972508, 0.03512743804034402, 0.034409827888472015, 0.034027495977529354, 0.033937306912187236, 0.03411052160313967, 0.034529941308745815, 0.035187718078768644, 0.03608376008844952, 0.037224636541860257, 0.038622878761724246, 0.04029658628500256, 0.04226925368226352]
7.0089661602079785	3.0471996580658045	[0.044533979728502766, 0.0471955102502922, 0.05025884656453289, 0.05376925870280114, 0.05777731439755612, 0.06233841452869305, 0.06751191259078627, 0.07335965082552379, 0.07994374410165811, 0.08732342492225986, 0.09555079940114357, 0.10466540824323896, 0.11468760983837036, 0.1256109556139399, 0.13739396962426728, 0.14995200369676204, 0.1631501405111773, 0.17679834667534786, 0.1906502190163428, 0.204406582815715, 0.2177248815158172, 0.23023466529867959, 0.24155863924227003, 0.2513377400390674, 0.2592578145402386, 0.26507484210360105, 0.26863551143980435, 0.2698903822044741, 0.2688978369199784, 0.2658183449233592, 0.2608999826314015, 0.25445735540629166, 0.24684684090333972, 0.23844127726073952, 0.2296068983189674, 0.2206845890992641, 0.21197661797494172, 0.20373908647133732, 0.19617959301274915, 0.18945910971083205, 0.18369684115422905, 0.1789768268795372, 0.17535519571839772, 0.1728672076381214, 0.1715334590726558, 0.17136484456600043, 0.17236602814991744, 0.1745372890915347, 0.17787466095855256, 0.18236831328888065, 0.1879991320662011, 0.1947334850020798, 0.20251621026473235, 0.21126199669124535, 0.22084552105028704, 0.23109102192705672, 0.24176237885975246, 0.25255523718788364, 0.26309315443477815, 0.27293006818686144, 0.2815613807034106, 0.28844549676363435, 0.29303653406114477, 0.2948271822023669, 0.29339840522708993, 0.2884703312534534, 0.27994677720870625, 0.2679451893880153, 0.2528048060313923, 0.2350688263472437, 0.2154408000900298, 0.19472047311858443, 0.17372853118413117, 0.15323198631811774, 0.13388154165624444, 0.11616939402082045, 0.10041133104609319, 0.08675210789385636, 0.0751890818350392, 0.06560692007747457, 0.05781590673249074, 0.05158772408939621, 0.04668470076663353, 0.0428808303740366, 0.039974674578239354, 0.0377954813685166, 0.036204320288818106, 0.03509207137302199, 0.03437576606446491, 0.03399439512772164, 0.03390486173368337, 0.03407846392351886, 0.034498033960788106, 0.03515575084540978, 0.03605154360130234, 0.037191999344468894, 0.038589663310735885, 0.040262648262135825, 0.04223446067061131]
7.011817031890145	3.0462796837946056	[0.044498261313703234, 0.04715871552146227, 0.05022089275859476, 0.05373009043796046, 0.05773691064383227, 0.06229680077662231, 0.06746917260035659, 0.07331594344019188, 0.07989931922159006, 0.08727864325274078, 0.09550614919674708, 0.10462152235701261, 0.11464527497876954, 0.12557111573261526, 0.13735771437163335, 0.14992054355229908, 0.16312476049423028, 0.1767803426601708, 0.19064081293768292, 0.20440682653076547, 0.21773555262535568, 0.23025617105824345, 0.24159093696377534, 0.2513802912312606, 0.2593095785188715, 0.265134318072925, 0.26870082361881376, 0.26995940306010563, 0.2689683311692448, 0.26588811996258044, 0.2609670253815619, 0.2545199434445698, 0.24690361652382306, 0.23849128290644253, 0.22964957447219717, 0.2207197425946779, 0.21200436929562605, 0.2037598064529587, 0.19619383764062032, 0.18946755989349534, 0.18370025235026216, 0.17897599031204134, 0.17535091246335582, 0.1728602736549925, 0.17152466085311224, 0.17135496178783527, 0.17235584299531548, 0.1745275979912484, 0.17786628892068843, 0.18236212597135434, 0.1879960459804126, 0.19473446991639234, 0.2025222840223864, 0.21127420518919449, 0.22086490377154555, 0.23111855549199126, 0.24179890134849874, 0.2526013486971571, 0.26314910346422316, 0.27299562727399795, 0.2816357322874882, 0.28852714287044323, 0.2931232601840707, 0.29491609083219583, 0.29348604353145197, 0.2885529090232159, 0.28002047079661246, 0.26800649014932987, 0.2528508744146861, 0.2350977848941615, 0.21545192384141912, 0.19471423109656152, 0.173706482482538, 0.1531965397290594, 0.13383563736358348, 0.1161161523796992, 0.10035373910424186, 0.08669277228443258, 0.07513008438091114, 0.06554976145032869, 0.05776153653456674, 0.051536616680068315, 0.04663696482554833, 0.04283631471699658, 0.03993306932572371, 0.03775639220465255, 0.036167327647969455, 0.035056763245753256, 0.034341761181599866, 0.033961348795569224, 0.0338724699251907, 0.03404645781688514, 0.0344661775574031, 0.035123833345185394, 0.03601937664852326, 0.03715941091494714, 0.038556496712177216, 0.040228758593006224, 0.04219971620728068]
7.014667903572312	3.045359774622558	[0.04446259115564741, 0.0471219686710555, 0.05018298668201725, 0.05369096919202985, 0.0576965532514534, 0.06225523200536579, 0.06742647606112925, 0.07327227706107417, 0.07985493254550764, 0.0872338958841448, 0.09546152887059721, 0.10457766072096011, 0.11460295819166907, 0.12553128661881027, 0.1373214622325302, 0.14988907808842894, 0.16309936685637907, 0.1767623165608118, 0.19063137712595263, 0.20440703343320438, 0.21774618130984988, 0.23027762991202008, 0.24162318509253405, 0.25142279141266355, 0.2593612916979301, 0.2651937443972968, 0.26876608838821286, 0.2700283791264981, 0.2690387837107587, 0.2659578562957483, 0.26103403248051543, 0.25458249861884585, 0.24696036199247773, 0.23854126088799685, 0.22969222540063594, 0.22075487318877876, 0.21203210001013761, 0.2037805080533143, 0.196208066018733, 0.18947599584308863, 0.183703651099942, 0.17897514287592864, 0.17534661953029015, 0.17285333088320182, 0.17151585421170268, 0.17134507059660514, 0.17234564882291598, 0.17451789690730415, 0.1778579052873051, 0.18235592515222027, 0.18799294388427187, 0.19473543617516148, 0.202528336014403, 0.2112863889366129, 0.22088425852130275, 0.23114605832687127, 0.2418353903675674, 0.2526474247647847, 0.26320501523030604, 0.2730611481387891, 0.281710044672271, 0.28860874942303216, 0.29320994589577315, 0.29500495838827046, 0.2935736391413845, 0.2886354425778233, 0.28009411786997834, 0.26806774297827696, 0.25289689377436925, 0.23512669573481979, 0.21546300293655046, 0.1947079510917752, 0.17368440465144397, 0.15316107623984063, 0.13378972937450975, 0.11606292187411828, 0.10029617191836986, 0.0866334746127564, 0.07507113507157379, 0.06549265960088965, 0.05770722828237391, 0.051485574915250285, 0.04658929535888754, 0.04279186570182871, 0.03989152899627118, 0.03771736641882959, 0.03613039577815399, 0.03502151397969241, 0.03430781268047855, 0.03392835725894013, 0.03384013097917543, 0.034014503522425604, 0.03443437163933162, 0.03509196578386648, 0.03598725881264369, 0.03712687143164689, 0.038523378583164264, 0.040194917435115815, 0.04216501993741846]
7.017518775254479	3.0444399317013415	[0.04442696901810314, 0.047085269735576286, 0.05014512811379006, 0.05365189500322449, 0.057656242014512124, 0.062213708260508586, 0.06738382278392772, 0.07322865174701937, 0.07981058390386524, 0.08718918289431382, 0.09541693827640277, 0.10453382343629444, 0.11456065935719525, 0.12549146839879813, 0.13728521311487485, 0.1498576074542756, 0.1630739595319497, 0.17674426854283412, 0.1906219115378129, 0.20440720369556847, 0.2177567675428377, 0.2302990420293563, 0.2416553836140392, 0.25146524074102966, 0.2594129540718518, 0.26525312121753375, 0.26883130575035485, 0.27009731052504127, 0.2691091945548118, 0.2660275540241235, 0.2611010039465658, 0.25464502101037856, 0.24701707733529174, 0.2385912112671399, 0.22973485113735673, 0.2207899809245128, 0.21205981015811126, 0.20380119129757332, 0.19622227819317004, 0.18948441756833925, 0.1837070374563484, 0.17897428456515285, 0.17534231698061595, 0.17284637930386465, 0.17150703922029714, 0.17133517096262899, 0.17233544571774823, 0.17450818580111024, 0.17784951015955103, 0.18234971078537582, 0.18798982589781163, 0.19473638372532678, 0.20253436638180364, 0.2112985478729206, 0.22090358546265387, 0.23117353036186156, 0.24187184610212437, 0.2526934653090146, 0.26326088993948193, 0.27312663068448484, 0.2817843180845277, 0.2886903163066615, 0.2932965914427707, 0.29509378473533276, 0.293661192323517, 0.2887179317598207, 0.2801677187172548, 0.268128947694852, 0.2529428644233998, 0.23515555866717555, 0.21547403771387522, 0.19470163287878767, 0.17366229804893352, 0.15312559559514438, 0.13374381805073096, 0.11600970220815517, 0.10023862983121963, 0.08657421453445108, 0.07501223421102948, 0.0654356141394018, 0.05765298223189147, 0.051434598375364016, 0.04654169257621273, 0.04274748290114491, 0.03985005376039876, 0.037678403596094194, 0.036093524818680195, 0.03498632318569412, 0.034273920675078305, 0.033895420160259086, 0.03380784498829377, 0.03398260071418939, 0.034402616281039515, 0.03506014786398866, 0.03595519015300936, 0.037094380621299515, 0.03849030897133833, 0.040161124535283844, 0.04213037190086813]
7.020369646936646	3.043520156178349	[0.044391395134009776, 0.0470486182984616, 0.05010731727347313, 0.053612867480348915, 0.05761597714846809, 0.06217222917346097, 0.06734121298873998, 0.07318506715202612, 0.07976627352914863, 0.08714450396169987, 0.09537237766520054, 0.10449001020913116, 0.11451837874786763, 0.12545166080961884, 0.1372489673111014, 0.1498261314198639, 0.1630485388264959, 0.1767261984094222, 0.19061241648055915, 0.20440733715282708, 0.2177673116195961, 0.23032040727530667, 0.2416875327984166, 0.2515076391107342, 0.259464565875558, 0.2653124484579028, 0.2688964758989024, 0.27016619721114765, 0.26917956385119585, 0.2660972131351459, 0.26116793988528103, 0.25470751063846864, 0.24707376261450198, 0.2386411340938665, 0.2297774517027996, 0.22082506588091538, 0.21208749972009977, 0.20382185629232039, 0.1962364741067411, 0.18949282520260177, 0.18371041132681284, 0.17897341554014334, 0.1753380046884316, 0.17283941910600548, 0.17149821572180318, 0.17132526310617416, 0.17232523349315398, 0.17449846492763496, 0.17784110332218053, 0.18234348316424187, 0.18798669177730787, 0.19473731290217478, 0.20254037485147952, 0.21131068237771208, 0.22092288429119425, 0.23120097202193612, 0.2419082682137995, 0.2527394707999655, 0.26331672721642846, 0.27319207542539836, 0.2818585521090723, 0.2887718440790729, 0.29338319636723637, 0.295182570474822, 0.2937487025745958, 0.2888003772162972, 0.2802412727871949, 0.26819010499553336, 0.252988785760858, 0.23518437444080945, 0.2154850275216956, 0.19469527725884256, 0.17364016197004012, 0.15309009863477158, 0.13369790262940306, 0.11595649423380648, 0.10018111201996194, 0.08651499288110383, 0.07495338092497081, 0.06537862584903734, 0.05759879748038531, 0.05138368777821207, 0.04649415557910871, 0.04270316696080211, 0.039808642756344825, 0.037639504310059815, 0.03605671396792072, 0.034951191367881586, 0.03424008443544496, 0.033862537938772024, 0.033775611295355765, 0.03395074977285616, 0.03437091089224577, 0.03502837991550348, 0.03592317013693462, 0.03706193877204037, 0.038457287391451794, 0.040127380149270725, 0.04209577165049097]
7.023220518618813	3.042600449196782	[0.044355868748311114, 0.04701201489850888, 0.050069553453609014, 0.05357388713680236, 0.05757575798284384, 0.06213079524721929, 0.06729864603618035, 0.07314152378077882, 0.07972200081037475, 0.08709985960252395, 0.0953278464555424, 0.10444622157263166, 0.11447611581547615, 0.12541186440104538, 0.1372127243112427, 0.14979465054437655, 0.16302310427333364, 0.17670810671520623, 0.1906028915352117, 0.20440743433635927, 0.21777781317290987, 0.2303417261381875, 0.2417196323346307, 0.2515499869499312, 0.2595161268591714, 0.26537172647435686, 0.2689615986498284, 0.2702350394618451, 0.26924989148477135, 0.2661668338244245, 0.26123484025097893, 0.25476996761775234, 0.24713041785220774, 0.2386910294041933, 0.22982002718384467, 0.22086012801884997, 0.21211516884445528, 0.20384250292714093, 0.19625065396654065, 0.1895012185679301, 0.18371377297569938, 0.17897253555864737, 0.1753336829756176, 0.17283244998550948, 0.17148938409773667, 0.17131534666270498, 0.17231501259409215, 0.17448873386218447, 0.17783268528857818, 0.18233724180295854, 0.18798354210996787, 0.19473822315642983, 0.20254636208937143, 0.21132279183500996, 0.2209421557552253, 0.23122838262048456, 0.24194465753519262, 0.2527854404762951, 0.26337252797852034, 0.273257481521476, 0.28193274774794325, 0.28885333181746864, 0.2934697617564735, 0.2952713145966373, 0.29383617106992665, 0.2888827778447418, 0.28031478134889387, 0.2682512136807092, 0.2530346591571643, 0.2352131417558582, 0.21549597383548358, 0.1946888828302986, 0.173617997986262, 0.1530545838557214, 0.1336519847498191, 0.11590329635297517, 0.10012362014667078, 0.0864558079790412, 0.07489457684731385, 0.06532169301815619, 0.057544675588593594, 0.0513328414257938, 0.04644668582230222, 0.04265891624996191, 0.03976729731267524, 0.037600667039687015, 0.036019964419041164, 0.03491611713964867, 0.03420630501931645, 0.033829709348783245, 0.03374343083033808, 0.033918949586233135, 0.03433925628866737, 0.034996660943972004, 0.03589119948302636, 0.037029544987918266, 0.03842431448373061, 0.04009368346024938, 0.04206121976688334]
7.02607139030098	3.0416808118955365	[0.04432039015691572, 0.04697545905936389, 0.05003183693287698, 0.05353495352470489, 0.05753558478983074, 0.06208940605820094, 0.06725612220095507, 0.07309802123370626, 0.07967776603364578, 0.08705524944234497, 0.09528334495122061, 0.10440245718055981, 0.11443387088435301, 0.12537207885856338, 0.13717648445818567, 0.1497631645477289, 0.16299765622639606, 0.17668999321568218, 0.19059333705443088, 0.20440749503703207, 0.21778827253932684, 0.23036299844370609, 0.2417516825288865, 0.2515922841194088, 0.259567637287538, 0.2654309551640819, 0.2690266742198769, 0.27030383721244267, 0.2693201776212362, 0.2662364160664863, 0.26130170515794954, 0.2548323919617972, 0.2471870431123894, 0.23874089724935732, 0.2298625775960014, 0.22089516742523194, 0.21214281750044903, 0.2038631313227745, 0.19626481769802667, 0.18950959781780122, 0.1837171222871269, 0.17897164480698977, 0.1753293516873029, 0.1728254721630158, 0.17148054415626438, 0.17130542188990264, 0.17230478279324904, 0.17447899290314164, 0.1778242557966648, 0.18233098704465864, 0.1879803765987061, 0.19473911487972956, 0.20255232776209614, 0.21133487668773948, 0.22096139948279173, 0.23125576265309516, 0.2419810136528209, 0.25283137488628094, 0.26342829176758287, 0.2733228495729865, 0.28200690449524946, 0.28893478017362817, 0.2935562870539265, 0.295360017804673, 0.2939235971991117, 0.2889651344034999, 0.28038824373492166, 0.26831227456735035, 0.25308048388553184, 0.23524186149205867, 0.21550687586773237, 0.19468245053423486, 0.1735958052474135, 0.1530190522464631, 0.13360606349616938, 0.11585010957307906, 0.10006615323066508, 0.08639666081869325, 0.07483582094486245, 0.06526481658802599, 0.057490615498193225, 0.05128206018893687, 0.04639928225920278, 0.04261473155866597, 0.03972601643008955, 0.03756189249125037, 0.03598327524544812, 0.0348811011248979, 0.03417258158494522, 0.0337969349363384, 0.03371130283691205, 0.03388720062970277, 0.03430765179225094, 0.03496499136345168, 0.03585927758048768, 0.03699719963235943, 0.03839138969263979, 0.04006003479226815, 0.0420267157386678]
7.028922261983147	3.04076124540931	[0.04428495939748903, 0.0469389505546882, 0.04999416774780233, 0.05349606643264412, 0.05749545760989322, 0.062048061410936405, 0.0672136415337193, 0.07305455933310379, 0.07963356926537804, 0.08701067332486255, 0.09523887323955116, 0.10435871690162019, 0.11439164406586029, 0.12533230407839802, 0.13714024788714874, 0.14973167335385829, 0.16297219484038145, 0.17667185785982553, 0.19058375320420612, 0.20440751922400288, 0.21779868988596163, 0.23038422417588833, 0.24178368353985855, 0.2516345306140838, 0.2596190973039389, 0.2654901345310012, 0.2690917027331137, 0.27037259047555134, 0.269390422363984, 0.26630595988279165, 0.2613685346887148, 0.254894783700803, 0.24724363845703148, 0.23879073766779077, 0.2299051029813454, 0.2209301841461074, 0.21217044571113544, 0.20388374153250136, 0.19627896530641645, 0.18951796301289198, 0.18372045924998198, 0.17897074335414995, 0.17532501079785542, 0.1728184857175163, 0.17147169585924538, 0.17129548887918458, 0.1722945440419798, 0.17446924215718743, 0.17781581478899802, 0.182324719014141, 0.18797719517835546, 0.1947399882173762, 0.20255827179689184, 0.2113469371031752, 0.2209806153925667, 0.2312831123093314, 0.24201733647482557, 0.2528772742410651, 0.2634840184786377, 0.2733881798114025, 0.2820810222301756, 0.289016189398206, 0.29364277212045176, 0.2954486803683124, 0.29401098080270766, 0.2890474471814787, 0.2804616597645605, 0.26837328796617693, 0.2531262597442226, 0.23527053398435385, 0.21551773339568853, 0.19467598072816325, 0.17357358350600552, 0.15298350417632978, 0.1335601385870081, 0.1157969342551595, 0.10000871094613999, 0.08633755173050227, 0.07477711284448027, 0.06520799684354345, 0.05743661679851833, 0.05123134430364183, 0.04635194446145615, 0.042570613079286605, 0.03968479968444728, 0.03752318082158912, 0.03594664604413189, 0.03484614345190545, 0.034138913759629616, 0.03376421480603422, 0.033679226975041304, 0.033855502987700126, 0.03427609709360004, 0.034933371241324465, 0.03582740414650464, 0.036964902758977375, 0.03835851275753098, 0.04002643418887029, 0.04199225932360662]
7.031773133665314	3.0398417508685873	[0.04424957628519148, 0.04690248937457803, 0.04995654572437573, 0.05345722585595985, 0.05745537628078875, 0.062006761310658035, 0.06717120388602311, 0.07301113809967072, 0.07958941037428367, 0.08696613129161679, 0.09519443121003476, 0.10431500080269432, 0.11434943527314666, 0.1252925401549477, 0.13710401453569504, 0.14970017708329367, 0.16294672007500483, 0.1766537007889687, 0.19057413996124598, 0.20440750705117658, 0.21780906519989165, 0.23040540349232255, 0.2418156353589902, 0.2516767265880221, 0.25967050690029736, 0.26554926472130286, 0.2691566841802781, 0.2704412993876272, 0.2694606257021655, 0.2663754653996067, 0.2614353288306859, 0.25495714295089444, 0.24730020387149723, 0.23884055076570931, 0.2299476033228215, 0.22096517827819925, 0.2121980534568828, 0.20390433364423108, 0.19629309676978177, 0.18952631423332053, 0.18372378384090868, 0.178969831273857, 0.17532066028403698, 0.17281149071810661, 0.17146283918576383, 0.17128554769696688, 0.17228429632440095, 0.17445948168990888, 0.17780736225768112, 0.1823184377774934, 0.18797399785186678, 0.1947408432362986, 0.20256419420998126, 0.21135897314804733, 0.22099980351578155, 0.23131043165315215, 0.24205362604848038, 0.2529231385979625, 0.26353970817559635, 0.2734534722828195, 0.28215510103382146, 0.28909755952154503, 0.29372921705516253, 0.29553730229836833, 0.2940983219991769, 0.2891297161676871, 0.2805350295777273, 0.26843425384424735, 0.2531719868971137, 0.23529915917906055, 0.21552854660751283, 0.19466947333691917, 0.17355133296803327, 0.1529479395421448, 0.133514210230355, 0.11574377025637227, 0.099951293482089, 0.0862784805222637, 0.0747184526991469, 0.06515123354356614, 0.057382679600642104, 0.05118069349228917, 0.04630467250303262, 0.04252656051681318, 0.039643647122383614, 0.037484531736384115, 0.03591007684351493, 0.03481124383935665, 0.03410530155962503, 0.033731548695368076, 0.033647203252077616, 0.033823856417503635, 0.03424459219293724, 0.034901800352958715, 0.03579557917558102, 0.03693265415860324, 0.03832568366888838, 0.03999288145388441, 0.041957850510462656]
7.034624005347481	3.038922329399694	[0.04421424036552738, 0.04686607576750784, 0.049918970441050585, 0.053418432029049986, 0.05741534040941153, 0.061965505986986344, 0.0671288088917706, 0.07296775776638803, 0.07954528902243539, 0.08692162358555072, 0.0951500185562502, 0.10427130914047009, 0.11430724423571743, 0.12525278735830467, 0.1370677841734372, 0.14966867601400416, 0.1629212317428056, 0.17663552227821533, 0.19056449718212282, 0.20440745877635258, 0.21781939838176576, 0.23042653661817133, 0.241847537931168, 0.25171887222050193, 0.25972186606684505, 0.26560834585910814, 0.26922161859886373, 0.27050996401259214, 0.2695307877223637, 0.26644493261891805, 0.2615020877203276, 0.25501946965246375, 0.2473567395415109, 0.23889033642339724, 0.22999007885368553, 0.22100014964379391, 0.21222564101634236, 0.20392490742473704, 0.19630721241038265, 0.18953465119302348, 0.1837270964249499, 0.1789689082299141, 0.17531630055412403, 0.17280448678100377, 0.17145397458905498, 0.17127559791410532, 0.17227404014138786, 0.17444971102862036, 0.17779889875423907, 0.18231214281991276, 0.18797078522387367, 0.19474167938073023, 0.20257009566003564, 0.21137098422675157, 0.2210189645637451, 0.23133772005056333, 0.24208988313373106, 0.25296896728672547, 0.2635953616609873, 0.27351872628365925, 0.2822291417445193, 0.28917888980992373, 0.29381562272638345, 0.2956258828332681, 0.29418562168359375, 0.28921194057311206, 0.2806083540967385, 0.2684951713837588, 0.25321766629769854, 0.23532773622728204, 0.21553931649156627, 0.19466292747692002, 0.17352905465273932, 0.15291235741981118, 0.13346827945856365, 0.11569061660645923, 0.09989390185428706, 0.08621944617958095, 0.0746598414762914, 0.06509452564618579, 0.057328804799750964, 0.0511301067157459, 0.04625746719425632, 0.04248257286979189, 0.03960255946558485, 0.037445944300809324, 0.0358735682780587, 0.03477640143598025, 0.034071745536682324, 0.03369893584117122, 0.03361523214398842, 0.033792260239342044, 0.034213137499394405, 0.0348702780920146, 0.035763803020352196, 0.036900453286447844, 0.03829290273381401, 0.03995937609255886, 0.041923489571751286]
7.037474877029648	3.0380029821247394	[0.044178951350884975, 0.04682970982511064, 0.04988144162511074, 0.05337968504569898, 0.05737534973665175, 0.06192429554254916, 0.06708645630561004, 0.07292441845195541, 0.07950120498002496, 0.08687715034817796, 0.09510563506643568, 0.10422764208471158, 0.11426507076209284, 0.12521304588911436, 0.13703155662984912, 0.14963717037602967, 0.16289572969234162, 0.17661732258100013, 0.1905548247301078, 0.20440737466701614, 0.2178296893040232, 0.23044762382482087, 0.24187939113325127, 0.2517609677785116, 0.2597731746822075, 0.26566737820188907, 0.2692865058685138, 0.2705785845960851, 0.2696009083052138, 0.2665143617738391, 0.2615688112389942, 0.255081764026155, 0.24741324534846998, 0.23894009484951118, 0.2300325294546378, 0.22103509844039537, 0.21225320826906827, 0.20394546306145894, 0.1963213121066976, 0.18954297407066614, 0.1837303968802504, 0.17896797439367104, 0.17531193148747407, 0.17279747407183357, 0.1714451019520961, 0.1712656396920427, 0.17226377538273954, 0.17443993033169566, 0.1777904241791316, 0.18230583429686406, 0.18796755720976308, 0.19474249680185698, 0.20257597608184597, 0.2113829704828148, 0.22103809849517267, 0.23136497763186628, 0.2421261077177387, 0.2530147604169403, 0.26365097895498674, 0.2735839418941064, 0.2823031444200941, 0.28926018030526685, 0.2939019892342141, 0.2957144219688883, 0.29427288000295854, 0.2892941203422893, 0.2806816335202262, 0.2685560404762185, 0.25326329820030186, 0.23535626496862377, 0.21555004335799097, 0.1946563429363114, 0.1735067489172724, 0.15287675754217753, 0.13342234665565716, 0.11563747297602263, 0.09983653644676095, 0.08616044830782289, 0.07460127953599183, 0.06503787269986452, 0.057274992718442566, 0.05107958348596755, 0.046210328817577515, 0.0424386496396881, 0.039561536959831466, 0.03740741802911871, 0.03583712056162673, 0.034741615784252125, 0.034038245876576376, 0.03366637582104742, 0.03358331381143517, 0.03376071406635742, 0.034181733151452724, 0.03483880410377809, 0.03573207580059381, 0.03686829981496452, 0.038260170057579944, 0.039925917799445924, 0.041889176603146526]
7.0403257487118145	3.037083710161635	[0.04414371085893088, 0.04679338979593753, 0.0498439607962559, 0.053340983249330225, 0.05733540572116184, 0.061883128388146906, 0.0670441475556095, 0.07288111861582322, 0.07945715966725948, 0.08683271007809451, 0.09506128216655568, 0.10418399817255226, 0.11422291628660204, 0.12517331433064688, 0.13699533333771038, 0.14960565881323556, 0.16287021533232263, 0.17659910042128807, 0.19054512395702336, 0.20440725354975212, 0.21783993922333364, 0.2304686640648846, 0.24191119608930145, 0.2518030123627319, 0.2598244337068929, 0.26572636101670066, 0.2693513467651639, 0.2706471605840548, 0.26967098803153594, 0.26658375249483596, 0.2616354997706437, 0.25514402588595236, 0.24746972148383953, 0.23898982603553018, 0.23007495513248308, 0.22107002482829446, 0.2122807550463499, 0.2039660008746402, 0.19633539552333637, 0.18955128333944976, 0.18373368471204007, 0.17896703038758877, 0.1753075524347809, 0.1727904533626407, 0.1714362204727871, 0.17125567395687893, 0.17225350109189336, 0.17443014068745874, 0.1777819374162904, 0.18229951346977508, 0.18796431252595433, 0.19474329694635426, 0.20258183401413746, 0.21139493355991598, 0.22105720365983314, 0.23139220624771606, 0.24216229795015437, 0.2530605200539181, 0.263706557996905, 0.2736491214002965, 0.2823771067800664, 0.289341433521109, 0.29398831406820736, 0.2958029224553919, 0.2943600942039712, 0.2893762584753524, 0.2807548648363258, 0.2686168643882308, 0.2533088793196304, 0.23538474894993489, 0.21556072364069545, 0.19464972354052845, 0.17348441192197808, 0.15284114398027954, 0.13337640773760429, 0.11558434360869471, 0.0997791929902407, 0.0861014912168113, 0.07454276251706593, 0.06498127895979672, 0.05722123902367788, 0.05102912788926155, 0.046163253194215305, 0.042394794651573656, 0.03952057568772941, 0.03736895642307357, 0.03580073010854902, 0.03470689003330992, 0.03400479935386135, 0.03363387143246688, 0.03355144538157816, 0.0337292203692262, 0.0341503765961833, 0.034807380572683434, 0.03570039523699698, 0.036836195690634344, 0.03822748358382738, 0.03989250833292037, 0.041854909722411]
7.043176620393981	3.036164514624213	[0.04410851686545258, 0.04675711744878518, 0.04980652605643049, 0.05330232831777957, 0.05729550655499214, 0.06184200614813864, 0.06700188089764131, 0.07283785985822558, 0.07941315138772602, 0.08678830437134062, 0.09501695820217392, 0.10414037900447383, 0.1141807792009981, 0.12513359428324244, 0.13695911274799039, 0.1495741429070107, 0.162844687192932, 0.17658085732965667, 0.19053539349701867, 0.2044070968635878, 0.21785014690504287, 0.23048965864284585, 0.24194295172316926, 0.2518450071048415, 0.2598756422477963, 0.2657852952338009, 0.2694161405974254, 0.2707156926880256, 0.2697410264221691, 0.26665310526773517, 0.261702153050349, 0.2552062554931804, 0.24752616789211807, 0.23903953002511066, 0.23011735603229364, 0.22110492864342837, 0.21230828168373458, 0.20398652050320704, 0.19634946317727364, 0.1895595784508319, 0.18373696061247105, 0.17896607548266022, 0.17530316426108447, 0.17278342374757769, 0.17142733119129733, 0.17124569962575875, 0.17224321849079394, 0.17442034083208457, 0.17777343987968955, 0.18229317888652352, 0.18796105279090597, 0.19474407816397432, 0.2025876712926617, 0.21140687159858096, 0.22107628212205432, 0.23141940381838472, 0.2421984561323346, 0.2531062438877219, 0.26376210133068306, 0.2737142622532574, 0.28245103161521873, 0.28942264666049583, 0.2940746002719507, 0.2958913812367214, 0.29444726759398215, 0.28945835164266004, 0.28082805163336194, 0.2686776395003726, 0.25335441354441335, 0.23541318424910607, 0.21557136153866716, 0.19464306506266582, 0.17346204815905328, 0.15280551222046335, 0.13333046743162558, 0.11553122375281645, 0.09972187634660867, 0.0860425700041685, 0.07448429528780627, 0.06492473949601764, 0.05716754845630506, 0.050978735109378746, 0.04611624481891145, 0.042351003335286116, 0.03947967980875938, 0.037330555257675244, 0.035764400690435065, 0.03467222035683543, 0.033971409336508475, 0.03360141925695538, 0.03351962983449666, 0.033697776112207804, 0.03411907046419476, 0.034776004799350724, 0.03566876366215988, 0.03680413849452026, 0.038194845403414286, 0.03985914549761886, 0.04182069083394501]
7.046027492076148	3.0352453966221127	[0.04407336999632224, 0.046720891992150244, 0.049769137993903374, 0.0532637195043915, 0.05725565280582042, 0.061800928110923886, 0.06695965689361064, 0.0727946414971426, 0.0793691807095748, 0.08674393257410998, 0.0949726637558243, 0.10409678395700019, 0.11413866010502606, 0.1250938851583037, 0.136922895473765, 0.14954262210933944, 0.16281914588942195, 0.17656259280448794, 0.19052563395016556, 0.20440690415884955, 0.21786031291339528, 0.23051060716649227, 0.24197465854325423, 0.251886951675852, 0.25992680074148744, 0.265844180593068, 0.2694808877197324, 0.2707841807212252, 0.26981102374455274, 0.26672241998136753, 0.2617687712578198, 0.2552684528119041, 0.24758258466718572, 0.23908920685503954, 0.23015973216547436, 0.22113980999167263, 0.21233578811412843, 0.2040070221185207, 0.19636351492694512, 0.18956785963908757, 0.18374022436916243, 0.1789651099751945, 0.17529876668613098, 0.17277638558612748, 0.1714184337614226, 0.17123571712446373, 0.17223292716795163, 0.17441053126240513, 0.1777649310918035, 0.18228683112070979, 0.1879577774588559, 0.19474484111090698, 0.2025934872999141, 0.2114187853425984, 0.22109533318812044, 0.23144657117879278, 0.24223458148945498, 0.25315193284636883, 0.2638176080955984, 0.273779365475124, 0.2825249179744043, 0.2895038208408882, 0.29416084679913124, 0.2959797995282825, 0.2945343990258468, 0.28954040116254476, 0.2809011926570058, 0.2687383672411982, 0.2533998995077219, 0.23544157241160252, 0.21558195556952794, 0.194636369163738, 0.173439656030893, 0.15276986402063608, 0.13328452402988006, 0.11547811522373759, 0.09966458471320945, 0.08598368648934639, 0.07442587598357352, 0.0648682560779315, 0.0571139191404906, 0.050928406821186406, 0.04606930186391903, 0.04230727724017602, 0.03943884759666893, 0.03729221593878619, 0.035728130719038104, 0.0346376080107194, 0.033938074390343284, 0.033569020403927056, 0.033487865888466986, 0.033666382269800225, 0.034087813612567026, 0.03474467764050333, 0.03563718005204308, 0.036772128985685944, 0.03816225458945314, 0.03982582997586806, 0.04178651908742225]
7.048878363758315	3.034326357260862	[0.04403827020528155, 0.04668471328470215, 0.04973179656591265, 0.0532251566785785, 0.057215844437960114, 0.06175989415885019, 0.06691747551925391, 0.0727514634312817, 0.07932524762482723, 0.08669959460553942, 0.09492839884036965, 0.10405321297353488, 0.11409655903547948, 0.1250541869258038, 0.13688668157604722, 0.1495110964163196, 0.16279359150364006, 0.17654430686434072, 0.1905158454123494, 0.20440667547046656, 0.21787043734972883, 0.23053150968048322, 0.24200631664830669, 0.2519288461249244, 0.259977909278428, 0.26590301714528125, 0.26954558821129226, 0.2708526247351028, 0.2698809800656154, 0.266791696687774, 0.2618353544475657, 0.2553306178947303, 0.24763897185124303, 0.23913885657828046, 0.2302020835621366, 0.22117466892612192, 0.21236327435598729, 0.20402750577383258, 0.19637755077993133, 0.18957612695811787, 0.1837434759800365, 0.17896413392085367, 0.17529435969985616, 0.17276933893745247, 0.17140952816715865, 0.1712257265179031, 0.17222262710364755, 0.17440071205155164, 0.1777564110313143, 0.18228047025600116, 0.18795448650854063, 0.19474558588304888, 0.2025992820155299, 0.21143067490075812, 0.22111435683839084, 0.23147370845006784, 0.24227067400146113, 0.2531975870617323, 0.2638730782694562, 0.2738444312064232, 0.28259876583148985, 0.28958495620951996, 0.2942470536181861, 0.29606817748274805, 0.2946214884616449, 0.289622407193009, 0.2809742878629684, 0.2687990477754129, 0.25344533715984485, 0.2354699136106512, 0.215592505678262, 0.19462963602408087, 0.17341723547263826, 0.15273419955907586, 0.13323857744623493, 0.11542501818080414, 0.09960731796847094, 0.08592484079533233, 0.07436750443929842, 0.0648118287831885, 0.05706035087167519, 0.05087814305973523, 0.04602242409936194, 0.04226361636915663, 0.03939807881347544, 0.03725393844887564, 0.03569191996208105, 0.034603052965720936, 0.0339047942966601, 0.03353667483740734, 0.03345615334100195, 0.03363503880163425, 0.03405660585445928, 0.0347133990525039, 0.03560564423351827, 0.03674016711814611, 0.03812971098048795, 0.03979256172059946, 0.041752394331642365]
7.051729235440482	3.03340739764185	[0.04400321723955534, 0.04664858138514265, 0.04969450153614937, 0.05318663989894026, 0.05717608123097471, 0.06171890435626712, 0.06687533657109856, 0.07270832573687229, 0.07928135194965374, 0.08665529055941366, 0.0948841632951274, 0.10400966616971195, 0.11405447585808655, 0.12501449972477693, 0.13685047094869549, 0.14947956598800388, 0.16276802395676065, 0.17652599968366445, 0.1905060278286865, 0.2044064109775439, 0.2178805201783515, 0.23055236635806603, 0.24203792601751034, 0.2519706906106573, 0.26002896785011803, 0.26596180502870514, 0.2696102420751999, 0.2709210248448699, 0.26995089540025874, 0.2668609354783359, 0.2619019026464494, 0.2553927508093821, 0.24769532948277934, 0.239188479239497, 0.2302444102717035, 0.22120950546924756, 0.21239074046897852, 0.20404797147055473, 0.1963915708058444, 0.18958438038969477, 0.18374671552503424, 0.17896314728347767, 0.17528994339374643, 0.17276228374939265, 0.17140061451358193, 0.1712157277399084, 0.1722123184192151, 0.17439088312115789, 0.1777478798387419, 0.18227409620316345, 0.18795118010238465, 0.1947463123808447, 0.202605055625841, 0.2114425401627367, 0.2211333532840084, 0.23150081550967072, 0.24230673390403362, 0.2532432063968726, 0.2639285121113512, 0.2739094592933354, 0.28267257546762364, 0.2896660525932854, 0.294333221031374, 0.2961565149055645, 0.29470853622479526, 0.28970436951641343, 0.2810473375974189, 0.26885968086171685, 0.2534907268725747, 0.23549820758151413, 0.21560301226360992, 0.1946228653539856, 0.1733947869042881, 0.15269851851481644, 0.1331926281057824, 0.11537193226189207, 0.09955007651940802, 0.08586603251247056, 0.07430918102316092, 0.06475545715953338, 0.05700684396862504, 0.050827943347488504, 0.04597561179475029, 0.042220020242671435, 0.0393573736854693, 0.03721572232717626, 0.03565576860952365, 0.034568554793183943, 0.03387156921456517, 0.03350438216612554, 0.033424492324490115, 0.0336037453531408, 0.03402544729917851, 0.03468216871350391, 0.035574156296581436, 0.036708252597632565, 0.03809721465135874, 0.0397593404602197, 0.0417183166308703]
7.054580107122649	3.0324885188624235	[0.04396821105732754, 0.046612496148786986, 0.049657252866258696, 0.05314816903139882, 0.05713636315346975, 0.061677958581947454, 0.06683324002937116, 0.07266522830859186, 0.0792374936806576, 0.08661102035041914, 0.09483995713769584, 0.10396614348399925, 0.1140124106146002, 0.12497482351974676, 0.13681426365799518, 0.14944803081453348, 0.1627424433363017, 0.17650767127457467, 0.19049618130118823, 0.20440611070809261, 0.21789056150719932, 0.2305731772365037, 0.24206948675668044, 0.25201248517433467, 0.260079976554552, 0.2660205442857659, 0.26967484939867803, 0.27098938109314885, 0.2700207698239295, 0.26693013639578345, 0.2619684159180181, 0.25545485159866105, 0.24775165761357337, 0.23923807488135293, 0.23028671233442624, 0.22124431966336064, 0.2124181864822747, 0.20406841925066843, 0.1964055750235457, 0.1895926199759638, 0.1837499430138885, 0.17896215010647598, 0.1752855177700472, 0.17275522006836333, 0.17139169279745148, 0.17120572084216776, 0.1722020011081041, 0.17438104453070036, 0.17773933750626467, 0.18226770903184253, 0.18794785823282292, 0.1947470206859189, 0.20261080812420826, 0.2114543812229967, 0.2211523225188596, 0.23152789246464708, 0.2423427611901888, 0.25328879097022955, 0.2639839096114074, 0.2739744498640483, 0.282746346867887, 0.28974711012856535, 0.2944193490168416, 0.2962448119403002, 0.2947955422852214, 0.28978628828355496, 0.2811203418218411, 0.2689202666595728, 0.2535360685998488, 0.2355264544941105, 0.2156134752721892, 0.19461605733239343, 0.1733723102608796, 0.1526628210664934, 0.13314667592083065, 0.11531885762816939, 0.09949286024174274, 0.08580726176677164, 0.07425090556659485, 0.06469914128861155, 0.05695339822282437, 0.05077780772421971, 0.04592886471604769, 0.04217648886881812, 0.03931673197047855, 0.03717756756155098, 0.03561967642498299, 0.034534113469267595, 0.033838398921396104, 0.03347214235937776, 0.033392882632665544, 0.03357250188902304, 0.03399433775628117, 0.03465098658472593, 0.03554271606465018, 0.03667638538283175, 0.03806476543725652, 0.03972616615219006, 0.04168428583059031]
7.057430978804816	3.0315697220157607	[0.04393325138666598, 0.04657645765408252, 0.049620050301478744, 0.05310974415367505, 0.05709668996694052, 0.06163705691898158, 0.06679118567226795, 0.07262217124164591, 0.07919367261525805, 0.0865667840917245, 0.09479578018797165, 0.10392264505204296, 0.11397036315051114, 0.12493515847050217, 0.1367780595766796, 0.1494164910774408, 0.16271684954142546, 0.17648932183357768, 0.19048630575215206, 0.2044057748636312, 0.21790056127714572, 0.23059394251162207, 0.2421009988212609, 0.2520542299972038, 0.26013093535954984, 0.26607923507742326, 0.2697394101614775, 0.27105769361784965, 0.27009060332859836, 0.2669992995540948, 0.2620348942665079, 0.2555169203526697, 0.24780795625962262, 0.23928764357064164, 0.23032898977725658, 0.22127911155287722, 0.21244561243306292, 0.20408884913746914, 0.19641956348017658, 0.18960084572061667, 0.1837531585040979, 0.17896114237568306, 0.17528108289784106, 0.17274814786423717, 0.17138276310150594, 0.17119570578048157, 0.17219167526945364, 0.17437119622355368, 0.17773078415252597, 0.18226130867407606, 0.1879445210410264, 0.19474771071918062, 0.2026165396767863, 0.2114661979903999, 0.22117126473559434, 0.2315549392097221, 0.24237875607951706, 0.2533343406593739, 0.26403927101579855, 0.2740394027755099, 0.28282008030444195, 0.2898281286482552, 0.2945054378725515, 0.2963330683928084, 0.294882506967514, 0.28986816327115583, 0.2811933008898014, 0.268980804915933, 0.25358136272763093, 0.23555465406595996, 0.21562389512364966, 0.1946092116459006, 0.17334980598934552, 0.15262710686372444, 0.13310072134839404, 0.11526579388320293, 0.09943566957829136, 0.08574852811079929, 0.07419267847626827, 0.06464288067864124, 0.05690001399286336, 0.050727735672795045, 0.04588218317248456, 0.0421330217297618, 0.0392761539330966, 0.0371394736552721, 0.03558364363432612, 0.034499728532260236, 0.03380528360922522, 0.03343995499594694, 0.03336132442780486, 0.03354130802776675, 0.03396327736205966, 0.0346198523200499, 0.03551132365217572, 0.03664456515742113, 0.038032363435416314, 0.03969303850456878, 0.04165030201589776]
7.060281850486983	3.0306510081910405	[0.043898338713565584, 0.04654046524665699, 0.0495828943000291, 0.05307136464751128, 0.05705706211603096, 0.06159619877786312, 0.06674917394388828, 0.07257915397112263, 0.07914988920764919, 0.08652258124247214, 0.09475163291799965, 0.10387917035904352, 0.11392833395903554, 0.12489550409189536, 0.13674185921665521, 0.14938494632520524, 0.16269124309379987, 0.1764709509462533, 0.19047640169847851, 0.2044054030696616, 0.2179105199827366, 0.23061466185153837, 0.2421324626663007, 0.25209592479314086, 0.2601818446670251, 0.2661378771668542, 0.26980392470372205, 0.271125962234587, 0.27016039618867566, 0.2670684248230347, 0.26210133790016654, 0.2555789569950823, 0.24786422556463797, 0.2393371852829904, 0.23037124268203013, 0.22131388116252534, 0.21247301834438523, 0.20410926120201137, 0.19643353614312953, 0.18960905773920314, 0.18375636191035702, 0.17896012425080735, 0.1752766386416353, 0.1727410673422894, 0.17137382524185493, 0.17118568280880256, 0.17218134067175628, 0.17436133850687024, 0.17772221949790393, 0.18225489549564064, 0.18794116819727738, 0.19474838291069085, 0.20262224990022157, 0.21147799096449735, 0.22119017949225625, 0.23158195631820672, 0.24241471806548837, 0.25337985611469127, 0.2640945957470572, 0.274104318758028, 0.28289377512258757, 0.2899091089657176, 0.2945914868603194, 0.29642128516354577, 0.2949694294435285, 0.2899499954721131, 0.28126621387692313, 0.26904129672262855, 0.2536266082307086, 0.23558280749314728, 0.21563427069010288, 0.19460232959280913, 0.1733272728595511, 0.15259137728955396, 0.13305476305909422, 0.11521274245906671, 0.09937850311095978, 0.08568983297881616, 0.07413449827069485, 0.06458667672047562, 0.05684668977572774, 0.050677728505295096, 0.04583556569006881, 0.04208962003581562, 0.03923563817473577, 0.037101441704453106, 0.03554766894654701, 0.03446540096014582, 0.03377222210931391, 0.03340782093894684, 0.03332981666300067, 0.033510164526813206, 0.03393226518078293, 0.03458876658471391, 0.03547997821865332, 0.03661279251031321, 0.03800000788309491, 0.03965995804661901, 0.04161636448529955]
7.06313272216915	3.029732378473341	[0.04386347236381174, 0.04650451939517423, 0.04954578422876455, 0.053033030961097155, 0.057017478999479315, 0.0615553845998057, 0.06670720426909149, 0.0725361769432455, 0.07910614290672766, 0.08647841226329205, 0.09470751480160049, 0.10383571988580995, 0.11388632254195706, 0.12485586088549941, 0.13670566211159157, 0.14935339707436202, 0.1626656235626093, 0.17645255913191138, 0.1904664687476982, 0.20440499583155214, 0.21792043727232954, 0.2306353357298562, 0.24216387798400033, 0.252137569988656, 0.260232704216882, 0.2661964709227849, 0.2698683928169011, 0.271194187248383, 0.2702301482497637, 0.2671375124416893, 0.26216774671905996, 0.255640961699326, 0.24792046548155064, 0.23938670012810556, 0.23041347105188534, 0.22134862854124246, 0.2125004042668117, 0.20412965543583392, 0.19644749310825382, 0.1896172559691408, 0.18375955337281152, 0.17895909561799048, 0.17527218518641519, 0.17273397833954737, 0.17136487945054266, 0.17117565171630403, 0.17217099759790627, 0.1743514711220993, 0.17771364388113872, 0.18224846918905835, 0.18793780010178263, 0.19474903690136933, 0.20262793926173234, 0.21148975973047146, 0.22120906732788997, 0.23160894331416995, 0.24245064776268999, 0.25342533679293205, 0.2641498844980462, 0.274169197194474, 0.28296743209583974, 0.2899900503833254, 0.294677496837298, 0.2965094614678594, 0.29505631065867743, 0.29003178400872887, 0.28133908182362416, 0.26910174110432106, 0.2536718062518855, 0.2356109137001491, 0.21564460321956022, 0.1945954099964066, 0.17330471221498303, 0.15255563106639175, 0.13300880246413505, 0.11515970198246285, 0.09932136227592313, 0.08563117491913495, 0.07407636636393325, 0.06453052791847647, 0.05679342692284177, 0.05062778473000606, 0.0457890135287824, 0.042046282349099004, 0.03919518584654348, 0.03706347036492308, 0.03551175339593629, 0.03443112952568767, 0.03373921533887655, 0.03337573908457249, 0.033298360144791136, 0.03347907039955831, 0.03390130191986269, 0.03455772849546506, 0.03544868038723739, 0.03658106664453748, 0.0379676993355919, 0.03962692405045876, 0.041582473742814416]
7.065983593851317	3.0288138339436737	[0.043828652346051385, 0.04646861990803632, 0.04950872009713731, 0.05299474291533831, 0.0569779406321128, 0.06151461421938314, 0.06666527667331645, 0.0724932400087273, 0.07906243375396764, 0.08643427702447105, 0.09466342590123002, 0.10379229352566527, 0.1138443289859822, 0.12481622876996085, 0.1366694683727377, 0.1493218432688178, 0.16263999108009355, 0.17643414635677748, 0.19045650704588962, 0.20440455313263903, 0.21793031329667442, 0.23065596414118705, 0.24219524492095235, 0.2521791655849667, 0.2602835141450152, 0.2662550163504849, 0.26993281462262475, 0.27126236866784437, 0.27029985961796266, 0.26720656242216, 0.2622341208138276, 0.2557029344811404, 0.24797667608601362, 0.23943618812515116, 0.23045567494802383, 0.2213833537111799, 0.21252777024770075, 0.2041500318637791, 0.19646143440990177, 0.1896254404381725, 0.18376273291402784, 0.17895805650881622, 0.17526772254460476, 0.17272688089315968, 0.1713559257317981, 0.17116561254808327, 0.17216064604593773, 0.17434159412504854, 0.17770505729578404, 0.18224202982359883, 0.1879344167446562, 0.19474967277627153, 0.20263360774800354, 0.2115015043906886, 0.22122792822455478, 0.23163590031787273, 0.24248654514628173, 0.2534707828320981, 0.26420513723412586, 0.2742340382401577, 0.2830410511767729, 0.2900709530734101, 0.29476346774052026, 0.29659759749516634, 0.29514315053210566, 0.29011352908816607, 0.2814119046297506, 0.2691621382875566, 0.25371695667176924, 0.2356389729347746, 0.21565489257365766, 0.1945884531241519, 0.17328212389503864, 0.1525198684713635, 0.13296283937153325, 0.11510667272138357, 0.09926424683861641, 0.08557255417008627, 0.0740182824742747, 0.0644744344685047, 0.05674022511316286, 0.05057790449913357, 0.04574252634606385, 0.04200300878515056, 0.03915479660458176, 0.03702555972461482, 0.03547589665286572, 0.03439691429637009, 0.03370626299122592, 0.03334370948432116, 0.03326695459190536, 0.033448025684217744, 0.03387038732203469, 0.03452673807933251, 0.03541742992150675, 0.03654938757814752, 0.03793543757388947, 0.03959393652782119, 0.04154862958399642]
7.068834465533484	3.0278953756790954	[0.0437938789845107, 0.046432766289707994, 0.049471702209514974, 0.052956500044371496, 0.05693844730942118, 0.06147388719591504, 0.06662339145321934, 0.07245034275060755, 0.07901876205592827, 0.08639017513391949, 0.09461936653979001, 0.10374889091443007, 0.11380235363318775, 0.12477660741274682, 0.13663327835916236, 0.14929028461081562, 0.16261434601438765, 0.1764157123595831, 0.19044651695733356, 0.20440407474864133, 0.21794014840075485, 0.23067654689861378, 0.2422265637882186, 0.25222071143384667, 0.26033427471741455, 0.2663135133427467, 0.26999719033498415, 0.27133050642908996, 0.27036953045225853, 0.267275574744988, 0.26230046028757825, 0.25576487536496273, 0.24803285742605813, 0.23948564934074076, 0.23049785436526776, 0.2214180567789816, 0.2125551162311834, 0.20417039063063577, 0.1964753599442939, 0.18963361132812495, 0.18376590038501509, 0.17895700714217627, 0.1752632505244006, 0.17271977526043958, 0.17134696385293646, 0.1711555656025074, 0.17215028574359675, 0.17433170785875865, 0.17769645943056164, 0.18223557779104493, 0.18793101777526433, 0.19475029097971466, 0.20263925496781754, 0.21151322544477746, 0.2212467617484235, 0.23166282788548, 0.24252240973726114, 0.25351619484450605, 0.2642603534283531, 0.27429884256213355, 0.2831146317877618, 0.2901518177564418, 0.2948493989389251, 0.29668569401946726, 0.2952299483764549, 0.2901952315406331, 0.2814846815489616, 0.2692224891640148, 0.2537620586829962, 0.23566698615525813, 0.2156651378822182, 0.19458145999946092, 0.17325950696392986, 0.1524840905782273, 0.1329168727768289, 0.11505365577032631, 0.09920715572824593, 0.08551397180980624, 0.07396024547996702, 0.06441839739868407, 0.05668708320468465, 0.05052808876748742, 0.045696103019111346, 0.04195980021286236, 0.03911446938228442, 0.03698771056164413, 0.03544009773283189, 0.03436275595988299, 0.03367336417565927, 0.03331173273984584, 0.03323559920708286, 0.033417030904195774, 0.03383952067512394, 0.03449579579182061, 0.035386226182050944, 0.036517755710591834, 0.03790322201808612, 0.03956099583445222, 0.041514831476198645]
7.0716853372156505	3.026977004752515	[0.043759151414979366, 0.04639695919299549, 0.049434729756505064, 0.05291830296871365, 0.056898998263736296, 0.06143320413448545, 0.0665815478743009, 0.0724074857726471, 0.07897512710733717, 0.08634610720451603, 0.09457533604148334, 0.10370551267967487, 0.11376039584091391, 0.12473699745533043, 0.13659709146725818, 0.14925872174755064, 0.16258868780787347, 0.17639725777791324, 0.1904364979775007, 0.20440356128711346, 0.21794994214011043, 0.23069708455774032, 0.24225783420833208, 0.2522622080194575, 0.2603849856303168, 0.2663719622980434, 0.27006151972972897, 0.27139860083680367, 0.27043916061179, 0.26734454961831444, 0.26236676508402523, 0.25582678446335255, 0.2480890095284405, 0.23953508379492316, 0.23054000940993483, 0.221452737676227, 0.21258244239896198, 0.20419073158382037, 0.1964892699648937, 0.18964176840633692, 0.1837690561089027, 0.1789559472088161, 0.1752587695185579, 0.1727126610580512, 0.1713379942784902, 0.1711455104234117, 0.17213991723129204, 0.1743218117940426, 0.1776878509072212, 0.1822291124875171, 0.1879276039026701, 0.19475089083013025, 0.20264488172300665, 0.21152492212950907, 0.2212655687981233, 0.2316897251677072, 0.24255824253321098, 0.2535615718906248, 0.264315534177921, 0.2743636091270023, 0.2831881751258672, 0.29023264330171705, 0.2949352917306962, 0.2967737498083769, 0.29531670559445994, 0.2902768900259226, 0.2815574140947336, 0.26928279227868973, 0.25380711391765215, 0.23569495178647268, 0.21567534090035997, 0.19457442892538154, 0.1732368632911562, 0.15244829557139705, 0.13287090463387038, 0.1150006492067051, 0.09915009093269908, 0.08545542583574256, 0.07390225734369929, 0.06436241467324942, 0.05663400308029794, 0.0504783355272229, 0.045649745309104456, 0.04191665471393961, 0.0390742057917572, 0.03694992109519343, 0.03540435808515228, 0.034328652899586864, 0.03364052017719293, 0.033279807404433696, 0.03320429511981972, 0.03338608477260183, 0.033808702969524575, 0.03446490048631334, 0.03535507004116179, 0.036486170012069226, 0.03787105344517918, 0.03952810103389506, 0.04148108012372328]
7.074536208897817	3.0260587222329707	[0.043724470220531976, 0.046361197872621836, 0.049397803286620884, 0.05288015098454254, 0.056859594025133936, 0.06139256436359969, 0.06653974646264418, 0.07236466843034453, 0.07893152944186115, 0.08630207261762576, 0.09453133495570513, 0.10366215823069866, 0.11371845617740395, 0.12469739833921434, 0.1365609082807582, 0.14922715415786716, 0.16256301704926168, 0.17637878213291835, 0.19042645068342196, 0.20440301231607913, 0.21795969506028162, 0.23071757673819346, 0.24228905667641787, 0.2523036550184173, 0.2604356473136945, 0.2664303629555468, 0.27012580316235335, 0.27146665169703077, 0.2705087503730327, 0.26741348691687417, 0.2624330353995877, 0.2558886617188793, 0.2481451325109313, 0.23958449149543026, 0.2305821401241819, 0.2214873964724488, 0.21260974872144386, 0.20421105485156074, 0.19650316437432216, 0.18964991185760569, 0.18377219992403732, 0.17895487694948486, 0.17525427930388612, 0.17270553858391333, 0.17132901672544973, 0.1711354473689767, 0.17212954016669685, 0.17431190635403554, 0.17767923132326008, 0.1822226344068361, 0.18792417466189978, 0.1947514728980217, 0.20265048748246284, 0.21153659509749786, 0.221284348771624, 0.23171659290348587, 0.2425940428556707, 0.2536069147984922, 0.2643706787221267, 0.2744283388537009, 0.28326168034222016, 0.29031343072088206, 0.2950211451726667, 0.29686176596944647, 0.2954034211423349, 0.2903585057533174, 0.2816301011168234, 0.2693430489509204, 0.2538521211147075, 0.23572287126498748, 0.21568550025384287, 0.19456736145371764, 0.1732141913889388, 0.15241248509807973, 0.13282493334543696, 0.11494765473348663, 0.09909305076014607, 0.08539691795480066, 0.07384431631131681, 0.06430648795143247, 0.056580982973151075, 0.05042864634790823, 0.0456034514938824, 0.04187357373921419, 0.0390340042068283, 0.036912192640604705, 0.03536867621444852, 0.034294606289424795, 0.03360772964635242, 0.03324793451411864, 0.03317304112475105, 0.033355188198630446, 0.033777933130783026, 0.03443405296146471, 0.03532396053621315, 0.03645463118976334, 0.037838930983652236, 0.039495252761674385, 0.041447374726588194]
7.077387080579984	3.0251405291853914	[0.043689835008705914, 0.04632548252803784, 0.04936092243003308, 0.0528420442860292, 0.05682023424286414, 0.061351968080575796, 0.06649798688494814, 0.07232189093259976, 0.07888796874440475, 0.08625807160091141, 0.09448736298767153, 0.1036188278191571, 0.11367653437080949, 0.12465781034184058, 0.13652472855264597, 0.14919558214214917, 0.16253733351654293, 0.17636028574020335, 0.1904163748763856, 0.20440242815505227, 0.2179694069831563, 0.23073802375108754, 0.24232023103271627, 0.25234505272292035, 0.26048625962530986, 0.26648871558146464, 0.27019004050858875, 0.27153465924643405, 0.2705782996304513, 0.26748238684674963, 0.2624992711476304, 0.2559505073074313, 0.24820122630507016, 0.2396338725890384, 0.2306242464564307, 0.22152203328675193, 0.21263703516263052, 0.20423136052695337, 0.1965170431513672, 0.1896580417508283, 0.1837753318240797, 0.17895379641075596, 0.1752497798900798, 0.17269840786408766, 0.1713200312218188, 0.17112537644627998, 0.17211915459939583, 0.17430199152774947, 0.17767060075384128, 0.1822161435198677, 0.18792073015805152, 0.19475203713463693, 0.20265607238552627, 0.21154824427722682, 0.22130310184642613, 0.2317434309936958, 0.2426298109237175, 0.25365222343521326, 0.26442578732471994, 0.274493031568725, 0.2833351477483833, 0.2903941797930387, 0.29510695962768757, 0.2969497422282263, 0.29549009543816057, 0.2904400783899187, 0.2817027430930065, 0.2694032587865304, 0.2538970808159857, 0.23575074413466995, 0.21569561654962408, 0.1945602570660233, 0.17319149192123498, 0.1523766585751466, 0.13277895961118283, 0.11489467169975978, 0.0990360359150546, 0.08533844745123711, 0.07378642306164532, 0.06425061646846013, 0.056528023515216824, 0.05037902044397716, 0.045557222148501476, 0.04183055651497391, 0.03899386514321119, 0.036874524463556095, 0.03533305257824089, 0.03426061545144018, 0.033574992985239104, 0.03321611345339091, 0.0331418375727046, 0.03332434062712598, 0.03374721146409705, 0.03440325271563116, 0.03529289793374811, 0.036423138786787185, 0.037806854869272565, 0.039462450596910184, 0.04141371549813363]
7.080237952262151	3.0242224266708075	[0.04365524578084143, 0.046289812976426155, 0.04932408719082777, 0.05280398270067135, 0.056780918928194715, 0.0613114151243857, 0.06645626916484657, 0.07227915313225103, 0.07884444505655995, 0.08621410402423313, 0.0944434202021653, 0.10357552133501015, 0.11363463051280527, 0.12461823337506306, 0.13648855240232785, 0.14916400563350674, 0.16251163735393032, 0.1763417685505741, 0.1904062707189271, 0.2044018087667242, 0.2179790780811058, 0.2307584255646414, 0.24235135745127231, 0.25238640110165017, 0.2605368227349531, 0.2665470201421021, 0.27025423193085346, 0.2716026234479849, 0.27064780853811965, 0.267551249367506, 0.26256547247396805, 0.256012321185142, 0.24825729104879535, 0.2396832270281995, 0.23066632853714322, 0.22155664806758987, 0.21266430184597127, 0.20425164855437458, 0.19653090641315638, 0.18966615802674733, 0.18377845192089926, 0.17895270553087622, 0.17524527138522258, 0.17269126883619612, 0.17131103787367122, 0.17111529759482205, 0.17210876063525207, 0.17429206725950747, 0.17766195930602924, 0.18220963977887855, 0.18791727049991985, 0.19475258350318564, 0.2026616365418696, 0.2115598696454842, 0.22132182813054055, 0.23177023943089584, 0.2426655468395356, 0.2536974978110376, 0.26448086007679816, 0.27455768730197955, 0.2834085774188043, 0.2904748905699141, 0.29519273514841804, 0.2970376786604923, 0.29557672850873046, 0.2905216080377405, 0.2817753400220105, 0.2694634219160971, 0.25394199299226566, 0.23577857055633328, 0.2157056897313712, 0.19455311595083433, 0.1731687648021499, 0.15234081620764983, 0.13273298330734984, 0.1148417003073944, 0.09897904622532375, 0.08528001450296928, 0.07372857737013984, 0.06419480036575373, 0.05647512443742236, 0.050329457919540785, 0.04551105697700718, 0.04178760311517989, 0.03895378829799196, 0.036836916616777585, 0.03529748688229114, 0.03422668042386187, 0.03354230991714113, 0.03318434424981682, 0.03311068420743308, 0.033293542076980966, 0.03371653773287898, 0.034372499760405135, 0.03526188201430862, 0.036391692808983175, 0.03777482489684587, 0.03942969454179252, 0.041380102245056324]
7.083088823944318	3.0233044157462072	[0.043620702364060994, 0.04625418920525702, 0.04928729740674572, 0.05276596622015914, 0.05674164793023488, 0.061270905495511375, 0.06641459316512435, 0.07223645504352498, 0.07880095825794621, 0.08617016992080326, 0.09439950649930377, 0.10353223883473672, 0.11359274452697635, 0.12457866752070308, 0.136452379777858, 0.14913242473777555, 0.16248592853205965, 0.17632323068876066, 0.19039613819957, 0.20440115428675948, 0.21798870835435846, 0.2307787823167589, 0.24238243593829847, 0.2524277002875601, 0.26058733665102884, 0.2666052767609844, 0.2703183774380951, 0.2716705444138162, 0.2707172771052095, 0.26762007457943127, 0.26263163938801387, 0.25607410344058756, 0.2483133267515947, 0.23973255489006118, 0.23070838637553795, 0.22159124088108714, 0.21269154878017327, 0.20427191898956792, 0.19654475416803174, 0.189674260731713, 0.1837815602232165, 0.17895160434819607, 0.17524075379984375, 0.1726841215323452, 0.17130203669541116, 0.17110521084243016, 0.17209835829508213, 0.17428213357475422, 0.17765330700978055, 0.18220312320838727, 0.187913795729146, 0.19475311202787396, 0.2026671800068097, 0.21157147122559597, 0.22134052769411486, 0.2317970182356642, 0.24270125068840548, 0.2537427379408568, 0.2645358970785218, 0.27462230605921156, 0.2834819694682064, 0.29055556304476743, 0.29527847186418316, 0.2971255752442786, 0.29566332049864047, 0.29060309465792206, 0.28184789206524047, 0.2695235382837032, 0.2539868578239231, 0.23580635045777137, 0.21571571999892308, 0.19454593801851974, 0.17314601024530188, 0.152304957881794, 0.13268700464656652, 0.11478874040665923, 0.09892208188258593, 0.08522161891457858, 0.07367077939139187, 0.06413903940261192, 0.05642228585217592, 0.050279958500941975, 0.04546495605482648, 0.04174471325186988, 0.038913773719388346, 0.03679936881536499, 0.03526197915649667, 0.03419280093635306, 0.03350968045942508, 0.033152626652746375, 0.03307958103687852, 0.03326279231771582, 0.03368591193736672, 0.03434179388349305, 0.03523091277183306, 0.03636029305946001, 0.037742841055693484, 0.039396984412290253, 0.04134653495429252]
7.085939695626485	3.022386497464667	[0.04358620470709526, 0.0462186110845448, 0.04925055303048226, 0.05272799472406388, 0.05670242120902033, 0.06123043908520282, 0.06637295885713247, 0.07219379657287076, 0.07875750833602531, 0.08612626921618236, 0.09435562188714174, 0.10348898026672981, 0.11355087644513266, 0.12453911275219924, 0.1364162107353274, 0.14910083945295305, 0.1624602071283043, 0.1763046721736569, 0.19038597741064975, 0.20440046474886087, 0.21799829790209446, 0.2307990940492558, 0.2424134665921444, 0.2524689503252136, 0.2606378014655828, 0.2666634854823681, 0.2703824771132271, 0.2717384221868103, 0.2707867054045847, 0.2676888625239344, 0.2626977719525304, 0.25613585411373063, 0.2483693334662722, 0.2397818562130038, 0.23075042001464816, 0.22162581176386734, 0.2127187759988442, 0.20429217186745535, 0.1965585864408402, 0.18968234989946856, 0.18378465674822084, 0.17895049289639905, 0.1752362271450482, 0.1726769659878929, 0.17129302769401955, 0.17109511622835255, 0.17208794758388815, 0.174272190519071, 0.1776446438701415, 0.1821965938626148, 0.1879103058523571, 0.1947536227733189, 0.20267270278923485, 0.21158304909341138, 0.22135920054790123, 0.23182376749484013, 0.2427369224815143, 0.2537879439213657, 0.26459089833943916, 0.2746868879454387, 0.2835553239023341, 0.29063619732956375, 0.2953641697750844, 0.2972134320976708, 0.29574987140109266, 0.2906845383747415, 0.2819203992087435, 0.26958360802110765, 0.2540316752907642, 0.2358340839798407, 0.2157257073261824, 0.19453872341738998, 0.17312322821442228, 0.15226908374419848, 0.13264102357122293, 0.11473579212596995, 0.09886514279386313, 0.08516326077950528, 0.07361302898897713, 0.06408333362933462, 0.056369507583388885, 0.05023052219878964, 0.045418919179914946, 0.04170188690680064, 0.0388738211959851, 0.036761881023910745, 0.03522652919329221, 0.03415897694480349, 0.03347710441585961, 0.03312096061394997, 0.033048527878677264, 0.03323209129890277, 0.03365533390860024, 0.034311135032993594, 0.035199990049066265, 0.03632893948538869, 0.03771090319849737, 0.039364320155566554, 0.04131301348729098]
7.088790567308652	3.0214686728753293	[0.04355175276563083, 0.04618307847814005, 0.04921385402125546, 0.05269006808600108, 0.05666323873061011, 0.06119001577906035, 0.06633136621826784, 0.07215117762085582, 0.078714095284158, 0.08608240182995049, 0.09431176637962538, 0.10344574557334668, 0.11350902630508239, 0.1244995690369934, 0.13638004533698625, 0.1490692497711457, 0.16243447322625815, 0.17628609301832313, 0.19037578845050432, 0.2043997401808247, 0.21800784682897018, 0.2308193607979621, 0.24244444951602598, 0.25251015125340137, 0.2606882172751354, 0.2667216463454034, 0.27044653104350214, 0.27180625680565407, 0.2708560935132893, 0.2677576132389944, 0.2627638702340009, 0.2561975732415338, 0.24842531124863607, 0.23983113103264836, 0.23079242949979117, 0.22166036075008938, 0.21274598353733434, 0.20431240722093333, 0.1965724032578163, 0.18969042556224627, 0.18378774151420374, 0.17894937120815924, 0.17523169143272663, 0.17266980223762254, 0.1712840108768767, 0.17108501379164776, 0.17207752850660804, 0.174262238138216, 0.1776359698915581, 0.18219005179635242, 0.18790680087497244, 0.19475411580517854, 0.2026782048961837, 0.21159460332645466, 0.22137784670017385, 0.23185048729782118, 0.24277256222698915, 0.2538331158529466, 0.2646458638653965, 0.2747514330705518, 0.28362864072222593, 0.29071679354206276, 0.2954498288749025, 0.2973012493451218, 0.2958363812009922, 0.2907659393195439, 0.2819928614286581, 0.26964363126864527, 0.2540764453618124, 0.23586177127428257, 0.21573565167559436, 0.19453147230896384, 0.17310041866056927, 0.152233193956131, 0.1325950400092791, 0.11468285560901054, 0.09880822885023784, 0.08510494020683503, 0.07355532600991949, 0.06402768311217517, 0.0563167894386997, 0.05018114903962361, 0.04537294613479151, 0.04165912407710045, 0.03883393050206511, 0.036724453221344884, 0.035191136772111165, 0.03412520841813838, 0.03344458157858025, 0.03308934609686436, 0.033017524540167494, 0.033201438980484874, 0.033624803468535025, 0.03428052316623626, 0.03516911368070435, 0.03629763204222342, 0.0376790111707234, 0.03933170172631551, 0.041279537698910525]
7.091641438990819	3.020550943023341	[0.043517346343267094, 0.0461475913975653, 0.049177200194971925, 0.052652186320159534, 0.05662410032362445, 0.06114963559870441, 0.06628981509139538, 0.07210859822215199, 0.07867071896258089, 0.08603856781502037, 0.094267939857868, 0.10340253482997659, 0.11346719401181252, 0.12446003647483754, 0.13634388351291868, 0.14903765581485423, 0.1624087267796546, 0.17626749336255976, 0.1903655712924424, 0.20439898073142973, 0.21801735512235235, 0.2308395827114997, 0.24247538470618174, 0.2525513032128615, 0.26073858408132916, 0.2667797594779492, 0.27051053923450996, 0.27187404838304774, 0.2709254414407202, 0.26782632682166735, 0.26282993424581835, 0.2562592609056906, 0.24848126011596902, 0.23988037941577645, 0.2308344148516879, 0.22169488789213068, 0.2127731714193475, 0.20433262508869324, 0.19658620464557414, 0.18969848774612483, 0.18379081455128626, 0.17894823929842132, 0.17522714669786837, 0.17266263028715897, 0.17127498628590526, 0.1710749035305907, 0.17206710111467954, 0.17425227642497065, 0.17762728513777243, 0.182183496998279, 0.18790328087564187, 0.19475459110858673, 0.2026836864231963, 0.21160613390572333, 0.22139646626440887, 0.2318771776196418, 0.24280817005632124, 0.25387825370189226, 0.2647007938053925, 0.27481594138897997, 0.28370192009391454, 0.2907973516219695, 0.2955354493467233, 0.2973890269092797, 0.2959228500991199, 0.290847297396244, 0.28206527894484246, 0.26970360791084896, 0.2541211682780461, 0.23588941220647006, 0.21574555330991227, 0.19452418453816692, 0.1730775818628451, 0.15219728833583004, 0.13254905424131325, 0.11462993063655484, 0.0987513403128698, 0.0850466569314267, 0.07349767067835415, 0.06397208754207603, 0.056264131598262226, 0.05013183868453455, 0.04532703705913849, 0.04161642441419736, 0.03879410174527663, 0.03668708506782543, 0.035155801976625635, 0.03409149503716817, 0.033412112012796556, 0.03305778280794082, 0.03298657107142073, 0.033170835094518805, 0.03359432065439381, 0.034249958038157724, 0.03513828369328151, 0.03626637050417189, 0.03764716499070576, 0.03929912891466275, 0.0412461076022823]
7.094492310672986	3.019633308950033	[0.043482985508061255, 0.04611214959856013, 0.049140591617173546, 0.05261434919683914, 0.05658500605676801, 0.061109298329053735, 0.06624830555459423, 0.07206605817776099, 0.07862737946475279, 0.08599476699130706, 0.09422414243601758, 0.10335934787858243, 0.11342537970349707, 0.12442051493207668, 0.13630772542540714, 0.14900605747519713, 0.1623829679708959, 0.17624887312015688, 0.19035532613123363, 0.204398186333035, 0.21802682297949866, 0.23085975973610887, 0.24250627235275007, 0.25259240616001766, 0.26078890205989236, 0.2668378248447272, 0.27057450184341425, 0.2719417968916904, 0.27099474932398493, 0.26789500325295146, 0.2628959641050996, 0.25632091709560284, 0.24853718016604404, 0.23992960135975236, 0.2308763761495285, 0.2217293931945575, 0.21280033970632342, 0.2043528254818887, 0.1965999906488508, 0.1897065364688205, 0.18379387588888402, 0.17894709719228682, 0.1752225929562631, 0.17265545017071, 0.17126595392512428, 0.17106478549098883, 0.17205666540210654, 0.17424230543975297, 0.1776185895940903, 0.1821769295465907, 0.1878997458314627, 0.194755048782418, 0.20268914733847948, 0.21161764095301994, 0.22141505919788343, 0.2319038386064547, 0.24284374591261634, 0.25392335763947915, 0.26475568808443306, 0.27488041309773237, 0.2837751619203406, 0.2908778717929259, 0.2956210310677921, 0.29747676504172776, 0.29600927794384513, 0.29092861288609534, 0.28213765157447085, 0.26976353826096544, 0.2541658438246471, 0.23591700712373323, 0.21575541198229634, 0.19451686048453914, 0.17305471753996768, 0.1521613672839664, 0.13250306594459707, 0.1145770176093231, 0.09869447680975164, 0.08498841133010313, 0.07344006257275436, 0.06391654725502133, 0.05621153360354362, 0.0500825914231904, 0.04528119147950462, 0.04157378816455603, 0.038754334460549315, 0.036649776772736856, 0.03512052436758492, 0.03405783697968232, 0.033379695314141665, 0.03302627089744867, 0.032955667104834434, 0.03314027976710873, 0.03356388513265697, 0.034219439754106046, 0.03510749978256705, 0.03623515495966297, 0.037615364378318396, 0.039266601796450085, 0.041212722936855316]
7.097343182355153	3.0187157716927233	[0.043448669941676725, 0.0460767532118637, 0.04910402798865277, 0.052576556843762105, 0.056545955647713315, 0.0610690041019473, 0.06620683734213045, 0.07202355763076247, 0.07858407654309785, 0.0859509995195836, 0.09418037388741786, 0.1033161849024338, 0.11338358317736381, 0.12438100461623468, 0.13627157089743022, 0.14897445498141604, 0.16235719664843115, 0.1762302325349142, 0.1903450528382548, 0.20439735723345082, 0.21803625029103255, 0.23087989211228138, 0.2425371123625395, 0.2526334603186664, 0.26083917113251587, 0.2668958426468288, 0.2706384188069762, 0.2720095025070051, 0.2710640171154227, 0.2679636426815523, 0.26296195977966996, 0.2563825419332447, 0.24859307138138595, 0.23997879696049185, 0.23091831338947946, 0.2217638767284269, 0.21282748840718244, 0.20437300844825668, 0.1966137612889122, 0.18971457175646364, 0.1837969255608948, 0.17894594489606444, 0.17521803025559637, 0.17264826187655327, 0.17125691385809258, 0.17105465964473718, 0.1720462214512156, 0.17423232513933284, 0.17760988336502515, 0.1821703493834781, 0.18789619587268178, 0.1947554887537805, 0.202694587801241, 0.21162912437858258, 0.2214336256913161, 0.23193047014851934, 0.24287929001983194, 0.25396842753179216, 0.26481054696077766, 0.27494484803388136, 0.2838483664948585, 0.2909583538580261, 0.2957065743676511, 0.29756446350709603, 0.2960956651029828, 0.29100988551207435, 0.28220997972724193, 0.2698234219991325, 0.2542104724575086, 0.23594455566357023, 0.2157652281961202, 0.1945094997418357, 0.17303182623529148, 0.15212543034568324, 0.13245707568307208, 0.11452411601728428, 0.09863763889833267, 0.08493020283669803, 0.07338250221890102, 0.06386106164010343, 0.05615899593307307, 0.05003340662336523, 0.04523540982209881, 0.04153121470266392, 0.03871462902316885, 0.036612527741150425, 0.03508530427294255, 0.03402423369605484, 0.03334733176708052, 0.03299480986634116, 0.03292481288541583, 0.03310977254808312, 0.03353349711352416, 0.03418896790714375, 0.035076762129389635, 0.03620398503787858, 0.037583609491101115, 0.03923412003002069, 0.04117938384338251]
7.10019405403732	3.0177983322848734	[0.043414399754084614, 0.04604140195381713, 0.049067509414026385, 0.05253880899407636, 0.05650694920230384, 0.06102875266653993, 0.06616541056779221, 0.07198109634736587, 0.0785408103258816, 0.08590726518556481, 0.09413663436034976, 0.10327304570983545, 0.11334180460505024, 0.12434150536074245, 0.136235420123793, 0.1489428481928604, 0.16233141302566712, 0.17621157149053518, 0.1903347516369326, 0.20439649333727858, 0.21804563727962648, 0.23089997976162308, 0.2425679049471393, 0.25267446562464224, 0.2608893914919773, 0.2669538128332968, 0.2707022902947365, 0.2720771651914424, 0.27113324495957003, 0.26803224508369966, 0.2630279213888443, 0.25644413540847705, 0.2486489338566181, 0.2400279662207629, 0.2309602266423733, 0.22179833850846256, 0.21285461757012952, 0.20439317401374998, 0.19662751659272654, 0.18972259364609642, 0.1837999635746627, 0.1789447824585957, 0.17521345858537432, 0.17264106546696728, 0.17124786605830444, 0.17104452607003984, 0.17203576922112548, 0.17422233562093387, 0.17760116639646564, 0.18216375662850517, 0.18789263093226555, 0.1947559111676793, 0.20270000773069782, 0.21164058435530944, 0.22145216564807166, 0.23195707244819702, 0.24291480226224862, 0.2540134636114488, 0.2648653702957004, 0.2750092464607359, 0.2839215336516603, 0.2910387981118646, 0.29579207904954213, 0.29765212263242413, 0.2961820113454544, 0.29109111563577794, 0.282282263135476, 0.2698832595247356, 0.2542550538716776, 0.23597205826602755, 0.21577500160898863, 0.19450210278882513, 0.17300890756623982, 0.15208947802634934, 0.13241108302733454, 0.11447122636973071, 0.09858082609627249, 0.08487203193848349, 0.07332498908417961, 0.06380563114314701, 0.056106518019773545, 0.049984284681115154, 0.045189691510441464, 0.041488704375216186, 0.03867498487278624, 0.03657533827450337, 0.03505014116723781, 0.033990685446901, 0.033315020890503484, 0.032963399938384944, 0.032894007977906044, 0.03307931362834286, 0.033503156203978326, 0.03415854265979388, 0.03504607037695429, 0.03617286087807873, 0.03755190000197894, 0.03920168373699467, 0.04114609001870937]
7.1030449257194865	3.0168809917561137	[0.04338017483362285, 0.046006095756028736, 0.04903103578881055, 0.05250110558599554, 0.05646798662518744, 0.060988543970979775, 0.06612402514844225, 0.07193867428981425, 0.07849758074605621, 0.0858635639701676, 0.09409292380787893, 0.10322993030440963, 0.11330004396281554, 0.12430201719415367, 0.13619927310477759, 0.1489112371622094, 0.16230561712453534, 0.1761928900594918, 0.19032442256536602, 0.2043955947297606, 0.21805498399239756, 0.23092002277445386, 0.2425986501560517, 0.25271542216716, 0.26093956318569983, 0.2670117354886341, 0.2707661163499705, 0.27214478502336326, 0.2712024328949683, 0.26810081053127416, 0.26309384896631205, 0.25650569758665265, 0.24870476762046453, 0.24007710919940786, 0.2310021159318898, 0.22183277858716055, 0.21288172721391044, 0.20441332222493247, 0.19664125657455572, 0.18973060217913387, 0.18380298994087627, 0.17894360991737768, 0.17520887795416187, 0.17263386097722525, 0.1712388105341532, 0.1710343848019842, 0.17202530872235142, 0.1742123369215795, 0.17759243870338562, 0.18215715132246926, 0.18788905103167292, 0.19475631606983593, 0.2027054071561549, 0.21165202093397195, 0.22147067910576984, 0.23198364556028805, 0.24295028268539257, 0.25405846593529025, 0.2649201581416289, 0.27507360843465944, 0.2839946634488747, 0.2911192046077776, 0.2958775451762713, 0.29773974246594376, 0.2962683167383275, 0.29117230329940863, 0.28235450187129835, 0.2699430508747357, 0.2542995881462662, 0.2359995149643793, 0.21578473230761375, 0.19449466965370774, 0.17298596162194338, 0.1520535103408586, 0.13236508805567976, 0.11441834865399632, 0.09852403845406109, 0.08481389858226923, 0.07326752317952272, 0.06375025566700195, 0.05605409983455323, 0.049935225463484785, 0.045144036484802454, 0.0414462570282226, 0.038635401931939956, 0.036538208212192246, 0.03501503496601795, 0.033957192074865784, 0.03328276259934936, 0.03293204096422826, 0.032863252299294154, 0.03304890286767728, 0.03347286232360724, 0.034128163880312014, 0.035015424447275824, 0.03614178235582611, 0.03752023583535312, 0.039169292799384726, 0.04111284139016181]
7.1058957974016534	3.0159637511321566	[0.043345994939852736, 0.04597083467475089, 0.048994606888020105, 0.05246344667545724, 0.05642906770615883, 0.0609483780766107, 0.0660826808897457, 0.07189629153071311, 0.0784543876276463, 0.08581989596280493, 0.09404924207574376, 0.10318683879656076, 0.11325830112123739, 0.124262540249415, 0.13616312973748093, 0.1488796220427706, 0.16227980886799587, 0.17617418840928575, 0.1903140655693752, 0.20439466158346273, 0.21806429039368438, 0.2309400213183937, 0.2426293479679886, 0.25275633010024795, 0.2609896862040431, 0.26706961074745034, 0.27082989697370474, 0.27221236211514216, 0.2712715809334948, 0.26816933911379176, 0.263159742535188, 0.2565672285348549, 0.24876057270716678, 0.24012622594176652, 0.23104398130272352, 0.22186719698885016, 0.2129088173928603, 0.20443345308605565, 0.1966549812979612, 0.18973859734102907, 0.18380600473267733, 0.17894242724070597, 0.1752042884459118, 0.17262664836035801, 0.17122974738244676, 0.17102423578028172, 0.17201484006719217, 0.1742023289694085, 0.17758370041646857, 0.18215053338320455, 0.18788545632266268, 0.19475670336826054, 0.20271078625242556, 0.21166343401221574, 0.2214891662631395, 0.23201018937047097, 0.24298573151158123, 0.2541034343746771, 0.26497491074339174, 0.2751379338102063, 0.284067756152812, 0.29119957318140777, 0.29596297303531427, 0.29782732282267593, 0.29635458159082345, 0.29125344829577293, 0.28242669626711314, 0.2700027958184922, 0.2543440756389397, 0.23602692550395887, 0.21579442067574497, 0.19448720005633272, 0.17296298880700783, 0.15201752697809373, 0.13231909117825943, 0.11436548251883041, 0.09846727636481593, 0.08475580237065365, 0.07321010486059185, 0.06369493477322534, 0.056001741685348154, 0.04988622850837175, 0.045098445005753704, 0.04140387219895187, 0.03859588041978861, 0.03650113711109745, 0.03497998585358031, 0.033923753169061766, 0.03325055704813589, 0.03290073256989756, 0.03283254597814211, 0.03301853992797024, 0.033442615578446994, 0.03409783126228803, 0.03498482442749179, 0.036110749191236656, 0.03748861706349051, 0.03913694695894552, 0.04107963801957597]
7.10874666908382	3.01504661143484	[0.04331186009004018, 0.04593561851791676, 0.048958222728327734, 0.05242583208326057, 0.05639019246592349, 0.06090825481795909, 0.06604137782146818, 0.07185394792078732, 0.07841123101486831, 0.0857762610338, 0.09400558922742408, 0.10314377107985506, 0.11321657616623376, 0.12422307444595447, 0.13612699013042487, 0.14884800278013866, 0.1622539883833641, 0.17615546650901953, 0.19030368078750148, 0.204393693886016, 0.21807355662371372, 0.23095997539416427, 0.24265999851600648, 0.25279718943380136, 0.2610397606667271, 0.2671274386271345, 0.27089363226910684, 0.2722798964914256, 0.2713406891604583, 0.26823783086312974, 0.2632256021624587, 0.25662872829181343, 0.24881634916539833, 0.24017531649285573, 0.23108582278570472, 0.22190159376440244, 0.21293588812085382, 0.20445356665371187, 0.19666869076104004, 0.18974657919438911, 0.18380900793378355, 0.1789412344980914, 0.17519969003161123, 0.172619427694354, 0.17122067656329984, 0.17101407909359378, 0.17200436320680285, 0.17419231186633125, 0.17757495147960548, 0.18214390292842061, 0.18788184674302888, 0.19475707319853336, 0.20271614495158377, 0.21167482374468227, 0.22150762704599952, 0.23203670405256221, 0.24302114865901858, 0.25414836912171695, 0.26502962800962654, 0.2752022227962091, 0.2841408116602426, 0.2912799040565471, 0.2960483625091893, 0.29791486394015854, 0.29644080576934956, 0.29133455087661175, 0.28249884617284704, 0.27006249462465803, 0.2543885161843423, 0.23605429017340343, 0.21580406653302506, 0.19447969430375872, 0.17293998892149234, 0.1519815282526542, 0.13227309216512656, 0.1143126282671135, 0.09841053955758738, 0.08469774357475117, 0.0731527338123229, 0.06363966868902207, 0.0559494432222404, 0.04983729399793896, 0.04505291670698856, 0.04136155003096187, 0.03855641997364755, 0.03646412508455639, 0.03494499348598378, 0.03389036881934773, 0.03321840391958507, 0.03286947482618342, 0.032801888725601275, 0.03298822486388011, 0.033412415706025864, 0.03406754484671665, 0.03495427007778856, 0.036079761414246556, 0.03745704346532742, 0.03910464623754452, 0.04104647970141379]
7.111597540765987	3.014129573682204	[0.0432777701813477, 0.045900447209693024, 0.04892188321404346, 0.052388261739963235, 0.05635136081806455, 0.06086817413516577, 0.06600011586976907, 0.07181164341368046, 0.07836811085044125, 0.08573265915464433, 0.09396196522634334, 0.10310072714738258, 0.11317486908507232, 0.12418361980042164, 0.13609085429562912, 0.14881637941358414, 0.16222815570524823, 0.17613672441636427, 0.19029326827183635, 0.20439269170675892, 0.21808278274527326, 0.23097988507526196, 0.24269060186700117, 0.25283800023909814, 0.26108978663994004, 0.26718521919269095, 0.27095732229919606, 0.27234738820925586, 0.2714097576351158, 0.26830628582820915, 0.2632914279038814, 0.2566901968986691, 0.24887209704767219, 0.2402243808862434, 0.2311276404300778, 0.22193596893986123, 0.2129629394437817, 0.20447366294661762, 0.19668238500655996, 0.18975454775126832, 0.18381199958466005, 0.17894003169616823, 0.17519508275087384, 0.17261219898221566, 0.17121159811744796, 0.17100391474345228, 0.17199387818530534, 0.17418228561467541, 0.17756619194253054, 0.1821372599632816, 0.18787822234990387, 0.19475742557009723, 0.20272148331908335, 0.21168619014560866, 0.22152606152789442, 0.2320631896250718, 0.24305653420798926, 0.2541932701979001, 0.2650843100253683, 0.27526647541567967, 0.2842138300590424, 0.2913601972566518, 0.29613371368725805, 0.29800236584168605, 0.29652698936396693, 0.29141561106474745, 0.28257095167911167, 0.2701221473157507, 0.25443290987436434, 0.23608160899544345, 0.21581366997297352, 0.19447215241734853, 0.17291696205651624, 0.15194551417681781, 0.13222709109332642, 0.11425978588789171, 0.09835382807926392, 0.0846397221466268, 0.07309541003996385, 0.063584457324936, 0.055897204408689505, 0.04978842180851848, 0.045007451520163166, 0.04131929038057626, 0.03851702050692347, 0.03642717198282911, 0.03491005776960459, 0.03385703887934314, 0.033186303119703726, 0.03283826759447882, 0.0327712804500987, 0.03295795754551273, 0.033382262617770365, 0.034037304511678836, 0.03492376131237772, 0.0360488189097919, 0.03742551495772371, 0.03907239052622081, 0.04101336635558807]
7.114448412448154	3.0132126388884544	[0.043243725131255344, 0.045865320655310474, 0.04888558826829305, 0.05235073555836832, 0.056312572693886426, 0.06082813595133988, 0.06595889497763568, 0.07176937794654359, 0.07832502709328923, 0.08568909028075981, 0.09391837005163604, 0.10305770697669729, 0.11313317988030885, 0.12414417631472208, 0.1360547222598866, 0.148784751968698, 0.16220231088211906, 0.17611796217651757, 0.19028282808670885, 0.20439165510380966, 0.21809196883100135, 0.2309997504254675, 0.24272115809495362, 0.25287876257990693, 0.261139764194347, 0.26724295250474106, 0.27102096712913937, 0.2724148373249469, 0.2714787864164299, 0.268374704060702, 0.2633572198119619, 0.256751634402232, 0.24892781639987122, 0.24027341916372044, 0.2311694342751041, 0.22197032255205085, 0.21298997139456513, 0.20449374199699513, 0.1966960640617247, 0.18976250304001924, 0.1838149797077994, 0.17893881886061197, 0.17519046662293827, 0.17260496224861357, 0.17120251206276346, 0.1709937427555925, 0.1719833850213533, 0.17417225024347377, 0.17755742182680162, 0.18213060452217594, 0.18787458316947947, 0.19475776052419094, 0.20272680138672705, 0.21169753326369622, 0.22154446974622835, 0.23208964614375124, 0.24309188820050762, 0.2542381376647259, 0.26513895683552924, 0.2753306917340194, 0.2842868113949947, 0.2914404528490861, 0.2962190266143008, 0.29808982859509925, 0.2966131324173832, 0.2914966289282473, 0.2826430128270422, 0.2701817539615651, 0.25447725675044225, 0.23610888204354843, 0.21582323103796275, 0.19446457447265933, 0.17289390825034262, 0.15190948481908198, 0.132181087984432, 0.11420695542700623, 0.09829714191926141, 0.08458173809496557, 0.0730381334912009, 0.06352930064730113, 0.05584502515253729, 0.0497396118702822, 0.04496204932473777, 0.041277093154653735, 0.038477681885161215, 0.036390277702343134, 0.03487517856777234, 0.03382376324396184, 0.03315425451636927, 0.03280711077261579, 0.03274072102661032, 0.03292773787494224, 0.03335215619584135, 0.03400711016334204, 0.03489329801975844, 0.03601792158767787, 0.03739403143470809, 0.039040179738315806, 0.04098029788141784]
7.117299284130321	3.0122958080639366	[0.04320972484456789, 0.045830238772694924, 0.04884933780227636, 0.052313253463337664, 0.05627382801323864, 0.06078814020128891, 0.06591771507689102, 0.07172715146801281, 0.07828197969126881, 0.08564555437895009, 0.09387480367134628, 0.1030147105566249, 0.11309150854331286, 0.12410474400183368, 0.13601859403872185, 0.14875312048182765, 0.16217645395126448, 0.17609917984503867, 0.19027236028568303, 0.20439058414521694, 0.218101114943579, 0.23101957151794905, 0.24275166726494543, 0.25291947652854707, 0.26118969339278275, 0.2673006386312267, 0.27108456681727017, 0.2724822439006678, 0.2715477755575788, 0.26844308561672525, 0.2634229779346619, 0.256813040852574, 0.24898350726471885, 0.24032243136930398, 0.231211204358227, 0.22200465463899452, 0.21301698400548336, 0.20451380383718937, 0.1967097279541055, 0.18977044508803406, 0.18381794832700568, 0.17893759601508313, 0.17518584166931106, 0.17259771751519373, 0.1711934184203878, 0.1709835631517313, 0.17197288373794373, 0.17416220577672067, 0.17754864115947774, 0.18212393663335807, 0.18787092923469434, 0.1947580780947047, 0.20273209919439314, 0.21170885313890464, 0.2215628517478639, 0.23211607365399214, 0.24312721068946166, 0.2542829715714891, 0.26519356849739895, 0.27539487180248173, 0.2843597557280318, 0.2915206708852366, 0.29630430135147034, 0.298177252250624, 0.2966992349912627, 0.2915776045158105, 0.2827150296792324, 0.2702413146101873, 0.2545215568775962, 0.23613610936652177, 0.21583274979586312, 0.19445696051762096, 0.17287082756887567, 0.1518734402180398, 0.13213508288996043, 0.11415413689900719, 0.09824048109875963, 0.08452379139647584, 0.07298090414623669, 0.06347419859048008, 0.05579290539374093, 0.0496908640822909, 0.04491671003094619, 0.04123495823067214, 0.03843840400264966, 0.03635344211251776, 0.03484035577008718, 0.033790541783793, 0.03312225800106542, 0.032776004236798835, 0.03271021035110302, 0.03289756573511437, 0.03332209634100792, 0.03397696169092185, 0.034862880104996205, 0.035987069342557104, 0.037362592805216435, 0.03900801377343514, 0.04094727419184871]
7.120150155812488	3.01137908221523	[0.043175769210332435, 0.045795201495500724, 0.048813131712373066, 0.052275815394639526, 0.05623512668173197, 0.06074818683422616, 0.06587657608545995, 0.07168496394079392, 0.07823896857842498, 0.0856020514298731, 0.09383126603966513, 0.10297173788965243, 0.11304985505152562, 0.12406532288816283, 0.13598246963377364, 0.14872148500244675, 0.16215058493640863, 0.17608037749022412, 0.19026186490947036, 0.20438947891122486, 0.21811022113390593, 0.23103934843724072, 0.24278212943155605, 0.2529601421674589, 0.2612395742889131, 0.26735827764856124, 0.27114812141410205, 0.2725496080051962, 0.27161672510537804, 0.26851143055719195, 0.2634887023152278, 0.25687441630295, 0.24903916968200443, 0.24037141754877092, 0.23125295071572582, 0.22203896523912386, 0.21304397730927704, 0.2045338484985893, 0.19672337671318288, 0.18977837392035637, 0.18382090546930202, 0.17893636317950218, 0.17518120791597316, 0.1725904647984794, 0.1711843172172125, 0.17097337594706785, 0.1719623743651592, 0.17415215223045194, 0.17753984997612662, 0.18211725631559297, 0.18786726058852501, 0.19475837830437104, 0.202737376793624, 0.21172014979820142, 0.22158120759305389, 0.23214247218619416, 0.24316250174299084, 0.2543277719504011, 0.26524814508560707, 0.2754590156531693, 0.2844326631378459, 0.2916008513953454, 0.29638953798241086, 0.29826463683526805, 0.296785297172564, 0.2916585378504447, 0.28278700232616605, 0.27030082928092386, 0.2545658103511049, 0.23616329098091796, 0.2158422263473405, 0.1944493105646403, 0.17284772011366978, 0.15183738037422753, 0.13208907589986363, 0.114101330278676, 0.09818384567939692, 0.0844658819872281, 0.07292372202650908, 0.06341915104830119, 0.055740845112902455, 0.04964217830427805, 0.044871433587876576, 0.041192885449038374, 0.038399186789844136, 0.03631666504873205, 0.03480558929907962, 0.0337573743388056, 0.03309031349477097, 0.03274494783605631, 0.03267974834570649, 0.032867440984993994, 0.033292082977191426, 0.03394685896243457, 0.03483250749374341, 0.03595626205017825, 0.037331198996693925, 0.03897589251408324, 0.04091429521673199]
7.123001027494655	3.0104624623450906	[0.043141858094268466, 0.04576020878115287, 0.04877696987151868, 0.052238421316150675, 0.056196468581000164, 0.060708275824129396, 0.06583547789596866, 0.07164281535381345, 0.07819599366191089, 0.08555858144227542, 0.09378775708182001, 0.10292878900870166, 0.1130082193509689, 0.12402591303327261, 0.13594634901245023, 0.14868984561611984, 0.16212470382390795, 0.17606155521944472, 0.19025134195802473, 0.20438833952411098, 0.2181192874086511, 0.23105908131291375, 0.24281254460178378, 0.2530007596272953, 0.26128940688570446, 0.26741586968477044, 0.2712116309164796, 0.2726169297624506, 0.2716856350499219, 0.26857973900165916, 0.2635543929368521, 0.256935760868662, 0.24909480362785166, 0.24042037781329173, 0.23129467331646503, 0.2220732544596678, 0.21307095126755488, 0.2045538760848918, 0.19673701029372195, 0.18978628963791355, 0.18382385108355873, 0.17893512045321258, 0.17517656530742876, 0.17258320419782813, 0.1711752083954505, 0.17096318124283524, 0.17195185684540878, 0.1741420897095895, 0.17753104822203905, 0.18211056367884057, 0.18786357718175975, 0.1947586612685827, 0.20274263414298901, 0.2117314233614215, 0.22159953724990877, 0.23216884186205783, 0.24319776133999244, 0.2543725389210598, 0.26530268659080336, 0.27552312339884344, 0.2845055336278515, 0.2916809944806784, 0.29647473652456924, 0.29835198243502214, 0.2968713189943454, 0.29173942900070193, 0.28285893081846225, 0.27036029802487227, 0.2546100172411001, 0.23619042692173534, 0.21585166078183635, 0.19444162463202844, 0.172824585987154, 0.15180130528265295, 0.13204306711494443, 0.11404853552555934, 0.0981272357416513, 0.08440800978060045, 0.07286658717841252, 0.06336415788682738, 0.05568884431983198, 0.0495935543652949, 0.044826219976242754, 0.04115087461830898, 0.03836003020960913, 0.03627994631465627, 0.03477087910921525, 0.03372426071828949, 0.03305842094912258, 0.032713941390264484, 0.03264933496155472, 0.032837363456079724, 0.033262116055626, 0.033916801820009716, 0.03480218013747479, 0.03592549956168985, 0.037299849961269727, 0.03894381581904007, 0.04088136090990367]
7.125851899176822	3.0095459494525456	[0.04310799085496205, 0.04572526108107675, 0.048740851669965155, 0.05220107166677152, 0.05615785312348056, 0.06066840761118865, 0.06579441993672785, 0.07160070616097036, 0.07815305438214935, 0.08551514489465671, 0.09374427624927163, 0.10288586442469914, 0.11296660090479961, 0.12398651498380167, 0.13591023165094226, 0.14865820290258802, 0.1620988101039728, 0.17604271363674212, 0.19024079093580584, 0.20438716659872827, 0.21812831328652937, 0.23107877075562203, 0.242842912309397, 0.2530413295014881, 0.261339190734005, 0.26747341530717317, 0.27127509489480944, 0.27268420970902363, 0.2717545049827202, 0.2686480114545728, 0.263620049411954, 0.2569970750226323, 0.24915040873390623, 0.24046931260613835, 0.2313363718090026, 0.22210752271675507, 0.21309790554364363, 0.2045738869876977, 0.19675062837240578, 0.1897941926101658, 0.1838267848595352, 0.17893386818550525, 0.17517191354766903, 0.17257593604373972, 0.171166091676113, 0.170952979351185, 0.1719413309212572, 0.1741320185068949, 0.17752223566767286, 0.1821038589932041, 0.18785987882093455, 0.19475892722850693, 0.20274787109514952, 0.21174267403088629, 0.22161784062911413, 0.2321951828313393, 0.24323298946283176, 0.2544172725636102, 0.2653571930821457, 0.27558719503080714, 0.2845783673699002, 0.29176110002392946, 0.2965598972681453, 0.29843928880572684, 0.29695730087954236, 0.2918202775813209, 0.28293081572407963, 0.2704197203077205, 0.2546541782689748, 0.23621751650446368, 0.21586105397419006, 0.19443390188858872, 0.17280142620270783, 0.15176521397144405, 0.13199705765395273, 0.11399575153769095, 0.09807065246289494, 0.08435017356619035, 0.07280950078864332, 0.06330921782458916, 0.055636904168862265, 0.04954499096235104, 0.04478107028804796, 0.041108924464874734, 0.03832093527244736, 0.03624328470695388, 0.034736226118975685, 0.0336911998139017, 0.033026581187383594, 0.032682983894633914, 0.03261897092997604, 0.032807332243327214, 0.033232196224295935, 0.0338867894469573, 0.034771898613102696, 0.035894781133888894, 0.03726854621906819, 0.03891178300313236, 0.04084847174969036]
7.128702770858989	3.0086295445327815	[0.04307417001138954, 0.045690355772070694, 0.048704779505621, 0.05216376392867591, 0.05611928264362115, 0.06062857973517516, 0.06575340452802675, 0.07155863392259332, 0.07811015308469188, 0.08547173934253074, 0.09370082594043626, 0.10284296167512198, 0.11292500217745816, 0.12394712625828289, 0.13587412007622165, 0.14862655437217223, 0.1620729063454964, 0.1760238502648852, 0.19023021441847043, 0.20438595769804313, 0.21813730130614611, 0.2310984143995041, 0.24287323501144467, 0.2530818495250453, 0.26138892817180853, 0.2675309123757569, 0.2713385155426639, 0.27275144584528344, 0.27182333694106847, 0.26871624606224837, 0.26368567362119594, 0.25705835705390345, 0.24920598673151603, 0.2405182203498202, 0.2313780477864031, 0.2221417685546133, 0.21312484160397727, 0.20459387986200583, 0.19676423229920584, 0.18980208159512196, 0.1838297080380208, 0.1789326052343474, 0.17516725377157372, 0.17256865929677243, 0.17115696808630562, 0.17094276934446434, 0.1719307975036654, 0.17412193782324484, 0.17751341309131027, 0.1820971416134499, 0.18785616612513273, 0.19475917572776844, 0.20275308807187792, 0.21175390158422863, 0.2216361179046623, 0.23222149516080806, 0.24326818597568342, 0.25446197329779985, 0.26541166404322475, 0.2756512313917749, 0.2846511633922208, 0.2918411693628245, 0.2966450187129405, 0.2985265578486155, 0.2970432407341465, 0.2919010861154593, 0.28300265430406124, 0.270479099315947, 0.25469829002185346, 0.23624456359473545, 0.2158704018390909, 0.19442614685697246, 0.17277823604110368, 0.15172911154610755, 0.13195104224446913, 0.11394298387122075, 0.09801409014490903, 0.08429237917132354, 0.07275245690604878, 0.06325433675870049, 0.05558501865879283, 0.0494964938682099, 0.04473597867471953, 0.04106704047436276, 0.03828189645133774, 0.03620668530824718, 0.03470162523524169, 0.03365819624246825, 0.03299478960033607, 0.03265207948748504, 0.03258865212177775, 0.03277735103389505, 0.03320231979194627, 0.033856825133402366, 0.0347416596033728, 0.03586410972806954, 0.03723728475432137, 0.03887979677129109, 0.04081562494975277]
7.131553642541156	3.0077132485773075	[0.04304039163911571, 0.04565549649167033, 0.048668749662467856, 0.05212650158623632, 0.05608075355520269, 0.060588795603749766, 0.06571242815063129, 0.07151660203152542, 0.07806728627199816, 0.0854283682086356, 0.09365740265263992, 0.10280008423742237, 0.11288341965386837, 0.12390775039070354, 0.13583801077300175, 0.14859490359262856, 0.16204698906283793, 0.17600496865980758, 0.19021960899372975, 0.20438471630414273, 0.2181462481804688, 0.2311180155847627, 0.24290350959927723, 0.253122322833873, 0.2614386163157469, 0.26758836377446105, 0.2714018902361541, 0.2728186407745091, 0.27189212857841777, 0.26878444513698163, 0.26375126349731876, 0.2571196089880756, 0.24926153582264265, 0.24056710279702495, 0.2314196997032218, 0.22217599347107927, 0.2131517581376883, 0.20461385596869794, 0.19677782098244662, 0.1898099576311943, 0.1838326197365759, 0.1789313324245469, 0.1751625853033647, 0.17256137456980847, 0.17114783716310142, 0.17093255161672383, 0.17192025635858255, 0.17411184781695274, 0.17750458051448528, 0.1820904114338667, 0.18785243940942012, 0.19475940635586245, 0.20275828573102236, 0.2117651052525373, 0.2216543701370623, 0.232247777657519, 0.2433033524106786, 0.25450663943128105, 0.26546610155342387, 0.27571523020842476, 0.2847239244006161, 0.29192119955961887, 0.2967301042702531, 0.2986137858811121, 0.29712914274975444, 0.29198185010452926, 0.2830744515949656, 0.27053842968165936, 0.2547423584252842, 0.23627156193147136, 0.2158797111965041, 0.194418352402102, 0.17275502316035943, 0.15169299007449155, 0.13190502924622705, 0.11389022394441939, 0.09795755763268117, 0.08423461758622122, 0.07269546458705527, 0.06319950553083896, 0.05553319676512945, 0.04944805407525741, 0.044690953762065264, 0.04102521405977904, 0.03824292181156237, 0.03617014015169632, 0.034667083829776686, 0.0336252427670353, 0.03296305281422879, 0.0326212216853526, 0.03255838443553593, 0.032747414054351116, 0.03317249199767274, 0.03382690372981056, 0.03471146778542984, 0.035833480711912405, 0.03720606979146577, 0.03884785289753702, 0.040782824390549983]
7.134404514223323	3.0067970625737743	[0.0430066580430502, 0.04562068083705387, 0.04863276431263561, 0.05208928235593957, 0.056042267950218445, 0.06054905301025876, 0.06567149285982431, 0.07147460832709786, 0.07802445599559954, 0.08538502935962697, 0.09361400845440358, 0.10275722999944206, 0.1128418554257924, 0.12386838529623065, 0.13580190584617144, 0.14856324852367256, 0.16202106034732972, 0.17598606685187837, 0.19020897669889777, 0.20438344055003954, 0.21815515584468068, 0.23113757258139864, 0.24293373785832525, 0.2531627478676961, 0.2614882567618735, 0.2676457681397338, 0.2714652203547953, 0.2728857933477253, 0.2719608810438551, 0.2688526077516502, 0.2638168199564915, 0.25718083011767096, 0.24931705669633217, 0.2406159594511851, 0.23146132803205957, 0.22221019716874837, 0.21317865541334158, 0.2046338151979209, 0.19679139449823752, 0.18981782078703174, 0.18383551984779195, 0.17893004999849538, 0.1751579078571411, 0.17255408227958932, 0.17113869844236204, 0.17092232676553942, 0.17190970683852483, 0.17410174927876718, 0.1774957370955517, 0.18208366945605278, 0.1878486976214706, 0.19475962034728164, 0.20276346278779936, 0.21177628652828653, 0.22167259578298967, 0.2322740320986655, 0.2433384869369096, 0.2545512730532973, 0.2655205034636059, 0.27577919390963324, 0.2847966478962688, 0.2920011934110973, 0.2968151510593589, 0.29870097609773677, 0.2972150036309326, 0.29206257317238676, 0.2831462038555313, 0.2705977154886119, 0.25478637926840964, 0.23629851607858826, 0.21588897735807014, 0.19441052356119534, 0.17273178241275064, 0.15165685501434864, 0.1318590131074767, 0.11383747752768518, 0.09790104907265826, 0.08417689473924078, 0.07263851782622952, 0.0631447300491065, 0.055481432512569186, 0.049399677297754185, 0.04464598978849832, 0.040983450596646945, 0.03820400595720038, 0.03613365417353201, 0.034632596970395085, 0.033592343834268554, 0.03293136639945842, 0.03259041444205186, 0.0325281639324763, 0.03271752479926182, 0.03314270934668436, 0.03379702832895886, 0.03468132004249996, 0.03580289684545553, 0.03717489851943353, 0.038815953880493484, 0.040750067496618976]
7.1372553859054895	3.0058809875062145	[0.042972968557296994, 0.04558590928014094, 0.048596822833259876, 0.0520521066859124, 0.056003825239079284, 0.060509352392620494, 0.06563059809327569, 0.0714326532487013, 0.07798166171810775, 0.08534172324541409, 0.09357064283422015, 0.10271439942688225, 0.11280030901097425, 0.12382903145643812, 0.1357658048473604, 0.14853158965654673, 0.16199511978926237, 0.17596714532956653, 0.19019831716723432, 0.20438213090448598, 0.21816402397898485, 0.2311570858201684, 0.24296391951987673, 0.25320312500310405, 0.2615378492970404, 0.26770312578228894, 0.2715285057452678, 0.2729529038031264, 0.2720295942469053, 0.2689207340695309, 0.26388234297203467, 0.2572420205315334, 0.24937254938850897, 0.2406647903288622, 0.2315029328687667, 0.22224437959491997, 0.21320553358357838, 0.20465375743108977, 0.19680495305340512, 0.18982567088150742, 0.1838384086313045, 0.17892875771547628, 0.17515322174561998, 0.17254678212808455, 0.17112955229189067, 0.17091209443692065, 0.17189914936991535, 0.1740916417990224, 0.17748688332414192, 0.1820769152138257, 0.18784494131902862, 0.1947598171774238, 0.2027686198723988, 0.21178744482569922, 0.2216907955480301, 0.23230025783405225, 0.24337359033652292, 0.25459587344597817, 0.2655748706321781, 0.2758431217069332, 0.28486933481313953, 0.2920811500554753, 0.29690016009007, 0.2987881275601346, 0.2973008244658417, 0.29214325429965904, 0.28321791225751164, 0.27065695563128916, 0.25483035381347796, 0.2363254248401723, 0.21589820168050192, 0.19440265904542525, 0.17270851524212746, 0.1516207049836594, 0.13181299533377194, 0.11378474315112916, 0.09784456599033307, 0.08411920909079178, 0.07258161812150733, 0.06309000874019588, 0.055429727329786425, 0.049351361978282896, 0.04460108808318705, 0.040941748594420804, 0.038165150099241624, 0.036097225989887224, 0.034598165741166344, 0.033559498189101825, 0.03289973131304253, 0.032559656636105404, 0.032497991449798425, 0.03268768227261219, 0.03311297256919767, 0.03376719804464834, 0.03465121701408082, 0.03577235733369745, 0.037143771504653124, 0.03878409899790798, 0.04071735477885533]
7.140106257587656	3.004965024354866	[0.04293932318506363, 0.04555118164748597, 0.048560925227980924, 0.05201497441405648, 0.05596542543002091, 0.060469693601299494, 0.06558974386882079, 0.07139073666163762, 0.07793890347198362, 0.08529844974956607, 0.09352730584391875, 0.10267159242503617, 0.1127587804838197, 0.12378968880070981, 0.13572970787395736, 0.1484999269448305, 0.16196916750572513, 0.17594820406793163, 0.1901876305287531, 0.2043807873590726, 0.2181728527175832, 0.23117655530363876, 0.24299405471393892, 0.25324345424926026, 0.2615873940409206, 0.2677604367155688, 0.2715917465135717, 0.2730199721578187, 0.2720982682787002, 0.2689888241114877, 0.26394783262012284, 0.25730318025429805, 0.2494280139606885, 0.24071359545817617, 0.23154451426063394, 0.2222785407807911, 0.21323239268205996, 0.20467368270224864, 0.19681849666884096, 0.18983350795175846, 0.18384128609644812, 0.17892745561664097, 0.17514852696815078, 0.17253947416208085, 0.17112039870289814, 0.17090185468551267, 0.1718885839377386, 0.1740815254427899, 0.17747801918069436, 0.18207014878523387, 0.1878411704790911, 0.19475999693942894, 0.2027737569585842, 0.21179858025431084, 0.22170896940184442, 0.23232645498992757, 0.24340866257322255, 0.25464044075177494, 0.26562920301443677, 0.275907013758096, 0.28494198509555885, 0.29216106966508565, 0.2969851312934068, 0.29887524045493014, 0.2973866051703031, 0.29222389368788004, 0.28328957670058863, 0.2707161503279848, 0.25487428194436423, 0.23635228845332018, 0.21590738403195397, 0.19439475910910356, 0.17268522149714344, 0.15158454024404147, 0.13176697574469762, 0.11373202106549304, 0.0977881081651407, 0.08406156086148055, 0.07252476520812022, 0.06303534178323553, 0.055378080915923666, 0.04930310825433106, 0.0445562483266486, 0.04090010815623201, 0.038126353918754075, 0.03606085567834036, 0.03456378983820575, 0.03352670589025615, 0.03286814727375149, 0.03252894831142107, 0.03246786673073233, 0.03265788650590164, 0.03308328143116794, 0.033737412897844474, 0.03462115848560822, 0.03574186218907863, 0.03711268854864913, 0.038752288256123965, 0.040684686052127036]
7.142957129269823	3.0040491740963056	[0.04290572169179211, 0.04551649799606098, 0.048525071276855285, 0.05197788559711178, 0.05592706831702149, 0.06043007669827328, 0.06554892999501387, 0.07134885863919999, 0.07789618108282495, 0.08525520896219016, 0.09348399732931115, 0.10262880910519344, 0.11271726971338848, 0.12375035746337608, 0.1356936148198877, 0.14846826054403361, 0.1619432034147214, 0.17592924323770004, 0.1901769167222772, 0.2043794100907034, 0.21818164201554527, 0.23119598120505866, 0.24302414340773607, 0.25328373576757984, 0.26163689097056564, 0.2678177010839365, 0.271654942646004, 0.2730869985366191, 0.27216690313496195, 0.2690568779819794, 0.26401328890590214, 0.2573643093700635, 0.24948345042696748, 0.2407623749032963, 0.23158607223000433, 0.22231268077137842, 0.21325923273878658, 0.2046935910383613, 0.1968320253820204, 0.18984133200805675, 0.18384415228862386, 0.17892614369715304, 0.1751438235792647, 0.17253215836339295, 0.1711112377410079, 0.17089160748156904, 0.17187801062128333, 0.1740714001703485, 0.177469144761048, 0.18206337012166326, 0.187837385216842, 0.19476015957604315, 0.20277887418315013, 0.2118096927474061, 0.22172711750423416, 0.23235262348817373, 0.24344370383025615, 0.2546849748783311, 0.2656835008168065, 0.2759708699532398, 0.2850145989726573, 0.292240952109248, 0.2970700649211155, 0.2989623146277803, 0.2974723460195452, 0.2923044911570909, 0.283361197485777, 0.27077529937261274, 0.25491816399109735, 0.23637910668618822, 0.21591652477256626, 0.19438682349312833, 0.17266190156183725, 0.1515483605029033, 0.13172095473173454, 0.1136793109353245, 0.0977316759733123, 0.08400394966778432, 0.07246795942737336, 0.06298072875282695, 0.05532649356771365, 0.04925491567658091, 0.04451147077137522, 0.04085852883184954, 0.03808761762941864, 0.03602454280770057, 0.034529469442278776, 0.03349396653794319, 0.032836614433948925, 0.032498289104169, 0.03243778990264677, 0.032628137170194534, 0.03305363603811558, 0.03370767259041259, 0.03459114454419209, 0.035711411139158544, 0.03708164972401379, 0.03872052140355745, 0.040652061378841337]
7.14580800095199	3.00313343770339	[0.04287216409756971, 0.04548185813702238, 0.048489260999378545, 0.05194084005831172, 0.05588875392349385, 0.06039050151970157, 0.065508156504407, 0.07130701903253256, 0.07785349459756999, 0.0852120007526617, 0.09344071735657944, 0.10258604935835612, 0.11267577678836511, 0.1237110373594813, 0.13565752579670715, 0.14843659039348314, 0.16191722764724212, 0.17591026279994912, 0.1901661758911845, 0.20437799907746623, 0.21819039201957716, 0.2312153635142315, 0.2430541857426651, 0.25332396955554404, 0.26168634021580045, 0.2678749188905808, 0.27171809425743415, 0.2731539829480222, 0.2722354989143339, 0.2691248956949021, 0.26407871191157645, 0.257425407898008, 0.24953885885334204, 0.24081112868826818, 0.23162760682714728, 0.22234679959512862, 0.2132860537890317, 0.20471348247202306, 0.19684553921421688, 0.18984914308736653, 0.18384700721638747, 0.17892482199922244, 0.17513911157639023, 0.17252483478106997, 0.1711020693943342, 0.17088135288320624, 0.17186742940119046, 0.17406126605149885, 0.1774602600399474, 0.18205657930724148, 0.187833585502101, 0.1947603051879727, 0.20278397151104874, 0.21182078242375962, 0.22174523981426086, 0.23237876346617972, 0.24347871405878788, 0.25472947598138673, 0.26573776397992155, 0.27603469046577034, 0.2850871763717062, 0.2923207975783867, 0.2971549608843894, 0.2990493502859552, 0.2975580469064575, 0.2923850469322837, 0.2834327744866095, 0.27083440301019285, 0.2549619998082939, 0.23640587980622296, 0.21592562373823287, 0.19437885248569772, 0.1726385552495854, 0.1515121660587175, 0.13167493207635012, 0.11362661305041157, 0.09767526915407974, 0.08394637577071647, 0.07241120047348842, 0.06292616986889416, 0.05527496494390314, 0.04920678442255668, 0.04446675505933489, 0.040817010762540955, 0.038048940876503165, 0.035988287490889004, 0.034495204216985056, 0.03346128022292792, 0.032805132483354024, 0.032467679086885554, 0.032407760683065064, 0.032598434322391644, 0.033024036133299635, 0.03367797716587463, 0.034561174955127366, 0.03568100421656304, 0.03705065481418785, 0.038688798464855824, 0.04061948055735005]
7.148658872634157	3.0022178161452775	[0.04283865030001528, 0.04544726200041292, 0.0484534942998984, 0.05190383773378206, 0.05585048216252587, 0.06035096801086217, 0.06546742332182102, 0.07126521780007966, 0.07781084395667141, 0.08516882509688915, 0.09339746588581371, 0.10254331318171483, 0.11263430169156652, 0.12367172850959195, 0.13562144081088087, 0.148404916536346, 0.16189124023127693, 0.1758912628163679, 0.1901554080799214, 0.20437655439295555, 0.2181991027838652, 0.23123470230930268, 0.24308418177622684, 0.25336415568971493, 0.2617357418328717, 0.267932090206686, 0.27178120140058476, 0.2732209254562734, 0.27230405566543114, 0.26919287730733366, 0.2641441016817626, 0.2574864758882192, 0.24959423928053104, 0.24085985685630565, 0.23166911808882243, 0.22238089728844768, 0.21331285586557489, 0.20473335703310674, 0.19685903819454273, 0.1898569412137234, 0.18384985090602976, 0.17892349054225937, 0.1751343909844136, 0.17251750343160255, 0.17109289368827355, 0.170871090906039, 0.17185684030557694, 0.1740511231031179, 0.17745136505044437, 0.18204977636200742, 0.1878297713747017, 0.1947604337997069, 0.20278904898999248, 0.2118318493126568, 0.22176333638759732, 0.23240487495730452, 0.2435136933215272, 0.2547739440967917, 0.26579199257197905, 0.27609847533212106, 0.2851597173648305, 0.29240060610784185, 0.29723981925818144, 0.29913634746253887, 0.297643707908371, 0.29246556104377075, 0.283504307783165, 0.2708934612687001, 0.2550057894799179, 0.23643260784001108, 0.2159346810170139, 0.19437084611057398, 0.17261518264791112, 0.15147595692458632, 0.13162890785337739, 0.11357392739920522, 0.09761888775353482, 0.0838888391209908, 0.0723544883527117, 0.06287166504070825, 0.05522349501099285, 0.049158714367942925, 0.044422101127102695, 0.04077555380471995, 0.038010323579706476, 0.035952089578822476, 0.03446099407576475, 0.03342864679980928, 0.03277370133530804, 0.032437118122071534, 0.03237777898769217, 0.032568777833714715, 0.03299448163519938, 0.033648326503364495, 0.034531249639390714, 0.03565064130716118, 0.037019703742498834, 0.03865711933180158, 0.04058694351374087]
7.151509744316324	3.0013023103874694	[0.042805180194312425, 0.04541270951909796, 0.04841777108043362, 0.05186687856230764, 0.05581225294486244, 0.06031147611963206, 0.06542673036976979, 0.07122345490274676, 0.077768229098217, 0.08512568197319202, 0.09335424287470034, 0.10250060057487437, 0.11259284440341913, 0.12363243093673808, 0.13558535986655948, 0.14837323901828708, 0.16186524119257967, 0.17587224335104937, 0.1901446133306907, 0.20437507611286646, 0.218207774360254, 0.23125399767008195, 0.24311413156355804, 0.2534042942479778, 0.2617850958759233, 0.26798921510466756, 0.27184426412662294, 0.2732878261268913, 0.2723725734358875, 0.2692608228775376, 0.2642094582604437, 0.2575475133916292, 0.24964959174873416, 0.24090855945099637, 0.23171060605132887, 0.2224149738877226, 0.21333963900089256, 0.2047532147512118, 0.1968725223520741, 0.18986472641072635, 0.18385268338410324, 0.1789221493450946, 0.1751296618287625, 0.17251016433071925, 0.17108371064900246, 0.17086082156469265, 0.17184624336355686, 0.1740409713408227, 0.17744245982680265, 0.18204296130443787, 0.18782594287592755, 0.19476054543385057, 0.20279410666943898, 0.21184289344118945, 0.22178140728205378, 0.23243095799244465, 0.24354864168382923, 0.254818379257696, 0.2658461866643893, 0.27616222458570056, 0.2852322220278003, 0.2924803777293398, 0.2973246401211997, 0.29922330618613596, 0.2977293291062552, 0.29254603351661324, 0.2835757974592964, 0.27095247417061014, 0.255049533094551, 0.23645929080876732, 0.21594369670291172, 0.1943628043859829, 0.17259178385126764, 0.15143973310732886, 0.13158288214484104, 0.11352125396295248, 0.09756253182487559, 0.08383133966164413, 0.07229782307836663, 0.0628172141700155, 0.05517208374256638, 0.0491107053814429, 0.04437750891817116, 0.040734157808494834, 0.03797176566523495, 0.03591594891680225, 0.034426838937987106, 0.033396066118241016, 0.03274232090844599, 0.032406606067909856, 0.032347844736916306, 0.03253916757162691, 0.03296497246643549, 0.033618720478729706, 0.034501368521644905, 0.035620322293912744, 0.03698879643559417, 0.03862548389355013, 0.04055445017713709]
7.154360615998491	3.00038692139182	[0.042771753836076315, 0.04537820047127094, 0.04838209139382981, 0.05182996233580826, 0.05577406632587832, 0.06027202565173242, 0.06538607771182009, 0.07118173016170613, 0.07772565009967965, 0.08508257122102136, 0.09331104841965425, 0.10245791139879049, 0.11255140504253183, 0.12359314452586084, 0.13554928310472547, 0.1483415577488011, 0.16183923069073933, 0.17585320433608992, 0.19013379181420004, 0.20437356418789474, 0.21821640692097868, 0.2312732495612981, 0.24314403526915948, 0.2534443852056195, 0.261834402494819, 0.26804629356876547, 0.2719072825668957, 0.27335468495290915, 0.2724410523370479, 0.2693287324076144, 0.2642747817388078, 0.25760852041937354, 0.24970491632939998, 0.24095723649202647, 0.23175207076704843, 0.22244902942051054, 0.21336640322916708, 0.20477305566127257, 0.19688599170389637, 0.18987249872071163, 0.18385550465197675, 0.17892079845823225, 0.17512492409673494, 0.17250281753867527, 0.17107452025155223, 0.17085054493147375, 0.1718356385396378, 0.17403081085173622, 0.177433544324396, 0.18203613423932444, 0.18782209995272764, 0.1947606402153676, 0.20279914448764874, 0.21185391495625025, 0.22179945242582644, 0.23245701274124073, 0.24358355906148443, 0.2548627816565119, 0.26590034615763797, 0.2762259384413592, 0.285304690242805, 0.2925601126799601, 0.2974094233344964, 0.2993102267163276, 0.29781491033752, 0.2926264646340772, 0.2836472433271602, 0.2710114420253276, 0.2550932304388559, 0.23648592905058302, 0.2159526705569356, 0.19435472767714831, 0.1725683585916543, 0.1514034949885222, 0.13153685464559112, 0.11346859311945938, 0.09750620101735745, 0.08377387774451224, 0.07224120425372337, 0.0627628175676834, 0.05512073070812905, 0.04906275772890436, 0.04433297798955712, 0.04069282299846327, 0.037933266699716625, 0.035879865694379155, 0.03439273839611524, 0.03336353833802411, 0.03271099082919909, 0.032376143058274985, 0.032317957592477915, 0.032509603647185414, 0.03293550832118414, 0.03358915918337364, 0.034471531323754565, 0.03559004725213319, 0.036957932638017284, 0.03859389221334706, 0.040522000310448156]
7.157211487680658	2.9994716501165084	[0.042738370872684166, 0.045343735030480406, 0.04834645490893412, 0.051793089221764975, 0.055735921992516056, 0.06023261677644269, 0.065345465051817, 0.07114004375559528, 0.07768310668262576, 0.08503949303508422, 0.09326788226227972, 0.10241524586909247, 0.11250998337341013, 0.12355386951517403, 0.13551321031498986, 0.14830987298596854, 0.16181320854100925, 0.175834146042046, 0.1901229433700089, 0.20437201889019704, 0.21822500032754794, 0.23129245824483058, 0.2431738927745257, 0.25348442880405253, 0.26188366159043075, 0.268103325813037, 0.27197025664225655, 0.27342150211748545, 0.27250949231061694, 0.26939660604868376, 0.2643400720796478, 0.2576694970907636, 0.24976021300575477, 0.241005888067852, 0.23179351223841704, 0.22248306394578854, 0.21339314857078626, 0.204792879794428, 0.19689944628754338, 0.18988025814877157, 0.1838583147643284, 0.17891943786257145, 0.1751201778611458, 0.1724954630139702, 0.17106532258889923, 0.17084026094402735, 0.1718250259498814, 0.174020641553705, 0.17742461868589365, 0.18202929506499455, 0.18781824277807313, 0.1947607180222902, 0.20280416265128023, 0.21186491371355784, 0.221817472061934, 0.23248303903385828, 0.2436184457356661, 0.25490715109368345, 0.26595447137217815, 0.2762896166652143, 0.2853771223705487, 0.2926398106869105, 0.2974941693004641, 0.2993971087371623, 0.2979004520486812, 0.29270685403350366, 0.28371864588112344, 0.2710703644212663, 0.25513688205933094, 0.23651252210409995, 0.21596160317924112, 0.1943466154716719, 0.1725449075158056, 0.15136724200094231, 0.13149082602945494, 0.11341594424219836, 0.09744989600345236, 0.08371645268572757, 0.07218463252214642, 0.06270847450749141, 0.05506943650311744, 0.04901487066886121, 0.044288508880325865, 0.040651548648913065, 0.03789482716421881, 0.035843839227204945, 0.03435869287462479, 0.03333106283137981, 0.03267971146824954, 0.03234572852674208, 0.03228811787535857, 0.03248008555248668, 0.0329060894762565, 0.03355964216080585, 0.03444173828512452, 0.03555981576804933, 0.03692711255930888, 0.03856234391163075, 0.040489594101235385]
7.160062359362825	2.998556497516082	[0.04270503121208176, 0.04530931311828515, 0.04831086154041828, 0.051756259147517275, 0.055697819868329584, 0.06019324942975207, 0.06530489232540737, 0.07109839563276658, 0.07764059879882718, 0.08499644738016646, 0.09322474437466653, 0.10237260397059895, 0.11246857939175227, 0.123514605911467, 0.1354771415177975, 0.1482781847576834, 0.1617871747866453, 0.1758150685137771, 0.1901120680592263, 0.20437044027491866, 0.2182335546522384, 0.23131162377871728, 0.24320370415671028, 0.2535244250981246, 0.26193287324012743, 0.2681603118854598, 0.2720331864282506, 0.27348827766022554, 0.2725778934297769, 0.2694644438316764, 0.26440532935384436, 0.25773044342809315, 0.2498154818464364, 0.24105451419217083, 0.23183493053178403, 0.22251707746874036, 0.21341987508984167, 0.20481268714766382, 0.19691288616518204, 0.18988800468442654, 0.183861113782211, 0.17891806754139938, 0.17511542318330064, 0.1724881007353816, 0.17105611772444426, 0.17082996957872112, 0.17181440566188794, 0.17401046342293386, 0.17741568298512908, 0.18202244375958568, 0.18781437143357246, 0.1947607788363047, 0.20280916125034276, 0.21187588969921983, 0.22183546628820425, 0.23250903686087734, 0.24365330181026199, 0.2549514875637143, 0.2660085624154392, 0.27635325925496773, 0.285449518519351, 0.29271947175053276, 0.2975788781260449, 0.2994839522513113, 0.29798595434381675, 0.29278720171998857, 0.28379000522224074, 0.2711292413668357, 0.2551804880553329, 0.23653906998210183, 0.21597049466824678, 0.19433846778484, 0.1725214307170036, 0.1513309741537366, 0.13144479637275827, 0.11336330731946778, 0.09739361682709129, 0.08365906443921405, 0.07212810788493411, 0.06265418490490673, 0.055018201087141116, 0.04896704408563774, 0.044244101518880724, 0.04061033462664264, 0.03785644696949438, 0.03580786937761213, 0.034324702277639764, 0.03329863946474792, 0.03264848272956426, 0.032315362347638765, 0.03225832549204239, 0.032450613170302116, 0.032876715841172265, 0.033530169301323035, 0.03441198931804564, 0.035529627738313044, 0.03689633611431896, 0.038530838890672034, 0.04045723146719147]
7.162913231044992	2.9976414645414575	[0.04267173521127116, 0.04527493422259895, 0.048275311624741885, 0.05171947162889912, 0.05565976028093734, 0.06015392314968255, 0.0652643598621091, 0.07105678535067826, 0.07759812678911113, 0.08495343383309774, 0.09318163511610934, 0.10232998530151954, 0.11242719347898479, 0.123475353337353, 0.13544107711546963, 0.14824649271379925, 0.16176112984391927, 0.1757959714302029, 0.19010116630001775, 0.20436882805091564, 0.21824207030024748, 0.23133074590255193, 0.2432334697935523, 0.25356437385980846, 0.2619820377832114, 0.26821725159288773, 0.2720960722187302, 0.2735550114252579, 0.27264625593974073, 0.26953224563915357, 0.2644705537573517, 0.25779135935187447, 0.24987072299913493, 0.24110311482173385, 0.23187632574855513, 0.22255106998017968, 0.21344658284394902, 0.20483247774392357, 0.19692631135325966, 0.1898957383816019, 0.18386390168336625, 0.1789166875796536, 0.17511066000433637, 0.17248073082027268, 0.17104690556427452, 0.17081967098814954, 0.17180377754746964, 0.1740002766512478, 0.17740673705936685, 0.18201558055897027, 0.1878104857203693, 0.19476082294245245, 0.20281414004680678, 0.21188684325233473, 0.22185343482290515, 0.23253500661970494, 0.24368812695407108, 0.25499579152584556, 0.26606261890020017, 0.27641686673479726, 0.28552187823910885, 0.292799096463203, 0.2976635492914078, 0.29957075792347243, 0.2980714166269023, 0.29286750843612, 0.28386132067298825, 0.2711880736892495, 0.25522404766459356, 0.2365655736016436, 0.21597934417558615, 0.19433028562114998, 0.17249792725995997, 0.1512946925220668, 0.13139876465355813, 0.11331068346484348, 0.09733736238647131, 0.08360171411676097, 0.07207162918098238, 0.062599949832806, 0.054967023275574525, 0.04891927898606671, 0.04419975474060794, 0.0405691818558981, 0.03781812501058266, 0.03577195697889124, 0.03429076558690269, 0.033266268978263985, 0.032617303693533294, 0.03228504517096549, 0.03222857962078277, 0.03242118706796041, 0.032847386682912705, 0.03350074110032177, 0.03438228376494735, 0.03549948359900118, 0.03686560270662479, 0.03849937754047804, 0.04042491185969759]
7.165764102727159	2.996726552139961	[0.0426384820843679, 0.04524059893885494, 0.04823980442041023, 0.051682727237087396, 0.055621742520487696, 0.0601146384995352, 0.0652238669749148, 0.07101521347894885, 0.07755568998431667, 0.0849104529812189, 0.09313855383394128, 0.10228739047421664, 0.11238582500047889, 0.12343611243191802, 0.13540501649483716, 0.14821479751501726, 0.16173507312534308, 0.17577685546167407, 0.19009023753493345, 0.20436718288113614, 0.21825054674863034, 0.23134982525311848, 0.2432631892014882, 0.25360427568301774, 0.26203115478070865, 0.2682741454743153, 0.27215891362401334, 0.2736217038899393, 0.272714579503109, 0.26960001188459837, 0.26453574500559307, 0.25785224521254835, 0.24992593623035905, 0.24115169024654073, 0.2319176977032052, 0.22258504171309512, 0.2134732716921608, 0.20485225176279148, 0.19693972175272048, 0.1899034593698083, 0.1838666784093509, 0.17891529805948456, 0.17510588830695645, 0.1724733533052353, 0.17103768613477385, 0.17080936516387413, 0.17179314168122445, 0.17399008118403264, 0.17739778103778717, 0.18200870535910518, 0.1878065858301179, 0.19476085018152214, 0.20281909930380254, 0.21189777415008423, 0.22187137801032691, 0.2325609480129158, 0.24372292160262346, 0.2550400625950618, 0.26611664136365354, 0.27648043861804067, 0.2855942021795366, 0.29287868422238833, 0.29774818357008764, 0.29965752502156073, 0.298156839806809, 0.2929477733080648, 0.2839325932887895, 0.2712468603639602, 0.25526756209824314, 0.23659203178348573, 0.21598815307022629, 0.19432206764796342, 0.1724743986585134, 0.15125839562638937, 0.13135273249667137, 0.11325807106663867, 0.09728113436545606, 0.08354440000412221, 0.0720151980945801, 0.0625457675225555, 0.0549159047000292, 0.04887157360829276, 0.04415547008346282, 0.04052808864235433, 0.03777986270410418, 0.035736100451311606, 0.0342568840824754, 0.03323394993341838, 0.032586175499822755, 0.03225477570617189, 0.032198881266881516, 0.03239180609463851, 0.032818102885960924, 0.033471356529510235, 0.03435262240771818, 0.03546938242330921, 0.03683491303581289, 0.03846795901441572, 0.040392635916500566]
7.1686149744093255	2.9958117612553163	[0.04260527245100499, 0.045206306500148105, 0.04820434051420762, 0.05164602524237482, 0.05558376715829624, 0.06007539477581986, 0.06518341423510315, 0.07097367933331128, 0.07751328896879947, 0.08486750415619479, 0.09309550113527892, 0.10224481883632874, 0.11234447459097396, 0.1233968825612524, 0.13536896031682308, 0.14818309854969347, 0.16170900530952942, 0.1757577200230362, 0.19007928244553496, 0.2043655042112059, 0.21825898466358423, 0.23136886131139772, 0.24329286301324496, 0.2536441300891372, 0.26208022481733956, 0.26833099309658665, 0.27222171117151056, 0.27368835467051833, 0.2727828645857246, 0.26966774223543816, 0.2646009035023745, 0.2579131007280218, 0.24998112188378224, 0.24120024023240627, 0.23195904668241976, 0.22261899247782582, 0.21349994186776208, 0.20487200905600558, 0.1969531175469387, 0.1899111675401482, 0.18386944409663902, 0.17891389891097714, 0.17510110818297697, 0.17246596816088405, 0.1710284594842435, 0.17079905212063717, 0.17178249806758825, 0.17397987708573806, 0.17738881487866598, 0.18200181828150594, 0.18780267167023398, 0.19476086074091, 0.20282403887042233, 0.2119086826556352, 0.2218892956309208, 0.23258686139006068, 0.2437576854548894, 0.25508430121844045, 0.2661706294087146, 0.27654397546093795, 0.2856664898322105, 0.29295823570557117, 0.297832780327273, 0.2997442543565946, 0.2982422231084577, 0.2930279972924473, 0.28400382214303055, 0.27130560250401053, 0.2553110302714118, 0.23661844580349622, 0.21599692010795685, 0.19431381529928002, 0.1724508435134102, 0.1512220850351822, 0.13130669835840242, 0.11320547178326223, 0.09722493109790052, 0.08348712379205128, 0.07195881287669079, 0.062491639639569614, 0.05486484358516482, 0.048823929544415036, 0.044111245809129895, 0.04048705647004926, 0.03774165840441217, 0.03570030114912779, 0.034223056248871786, 0.03320168354498883, 0.032555096779574, 0.03222455502968839, 0.032169229206744136, 0.032362471198431206, 0.03278886335860979, 0.03344201642484662, 0.034323004266875755, 0.03543932495461949, 0.03680426621305426, 0.03843658398390763, 0.04036040281878189]
7.171465846091492	2.9948970928276006	[0.04257210577608877, 0.045172057259380075, 0.04816891940212198, 0.05160936598380678, 0.05554583371404569, 0.060036192315180065, 0.06514300118163364, 0.07093218325832958, 0.0774709232991382, 0.08482458771918232, 0.09305247659507034, 0.10220227077145705, 0.11230314184611012, 0.12335766413304815, 0.13533290820052207, 0.14815139624585463, 0.16168292604118334, 0.17573856555330225, 0.1900683007032721, 0.20436379247761496, 0.21826738374389712, 0.23138785449657065, 0.2433224909559653, 0.25368393746714857, 0.2621292476505648, 0.2683877948095045, 0.2722844646514293, 0.2737549640727873, 0.27285111101231535, 0.269735436951819, 0.26466602910723763, 0.2579739261132075, 0.25003627985256377, 0.241248764950621, 0.23200037261091447, 0.2226529224042981, 0.21352659332487747, 0.2048917497146387, 0.1969664987178748, 0.18991886294731972, 0.18387219875450114, 0.17891249015467592, 0.1750963196697809, 0.17245857537539389, 0.1710192256804194, 0.17078873181533122, 0.17177184680825447, 0.17396966428206984, 0.1773798387223782, 0.1819949192194549, 0.1877987434252444, 0.19476085447858404, 0.2028289589811003, 0.21191956858689986, 0.2219071879746459, 0.23261274652247152, 0.2437924188616204, 0.25512850711284407, 0.266224583451953, 0.27660747691729914, 0.28573874168464786, 0.29303775049487263, 0.2979173401270151, 0.29983094543078215, 0.29832756717870895, 0.2931081798044045, 0.2840750079723492, 0.27136429943248574, 0.2553544530169852, 0.23664481489058523, 0.21600564621975463, 0.19430552770959394, 0.1724272628440116, 0.15118575978905102, 0.13126066332062236, 0.11315288456523262, 0.09716875368961378, 0.08342988435502474, 0.07190247461619996, 0.062437565011761675, 0.05481384096957482, 0.04877634561758475, 0.04406708288359749, 0.04044608420100513, 0.037703512992128305, 0.03566455800778558, 0.03418928287566315, 0.0331694688416593, 0.032524068231325545, 0.03219438226881001, 0.03213962405287756, 0.03233318159991692, 0.032759668636370344, 0.033412720088649976, 0.034293429812657095, 0.03540931056294811, 0.036773662656335145, 0.03840525187265317, 0.040328212945541175]
7.174316717773659	2.993982547793377	[0.04253898244179225, 0.04513785068287632, 0.04813354144243478, 0.05157274895846115, 0.0555079425343186, 0.05999703063929189, 0.0651026281603277, 0.07089072479736233, 0.0774285933297586, 0.08478170323523754, 0.09300948058325892, 0.10215974586874622, 0.1122618271545513, 0.12331845676424026, 0.13529686055142007, 0.14811969025197058, 0.1616568357347926, 0.1757193917353148, 0.19005729271851338, 0.20436204739946703, 0.2182757443798299, 0.23140680456581578, 0.24335207338443307, 0.2537236976149686, 0.2621782235878254, 0.26844455045515375, 0.2723471743164855, 0.2738215319860184, 0.272919318977292, 0.2698030959715763, 0.26473112195534976, 0.25803472135394745, 0.2500914102135071, 0.24129726443315824, 0.23204167550926225, 0.22268683156826918, 0.21355322603067164, 0.20491147385610192, 0.1969798651822437, 0.18992654574900733, 0.18387494225191517, 0.17891107198833314, 0.175091522590864, 0.17245117518781122, 0.1710099845029498, 0.17077840453096998, 0.17176118763986728, 0.17395944310384825, 0.17737085226245752, 0.18198800855606845, 0.18779480074440807, 0.19476083183442233, 0.20283385923862415, 0.21193043244426985, 0.22192505459477582, 0.23263860397359598, 0.2438271213230139, 0.2551726809060021, 0.26627850293671224, 0.2766709436794249, 0.2858109571193935, 0.29311722934736645, 0.29800186228674846, 0.2999175990673454, 0.2984128712652567, 0.2931883217372273, 0.28414614995049225, 0.2714229521194529, 0.25539782943182343, 0.23667114009795095, 0.21601433042348367, 0.19429720601400094, 0.17240365558690324, 0.15114942108874144, 0.13121462623788852, 0.11310031064669654, 0.09711260092023041, 0.08337268291983849, 0.0718461820398874, 0.06238354482025524, 0.05476289556492525, 0.048728822934475044, 0.0440229800486527, 0.04040517284934618, 0.03766542527983624, 0.035628871939555114, 0.034155562873506934, 0.033137306631553475, 0.032493088875227734, 0.03216425813119977, 0.03211006493306011, 0.03230393791493342, 0.03273051794413328, 0.03338346805706991, 0.034263898352340345, 0.03537933971876397, 0.036743101739676175, 0.03837396309993423, 0.040296065723046955]
7.177167589455826	2.993068127085605	[0.04250590150582325, 0.04510368751519932, 0.04809820575425271, 0.0515361748712721, 0.05547009278358828, 0.05995791043243907, 0.06506229437016604, 0.0708493046296033, 0.07738629828845997, 0.08473885138981883, 0.092966512355667, 0.1021172448257941, 0.1122205298035846, 0.12327926116351459, 0.13526081669491868, 0.1480879812788499, 0.16163073376257267, 0.17570019926545338, 0.19004625792004137, 0.20436026963671203, 0.21828406606685552, 0.23142571211882915, 0.2433816098707778, 0.25376341105042816, 0.26222715228707133, 0.26850126045323497, 0.27240983991798895, 0.2738880587222067, 0.27298748833031705, 0.2698707194955625, 0.26479618199647365, 0.2580954865408779, 0.25014651301493757, 0.24134573866382034, 0.23208295552038763, 0.2227207198511984, 0.21357984021776094, 0.2049311812643212, 0.19699321725804272, 0.18993421563614904, 0.1838776749896529, 0.1789096440136713, 0.17508671742944107, 0.1724437671131663, 0.17100073651957254, 0.17076806969684213, 0.171750521218933, 0.17394921289389337, 0.1773618562499737, 0.18198108554541462, 0.18779084447974118, 0.19476079197023563, 0.2028387406017237, 0.2119412732930881, 0.2219428965607722, 0.23266443270806186, 0.24386179402094485, 0.25521682145823393, 0.26633238915707025, 0.2767343745007302, 0.2858831375421495, 0.29319667090737545, 0.2980863483247847, 0.30000421379802644, 0.29849813700300887, 0.29326842150358057, 0.2842172498363659, 0.27148155884949365, 0.2554411614082692, 0.236697419573946, 0.21602297475099214, 0.1942888482212859, 0.17238002390566076, 0.151113066807826, 0.1311685893739852, 0.11304774778242131, 0.09705647509853009, 0.08331551715792279, 0.07178993743428505, 0.06232957671086214, 0.054712009571089563, 0.048681359187569974, 0.043978939365668726, 0.04036432022471489, 0.037627397154771695, 0.03559324092427267, 0.03412189793657639, 0.03310519509266228, 0.032462160209251426, 0.03213418099694959, 0.03208055315932949, 0.03227473871179861, 0.03270141242797256, 0.03335425906238176, 0.03423441089152928, 0.03534941128993663, 0.03671258435559917, 0.038342716641133166, 0.04026396195749256]
7.180018461137993	2.9921538316337166	[0.042472863617552245, 0.04506956696648597, 0.04806291294433458, 0.05149964297872824, 0.0554322850438478, 0.059918830986336886, 0.06502200038367043, 0.07080792207543299, 0.07734403875044189, 0.08469603152994554, 0.09292357249830122, 0.10207476701820574, 0.11217925039273641, 0.12324007674003226, 0.13522477723996815, 0.14805626877593916, 0.16160462073135348, 0.17568098764079176, 0.19003519689458567, 0.20435845874145533, 0.21829234935014544, 0.2314445767703083, 0.24341110089775655, 0.25380307745862346, 0.26227603415192713, 0.26855792456664584, 0.27247246176945894, 0.27395454412768505, 0.2730556192892591, 0.26993830745622305, 0.26486120935147295, 0.2581562216921068, 0.2502015882822839, 0.24139418774361313, 0.2321242125776986, 0.2227545874331327, 0.2136064357318591, 0.20495087219457866, 0.1970065547076929, 0.18994187293646053, 0.1838803966507088, 0.178908206629696, 0.17508190379200242, 0.17243635162263835, 0.17099148126198174, 0.17075772785921817, 0.17173984700270076, 0.17393897427814473, 0.17735285006672552, 0.18197415089860314, 0.18778687393541382, 0.1947607356877175, 0.20284360229396217, 0.21195209202988113, 0.22196071301234058, 0.23269023371947722, 0.24389643600829994, 0.2552609298602789, 0.26638624107674785, 0.27679777056764643, 0.28595528182545754, 0.29327607645565756, 0.2981707970198592, 0.30009079099863556, 0.2985833630726109, 0.2933484805789589, 0.2842883062065921, 0.27154012120647936, 0.255484447412664, 0.23672365501975148, 0.2160315775535005, 0.1942804561502225, 0.17235636603461651, 0.15107669886428438, 0.13112255085138222, 0.11299519794910953, 0.09700037425403175, 0.08325838904920978, 0.07173373877515564, 0.06227566260915015, 0.05466118096787149, 0.048633956198988054, 0.043934958883125666, 0.04032352801000519, 0.03758942679004743, 0.035557666483984215, 0.03408828639894835, 0.03307313557810444, 0.032431280742358834, 0.032104152054275824, 0.03205108741070119, 0.03224558502745035, 0.03267235091977285, 0.03332509401017511, 0.03420496639167888, 0.03531952607365744, 0.03668210957043374, 0.03831151320843094, 0.04023190079700312]
7.18286933282016	2.9912396623635407	[0.04243986843354686, 0.04503548920561105, 0.048027662689818555, 0.05146315344400785, 0.05539451900945209, 0.059879792466163706, 0.06498174591114843, 0.0707665773095222, 0.07730181444272682, 0.08465324384646736, 0.09288066075712752, 0.10203231265796667, 0.1121379886897287, 0.12320090372880022, 0.1351887419782015, 0.14802455299881775, 0.16157849645708294, 0.17566175713028695, 0.19002410948079648, 0.20435661498525737, 0.21830059408838676, 0.2314633987827117, 0.2434405463420417, 0.25384269708315116, 0.2623248690766668, 0.2686145430138084, 0.2725350397836504, 0.2740209883924982, 0.2731237117861892, 0.2700058600139683, 0.2649262039716258, 0.2582169269382884, 0.25025663598506004, 0.24144261177417697, 0.23216544666770197, 0.22278843438810858, 0.21363301257540523, 0.20497054669508388, 0.19701987754896688, 0.18994951767417612, 0.18388310726827567, 0.17890675983846976, 0.1750770817281436, 0.17242892869781296, 0.17098221879814388, 0.17074737898065998, 0.1717291650803745, 0.1739287272011071, 0.1773438338266514, 0.18196720454224719, 0.18778288925383926, 0.19476066289465518, 0.2028484444897859, 0.21196288854138398, 0.22197850415899853, 0.23271600687002472, 0.24393104753204614, 0.25530500594523453, 0.2664400589819639, 0.27686113167897136, 0.2860273902962853, 0.29335544575118067, 0.2982552087413419, 0.300177330383044, 0.2986685498884703, 0.29342849862817516, 0.28435931952500837, 0.27159863880449875, 0.25552768796354275, 0.2367498459987068, 0.21604013940601, 0.19427202931222678, 0.17233268259732426, 0.15104031671322063, 0.13107651132163814, 0.11294266054086849, 0.09694429903769766, 0.08320129792936987, 0.07167758668575969, 0.062221801808084516, 0.054610410332633405, 0.04858661324633776, 0.043891039124219655, 0.04028279549819589, 0.03755151465291561, 0.03552214795219963, 0.03405472867309554, 0.033041127476759996, 0.032400450834818316, 0.03207417075201762, 0.03202166799913902, 0.03221647636781759, 0.03264333368854549, 0.03329597245643388, 0.03417556508543674, 0.03528968366739981, 0.0366516775878303, 0.038280352432425786, 0.04019988242394288]
7.185720204502327	2.9903256201974573	[0.042406916207186035, 0.0450014538218967, 0.04799245523431313, 0.051426705874348694, 0.05535679492383172, 0.05984079449302545, 0.06494153120526416, 0.07072526996488565, 0.07725962563604526, 0.08461048798413212, 0.09283777742839208, 0.10198988140254493, 0.1120967450211067, 0.1231617418012141, 0.13515271126726966, 0.14799283363327198, 0.1615523613245664, 0.17564250743330206, 0.19001299608230138, 0.20435473807915921, 0.21830880069301326, 0.23148217787656244, 0.243469946611665, 0.25388226965241595, 0.2623736574568795, 0.2686711155304963, 0.272597574338211, 0.27408739126019677, 0.27319176617885016, 0.27007337692072314, 0.26499116619522506, 0.25827760203967937, 0.25031165644355663, 0.24149101052308763, 0.23220665809420382, 0.22282226048943576, 0.213659571037107, 0.20499020454348313, 0.19703318605688672, 0.18995714963073956, 0.18388580710522417, 0.17890530342588568, 0.1750722514901525, 0.17242149813092844, 0.17097294937109017, 0.17073702286285955, 0.17171847568637533, 0.17391847147820133, 0.17733480775496385, 0.18196024631089272, 0.18777889064849512, 0.19476057345116157, 0.20285326738581383, 0.21197366272067125, 0.22199627017233764, 0.2327417520940529, 0.24396562872765332, 0.2553490496980469, 0.26649384295895306, 0.27692445788069786, 0.28609946297798156, 0.29343477891225245, 0.29833958343689865, 0.30026383215278835, 0.29875369731152557, 0.29350847594493396, 0.2844302895575383, 0.2716571120353626, 0.2555708827278501, 0.23677599300278016, 0.2160486598773491, 0.19426356829438318, 0.17230897306750736, 0.15100392101959947, 0.13103047016593433, 0.11289013626993114, 0.09688824874320716, 0.08314424452125081, 0.07162148038727865, 0.062167995009550794, 0.054559696842635924, 0.048539330990119915, 0.04384717925905923, 0.04024212329790593, 0.037513659940989645, 0.03548668588104882, 0.03402122400870436, 0.03300917128295003, 0.03236966980048811, 0.032044237528037624, 0.03199229430424875, 0.032187413118343694, 0.03261436017429542, 0.03326689474060474, 0.03414620646432387, 0.03525988437272768, 0.036621287940883956, 0.03824923458585769, 0.04016790640354177]
7.188571076184494	2.9894117060542347	[0.04237400627240119, 0.044967461299567926, 0.04795728994676791, 0.051390300737346545, 0.055319112180511484, 0.05980183753210571, 0.06490135567692251, 0.07068400051710008, 0.07721747175468803, 0.08456776443966955, 0.09279492194867421, 0.10194747377734244, 0.11205551883684721, 0.12312259151409422, 0.1351166845727681, 0.14796111126415748, 0.16152621481724144, 0.1756232391529355, 0.19000185620207685, 0.20435282862988616, 0.21831696868812636, 0.23150091464610384, 0.2434993012542326, 0.2539217957342473, 0.26242239886712193, 0.2687276426485602, 0.27266006503817114, 0.2741537532215245, 0.273259782104805, 0.27014085862431414, 0.26505609569219696, 0.25833824740162364, 0.2503666493581382, 0.2415393843551781, 0.23224784658537054, 0.22285606606430328, 0.2136861108704627, 0.20500984603242198, 0.19704648000852573, 0.1899647690670604, 0.18388849596157988, 0.17890383762333942, 0.17506741290184397, 0.172414060125327, 0.17096367283095495, 0.17072665968152217, 0.17170777870148438, 0.17390820725641676, 0.17732577176921074, 0.1819532763196486, 0.18777487808153293, 0.1947604674346194, 0.20285807099821732, 0.21198441459843578, 0.22201401113337726, 0.23276746936340018, 0.24400017975301194, 0.2553930610167461, 0.2665475932553771, 0.2769877489801977, 0.286171500221292, 0.293514075638125, 0.29842392157357917, 0.30035029588267265, 0.29883880593795736, 0.2935884119666529, 0.2845012170415153, 0.27171554019162436, 0.25561403259320675, 0.23680209517800666, 0.2160571400062918, 0.19425507209865106, 0.17228523862059242, 0.15096751064663824, 0.13098442866288007, 0.11283762387228431, 0.09683222470454637, 0.08308722745820196, 0.07156542121785725, 0.06211424078570914, 0.054509041795739316, 0.04849210799469606, 0.04380338051214732, 0.040201510019164347, 0.03747586378360864, 0.03545127896803637, 0.03398777342796956, 0.03297726580581824, 0.032338938551177476, 0.032014351310080846, 0.03196296713188135, 0.032158394319403164, 0.03258543108736659, 0.03323786000196897, 0.03411689115755075, 0.03523012741073438, 0.0365909411939513, 0.03821815895420336, 0.04013597325198623]
7.191421947866661	2.9884979208492073	[0.04234113866637246, 0.044933511439459714, 0.04792216686450288, 0.05135393784417015, 0.05528147082176907, 0.05976292140520795, 0.06486121937878385, 0.07064276880019024, 0.07717535286738655, 0.08452507306188198, 0.09275209440806868, 0.10190508964867366, 0.11201431025217248, 0.12308345275307668, 0.13508066203599514, 0.14792938579620504, 0.16150005709971874, 0.1756039522102158, 0.18999069002173777, 0.20435088656994282, 0.21832509826399266, 0.23151960902998908, 0.24352861046054883, 0.25396127526926726, 0.26247109349275743, 0.2687841243083611, 0.2727225120602221, 0.2742200742159305, 0.27332775973098805, 0.2702083050632454, 0.26512099261974603, 0.2583988629615149, 0.25042161487667686, 0.24158773320626775, 0.2322890122802377, 0.22288985104643017, 0.21371263220628312, 0.20502947109326775, 0.19705975952731186, 0.1899723759124536, 0.18389117395453283, 0.17890236235909335, 0.17506256607561074, 0.17240661460995063, 0.1709543892869545, 0.170716289368662, 0.17169707423328395, 0.17389793447373866, 0.17731672597641443, 0.1819462945156726, 0.1877708516595419, 0.1947603448046101, 0.2028628554318487, 0.21199514414976436, 0.22203172714217942, 0.2327931586714818, 0.24403470069862904, 0.2554370399157688, 0.26660130994623144, 0.27705100501576174, 0.28624350207938815, 0.2935933359940667, 0.2985082231769002, 0.300436721668202, 0.29892387576099355, 0.29366830682225337, 0.28457210193524746, 0.2717739234386324, 0.25565713748282237, 0.23682815272793217, 0.21606557968170612, 0.19424654096372315, 0.1722614791090151, 0.15093108585614157, 0.1309383866214657, 0.11278512361231736, 0.09677622667935039, 0.0830302469855924, 0.07150940888318387, 0.06206053934922493, 0.05445844485709618, 0.0484449444374064, 0.043759642528246684, 0.040160955808715613, 0.037438125826193096, 0.03541592733572744, 0.03395437659260231, 0.032945411148562774, 0.03230825677308252, 0.03198451218482642, 0.031933686194715115, 0.032129420043027955, 0.03255654616508249, 0.033208868299764764, 0.034087618923512995, 0.035200412830182645, 0.036560637122610096, 0.038187125578668275, 0.04010408275866829]
7.194272819548828	2.987584265494176	[0.04230831403747387, 0.04489960345254838, 0.04788708659785144, 0.05131761644733378, 0.055243871437911644, 0.05972404539484305, 0.06482112289676487, 0.07060157411953374, 0.0771332695686179, 0.08448241317593883, 0.09270929541871512, 0.10186272836214211, 0.11197311990082175, 0.12304432488768624, 0.13504464430965485, 0.1478976566281007, 0.16147388883382455, 0.17558464603900842, 0.189979498196096, 0.20434891137463929, 0.2183331900486667, 0.2315382605513846, 0.24355787481230737, 0.25400070783497586, 0.26251974185309995, 0.2688405601477765, 0.2727849158507927, 0.2742863539463444, 0.27339569942602093, 0.2702757160078642, 0.26518585726809224, 0.2584594485567968, 0.2504765532130696, 0.24163605697832272, 0.23233015531977944, 0.22292361539854927, 0.2137391351164934, 0.20504907974584835, 0.1970730246199289, 0.1899799702412841, 0.18389384102887765, 0.17890087776127034, 0.17505771089689376, 0.1723991617679759, 0.17094509856653198, 0.1707059121659034, 0.17168636205107995, 0.17388765343552465, 0.17730767008584328, 0.18193930127479435, 0.1877668110278967, 0.19476020601501687, 0.20286762026232927, 0.2120058519143131, 0.22204941769691422, 0.23281882065102213, 0.24406919097616553, 0.25548098712763356, 0.26665499234695456, 0.2771142268262629, 0.2863154677617187, 0.2936725609323982, 0.29859248734057015, 0.30052311058328524, 0.2990089057485793, 0.2937481617164787, 0.28464294307110216, 0.27183226312159586, 0.2557001960859299, 0.23685416714528296, 0.21607397744669649, 0.19423797652731964, 0.17223769293235194, 0.1508946484096438, 0.1308923423074883, 0.11273263733203231, 0.09672025282192155, 0.0829733049676053, 0.07145344146713738, 0.062006892526715575, 0.054407904099104946, 0.04839784205687343, 0.04371596343390952, 0.04012046228043306, 0.037400444306451855, 0.03538063245051218, 0.03392103188896702, 0.03291360862060537, 0.032277623016469525, 0.031954721307159276, 0.03190445020351911, 0.03210049130159746, 0.032527704262946905, 0.03317992052236073, 0.034058388740409215, 0.035170741417204276, 0.03653037480405814, 0.03815613516567108, 0.0400722340773919]
7.197123691230995	2.986670740897434	[0.04227553148541103, 0.044865738048575764, 0.04785204830011482, 0.05128133722391514, 0.055206313220343646, 0.059685210164027995, 0.06478106544964418, 0.0705604171396407, 0.07709122109829138, 0.08443978545994214, 0.09266652423996696, 0.10182039061665037, 0.11193194706372225, 0.12300520863843539, 0.13500863070115912, 0.14786592449513988, 0.1614477093599184, 0.17556532137494035, 0.18996828010555974, 0.20434690375988926, 0.2183412434700938, 0.23155686988472132, 0.24358709379296759, 0.254040094045088, 0.2625683434951972, 0.26889695070591735, 0.272847276027386, 0.27435259286928715, 0.27346360088195254, 0.2703430918290393, 0.2652506894044666, 0.25852000447320056, 0.2505314642075024, 0.2416843558748433, 0.23237127561334978, 0.22295735924617402, 0.21376561957553275, 0.20506867204227186, 0.19708627532254694, 0.1899875520364096, 0.1838964972806279, 0.17889938374669653, 0.17505284752165645, 0.17239170145214683, 0.17093580088797283, 0.17069552786229958, 0.17167564244008832, 0.17387736386568725, 0.17729860445618703, 0.18193229625226745, 0.18776275662672484, 0.19476005064673166, 0.20287236601993253, 0.21201653739082904, 0.22206708342678733, 0.23284445470912407, 0.24410365132216177, 0.2555249019571469, 0.26670864130935457, 0.27717741360293235, 0.2863873982431586, 0.2937517495191335, 0.29867671517088495, 0.3006094615568828, 0.2990938971482253, 0.2938279754299492, 0.28471374184936965, 0.27189055786373645, 0.25574320996675265, 0.23688013689078316, 0.21608233503349708, 0.1942293770873886, 0.1722138819780323, 0.15085819644858664, 0.13084629772728246, 0.11268016303432589, 0.09666430520055652, 0.08291639930540658, 0.07139752103393668, 0.061953298175569924, 0.05435742151973286, 0.048350798737826335, 0.043672345110777507, 0.04008002741521399, 0.037362820954811575, 0.035345392441530635, 0.033887740876989446, 0.032881856527600305, 0.032247038666239944, 0.03192497716469313, 0.03187526037628298, 0.032071606753081426, 0.0324989064494405, 0.03315101547639171, 0.034029201550093854, 0.03514111210123573, 0.03650015507853258, 0.038125186741533736, 0.0400404279715494]
7.1999745629131615	2.9857573479638417	[0.04224279120620824, 0.04483191487688233, 0.04781705215631842, 0.05124509984271008, 0.05516879635132326, 0.05964641539821123, 0.06474104722480033, 0.07051929756214927, 0.077049207656371, 0.0843971896330422, 0.09262378109044547, 0.10177807615142533, 0.11189079198172792, 0.1229661037673016, 0.1349726214732866, 0.1478341891836144, 0.16142151895761053, 0.1755459780283384, 0.1899570360370764, 0.20434486355825676, 0.2183492588106808, 0.2315754368828103, 0.24361626766907432, 0.25407943377185704, 0.2626168986613039, 0.26895329587514133, 0.27290959280304405, 0.27441879089839355, 0.2735314642803771, 0.27041043246218127, 0.26531548917838993, 0.2585805306673301, 0.25058634797782553, 0.24173262987236446, 0.2324123732483008, 0.22299108258441774, 0.21379208564196225, 0.20508824799522776, 0.19709951166685538, 0.1899951213277203, 0.18389914271651886, 0.1788978803629371, 0.17504797593347857, 0.17238423372917516, 0.17092649621325906, 0.1706851365461803, 0.17166491534183526, 0.17386706587747564, 0.17728952900898715, 0.18192527959006655, 0.1877586883570812, 0.1947598788743407, 0.202877092583505, 0.21202720079003384, 0.22208472418538056, 0.2328700610954891, 0.24413808156065267, 0.2555687846951009, 0.26676225662275893, 0.2772405656792863, 0.2864592932727601, 0.2938309021321839, 0.2987609063711546, 0.30069577501372824, 0.2991788496128102, 0.29390774843814754, 0.28478449786945786, 0.2719488081965968, 0.25578617867016806, 0.2369060625561711, 0.21609065193195565, 0.1942207432933554, 0.17219004567836166, 0.1508217306655782, 0.13080025225114836, 0.11262770142877648, 0.09660838312273079, 0.08285953069526505, 0.07134164683866333, 0.06189975695396787, 0.05430699634574282, 0.04830381508572385, 0.04362878678921649, 0.04003965175981213, 0.037325255035274715, 0.035310207795735814, 0.033854502875127854, 0.03285015529803508, 0.03221650310479869, 0.03189528013058678, 0.03184611615942048, 0.0320427667202845, 0.03247015222903457, 0.03312215344092661, 0.034000056906299224, 0.0351115251253489, 0.03646997753965447, 0.038094280521605954, 0.0400086640660978]
7.202825434595328	2.9848440875947477	[0.042210093083007695, 0.044798133889907076, 0.04778209805720641, 0.051208904260637664, 0.05513132073062593, 0.0596076610621569, 0.06470106813363666, 0.07047821536365717, 0.0770072291692813, 0.08435462568794232, 0.09258106591528162, 0.10173578497893722, 0.11184965462163995, 0.1229270103084955, 0.13493661661567027, 0.14780245074876927, 0.16139531763795004, 0.17552661607170988, 0.18994576601910232, 0.20434279085322454, 0.21835723611054628, 0.23159396163268514, 0.24364539648637762, 0.25411872709903216, 0.2626654073979889, 0.2690095957311417, 0.2729718662225464, 0.2744849480992181, 0.27359928966387154, 0.2704777379627727, 0.2653802566310211, 0.2586410271855053, 0.25064120456449296, 0.24178087900867307, 0.23245344826441125, 0.22302478544263515, 0.2138185333544828, 0.20510780762565162, 0.1971127336902979, 0.1900026781281851, 0.18390177737324934, 0.17889636761611896, 0.17504309616960784, 0.17237675860005464, 0.17091718458211558, 0.17067473821545617, 0.17165418080079234, 0.1738567594678007, 0.17728044379571853, 0.18191825128586764, 0.18775460627929086, 0.19475969069737378, 0.20288180002325049, 0.21203784211343799, 0.22210234005274215, 0.23289563981274725, 0.24417248178056614, 0.2556126353437977, 0.266815838383678, 0.27730368305597813, 0.2865311529537105, 0.29391001876977796, 0.2988450610508877, 0.3007820509489542, 0.2992637632577719, 0.29398748073182623, 0.28485521125206603, 0.27200701410516054, 0.25582910232201206, 0.23693194412033722, 0.216098928273194, 0.19421207511719482, 0.17216618416646187, 0.15078525101975412, 0.1307542060032627, 0.11257525244946903, 0.09655248668731768, 0.0828026990343168, 0.07128581894224187, 0.06184626871954466, 0.0542566285984339, 0.04825689092794512, 0.04358528845916402, 0.039999335126895616, 0.03728774651813547, 0.035275078325504736, 0.033821317843602046, 0.03281850475319438, 0.03218601628784119, 0.031865630038845426, 0.03181701750645731, 0.03201397105012821, 0.03244144155379726, 0.033093334274290315, 0.033970954759901036, 0.0350819803573823, 0.03643984213758469, 0.03806341638173495, 0.03997694231148806]
7.205676306277495	2.9839309606880753	[0.04217743718562402, 0.044764394860352365, 0.04774718606828477, 0.05117275026444502, 0.05509388642491392, 0.059568946956347055, 0.06466112824969736, 0.07043717035979342, 0.07696528572323928, 0.0843120934581465, 0.0925383788184702, 0.10169351695388812, 0.11180853510855097, 0.12288792814062273, 0.1349006162746286, 0.14777070909388237, 0.16136910556439424, 0.17550723543111094, 0.1899344702241725, 0.20434068558967147, 0.21836517554123464, 0.23161244409391007, 0.24367448040625567, 0.2541579739984406, 0.262713869850241, 0.2690658502576817, 0.2730340964112423, 0.2745510644679667, 0.2736670771365389, 0.2705450083393976, 0.26544499184424913, 0.25870149404779763, 0.2506960340268212, 0.2418291033142702, 0.23249450069893984, 0.22305846786109337, 0.2138449627295604, 0.20512735098340698, 0.1971259413901556, 0.19001022249753807, 0.18390440123057678, 0.17889484557662488, 0.1750382081939312, 0.17236927614724776, 0.17090786594420046, 0.1706643329667689, 0.17164343875393812, 0.17384644475008437, 0.17727134874193787, 0.18191121147264178, 0.18775051030819734, 0.19475948627084527, 0.2028864882432349, 0.212048461539894, 0.22211993092118634, 0.23292119106438589, 0.24420685186058763, 0.2556564541310733, 0.2668693864545007, 0.2773667659840138, 0.2866029771288585, 0.293989099704622, 0.29892917903007366, 0.30086828965641155, 0.2993486378778956, 0.2940671726278552, 0.2849258817665308, 0.2720651759338269, 0.2558719806676093, 0.23695778195923878, 0.21610716377854935, 0.19420337296413898, 0.17214229713456775, 0.1507487579329204, 0.13070815863703641, 0.1125228165136114, 0.09649661550107663, 0.08274590471335994, 0.07123003690676842, 0.06179283382226749, 0.054206317809797386, 0.04821002656922631, 0.04354184964503077, 0.03995907777856114, 0.03725029494256207, 0.03524000425522015, 0.03378818535224882, 0.032786905084208985, 0.03215557782346342, 0.03183602705090748, 0.03178796406446204, 0.031985219877649476, 0.03241277410624706, 0.033064558088710796, 0.03394189482348753, 0.03505247789082755, 0.036409748609378546, 0.03803259440116571, 0.039945262464385865]
7.208527177959662	2.9830179681383124	[0.0421448229773332, 0.044730698147441954, 0.04771231568575133, 0.05113663819714132, 0.05505649295559511, 0.05953027341910941, 0.06462122711500234, 0.07039616289439013, 0.07692337687915324, 0.08426959330135966, 0.09249571938066165, 0.10165127245327366, 0.11176743304546545, 0.12284885766113046, 0.13486462007884578, 0.14773896463267472, 0.1613428823943706, 0.17548783652690303, 0.18992314834077567, 0.20433854818085226, 0.21837307682404894, 0.231630884657385, 0.24370351918458824, 0.25419717482486665, 0.26276228581070377, 0.26912205976340187, 0.27309628320102414, 0.2746171402616283, 0.2737348265716409, 0.2706122437957582, 0.2655096947336284, 0.25876193140543874, 0.2507508363219611, 0.24187730288984663, 0.23253553054860998, 0.2230921298922541, 0.2138713738009878, 0.2051468780751579, 0.1971391348352596, 0.1900177543990969, 0.183907014391488, 0.17889331416672682, 0.17503331214420587, 0.17236178625387136, 0.17089854047417105, 0.1706539206452976, 0.17163268941629803, 0.17383612153183162, 0.1772622441074997, 0.18190415991929246, 0.18774640075342255, 0.19475926532276883, 0.20289115760764978, 0.21205905875283984, 0.22213749721360235, 0.2329467144843816, 0.24424119228553762, 0.255700240635865, 0.2669229013846311, 0.2774298139816584, 0.28667476641497663, 0.2940681443889138, 0.2990132609964098, 0.3009544905167225, 0.2994334742363102, 0.294146823429275, 0.2849965102567639, 0.27212329290238324, 0.2559148146371501, 0.2369835752058549, 0.21611535946692131, 0.1941946358793814, 0.17211838568273521, 0.15071225036305316, 0.13066211131004762, 0.11247039249587286, 0.09644077074137967, 0.0826891465378048, 0.07117430188803069, 0.061739451028116114, 0.05415606507966536, 0.048163220778683645, 0.043498471367466485, 0.03991887853136425, 0.0372129012366186, 0.03520498448352583, 0.0337551062306122, 0.03275535529107921, 0.03212518844293723, 0.03180647027252219, 0.03175895647209915, 0.03195651240785977, 0.03238415044239921, 0.03303582417577288, 0.03391287758312552, 0.03502301708878009, 0.03637969738505814, 0.03800181399964894, 0.03991362491272966]
7.211378049641829	2.9821051108364784	[0.0421122509899507, 0.04469704307811057, 0.04767748740915537, 0.05110056742235815, 0.05501914080544223, 0.059491639841461774, 0.06458136520909892, 0.07035519238047729, 0.07688150312471333, 0.08422712465083683, 0.09245308810585606, 0.10160905093198278, 0.11172634895635389, 0.12280979835017986, 0.13482862856998054, 0.14770721687522825, 0.1613166486782154, 0.1754684189037337, 0.18991180091295096, 0.20433637821034328, 0.2183809404784825, 0.23164928295017725, 0.2437325132986202, 0.25423632925409745, 0.26281065570044704, 0.2691782239782406, 0.2731584269479032, 0.27468317526854186, 0.2738025382557376, 0.27067944418041423, 0.2655743655151797, 0.25882233916645153, 0.25080561159661724, 0.24192547770041245, 0.23257653789357727, 0.2231257715550001, 0.21389776658592644, 0.20516638897081046, 0.1971523139834021, 0.19002527395185034, 0.1839096167575883, 0.178891773553981, 0.17502840786824436, 0.1723542891372664, 0.17088920796745227, 0.17064350152116953, 0.17162193253112124, 0.17382579014053992, 0.1772531295823025, 0.18189709701638504, 0.18774227724883763, 0.19475902831294797, 0.20289580769017074, 0.21206963428724912, 0.22215503843800313, 0.23297221068801213, 0.24427550249138105, 0.2557439955578849, 0.26697638253110045, 0.2774928278364763, 0.2867465200830163, 0.294147153701565, 0.2990973061273446, 0.30104065450486084, 0.2995182714094294, 0.2942264342141585, 0.2850670956913594, 0.2721813662011086, 0.2559576030865307, 0.2370093251701259, 0.21612351407886285, 0.19418586529048068, 0.17209444843580304, 0.15067572983565647, 0.13061606253582084, 0.11241798198089334, 0.09638495082625557, 0.08263242610111311, 0.07111861224224686, 0.0616861218893771, 0.054105868753019884, 0.04811647502642871, 0.04345515201734925, 0.03987873874423301, 0.03717556388690911, 0.03517002024084247, 0.033722079093774546, 0.032723856469101475, 0.03209484690303373, 0.03177696066679944, 0.031729993624734, 0.03192784948235639, 0.032355569582410024, 0.033007133271481824, 0.033883902164639275, 0.03499359860024012, 0.03634968767571042, 0.03797107575836158, 0.03988202893374275]
7.214228921323996	2.981192389670231	[0.042079720656201254, 0.04466343004167286, 0.047642700706537186, 0.0510645383110496, 0.05498182946942107, 0.059453046588077325, 0.06454154204884271, 0.07031425918693901, 0.07683966399667455, 0.0841846878881801, 0.09241048455152726, 0.10156685278967041, 0.11168528242223573, 0.12277075062634064, 0.13479264135637822, 0.14767546625433922, 0.16129040405530135, 0.17544898299828507, 0.18990042761415618, 0.20433417610412624, 0.21838876621461137, 0.2316676393714968, 0.24376146249759875, 0.2542754376441611, 0.2628589793108217, 0.2692343432085868, 0.2732205274883918, 0.2747491697376637, 0.27387021207288564, 0.27074660968304065, 0.26563900412140395, 0.2588827174619429, 0.2508603598308695, 0.2419736278205099, 0.23261752275929456, 0.22315939286983966, 0.2139241411525345, 0.20518588363952897, 0.19716547894325387, 0.19003278107628116, 0.1839122084770368, 0.17889022361260556, 0.17502349555420638, 0.17234678462731828, 0.17087986865430663, 0.17063307538111636, 0.17161116837427953, 0.17381545031997525, 0.17724400549234298, 0.18189002246374425, 0.18773814017550408, 0.19475877489502075, 0.20290043893159795, 0.2120801877471101, 0.22217255509872552, 0.23299767922520367, 0.2443097830486604, 0.2557877183881511, 0.26702983053253226, 0.27755580697582904, 0.2868182388415422, 0.2942261270017072, 0.29918131520402647, 0.30112678090677664, 0.29960303025488333, 0.29430600418952974, 0.2851376390097846, 0.2722393949524932, 0.25600034704317304, 0.23703503088629993, 0.21613162873278088, 0.19417706014206726, 0.17207048659555943, 0.15063919520617877, 0.13057001357507866, 0.11236558373970097, 0.09632915703621328, 0.082575742105893, 0.07106296922638737, 0.06163284507263564, 0.05405573002660521, 0.048069787988107925, 0.04341189270570345, 0.03983865714814271, 0.037138283903615385, 0.03513511034927773, 0.03368910484426744, 0.03269240755107988, 0.032064553998868, 0.03174749728119265, 0.031701076216388686, 0.03189923025580988, 0.032327032130237104, 0.03297848462383094, 0.03385496909586199, 0.03496422175019716, 0.036319719948177884, 0.03794037906324574, 0.0398504749483491]
7.217079793006163	2.980279805523725	[0.04204723209926999, 0.044629858760936586, 0.04760795569362613, 0.05102855060244988, 0.054944559062369176, 0.0594144934132851, 0.06450175775472194, 0.07027336308382319, 0.0767978596274995, 0.08414228280134756, 0.09236790886747286, 0.10152467783530165, 0.11164423361351264, 0.1227317143224384, 0.13475665862886158, 0.1476437126280347, 0.16126414873229028, 0.17542952869286532, 0.18988902865820245, 0.2043319417660341, 0.21839655424252696, 0.2316859538436611, 0.24379036697770262, 0.25431449993415867, 0.26290725681675997, 0.26929041741036186, 0.27328258497207025, 0.2748151236425088, 0.273937848145429, 0.2708137402950135, 0.26570361064669773, 0.25894306630053027, 0.2509150810912637, 0.24202175327492198, 0.2326584851853102, 0.22319299387674083, 0.2139504975147941, 0.2052053621358622, 0.19717862970492986, 0.1900402758414371, 0.18391478951782564, 0.17888866442674775, 0.17501857514966498, 0.17233927282469183, 0.17087052246349366, 0.17062264234455848, 0.17160039685710324, 0.1738051022111676, 0.17723487173247526, 0.18188293642710734, 0.18773398941208577, 0.19475850526232005, 0.20290505119383015, 0.21209071935557242, 0.22219004703939518, 0.23302312035016998, 0.2443440337803734, 0.2558314094121608, 0.26708324518828364, 0.2776187517159508, 0.2868899224628494, 0.29430506463561323, 0.2992652879682025, 0.30121287009894765, 0.2996877504810075, 0.29438553376428994, 0.28520813988562205, 0.2722973796022816, 0.25604304614605006, 0.23706069284092077, 0.21613970303265426, 0.19416822095942293, 0.1720464997270312, 0.15060264702567652, 0.13052396394657734, 0.11231319832612323, 0.09627338883896601, 0.08251909508340273, 0.07100737226268958, 0.06157962106775316, 0.05400564829574423, 0.04802316010348626, 0.04336869282733452, 0.03979863413182545, 0.03710106070636802, 0.035100255149057784, 0.033656182944155066, 0.032661008832065595, 0.03203430924291215, 0.031718080369183506, 0.031672203810001055, 0.03187065494436503, 0.03229853769443481, 0.03294987841670417, 0.03382607802392684, 0.03493488669605265, 0.03628979388083648, 0.03790972405140912, 0.0398189626596647]
7.21993066468833	2.9793673592777963	[0.042014785329889906, 0.04459632906796147, 0.04757325238004788, 0.05099260414001886, 0.05490732959697534, 0.0593759801727721, 0.06446201234709975, 0.07023250394132192, 0.07675609005012486, 0.0840999092782213, 0.09232536110358083, 0.10148252597783564, 0.11160320259992025, 0.12269268937099594, 0.13472068047726582, 0.1476119559529456, 0.16123788281596824, 0.17541005596632253, 0.18987760416245433, 0.20432967519321227, 0.21840430468184138, 0.23170422637736646, 0.2438192268524073, 0.25435351614420165, 0.2629554883189534, 0.269346446610593, 0.27334459948292444, 0.27488103701634087, 0.2740054465393268, 0.2708808360562963, 0.2657681851392639, 0.25900338572943116, 0.2509697754089362, 0.24206985411809123, 0.2326994251862069, 0.22322657463679582, 0.21397683567115006, 0.2052248245269745, 0.19719176625139836, 0.19004775832051357, 0.1839173598485717, 0.17888709607639916, 0.17501364661046565, 0.17233175381772045, 0.17086116933995588, 0.17061220251031062, 0.17158961791554997, 0.17379474592585015, 0.17722572823138666, 0.1818758390334626, 0.18772982488123177, 0.19475821955883865, 0.20290964439397, 0.21210122927434708, 0.2222075141711788, 0.23304853424180322, 0.24437825459063858, 0.2558750688244641, 0.2671366263941121, 0.27768166226527813, 0.2869615708333993, 0.29438396682433593, 0.2993492242965371, 0.3012989223144586, 0.29977243195399955, 0.2944650231834419, 0.2852785981734331, 0.2723553204080041, 0.2560857002370927, 0.23708631130541266, 0.2161477368068612, 0.1941593480271512, 0.17202248764155326, 0.15056608558384713, 0.13047791343597545, 0.11226082601816509, 0.09621764598405934, 0.08246248528111944, 0.07095182106094237, 0.06152645008025994, 0.05395562323908417, 0.047976591535760636, 0.04332555204756759, 0.03975866982299065, 0.03706389396617238, 0.035065454740570545, 0.03362331308391853, 0.0326296603912428, 0.03200411235180387, 0.03168870999251144, 0.03164337614929009, 0.03184212359476157, 0.03227008604335041, 0.03292131468396599, 0.03379722873800903, 0.034905593461118635, 0.03625990927986682, 0.03787911073830886, 0.0397874918877841]
7.222781536370497	2.978455051809883	[0.04198238010498011, 0.04456284103993767, 0.04753859053854949, 0.05095669899814451, 0.054870140860394205, 0.05933750694389225, 0.06442230562796673, 0.07019168184551576, 0.07671435508335829, 0.08405756741908305, 0.09228284109866809, 0.10144039733598699, 0.11156218924364024, 0.12265367591088852, 0.13468470678935873, 0.1475801963860235, 0.16121160621961372, 0.17539056498726413, 0.1898661540631152, 0.20432737655623964, 0.218412017487805, 0.23172245713482365, 0.24384804209290073, 0.254392486419917, 0.2630036738034788, 0.26940243093339555, 0.2734065710224194, 0.27494690995932813, 0.27407300727192846, 0.2709478970418224, 0.26583272763192445, 0.25906367579769185, 0.25102444283117475, 0.24211793037333681, 0.23274034282283468, 0.2232601351486295, 0.21400315569551767, 0.20524427078835, 0.19720488866955516, 0.19005522846754005, 0.18391991956952378, 0.17888551849579562, 0.17500871005120355, 0.172324227522506, 0.17085180941435674, 0.17060175577795553, 0.17157883169870639, 0.17378438134852298, 0.1772165751592559, 0.18186873015327393, 0.18772564677674186, 0.1947579176414807, 0.20291421875133397, 0.2121117173465856, 0.22222495673978726, 0.23307392072866837, 0.24441244575123633, 0.25591869643765386, 0.26718997444640463, 0.27774453841853425, 0.28703318427194346, 0.29446283334238277, 0.2994331245280176, 0.3013849373053084, 0.29985707503266196, 0.29454447217540686, 0.2853490142545916, 0.27241321707533916, 0.2561283097251916, 0.23711188596371435, 0.216155730494064, 0.19415044100484563, 0.17199845080088155, 0.15052951050792393, 0.13043186251065444, 0.11220846640111273, 0.0961619289216419, 0.08240591223927674, 0.07089631603471662, 0.06147333161456374, 0.053905655223613666, 0.04793008177375633, 0.04328247068576304, 0.03971876371883397, 0.03702678395845094, 0.035030708649191826, 0.033590495499629724, 0.03259836179373531, 0.03197396352626858, 0.031659385759493945, 0.03161459340327907, 0.0318136358562335, 0.032241677318175385, 0.03289279311048733, 0.033768421355830726, 0.03487634175970656, 0.036230066244322075, 0.037848538861895674, 0.03975606271818166]
7.225632408052664	2.977542883993988	[0.041950016331827676, 0.04452939460952497, 0.04750397008204075, 0.05092083511527575, 0.05483299277304767, 0.059299073673756635, 0.06438263752813807, 0.0701508967558744, 0.07667265467201981, 0.08401525719981862, 0.09224034881526219, 0.10139829190566274, 0.1115211935277519, 0.1226146739601136, 0.1346487375696898, 0.1475484339669384, 0.16118531896752852, 0.17537105581377593, 0.1898546783999321, 0.20432504592601944, 0.2184196927095701, 0.23174064619303533, 0.24387681275133619, 0.25443141083810256, 0.2630518133202142, 0.26945837045090276, 0.27346849963512876, 0.2750127425370573, 0.27414053038188574, 0.27101492331088994, 0.26589723815821753, 0.2591239365593505, 0.2510790833872281, 0.242165982090036, 0.23278123812026438, 0.2232936754568774, 0.2140294576084589, 0.20526370095967691, 0.19721799697536138, 0.19006268631754644, 0.1839224686926572, 0.17888393171634312, 0.17500376548124696, 0.17231669396848856, 0.17084244269539428, 0.17059130217700658, 0.17156803821682598, 0.17377400851086763, 0.17720741253009728, 0.1818616098221891, 0.18772145511821448, 0.19475759955095245, 0.20291877429217917, 0.21212218361808385, 0.22224237477821585, 0.23309927986052256, 0.24444660730111836, 0.2559622923035667, 0.26724328938906544, 0.27780738022785334, 0.28710476282691844, 0.29454166424113987, 0.29951698871587895, 0.30147091512148605, 0.2999416797750801, 0.29462388078761026, 0.28541938819123686, 0.2724710696476802, 0.2561708746758104, 0.2371374168546725, 0.21616368416278814, 0.19414149992607163, 0.17197438927345, 0.15049292182056986, 0.13038581122859838, 0.11215611947437505, 0.09610623768383439, 0.08234937592123154, 0.07084085717899151, 0.061420265594000725, 0.053855744207188215, 0.04788363070844935, 0.043239448672560486, 0.039678915692009056, 0.03698973059954255, 0.034996016742466336, 0.033557730103478754, 0.03256711291046816, 0.03194386267991933, 0.031630107548101985, 0.03158585548896516, 0.031785191614318205, 0.032213311439349454, 0.0328643135884822, 0.03373965580075824, 0.03484713148956857, 0.03620026470016604, 0.03781800832470686, 0.03972467507966003]
7.228483279734831	2.976630856700835	[0.04191769420924886, 0.04449598942827002, 0.04746939119690792, 0.05088501216326134, 0.054795885517070264, 0.05926068005167102, 0.06434300823333985, 0.0701101483786263, 0.07663098901262966, 0.08397297834510348, 0.09219788446651014, 0.10135620943288318, 0.11148021568534541, 0.12257568328918701, 0.13461277307067554, 0.14751666849278308, 0.1611590213259192, 0.17535152826967396, 0.1898431774428037, 0.20432268315163027, 0.21842733060826247, 0.23175879342478947, 0.24390553906847243, 0.2544702892951666, 0.26309990708124237, 0.26951426508463183, 0.27353038549971936, 0.27507853469781923, 0.27420801601205813, 0.2710819148389799, 0.2659617168240868, 0.2591841680161087, 0.25113369714612477, 0.24221400929457876, 0.23282211111175824, 0.22332719561128053, 0.2140557414094389, 0.2052831151131702, 0.1972310911367121, 0.1900701319648859, 0.18392500715638896, 0.1788823358549208, 0.1749988128113573, 0.17230915329640112, 0.17083306906770682, 0.17058084187435613, 0.1715572373295601, 0.17376362760903405, 0.17719824017914113, 0.1818544782691105, 0.18771724971627549, 0.19475726555228687, 0.20292331080147757, 0.2121326283927493, 0.22225976804387998, 0.23312461198187748, 0.2444807389675001, 0.2560058568078919, 0.2672965709158502, 0.2778701881196943, 0.28717630615480366, 0.2946204599871009, 0.29960081647521947, 0.30155685626980033, 0.30002624575146075, 0.29470324957017374, 0.285489719506947, 0.2725288787244442, 0.2562133945658307, 0.23716290463243042, 0.21617159724238544, 0.19413252549768634, 0.1719503024369004, 0.1504563202665389, 0.1303397589097816, 0.11210378599432563, 0.09605057153203668, 0.08229287706524196, 0.07078544370804433, 0.061367252714456644, 0.05380588938205369, 0.047837238978716334, 0.04319648521044733, 0.039639126318057875, 0.03695273313190866, 0.03496137953128381, 0.03352501619802348, 0.03253591418915559, 0.03191380918402696, 0.031600875746486325, 0.03155716184548965, 0.03175679120323256, 0.03218498790709664, 0.03283587640553164, 0.03371093162459295, 0.03481796289998299, 0.03617050424084467, 0.037787519346445676, 0.03969332859833889]
7.2313341514169975	2.975718970797731	[0.04188541324237159, 0.04446262581776197, 0.04743485341969477, 0.050849230448151164, 0.05475881865353477, 0.05922232637879207, 0.06430341732519461, 0.07006943701953501, 0.07658935770628458, 0.08393073117298562, 0.09215544767434829, 0.1013141502528967, 0.11143925536220003, 0.1225367042514132, 0.13457681296551258, 0.1474849003306485, 0.16113271299854623, 0.17533198272631395, 0.18983165092829174, 0.2043202885952238, 0.21843493095480448, 0.23177689916818656, 0.24393422085113411, 0.25450912209184806, 0.2631479549313051, 0.2695701150883167, 0.27359222850122916, 0.2751442866430412, 0.2742754640898242, 0.2711488717735654, 0.26602616360015074, 0.2592443702621402, 0.25118828412106387, 0.24226201202959324, 0.2328629618511925, 0.22336069560509444, 0.2140820071906689, 0.2053025131950491, 0.19724417128225988, 0.19007756531113387, 0.18392753512500423, 0.1788807307707264, 0.17499385224204841, 0.1723016053249674, 0.1708236887700518, 0.1705703746495568, 0.17154642931714603, 0.1737532383839029, 0.17718905843215518, 0.18184733519579077, 0.18771303094649747, 0.19475691530662328, 0.20292782870840426, 0.21214305128864222, 0.22227713702225688, 0.23314991666450582, 0.24451484129352577, 0.2560493894726233, 0.26734981962797094, 0.27793296156298375, 0.2872478149152252, 0.29469921999310034, 0.29968460852530265, 0.30164276010361246, 0.30011077374334516, 0.2947825778126334, 0.2855600090497943, 0.27258664352663575, 0.2562558703151148, 0.2371883484459906, 0.21617947072736549, 0.1941235167948505, 0.17192619135378878, 0.15041970484614617, 0.13029370666272566, 0.11205146488844374, 0.09599493158531079, 0.08223641453789493, 0.07073007671299596, 0.061314291809066716, 0.05375609178008788, 0.04779090542413077, 0.04315358125165091, 0.03959939448455927, 0.036915792417021254, 0.03492679598346233, 0.033492354549697546, 0.032504764695350644, 0.031883803711212334, 0.03157168952133076, 0.03152851305767939, 0.03172843388402642, 0.032156707228248725, 0.032807480904633056, 0.033682249268341714, 0.03478883540145205, 0.03614078525468313, 0.037757071391063525, 0.039662023622946664]
7.2341850230991644	2.974807227148636	[0.04185317363227264, 0.04442930342841895, 0.04740035693841476, 0.05081348964122056, 0.054721792365602456, 0.05918401234439209, 0.06426386498987981, 0.07002876238527746, 0.07654776094928535, 0.08388851540905184, 0.09211303865089122, 0.10127211411307109, 0.11139831278937998, 0.12249773661912232, 0.1345408575034698, 0.1474531292800943, 0.16110639424736753, 0.17531241901102493, 0.18982009912111256, 0.20431786211091676, 0.2184424940043118, 0.23179496330285534, 0.24396285833300613, 0.2545479091330568, 0.26319595707375604, 0.26962592039326666, 0.27365402880738265, 0.2752099983319514, 0.2743428747447982, 0.27121579410253877, 0.26609057857717267, 0.25930454331356656, 0.2512428443643647, 0.2423099903381986, 0.2329037903537063, 0.22339417550701204, 0.21410825493192312, 0.20532189529841843, 0.19725723735844003, 0.19008498647322553, 0.18393005251360506, 0.17887911660481107, 0.17498888365894985, 0.17229405022067767, 0.1708143016602078, 0.17055990069687338, 0.17153561401074446, 0.17374284106061277, 0.17717986709434955, 0.18184018086165413, 0.18770879858807124, 0.19475654911083184, 0.2029323277652375, 0.2121534526424269, 0.22229448143705038, 0.23317519428603192, 0.2445489139720993, 0.2560928907163115, 0.26740303518501385, 0.27799570101635324, 0.28731928873176593, 0.29477794475692787, 0.29976836445082666, 0.3017286271599257, 0.30019526329366275, 0.29486186609345005, 0.28563025631873273, 0.2726443646789353, 0.2562983013774984, 0.23721374897098907, 0.21618730402514663, 0.19411447454286193, 0.17190205538149306, 0.15038307632106682, 0.13024765378947756, 0.11199915692947865, 0.0959393170893676, 0.08217998909321438, 0.07067475539406924, 0.06126138358837764, 0.053706350580726266, 0.047744630696809176, 0.04311073598712348, 0.039559720778801384, 0.03687890768727503, 0.03489226662014831, 0.033459744452566505, 0.03247366488554725, 0.03185384562578812, 0.031542549268136426, 0.03149990855911191, 0.031700119996942486, 0.032128468898678084, 0.032779127378218066, 0.03365360828047946, 0.0347597492470951, 0.03611110733265763, 0.03772666468125013, 0.03963075977785381]
7.237035894781331	2.9738956266141985	[0.04182097520087373, 0.0443960222769065, 0.047365901586287305, 0.05077778975994178, 0.054684806497746645, 0.05914573797125968, 0.0642243510845115, 0.06998812450887518, 0.07650619861402365, 0.08384633110143391, 0.09207065728716217, 0.10123010108064828, 0.11135738787962358, 0.1224587804805863, 0.13450490662061415, 0.14742135544910434, 0.16108006503096864, 0.17529283724650982, 0.1898085219990534, 0.204315403828299, 0.2184500197490197, 0.23181298595659525, 0.2439914515163119, 0.25458665053748514, 0.2632439135179762, 0.2696816811043611, 0.27371578643370087, 0.2752756698534196, 0.27441024799865293, 0.2712826818981384, 0.2661549617830938, 0.2593646872260661, 0.25129737791001305, 0.24235794425985255, 0.23294459665884779, 0.22342763534080917, 0.21413448467787963, 0.20534126143216216, 0.19727028941498356, 0.19009239544624304, 0.18393255937746775, 0.17887749333984296, 0.174983907124043, 0.17228648795542448, 0.1708049078086635, 0.17054941997918083, 0.17152479149163521, 0.1737324355946878, 0.17717066626026398, 0.18183301521619177, 0.18770455275106532, 0.19475616690905423, 0.2029368080992199, 0.21216383239272113, 0.22231180143336124, 0.2332004447784619, 0.24458295716582631, 0.25613636046254623, 0.26745621776597595, 0.2780584063928549, 0.287390727798514, 0.2948566341790691, 0.2998520844600959, 0.30181445732496986, 0.3002797146249968, 0.29494111428348563, 0.28570046155205087, 0.2727020420366523, 0.2563406880094784, 0.2372391060474599, 0.2161950974114415, 0.19410539856464318, 0.1718778948096698, 0.15034643449023183, 0.1302016005792164, 0.11194686188180328, 0.09588372831327872, 0.08212360045397182, 0.07061947998436818, 0.0612085277373369, 0.05365666597538933, 0.047698414458887686, 0.04306794957016435, 0.03952010485988465, 0.036842079065313116, 0.03485779111437928, 0.03342718600537061, 0.03244261445692696, 0.03182393500707744, 0.03151345471173687, 0.031471348412488595, 0.03167184929337582, 0.03210027296663277, 0.03275081560084324, 0.03362500869704413, 0.034730704230597, 0.03608147050118965, 0.03769629902616567, 0.0395995370828748]
7.239886766463498	2.972984170051759	[0.041788817837299964, 0.04436278231526085, 0.04733148725969882, 0.05074213076044374, 0.05464786095504933, 0.05910750322277551, 0.06418487552541882, 0.06994752336483076, 0.07646467063154297, 0.08380417823989417, 0.09202830353266048, 0.10118811116425916, 0.11131648060398475, 0.12241983586526602, 0.1344689603108628, 0.14738957888722898, 0.1610537253647812, 0.1752732374985146, 0.18979691959500933, 0.20431291382287114, 0.2184575082335377, 0.23183096720727125, 0.24402000045160738, 0.25462534637891576, 0.2632918243162068, 0.2697373972870895, 0.2737775014319932, 0.2753413012628275, 0.2744775839023837, 0.271349535205461, 0.26621931326847076, 0.25942480203486407, 0.2513518848084156, 0.24240587382024253, 0.23298538081678746, 0.22346107512278496, 0.21416069647824143, 0.20536061160342586, 0.19728332750116048, 0.1900997922287965, 0.18393505576603028, 0.17887586096705532, 0.17497892268819482, 0.17227891851470542, 0.1707955072695329, 0.1705389324781976, 0.17151396181932438, 0.17372202196608746, 0.177161455996943, 0.18182583823938556, 0.18770029351179843, 0.19475576868251276, 0.20294126979686036, 0.21217419052238087, 0.22232909710770662, 0.2332256681258104, 0.24461697098001586, 0.2561797986954631, 0.2675093674831978, 0.27812107767570104, 0.28746213223318223, 0.29493528824110576, 0.29993576867496713, 0.3019002505781398, 0.3003641278625045, 0.29502032235932785, 0.2857706248779581, 0.2727596755733467, 0.25638303034312515, 0.23726441964629097, 0.21620285102275302, 0.19409628882701432, 0.17185370977534764, 0.15030977930923714, 0.13015554715780747, 0.11189457967696888, 0.09582816535566532, 0.08206724851621781, 0.07056425054374098, 0.06115572411466597, 0.053607037984465956, 0.04765225654119883, 0.04302522199032944, 0.03948054654587006, 0.03680530652147839, 0.034823369285166945, 0.03339467916858463, 0.03241161323800501, 0.0317940718110726, 0.031484405693503935, 0.03144283257159851, 0.03164362162747951, 0.03207211938438784, 0.032722545437796305, 0.033596450469048605, 0.03470170022644026, 0.036051874710474774, 0.037665974307971375, 0.03956835548832703]
7.242737638145665	2.972072858315292	[0.04175670171974303, 0.0443295832173876, 0.04729711412486387, 0.05070651233651182, 0.054610955899466525, 0.05906930781019912, 0.06414543847770833, 0.06990695868168084, 0.07642317717684916, 0.08376205657200271, 0.09198597757773122, 0.10114614413351353, 0.11127559117111734, 0.1223809025680098, 0.1344330188003911, 0.14735779941674482, 0.16102737548712834, 0.1752536196171817, 0.18978529214986625, 0.20431039197155956, 0.21846495968941462, 0.23184890695714488, 0.2440485053496495, 0.25466399658438826, 0.2633396896496701, 0.26979306889397386, 0.2738391739486746, 0.27540689253944095, 0.2745448825651889, 0.27141635403128633, 0.2662836331047003, 0.2594848877740174, 0.2514063650936557, 0.24245377907963034, 0.23302614282547263, 0.22349449493803156, 0.21418689029644783, 0.2053799459209732, 0.19729635154776495, 0.19010717695278173, 0.18393754157936848, 0.17887421964180766, 0.1749739302226202, 0.17227134207868636, 0.1707860998868312, 0.1705284384011898, 0.17150312481195168, 0.17371160041215403, 0.17715223609747802, 0.181818650201852, 0.1876960206385103, 0.1947553547379353, 0.20294571260102975, 0.21218452737612986, 0.2223463681764065, 0.23325086471133027, 0.2446509551027795, 0.2562232058360356, 0.26756248399473626, 0.27818371532194447, 0.2875335016619359, 0.2950139074346171, 0.30001941668785853, 0.3019860074451738, 0.3004485025628956, 0.2950994908826379, 0.2858407458156422, 0.272817265890623, 0.2564253278587674, 0.23728969041315934, 0.21621056429896005, 0.19408714601856722, 0.17182949967421776, 0.15027311149732958, 0.1301094928711209, 0.11184231104095732, 0.09577262751047477, 0.08201093398429715, 0.07050906632332643, 0.061102973379903724, 0.05355746583908974, 0.04760615754527604, 0.04298255248931465, 0.03944104637552357, 0.036768589336513224, 0.034789001608409996, 0.03336222328118717, 0.0323806616439786, 0.03176425544300865, 0.031455402571777084, 0.03141436050686298, 0.03161543730627486, 0.032044007680857155, 0.03269431715178139, 0.033567933174709574, 0.034672737460926, 0.036022319578537625, 0.03763569072481555, 0.03953721464355713]
7.245588509827832	2.97116169225553	[0.04172462627726151, 0.04429642538020935, 0.047262781647419844, 0.05067093486498836, 0.05457409082454363, 0.05903115210238936, 0.06410603945749055, 0.06986643083087897, 0.07638171778669044, 0.08371996648015001, 0.0919436789807641, 0.10110420038689623, 0.11123471916427018, 0.12234198100398534, 0.13439708170159487, 0.14732601746436486, 0.1610010150437512, 0.17523398402974857, 0.18977363934620073, 0.20430783868675367, 0.21847237383909068, 0.23186680558711417, 0.24407696597606962, 0.2547026014887785, 0.26338750933115324, 0.2698486962035842, 0.2739008038476134, 0.27547244389973213, 0.2746121439046614, 0.27148313852772693, 0.266347921263674, 0.2595449445314231, 0.25146081879060983, 0.2425016600634411, 0.23306688276037027, 0.22352789475220422, 0.21421306625596165, 0.2053992642937631, 0.19730936172418354, 0.1901145494734276, 0.18394001703177337, 0.17887256916813973, 0.17496892998691102, 0.17226375840211258, 0.170776685967403, 0.1705179374546805, 0.17149228082696333, 0.17370117059132012, 0.17714300697424532, 0.18181145071306243, 0.1876917346031614, 0.19475492463399632, 0.20295013704747564, 0.21219484245922388, 0.22236361524202272, 0.23327603398375948, 0.24468491020496286, 0.25626658127326907, 0.2676155680398239, 0.2782463186577263, 0.28760483689196426, 0.2950924910196403, 0.3001030293742476, 0.30207172711619334, 0.30053283967246797, 0.29517861896918035, 0.2859108253878441, 0.27287481202557273, 0.2564675816630329, 0.23731491730308119, 0.21621823843452095, 0.19407796900972468, 0.1718052657807543, 0.15023642983908603, 0.13006343904849685, 0.11179005467677516, 0.09571711612249367, 0.08195465549690814, 0.07045392864001707, 0.061050274141836364, 0.053507950791155647, 0.047560116096611586, 0.04293994222763782, 0.039401603037921305, 0.03673192856358983, 0.034754686872378086, 0.033329819281861135, 0.03234975858114675, 0.03173448672759932, 0.031426444373815886, 0.03138593293609607, 0.031587295469425306, 0.03201593847894166, 0.032666129979887784, 0.033539457356915374, 0.03464381525128777, 0.035992805584218704, 0.03760544765724191, 0.03950611497907256]
7.248439381509999	2.9702506727198745	[0.04169259191359708, 0.04426330826020655, 0.04722849020587141, 0.05063539783280581, 0.054537266096187746, 0.05899303560989828, 0.06406667882946719, 0.06982593934289809, 0.07634029283408413, 0.08367790751421822, 0.09190140813016157, 0.10106227949569209, 0.11119386499053122, 0.12230307076946487, 0.13436114943844454, 0.14729423265533476, 0.1609746444678022, 0.17521433039387324, 0.18976196161333178, 0.20430525366123647, 0.21847975109206638, 0.23188466282771347, 0.24410538270501103, 0.2547411608636483, 0.2634352836872716, 0.2699042790323074, 0.2739623914002415, 0.27553795520813146, 0.2746793681333657, 0.2715498886087461, 0.26641217789823096, 0.25960497227005513, 0.2515152459934228, 0.24254951678170514, 0.23310760065918043, 0.22356127461988093, 0.21423922434091086, 0.2054185668186221, 0.19732235796392833, 0.19012190992831388, 0.18394248200882182, 0.17887090972413672, 0.17496392182087586, 0.17225616770482813, 0.17076726530674205, 0.1705074299030386, 0.17148142961610896, 0.17369073281649197, 0.17713376833476135, 0.1818042401392316, 0.1876874350673776, 0.19475447879509825, 0.20295454274911426, 0.21220513625855547, 0.2223808378649671, 0.2333011764957212, 0.24471883579006637, 0.25630992562761984, 0.26766861906042144, 0.27830888837272216, 0.28767613729898195, 0.2951710397565437, 0.30018660603859215, 0.3021574104248853, 0.3006171384190069, 0.29525770753081804, 0.28598086274051987, 0.27293231497540577, 0.2565097908162215, 0.23734010140504996, 0.2162258724017474, 0.19406875897972325, 0.171781006977774, 0.1501997355870268, 0.1300173844844219, 0.11173781187656114, 0.09566162990795257, 0.08189841434301534, 0.07039883615750545, 0.06099762764546925, 0.053458491493149525, 0.04751413336482009, 0.042897389894518675, 0.03936221760667749, 0.036695322970714726, 0.03472042604344169, 0.03329746604480759, 0.03231890490530527, 0.031704764655931354, 0.03139753184842529, 0.03135754896423467, 0.031559196767987296, 0.03198791098560194, 0.032637984488547093, 0.03351102230864893, 0.03461493409442288, 0.03596333208971696, 0.03757524554810964, 0.03947505591076472]
7.251290253192166	2.9693398005524427	[0.0416605981098291, 0.04423023220585912, 0.04719423931260959, 0.050599901573008886, 0.05450048125049723, 0.05895495866153221, 0.0640273561487534, 0.06978548455240463, 0.07629890189146808, 0.08363588002297612, 0.09185916461640177, 0.10102038182822456, 0.11115302826089782, 0.1222641722536422, 0.13432522164565494, 0.14726244539582348, 0.16094826342067853, 0.1751946591234673, 0.18975025864160358, 0.2043026373033976, 0.21848709116935858, 0.23190247906703904, 0.2441337552898589, 0.25477967506340526, 0.2634830125058227, 0.26995981769106314, 0.27402393643107725, 0.27560342672671717, 0.27474655511453683, 0.27161660448607383, 0.26647640291121416, 0.25966497115219467, 0.251569646643858, 0.24259734934919094, 0.23314829650058488, 0.22359463461054968, 0.21426536456443104, 0.2054378535220885, 0.19733534031262415, 0.19012925830336852, 0.18394493658781913, 0.17886924125730633, 0.17495890583414553, 0.17224856989769546, 0.17075783804893985, 0.1704969156215623, 0.17147057136139732, 0.17368028692752555, 0.17712452040343013, 0.18179701828368613, 0.18768312230300266, 0.19475401698555173, 0.20295893003028154, 0.21221540849545695, 0.22239803642661107, 0.23332629192027177, 0.24475273230029468, 0.2563532385176962, 0.2677216375628927, 0.2783714240247117, 0.28774740345704986, 0.2952495531361458, 0.3002701473270185, 0.3022430567890412, 0.3007013995259369, 0.2953367559059631, 0.28605085868013885, 0.2729897739932468, 0.25655195621332055, 0.23736524188323896, 0.21623346718622527, 0.1940595150030942, 0.17175672433356065, 0.15016302772723308, 0.12997133030594313, 0.11168558154268937, 0.0956061700147608, 0.08184220935610861, 0.07034379000325232, 0.06094503268576511, 0.053409089017966774, 0.047468208148996785, 0.04285489648531173, 0.039322888928893476, 0.0366587734624277, 0.0346862180505738, 0.03326516437785776, 0.03228809964573883, 0.03167508993939373, 0.03136866412896337, 0.031329209211897156, 0.03153114043255918, 0.031959925740607645, 0.03260987999281387, 0.03348262850142481, 0.03458609337485172, 0.035933899512015165, 0.03754508383670281, 0.03944403781481051]
7.254141124874333	2.9684290765941252	[0.041628645309537665, 0.04419719663539038, 0.047160029384698245, 0.05056444553494088, 0.054463736691585246, 0.058916920730025114, 0.06398807181866858, 0.06974506595109059, 0.07625754537161203, 0.08359388351590855, 0.09181694886940203, 0.10097850691330744, 0.11111220942621453, 0.12222528500798326, 0.1342892987934563, 0.1472306552638269, 0.160921872384246, 0.17517496982647607, 0.18973853091113874, 0.2042999892539211, 0.21849439453286496, 0.2319202539814414, 0.24416208415842786, 0.25481814380394247, 0.2635306961683681, 0.2700153119397705, 0.27408543926789386, 0.27566885826300425, 0.27481370511841186, 0.2716832860161258, 0.26654059651420325, 0.2597249410821537, 0.2516240208956931, 0.24264515771578174, 0.23318897038291084, 0.22362797471705317, 0.2142914869725635, 0.2054571244377084, 0.19734830876725878, 0.19013659467139385, 0.18394738071950126, 0.17886756387946656, 0.1749538819333291, 0.17224096513283157, 0.1707484040577714, 0.1704863948055518, 0.17145970588404882, 0.1736698331672089, 0.1771152629579564, 0.18178978544204077, 0.18767879604182588, 0.19475353955961314, 0.2029632985729351, 0.21222565958853667, 0.22241521055375865, 0.23335138074553458, 0.24478659930089014, 0.2563965205055843, 0.2677746230437938, 0.2784339262536379, 0.28781863478640873, 0.29532803188008455, 0.300353652575436, 0.3023286670167432, 0.3007856222370606, 0.2954157649960474, 0.2861208123522204, 0.2730471900828925, 0.25659407689797076, 0.23739033985101374, 0.21624102172803553, 0.19405023830011767, 0.17173241668382053, 0.15012630756728107, 0.1299252752469998, 0.11163336503326857, 0.09555073508810313, 0.081786041899022, 0.07028878876342884, 0.060892490586324566, 0.05335974193818939, 0.047422341698656306, 0.042812460610425464, 0.03928361815616729, 0.03662227873164171, 0.034652063933739735, 0.033232913085553144, 0.03225734372598491, 0.031645461505669166, 0.031339842025618715, 0.03130091272691395, 0.031503127169461805, 0.03193198189957522, 0.032581817108989504, 0.03345427518175564, 0.03455729363492917, 0.03590450717066152, 0.03751496300799854, 0.03941306006717768]
7.2569919965565	2.9675185016825125	[0.041596733040444596, 0.0441642018526607, 0.04712585997890958, 0.05052903000873422, 0.0544270319987836, 0.058878922101843256, 0.06394882543705432, 0.06970468383128288, 0.07621622289003058, 0.08355191829873478, 0.09177476052348331, 0.10093665507505199, 0.11107140814229643, 0.12218640937611581, 0.1342533805623307, 0.1471988626187176, 0.16089547106641364, 0.17515526286925218, 0.18972677815919997, 0.204297309873595, 0.21850166095045132, 0.2319379879121208, 0.24419036911023564, 0.2548565673940358, 0.26357833450738444, 0.27007076204530384, 0.27414689977785917, 0.27573425003682744, 0.2748808180486459, 0.2717499333703952, 0.26660475864838207, 0.25978488218409634, 0.25167836872722854, 0.24269294196015428, 0.23322962231977862, 0.22366129497455295, 0.21431759161190483, 0.20547637955914752, 0.1973612634055377, 0.19014391898668612, 0.1839498145119644, 0.17886587750765212, 0.17494885025762077, 0.17223335329182388, 0.17073896350562753, 0.17047586730238276, 0.17144883339294317, 0.17365937134911952, 0.17710599624784304, 0.1817825413934492, 0.18767445657844947, 0.19475304626019374, 0.20296764872098372, 0.2122358892413905, 0.22243236064301605, 0.23337644263161622, 0.24482043724353023, 0.25643977120311245, 0.26782757601164275, 0.2784963946183395, 0.2878898318544854, 0.2954064754899456, 0.3004371224132558, 0.3024142405480156, 0.30086980724777224, 0.2954947341743506, 0.2861907245225919, 0.273104562545332, 0.256636153710856, 0.23741539453327137, 0.21624853694473503, 0.19404092801857475, 0.171708085016288, 0.15008957417823518, 0.12987922034371618, 0.11158116134548964, 0.09549532617728494, 0.08172991090678536, 0.07023383346239938, 0.06084000024660318, 0.05331045122273056, 0.047376532916567723, 0.042770083163930196, 0.03924440423516088, 0.036585839587278166, 0.03461796271487586, 0.033200712887733484, 0.03222663626021495, 0.031615879986658976, 0.03131106474808842, 0.031272660058865864, 0.031475156277444, 0.031904079938963055, 0.032553795213011064, 0.03342596276444934, 0.034528534314008055, 0.035875155431243345, 0.03748488255137693, 0.03938212299665043]
7.259842868238667	2.9666080766519416	[0.04156486122416082, 0.04413124778147193, 0.047091731021613584, 0.05049365492384706, 0.05439036710498697, 0.05884096271519276, 0.06390961694696864, 0.0696643381427352, 0.07617493440313483, 0.08350998433702853, 0.09173259955246084, 0.10089482629868367, 0.1110306244035001, 0.12214754536531035, 0.13421746696822484, 0.14716706748951758, 0.16086905950263033, 0.17513553829894477, 0.1897150004354978, 0.20429459922145402, 0.21850889047917063, 0.2319556809232011, 0.24421861020343374, 0.25489494589776585, 0.2636259275782315, 0.2701261680690767, 0.27420831801191903, 0.27579960210598914, 0.27494789395116354, 0.2718165466025474, 0.26666888935411415, 0.2598447945069815, 0.25173269017277844, 0.242740702126221, 0.23327025233935283, 0.2236945954220333, 0.2143436785048348, 0.20549561892100035, 0.19737420424474333, 0.19015123128026662, 0.1839522379783641, 0.17886418217042285, 0.1749438108173416, 0.17222573440224725, 0.17072951640165368, 0.17046533314045337, 0.17143795389797292, 0.17364890150443135, 0.17709672028568393, 0.18177528617365576, 0.1876701039298417, 0.19475253712889676, 0.20297198049685272, 0.21224609750196233, 0.22244948672254525, 0.23340147763233499, 0.2448542461615429, 0.2564829906686025, 0.2678804965036281, 0.278558829179574, 0.2879609947005201, 0.2954848840265548, 0.3005205568799542, 0.302499777441879, 0.3009539545969615, 0.2955736634979324, 0.28626059523080677, 0.27316189143780906, 0.2566781866949675, 0.23744040598987248, 0.2162560128834969, 0.19403158421893313, 0.17168372937645762, 0.15005282761143732, 0.12983316562679847, 0.11152897050660286, 0.09543994328349659, 0.0816738163701782, 0.07017892406374893, 0.060787561618170456, 0.053261216800348364, 0.04733078172274642, 0.04272776405074057, 0.0392052470672538, 0.036549455923287094, 0.03458391428873242, 0.03316856367718365, 0.032195977144328536, 0.03158634527919574, 0.03128233219689243, 0.03124445111024312, 0.03144722766230621, 0.03187621976660782, 0.032525814215373074, 0.033397691161787, 0.03449981532649154, 0.03584584420976683, 0.03745484238472863, 0.039351226522815]
7.262693739920834	2.9656978023335614	[0.04153303003477802, 0.04409833410222912, 0.04705764267576813, 0.0504583199796181, 0.05435374216987288, 0.05880304228540508, 0.06387044651153183, 0.06962402861706593, 0.07613368008473499, 0.08346808137997204, 0.09169046614621774, 0.10085302035362757, 0.11098985841892012, 0.12210869276813535, 0.1341815582390135, 0.14713526969394528, 0.1608426379347456, 0.1751157959588138, 0.18970319798696136, 0.20429185716519413, 0.2185160833597012, 0.2319733329051596, 0.24424680766121054, 0.25493327922734743, 0.2636734755777478, 0.27018152994517664, 0.274269694135146, 0.2758649144274051, 0.2750149329569957, 0.27188312569321954, 0.26673298872819284, 0.25990467805528633, 0.25178698529573457, 0.24278843824149393, 0.2333108604728678, 0.22372787610869938, 0.21436974765185488, 0.2055148425928804, 0.19738713125622737, 0.1901585316415006, 0.1839546510626125, 0.17886247797720936, 0.1749387635307259, 0.17221810859499287, 0.17072006264004708, 0.1704547924744913, 0.17142706727059798, 0.17363842381478162, 0.17708743492092377, 0.18176801999454958, 0.18766573792335356, 0.19475201241094406, 0.20297629370477444, 0.21225628465113086, 0.22246658857150547, 0.23342648606549965, 0.24488802580639846, 0.2565261792571447, 0.26793338424070334, 0.2786212303296768, 0.2880321230122405, 0.2955632579197035, 0.3006039556273272, 0.302585278166517, 0.3010380638974518, 0.295652553475435, 0.2863304240476182, 0.2732191773128518, 0.25672017537680514, 0.23746537482067975, 0.21626344902528294, 0.19402220754730226, 0.171659349197342, 0.1500160685474375, 0.1297871104768784, 0.11147679320784921, 0.09538458573329708, 0.08161775896255004, 0.07012405984889696, 0.060735175333083355, 0.05321203792984893, 0.04728508869470525, 0.042685502537470436, 0.039166147170647814, 0.03651312704253846, 0.034549919113959326, 0.0331364648122571, 0.03216536677927642, 0.03155685680526252, 0.031253644718716056, 0.0312162853658114, 0.031419341621583996, 0.03184840092365572, 0.03249787437107465, 0.033369459962416005, 0.034471136892425557, 0.03581657313317064, 0.03742484270112784, 0.0393203703026451]
7.2655446116030005	2.964787679555212	[0.04150123873382017, 0.04406546137476774, 0.04702359425324965, 0.050423025703655894, 0.05431715654304321, 0.05876516132340586, 0.06383131351020378, 0.06958375576100334, 0.07609245934033214, 0.08342620993962227, 0.09164835973683677, 0.10081123776234416, 0.11094910965116747, 0.12206985211674257, 0.13414565387407104, 0.14710346976618935, 0.1608162059061266, 0.1750960363705, 0.18969137040829287, 0.2042890841943137, 0.21852323924544217, 0.231990944294404, 0.2442749612033857, 0.25497156774776103, 0.26372097830008284, 0.2702368479538992, 0.27433102802291043, 0.2759301871888185, 0.275081935027032, 0.27194967073412, 0.26679705681802096, 0.2599645328244576, 0.25184125422826076, 0.24283615020732613, 0.233351446933978, 0.22376113684552193, 0.21439579934449984, 0.2055340502996927, 0.19740004480633286, 0.19016581971330568, 0.18395705420401987, 0.17886076449221797, 0.17493370890992666, 0.17221047535771827, 0.17071060280759784, 0.17044424471654124, 0.17141617417576507, 0.17362793761636586, 0.17707814090129115, 0.18176074211530785, 0.18766135939424777, 0.19475147128684048, 0.20298058927122467, 0.21226644978918252, 0.22248366720905802, 0.23345146695036578, 0.24492177728854722, 0.2565693359072554, 0.2679862404205951, 0.27868359692759437, 0.28810321806943084, 0.29564159594982997, 0.30068732001323073, 0.30267074142340333, 0.3011221365852573, 0.29573140272652404, 0.2864002124930944, 0.27327641870346836, 0.2567621213704179, 0.23749029946634528, 0.2162708470848733, 0.1940127963467547, 0.17163494628754547, 0.14997929523004214, 0.12974105676874573, 0.11142462760233254, 0.09532925542151677, 0.08156173677312152, 0.0700692426786239, 0.060682839464264414, 0.053162916387644914, 0.04723945194960872, 0.04264330027671694, 0.039127102765409795, 0.03647685444758023, 0.03451597555682608, 0.03310441763252115, 0.03213480369928585, 0.03152741574093532, 0.031225001017295, 0.031188163848108925, 0.03139149701546774, 0.03182062429651903, 0.03246997467554304, 0.03334126993812436, 0.03444249811839076, 0.0357873428813077, 0.037394882694932005, 0.039289554945958344]
7.268395483285167	2.9638777091415958	[0.04146948871283623, 0.04403262811029459, 0.04698958704693981, 0.050387770699209716, 0.05428061145318363, 0.05872731849850604, 0.06379221913492894, 0.06954351829293165, 0.07605127334498532, 0.08338436877546199, 0.0916062814934841, 0.10076947732641221, 0.11090837926408306, 0.12203102226419661, 0.13410975502074793, 0.1470716666274225, 0.16078976452467658, 0.175076258545368, 0.18967951873525146, 0.20428627943565192, 0.21853035906185886, 0.2320085143591396, 0.24430307160719367, 0.25500981089246466, 0.26376843634204394, 0.2702921217136144, 0.27439232006897746, 0.27599542020738194, 0.2751489003401072, 0.2720161817484149, 0.2668610935848597, 0.2600243590442552, 0.2518954967177402, 0.24288383845511363, 0.2333920112633515, 0.2237943782572586, 0.21442183292523975, 0.20555324285065693, 0.1974129440477078, 0.1901730964821766, 0.18395944637242953, 0.17885904287528878, 0.17492864574664496, 0.17220283602362016, 0.17070113551956617, 0.17043369137698572, 0.17140527305101957, 0.1736174446035082, 0.17706883648302935, 0.18175345442221558, 0.1876569664128551, 0.1947509158418124, 0.2029848650767543, 0.21227659520369743, 0.22250072032476423, 0.23347642277474892, 0.2449554981095399, 0.2566124632990093, 0.26803906236431535, 0.2787459318339263, 0.2881742770226473, 0.2957199011468333, 0.3007706470259238, 0.30275617040599756, 0.3012061694868085, 0.2958102146117058, 0.28646995722160173, 0.27333361915049664, 0.25680402114072637, 0.237515183665649, 0.21627820332275097, 0.19400335456166157, 0.17161051670132316, 0.14994251178751156, 0.1296950003719953, 0.11137247793885599, 0.09527394808758304, 0.08150575407160564, 0.07001446825380826, 0.06063055818610422, 0.05311384795523999, 0.047193875455852685, 0.042601153253669775, 0.03908811752531701, 0.03644063442757872, 0.034482086939251685, 0.03307241879151798, 0.03210429085138404, 0.031498019121641116, 0.03119640367283169, 0.03116008395682171, 0.031363696088961786, 0.03179288760869097, 0.03244211708444238, 0.03331311908482281, 0.034413900722293736, 0.03575815166917837, 0.03736496389739542, 0.039258778837261]
7.271246354967334	2.9629678919141695	[0.04143777842864821, 0.043999835643085496, 0.04695561962119156, 0.05035255622048918, 0.05424410554184871, 0.0586895150157904, 0.06375316208297799, 0.06950331739261792, 0.07601012083926387, 0.08334255905775562, 0.09156423019672981, 0.10072774021294358, 0.11086766608370284, 0.12199220436964262, 0.13407386056368156, 0.14703986141172026, 0.1607633127526704, 0.17505646356373208, 0.1896676420306538, 0.20428344387896868, 0.21853744199726002, 0.2320260439596557, 0.24433113821168675, 0.255048009357663, 0.26381584921664597, 0.2703473517304319, 0.27445356997846276, 0.2760606137828094, 0.27521582880399076, 0.2720826588218258, 0.26692509914167495, 0.2600841565859252, 0.25194971307865793, 0.24293150264655172, 0.23343255396980955, 0.22382759980432407, 0.21444784908895329, 0.20557241951421915, 0.19742582985377258, 0.19018036103293978, 0.1839618286144986, 0.1788573120336551, 0.17492357525877192, 0.1721951893253597, 0.1706916621668664, 0.17042313101382262, 0.17139436546557, 0.17360694315676883, 0.17705952342122602, 0.18174615511395903, 0.18765256092811922, 0.19475034408813208, 0.20298912327012986, 0.21228671871777086, 0.22251775026882614, 0.2335013511732553, 0.24498919081678314, 0.2566555588833292, 0.26809185280670955, 0.2788082323236484, 0.288245302781653, 0.29579817061718644, 0.300853939740053, 0.3028415620552622, 0.30129016584034246, 0.29588898590204765, 0.2865396616461209, 0.2733907752434937, 0.25684587829544114, 0.23754002381164926, 0.21628552155677586, 0.19399387837796994, 0.17158606445882882, 0.14990571420415824, 0.12964894546371322, 0.11132034003547153, 0.09521866798179997, 0.08144980658411426, 0.0699597407889405, 0.060578327242108806, 0.053064836696924106, 0.047148355099517085, 0.04255906528156333, 0.03904918759325059, 0.036404470470771846, 0.034448249741986146, 0.0330404714120764, 0.03207382509249932, 0.031468669697819834, 0.03116784991706305, 0.03113204809078314, 0.03133593641820255, 0.03176519294709196, 0.0324142994713177, 0.0332850092269381, 0.03438534282206304, 0.035729001110431056, 0.037335084619048664, 0.03922804342854879]
7.274097226649501	2.9620582286911827	[0.04140610835010082, 0.04396708337212097, 0.04692169241196862, 0.05031738170340386, 0.05420763922622346, 0.05865175033998927, 0.06371414276490922, 0.06946315254928229, 0.07596900223688617, 0.08330078029948237, 0.09152220627012289, 0.10068602596103984, 0.11082697054573361, 0.12195339800290202, 0.1340379709475383, 0.147008053725378, 0.16073685103443625, 0.17503665107430488, 0.18965574072380312, 0.20428057722100545, 0.2185444884480582, 0.2320435328459686, 0.24435916136253313, 0.25508616295170844, 0.26386321720404765, 0.270402537875871, 0.2745147779562115, 0.27612576785389525, 0.2752827205435443, 0.2721491019629979, 0.26698907353263823, 0.26014392552837334, 0.2520039032761307, 0.24297914292908604, 0.23347307494211209, 0.22386080169963654, 0.2144738476511401, 0.20559158056553006, 0.1974387019699385, 0.19018761370063933, 0.18396420060854407, 0.17885557236148977, 0.1749184970600235, 0.17218753571728623, 0.17068218230031196, 0.17041256414428768, 0.1713834509080587, 0.1735964338601847, 0.17705020114212228, 0.18173884484572309, 0.18764814230287025, 0.1947497567559045, 0.2029933631493358, 0.2122968211385681, 0.22253475627303845, 0.23352625302991092, 0.24502285457524928, 0.25669862361863516, 0.268144610846478, 0.27887049942589626, 0.28831629438038126, 0.29587640545747945, 0.30093719712583267, 0.30292691753391005, 0.30137412455088586, 0.2959677178280946, 0.28660932460175437, 0.2734478882860841, 0.2568876915935586, 0.2375648212878746, 0.2162928004649755, 0.1939843692606422, 0.17156158815474354, 0.14986890401293376, 0.12960289055701657, 0.11126821546033525, 0.09516341354743862, 0.08139389586842222, 0.06990505868615915, 0.060526148133833675, 0.05301588101947682, 0.04710289228914701, 0.042517034824576305, 0.03901031425976087, 0.03636836114443811, 0.0344144651236512, 0.03300857419353398, 0.032043407445285825, 0.031439366310985435, 0.031139340641401152, 0.03110405522847646, 0.03130821877508944, 0.03173753941226737, 0.03238652250486234, 0.033256939567698464, 0.03435682500158483, 0.03569989049093159, 0.03730524537751167, 0.03919734806995987]
7.276948098331668	2.961148720287714	[0.04137447835335054, 0.04393437126742392, 0.04688780530311105, 0.05028224712111905, 0.05417121239877606, 0.05861402445082724, 0.06367516108398698, 0.0694230237532805, 0.07592791745507241, 0.08325903250603163, 0.09148020964845976, 0.1006443345950205, 0.11078629260567824, 0.12191460320940896, 0.13400208614989234, 0.14697624363418293, 0.16071037936819157, 0.17501682115896358, 0.1896438148292963, 0.2042776795527608, 0.21855149843944746, 0.23206098111060014, 0.24438714109030635, 0.2551242717626272, 0.2639105403370165, 0.27045768022999683, 0.2745759440359886, 0.2761908824912562, 0.27534957559322837, 0.27221551123246385, 0.26705301679258553, 0.2602036659216713, 0.25205806734489755, 0.2430267593422327, 0.2335135742145824, 0.22389398397248458, 0.214499828645727, 0.20561072602436836, 0.19745156043011744, 0.19019485449653767, 0.1839665623892268, 0.17885382386278417, 0.17491341118701434, 0.17217987519762623, 0.17067269596014417, 0.17040199076256263, 0.1713725294243897, 0.17358591670564957, 0.17704086969943483, 0.18173152360864436, 0.18764371060056803, 0.19474915383651512, 0.20299758478893085, 0.21230690245795722, 0.22255173842356363, 0.23355112833640032, 0.24505648948225262, 0.25674165749491573, 0.2681973365907919, 0.27893273312683375, 0.2883872519341082, 0.2959546056477419, 0.30102041930511464, 0.3030122368140517, 0.30145804574654317, 0.2960464103536524, 0.2866789462245009, 0.27350495823509824, 0.2569294611818522, 0.23758957604567266, 0.21630004020565188, 0.19397482715345182, 0.1715370879530274, 0.14983208114144356, 0.12955683580768415, 0.1112161041120776, 0.09510818491521546, 0.08133802178473606, 0.06985042203966982, 0.06047402068388543, 0.05296698097956835, 0.04705748682115296, 0.0424750619092751, 0.03897149731118148, 0.03633230645511297, 0.034380732874609694, 0.032976727130466385, 0.032013037712765396, 0.0314101089484159, 0.031110875664768577, 0.03107610535195789, 0.031280542994105875, 0.03170992698190297, 0.03235878603309054, 0.03322891008103478, 0.034328347120004606, 0.035670819781739804, 0.03727544604104749, 0.039166692731050966]
7.279798970013835	2.960239367515665	[0.04134288853383874, 0.04390169908773201, 0.04685395838373262, 0.05024715224697238, 0.05413482514817303, 0.05857633713529762, 0.06363621713436786, 0.06938293080609653, 0.07588686659927223, 0.08321731549558874, 0.09143824045345264, 0.10060266595272309, 0.11074563240461097, 0.1218758198493174, 0.13396620633120992, 0.14694443102188948, 0.16068389792993443, 0.17499697372432335, 0.1896318645311102, 0.20427475080121357, 0.21855847215363763, 0.2320783886977898, 0.24441507756582279, 0.2551623357495779, 0.26395781876752766, 0.2705127787660151, 0.274637068346523, 0.27625595768243616, 0.2754163940567543, 0.27228188663267744, 0.26711692900004863, 0.26026337778327646, 0.2521122053388716, 0.24307435191788102, 0.2335540518173323, 0.2239271466682508, 0.21452579208001657, 0.20562985594879055, 0.19746440522001318, 0.19020208349110682, 0.18396891392209255, 0.17885206662098324, 0.17490831758675743, 0.17217220786423032, 0.1706632030765003, 0.1703914109831096, 0.17136160092932212, 0.17357539182696205, 0.17703152899364968, 0.18172419155871533, 0.1876392657078902, 0.19474853551066468, 0.20300178806139557, 0.21231696288305232, 0.22256869657736572, 0.233575977326891, 0.24509009537716933, 0.2567846607731156, 0.2682500298590597, 0.2789949337135503, 0.2884581752400067, 0.29603277150086893, 0.30110360605073666, 0.30309752023475767, 0.3015419291736474, 0.29612506384535936, 0.286748526232167, 0.2735619854873987, 0.25697118674839636, 0.23761428851492014, 0.2163072404362534, 0.19396525251807564, 0.17151256347730234, 0.1497952460725431, 0.12951078079878225, 0.1111640064740769, 0.0950529816220621, 0.08128218479341434, 0.06979583034391248, 0.060421945312498615, 0.05291813604558395, 0.04701213906880057, 0.04243314600246353, 0.03893273707444068, 0.0362963058916468, 0.03434705327886643, 0.032944929749979326, 0.03198271613954939, 0.031380897182569915, 0.03108245519571184, 0.03104819807883112, 0.031252909251413365, 0.031682355314148224, 0.03233109020414973, 0.033200920459182895, 0.03429990930245167, 0.03564178870256565, 0.03724568671715017, 0.03913607715323849]
7.282649841696002	2.9593301711837663	[0.04131133851768496, 0.043869067045360303, 0.04682015130309676, 0.05021209728386972, 0.05409847714218368, 0.05853868859531201, 0.06359731060005593, 0.06934287391647995, 0.07584584936969332, 0.08317562949051446, 0.09139629840328793, 0.10056102027490764, 0.11070498968148342, 0.12183704818334233, 0.13393033125390724, 0.14691261616635648, 0.16065740650715632, 0.1749771090578939, 0.18961988964196663, 0.20427179125243267, 0.2185654094278253, 0.23209575587985112, 0.24444297065018206, 0.2552003551602875, 0.26400505238098926, 0.2705678336994986, 0.2746981507987985, 0.2763209936068315, 0.2754831758719718, 0.27234822830555255, 0.26718081012021616, 0.26032306121795185, 0.2521663172499487, 0.24312192072481376, 0.2335945077675665, 0.22396028982132424, 0.21455173799495475, 0.20564897034059398, 0.197477236403163, 0.19020930065543878, 0.1839712552929764, 0.17885030057833132, 0.17490321636817271, 0.17216453363217996, 0.1706537037833045, 0.1703808246951624, 0.1713506655846738, 0.17356485908823943, 0.17702217921803037, 0.18171684853485684, 0.18763480785330394, 0.1947479015909949, 0.20300597323384714, 0.21232700219804748, 0.2225856310428974, 0.2336007997539755, 0.2451236726115372, 0.256827633170424, 0.26830269104696164, 0.27905710086381474, 0.2885290647388584, 0.29611090265122686, 0.30118675785008725, 0.3031827673829904, 0.30162577536879476, 0.2962036778388237, 0.2868180652145875, 0.27361896952404946, 0.2570128689410929, 0.2376389581202857, 0.21631440186488937, 0.19395564472117188, 0.17148801548907372, 0.14975839811201266, 0.1294647263251066, 0.11111192178944598, 0.09499780446593624, 0.08122638408127242, 0.06974128436959942, 0.0603699211704541, 0.05286934693871451, 0.046966848178674074, 0.04239128776348289, 0.03889403272596022, 0.03626036004631506, 0.03431342556931788, 0.03291318257620148, 0.031952442029620595, 0.03135173147126908, 0.03105407861248896, 0.031020333805155544, 0.031225316994650868, 0.03165482475022279, 0.03230343452578443, 0.03317297099708958, 0.0342715111060156, 0.03561279751143365, 0.037215967001883066, 0.03910550156708702]
7.285500713378169	2.9584211320975817	[0.04127982833219978, 0.04383647496527172, 0.04678638408721878, 0.05017708206701648, 0.054062168409852535, 0.05850107867669005, 0.06355844151796627, 0.06930285294255363, 0.07580486581620277, 0.08313397436396484, 0.09135438356554525, 0.10051939745280107, 0.11066436452497747, 0.12179828812305858, 0.13389446102853803, 0.14688079899987205, 0.16063090522949128, 0.1749572271104994, 0.18960789030431072, 0.2042688008715248, 0.21857231040898703, 0.2321130826313811, 0.24447082048691768, 0.25523832997522033, 0.2640522413117063, 0.27062284501507927, 0.274759191514777, 0.27638599025293487, 0.27554992114730203, 0.27241453624348816, 0.2672446602477038, 0.2603827162217727, 0.2522204031590864, 0.24316946576228332, 0.2336349421330165, 0.2239934134336474, 0.21457766644575157, 0.20566806920419053, 0.19749005402321215, 0.1902165059966509, 0.18397358653515772, 0.1788485257454689, 0.17489810755560858, 0.17215685251710847, 0.17064419809756493, 0.17037023192141698, 0.17133972340169207, 0.17355431852172437, 0.17701282037934207, 0.18170949458147412, 0.18763033703973314, 0.19474725213648394, 0.203010140305044, 0.2123370204783866, 0.2226025418132705, 0.23362559571078184, 0.24515722117023617, 0.2568705747982699, 0.2683553201277821, 0.27911923470766253, 0.28859992038868515, 0.2961889992478056, 0.3012698746424462, 0.30326797842746267, 0.3017095842497904, 0.29628225252416623, 0.2868875630668586, 0.2736759105594033, 0.2570545076327241, 0.23766358510280391, 0.21632152434215624, 0.19394600402836962, 0.17146344381304143, 0.149721537539164, 0.12941867217678915, 0.11105985033233737, 0.09494265319369487, 0.08117061989802618, 0.06968678381967029, 0.06031794847162456, 0.05282061332923259, 0.04692161432766557, 0.042349486849199855, 0.038855384410930574, 0.03622446858207726, 0.03427984986586367, 0.03288148529206169, 0.031922215482287575, 0.03132261152406795, 0.03102574599667586, 0.030992512267989936, 0.031197766289670012, 0.031627335052157, 0.032275819050137836, 0.03314506147781832, 0.03424315257153832, 0.0355838460084056, 0.03718628692765845, 0.039074965786272293]
7.288351585060336	2.9575122510595584	[0.04124835793134719, 0.043803922744300595, 0.04675265669197688, 0.05014210650110183, 0.054025898911624876, 0.05846350729390855, 0.06351960985648465, 0.06926286781163374, 0.07576391591903539, 0.0830923500598666, 0.09131249593616605, 0.1004777974506996, 0.11062375694956489, 0.12175953965573443, 0.13385859568869193, 0.14684897953295029, 0.1606043941470908, 0.1749373279132572, 0.1895958665792231, 0.20426577970521978, 0.2185791751617747, 0.23213036900904674, 0.24449862713727835, 0.2552762602564774, 0.2640993856126036, 0.27067781277786007, 0.274820190536524, 0.2764509476880939, 0.27561662991301966, 0.2724808105159936, 0.2673084794007143, 0.26044234286631085, 0.2522744630723273, 0.24321698710369746, 0.23367535490764793, 0.22402651758029676, 0.21460357741465744, 0.20568715261640907, 0.19750285805139153, 0.19022369959379148, 0.18397590760989602, 0.17884674220461513, 0.17489299110176035, 0.17214916460585003, 0.17063468596513773, 0.1703596327551648, 0.17132877432131205, 0.1735437702291623, 0.17700345241552923, 0.18170212981055295, 0.18762585320383787, 0.1947465872704865, 0.20301428921161607, 0.2123470178588469, 0.2226194288257316, 0.23365036534225767, 0.24519074099120095, 0.2569134858093407, 0.26840791703987815, 0.27918133540242707, 0.28867074212798066, 0.2962670614495624, 0.30135295636634174, 0.3033531535265616, 0.30179335575542704, 0.29636078805856886, 0.2869570197288632, 0.2737328087507484, 0.25709610276553396, 0.2376881696218642, 0.21632860781236887, 0.19393633059994775, 0.17143884839014828, 0.14968466450670062, 0.12937261827958663, 0.11100779223304445, 0.09488752770260006, 0.0811148923376033, 0.06963232855647343, 0.06026602726833594, 0.05277193504952776, 0.04687643753165389, 0.04230774307531567, 0.038816792119617256, 0.03618863131252872, 0.034246326143693606, 0.032849837719602946, 0.03189203646474908, 0.0312935371765315, 0.03099745731105551, 0.03096473331725532, 0.031170257096237147, 0.03159988608277714, 0.032248243734485225, 0.033117191774918064, 0.03421483365425525, 0.03555493407577098, 0.03715664644843885, 0.03904446970052976]
7.291202456742503	2.956603528868997	[0.04121692737280825, 0.043771410178622586, 0.046718969172387395, 0.050107170393539166, 0.05398966870484449, 0.05842597426531342, 0.0634808156806473, 0.06922291835412452, 0.07572299975638659, 0.08305075642295406, 0.09127063561145486, 0.10043622013040983, 0.11058316707311901, 0.121720802662476, 0.13382273537458456, 0.14681715766664014, 0.16057787341971017, 0.1749174113855714, 0.18958381863965967, 0.20426272768772616, 0.21858600386378427, 0.23214761495756958, 0.2445263907749018, 0.2553141459557829, 0.2641464854467356, 0.27073273694473493, 0.2748811480127439, 0.2765158658740405, 0.27568330230218385, 0.2725470510899595, 0.26737226769681505, 0.26050194112377434, 0.252328497092427, 0.24326448472625686, 0.23371574618014418, 0.2240596022428077, 0.2146294709769998, 0.2057062205625407, 0.19751564855050283, 0.19023088143581782, 0.1839782185685672, 0.1788449499490599, 0.17488786704797957, 0.17214146989753143, 0.17062516741891937, 0.17034902720359965, 0.17131781836945914, 0.17353321422854875, 0.1769940753465879, 0.1816947542538237, 0.1876213563598985, 0.1947459070412732, 0.20301841996116596, 0.21235699440665368, 0.22263629207892083, 0.23367510873653224, 0.24522423206067645, 0.2569563663143495, 0.2684604817530064, 0.2792434030831251, 0.28874152990576424, 0.29634508941769533, 0.3014360029458949, 0.30343829286953355, 0.3018770897810559, 0.29643928466123753, 0.2870264350643766, 0.27378966434962637, 0.25713765417091405, 0.23771271196348842, 0.21633565207478733, 0.19392662475452999, 0.17141422898542338, 0.1496477793549356, 0.12932656435784173, 0.11095574783351825, 0.09483242766971148, 0.08105920172176664, 0.06957791821120707, 0.06021415784764948, 0.05272331169846795, 0.046831318039018806, 0.04226605602996796, 0.03877825606480988, 0.0361528478365094, 0.034212854584973036, 0.032818239483430184, 0.03186190513253135, 0.03126450808607552, 0.030969212687312876, 0.030936996643807824, 0.031142789524650175, 0.03157247756318352, 0.03222070867051978, 0.03308936163492088, 0.034186554430577214, 0.03552606148052279, 0.03712704562916341, 0.039014013093022555]
7.29405332842467	2.95569496632204	[0.04118553632265705, 0.04373893744384071, 0.04668532121437758, 0.050072273913128316, 0.05395347749148259, 0.05838847976062294, 0.0634420587068093, 0.06918300474803325, 0.07568211705931699, 0.08300919364610589, 0.0912288023390868, 0.10039466570452817, 0.11054259466253101, 0.12168207737743802, 0.13378687987449933, 0.14678533365432145, 0.16055134285781247, 0.17489747779322398, 0.18957174631743712, 0.2042596450870228, 0.21859279636649365, 0.23216482073589678, 0.24455411126962145, 0.2553519873133674, 0.26419354070218154, 0.2707876177306198, 0.27494206385063, 0.2765807449969348, 0.2757499382420107, 0.27261325812160214, 0.26743602508337205, 0.2605615111205485, 0.2523825051860796, 0.2433119587273557, 0.23375611593517626, 0.2240926674909116, 0.21465534713414075, 0.2057252730863021, 0.1975284255378422, 0.19023805154223103, 0.18398051944443133, 0.17884314897587902, 0.1748827354444445, 0.17213376836841895, 0.1706156425279307, 0.17033841522345952, 0.17130685563680217, 0.17352265045783968, 0.17698468928830324, 0.18168736783041828, 0.18761684665259723, 0.1947452113480521, 0.20302253273093315, 0.21236694999870678, 0.2226531317857531, 0.23369982574447626, 0.2452576946296106, 0.2569992161333148, 0.2685130145579116, 0.2793054375335585, 0.28881228405433235, 0.2964230828945482, 0.30151901475739407, 0.303523396152634, 0.30196078675052274, 0.2965177419786173, 0.28709580954944963, 0.273846476950223, 0.2571791623817694, 0.23773721166835451, 0.21634265772045433, 0.19391688597778578, 0.17138958624037956, 0.14961088151122579, 0.1292805110835254, 0.11090371649996066, 0.09477735376888025, 0.08100354736019628, 0.0695235534319758, 0.060162339480577844, 0.05267474387940576, 0.046786255111151906, 0.042224426262393415, 0.03873977552968414, 0.03611711864604646, 0.03417943451939153, 0.03278669101835699, 0.03183182087557232, 0.031235524632222705, 0.030941011578954798, 0.030909302575721075, 0.031115363087978888, 0.031545109775710525, 0.03219321342291962, 0.033061571301533976, 0.03415831450750009, 0.035497228435605474, 0.03709748411019574, 0.03898359615401631]
7.2969042001068365	2.9547865642117492	[0.04115418489136958, 0.043706504286393104, 0.04665171292145637, 0.05003741682108135, 0.05391732537423669, 0.058351023554504146, 0.06340333904305265, 0.06914312678197372, 0.07564126794730772, 0.08296766153386212, 0.09118699625509344, 0.1003531339963519, 0.11050203987365963, 0.12164336364532505, 0.13375102936427033, 0.1467535073634425, 0.16052480265333538, 0.1748775270257227, 0.1895596498128791, 0.20425653181223627, 0.21859955286864738, 0.23218198626982095, 0.2445817888088699, 0.2553897842696626, 0.26424055154768417, 0.27084245509008675, 0.2750029381959452, 0.2766455850259719, 0.2758165378534902, 0.2726794315952209, 0.2674997516562848, 0.2606210528558967, 0.25243648742454144, 0.24335940912049386, 0.23379646422023856, 0.22412571335139214, 0.21468120591097503, 0.2057443102269976, 0.19754118901704332, 0.19024520996462485, 0.183982810221345, 0.1788413393494758, 0.17487759625680885, 0.17212606009711404, 0.17060611124117675, 0.1703277969097493, 0.17129588605704388, 0.1735120790312302, 0.17697529415997978, 0.18167997067673936, 0.18761232398703873, 0.1947445003522472, 0.20302662741109423, 0.21237688482365083, 0.22266994781974786, 0.23372451658329627, 0.245291128552279, 0.25704203551255844, 0.26856551528653233, 0.27936743902929684, 0.2888830043800313, 0.29650104218515, 0.30160199157836476, 0.3036084637111614, 0.3020444464095459, 0.2965961603782828, 0.28716514289584394, 0.27390324695587764, 0.2572206270750666, 0.2377616691788985, 0.21634962439084252, 0.1939071147496774, 0.17136491975778356, 0.1495739714813272, 0.12923445801434377, 0.11085169874212275, 0.09472230550835967, 0.08094792974219381, 0.0694692336829375, 0.06011057261794287, 0.05262623103049535, 0.04674124915239831, 0.04218285321045607, 0.038701350871516216, 0.036081443203130746, 0.03414606625956716, 0.03275519182712461, 0.0318017839647533, 0.03120658636567642, 0.030912854218246747, 0.03088165071133202, 0.0310879779836556, 0.03151778236144445, 0.03216575815895196, 0.033033820451753196, 0.034130114027511094, 0.03546843464689171, 0.03706796201503412, 0.03895321861206605]
7.299755071789003	2.9538783233280697	[0.04112287292672326, 0.04367411070668728, 0.04661814415099641, 0.05000259911909154, 0.05388121222034238, 0.05831360565389749, 0.06336465656800963, 0.06910328447262087, 0.07560045231311655, 0.0829261601171387, 0.09114521726970327, 0.10031162505484667, 0.11046150263725826, 0.12160466153512176, 0.13371518379679045, 0.14672167888201135, 0.16049825278054025, 0.17485755918565385, 0.18954752911833275, 0.20425338797334547, 0.21860627337587749, 0.23219911166863152, 0.24460942340695432, 0.25542753692640385, 0.26428751800319095, 0.27089724911292146, 0.2750637710730884, 0.27671038603698045, 0.27588310116540676, 0.2727455715721566, 0.26756344744886174, 0.2606805663767617, 0.2524904438455092, 0.2434068359385027, 0.23383679107703173, 0.22415873984339885, 0.21470704735285284, 0.20576333199074331, 0.1975539390370791, 0.19025235669701693, 0.1839850909524058, 0.17883952105304393, 0.174872449543433, 0.17211834505755338, 0.17059657362401787, 0.17031717222886886, 0.17128490970471727, 0.17350149990926295, 0.1769658900476254, 0.18167256274884536, 0.18760778846275536, 0.1947437740062176, 0.2030307041160961, 0.2123867988301275, 0.22268674031068922, 0.2337491811970573, 0.24532453397323398, 0.257084824390093, 0.2686179840969513, 0.2794294075006105, 0.2889536910531118, 0.29657896721044946, 0.3016849335902261, 0.3036934954553792, 0.30212806895047783, 0.29667453975886243, 0.2872344353078663, 0.2739599742534845, 0.2572620484692757, 0.23778608437063617, 0.21635655231963288, 0.19389731093250073, 0.17134022978156083, 0.14953704910724536, 0.12918840539081472, 0.11079969437076473, 0.09466728310697757, 0.08089234863968435, 0.06941495914720493, 0.06005885699579912, 0.05257777329527841, 0.04669629987674123, 0.04214133698309191, 0.03866298180047307, 0.036045821590311354, 0.03411274952732973, 0.032723741972845555, 0.03177179414266082, 0.03117769333442971, 0.030884740371479664, 0.030854041085928294, 0.03106063400054007, 0.03149049534463272, 0.03213834268695909, 0.03300610910045656, 0.03410195281490217, 0.03543968012187921, 0.03703847918081613, 0.03892288046969124]
7.30260594347117	2.952970244457841	[0.041091600378221516, 0.04364175660751788, 0.046584614855347206, 0.04996782071670782, 0.05384513798747611, 0.05827622597705427, 0.06332601124804879, 0.06906347774982613, 0.07555967013572303, 0.08288468934103915, 0.09110346537850847, 0.10027013884394882, 0.11042098296864913, 0.12156597103200242, 0.1336793432081022, 0.14668984821646713, 0.16047169329405775, 0.17483757429773075, 0.18953538430173597, 0.20425021360790574, 0.21861295796236477, 0.23221619697664447, 0.24463701513765831, 0.25546524532993964, 0.264334440137584, 0.27095199984501533, 0.2751245625438792, 0.2767751480745753, 0.2759496282317462, 0.27281167809549756, 0.26762711250691934, 0.26074005172442555, 0.252544374486442, 0.24345423922059373, 0.23387709653472596, 0.22419174700402564, 0.21473287148103645, 0.20578233841275662, 0.19756667561197386, 0.19025949177332044, 0.18398736164536242, 0.1788376941201657, 0.1748672953070889, 0.17211062328441784, 0.17058702967587852, 0.17030654121843306, 0.17127392657772655, 0.17349091313451453, 0.17695647694941047, 0.18166514409618384, 0.18760324007962176, 0.19474303236771617, 0.2030347628483224, 0.2123966920848511, 0.2227035092634665, 0.23377381966117397, 0.2453579108990697, 0.2571275828489347, 0.2686704209960533, 0.27949134303645345, 0.28902434407899497, 0.2966568580635038, 0.3017678407952138, 0.30377849148106323, 0.30221165437134956, 0.29675288021884155, 0.28730368677985474, 0.2740166589461276, 0.2573034265568702, 0.23781045735345835, 0.21636344149780407, 0.19388747464122263, 0.17131551629602734, 0.14950011449963335, 0.12914235317884837, 0.11074770347690811, 0.09461228649913746, 0.08083680411034216, 0.06936072972146035, 0.060007192633803476, 0.05252937053760735, 0.046651407271394385, 0.04209987742429194, 0.03862466828227178, 0.036010253646015185, 0.03407948427728964, 0.03269234129886543, 0.03174185135955244, 0.031148845391999393, 0.030856669987688493, 0.030826473564389955, 0.031033331087351068, 0.031463248600509267, 0.03211096695538753, 0.032978437131492525, 0.03407383081786914, 0.035410964751438345, 0.0370090355558956, 0.03889258162379476]
7.305456815153337	2.952062328384844	[0.041060367180812934, 0.043609441905915834, 0.0465511249733593, 0.04993308153684956, 0.05380910262060234, 0.058238884455054866, 0.06328740303735221, 0.0690237065559655, 0.07551892138223965, 0.08284324916289584, 0.09106174056536886, 0.10022867533936929, 0.11038048087138112, 0.12152729213219247, 0.13364350762243424, 0.14665801538340192, 0.16044512423705062, 0.17481757239602674, 0.18952321542071468, 0.20424700876231391, 0.218619606693974, 0.2322332422464588, 0.24466456406870637, 0.25550290953359023, 0.26438131801546144, 0.2710067073367874, 0.275185312667042, 0.27683987118482584, 0.27601611910467444, 0.2728777512070546, 0.2676907468764929, 0.2607995089369866, 0.2525982793877386, 0.2435016190013839, 0.23391738062818454, 0.2242247348642508, 0.2147586783247713, 0.2058013295202593, 0.19757939876553454, 0.190266615217351, 0.18398962231932128, 0.17883585857223708, 0.17486213356350855, 0.1721028947982506, 0.17057747941088586, 0.17029590390008048, 0.17126293669057746, 0.1734803187317997, 0.17694705488213297, 0.18165771474863915, 0.18759867885823464, 0.19474227547303682, 0.203038803632909, 0.21240656463097624, 0.22272025470748838, 0.23379843202510844, 0.24539125936228984, 0.25717031094361237, 0.26872282601788994, 0.27955324569517814, 0.289094963492063, 0.29673471480578945, 0.30185071322737245, 0.30386345185251273, 0.30229520270530236, 0.29683118182496954, 0.28737289734338994, 0.2740733011028044, 0.2573447613677266, 0.23783478819895018, 0.21637029195345572, 0.19387760594883682, 0.17129077932403147, 0.14946316772577597, 0.12909630138585226, 0.11069572610842253, 0.09455731566317184, 0.08078129616919189, 0.06930654534671034, 0.05995557950958538, 0.052481022664098875, 0.04660657128297233, 0.042058474418057455, 0.03858641024464267, 0.03597473924528626, 0.03404627042960036, 0.032660989681412, 0.03171195553514056, 0.031120042420962547, 0.030828642989196933, 0.030798948037012334, 0.031006069169564367, 0.03143604202646614, 0.03208363089240165, 0.03295080444811524, 0.03404574796673781, 0.03538228844362855, 0.036979631072643994, 0.0388623219867632]
7.308307686835504	2.951154575889728	[0.04102917296609883, 0.04357716681225833, 0.046517674159658226, 0.0498983817801558, 0.053773105792685294, 0.058201581287110275, 0.06324883162485351, 0.06898397109663579, 0.0754782057575668, 0.08280183980141854, 0.09102004255298637, 0.10018723477773946, 0.11033999608886723, 0.12148862509184351, 0.1336076768067186, 0.14662618065564145, 0.1604185454015757, 0.1747975537623579, 0.1895110222924737, 0.2042437737160234, 0.21862621941222707, 0.2322502477427808, 0.24469207006561114, 0.25554052977679403, 0.26442815152731347, 0.27106137179534473, 0.2752460213598441, 0.2769045555387135, 0.27608257372958545, 0.2729437910401026, 0.26775435053117785, 0.26085893810983446, 0.2526521585501574, 0.24354897533925335, 0.2339576433838344, 0.22425770344711207, 0.2147844679347746, 0.2058203053030056, 0.19759210857184642, 0.1902737269876599, 0.18399187307153853, 0.17883401433850352, 0.17485696443387277, 0.17209515950059698, 0.1705679229759524, 0.17028526014886974, 0.17125194021869056, 0.17346971655034515, 0.1769376240531715, 0.1816502745295232, 0.1875941050416075, 0.19474150311860963, 0.20304282675188648, 0.21241641623614876, 0.22273697696642927, 0.23382301802496971, 0.24542457972981502, 0.2572130083752839, 0.2687751995732777, 0.279615115139122, 0.28916554974720465, 0.2968125370566835, 0.3019335513862816, 0.30394837614204673, 0.3023787144988918, 0.29690944409910713, 0.28744206759675944, 0.2741299001928536, 0.25738605355785815, 0.23785907632271044, 0.2163771044028604, 0.19386770421488653, 0.17126601963450078, 0.14942620808499166, 0.12905025081247037, 0.1106437615020949, 0.09450237140141737, 0.08072582399750591, 0.06925240679730409, 0.059904016770139075, 0.052432730399331946, 0.04656179105651681, 0.04201712862682512, 0.038548206864604063, 0.03593927898289944, 0.034013107219486, 0.03262968764628408, 0.031682105977007956, 0.031091284879936804, 0.030800658758734733, 0.03077146489987883, 0.03097884769984549, 0.0314088759631387, 0.0320563340110918, 0.032923211344236515, 0.03401770382409598, 0.03535365145510205, 0.036950265332657974, 0.03883210178750716]
7.311158558517671	2.9502469877501607	[0.04099801839050134, 0.043544930547938544, 0.046484263029010146, 0.04986372071075879, 0.05373714809532317, 0.05816431576775132, 0.06321029759487291, 0.06894427068890674, 0.07543752385155535, 0.08276046059280451, 0.09097837194564083, 0.10014581651502175, 0.11029952924346141, 0.12144996929061186, 0.133571851398413, 0.14659434344268757, 0.16039195742993628, 0.17477751784338888, 0.1894988055474667, 0.20424050796066004, 0.21863279671528876, 0.23226721301023223, 0.24471953367392776, 0.2555781056652269, 0.26447494114943443, 0.2711159928948087, 0.27530668901826694, 0.27696920088437543, 0.27614899241670193, 0.27300979741951803, 0.26781792369439306, 0.26091833914423224, 0.252706012112167, 0.24359630820909697, 0.2339978848586733, 0.22429065279719346, 0.2148102402907055, 0.2058392658714069, 0.19760480493733207, 0.19028082725771772, 0.1839941137387231, 0.17883216165449617, 0.17485178768770854, 0.172087417690152, 0.17055836007464717, 0.17027461032989336, 0.17124093679934418, 0.17345910702675313, 0.1769281840315075, 0.18164282395339482, 0.1875895181267404, 0.19474071590396438, 0.20304683162507725, 0.21242624759158582, 0.2227536753765766, 0.2338475784493873, 0.24545787124742202, 0.2572556760345535, 0.26882754081043925, 0.2796769523648089, 0.2892361018881543, 0.29689032592304293, 0.3020163542038633, 0.3040332655729006, 0.30246218856376006, 0.2969876683893279, 0.2875111962219843, 0.27418645769964733, 0.2574273016714272, 0.23788332335229212, 0.21638387724767644, 0.19385777121012568, 0.171241235487513, 0.14938923747049257, 0.12900419958690698, 0.11059181162958345, 0.09444745173520412, 0.08067038958545855, 0.06919831203370512, 0.0598525063617263, 0.05238449170712196, 0.046517068440456576, 0.04197583808715222, 0.03851005985255765, 0.03590387102654173, 0.03397999619427604, 0.032598433528987523, 0.031652304059367205, 0.031062571285197654, 0.030772718500926194, 0.030744022843636688, 0.030951667727427714, 0.031381749256689705, 0.032029077226340366, 0.032895656796697585, 0.03398969919464679, 0.035325052867345774, 0.03692093905494819, 0.03880192018790672]
7.314009430199838	2.9493395647406744	[0.040966902805454924, 0.04351273359470913, 0.04645089097317455, 0.0498290987866632, 0.053701228949541456, 0.05812708834525493, 0.06317180039033342, 0.06890460578338012, 0.07539687512534081, 0.08271911199949002, 0.09093672822239951, 0.1001044210314223, 0.11025907983466042, 0.12141132522749096, 0.1335360309217102, 0.1465625042572479, 0.1603653598759373, 0.1747574651541998, 0.18948656477392722, 0.2042372119975801, 0.2186393382304871, 0.23228413851870824, 0.24474695456497558, 0.25561563762149525, 0.26452168660233644, 0.27117057099902964, 0.27536731541677606, 0.2770338075203676, 0.27621537499759, 0.273075770576133, 0.2678814662556045, 0.2609777122037117, 0.25275984001974666, 0.24364361770934542, 0.23403810505245393, 0.22432358295094354, 0.21483599544302331, 0.2058582112033031, 0.19761748796061204, 0.19028791594990369, 0.18399634446631405, 0.17883030038971248, 0.174846603517554, 0.17207966918529735, 0.1705487909486646, 0.17026395421113116, 0.17122992672713044, 0.1734484898780507, 0.17691873516968162, 0.18163536268437366, 0.18758491852992756, 0.19473991343691188, 0.20305081873840705, 0.2124360582440748, 0.22277035049881141, 0.23387211277843264, 0.245491134555366, 0.25729831332856723, 0.2688798504526332, 0.2797387567000697, 0.2893066207246052, 0.2969680806467437, 0.3020991225803649, 0.30411811929377675, 0.3025456258964951, 0.2970658537435049, 0.28758028431999977, 0.2742429725633289, 0.2574685069225333, 0.23790752811546603, 0.21639061181936003, 0.19384780564818244, 0.1712164283226979, 0.14935225448377115, 0.1289581492282961, 0.1105398749903357, 0.09439255821782959, 0.08061499135576876, 0.06914426259216916, 0.05980104667411139, 0.052336308060749674, 0.04647240184741518, 0.04193460417440444, 0.03847196769834226, 0.03586851663065033, 0.03394693596147419, 0.03256722845127552, 0.03162254852829804, 0.031033902624433188, 0.030744821103113076, 0.03071662272941882, 0.03092452827048933, 0.031354662655730725, 0.032001859669391466, 0.03286814145937376, 0.03396173330226261, 0.0352964932585869, 0.036891651536034985, 0.03877177770924412]
7.316860301882005	2.9484323076328276	[0.040935826205171666, 0.0434805758138094, 0.046417557986808765, 0.04979451587754033, 0.053665348353933794, 0.058089898898745745, 0.06313334001791032, 0.06886497627081598, 0.07535625959820066, 0.08267779392694116, 0.090895111419494, 0.10006304825033518, 0.1102186479188473, 0.1213726928460928, 0.13350021545398075, 0.1465306630633892, 0.16033875283549934, 0.1747373956769026, 0.1894743000806674, 0.20423388582236937, 0.218645844071994, 0.23230102427206875, 0.24477433285102793, 0.25565312565364295, 0.26456838799116644, 0.2712251061180898, 0.27542790065064404, 0.27709837545820265, 0.2762817215566566, 0.27314171052283065, 0.267944978288158, 0.2610370573023497, 0.2528136423352616, 0.24369090385488804, 0.23407830401682506, 0.22435649392371224, 0.2148617334331461, 0.20587714131442547, 0.19763015767365014, 0.19029499308068634, 0.18399856527790087, 0.178828430562264, 0.17484141194000252, 0.17207191400725955, 0.17053921560921115, 0.1702532918188973, 0.17121891000953277, 0.17343786513792273, 0.1769092774729293, 0.18162789076581837, 0.18758030625511804, 0.19473909577246995, 0.20305478809466057, 0.21244584826163584, 0.22278700233381865, 0.2338966210936646, 0.2455243696502714, 0.25734092035227135, 0.2689321284897762, 0.2798005282527928, 0.2893771062369372, 0.2970458013483459, 0.30218185648406404, 0.3042029374381704, 0.30262902645136996, 0.29714400030922017, 0.28764933183036706, 0.2742994449477966, 0.25750966923661117, 0.23793169079449683, 0.2163973080292829, 0.1938378077277074, 0.17119159803331346, 0.14931525932978879, 0.12891209960228378, 0.11048795177839124, 0.094337690677128, 0.08055962947461141, 0.06909025825996352, 0.059749637837024264, 0.052288179215631586, 0.046427791372398775, 0.041893426628749335, 0.03843393046991303, 0.035833215537246055, 0.033913926570017155, 0.03253607216914246, 0.031592839419209394, 0.031005278673356302, 0.0307169665901007, 0.030689264353437058, 0.03089742934475897, 0.031327615974955446, 0.031974681348076794, 0.032840665162380614, 0.03393380614826722, 0.03526797247135329, 0.03686240277253797, 0.03874167420409776]
7.319711173564172	2.9475252171950252	[0.040904788558868706, 0.04344845709120035, 0.04638426404078809, 0.04975997187681324, 0.053629506283949066, 0.05805274733064212, 0.06309491646124794, 0.06882538206524473, 0.0753156772661111, 0.08263650630414937, 0.09085352154934027, 0.10002169811908845, 0.11017823352796581, 0.12133407211441151, 0.13346440504758914, 0.1464988198499336, 0.16031213637920488, 0.17471730941856628, 0.18946201155121023, 0.20423052945551923, 0.21865231432916807, 0.2323178702986722, 0.2448016686203475, 0.25569056979334553, 0.2646150453980127, 0.2712795982843889, 0.2754884447930892, 0.2771629047301534, 0.2763480321573651, 0.2732076172917608, 0.26800845984573224, 0.2610963744722452, 0.25286741910278115, 0.24373816667763634, 0.23411848178644662, 0.2243893857470035, 0.21488745428665257, 0.20589605623582813, 0.19764281409352832, 0.19030205868103572, 0.18400077618301683, 0.17882655220393284, 0.17483621295836996, 0.17206415219008378, 0.17052963405502292, 0.17024262319139602, 0.17120788664248998, 0.17342723285086548, 0.17689981093606416, 0.18162040825057432, 0.18757568129725868, 0.19473826297345304, 0.20305873968946536, 0.21245561771790675, 0.22280363087755203, 0.23392110347947334, 0.24555757652720056, 0.25738349719994824, 0.26898437491427696, 0.27986226712592543, 0.28944755841305564, 0.29712348813836303, 0.30226455589677625, 0.3042877201235612, 0.30271239020300333, 0.29722210821115985, 0.28771833872023433, 0.27435587498630953, 0.25755078857400754, 0.23795581153282155, 0.21640396583097438, 0.19382777760072406, 0.1711667445618075, 0.14927825216030963, 0.1288660506299485, 0.11043604212973056, 0.09428284900093087, 0.08050430404715657, 0.0690362988865579, 0.05969827991836081, 0.052240104989113245, 0.04638323704994127, 0.04185230524985484, 0.03839594817803429, 0.03579796754381453, 0.03388096801626938, 0.032504964489047466, 0.03156317672020378, 0.030976699252815047, 0.030689154944687047, 0.030661947551904593, 0.030870370928844565, 0.03130060906447833, 0.031947542237317626, 0.03281322776741696, 0.03390591770449433, 0.03523949037671984, 0.03683319273420858, 0.03871160955133135]
7.322562045246339	2.946618294192784	[0.04087378980720055, 0.04341637734078929, 0.04635100907914472, 0.049725466704488464, 0.05359370268928061, 0.058015633569078934, 0.06305652967871794, 0.06878582310606379, 0.07527512809994663, 0.08259524908538983, 0.09081195859914185, 0.09998037061033094, 0.1101378366685595, 0.12129546302576004, 0.13342859972944227, 0.14646697463083322, 0.16028551055245754, 0.17469720641088382, 0.18944969924467336, 0.20422714294119484, 0.2186587490682963, 0.23233467664907945, 0.2448289619399859, 0.2557279700924927, 0.26466165888605525, 0.2713340475481329, 0.2755489479010421, 0.2772273953836226, 0.2764143068496776, 0.27327349092741, 0.2680719109713185, 0.26115566375505667, 0.25292117035842615, 0.24378540621638484, 0.2341586383906297, 0.2244222584566672, 0.21491315802618827, 0.2059149560005056, 0.19765545723665506, 0.19030911278156687, 0.18400297719267486, 0.17882466534393282, 0.17483100657956982, 0.17205638376305848, 0.1705200462905972, 0.17023194835985148, 0.1711968566299764, 0.17341659305204687, 0.1768903355643839, 0.18161291517960376, 0.1875710436644593, 0.19473741508794276, 0.2030626735345594, 0.2124653666685794, 0.22282023614531926, 0.23394555999868782, 0.24559075520415144, 0.25742604394032065, 0.2690365897454709, 0.2799239733925359, 0.2895179772722647, 0.2972011410928209, 0.30234722083666715, 0.30437246742797586, 0.3027957171677122, 0.2973001775291174, 0.2877873050041127, 0.2744122627613126, 0.2575918649484084, 0.2379798904168493, 0.21641058523749518, 0.1938177153561414, 0.17114186791615882, 0.14924123305849174, 0.12882000230305266, 0.11038414610743537, 0.09422803315133989, 0.08044901510324118, 0.06898238439716455, 0.05964697291055839, 0.05219208527335915, 0.046338738841377416, 0.04181123990898748, 0.03835802076460081, 0.03576277251439123, 0.03384806023351342, 0.03247390527781698, 0.03153356036280923, 0.030948164237440935, 0.030661386099635937, 0.030634672208454273, 0.030843352957373883, 0.03127364181612103, 0.031920442273306565, 0.03278582917305988, 0.0338780679083615, 0.035211046878766805, 0.036804021359747474, 0.0386815836598654]
7.325412916928506	2.9457115393885167	[0.04084282986349263, 0.04338433650318583, 0.04631779302051074, 0.04969100030551083, 0.05355793749541851, 0.057978557566153305, 0.06301817960551465, 0.06874629935573458, 0.07523461204787543, 0.08255402224744378, 0.0907704225338432, 0.09993906571878255, 0.1100974573254837, 0.12125686559500296, 0.133392799505604, 0.14643512744072798, 0.16025887538100525, 0.17467708670473442, 0.18943736320206914, 0.20422372634044342, 0.21866514833956416, 0.23235144338771843, 0.24485621286356765, 0.255765326613441, 0.26470822850855474, 0.2713884539664799, 0.2756094100257156, 0.27729184746933105, 0.2764805456822821, 0.27333933147366585, 0.2681353317108841, 0.2612149251876241, 0.252974896145222, 0.24383262250082394, 0.23419877386933408, 0.22445511207537103, 0.21493884468876853, 0.20593384062453626, 0.19766808713752518, 0.1903161553925067, 0.18400516833963804, 0.17882276998772534, 0.17482579283584915, 0.17204860872834057, 0.17051045234929116, 0.17022126732487422, 0.17118582000836055, 0.1734059457424068, 0.17688085139918816, 0.18160541155588866, 0.1875663934045465, 0.19473655212221574, 0.2030665896852291, 0.21247509512375612, 0.22283681819990064, 0.23396999066494964, 0.24562390575050522, 0.2574685605895732, 0.2690887730577378, 0.27998564706992507, 0.28958836289202033, 0.29727876022862404, 0.30242985138252504, 0.3044571793667652, 0.3028790074247441, 0.2973782082767626, 0.2878562307624508, 0.27446860828613323, 0.2576328984435259, 0.23800392746109986, 0.2164171663364773, 0.19380762100771565, 0.17111696818282143, 0.14920420202859716, 0.128773954694478, 0.11033226369253518, 0.09417324317288389, 0.08039376258942432, 0.06892851479917442, 0.059595716724149615, 0.05214412004048791, 0.04629429662996988, 0.04177023055299844, 0.038320148099167846, 0.03572763038244705, 0.03381520308963024, 0.03244289446452647, 0.031503990220578676, 0.030919673556693898, 0.030633659937004887, 0.030607438254535553, 0.03081637532089342, 0.03124671416332688, 0.03189338135385183, 0.03275846931431985, 0.03385025666356617, 0.03518264191385292, 0.03677488855778922, 0.038651596467699896]
7.3282637886106725	2.944804953541639	[0.0408119086646032, 0.04335233449679654, 0.046284615805125495, 0.049656572604395995, 0.053522210648217834, 0.05794151925449352, 0.06297986619586864, 0.0687068107583809, 0.07519412907634673, 0.08251282574955537, 0.09072891333577338, 0.09989778342231503, 0.1100570954998047, 0.12121827982092463, 0.13335700439678694, 0.14640327829933145, 0.1602322309033568, 0.17465695033802453, 0.1894250034751006, 0.20422027970434803, 0.21867151220154415, 0.23236817057291215, 0.24488342145014919, 0.2558026394165227, 0.26475475432014056, 0.2714428175984011, 0.2756698312146217, 0.27735626104357936, 0.2765467486948403, 0.2734051389842314, 0.2681987220965252, 0.2612741588215064, 0.2530285964880728, 0.2438798155805397, 0.23423888824035696, 0.22448794665059793, 0.21496451428506905, 0.20595271015322292, 0.19768070379995753, 0.1903231865573383, 0.184007349621649, 0.17882086617793275, 0.17482057172018423, 0.1720408271291896, 0.1705008522210456, 0.17021058013223353, 0.17117477676650295, 0.17339529097221293, 0.1768713584301865, 0.181597897435971, 0.18756173050969085, 0.19473567414026324, 0.20307048813709072, 0.21248480315509272, 0.222853377040505, 0.23399439555667848, 0.24565702816844484, 0.257511047231131, 0.269140924855298, 0.28004728824455816, 0.2896587152779162, 0.2973563456337402, 0.3025124475411182, 0.3045418560284199, 0.30296226098194257, 0.29745620054249616, 0.2879251160040031, 0.2745249116490978, 0.25767388906924005, 0.2380279227545103, 0.21642370913874873, 0.1937974946438494, 0.17109204536947242, 0.1491671591513372, 0.12872790779806542, 0.11028039494459145, 0.09411847903187999, 0.08033854653116458, 0.06887469002339397, 0.05954451134636479, 0.05209620918896791, 0.04624991037127124, 0.041729277059787684, 0.03828233011766906, 0.03569254101874272, 0.033782396512087344, 0.03241193192260975, 0.031474466219550634, 0.03089122709152321, 0.030605976384460325, 0.030580245579710896, 0.030789437949324813, 0.03121982600343689, 0.031866359410788254, 0.03273114809491816, 0.033822483903446054, 0.03515427539089697, 0.03674579426314469, 0.03862164788837575]
7.331114660292839	2.9438985374086086	[0.04078102608809298, 0.043320371297482785, 0.046251477318162114, 0.0496221835793831, 0.053486522041186806, 0.057904518618199535, 0.06294158935377284, 0.06866735730773442, 0.07515367910269397, 0.08247165959937516, 0.09068743093918906, 0.09985652374627657, 0.11001675114589224, 0.12117970574872727, 0.1333212143790677, 0.14637142727100685, 0.1602055771162148, 0.17463679739010587, 0.18941262007718332, 0.20421680312030874, 0.21867784067886156, 0.23238485829248576, 0.24491058773059324, 0.25583990858400213, 0.2648012363550114, 0.27149713851724644, 0.2757302115043535, 0.2774206361693863, 0.27661291592612464, 0.2734709135110991, 0.2682620821687933, 0.2613333646971756, 0.2530822714287424, 0.24392698548435815, 0.2342789815463369, 0.22452076219991582, 0.21499016685864514, 0.20597156459366162, 0.19769330726879547, 0.1903302062736914, 0.18400952108553179, 0.17881895390391256, 0.17481534328251322, 0.1720330389481329, 0.17049124596051754, 0.17019988675927078, 0.17116372696575363, 0.17338462871530969, 0.17686185672749916, 0.1815903727916784, 0.18755705506060205, 0.19473478111289627, 0.2030743689826467, 0.212494490732709, 0.22286991277176196, 0.23401877464289816, 0.24569012257412168, 0.25755350383186065, 0.26919304526439414, 0.28010889687955387, 0.28972903456430155, 0.2974338972656126, 0.30259500945294804, 0.30462649736299474, 0.3030454779851753, 0.2975341542685768, 0.28799396088155454, 0.27458117278616434, 0.2577148369884999, 0.23805187622841, 0.21643021381858432, 0.1937873361890875, 0.1710670996558958, 0.14913010433562107, 0.12868186178506336, 0.11022853974421745, 0.09406374087427523, 0.08028336677216308, 0.0688209101793767, 0.05949335658583195, 0.05204835279104383, 0.046205579850820064, 0.041688379471393804, 0.03824456659865977, 0.035657504444621894, 0.03374964028614634, 0.032381017660288315, 0.03144498815975709, 0.030862824841420052, 0.030578335259504052, 0.030553094176786193, 0.03076254067685285, 0.031192977323554805, 0.03183937629260895, 0.03270386549707225, 0.033794749488137786, 0.035125947288308514, 0.036716738345367504, 0.03859173789800739]
7.333965531975006	2.9429922917428346	[0.04075018230389815, 0.04328844659932109, 0.046218377718398665, 0.04958783294225278, 0.05345087182943286, 0.057867555384127564, 0.06290334923773286, 0.06862793874537639, 0.0751132622955177, 0.08243052355453886, 0.09064597552818007, 0.0998152864669094, 0.10997642446645664, 0.12114114317605747, 0.13328542967343596, 0.1463395741767964, 0.16017891425427488, 0.17461662770593853, 0.18940021324820738, 0.20421329645637545, 0.2186841340057373, 0.2324015064362401, 0.2449377119226083, 0.2558771340265871, 0.26484767480570803, 0.2715514166548, 0.2757905510569199, 0.2774849728005447, 0.27667904750536637, 0.2735366550309793, 0.26832541202398774, 0.2613925428144087, 0.2531359210314378, 0.24397413223430614, 0.23431905382056167, 0.22455355876622504, 0.2150158024132073, 0.20599040400834406, 0.19770589751968634, 0.19033721462302808, 0.18401168268054935, 0.17881703326644427, 0.17481010744739942, 0.17202524430664368, 0.17048163346909437, 0.17018918735046795, 0.17115267048548066, 0.17337395914219922, 0.17685234614906895, 0.18158283782285853, 0.18755236689363586, 0.1947338732724481, 0.20307823203558784, 0.2125041581238547, 0.22288642518266016, 0.2340431282271446, 0.24572318872902021, 0.25759593073198356, 0.2692451340159026, 0.2801704733518535, 0.2897993204485289, 0.2975114155384002, 0.30267753677917675, 0.30471110382333944, 0.3031286580565616, 0.2976120699490926, 0.28806276497506844, 0.27463739223623773, 0.2577557417366064, 0.23807578846989683, 0.21643667986496634, 0.19377714627742174, 0.17104213048225872, 0.14909303825051912, 0.12863581604295077, 0.11017669877199673, 0.09400902803411355, 0.08022822397616283, 0.06876717455769618, 0.059442253066278435, 0.052000550117150005, 0.04616130563912946, 0.04164753706874393, 0.03820685805441619, 0.035622519979487476, 0.03371693486516397, 0.032350151053809326, 0.031415556437111004, 0.030834466246742753, 0.030550736903866168, 0.030525983548707693, 0.03073568379614435, 0.031166167682385, 0.03181243224960594, 0.03267662112613615, 0.03376705363319795, 0.035097657248773624, 0.036687720993250704, 0.038561866168303566]
7.336816403657173	2.9420862172948117	[0.04071937675108721, 0.04325656080206921, 0.0461853164804096, 0.04955352107252509, 0.053415259513792376, 0.05783062992383558, 0.0628651453689691, 0.06858855544551536, 0.07507287819382286, 0.08238941800040275, 0.09060454665995878, 0.09977407198611, 0.10993611503970664, 0.12110259252234616, 0.13324964988322163, 0.14630771944909446, 0.16015224195031436, 0.17459644172048805, 0.18938778265422399, 0.20420976013523423, 0.21869039188491582, 0.2324181153982226, 0.2449647937692803, 0.2559143160952085, 0.26489406945983807, 0.2716056523085287, 0.2758508497085173, 0.27754927117520717, 0.2767451433200925, 0.273602363720461, 0.26838871160163197, 0.261451693288456, 0.25318954528643967, 0.2440212558861205, 0.23435910510171315, 0.22458633634846434, 0.21504142103322257, 0.20600922834240873, 0.1977184746807543, 0.19034421149951464, 0.18401383457740517, 0.17881510411108487, 0.174804864428505, 0.17201744300336919, 0.17047201500536344, 0.1701784816584089, 0.17114160763261946, 0.17336328195922013, 0.1768428270546634, 0.1815752921882849, 0.18754766642634382, 0.1947329502276733, 0.2030820777759732, 0.21251380488383895, 0.2229029148196406, 0.2340674558072335, 0.24575622724867183, 0.2576383273675606, 0.26929719179614486, 0.2802320170315006, 0.2898695736890246, 0.29758889975161534, 0.3027600303522349, 0.30479567463321433, 0.30321180210624715, 0.29768994672625165, 0.28813152927883323, 0.2746935690546086, 0.257796604399922, 0.23809965844343398, 0.21644310846050407, 0.19376692378024032, 0.17101713911940544, 0.14905595967421978, 0.12858977190485268, 0.11012487071922122, 0.09395434186617659, 0.0801731167676962, 0.06871348449000625, 0.059391199382984906, 0.051952802436939366, 0.046117086351343727, 0.041606751031078845, 0.03816920316817471, 0.035587588694265045, 0.03368427903629226, 0.03231933305724376, 0.031386169960956785, 0.03080615214459583, 0.030523180351097565, 0.03049891442273617, 0.030708866455420297, 0.031139397709811858, 0.03178552652880241, 0.03264941553015624, 0.03373939566641864, 0.035069405755074154, 0.03665874159789509, 0.03853203313298541]
7.33966727533934	2.9411803148119935	[0.04068860976409564, 0.043224713441953486, 0.04615229391660683, 0.049519247532908664, 0.05337968539584762, 0.05779374182063859, 0.06282697804831688, 0.06854920700912462, 0.07503252710631345, 0.08234834255539779, 0.09056314465756621, 0.09973287994176987, 0.10989582320616847, 0.12106405344826432, 0.13321387536503065, 0.1462758627749404, 0.16012556057035318, 0.17457623915022744, 0.1893753286592399, 0.20420619390516517, 0.21869661466416226, 0.23243468496063172, 0.2449918335879551, 0.25595145460837515, 0.2649404205928251, 0.27165984533601645, 0.27591110768522037, 0.2776135311926369, 0.27681120354360605, 0.273668039522093, 0.26845198102176443, 0.2615108161051876, 0.25324314426169264, 0.2440683564675318, 0.2343991354075935, 0.22461909501394606, 0.2150670226886488, 0.206028037700553, 0.1977310386765293, 0.19035119704384748, 0.18401597665752595, 0.17881316661439633, 0.174799614066146, 0.1720096352520027, 0.17046239036995647, 0.17016776993652125, 0.17113053816878018, 0.17335259746321052, 0.17683329916663798, 0.18156773623248298, 0.18754295334061483, 0.194732012375018, 0.20308590584303157, 0.21252343146452468, 0.22291938127622815, 0.23409175789269282, 0.24578923767733518, 0.25768069430679197, 0.2693492180965112, 0.28029352854580536, 0.2899397937209962, 0.29766635059260854, 0.30284248954787507, 0.3048802105423134, 0.30329490944655335, 0.29776778541615656, 0.28820025303688124, 0.2747497041294928, 0.2578374241496215, 0.23812348711471232, 0.2164494987004164, 0.19375666973988265, 0.17099212458485394, 0.14901886971130485, 0.1285437283111165, 0.11007305672252836, 0.09389968124164487, 0.08011804627652763, 0.06865983880066683, 0.0593401966223608, 0.051905108565341654, 0.046072923003453496, 0.04156602020775136, 0.038131602868504526, 0.035552709510895425, 0.03365167363175353, 0.032288562689387894, 0.03135682946487596, 0.030777881659413305, 0.03049566623973713, 0.030471886025342995, 0.03068208920667827, 0.031112666723056497, 0.031758659607509516, 0.032622248102352834, 0.0337117760039224, 0.03504119226121167, 0.03662980052799204, 0.038502238292957694]
7.342518147021507	2.940274585038951	[0.04065788127881718, 0.0431929044401552, 0.046119309966491016, 0.049485012250151526, 0.053344149420773555, 0.057756891009003594, 0.06278884722957344, 0.06850989338147097, 0.07499220899907075, 0.08230729717928385, 0.09052176950322292, 0.09969171031173145, 0.10985554896733177, 0.1210255259521129, 0.13317810614079373, 0.14624400417303896, 0.16009887015493698, 0.1745560200311112, 0.1893628513175089, 0.2042025978137055, 0.2187028024047877, 0.23245121517628436, 0.24501883144083697, 0.255988549619351, 0.2649867282637719, 0.2717139957884852, 0.27597132504126654, 0.2776777529011658, 0.2768772282246333, 0.27373368248092145, 0.26851522032713643, 0.2615699113059169, 0.25329671799359166, 0.24411543401581895, 0.23443914476818592, 0.22465183479597878, 0.21509260740340247, 0.20604683211252628, 0.197743589525509, 0.1903581712829133, 0.18401810893490528, 0.17881122080141168, 0.1747943563710419, 0.17200182107711817, 0.17045275957188513, 0.17015705221066052, 0.17111946210306733, 0.1733419056832085, 0.17682376249598492, 0.18156016998944818, 0.18753822765082223, 0.194731059754753, 0.2030897162554195, 0.21253303791303876, 0.2229358245754855, 0.23411603453721708, 0.24582222004180204, 0.25772303160884064, 0.26940121294618097, 0.2803550079576876, 0.29000998057423427, 0.297743768126078, 0.3029249143946998, 0.3049647116155489, 0.3033779801039353, 0.29784558608390577, 0.2882689362744205, 0.2748057975282348, 0.25787820101204606, 0.23814727455561577, 0.21645585061278327, 0.19374638423086102, 0.17096708690285287, 0.14898176842942906, 0.12849768526972571, 0.11002125682801923, 0.09384504613854061, 0.08006301251497552, 0.06860623743096728, 0.05928924476007859, 0.051857468410945615, 0.0460288155415526, 0.04152534448641599, 0.03809405708377859, 0.0355178823091524, 0.033619118572962486, 0.0322578398316763, 0.03132753487005862, 0.030749654679075287, 0.03046819449360083, 0.03044489825203139, 0.030655351976825562, 0.031085974624545026, 0.03173183141524147, 0.03259511875081637, 0.03368419457729139, 0.035013016679877156, 0.03660089771704598, 0.03847248156501833]
7.345369018703674	2.9393690287172456	[0.04062719093580608, 0.04316113400256153, 0.046086364294118484, 0.049450815419399115, 0.05330865127146563, 0.05772007768152452, 0.0627507526122471, 0.0684706147600754, 0.07495192358824151, 0.08226628208086302, 0.09048042093160631, 0.09965056332039801, 0.10981529207938305, 0.12098701027501983, 0.1331423419912579, 0.14621214389816545, 0.16007217051160252, 0.17453578462406627, 0.18935035046439222, 0.2041989721170222, 0.21870895497012496, 0.23246770628432992, 0.2450457872192124, 0.2560256013390833, 0.2650329923923984, 0.27176810384048244, 0.2760315017260043, 0.2777419364344764, 0.27694321734365834, 0.2737992926884993, 0.26857842953036254, 0.26162897894069226, 0.25335026652669146, 0.24416248854083353, 0.2344791332586493, 0.22468455566568415, 0.21511817528145577, 0.20606561151232136, 0.19775612735906825, 0.1903651341153559, 0.1840202315678733, 0.17880926653728557, 0.1747890915292074, 0.1719940003121007, 0.17044312282671667, 0.1701463282837988, 0.17110837968338238, 0.17333120639260177, 0.17681421732624866, 0.18155259320316458, 0.18753348967942476, 0.19473009208092745, 0.20309350937708498, 0.21254262391227013, 0.22295224512414274, 0.23414028539079865, 0.24585517479139982, 0.2577653388889616, 0.2694531768358863, 0.28041645484620886, 0.29008013477970435, 0.29782115189389624, 0.3030073054637422, 0.3050491773563083, 0.3034610146907153, 0.2979233481917796, 0.2883375796476887, 0.2748618486682801, 0.2579189356911252, 0.23817102013545985, 0.21646216495176956, 0.1937360665719241, 0.17094202687299453, 0.14894465509389426, 0.12845164360779185, 0.10996947024571668, 0.09379043738258871, 0.08000801464388406, 0.06855268117522804, 0.059238342927934194, 0.05180988271454285, 0.045984763100214515, 0.041484724542119183, 0.03805656498505657, 0.035483107693174296, 0.033586613093247855, 0.03222716501635868, 0.0312982854855205, 0.030721471666076007, 0.030440764499360645, 0.030417951500580652, 0.030628654224257684, 0.031059321754844934, 0.0317050414720549, 0.03256802776799657, 0.033656650956936096, 0.03498487926513696, 0.036572032775099426, 0.0384427631745205]
7.348219890385841	2.938463646585534	[0.04059653889067246, 0.043129401839655926, 0.0460534570435331, 0.0494166567691432, 0.05327319108746664, 0.057683301582426974, 0.06271269433810733, 0.06843137090476498, 0.07491167102404836, 0.08222529703728637, 0.09043909910650526, 0.09960943876526368, 0.10977505272263915, 0.12094850623812346, 0.13310658311280965, 0.14618028179745204, 0.16004546184796942, 0.17451553280274845, 0.18933782630971863, 0.2041953167141654, 0.2187150725608221, 0.23248415820771792, 0.24507270110366228, 0.2560626097140391, 0.265079213131156, 0.27182216946306154, 0.2760916378590297, 0.2778060817897045, 0.27700917098509475, 0.27386487016872024, 0.26864160867973924, 0.26168801905970185, 0.25340378987326456, 0.24420952011797836, 0.23451910085624783, 0.22471725772255, 0.21514372626670122, 0.20608437602263682, 0.19776865208958636, 0.19037208568667957, 0.18402234443908896, 0.1788073039906309, 0.17478381939523868, 0.17198617314987147, 0.17043347996245264, 0.17013559837525122, 0.17109729071232588, 0.173320499839809, 0.17680466343543125, 0.18154500615402494, 0.18752873918015547, 0.19472910966835194, 0.20309728493734316, 0.21255218981289511, 0.22296864262659077, 0.23416451084004833, 0.24588810160492705, 0.2578076165683426, 0.2695051094181161, 0.28047786966470406, 0.29015025596268196, 0.2978985023788303, 0.30308966235172113, 0.30513360827513897, 0.30354401277345705, 0.2980010722792405, 0.2884061826919991, 0.2749178581225617, 0.25795962769047176, 0.23819472446581086, 0.21646844118767514, 0.1937257174125832, 0.1709169439272099, 0.14890753037997406, 0.128405602711783, 0.1099176976537346, 0.09373585431230869, 0.07995305331815383, 0.06849916933345883, 0.0591874917370363, 0.05176235076028336, 0.045940766235295145, 0.0414441596725194, 0.038019127068850446, 0.035448385000721214, 0.03355415762969121, 0.03219653763857837, 0.031269081690867166, 0.030693332079519506, 0.03041337658276039, 0.03039104529216896, 0.030601996226165322, 0.031032707690254627, 0.03167829001330428, 0.03254097477624872, 0.03362914534391035, 0.03495677967624361, 0.036543205876672764, 0.03841308280953029]
7.351070762068008	2.9375584393795333	[0.040565925078595966, 0.0430977078738414, 0.04602058815445035, 0.04938253622637597, 0.05323776881509224, 0.057646562645421826, 0.06267467236307596, 0.0683921617589529, 0.0748714512757926, 0.08218434200513705, 0.0903978040145459, 0.09956833661932285, 0.10973483090428865, 0.12091001383278725, 0.13307082953456975, 0.14614841788024147, 0.16001874421369397, 0.1744952645912235, 0.18932527891946477, 0.2041916316383418, 0.21872115525323624, 0.23250057098243163, 0.24509957317507333, 0.2560995747776182, 0.2651253905612471, 0.2718761926837375, 0.27615173351977484, 0.2778701889871238, 0.27707508922609236, 0.27393041493436315, 0.26870475785026565, 0.26174703166826446, 0.25345728810630364, 0.2442565287450691, 0.23455904763198224, 0.2247499409568364, 0.21516926042820006, 0.20610312562634114, 0.19778116378450097, 0.1903790259729258, 0.18402444761512518, 0.17880533313171218, 0.17477854003606416, 0.1719783395564336, 0.17042383104799222, 0.17012486244863587, 0.1710861952625761, 0.1733097859881241, 0.1767951009016872, 0.1815374088070131, 0.1875239762378364, 0.1947281124854071, 0.20310104302795412, 0.21256173558786137, 0.22298501718057676, 0.2341887108630427, 0.24592100058395153, 0.2578498646303401, 0.2695570107952937, 0.2805392524019352, 0.29022034422336, 0.29797581957544217, 0.3031719851539795, 0.3052180043730389, 0.30362697444087217, 0.2980787583545032, 0.2884747454889449, 0.2749738259075981, 0.2580002770855341, 0.23821838757230462, 0.21647467939044246, 0.19371533678530886, 0.17089183812622422, 0.1488703943180695, 0.1283595626228204, 0.10986593906586245, 0.0936812969362413, 0.07989812852203608, 0.0684457018744694, 0.05913669113850432, 0.051714872480844366, 0.04589682487165778, 0.04140364978587026, 0.0379817432457318, 0.03541371412883883, 0.03352175208932166, 0.03216595759393524, 0.03123992339605698, 0.030665235818616018, 0.030386030659114795, 0.03036417953113288, 0.030575377903219066, 0.031006132339912847, 0.031651576964099294, 0.032513959688617304, 0.03360167766686337, 0.03492871782939083, 0.03651441695353676, 0.03838344038912989]
7.353921633750175	2.9366534078320092	[0.04053534925221134, 0.04306605220497443, 0.045987757393978146, 0.04934845388771851, 0.05320238423372645, 0.05760986096990189, 0.0626366864783422, 0.0683529874308091, 0.07483126414754201, 0.08214341710702514, 0.09035653547495191, 0.09952725702411505, 0.10969462646131933, 0.12087153322163319, 0.13303508111315285, 0.1461165523289006, 0.15999201748517533, 0.1744749801863098, 0.18931270818801726, 0.2041879170923804, 0.2187272029567571, 0.23251694480775992, 0.2451264033550607, 0.25613649671726885, 0.265171524615032, 0.2719301736725427, 0.2762117886512307, 0.27793425817659206, 0.27714097202074056, 0.2739959271143262, 0.2687678770073241, 0.2618060168745603, 0.25351076120205723, 0.24430351451027738, 0.23459897357211001, 0.22478260543766054, 0.2151947777613481, 0.206121860374635, 0.19779366244785726, 0.19038595500867767, 0.18402654110883385, 0.17880335397992558, 0.17477325347431164, 0.1719704995374684, 0.1704141761175263, 0.17011412049728122, 0.17107509338238505, 0.17329906481953639, 0.17678552979030815, 0.18152980113314082, 0.18751920093794594, 0.19472710049153336, 0.20310478375755228, 0.21257126118326283, 0.22300136892039538, 0.23421288538954002, 0.24595387189036913, 0.2578920829844033, 0.2696088811584613, 0.2806006029425572, 0.29029039978342835, 0.298053103339089, 0.30325427412466427, 0.3053023654719244, 0.303709899981985, 0.2981564062027428, 0.28854326836568056, 0.27502975177002376, 0.2580408842451389, 0.2382420091626278, 0.21648087997161422, 0.19370492435772688, 0.17086670991763542, 0.14883324653150343, 0.12831352380717279, 0.10981419405549392, 0.09362676571522227, 0.07984323977912151, 0.0683922792320484, 0.05908594061823519, 0.05166744827053855, 0.045852938480331756, 0.04136319523357052, 0.03794441299754848, 0.03537909538726957, 0.03348939598523346, 0.03213542515289925, 0.03121081015680676, 0.030637183117004287, 0.030358726329669957, 0.030337354417159422, 0.030548798899313098, 0.030979595873316564, 0.03162490200511803, 0.03248698264905558, 0.033574247636488586, 0.0349006938482334, 0.03648566574000854, 0.03835383602222561]
7.356772505432342	2.9357485526728504	[0.040504811291613936, 0.04303443480897912, 0.04595496465087579, 0.049314409730157424, 0.05316703724160312, 0.05757319653714728, 0.06259873659373831, 0.06831384790956092, 0.0747911095638982, 0.0821025223439088, 0.09031529343083572, 0.09948619999546317, 0.10965443935877797, 0.1208330644367994, 0.13299933783755075, 0.14608468519067022, 0.15996528167507265, 0.1744546796460693, 0.1893001141489895, 0.20418417313840959, 0.21873321572161372, 0.2325332797422039, 0.24515319170595995, 0.25617337558106196, 0.2652176153636371, 0.2719841124625165, 0.2762718033318113, 0.2779982893739676, 0.2772068194547095, 0.2740614067068874, 0.26883096624436104, 0.26186497465960157, 0.2535642092620105, 0.24435047737767226, 0.2346388787859215, 0.22481525111236605, 0.21522027838281332, 0.2061405801985008, 0.19780614820354253, 0.19039287270931074, 0.18402862505176462, 0.1788013664362513, 0.1747679598503067, 0.17196265298115623, 0.17040451532183673, 0.17010337239839307, 0.17106398523497332, 0.17328833620218592, 0.1767759502788537, 0.18152218299332956, 0.18751441347369172, 0.19472607354206578, 0.2031085073351553, 0.21258076645016027, 0.22301769806946484, 0.23423703426735795, 0.24598671575900485, 0.2579342714761534, 0.26966072074984637, 0.2806619211314511, 0.2903604228884716, 0.2981303535158256, 0.303336529509422, 0.30538669142075037, 0.30379278964027223, 0.2982340156765642, 0.2886117515627096, 0.27508563556599075, 0.2580814494078926, 0.23826558909595916, 0.21648704316927314, 0.19369447998946293, 0.1708415595360859, 0.14879608687257906, 0.12826748648507, 0.10976246245540415, 0.0935722608393154, 0.07978838689311957, 0.06833890155444769, 0.05903523995159647, 0.05162007823439016, 0.04580910681984712, 0.04132279608467884, 0.03790713608190172, 0.03534452881913484, 0.03345708908732513, 0.032104940340812536, 0.03118174176256214, 0.030609173987251787, 0.03033146340516636, 0.030310569952735546, 0.030522259044812018, 0.030953098284491706, 0.03159826498325544, 0.03246004364449702, 0.03354685511301232, 0.034872707714113105, 0.03645695210705793, 0.03832426968635865]
7.3596233771145085	2.9348438746290246	[0.04047431145231653, 0.04300285530135663, 0.045922210162801604, 0.0492804033921082, 0.05313172806783623, 0.05753656900411519, 0.06256082293824108, 0.06827474286913937, 0.07475098776119964, 0.08206165740750723, 0.0902740781316301, 0.09944516524563142, 0.10961426986215621, 0.12079460721479131, 0.1329635999881549, 0.14605281622965013, 0.15993853707244732, 0.174434362764241, 0.1892874970891646, 0.2041803996005874, 0.21873919381880272, 0.23254957564098322, 0.2451799384701594, 0.2562102112570029, 0.26526366301127313, 0.2720380089772372, 0.2763317777217738, 0.2780622825409173, 0.2772726316413225, 0.27412685371273815, 0.268894025626552, 0.26192390506235175, 0.2536176323033994, 0.24439741742287038, 0.23467876324419892, 0.22484787809155135, 0.21524576221922156, 0.20615928524218455, 0.1978186209365071, 0.19039977925195106, 0.18403069928940521, 0.17879937071076085, 0.1747626589718609, 0.1719548001316581, 0.170394848432362, 0.17009261843248447, 0.171052870556187, 0.17327760045607052, 0.1767663620677819, 0.18151455475056746, 0.1875096135097695, 0.19472503204620836, 0.20311221338884572, 0.21259025184624306, 0.22303400421812536, 0.23426115800346908, 0.2460195317412437, 0.2579764306609848, 0.2697125290806038, 0.28072320757023894, 0.29043041300783123, 0.29820757075099125, 0.3034187507336452, 0.3054709829075749, 0.303875642794791, 0.29831158750930814, 0.2886801944108686, 0.2751414780805449, 0.2581219718550033, 0.23828912821550752, 0.2164931682125623, 0.19368400458094642, 0.17081638615396444, 0.14875891628439789, 0.1282214497679582, 0.1097107452238104, 0.09351778136247971, 0.07973357080455912, 0.06828556785585761, 0.058984590032600474, 0.05157276137852922, 0.04576533071771639, 0.04128245137477816, 0.03786991324841891, 0.035310013522030816, 0.0334248320623544, 0.03207450233776918, 0.03115271879709644, 0.030581207699053058, 0.030304242390476018, 0.030283825493679615, 0.030495758773286575, 0.03092663900548453, 0.03157166627080684, 0.03243314217057842, 0.03351950041864754, 0.034844758973431506, 0.036428276338136514, 0.03829474096718622]
7.3624742487966754	2.933939374424623	[0.04044384990511465, 0.0429713133791395, 0.04588949408897107, 0.049246434588296875, 0.05309645686755231, 0.05749997810056113, 0.06252294567012658, 0.06823567205360659, 0.0747108989074148, 0.08202082205733482, 0.09023288976040982, 0.09940415255195564, 0.10957411817283508, 0.12075616135347071, 0.13292786778450794, 0.14602094526627882, 0.15991178391073146, 0.17441402938453962, 0.18927485724764614, 0.20417659634525093, 0.21874513748236976, 0.2325658323917906, 0.245206643865735, 0.2562470036532807, 0.2653096677512063, 0.27209186314555867, 0.27639171198405443, 0.2781262376279699, 0.2773384087108786, 0.2741922681051498, 0.2689570552514452, 0.26198280807916074, 0.2536710303919373, 0.24444433466462834, 0.23471862698203463, 0.22488048641502908, 0.21527122927634126, 0.20617797556518966, 0.197831080624622, 0.19040667471504769, 0.1840327637733235, 0.17879736690110354, 0.17475735076590276, 0.1719469411071665, 0.1703851753529389, 0.17008185874060225, 0.17104174922795987, 0.17326685774809142, 0.17675676501770804, 0.18150691660089158, 0.18750480088524268, 0.19472397623219084, 0.20311590173492922, 0.2125997176342777, 0.2230502871577723, 0.23428525689655255, 0.24605231960078233, 0.258018560874091, 0.26976430588384576, 0.2807844626310499, 0.2905003698414222, 0.2982847554544778, 0.3035009374614487, 0.30555524038149606, 0.3039584590706193, 0.29838912219147806, 0.2887485964924802, 0.27519727984892645, 0.2581624511231403, 0.2383126271048342, 0.21649925459084898, 0.19367349876340742, 0.17079118921101724, 0.14872173543463857, 0.12817541304210206, 0.10965904304158818, 0.09346332661680598, 0.07967879217927007, 0.06823227742443866, 0.05893399148873164, 0.05152549697093362, 0.045721610749472695, 0.041242160382696055, 0.03783274501505333, 0.0352755488139067, 0.033392625369377184, 0.032044110519357585, 0.03112374166153651, 0.030553283692929412, 0.0302770636317563, 0.030257120543864573, 0.030469298380942447, 0.03090021759658451, 0.03154510612075463, 0.032406277834771846, 0.03349218377090488, 0.03481684727139716, 0.036399638623386035, 0.03826524953921899]
7.365325120478842	2.9330350527808227	[0.04041342537770343, 0.04293981013156797, 0.045856815238799045, 0.04921250434980022, 0.053061222505959925, 0.05746342482648605, 0.062485103691451487, 0.06819663645367363, 0.07467084192961156, 0.0819800172905433, 0.09019172726453012, 0.09936316292632542, 0.10953398326055469, 0.12071772787867695, 0.1328921402268542, 0.14598907332927485, 0.1598850212335633, 0.17439368051755638, 0.18926219372767564, 0.2041727643365893, 0.21875104589324743, 0.2325820508815877, 0.2452333071697306, 0.25628375355154237, 0.2653556289734596, 0.2721456756224365, 0.276451605634851, 0.2781901551503099, 0.2774041503135924, 0.27425765025416277, 0.2690200549052792, 0.2620416839354798, 0.2537244034470092, 0.24449122918826383, 0.23475847004609524, 0.22491307603449096, 0.21529667972136612, 0.2061966509925827, 0.1978435275497179, 0.19041355880324912, 0.18403481889621998, 0.1787953545959769, 0.17475203573515835, 0.1719390753825228, 0.1703754966987493, 0.1700710926831357, 0.1710306219835627, 0.17325610732084837, 0.1767471599883156, 0.18149926766325766, 0.18749997659625917, 0.19472290508747123, 0.2031195735164955, 0.21260916266112945, 0.2230665481879606, 0.23430932964341294, 0.24608508080123148, 0.25806066065309186, 0.26981605279291465, 0.28084568468371923, 0.2905702951974594, 0.29836190581953165, 0.3035830916829535, 0.30563946184863183, 0.30404124065105276, 0.2984666175285989, 0.2888169602000851, 0.2752530384607313, 0.2582028898315963, 0.2383360831246341, 0.21650530515978225, 0.1936629596643276, 0.17076597178685726, 0.14868454122929298, 0.12812937956508275, 0.10960735262966989, 0.09340889995837921, 0.07962404762135038, 0.06817903361506086, 0.05888344090517156, 0.05147828826373604, 0.045677943593167195, 0.04120192617002312, 0.03779562825476248, 0.03524113750163609, 0.0333604661488592, 0.03201376740188874, 0.03109480779885965, 0.030525404186891737, 0.030249924875006457, 0.0302304570387385, 0.030442875892318127, 0.030873835742549344, 0.031518582797503095, 0.03237945211146626, 0.03346490363016806, 0.03478897391458416, 0.03637103757616649, 0.03823579658195356]
7.368175992161009	2.932130910415969	[0.0403830389254278, 0.04290834440310381, 0.045824174599376745, 0.04917861158455983, 0.05302602592978571, 0.05742690813230173, 0.062447297931673904, 0.06815763504789378, 0.07463081775797471, 0.08193924210612832, 0.09015059158671175, 0.09932219538710148, 0.10949386608471814, 0.12067930583312862, 0.1328564182862068, 0.14595719949565655, 0.159858250008552, 0.174373315288017, 0.18924950746971114, 0.20416890276252114, 0.2187569199359468, 0.23259823037799646, 0.24525992918219464, 0.2563204603154934, 0.2654015473702154, 0.27219944588203854, 0.27651145924262144, 0.2782540347026438, 0.2774698568857989, 0.27432299987937686, 0.2690830248900089, 0.26210053247485443, 0.2537777516385454, 0.2445381009567911, 0.23479829247965778, 0.22494564702642308, 0.21532211347759136, 0.20621531170842824, 0.19785596152154167, 0.19042043180367133, 0.18403686435939848, 0.17879333418335439, 0.1747467134756059, 0.1719312034473374, 0.17036581196120745, 0.17006032085525774, 0.17101948820805712, 0.1732453498818655, 0.17673754625396432, 0.181491608766489, 0.18749513979982457, 0.19472181957222792, 0.2031232277648094, 0.2126185880283013, 0.22308278620490896, 0.2343333774957244, 0.2461178140943935, 0.2581027314070622, 0.269867768406184, 0.2809068753006892, 0.29064018751176124, 0.29843902358803664, 0.3036652116609533, 0.30572364922875667, 0.30412398561318577, 0.2985440756314145, 0.28888528341101627, 0.27530875623502465, 0.2582432856451034, 0.23835949881744936, 0.21651131736353066, 0.19365239004977747, 0.17074073110718951, 0.14864733662957483, 0.1280833463644643, 0.10955567708292506, 0.09335449826454117, 0.07956934027257197, 0.06812583323397273, 0.0588329413743477, 0.051431132093551594, 0.04563433220214718, 0.041161745707491544, 0.037758565710250665, 0.035206776774411204, 0.033328356886102146, 0.03198347044437459, 0.031065919416985714, 0.03049756692608744, 0.030222828055167336, 0.030203832997415553, 0.030416492992381115, 0.030847491705877243, 0.0314920977704581, 0.03235266346710822, 0.0334376612895081, 0.03476113753222756, 0.03634247435245974, 0.03820638084895763]
7.371026863843176	2.931226948045475	[0.04035268965955457, 0.042876916913433434, 0.045791571339378064, 0.04914475697379284, 0.0529908663479612, 0.0573904286800236, 0.06240952762796687, 0.06811866849487475, 0.07459082565086228, 0.0818984971711479, 0.09010948200431042, 0.09928125061645662, 0.10945376594391168, 0.12064089591418979, 0.13282070128822826, 0.14592532447044726, 0.15983146959689593, 0.17435293439361124, 0.1892367978805583, 0.20416501229279582, 0.21876275907367013, 0.23261437149994638, 0.24528650943338315, 0.2563571244920059, 0.26544742254846315, 0.2722531743828737, 0.2765712724989623, 0.2783178766453944, 0.277535528208961, 0.2743883172396373, 0.2691459650789514, 0.2621593538554929, 0.2538310749303532, 0.24458495003111294, 0.23483809433314193, 0.22497819935873137, 0.21534753067721343, 0.206233957592145, 0.19786838274984908, 0.19042729351143586, 0.1840389004476888, 0.17879130537739443, 0.17474138434696054, 0.1719233249367854, 0.17035612157715477, 0.1700495428134382, 0.17100834841990262, 0.17323458490733726, 0.176727924421, 0.1814839393031352, 0.1874902911974264, 0.19472071899044294, 0.203126865283703, 0.21262799294515183, 0.2230990021209169, 0.2343573995616449, 0.2461505205055047, 0.2581447721365862, 0.2699194538650036, 0.28096803336931453, 0.29071004804500133, 0.2985161075288049, 0.3037472987802659, 0.3058078011655743, 0.3042066954733264, 0.2986214950090487, 0.2889535677829569, 0.27536443153476203, 0.2582836403737034, 0.2383828723903892, 0.21651729317120952, 0.19364178796778708, 0.17071546929192255, 0.14861011953095762, 0.12803731567756288, 0.10950401416523017, 0.09330012383172438, 0.07951466780741444, 0.0680726785655816, 0.05878249054665624, 0.051384030663837094, 0.04559077428132883, 0.04112162106095636, 0.03772155521486604, 0.035172468520591325, 0.033296295596294434, 0.03195322133603662, 0.031037074739138137, 0.030469773396693562, 0.030195771604694308, 0.03017724971412639, 0.030390148306081975, 0.03082118661049236, 0.03146564983029787, 0.03232591288261901, 0.03341045567498754, 0.03473333899115427, 0.03631394798412148, 0.03817700312079917]
7.373877735525343	2.9303231663819944	[0.04032237893637762, 0.04284552621912181, 0.04575900672409669, 0.04911093915637365, 0.05295574496977716, 0.05735398516361469, 0.06237179396209924, 0.06807973552484965, 0.07455086678406996, 0.08185778124177931, 0.09006839970068475, 0.09924032739478773, 0.10941368403285028, 0.12060249693289632, 0.1327849904314195, 0.14589344710872754, 0.1598046811813376, 0.17433253675213736, 0.1892240660973342, 0.20416109192999154, 0.21876856436216863, 0.23263047335842713, 0.24531304886231162, 0.25639374532360637, 0.26549325530113405, 0.27230686051887476, 0.27663104603039446, 0.2783816805376477, 0.2776011647320523, 0.27445360206527547, 0.269208875740216, 0.26221814797811016, 0.25388437341237596, 0.2446317764767923, 0.2348778755250288, 0.22501073325417684, 0.21537293107573358, 0.20625258901604304, 0.1978807908353984, 0.1904341444423524, 0.18404092661359014, 0.17878926883421478, 0.17473604765727477, 0.17191544064774225, 0.17034642471087733, 0.17003875949962596, 0.17099720163705243, 0.1732238134920573, 0.17671829335548891, 0.18147626053105262, 0.18748542949537436, 0.19471960477419054, 0.2031304846106293, 0.21263737902831673, 0.2231151942955624, 0.2343813976503622, 0.24618319820845663, 0.2581867848483222, 0.2699711071512686, 0.28102916109627707, 0.2907798745811757, 0.2985931600511909, 0.3038293506192209, 0.3058919202776883, 0.3042893675924198, 0.2986988785033433, 0.28902181044369896, 0.2754200674460086, 0.258323950895089, 0.23840620719354094, 0.21652322919804567, 0.193631157035239, 0.17069018269488534, 0.14857289378619978, 0.12799128362312753, 0.10945236789332242, 0.09324577260640063, 0.07946003430100597, 0.06801956548587063, 0.0587320924344367, 0.05133697990814509, 0.04554727366403357, 0.04108154835065791, 0.0376846003283891, 0.035138209150956355, 0.033264285503335066, 0.03192301684056592, 0.03100827662667729, 0.030442020733909975, 0.03016875802827625, 0.030150704678589497, 0.030363844011858345, 0.030794918260611294, 0.03143924087440787, 0.03229919842566094, 0.033383288454119094, 0.0347055765693812, 0.036285459959634926, 0.038147661836311304]
7.37672860720751	2.9294195661352123	[0.04029210522531347, 0.04281417365873587, 0.045726479323723104, 0.04907715939686335, 0.0529206604340767, 0.05731757880607755, 0.062334095617850076, 0.0680408373449462, 0.07451093987123264, 0.08181709552732193, 0.09002734341288691, 0.09919942694253416, 0.10937361911419989, 0.12056411011901708, 0.1327492845141944, 0.14586156863585495, 0.15977788361276557, 0.17431212355936257, 0.189211311044829, 0.20415714280665012, 0.21877433482408026, 0.2326465369859685, 0.24533954661359364, 0.2564303237089852, 0.2655390449166026, 0.2723605050288354, 0.2766907792859596, 0.2784454469421349, 0.2776667660749295, 0.2745188547362034, 0.2692717566674223, 0.2622769150404084, 0.2539376470489011, 0.2446785803147912, 0.23491763618332692, 0.22504324856493352, 0.21539831495657707, 0.20627120567194293, 0.19789318620954416, 0.19044098413529356, 0.18404294343138644, 0.178787223944979, 0.17473070412230418, 0.17190754982600107, 0.1703367222221282, 0.17002797001328984, 0.1709860488696192, 0.1732130345849262, 0.17670865422735774, 0.18146857124145743, 0.18748055603467526, 0.19471847554786215, 0.20313408726906323, 0.2126467447254059, 0.2231313644445903, 0.23440537002326334, 0.24621584911836714, 0.2582287676095057, 0.2700227303840141, 0.2810902563481744, 0.29084966944694274, 0.2986701788143866, 0.3039113697178959, 0.305976004006902, 0.3043720047349522, 0.2987762233234663, 0.2890900143997831, 0.27547566092633424, 0.2583642204788962, 0.23842949991610787, 0.21652912899012458, 0.19362049366691123, 0.17066487512687425, 0.14853565555021223, 0.12794525422511052, 0.10940073420824031, 0.0931914487330305, 0.07940543556549225, 0.06796649814028766, 0.05868174284074165, 0.051289983848197634, 0.045503826279087514, 0.04104153136461681, 0.037647697227397914, 0.03510400213849776, 0.03323232311770256, 0.03189286007024511, 0.03097952196485655, 0.030414311679289673, 0.030141784585315384, 0.030124200281256803, 0.030337577712521154, 0.030768688735390518, 0.03141286880116437, 0.03227252191428732, 0.03335615776676287, 0.03467785187660384, 0.036257008607419185, 0.03811835844706863]
7.379579478889677	2.9285161480120765	[0.04026186924530867, 0.04278285840225412, 0.04569398981110562, 0.0490434169104041, 0.0528856133877874, 0.05728120885365682, 0.06229643323344124, 0.06800197322323599, 0.07447104555562493, 0.08177643931324097, 0.08998631379880956, 0.09915854856261287, 0.10933357186438873, 0.12052573479677034, 0.13271358422838356, 0.145829688403962, 0.1597510775875584, 0.174291694203663, 0.18919853340634282, 0.20415316435669795, 0.21878007110809355, 0.23266256187188633, 0.24536600327987568, 0.25646685920266504, 0.2655847919138059, 0.2724141075412633, 0.2767504726990064, 0.2785091755677543, 0.27773233257936103, 0.2745840750447175, 0.26933460810946297, 0.26233565491757715, 0.2539908959978081, 0.24472536150004875, 0.23495737637861067, 0.22507574532133198, 0.2154236823075281, 0.20628980766139246, 0.19790556878179064, 0.19044781276004313, 0.18404495073610486, 0.17878517094658686, 0.17472535350517288, 0.1718996527766552, 0.1703270138031249, 0.17001717473107658, 0.17097488973812222, 0.17320224863958153, 0.17669900658277296, 0.18146087197200808, 0.1874756702826749, 0.19471733194099883, 0.20313767264145177, 0.21265609076560762, 0.2231475118582141, 0.23442931751603333, 0.24624847242511383, 0.258270721367927, 0.2700743226444351, 0.2811513201897999, 0.29091943160650074, 0.29874716500571147, 0.303993354914935, 0.30606005367070876, 0.3044546056045222, 0.2988535309275986, 0.28915817820930945, 0.27553121358696375, 0.2584044475280861, 0.23845275233225488, 0.21653499078954114, 0.19360979979868534, 0.17063954467041687, 0.1484984068980498, 0.12789922541906928, 0.10934911527648372, 0.0931371500309186, 0.0793508737932621, 0.06791347428578207, 0.05863144391442677, 0.051243040251301934, 0.04546043417048494, 0.041001567957166606, 0.03761084780423456, 0.035069845487799504, 0.03320041015040947, 0.03186274921868697, 0.030950812271236725, 0.030386644628154734, 0.03011485260375831, 0.030097735110831254, 0.030311350562606993, 0.030742496795197787, 0.03138653461562516, 0.032245882252505756, 0.03332906449578399, 0.034650163931323315, 0.036228594715557914, 0.03808909205898581]
7.382430350571844	2.927612912716689	[0.04023167049093558, 0.042751580802587376, 0.04566153771075493, 0.04900971203410294, 0.052850603377049735, 0.05724487563895145, 0.06225880637125681, 0.06796314349784158, 0.07443118341338986, 0.08173581295144688, 0.08994531044844152, 0.0991176926263229, 0.10929354188939838, 0.1204873713585812, 0.1326778891992573, 0.1457978068233594, 0.15972426275369647, 0.17427124910465697, 0.1891857328553978, 0.20414915699618189, 0.21878577291547477, 0.2326785484139877, 0.24539241859228844, 0.25650335217089143, 0.2656304960562617, 0.272467668381224, 0.27681012606816735, 0.27857286669318604, 0.2777978640812138, 0.27464926322159605, 0.26939742994018395, 0.262394367793365, 0.2540441201700929, 0.24477212017134609, 0.2349970960570148, 0.22510822361963068, 0.2154490331074311, 0.206308395040526, 0.19791793856165213, 0.1904546303348309, 0.18404694856696874, 0.17878310982131065, 0.17471999587532247, 0.1718917494475294, 0.17031729955560035, 0.1700063735671537, 0.17096372438008042, 0.17319145553628046, 0.17668935059964988, 0.18145316256742927, 0.1874707724629943, 0.1947161737595685, 0.20314124100268247, 0.21266541691127527, 0.22316363686806012, 0.23445323984118796, 0.2462810685223728, 0.2583126457792341, 0.2701258843935885, 0.28121235221261276, 0.2909891615938228, 0.29882411814484666, 0.3040753068229233, 0.30614406870884137, 0.30453717089821003, 0.29893080066720673, 0.28922630266036153, 0.27558672468450146, 0.2584446329284389, 0.2384759636006814, 0.2165408155825504, 0.19359907449143274, 0.17061419240340964, 0.14846114679492214, 0.12785319834871323, 0.10929750997461796, 0.09308287767002045, 0.07929634779101584, 0.0678604950758586, 0.05858119442700719, 0.05119615021861069, 0.04541709612030208, 0.040961659151810305, 0.037574050896639975, 0.03503574012918253, 0.03316854552840637, 0.03183268511561258, 0.03092214657919282, 0.030359020309363514, 0.030087961225617358, 0.030071309801285345, 0.03028516180443332, 0.03071634298982197, 0.031360237646352096, 0.032219279919426434, 0.033302008039976266, 0.03462251315651242, 0.036200217737561026, 0.03805986305324682]
7.385281222254011	2.926709860950277	[0.040201508838734246, 0.04272034084236863, 0.04562912290854737, 0.04897604475056665, 0.052815630297646236, 0.05720857914791416, 0.0622212149388551, 0.06792434816191527, 0.07439135336692845, 0.08169521644622062, 0.08990433330278161, 0.09907685915237968, 0.10925352915228101, 0.1204490198391564, 0.13264219941388367, 0.1457659239434299, 0.15969743912177456, 0.17425078832177415, 0.18917290942311404, 0.20414512078743702, 0.218791440293482, 0.23269449666975736, 0.24541879261021493, 0.25653980265992776, 0.26567615741311057, 0.2725211875797557, 0.2768697394716582, 0.27863652033226194, 0.27786336066789735, 0.27471441926255874, 0.2694602222562287, 0.26245305364488936, 0.25409731967133115, 0.24481885628702318, 0.23503679533265023, 0.22514068339964802, 0.21547436747874588, 0.20632696773138634, 0.19793029568012774, 0.19046143676504362, 0.18404893706413497, 0.17878104045924995, 0.17471463138314938, 0.17188383971498394, 0.17030757964170087, 0.1699955663858386, 0.1709525529711916, 0.17318065512909928, 0.17667968646901994, 0.18144544287339512, 0.18746586278329597, 0.19471500084262341, 0.20314479257729384, 0.21267472299644827, 0.22317973971421498, 0.23447713682912097, 0.24631363766263878, 0.25835454067134045, 0.2701774158917557, 0.2812733522432093, 0.2910588596718709, 0.29890103805849105, 0.30415722570331105, 0.3062280489498444, 0.304619700873922, 0.29900803237449314, 0.2892943880079913, 0.27564219405617135, 0.25848477693484256, 0.2384991335633773, 0.21654660362559497, 0.19358831758779046, 0.17058881857994115, 0.1484238750743302, 0.12780717325394014, 0.1092459181141149, 0.09302863186048323, 0.07924185733964426, 0.06780756067994749, 0.05853099413115584, 0.051149313877523576, 0.04537381186578807, 0.04092180504041408, 0.03753730624304602, 0.03500168612784297, 0.033136729004838716, 0.03180266780670254, 0.03089352466393021, 0.030331438753510184, 0.03006111024985531, 0.030044924370663965, 0.03025901125886901, 0.03069022732650861, 0.03133397773274481, 0.03219271491314022, 0.03327498825373309, 0.034594899542921685, 0.0361718775398741, 0.03803067141533869]
7.388132093936178	2.925806993411266	[0.040171384299536705, 0.04268913837701732, 0.0455967454123627, 0.04894241492586923, 0.05278069415812146, 0.057172319257906085, 0.062183658949449626, 0.06788558710613017, 0.07435155543830588, 0.08165464970472143, 0.0898633823965544, 0.0990360480680726, 0.10921353370303828, 0.12041068018899677, 0.13260651493779466, 0.14573403973923246, 0.15967060676979605, 0.1742303118534787, 0.18916006319357428, 0.20414105574897415, 0.21879707332390524, 0.23271040667365103, 0.24544512540508404, 0.2565762107171026, 0.265721776039556, 0.2725746651958314, 0.276929312945232, 0.27870013655566905, 0.27792882235430716, 0.2747795432503101, 0.26952298505110217, 0.2625117125668321, 0.25415049447357546, 0.24486556995340633, 0.23507647415647145, 0.22517312477899798, 0.21549968535202943, 0.2063455258626585, 0.19794264004832648, 0.1904682321905492, 0.18405091612042612, 0.1787789630120821, 0.17470925990456806, 0.17187592374375668, 0.17029785392201724, 0.169984753366713, 0.17094137535840923, 0.17316984761447402, 0.17667001402585494, 0.18143771310496778, 0.18746094106807598, 0.19471381342483327, 0.20314832718061163, 0.21268400927511133, 0.22319582020401044, 0.2345010087513134, 0.2463461796464717, 0.25839640632999555, 0.2702289169341186, 0.28133432057743235, 0.29112852563186736, 0.29897792504816806, 0.3042391113444233, 0.30631199469730286, 0.30470219531769765, 0.29908522635373364, 0.2893624340366349, 0.27569762200877856, 0.25852487933091767, 0.2385222625330896, 0.21655235470041995, 0.193577529406368, 0.17056342297383717, 0.1483865920522629, 0.12776114988956666, 0.10919433999233985, 0.09297441232775706, 0.07918740270178394, 0.06775467079248872, 0.05848084324629249, 0.05110253090159133, 0.04533058158412846, 0.04088200529309675, 0.03750061398496549, 0.034967683167576806, 0.03310496069274222, 0.03177269700080901, 0.030864946615337997, 0.030303899699016004, 0.03003429974668793, 0.030018578586278977, 0.03023289897902545, 0.030664149597967053, 0.03130775491323474, 0.03216618704733996, 0.03324800516339919, 0.034567322921059615, 0.03614357413956883, 0.03800151698928405]
7.390982965618345	2.9249043107953687	[0.0401412973698311, 0.04265797279315169, 0.045564405685634336, 0.048908821981308845, 0.05274579540385499, 0.05713609541546885, 0.06214613884338245, 0.06784685979657705, 0.07431179007344514, 0.08161411221060083, 0.08982245818887753, 0.09899525887588924, 0.1091735560172832, 0.12037235193319389, 0.1325708362608157, 0.1457021537636832, 0.15964376619323253, 0.17420981928624346, 0.18914719465370394, 0.20413696150658328, 0.2188026724676114, 0.23272627809656107, 0.2454714173942178, 0.2566125760642788, 0.26576735229501813, 0.2726281010078624, 0.27698884678089153, 0.27876371520279053, 0.2779942493603771, 0.27484463508755774, 0.26958571847176444, 0.2625703445251332, 0.25420364465226886, 0.2449122611975549, 0.23511613253512473, 0.22520554784270047, 0.21552498666839834, 0.2063640695742366, 0.19795497154514305, 0.19047501680397844, 0.1840528855554436, 0.17877687772455597, 0.17470388120208227, 0.17186800183185383, 0.1702881221031388, 0.16997393486392426, 0.1709301911924143, 0.1731590334070439, 0.1766603328636889, 0.1814299737425557, 0.1874560068512911, 0.1947126120578247, 0.20315184428357688, 0.21269327637486465, 0.2232118777412395, 0.23452485631472436, 0.24637869380612842, 0.2584382435434053, 0.27028038677717897, 0.28139525808579613, 0.29119815865060555, 0.2990547800682422, 0.30432096283907994, 0.30639590699282937, 0.30478465323282516, 0.2991623837398817, 0.28943043965300885, 0.27575300977909, 0.25856493891985266, 0.23854535185618825, 0.21655806750196038, 0.1935667114029075, 0.17053800417076675, 0.14834929927665197, 0.12771512673730726, 0.109142777212176, 0.09292021746744168, 0.07913298548509946, 0.06770182375939786, 0.058430743334137905, 0.051055799640214505, 0.04528740674900787, 0.0408422583209843, 0.0374639754779085, 0.03493372976998727, 0.03307324181145768, 0.03174277135994848, 0.030836413510214544, 0.030276401958002404, 0.03000753065447902, 0.029992271403937086, 0.030206825777185118, 0.030638108887226227, 0.03128156989160832, 0.032139695511272215, 0.0332210593841349, 0.03453978256478597, 0.03611530808311616, 0.03797239911373128]
7.3938338373005115	2.9240018137953947	[0.04011124721026114, 0.04262684476471856, 0.04553210294515403, 0.04887526655276362, 0.05271093329167644, 0.05709990823648405, 0.06210865390634633, 0.06780816684396063, 0.0742720565808561, 0.08157360458021627, 0.08978156000985009, 0.09895449220369282, 0.1091335954498792, 0.1203340357106058, 0.13253516276921914, 0.14567026665863608, 0.15961691681866577, 0.17418931124944595, 0.18913430328044167, 0.20413283865610554, 0.21880823726242363, 0.23274211147780047, 0.24549766818697477, 0.2566488991634992, 0.265812885870537, 0.2726814953851347, 0.2770483407597664, 0.27882725654084095, 0.2780596415626251, 0.2749096949355616, 0.26964842249167553, 0.2626289495752597, 0.25425677027610233, 0.24495892997197108, 0.23515577062879017, 0.22523795244458047, 0.21555027167513763, 0.20638259862596411, 0.1979672905011496, 0.19048179027547657, 0.18405484578072798, 0.17877478418038653, 0.17469849576797186, 0.17186007347843898, 0.17027838476016333, 0.16996311029236874, 0.17091900113529632, 0.17314821183613005, 0.17665064373726136, 0.1814222240272401, 0.18745106098648506, 0.19471139589089126, 0.2031553448439725, 0.21270252334948692, 0.2232279133914853, 0.23454867847448288, 0.24641118131602577, 0.25848005116606027, 0.2703318267029783, 0.2814561635211814, 0.291267760115692, 0.2991316017688669, 0.3044027816798079, 0.3064797843807117, 0.30486707622000725, 0.29923950296497437, 0.28949840657459786, 0.2758083556780344, 0.25860495754799984, 0.23856839971381003, 0.21656374401357104, 0.19355586162357472, 0.1705125642835663, 0.14831199466129327, 0.1276691060074017, 0.10909122757241677, 0.09286604953201491, 0.07907860341306261, 0.06764902180863462, 0.05838069210563743, 0.05100912223223137, 0.04524428513409549, 0.040802566120825993, 0.037427388628317064, 0.03489982775295055, 0.03304157045002487, 0.03171289250404802, 0.030807923643636888, 0.030248946950420602, 0.029980801473794713, 0.029966004055795574, 0.03018079034187065, 0.03061210626061728, 0.0312554215175432, 0.03211324123247256, 0.03319414989692749, 0.034512279291065914, 0.03608707845403787, 0.03794331852197967]
7.396684708982678	2.9230995031014166	[0.04008123431050486, 0.04259575368657609, 0.04549983764602584, 0.048841748071338294, 0.052676108256905045, 0.05706375717906477, 0.06207120456660824, 0.06776950772801003, 0.07423235539196427, 0.08153312631336855, 0.08974068830109513, 0.09891374757315885, 0.10909365245533949, 0.12029573106915355, 0.1324994949275139, 0.14563837800415635, 0.15959005911146057, 0.1741687873617357, 0.18912138952528468, 0.20412868686119376, 0.21881376812794262, 0.2327579065323424, 0.2455238781530495, 0.2566851797873193, 0.26585837707104537, 0.27273484816368176, 0.27710779511210004, 0.2788907604740637, 0.27812499911166894, 0.27497472276944646, 0.269711097180767, 0.2626875277634024, 0.25430987133571215, 0.24500557639196005, 0.23519538835150378, 0.22527033876591487, 0.2155755402129461, 0.20640111326190946, 0.19797959668703907, 0.1904885529096363, 0.18405679649993947, 0.17877268274395738, 0.17469310324113232, 0.17185213910874247, 0.1702686414685024, 0.16995228014090583, 0.1709078046991638, 0.17313738345833773, 0.17664094609450312, 0.18141446458812038, 0.18744610285570448, 0.19471016563004945, 0.20315882817580738, 0.21271175098494627, 0.22324392639863166, 0.23457247609736465, 0.24644364134845306, 0.2585218301441489, 0.2703832358117185, 0.2815170379064738, 0.29133732905545845, 0.29920839124728654, 0.30448456682273717, 0.3065636280324428, 0.3049494631605373, 0.29931658527824695, 0.2895663336022902, 0.2758636610398939, 0.2586449339289261, 0.2385914075335703, 0.21656938285575492, 0.19354498159081818, 0.17048710183697208, 0.14827467980847292, 0.1276230861322359, 0.1090396927199604, 0.09281190687758098, 0.07902425812860774, 0.06759626325501678, 0.058330691150229076, 0.050962497003238, 0.04520121823417645, 0.040762927086328025, 0.03739085480701411, 0.034865975626179185, 0.03300994783812034, 0.03168305908789441, 0.030779478098571213, 0.030221533484965615, 0.02995411314577269, 0.02993977549725446, 0.030154793485431684, 0.030586140803131552, 0.031229310492740334, 0.032086823404033266, 0.03316727731309482, 0.03448481237917349, 0.03605888579343921, 0.03791427455950652]
7.399535580664845	2.9221973794007354	[0.04005125829214279, 0.04256469978942631, 0.04546760943493739, 0.04880826675494269, 0.05264131996591405, 0.057027642456921455, 0.06203379050730859, 0.06773088266604038, 0.0741926862063092, 0.08149267763747033, 0.0896998427803012, 0.09887302522621139, 0.1090537267726648, 0.12025743826640926, 0.1324638324995011, 0.14560648807015722, 0.1595631928629348, 0.1741482478972305, 0.18910845320849717, 0.2041245063882952, 0.21881926491399908, 0.23277366350591563, 0.24555004717276863, 0.2567214181494402, 0.26590382580930405, 0.27278815951734464, 0.27716720978557313, 0.27895422713207585, 0.27819032199195354, 0.2750397186727391, 0.2697737425606583, 0.2627460791267753, 0.25436294788899244, 0.24505220044938142, 0.23523498579587174, 0.22530270675498995, 0.2156007924075375, 0.2064196133889428, 0.1979918902604245, 0.19049530457407055, 0.18405873790215577, 0.17877057324555612, 0.17468770384270219, 0.1718441985173054, 0.17025889248309226, 0.16994144416945223, 0.1708966021754682, 0.1731265479995375, 0.17663124026668134, 0.18140669511699795, 0.1874411328333237, 0.194708920932433, 0.2031622946991539, 0.21272095890268902, 0.2232599172297358, 0.23459624876794555, 0.24647607441714747, 0.2585635800242957, 0.27043461466212915, 0.2815778807494135, 0.29140686607130406, 0.29928514797126643, 0.3045663189102248, 0.30664743737412636, 0.3050318147382199, 0.2993936300618879, 0.28963422146521245, 0.27591892520064987, 0.2586848688433202, 0.23861437460287052, 0.21657498486446905, 0.1935340705399218, 0.17046161771611323, 0.14823735389661125, 0.12757706802608473, 0.10898817177473274, 0.09275779041744968, 0.07896994870227851, 0.0675435489800855, 0.05828073951323332, 0.05091592477926616, 0.0451582051043625, 0.04072334197330807, 0.037354373114421024, 0.034832174067715785, 0.03297837314792369, 0.03165327170928972, 0.03075107613219971, 0.03019416208096709, 0.029927465013791836, 0.02991358617474259, 0.030128834630359723, 0.03056021289686273, 0.031203236307429924, 0.032060442354071225, 0.033140441177992835, 0.034457382114219524, 0.03603072968987778, 0.037885267479164465]
7.402386452347012	2.9212954433778777	[0.040021319164993276, 0.04253368293065944, 0.04543541832014972, 0.04877482246999975, 0.05260656842899335, 0.05699156394615287, 0.06199641174486759, 0.06769229154567898, 0.0741530490507588, 0.08145225845457424, 0.08965902348891296, 0.09883232508257692, 0.10901381846084726, 0.12021915724236455, 0.13242817556238765, 0.14557459681772142, 0.15953631816596328, 0.17412769283650165, 0.18909549443286167, 0.20412029723378433, 0.21882472772558034, 0.2327893824063001, 0.2455761753457794, 0.2567576142655672, 0.26594923217403, 0.27284142946802914, 0.2772265848548953, 0.2790176565426725, 0.2782556102630056, 0.2751046826793016, 0.2698363586754771, 0.26280460370529524, 0.25441599996482883, 0.24509880218988547, 0.23527456297590055, 0.22533505646277482, 0.2156260282586034, 0.20643809906311872, 0.19800417120749614, 0.19050204533008838, 0.18406066996113168, 0.1787684557524669, 0.1746822975353242, 0.17183625177871684, 0.17024913775697434, 0.16993060246175543, 0.17088539350921517, 0.17311570555478398, 0.1766215261921842, 0.1813989157223478, 0.18743615085215745, 0.1947076619216039, 0.20316574434171894, 0.2127301472422028, 0.22327588580717853, 0.2346199966414382, 0.24650848043833753, 0.25860530097629386, 0.27048596316311246, 0.28163869223270543, 0.2914763710635639, 0.29936187213479765, 0.30464803783286937, 0.3067312126100488, 0.3051141308329347, 0.29947063753077624, 0.28970207003213616, 0.27597414838774426, 0.2587247621492284, 0.23863730116410323, 0.2165805498865962, 0.19352312872695826, 0.1704361117521968, 0.14820001718614745, 0.1275310514949938, 0.10893666498491152, 0.09270369992305022, 0.07891567535333377, 0.06749087871925041, 0.05823083737622856, 0.05086940526983154, 0.0451152458895355, 0.04068381048285694, 0.03731794366526322, 0.03479842278742239, 0.03294684647092807, 0.031623530098469174, 0.030722717817590707, 0.03016683249394643, 0.02990085713530958, 0.029887435868930397, 0.03010291382038965, 0.030534322344728342, 0.03117719899342436, 0.03203409790388667, 0.033113641513579636, 0.03442998833216643, 0.03600261015786562, 0.03785629712859614]
7.405237324029179	2.920393695714608	[0.039991416860929635, 0.04250270304289897, 0.04540326423738868, 0.048741415153734244, 0.052571853587532164, 0.05695552159078464, 0.061959068229030904, 0.06765373432082451, 0.07411344388686239, 0.08141186873201357, 0.08961823040389322, 0.09879164712638666, 0.10897392751520608, 0.12018088800009123, 0.13239252413103045, 0.14554270426875637, 0.1595094350535215, 0.17410712221744293, 0.18908251324540776, 0.20411605944642428, 0.2188301566180407, 0.2328050632871352, 0.24560226272999683, 0.2567937681890073, 0.2659945962213761, 0.27289465806538626, 0.27728592037219, 0.2790810487505113, 0.2783208639723407, 0.27516961482871954, 0.269898945568336, 0.2628631015337436, 0.25446902760214174, 0.24514538164353708, 0.2353141199262944, 0.22536738791453695, 0.21565124779658815, 0.2064565703049757, 0.19801643955468282, 0.19050877519397924, 0.18406259270001554, 0.1787663302777238, 0.17467688434009607, 0.1718282989042012, 0.17023937731082273, 0.16991975502899503, 0.17087417872249727, 0.17310485613709445, 0.1766118038963409, 0.1813911264207486, 0.18743115694224452, 0.19470638861895115, 0.20316917713903906, 0.21273931603015278, 0.22329183217184154, 0.2346437197493358, 0.24654085945718154, 0.2586469930353214, 0.2705372813625336, 0.2816994723939356, 0.2915458440813879, 0.2994385637770014, 0.3047297236402148, 0.3068149537804758, 0.30519641149417587, 0.2995476077262148, 0.28976987935246756, 0.27602933064386, 0.25876461389651817, 0.23866018726195573, 0.21658607797245386, 0.1935121561970784, 0.17041058399186146, 0.1481626697151412, 0.1274850365711894, 0.1088851723682624, 0.0926496353987432, 0.0788614380674696, 0.0674382524413374, 0.0581809846902686, 0.050822938411312545, 0.045072340513782116, 0.04064433252996973, 0.03728156636905841, 0.03476472169128514, 0.03291536771293696, 0.03159383416128649, 0.030694403063263622, 0.030139544633954067, 0.02987428942394722, 0.02986132449510726, 0.030077030974241276, 0.03050846906669153, 0.031151198473632, 0.03200778997714084, 0.03308687824603076, 0.034402630959630365, 0.035974527126352025, 0.037827363437168963]
7.408088195711346	2.9194921370899563	[0.039961551326698715, 0.04247176004508951, 0.0453711471358944, 0.04870804473079016, 0.05253717539538667, 0.056919515323077166, 0.06192175992111597, 0.06761521093423525, 0.07407387068689242, 0.0813715084265215, 0.0895774635121548, 0.09875099133182484, 0.10893405394024284, 0.12014263053367681, 0.1323568782286107, 0.14551081043753544, 0.15948254356575087, 0.17408653607197488, 0.1890695096985924, 0.20411179307085733, 0.21883555164971757, 0.23282070620004505, 0.24562830938338429, 0.256829879973683, 0.26603991800450083, 0.2729478453630019, 0.2773452163835955, 0.2791444038079394, 0.2783860831583425, 0.2752345151719873, 0.269961503269703, 0.2629215726617431, 0.2545220308234544, 0.24519193885850846, 0.23535365666169558, 0.2253997011569739, 0.2156764510284903, 0.20647502715988103, 0.19802869530182374, 0.19051549421023717, 0.1840645061122943, 0.17876419686582162, 0.17467146424534977, 0.1718203399395964, 0.17022961112936738, 0.16990890192006486, 0.17086295779821575, 0.17309399980027815, 0.17660207336197986, 0.1813833272726078, 0.1874261510878199, 0.19470510109262534, 0.20317259307770705, 0.21274846534274008, 0.223307756312972, 0.234667418175239, 0.2465732114652755, 0.25868865629090443, 0.2705885692536499, 0.281760221326582, 0.29161528511884754, 0.2995152229932361, 0.3048113763263053, 0.30689866098096263, 0.3052786567154539, 0.29962454074342404, 0.2898376494196461, 0.27608447206509296, 0.25880442408001364, 0.2386830329952038, 0.2165915691184801, 0.19350115305029356, 0.17038503442815472, 0.14812531157651923, 0.12743902323279177, 0.10883369399672227, 0.092595596794698, 0.07880723688344932, 0.06738567006229397, 0.05813118145772234, 0.050776524089995924, 0.04502948894965527, 0.040604907983435065, 0.03724524117978436, 0.03473107064367461, 0.032883936819437166, 0.031564183766909885, 0.03066613181241026, 0.03011229837925231, 0.02984776182320359, 0.02983525194131512, 0.030051186036224566, 0.03048265295943882, 0.031125234692914307, 0.03198151847753069, 0.033060151320515936, 0.03437530990592333, 0.03594648054095194, 0.03779846631901515]
7.410939067393513	2.9185907681802044	[0.03993172246210801, 0.04244085390133015, 0.045339066921745844, 0.04867471116770445, 0.05250253376589798, 0.05688354511486449, 0.061884486743901276, 0.06757672136651106, 0.07403432938614085, 0.08133117753136451, 0.08953672276503723, 0.09871035770836657, 0.10889419770650262, 0.1201043848708926, 0.13232123784645894, 0.1454789153696055, 0.15945564371375195, 0.1740659344596897, 0.1890564838195379, 0.20410749817441945, 0.21884091285843987, 0.23283631121312148, 0.2456543153495758, 0.25686594968287924, 0.266085197569843, 0.2730009914161803, 0.27740447293725806, 0.2792077217609346, 0.27845126787061714, 0.27529938374513263, 0.27002403183035073, 0.26298001711492214, 0.25457500968026897, 0.24523847384984396, 0.23539317323405956, 0.22543199619478518, 0.21570163800677694, 0.2064934696228222, 0.19804093850228854, 0.19052220236503598, 0.18406641025296236, 0.1787620554952569, 0.17466603730881317, 0.17181237485710646, 0.17021983927458706, 0.16989804310248047, 0.17085173080441843, 0.17308313650885368, 0.17659233466509763, 0.18137551824102333, 0.18742113337441332, 0.19470379930552087, 0.20317599225369593, 0.2127575951433029, 0.2233236583369106, 0.23469109188290996, 0.24660553657816228, 0.258730290706605, 0.2706398269591346, 0.2818209389929962, 0.29168469430323457, 0.29959184974353714, 0.30489299602081854, 0.3069823341684887, 0.3053608666278604, 0.2997014365366205, 0.28990538036733227, 0.2761395726045063, 0.25884419283865545, 0.23870583831712025, 0.21659702346981505, 0.19349011923756856, 0.1703594632070226, 0.14808794270981748, 0.1273930116137321, 0.10878222978545077, 0.09254158421777542, 0.07875307168290877, 0.06733313165276253, 0.05808142752772361, 0.050730162341218285, 0.044986691024624034, 0.040565536851669894, 0.03720896791791155, 0.03469746963615099, 0.03285255361613466, 0.031534578897588816, 0.030637903902926613, 0.03008509370684247, 0.02982127418529298, 0.029809218180909897, 0.030025378872014626, 0.030456873993182983, 0.031099307528296323, 0.03195528337244007, 0.03303346062316925, 0.03434802513616333, 0.03591847029513634, 0.037769605737978884]
7.41378993907568	2.917689589658889	[0.039901930374799194, 0.042409984375962904, 0.04530702369475054, 0.04864141424285415, 0.0524679287969545, 0.05684761075708314, 0.06184724879918088, 0.06753826542144756, 0.07399482009589302, 0.08129087586494535, 0.0894960082880657, 0.09866974609168662, 0.10885435895672235, 0.12006615086737561, 0.1322856031446394, 0.1454470189423019, 0.15942873567141044, 0.17404531727975658, 0.18904343578893473, 0.20410317467669561, 0.21884624042239967, 0.23285187826416037, 0.24568028079468351, 0.25690197727068165, 0.26613043506359585, 0.2730540961944585, 0.2774636901545876, 0.2792710025948308, 0.27851641820391676, 0.2753642205501777, 0.27008653131850713, 0.2630384349125209, 0.25462796421519845, 0.24528498665364462, 0.23543266966132936, 0.2254642730798854, 0.21572680872559752, 0.20651189776042936, 0.19805316912745102, 0.19052889973920192, 0.18406830507190436, 0.17875990626144683, 0.17466060346037668, 0.1718044037680902, 0.17021006165789468, 0.16988717870569167, 0.17084049763535333, 0.17307226641302775, 0.17658258768366025, 0.18136769949973863, 0.187416103663961, 0.1947024834573303, 0.2031793745123861, 0.21276670565907072, 0.22333953807117538, 0.23471474112764118, 0.24663783460367192, 0.2587718965654585, 0.27069105426527795, 0.2818816257034284, 0.29175407139779913, 0.29966844436528833, 0.3049745824625783, 0.30706597370812205, 0.3054430409437721, 0.29977829549971535, 0.2899730718786625, 0.27619463268693034, 0.25888391982386755, 0.23872860368607393, 0.21660244064463668, 0.19347905525034653, 0.1703338699108588, 0.14805056362998065, 0.1273470012554359, 0.1087307802526179, 0.09248759716478298, 0.07869894296330043, 0.06728063667078835, 0.05803172335903744, 0.050683852602824896, 0.044943947150681736, 0.0405262185780992, 0.03717274694772102, 0.03466391814144413, 0.03282121842146251, 0.031505019070713326, 0.03060971960988216, 0.030057930184606556, 0.02979482674492892, 0.029783222830788013, 0.029999609679934303, 0.03043113182814006, 0.031073417146693157, 0.03192908435805015, 0.033006806295173635, 0.03432077637515483, 0.035890496510321494, 0.03774078144110381]
7.416640810757847	2.916788602196825	[0.039872174552023576, 0.04237915183167454, 0.04527501697500177, 0.04860815429984358, 0.05243336003275748, 0.05681171258583175, 0.061810045649751504, 0.06749984343769194, 0.07395534239513575, 0.08125060377659372, 0.08945531967689627, 0.09862915684704868, 0.10881453730590028, 0.1200279289054257, 0.13224997376135667, 0.14541512155075054, 0.1594018191041362, 0.17402468493035106, 0.18903036530292996, 0.2040988229649017, 0.2188515340717155, 0.23286740771399173, 0.24570620548635322, 0.25693796305787747, 0.2661756302950339, 0.27310715996877366, 0.2775228678904554, 0.2793342465250921, 0.27858153406136604, 0.275429025744836, 0.2701490016861734, 0.26309682615452046, 0.2546808944278992, 0.2453314773136992, 0.23547214598854935, 0.22549653180233217, 0.2157519632729634, 0.20653031151186868, 0.19806538730638873, 0.19053558622374556, 0.18407019073837974, 0.17875774900952365, 0.17465516290991903, 0.17179642647339502, 0.17020027853167044, 0.1698763084870181, 0.1708292585891308, 0.17306138922640357, 0.17657283276574726, 0.1813598707174542, 0.18741106235920155, 0.1947011531696945, 0.20318274031560463, 0.21277579646162328, 0.2233553960401638, 0.23473836542735127, 0.24667010613089818, 0.2588134733278427, 0.2707422518268011, 0.281942280856805, 0.29182341712346604, 0.29974500619198263, 0.30505613644023044, 0.30714957886353494, 0.30552518052330213, 0.2998551168216033, 0.29004072489183363, 0.27624965142153907, 0.25892360606007936, 0.23875132812736402, 0.21660782175787888, 0.19346796002670355, 0.1703082557372287, 0.1480131731866289, 0.12730099341319512, 0.10867934416505595, 0.09243363691003707, 0.07864484942826454, 0.06722818636727637, 0.05798206762882132, 0.050637596065704026, 0.04490125602627904, 0.04048695426689247, 0.0371365770352982, 0.03463041716010842, 0.03278993010292483, 0.031475505175154156, 0.03058157791879895, 0.030030808589759296, 0.029768418606658735, 0.029757266563529273, 0.0299738776737059, 0.03040542704439137, 0.03104756285535699, 0.03190292193693725, 0.032980187719830634, 0.03429356406383065, 0.035862558629098096, 0.03771199382307164]
7.419491682440014	2.915887806462172	[0.03984245536379599, 0.04234835578052914, 0.045243047107589335, 0.04857493087846896, 0.05239882780552228, 0.056775850161588405, 0.06177287762563002, 0.06746145499253116, 0.07391589662076803, 0.08121036085953943, 0.08941465728203639, 0.09858858958533867, 0.10877473312151631, 0.11998971861704362, 0.1322143500797573, 0.14538322285217448, 0.1593748944038979, 0.17400403709770484, 0.1890172727503141, 0.2040944427574452, 0.21885679417693724, 0.23288289931626086, 0.24573208976201352, 0.25697390683697036, 0.26622078355665424, 0.2731601825745484, 0.2775820063848853, 0.2793974534334882, 0.27864661562678744, 0.2754937992588915, 0.27021144305997924, 0.26315519081836547, 0.25473380038868354, 0.24537794585333322, 0.23551160223181572, 0.22552877242898736, 0.21577710161346153, 0.20654871098534658, 0.1980775929549482, 0.19054226196674304, 0.18407206712193253, 0.17875558392712906, 0.17464971548257469, 0.17178844320135372, 0.17019048967782585, 0.16986543271805643, 0.17081801340476882, 0.1730505052676073, 0.17656306960683726, 0.18135203226430158, 0.187406009110412, 0.19469980886879273, 0.20318608926584364, 0.21278486803711863, 0.2233712317953237, 0.234761965330999, 0.24670235065667404, 0.2588550216071238, 0.2707934190823295, 0.2820029051316832, 0.2918927308569625, 0.2998215359681781, 0.30513765726437764, 0.30723315044737226, 0.30560728460594283, 0.29993190138774817, 0.29010833857005164, 0.2763046297741696, 0.25896325062969433, 0.2387740126943678, 0.21661316580766476, 0.19345683470715147, 0.17028261959766453, 0.14797577259152125, 0.12725498691304735, 0.10862792277316069, 0.09237970220532915, 0.07859079232531342, 0.06717577944750491, 0.05793246154195678, 0.05059139143154766, 0.04485861878245861, 0.04044774266421549, 0.03710045921665961, 0.034596965523372915, 0.03275868958946985, 0.03144603615224847, 0.030553479647793237, 0.030003727982010085, 0.029742050481461, 0.029731348552227744, 0.02994818346686911, 0.030379758915287443, 0.031021745184000696, 0.03187679546599487, 0.032953605358408036, 0.034266387625535626, 0.03583465705978623, 0.03768324235811557]
7.422342554122181	2.9149872031203037	[0.03981277259957132, 0.04231759629455091, 0.045211113895069203, 0.048541744047624596, 0.052364331929322105, 0.0567400235553565, 0.061735744552332945, 0.06742310016443065, 0.07387648261119918, 0.0811701472046656, 0.08937402095739161, 0.09854804441379487, 0.10873494627581184, 0.11995152012766194, 0.1321787319924937, 0.14535132298885875, 0.15934796148416036, 0.1739833739359887, 0.1890041580638262, 0.204090034212496, 0.21886202068727437, 0.23289835322414146, 0.2457579335845631, 0.257009808748193, 0.2662658948233796, 0.27321316413363045, 0.2776411056245231, 0.27946062342075395, 0.27871166289901234, 0.27555854117121575, 0.2702738554513228, 0.2632135289613183, 0.25478668212132516, 0.2454243923088102, 0.23555103842657027, 0.22556099497586743, 0.21580222379338343, 0.20656709617756075, 0.19808978612978786, 0.1905489269467351, 0.1840739342897581, 0.17875341097601377, 0.17464426125702578, 0.17178045389840785, 0.17018069518823437, 0.16985455133137295, 0.1708067621896248, 0.17303961445653132, 0.17655329833235975, 0.18134418404825137, 0.18740094406358535, 0.19469845045076004, 0.20318942153160954, 0.21279392026913407, 0.22338704552872754, 0.2347855407080988, 0.246734568396721, 0.25889654125674394, 0.2708445562706776, 0.2820634983633475, 0.29196201285962536, 0.29989803350910854, 0.30521914521884447, 0.3073166882529905, 0.30568935349882564, 0.3000086489677487, 0.2901759132457139, 0.27635956748917745, 0.2590028538933684, 0.238796657105299, 0.21661847318440666, 0.19344567898174234, 0.17025696190710296, 0.14793836150115716, 0.12720898217921423, 0.10857651569291323, 0.09232579346260843, 0.07853677122836715, 0.0671234162923103, 0.057882904640460996, 0.05054523904038228, 0.0448160349499417, 0.04040858406813206, 0.03706439303451629, 0.03456356349018487, 0.03272749645396211, 0.03141661222512817, 0.030525424409517752, 0.029976688551516917, 0.029715722023675038, 0.02970546895696379, 0.029922526752260908, 0.030354127574314993, 0.030995963858309713, 0.03185070505626269, 0.03292705896319899, 0.03423924715345765, 0.035806791575565135, 0.037654527126383674]
7.4251934258043475	2.914086792833935	[0.03978312616997808, 0.04228687332927189, 0.04517921725322117, 0.04850859376614901, 0.052329872326268914, 0.056704232731911816, 0.061698646360611245, 0.06738477892738205, 0.0738371003088992, 0.08112996279900249, 0.08933341066055454, 0.0985075213360139, 0.10869517674446705, 0.11991333345964592, 0.1321431194947165, 0.145319422001733, 0.15932102035841242, 0.1739626955015156, 0.1889910212715206, 0.20408559739610527, 0.2188672136399458, 0.23291376950692042, 0.2457837369951136, 0.2570456688585913, 0.2663109641365488, 0.2732661047074682, 0.2777001656492365, 0.2795237565413491, 0.27877667591604394, 0.2756232515289762, 0.27033623889636255, 0.26327184062327047, 0.25483953966008316, 0.2454708167127946, 0.2355904546050316, 0.22559319946853787, 0.21582732984286632, 0.20658546710730974, 0.1981019668592087, 0.19055558117640342, 0.18407579226898044, 0.17875123016376618, 0.17463880026035122, 0.17177245856843407, 0.1701708950914889, 0.16984366432877668, 0.17079550497565182, 0.17302871679463325, 0.17654351897952394, 0.1813363260719404, 0.18739586726281823, 0.1946970779204658, 0.20319273716491826, 0.2128029531650856, 0.2234028373005018, 0.23480909156808247, 0.24676675941860218, 0.2589380322869285, 0.2708956634655857, 0.2821240605612878, 0.2920312632099933, 0.2999744988220928, 0.305300600385895, 0.30740019228447857, 0.30577138728752784, 0.3000853595621039, 0.2902434490083797, 0.2764144645640993, 0.25904241594623656, 0.2388192613556043, 0.2166237439893062, 0.19343449284203598, 0.17023128276809954, 0.14790093989544148, 0.12716297930361065, 0.10852512288009376, 0.09227191074844203, 0.078482786059271, 0.06707109693393441, 0.05783339681214637, 0.0504991388915029, 0.04477350439238771, 0.04036947845408279, 0.03702837834238367, 0.034530211022769486, 0.032696350551608404, 0.03138723335056767, 0.030497412067687565, 0.029949690253536606, 0.02968943310778142, 0.029679627732718174, 0.029896907414612223, 0.030328532976204452, 0.030970218771615175, 0.03182465066202984, 0.032900548434382754, 0.034212142601527766, 0.03577896208214518, 0.037625848082018555]
7.428044297486514	2.913186576263086	[0.03975351601766626, 0.042256186809725385, 0.04514735712772805, 0.04847547996405935, 0.052295448947037186, 0.05666847762819095, 0.06166158300891086, 0.06734649122811873, 0.07379774968359973, 0.08108980760254514, 0.08929282637620051, 0.09846702032865803, 0.10865542453011329, 0.1198751586086335, 0.13210751260822198, 0.14528751990550448, 0.15929407106606722, 0.1739420018253187, 0.18897786242601602, 0.20408113235052847, 0.21887237309463786, 0.2329291482122116, 0.24580950005450108, 0.2570814872163893, 0.26635599155404516, 0.2733190043422156, 0.27775918651197934, 0.27958685283838774, 0.278841654725279, 0.2756879303720197, 0.2703985934367546, 0.26333012584066057, 0.2548923730407596, 0.2455172190981659, 0.23562985079714044, 0.22562538593629936, 0.21585241978619768, 0.20660382380054962, 0.19811413516233226, 0.19056222467890876, 0.1840776410743706, 0.17874904151169008, 0.1746333325041536, 0.17176445723223016, 0.1701610893975484, 0.16983277173225217, 0.17078424177290247, 0.17301781230693, 0.17653373156019028, 0.18132845836513825, 0.18739077872317558, 0.19469569131370446, 0.20319603618483056, 0.21281196676733924, 0.223418607133686, 0.23483261795958535, 0.2467989237485203, 0.2589794947515476, 0.27094674069504593, 0.2821845917831652, 0.2921004819362756, 0.30005093196712146, 0.3053820227925586, 0.3074836626030913, 0.3058533859971332, 0.3001620332332443, 0.29031094588167833, 0.2764693210640048, 0.2590819368121865, 0.23884182551487512, 0.21662897824677785, 0.19342327636033696, 0.17020558220038862, 0.14786350784052713, 0.12711697828983712, 0.1084737443807219, 0.09221805403750045, 0.0784288368320996, 0.06701882131193823, 0.057783938036512925, 0.0504530908937711, 0.04473102706182201, 0.04033042571202885, 0.036992415076330554, 0.03449690800484375, 0.03266525181262587, 0.03135789941494858, 0.030469442552702654, 0.02992273298131625, 0.02966318366670002, 0.029653824780394255, 0.02987132538955378, 0.03030297502861624, 0.030944509861675535, 0.031798632196367055, 0.03287407371129372, 0.03418507388711296, 0.03575116852029509, 0.03759720514612937]
7.430895169168681	2.912286554065112	[0.039723942107056855, 0.04222553664026347, 0.04511553348462554, 0.048442402551687205, 0.05226106176182009, 0.0566327581621723, 0.061624554474707084, 0.06730823699484251, 0.07375843072363943, 0.08104968155686477, 0.08925226810745492, 0.09842654134990098, 0.1086156896536541, 0.11983699555172043, 0.13207191137275245, 0.1452556166965075, 0.15926711366396076, 0.17392129292069108, 0.1889646815966261, 0.20407663910153243, 0.21887749912672344, 0.23294448937294215, 0.24583522283775758, 0.257117263857193, 0.2664009771457966, 0.2733718630735132, 0.27781816827503786, 0.2796499123466401, 0.2789065993805667, 0.27575257773426143, 0.2704609191179425, 0.263388384646689, 0.2549451823005811, 0.24556359949733833, 0.23566922703204754, 0.22565755441058838, 0.21587749364466322, 0.20662216628769042, 0.1981262910530424, 0.19056885748397606, 0.18407948071324393, 0.17874684504967675, 0.17462785799040326, 0.17175644992122113, 0.17015127810457858, 0.1698218735765235, 0.17077297257742602, 0.17300690103340602, 0.17652393606990022, 0.18132058097495543, 0.18738567844093923, 0.19469429068614127, 0.20319931858896673, 0.21282096114079524, 0.22343435502700895, 0.23485611995652983, 0.24683106138529984, 0.25902092873260185, 0.2709977879565157, 0.28224509211783605, 0.2921696690330999, 0.3001273330388821, 0.30546341242942626, 0.30756709930880305, 0.30593534961332997, 0.30023867008660815, 0.2903784038461129, 0.2765241371008533, 0.2591214164669678, 0.2388643497027702, 0.2166341759277708, 0.19341202966251897, 0.17017986016613212, 0.14782606546028776, 0.12707097908112946, 0.10842238030213441, 0.09216422324237322, 0.07837492362409766, 0.06696658930338031, 0.05773452835585253, 0.05040709489483638, 0.04468860297060549, 0.040291425673860154, 0.03695650322867474, 0.03446365426670325, 0.03263420021831277, 0.03132861025675063, 0.030441515840382304, 0.029895816585930362, 0.029636973673162283, 0.029628059964143992, 0.029845780647392968, 0.030277453607244705, 0.030918837096509843, 0.03177264954437304, 0.03284763475992251, 0.03415804090278179, 0.03572341085463388, 0.03756859821743014]
7.433746040850848	2.911386726894675	[0.03969440421656963, 0.042194922904958986, 0.045083746115961075, 0.048409361609643306, 0.05222671057423631, 0.05659707441618543, 0.06158756057302499, 0.06727001631695895, 0.07371914325699663, 0.08100958476369989, 0.08921173569749304, 0.09838608451795082, 0.10857597197629142, 0.11979884442550866, 0.1320363156697019, 0.14522371252835808, 0.15924014805416442, 0.173900568953066, 0.1889514787045903, 0.2040721178181, 0.2188825916738648, 0.2329597931523409, 0.24586090529646604, 0.2571529989305162, 0.2664459208761693, 0.27342468103192535, 0.27787711091574124, 0.279712935175092, 0.2789715098727502, 0.27581719370215046, 0.27052321594437423, 0.2634466171051984, 0.254997967457078, 0.24560995795203583, 0.23570858333955935, 0.22568970491191007, 0.2159025514596111, 0.20664049456919154, 0.19813843458383718, 0.1905754795733332, 0.18408131124942734, 0.17874464074211535, 0.17462237679516046, 0.17174843658387015, 0.17014146130253005, 0.16981096979546348, 0.17076169749535472, 0.1729959828944235, 0.17651413263361992, 0.1813126938088536, 0.18738056656253554, 0.19469287593227352, 0.20320258454738802, 0.21282993616611656, 0.22345008117554002, 0.23487959742409675, 0.2468631725494832, 0.2590623340775782, 0.27104880549577265, 0.28230556139260493, 0.29223882477099844, 0.30020370184191675, 0.30554476959166726, 0.30765050218084233, 0.3060172784569079, 0.30031526987400203, 0.29044582325088925, 0.27657891239802823, 0.25916085529224975, 0.23888683361390817, 0.21663933744813169, 0.1934007524122719, 0.17015411710919426, 0.14778861238162325, 0.12702498213287838, 0.10837103022777697, 0.09211041880761062, 0.0783210459751182, 0.06691440132252763, 0.05768516727833974, 0.05036115126809051, 0.04464623161724696, 0.04025247866977375, 0.036920642312447946, 0.034430450097144426, 0.03260319531488328, 0.031299366126020765, 0.030413631519924496, 0.029868941281312674, 0.029610802761137808, 0.029602333464826613, 0.0298202728633666, 0.03025196886371494, 0.0308932001865389, 0.03174670283303904, 0.032821231319158393, 0.03413104375595359, 0.03569568884633401, 0.03754002738901221]
7.436596912533015	2.910487095403819	[0.03966490270080423, 0.04216434513250192, 0.04505199535268115, 0.04837635669291697, 0.052192395703386685, 0.05656142596498496, 0.06155060162149381, 0.06723182878533328, 0.07367988760848117, 0.08096951682909369, 0.08917122948506764, 0.09834564945553596, 0.10853627185399956, 0.11976070487258222, 0.13200072587101053, 0.14519180706736254, 0.1592131746181248, 0.173879829616259, 0.18893825412964768, 0.20406756822493016, 0.21888765109991778, 0.23297505930904855, 0.2458865477641279, 0.25718869223193574, 0.26649082303620597, 0.2734774580529987, 0.2779360146746804, 0.2797759212020704, 0.2790363863883616, 0.2758817781987188, 0.2705854840482358, 0.2635048231842584, 0.25505072858956773, 0.24565629447396564, 0.2357479197482182, 0.2257218374931469, 0.21592759321108107, 0.20665880873662626, 0.19815056568859693, 0.19058209107563398, 0.1840831325728959, 0.17874242875449628, 0.1746168887663866, 0.1717404174237655, 0.17013163879860588, 0.16980006063342784, 0.17075041629352775, 0.17298505817891313, 0.1765043209772077, 0.18130479720483839, 0.1873754427711476, 0.19469144744375003, 0.20320583369785333, 0.21283889229254738, 0.2234657851679795, 0.23490305087196683, 0.24689525677656646, 0.259103711358354, 0.2710997927910068, 0.2823660002429344, 0.2923079485671615, 0.30028003907734596, 0.30562609363178156, 0.3077338719894198, 0.3060991718108801, 0.300391833439573, 0.2905132033032215, 0.2766336478796132, 0.2592002524132967, 0.23890927825787744, 0.21664446184749925, 0.1933894457043478, 0.17012835198285375, 0.1477511497701392, 0.1269789863147627, 0.1083196953627048, 0.09205663953043848, 0.07826720508819132, 0.06686225612044146, 0.05763585596524766, 0.05031525875992965, 0.04460391409078809, 0.040213583488598326, 0.03688483332433202, 0.03439729436729855, 0.032572237995413554, 0.031270166000658135, 0.030385790377378007, 0.029842106160061135, 0.029584671613312033, 0.029576644484737083, 0.029794802626219426, 0.030226520097150638, 0.030867599639757465, 0.031720791442031236, 0.0327948638311377, 0.034104081890236816, 0.03566800288667313, 0.037511492153345004]
7.439447784215182	2.909587660241859	[0.03963543687847776, 0.04213380385084228, 0.04502028055719438, 0.04834338830138078, 0.05215811654243508, 0.05652581329556665, 0.061513677035293694, 0.06719367488675618, 0.07364066321050547, 0.08092947824956107, 0.08913074891899897, 0.09830523667496867, 0.10849658875458632, 0.11972257742189425, 0.1319651414684597, 0.14515990085345584, 0.15918619287774924, 0.17385907544874135, 0.18892500743023477, 0.20406299084142343, 0.21889267700641432, 0.23299028832417254, 0.24591214989255417, 0.2572243441874431, 0.26653568333565386, 0.2735301944956152, 0.27799487932624783, 0.27983887071227087, 0.2791012287703762, 0.27594633143121533, 0.27064772334159637, 0.2635630030133325, 0.25510346567718023, 0.2457026091168226, 0.23578723630108275, 0.22575395213579263, 0.2159526190028782, 0.2066771087033479, 0.19816268452926838, 0.1905886918397407, 0.18408494490223767, 0.17874020887389394, 0.17461139417941068, 0.17173239216772887, 0.17012181092684023, 0.16978914575723555, 0.17073912936846133, 0.1729741264925898, 0.1764945015648795, 0.18129689070506858, 0.1873703076046927, 0.19469000469553607, 0.20320906665795502, 0.2128478289233752, 0.22348146770673685, 0.23492647962686095, 0.24692731485754532, 0.25914505982012626, 0.27115075072412737, 0.2824264078274111, 0.2923770413959306, 0.30035634381141973, 0.3057073856188034, 0.3078172077017193, 0.3061810308442462, 0.3004683596442272, 0.2905805452818336, 0.2766883422936525, 0.25923960923042755, 0.2389316822644613, 0.21664955065383298, 0.19337810804648992, 0.17010256643271793, 0.14771367601248891, 0.12693299335864097, 0.10826837398549212, 0.09200288718002382, 0.07821339916649844, 0.06681015544767016, 0.05758659259740867, 0.050269419050117725, 0.04456164861362333, 0.04017474169756171, 0.03684907458784025, 0.03436418850326153, 0.03254132672698237, 0.031241011150879832, 0.03035799104359612, 0.029815312334984283, 0.029558579024432485, 0.029550993988839366, 0.029769368880604948, 0.030201108141978603, 0.030842034529110697, 0.03169491609663653, 0.03276853147301116, 0.03407715594423432, 0.0356403522338118, 0.03748299308388572]
7.442298655897349	2.9086884220555502	[0.0396060072223249, 0.04210329847553786, 0.044988602170725686, 0.048310455883476544, 0.05212387351568226, 0.05649023587966653, 0.06147678723407393, 0.06715555411097496, 0.07360147048875725, 0.08088946853073505, 0.089090294438336, 0.09826484569885093, 0.10845692313380308, 0.11968446161659045, 0.13192956293254884, 0.1451279934554117, 0.1591592033103212, 0.17383830605057207, 0.18891173907698303, 0.20405838530458267, 0.21889766984051895, 0.2330054798771986, 0.24593771208841328, 0.2572599545244636, 0.26658050212653944, 0.2735828901402869, 0.27805370515842637, 0.2799017835434723, 0.27916603723824956, 0.27601085329707176, 0.2707099339747058, 0.2636211565496292, 0.25515617880257746, 0.24574890189568477, 0.235826533015925, 0.22578604890974405, 0.2159776287909458, 0.20669539459100242, 0.1981747910030012, 0.1905952820369017, 0.184086748078513, 0.17873798132055654, 0.17460589282125788, 0.17172436108618455, 0.17011197742134443, 0.1697782254903967, 0.17072783640133082, 0.17296318821638784, 0.17648467402358786, 0.18128897475314315, 0.1873651606333626, 0.19468854819930767, 0.20321228293748392, 0.2128567466431457, 0.22349712823680407, 0.23494988434978828, 0.24695934616796505, 0.2591863802027289, 0.2712016785968584, 0.28248678496647994, 0.29244610248119474, 0.3004326169474795, 0.3057886446943706, 0.30790051030773846, 0.30626285461041175, 0.3005448495704865, 0.29064784814429445, 0.2767429968231403, 0.259278924598128, 0.23895404692464697, 0.21665460261409472, 0.1933667408376301, 0.1700767590978069, 0.147676192598808, 0.12688700180132526, 0.1082170676408043, 0.09194916020880857, 0.07815962975981924, 0.0667580977083107, 0.057537378679979746, 0.05022363054680395, 0.04451943660523746, 0.040135951765994465, 0.03681336740750493, 0.034331131083005374, 0.032510462681735054, 0.03121190029204998, 0.030330234552239557, 0.02978855866770682, 0.02953252589381949, 0.0295253809782388, 0.029743972403688757, 0.030175732122376044, 0.030816505526856726, 0.0316690760234417, 0.03274223483153785, 0.03405026522583036, 0.035612737408417035, 0.03745452955051947]
7.445149527579516	2.907789381488948	[0.03957661332157935, 0.04207282927418402, 0.04495695980869294, 0.048277559692676136, 0.05208966625818857, 0.056454693966417724, 0.06143993186910295, 0.06711746671088657, 0.0735623091092212, 0.0808494879363896, 0.08904986572502303, 0.09822447680663708, 0.10841727469233164, 0.119646357753105, 0.13189398998606836, 0.14509608518332215, 0.15913220566368314, 0.17381752173723347, 0.18889844884479498, 0.2040537519232036, 0.2189026294056147, 0.2330206342568876, 0.24596323418526453, 0.2572955234999904, 0.2666252792750601, 0.27363554520395583, 0.2781124920728109, 0.2799646598679254, 0.27923081173095465, 0.2760753439219995, 0.27077211592436384, 0.2636792838722889, 0.25520886797938, 0.24579517284428043, 0.23586580994137926, 0.22581812780523566, 0.21600262265706102, 0.20671366634860425, 0.19818688522333466, 0.19060186157717487, 0.18408854224651475, 0.17873574596755146, 0.17460038486858354, 0.17171632401670733, 0.17010213849245132, 0.16976729963588988, 0.17071653763905748, 0.17295224311887977, 0.17647483864053348, 0.18128104908263493, 0.18736000218859097, 0.1946870776522344, 0.20321548291568953, 0.21286564511046963, 0.2235127671878413, 0.23497326465807133, 0.24699135118917517, 0.25922767207917247, 0.27125257694238764, 0.28254713118577734, 0.29251513240779026, 0.30050885796071314, 0.3058698714956256, 0.3079837792288963, 0.3063446438015116, 0.30062130258234077, 0.29071511264301314, 0.27679761077104625, 0.2593181993356519, 0.2389763714772854, 0.21665961861762414, 0.1933553432495538, 0.17005093093041235, 0.14763869863114595, 0.12684101263615458, 0.10816577536255345, 0.09189545961805548, 0.0781058958471133, 0.06670608387691655, 0.057488213165638756, 0.05017789417001378, 0.04447727703129334, 0.04009721454087699, 0.03677771080074535, 0.034298122869826655, 0.03247964495719217, 0.031182834099349816, 0.030302520094794335, 0.02976184574632587, 0.02950651150776859, 0.029499805959823197, 0.029718612568518696, 0.030150392473571364, 0.030791012080122148, 0.03164327159768201, 0.032715973413902324, 0.03402341006260914, 0.03558515796442878, 0.03742610184521424]
7.448000399261683	2.9068905391835016	[0.039547255283760546, 0.04204239601556378, 0.04492535357016009, 0.04824469951197652, 0.05205549486638969, 0.05641918735139049, 0.061403111039777435, 0.06707941249503982, 0.07352317917981468, 0.08080953628987594, 0.08900946290009729, 0.09818412983933582, 0.10837764356723614, 0.11960826569306116, 0.13185842278214732, 0.14506417592139972, 0.1591052001033194, 0.1737967224157562, 0.1888851369041317, 0.20404909062570956, 0.21890755586749178, 0.23303575141099664, 0.24598871633462463, 0.2573310510797082, 0.2666700149109877, 0.27368815967010923, 0.27817124017293876, 0.28002749968768104, 0.2792955523238493, 0.27613980332734883, 0.2708342692373901, 0.2637373850220611, 0.2552615332263194, 0.24584142202217402, 0.23590506706895242, 0.22585018889970923, 0.21602760056660666, 0.2067319240706213, 0.19819896713079255, 0.19060843057168037, 0.18409032732328556, 0.17873350294303436, 0.17459487021638648, 0.17170828110573066, 0.1700922940145129, 0.16975636836044375, 0.17070523293655587, 0.17294129138961242, 0.1764649952520635, 0.18127311390851875, 0.18735483208856346, 0.19468559329689966, 0.20321866639247718, 0.21287452459679598, 0.22352838434089628, 0.2349966208520535, 0.24702332968253488, 0.2592689357775605, 0.2713034455015663, 0.28260744683934214, 0.29258413089532165, 0.30058506722929984, 0.305951065720005, 0.30806701486656174, 0.3064263980914287, 0.3006977191051363, 0.2907823384267589, 0.2768521845897639, 0.2593574330654811, 0.2389986564055921, 0.2166645982590559, 0.19334391579575447, 0.17002508149316845, 0.14760119464293206, 0.12679502538705428, 0.10811449768386239, 0.09184178488917356, 0.07805219793825208, 0.06665411339898446, 0.057439096524062795, 0.05013220934845625, 0.044435170313568736, 0.04005852945982744, 0.03674210514035931, 0.03426516333346347, 0.032448873878809875, 0.03115381208937419, 0.03027484795179856, 0.02973517313957113, 0.029480536105031513, 0.029474268552533666, 0.029693289576251596, 0.030125088858681797, 0.0307655543576933, 0.03161750251904638, 0.03268974736239496, 0.033996590183310554, 0.03555761402373342, 0.037397709719248357]
7.45085127094385	2.905991895778048	[0.03951793305401428, 0.04201199862454895, 0.04489378340364709, 0.04821187527052569, 0.05202135929415971, 0.05638371596992151, 0.061366324708201136, 0.06704139140768733, 0.0734840806744223, 0.08076961354768689, 0.0889690859530364, 0.09814380476889834, 0.1083380297667338, 0.11957018542595654, 0.13182286134908386, 0.1450322656765463, 0.15907818667622095, 0.1737759081075176, 0.18887180331649728, 0.20404440144277108, 0.21891244929634623, 0.23305083137363433, 0.24601415860979517, 0.2573665372964253, 0.2667147091068763, 0.27374073356752204, 0.2782299495287859, 0.28009030302640503, 0.2793602590837821, 0.27620423153133467, 0.2708963939773529, 0.26379546001144993, 0.2553141746035462, 0.24588764943589192, 0.23594430445531112, 0.22588223219363304, 0.21605256257294675, 0.2067501677517136, 0.1982110367759369, 0.1906149890099, 0.18409210335743126, 0.17873125223231587, 0.17458934891250522, 0.17170023233577034, 0.1700824440360846, 0.16974543164546912, 0.1706939223447573, 0.17293033301077074, 0.17645514391308068, 0.1812651692156153, 0.18734965039335633, 0.1946840951223505, 0.20322183343353217, 0.21288338509646348, 0.22354397976662854, 0.23501995293175965, 0.2470552817218947, 0.25931017130341566, 0.27135428434878495, 0.28266773193776645, 0.2926530980158227, 0.3006612447686894, 0.3060322274347697, 0.3081502172413957, 0.30650811754132185, 0.30077409916586917, 0.2908495255507566, 0.2769067183143827, 0.2593966258382526, 0.23902090175389576, 0.21666954158478513, 0.19333245852726993, 0.16999921082379665, 0.14756368068261502, 0.1267490400724108, 0.10806323463618751, 0.09178813600905789, 0.07799853603557763, 0.0666021862243362, 0.057390028725672476, 0.0500865759997815, 0.04439311639749198, 0.040019896420409984, 0.03670655035801326, 0.03423225236413821, 0.032418149374202294, 0.03112483415391573, 0.030247218052442328, 0.029708540745033922, 0.029454599618371012, 0.02944876866063654, 0.02966800336315942, 0.030099821187868803, 0.030740132298585642, 0.03159176870236011, 0.032663556618094086, 0.033969805506393294, 0.035530105529244106, 0.03736935309419956]
7.453702142626017	2.9050934519088067	[0.0394886466600752, 0.041981636947169415, 0.04486224933433448, 0.04817908682366795, 0.05198725956804662, 0.0563482796867385, 0.06132957290648656, 0.06700340332437138, 0.07344501363515993, 0.08072971959858155, 0.08892873494004021, 0.09810350150020337, 0.10829843336407766, 0.11953211687532521, 0.13178730577800502, 0.14500035439212666, 0.15905116548918596, 0.17375507877480192, 0.18885844819897396, 0.2040396843526341, 0.21891730981192847, 0.23306587413500454, 0.24603956112525074, 0.2574019821487471, 0.26675936196561906, 0.2737932669011939, 0.27828862022802275, 0.280153069895117, 0.27942493208199887, 0.27626862855151135, 0.27095849019933277, 0.26385350886506015, 0.2553667921507083, 0.24593385511709592, 0.23598352212532903, 0.22591425772523688, 0.21607750868666892, 0.20676839743608635, 0.19822309415561137, 0.19062153694180314, 0.18409387033290014, 0.17872899389165003, 0.17458382092922456, 0.17169217777068363, 0.17007258851928622, 0.16973448956438647, 0.1706826058171365, 0.172919368067629, 0.17644528456965947, 0.1812572151032893, 0.18734445704233127, 0.19468258324381518, 0.20322498397144126, 0.2128922267415723, 0.2235595533900471, 0.23504326104637513, 0.24708720722344707, 0.2593513788227367, 0.2714050933901924, 0.2827279866635298, 0.292722033664322, 0.3007373907775452, 0.30611335652243565, 0.308233386567795, 0.3065898020190658, 0.3008504429944049, 0.2909166738661103, 0.27696121219135383, 0.2594357774875371, 0.23904310778757748, 0.21667444841073855, 0.1933209717279326, 0.16997331871758956, 0.14752615704378397, 0.12670305645916657, 0.10801198650580394, 0.09173451270842106, 0.07794491039994841, 0.06655030204755365, 0.05734100999527648, 0.05004099379412774, 0.04435111547097629, 0.039981315087201014, 0.036671046609691595, 0.03419938963901143, 0.032387471573153845, 0.031095899994687953, 0.030219630504405504, 0.029681948293776524, 0.029428702135975673, 0.029423306043985277, 0.029642754000049648, 0.03007458924630728, 0.030714745958512694, 0.03156606995364174, 0.03263740122428611, 0.03394305585439759, 0.035502632514827444, 0.03734103180558266]
7.4565530143081835	2.9041952082094036	[0.03945939539545788, 0.041951311537511145, 0.04483075070087962, 0.04814633469602658, 0.05195319505819924, 0.0563128790129017, 0.06129285502688358, 0.06696544875592937, 0.07340597747117057, 0.0806898549635362, 0.08888840928605932, 0.09806322057066705, 0.10825885380239399, 0.1194940605958173, 0.13175175553505666, 0.1449684426340312, 0.15902413603756732, 0.17373423498184085, 0.18884507108291176, 0.204034939899903, 0.21892213698892304, 0.2330808802006236, 0.24606492350708567, 0.257437386085998, 0.2668039731730405, 0.27384576005185746, 0.27834725202325317, 0.2802158005985259, 0.2794895711419705, 0.27633299461315397, 0.27102055779819717, 0.26391153172835796, 0.2554193858318685, 0.2459800391334184, 0.23602272010880743, 0.22594626548789876, 0.216102438999877, 0.20678661304707413, 0.19823513942155851, 0.1906280742245708, 0.18409562845963193, 0.17872672771495948, 0.1745782865348336, 0.17168411714270718, 0.1700627277927594, 0.16972354178787594, 0.17067128374654728, 0.1729083961679881, 0.1764354176842963, 0.1812492511137522, 0.18733925257402978, 0.19468105713399103, 0.20322811862731735, 0.21290104893040881, 0.22357510592054677, 0.23506654451418313, 0.24711910698902637, 0.25939255756775037, 0.27145587352259903, 0.28278821015644356, 0.2927909388345471, 0.3008135042966897, 0.3061944540770649, 0.30831652178080754, 0.30667145272609103, 0.30092674941298503, 0.29098378469269387, 0.2770156649229739, 0.2594748894636375, 0.23906527308242695, 0.2166793203231002, 0.19330945384271012, 0.1699474068860393, 0.147488622042457, 0.12665707635186518, 0.1079607514948022, 0.09168091683405896, 0.07789131915482651, 0.06649846269901145, 0.0572920384338733, 0.04999546449028361, 0.04430916567969793, 0.03994278710286306, 0.036635592147942875, 0.034166576653772235, 0.032356838879135374, 0.031067010944246843, 0.030192083882848515, 0.02965539695324059, 0.029402842404551252, 0.02939788171483948, 0.02961754039037482, 0.03004939390927703, 0.030689394374956453, 0.0315404070337188, 0.032611280327199864, 0.03391634189731028, 0.03547519421110524, 0.03731274645514868]
7.45940388599035	2.903297165310826	[0.03943018010296107, 0.04192102145598156, 0.04479928829103365, 0.04811361799947805, 0.051919166520764684, 0.056277513094391884, 0.061256171813641055, 0.06692752687057431, 0.0733669729302847, 0.08065001882671376, 0.08884810975281104, 0.09802296117946752, 0.10821929186123475, 0.11945601580560929, 0.13171621141390125, 0.14493652964759443, 0.15899709911721782, 0.17371337601238246, 0.188831672747173, 0.2040301674197608, 0.21892693156538026, 0.23309584897043287, 0.2460902464279319, 0.25747274858514896, 0.26684854331510466, 0.2738982125837532, 0.27840584539905455, 0.2802784947957006, 0.2795541766397868, 0.2763973294744401, 0.27108259704080934, 0.26396952845915206, 0.2554719558077525, 0.2460262014392945, 0.2360618984649996, 0.22597825552746584, 0.21612735347529755, 0.20680481471644177, 0.1982471724446364, 0.19063460107179908, 0.18409737752053743, 0.17872445399598746, 0.17457274542694803, 0.1716760508268227, 0.17005286146967516, 0.16971258877597747, 0.17065995566042322, 0.17289741786314758, 0.1764255426951333, 0.18124127789752503, 0.1873340363316018, 0.19467951755142396, 0.20323123664182574, 0.2129098525381585, 0.22359063648763922, 0.23508980433463644, 0.2471509800280187, 0.2594337086687445, 0.27150662362685213, 0.28284840368400177, 0.2928598122710824, 0.30088958673827343, 0.306275518698584, 0.30839962444654195, 0.30675306810630504, 0.30100302015286495, 0.29105085630360533, 0.27707007841825204, 0.25951395985446946, 0.23908739973640547, 0.21668415521706294, 0.19329790715952597, 0.16992147303572697, 0.14745107813394892, 0.1266110972877653, 0.1079095321725185, 0.09162734579436073, 0.07783776490655049, 0.06644666552465607, 0.05724311660075422, 0.04994998545862696, 0.044267269460029735, 0.03990430995203443, 0.036600189227480026, 0.03413381108002152, 0.03232625332774217, 0.03103816490445798, 0.0301645799890762, 0.02962888486812891, 0.029377021996121466, 0.02937249404892016, 0.02959236389722788, 0.030024233756389452, 0.030664078731702467, 0.031514778691963986, 0.032585194964670564, 0.03388966251915289, 0.03544779154308197, 0.03728449602910403]
7.462254757672517	2.902399323841562	[0.0394010002396321, 0.04189076710025401, 0.04476786159547426, 0.048080937111666666, 0.051885173470242615, 0.056242182301231736, 0.0612195227984549, 0.06688963804157744, 0.07332799955808422, 0.08061021157344478, 0.08880783589962608, 0.09798272372996474, 0.1081797471160132, 0.1194179829278661, 0.1316806730097935, 0.14490461587194, 0.158970054347133, 0.17369250231151623, 0.1888182528377832, 0.2040253673485297, 0.21893169321746977, 0.23311078085595757, 0.24611552959822205, 0.2575080700194422, 0.2668930721419474, 0.2739506248228084, 0.2784644001504891, 0.28034115276006033, 0.2796187484182488, 0.2764616333535157, 0.27114460781740896, 0.26402749921948615, 0.2555245020138223, 0.24607234214190707, 0.23610105717201332, 0.22601022789917527, 0.216152252131534, 0.20682300245099697, 0.19825919328235375, 0.1906411174449915, 0.18409911761120412, 0.17872217265322254, 0.17456719773953824, 0.17166797869986938, 0.17004298972416018, 0.1697016303642799, 0.17064862177634296, 0.172886432946769, 0.17641565986778748, 0.18123329520443515, 0.187328808634147, 0.19467796419892094, 0.20323433839332275, 0.2129186372162315, 0.22360614553452057, 0.23511304010238968, 0.24718282685340004, 0.2594748316574157, 0.2715573442896868, 0.28290856670778286, 0.2929286546375188, 0.3009656374855496, 0.30635655113072036, 0.30848269386145166, 0.30683464898931123, 0.30107925441682726, 0.291117889624182, 0.27712445178230677, 0.2595529896923967, 0.23910948675453977, 0.2166889542364607, 0.1932863305802449, 0.16989551841062436, 0.14741352411542344, 0.12656512058149946, 0.10785832723906993, 0.09157380093267371, 0.0777842462828479, 0.06639491185166213, 0.057194243093879445, 0.04990455797033433, 0.04422542543266626, 0.039865884819167925, 0.036564836541208685, 0.034101093994891786, 0.03229571371974839, 0.031009362834576764, 0.030137117749196148, 0.029602412878748558, 0.02935123996314705, 0.029347143774632097, 0.029567223688935128, 0.029999109417037564, 0.030638798296258127, 0.03148918547487954, 0.03255914448468361, 0.03386301820064156, 0.03542042392120071, 0.037256280958974285]
7.465105629354684	2.9015016844274264	[0.03937185574960245, 0.04186054839787976, 0.04473647056155133, 0.04804829196454417, 0.051851215859133375, 0.05620688657164404, 0.06118290794175662, 0.06685178221614625, 0.07328905732640933, 0.08057043316313393, 0.08876758771334692, 0.09794250819680775, 0.10814021957152554, 0.11937996195443645, 0.13164514034678892, 0.14487270131608448, 0.15894300176954598, 0.173671613902972, 0.18880481141160754, 0.2040205397201053, 0.21893642201140426, 0.23312567589565064, 0.24614077308778623, 0.25754335042659926, 0.26693755972227157, 0.2740029968023021, 0.2785229163424132, 0.280403774518898, 0.27968328653778574, 0.2765259062718721, 0.27120659018466164, 0.26408544402578943, 0.2555770245036614, 0.24611846125294717, 0.23614019628046365, 0.22604218260976583, 0.2161771350160087, 0.20684117625228454, 0.19827120197895942, 0.19064762334073446, 0.184100848773307, 0.17871988367918212, 0.17456164351291337, 0.17165990075173335, 0.1700331125967847, 0.16969066654183215, 0.17063728213693893, 0.17287544140898686, 0.17640576924864124, 0.18122530302751572, 0.18732356953302776, 0.19467639707382042, 0.20323742393854002, 0.2129274029670033, 0.22362163312257127, 0.2351362518248353, 0.24721464752945588, 0.2595159265457332, 0.27160803557613555, 0.28296869924415785, 0.29299746599789744, 0.3010416565598347, 0.3064375514354701, 0.3085657300525763, 0.3069161954340756, 0.30115545223770374, 0.2911848847090679, 0.2771787850532369, 0.2595919790270504, 0.23913153417997568, 0.2166937174259477, 0.19327472415174282, 0.16986954304774893, 0.14737596003077233, 0.12651914625336794, 0.10780713672241188, 0.09152028224012332, 0.07773076328334265, 0.06634320163494392, 0.057145417881067424, 0.049859181947923346, 0.044183633540447735, 0.03982751160618109, 0.03652953401850039, 0.03406842529252764, 0.03226521998096125, 0.0309806046299778, 0.030109697091053787, 0.029575980885972204, 0.029325496237365287, 0.029321830799259575, 0.029542119700911904, 0.029974020804196214, 0.03061355300683694, 0.031463627299971805, 0.03253312882749302, 0.033836408862855244, 0.035393091287475566, 0.037228101168959984]
7.467956501036851	2.9006042476917338	[0.03934274656128562, 0.04183036529200602, 0.044705115121886414, 0.04801568250473758, 0.05181729362574381, 0.05617162585801204, 0.06114632718999193, 0.0668139593553719, 0.07325014619300095, 0.08053068356909476, 0.08872736516658987, 0.09790231456891833, 0.10810070921835811, 0.119341952892083, 0.13160961343492023, 0.1448407860045665, 0.158915941412785, 0.1736507108260418, 0.18879134851131965, 0.20401568458304825, 0.21894111799856755, 0.23314053414110397, 0.24616597695137135, 0.2575785898562428, 0.26698200611068384, 0.2740553285670749, 0.278581394027791, 0.28046636011116666, 0.2797477910492907, 0.2765901482621429, 0.2712685441911492, 0.2641433629040551, 0.25562952332329114, 0.24616455879158727, 0.23617931583371896, 0.22607411967170069, 0.21620200216961533, 0.20685933612646748, 0.19828319857331553, 0.19065411875956995, 0.18410257104441227, 0.1787175870697557, 0.174556082784432, 0.17165181697495904, 0.1700232301261524, 0.16967969729943094, 0.17062593678375898, 0.17286444324058525, 0.1763958708838825, 0.18121730135916644, 0.18731831908044264, 0.1946748161714064, 0.20324049333641675, 0.21293614978934208, 0.22363709931733447, 0.2351594395044796, 0.2472464421272951, 0.25955699333931814, 0.2716586975610957, 0.28302880130093416, 0.2930662464287083, 0.3011176439700216, 0.30651851968882854, 0.30864873302906937, 0.3069977075149842, 0.301231613625119, 0.29125184163180334, 0.277233078242794, 0.25963092793336695, 0.2391535420282045, 0.21669844486255557, 0.19326308789097058, 0.16984354702113508, 0.14733838588930578, 0.12647317436257585, 0.10775596061070793, 0.09146678974773922, 0.07767731586469795, 0.06629153487045093, 0.057096640886748054, 0.04981385735553009, 0.04414189368432376, 0.03978919025572777, 0.03649428154941855, 0.03403580490537079, 0.032234772001139375, 0.030951890220872753, 0.03008231791012051, 0.02954958882165996, 0.029299790721919475, 0.02929655505730794, 0.02951705184355624, 0.029948967854668298, 0.030588342779785702, 0.03143810410570242, 0.03250714791409686, 0.03380983444552064, 0.03536579356670688, 0.037199956600144385]
7.470807372719018	2.899707014255173	[0.03931367264468422, 0.041800217685958506, 0.04467379524800045, 0.04798310864122328, 0.05178340674563434, 0.056136400076224106, 0.061109780525912885, 0.06677616938444508, 0.07321126615166312, 0.08049096272883396, 0.08868716826806658, 0.09786214279922005, 0.10806121608323027, 0.11930395571135363, 0.13157409232012757, 0.14480886992579872, 0.1588888733404221, 0.17362979308467047, 0.18877786421364412, 0.20401080195232466, 0.21894578126256412, 0.23315535561303935, 0.24619114127327096, 0.25761378833052095, 0.2670264113876802, 0.2741076201382401, 0.2786398332810166, 0.28052890955610993, 0.2798122620203266, 0.2766543593416046, 0.271330469897547, 0.2642012558695339, 0.255681998526578, 0.24621063477085317, 0.23621841587896808, 0.22610603909558974, 0.21622685363314673, 0.20687748208176765, 0.19829518310035324, 0.19066060370772955, 0.18410428445444593, 0.1787152828300444, 0.17455051558020487, 0.1716437273748441, 0.17001334233602292, 0.1696687226442949, 0.17061458573979665, 0.17285343845265735, 0.17638596479720967, 0.18120929021630205, 0.1873130573018461, 0.19467322151606145, 0.20324354661447216, 0.21294487771617843, 0.22365254414773345, 0.23518260318318118, 0.24727821067561706, 0.25959803208875526, 0.27170933027075755, 0.28308887293699553, 0.29313499595118797, 0.30119359978302607, 0.30659945590491866, 0.30873170286602153, 0.307079185237535, 0.3013077386631445, 0.29131876038887455, 0.2772873314457179, 0.25966983639962965, 0.23917551040617058, 0.21670313652651824, 0.19325142191507405, 0.16981753029881647, 0.14730080180917604, 0.12642720485510678, 0.10770479900801316, 0.09141332336866245, 0.07762390410323226, 0.06623991143474171, 0.057047912154649466, 0.04976858404013173, 0.04410020588019624, 0.03975092059925173, 0.03645907913137332, 0.03400323266352381, 0.03220436976757893, 0.030923219445679932, 0.030054980188580847, 0.029523236536837773, 0.029274123395926766, 0.02927131641282534, 0.029492020093409975, 0.0299239504439567, 0.030563167589154627, 0.0314126157768644, 0.032481201716326666, 0.03378329484074254, 0.03533853072920379, 0.03717184715054609]
7.473658244401185	2.8988099847359736	[0.03928463411605461, 0.04177010534338772, 0.04464251104602441, 0.047950570153033105, 0.05174955532077407, 0.05610120901907891, 0.06107326805311696, 0.06673841211012042, 0.07317241731288271, 0.08045127046499652, 0.08864699713953551, 0.09782199272930567, 0.10802174030168694, 0.1192659702760748, 0.13153857715131184, 0.144776952968322, 0.15886179771055509, 0.17360886059305505, 0.1887643586781225, 0.2040058917672056, 0.21895041195438106, 0.23317014027450927, 0.24621626618586254, 0.2576489458353626, 0.2670707756589694, 0.27415987152472365, 0.2786982341760976, 0.2805914228866066, 0.2798766994909827, 0.27671853956812303, 0.2713923673096749, 0.26425912300545545, 0.2557344500856184, 0.24625668929883762, 0.23625749635546195, 0.2261379410133246, 0.216251689314068, 0.20689561427282185, 0.19830715543700608, 0.1906670783620752, 0.18410598885122342, 0.17871297115945475, 0.17454494172041246, 0.17163563217458314, 0.1700034490203551, 0.16965774282543317, 0.17060322877401865, 0.17284242732251046, 0.17637605073356905, 0.18120126990695243, 0.1873077839188649, 0.19467161344825396, 0.203246583471507, 0.2129535871207709, 0.22366796729019128, 0.23520574326556856, 0.2473099528291433, 0.25963904322697584, 0.27175993333933085, 0.2831489146096115, 0.2932037141807207, 0.3012695244767172, 0.3066803596818337, 0.30881464005944453, 0.3071606281829004, 0.3013838278656271, 0.2913856405433842, 0.277341545196045, 0.25970870396891366, 0.23919743987192282, 0.21670779193831763, 0.19323972680665377, 0.16979149237401445, 0.1472632083886469, 0.12638123719008948, 0.10765365250878836, 0.09135988252418949, 0.07757052856646278, 0.06618833071829751, 0.05699923220768099, 0.04972336138126433, 0.04405857059787996, 0.039712702031746955, 0.036423927179401024, 0.0339707080009235, 0.0321740136418965, 0.030894591791748745, 0.03002768423718821, 0.029496923576870924, 0.029248494522922677, 0.029246114466387654, 0.029467024671736102, 0.029898968220890946, 0.03053802761998355, 0.03138716200208404, 0.03245529038963896, 0.03375678976869912, 0.03531130290756581, 0.037143772564808795]
7.476509116083352	2.8979131597497223	[0.03925563069807611, 0.04174002840596605, 0.04461126225767754, 0.047918067173004626, 0.05171573910849784, 0.05606605281712876, 0.061036789543258446, 0.06670068766677718, 0.07313359946337555, 0.08041160692111088, 0.08860685158518325, 0.09778186451563817, 0.10798228169871726, 0.1192279967567768, 0.13150306777744694, 0.14474503531410915, 0.15883471439813238, 0.17358791353780723, 0.18875083180605506, 0.20400095420887893, 0.21895501000103196, 0.23318488829019646, 0.24624135164146435, 0.25768406250940057, 0.2671150989028699, 0.27421208283259274, 0.278756596718898, 0.2806539001725905, 0.27994110349602397, 0.2767826889739355, 0.2714542364915618, 0.2643169643060304, 0.25578687809307, 0.24630272233227282, 0.23629655738336225, 0.22616982534538804, 0.21627650935894485, 0.2069137325854877, 0.198319115755516, 0.19067354257556934, 0.18410768443258196, 0.17871065187969648, 0.17453936142923288, 0.1716275311660737, 0.16999355043129663, 0.16964675760611608, 0.17059186616888586, 0.17283140958567914, 0.1763661290084066, 0.18119324013951615, 0.1873024992823422, 0.19466999164961596, 0.2032496042952117, 0.21296227765825135, 0.2236833691691028, 0.23522885938062643, 0.24734166904694788, 0.2596800263574525, 0.2718105072569571, 0.2832089258977025, 0.29327240163426477, 0.3013454176064575, 0.3067612315598958, 0.3088975441416359, 0.30724203691369945, 0.3014598807414805, 0.29145248268265167, 0.277395718978308, 0.2597475312582518, 0.23921932988368322, 0.21671241174798428, 0.19322800199347914, 0.16976543392483986, 0.1472256050182847, 0.12633527205708797, 0.10760252046106199, 0.09130646789095229, 0.07751718856357095, 0.0661367933615536, 0.056950600333532025, 0.04967818996759474, 0.04401698713111955, 0.0396745350827625, 0.03638882502175354, 0.03393823138590677, 0.0321437030077731, 0.03086600766689258, 0.030000429505058095, 0.02947065029177449, 0.029222903617789318, 0.029220949514965854, 0.029442065153157743, 0.029874021435915856, 0.030512922497551304, 0.031361742992895826, 0.03242941360022243, 0.03373031940998472, 0.03528410979993249, 0.037115733000378695]
7.479359987765519	2.897016539909538	[0.03922666223810945, 0.04170998689651261, 0.044580048739269046, 0.04788559972367465, 0.05168195797356528, 0.05603093149659117, 0.061000344870313625, 0.06666299608864865, 0.07309481248829647, 0.08037197214378287, 0.08856673150406665, 0.09774175822093902, 0.10794284019005436, 0.11919003523443684, 0.1314675641327575, 0.1447131170618717, 0.15880762335579848, 0.17356695203161748, 0.18873728356623812, 0.20399598939748892, 0.2189595753836654, 0.23319959977998983, 0.24626639762965802, 0.2577191384654018, 0.2671593811146815, 0.2742642541628957, 0.27881492090937277, 0.2807163415012657, 0.2800054740401394, 0.276846807632012, 0.2715160774529836, 0.26437477983037955, 0.2558392825638351, 0.24634873391697082, 0.23633559898232537, 0.2262016921247855, 0.21630131379166248, 0.20693183704051887, 0.1983310640837099, 0.19067999635747565, 0.18410937123055268, 0.17870832498961176, 0.17453377474386222, 0.17161942433908242, 0.16998364661282803, 0.1696357669684964, 0.17058049797726457, 0.17282038521803814, 0.176356199685773, 0.18118520088452073, 0.1872972034696638, 0.19466835608558153, 0.203252609177978, 0.21297094928836843, 0.22369874989285227, 0.2352519514810184, 0.24737335945375719, 0.2597209814238416, 0.271861052164713, 0.2832689067338357, 0.2933410584692521, 0.3014212790916198, 0.30684207171302935, 0.30898041501654994, 0.3073234116207528, 0.30153589717714, 0.2915192870156094, 0.27744985266032396, 0.2597863184969565, 0.23924118029068572, 0.21671699620636414, 0.19321624730496556, 0.1697393552187558, 0.1471879915020809, 0.12628930972630953, 0.1075514026347927, 0.09125307972321814, 0.07746388382603589, 0.06608529958820585, 0.056902016231455715, 0.04963306998725144, 0.04397545516313052, 0.03963641990790133, 0.03635377234473375, 0.033905802947393114, 0.03211343756963642, 0.030837467178187358, 0.029973215722734085, 0.029444416769796387, 0.02919735043892106, 0.029195821629988232, 0.029417141321714566, 0.029849110145550684, 0.030487852027565758, 0.03133635879314856, 0.032403571171159676, 0.03370388379839772, 0.035256951242966066, 0.03708772848394435]
7.482210859447686	2.896120125825968	[0.03919772904998731, 0.04167998038870649, 0.04454887078246972, 0.04785316740348738, 0.051648212196224376, 0.05599584467471665, 0.06096393431267931, 0.06662533700873546, 0.0730560566723429, 0.08033236578149383, 0.08852663719331749, 0.09770167351120468, 0.10790341608829808, 0.11915208539605777, 0.1314320665439918, 0.14468119792349057, 0.1587805249179646, 0.1735459758146304, 0.18872371428950524, 0.20399099710417518, 0.2189641084155468, 0.2332142745486626, 0.2462914044323973, 0.25775417354495544, 0.26720362253414826, 0.274316385397646, 0.278873206938071, 0.2807787467981457, 0.2800698112611789, 0.2769108955128727, 0.27157789027806095, 0.2644325695936875, 0.2558916635289246, 0.2463947241111278, 0.236374621131991, 0.22623354145059552, 0.216326102542875, 0.20694992777598734, 0.19834300030580335, 0.1906864398837093, 0.18411104908521272, 0.17870599070287577, 0.17452818146202442, 0.1716113119462189, 0.16997373732144033, 0.16962477120654829, 0.17056912391478796, 0.17280935455838034, 0.17634626244005017, 0.18117715252957559, 0.18729189611285219, 0.19466670719644052, 0.20325559770776594, 0.2129796025070533, 0.2237141090032415, 0.23527502011975993, 0.24740502354298163, 0.25976190903602636, 0.27191156750548534, 0.283328857783502, 0.2934096840760396, 0.301497109652319, 0.30692287947684427, 0.3090632534598311, 0.3074047515819873, 0.30161187800778155, 0.291586052758748, 0.27750394714369087, 0.2598250648360485, 0.23926299206754112, 0.21672154439508756, 0.1932044637882281, 0.16971325526451364, 0.1471503689449461, 0.12624334913315938, 0.10750030016279262, 0.0911997168920987, 0.0774106154768508, 0.06603384822982876, 0.05685348097930527, 0.0495880002715369, 0.04393397569981192, 0.03959835538218292, 0.03631877006477442, 0.03387342164078579, 0.03208321814499848, 0.03080896938336883, 0.029946043606499634, 0.02941822217743848, 0.029171835605509646, 0.02917073008119953, 0.02939225370881763, 0.029824233710141618, 0.030462816666275483, 0.03131100883820862, 0.03237776349755245, 0.0336774824286705, 0.03522982758458601, 0.037059758555537906]
7.485061731129853	2.895223918107062	[0.03916883065524259, 0.04165000921958434, 0.04451772793999398, 0.047820770531011074, 0.051614501352019504, 0.0559607926625316, 0.06092755746345547, 0.06658771074000024, 0.07301733162395668, 0.08029278815673699, 0.0884865682773016, 0.09766161072335727, 0.10786400903654683, 0.11911414759400961, 0.13139657467707327, 0.14464927826279528, 0.15875341877767588, 0.17352498525279, 0.18871012369979936, 0.20398597768343396, 0.21896860885481356, 0.23322891292415363, 0.2463163718454414, 0.25778916803596535, 0.26724782299857097, 0.2743684767750232, 0.27893145468769714, 0.2808411162461598, 0.2801341150899303, 0.27697495274199585, 0.2716396749464231, 0.2644903336640559, 0.2559440210157987, 0.24644069292700932, 0.2364136239055872, 0.22626537328163016, 0.216350875729264, 0.20696800469989862, 0.19835492458004675, 0.19069287301396473, 0.18411271819546415, 0.17870364883293913, 0.17452258182369149, 0.17160319375614788, 0.16996382284004344, 0.16961377004485337, 0.17055774431046644, 0.17279831728703507, 0.17633631765039454, 0.1811690947096918, 0.18728657764550166, 0.19466504457000935, 0.20325857037641182, 0.21298823685248547, 0.22372944705300618, 0.2352980647827691, 0.24743666192945798, 0.2598028086252459, 0.2719620539561868, 0.28338877842111315, 0.29347827919313, 0.3015729086037563, 0.3070036556516658, 0.3091460587240348, 0.30748605766193987, 0.3016878224186575, 0.2916527808465086, 0.2775580015414173, 0.2598637712878332, 0.239284764250813, 0.21672605740911852, 0.19319265040000524, 0.16968713523283513, 0.14711273622226043, 0.1261973915002101, 0.10744921184422829, 0.09114638063453871, 0.07735738225812629, 0.06598244049679683, 0.05680499329821873, 0.049542981969128014, 0.04389254748791683, 0.03956034256714035, 0.03628381699884054, 0.03384108842459529, 0.0320530436528698, 0.030780515130685464, 0.029918912192279126, 0.0293920672533611, 0.029146358270168978, 0.029145675505114668, 0.029367401573263577, 0.029799392676353516, 0.030437815762855328, 0.03128569359978376, 0.03235199000166376, 0.033651115713101386, 0.03520273830377271, 0.03703182358297666]
7.4879126028120195	2.894327917358357	[0.03913996709428143, 0.04162007322665877, 0.0444866202486491, 0.047788408953433455, 0.0515808254782836, 0.05592577531677587, 0.06089121436493365, 0.06655011715000111, 0.07297863739493154, 0.08025323915031653, 0.08844652482144875, 0.09762156975441344, 0.10782461911671941, 0.11907622174409715, 0.13136108863089213, 0.14461735801555808, 0.15872630504810797, 0.17350398030102115, 0.18869651191879253, 0.20398093110675908, 0.21897307682390144, 0.23324351489119075, 0.2463412999841782, 0.257824121933563, 0.26729198261012327, 0.2744205282990475, 0.27898966424356003, 0.28090344985801685, 0.2801983855934932, 0.277038979341211, 0.27170143150699705, 0.2645480720726855, 0.25599635505569857, 0.24648664040488089, 0.23645260731716836, 0.22629718766653445, 0.21637563334825183, 0.2069860678687172, 0.1983668368880126, 0.19069929581247336, 0.18411437852811396, 0.17870129945244265, 0.17451697578222197, 0.17159506985125014, 0.169953903109966, 0.1696027635774298, 0.17054635909496565, 0.1727872735119124, 0.17632636523795248, 0.18116102754895394, 0.18728124797996887, 0.1946633683484445, 0.20326152708760645, 0.21299685248597303, 0.2237447639365752, 0.23532108565049953, 0.24746827449712286, 0.25984368039012945, 0.2720125113887626, 0.2834486688621499, 0.29354684367919437, 0.30164867617736973, 0.30708440008196497, 0.3092288310565426, 0.3075673296899612, 0.30176373067397705, 0.2917194710919502, 0.27761201613629655, 0.2599024376480054, 0.23930649714381305, 0.21673053502559486, 0.1931808074630258, 0.1696609948787579, 0.14707509366710092, 0.12615143655307257, 0.10739813800510581, 0.091093070639923, 0.07730418447016585, 0.06593107604386243, 0.056756553451501206, 0.04949801471336056, 0.04385117075213025, 0.03952238109464991, 0.03624891333711271, 0.03380880294777433, 0.032022914253940236, 0.030752104097974072, 0.02989182161502033, 0.02936595170862364, 0.029120918544792006, 0.029120657644884636, 0.0293425850063771, 0.0297745868153589, 0.03041284939086181, 0.03126041287200798, 0.03232625074247026, 0.03362478346392489, 0.0351756834483887, 0.03700392339256858]
7.4907634744941864	2.8934321241828735	[0.039111138773431336, 0.04159017189507951, 0.04445554808730273, 0.04775608218458975, 0.05154718493962041, 0.05589079217186069, 0.06085490537870817, 0.06651255578908093, 0.07293997435346584, 0.08021371832668721, 0.08840650720792426, 0.09758155018398453, 0.10778524672865321, 0.11903830744425244, 0.13132560882180838, 0.14458543680223176, 0.15869918415528264, 0.17348296060658785, 0.18868287936997707, 0.20397585705224805, 0.21897751272835164, 0.2332580801627996, 0.2463661892208124, 0.257859034990311, 0.2673361016952872, 0.2744725397666478, 0.2790478358783592, 0.2809657474789275, 0.28026262298671106, 0.2771029752059043, 0.2717631601156635, 0.2646057847647909, 0.2560486657464716, 0.24653256653785013, 0.23649157140879828, 0.22632898464374382, 0.21640037538901838, 0.2070041173637966, 0.19837873716894036, 0.19070570840187526, 0.184116029975017, 0.17869894272491102, 0.17451136318397878, 0.17158694043703096, 0.16994397793312535, 0.16959175205440324, 0.170534968025794, 0.17277622353173064, 0.1763164049147241, 0.1811529513995501, 0.1872759067804663, 0.19466167894258193, 0.20326446745438048, 0.2130054498818194, 0.22376005921151126, 0.23534408326465403, 0.24749986074325492, 0.2598845249426747, 0.27206293923519853, 0.28350852979113467, 0.2936153768957643, 0.30172441313263276, 0.3071651120531853, 0.3093115712956056, 0.3076485668690468, 0.30183960369715757, 0.29178612260910786, 0.27766599194579983, 0.2599410629361704, 0.23932819186597262, 0.21673497616581297, 0.19316893619789186, 0.16963483302328033, 0.14703744258408263, 0.1261054830155609, 0.10734707999934384, 0.09103978554999166, 0.0772510234713606, 0.06587975346362464, 0.05670816275789455, 0.04945309709615442, 0.0438098467354704, 0.03948446960873362, 0.03621406022115701, 0.033776563950188083, 0.031992830972896104, 0.030723735147406214, 0.029864772777018548, 0.02933987453591822, 0.029095517212828072, 0.02909567561765666, 0.029317804683485202, 0.02974981535397257, 0.030387918132773653, 0.03123516597277159, 0.03230054622683569, 0.03359848507116035, 0.03514866346694015, 0.03697605742919321]
7.493614346176353	2.8925365391811173	[0.03908234504359419, 0.04156030572767558, 0.04442451084830647, 0.047723790700921656, 0.051513579156873664, 0.05585584369248379, 0.06081862994602114, 0.06647502712205831, 0.07290134195645973, 0.08017422616091721, 0.08836651490774491, 0.09754155250371718, 0.10774589135946998, 0.11900040520393437, 0.13129013475746035, 0.14455351514519535, 0.1586720556331012, 0.17346192669351582, 0.18866922561975163, 0.2039707560293057, 0.21898191617347545, 0.23327260921554366, 0.2463910392062436, 0.25789390763337605, 0.26738017995729313, 0.27452451154332863, 0.2791059693535668, 0.28102800940551925, 0.28032682709314666, 0.27716694056095126, 0.27182486065916234, 0.26466347189373846, 0.25610095303664915, 0.24657847141000838, 0.2365305161879062, 0.2263607642313537, 0.21642510191457506, 0.20702215314080302, 0.1983906255386431, 0.19071211067866733, 0.18411767270323307, 0.17869657849021292, 0.1745057442473996, 0.1715788052982767, 0.16993404758133454, 0.16958073520579098, 0.17052357143191582, 0.17276516702066388, 0.17630643707202595, 0.1811448658772776, 0.18727055450670727, 0.19465997590591702, 0.20326739201101188, 0.21301402852614068, 0.22377533349225262, 0.2353670570381608, 0.2475314213670525, 0.25992534161655617, 0.2721133382831573, 0.2835683604564022, 0.2936838797224591, 0.30180011862615075, 0.30724579254128465, 0.3093942784987518, 0.3077297702780239, 0.30191544043820695, 0.2918527365890375, 0.27771992780402743, 0.2599796484661432, 0.23934984712899962, 0.21673938227197398, 0.19315703519089544, 0.16960865122827468, 0.14699978143667838, 0.1260595325394215, 0.10729603618129696, 0.09098652705820742, 0.07719789753899646, 0.06582847443560076, 0.056659819469656654, 0.04940823073131218, 0.04376857372834758, 0.03944660961620154, 0.036179256038559184, 0.03374437280324237, 0.03196279233646534, 0.030695409500036814, 0.029837764364012608, 0.02931383680398456, 0.029070153119080552, 0.029070730348893514, 0.029293059594697243, 0.029725079091129345, 0.030363021102839574, 0.031209953595301976, 0.03227487566962087, 0.033572221144200685, 0.03512167765227848, 0.03694822623938285]
7.49646521785852	2.8916411629511605	[0.03905358533880903, 0.04153047514691952, 0.04439350800281291, 0.047691534901309694, 0.051480007628015474, 0.05582093026700408, 0.06078238758397142, 0.0664375315384175, 0.07286273973649647, 0.08013476305193422, 0.08832654746911878, 0.09750157712717895, 0.10770655257564571, 0.11896251545219509, 0.1312546660270989, 0.1445215934842056, 0.1586449190989427, 0.17344087900159297, 0.1886555503190315, 0.20396562846248975, 0.2189862868490173, 0.23328710244177223, 0.24641584967449873, 0.25792874020760737, 0.267424217180096, 0.27457644391523023, 0.2791640645081621, 0.2810902358586849, 0.28039099781018884, 0.2772308755593564, 0.27188653309426697, 0.2647211335447563, 0.2561532169411772, 0.24662435504068908, 0.23656944172507327, 0.2263925263856577, 0.2164498130482721, 0.2070401750961434, 0.19840250217086508, 0.1907185024822913, 0.18411930693565642, 0.17869420653316048, 0.17450011924481962, 0.17157066416665145, 0.16992411237833305, 0.16956971271057936, 0.17051216969196906, 0.1727541036043822, 0.17629646214800565, 0.1811367705527636, 0.18726519166140804, 0.19465825875136775, 0.20327030132946228, 0.21302258787084033, 0.2237905874235142, 0.2353900063583999, 0.2475629570879073, 0.2599661297313609, 0.27216370932727985, 0.2836281601068659, 0.29375235302931674, 0.30187579183317303, 0.307326442492813, 0.30947695176348944, 0.3078109409435408, 0.3019912399112295, 0.29191931414550776, 0.2777738226352687, 0.2600181954479394, 0.23937146176180257, 0.2167437546557862, 0.19314510317191444, 0.1695824508996805, 0.1469621088559054, 0.12601358659827455, 0.1072450050924671, 0.0909332966631018, 0.07714480515088144, 0.06577724043474127, 0.05661152204534441, 0.04936341702647117, 0.04372735022528517, 0.039408802423801965, 0.03614449937171905, 0.033712230690629834, 0.03193279705162395, 0.03066712820562767, 0.02981079522447799, 0.029287839428430128, 0.02904482525286031, 0.02904582262882459, 0.029268348857423465, 0.02970037870675242, 0.03033815752753225, 0.031184776327563373, 0.03224923838549136, 0.03354599219815773, 0.0350947253874082, 0.036920430283641927]
7.499316089540687	2.8907459960885764	[0.03902486154390121, 0.04150067821476844, 0.0443625413092076, 0.047659312956488495, 0.05144647203392069, 0.05578605013470535, 0.06074617993566603, 0.06640006731690871, 0.07282416932841329, 0.08009532730086748, 0.08828660653658577, 0.09746162237281107, 0.10766723203617064, 0.11892463653178817, 0.13121920429380987, 0.14448967020469766, 0.15861777619413903, 0.17341981598683479, 0.18864185504833358, 0.20396047291281813, 0.21899062622773302, 0.2333015585444569, 0.24644062194308702, 0.2579635315928949, 0.2674682144851941, 0.2746283359679366, 0.2792221222386372, 0.2811524261493084, 0.28045513579372844, 0.2772947797465772, 0.27194817783252906, 0.2647787694975987, 0.25620545763203045, 0.24667021743657752, 0.2366083479623061, 0.2264242713292477, 0.21647450851352318, 0.20705818365702822, 0.1984143665811617, 0.19072488443574992, 0.18412093198821836, 0.17869182766794708, 0.17449448729691988, 0.17156251804814135, 0.1699141712492656, 0.16955868577257993, 0.17050076153040178, 0.17274303469551291, 0.1762864786567787, 0.1811286670621881, 0.18725981653525514, 0.19465652935525277, 0.20327319346198036, 0.2130311300484935, 0.22380581880402495, 0.2354129336277391, 0.24759446543750804, 0.260006891969276, 0.27221404962092777, 0.2836879317122528, 0.2938207937811666, 0.30195143601984803, 0.30740705857159556, 0.3095595946668571, 0.3078920752094457, 0.302067006027102, 0.29198585127548526, 0.27782768071403924, 0.2600566995022328, 0.2393930404296028, 0.21674808854239241, 0.19313314520188563, 0.16955622687416733, 0.14692443025777052, 0.1259676396893907, 0.10719399240384368, 0.09088008862520451, 0.07709175208064296, 0.06572604564038359, 0.05656327618199274, 0.04931865026758247, 0.04368618167198215, 0.03937104260778085, 0.03610979527185145, 0.03368013262237344, 0.03190284968116854, 0.03063888679046117, 0.029783869393907765, 0.029261878471935756, 0.029019537133014965, 0.029020949027037793, 0.029243675520918812, 0.029675711216442836, 0.03031333005451318, 0.03115963155588588, 0.03222363669610389, 0.03351979591292367, 0.03506780874194748, 0.03689266746393716]
7.502166961222854	2.8898510391864303	[0.03899617176485274, 0.041470916633725124, 0.044331608998885115, 0.047627126474264786, 0.051412970688441265, 0.055751204850441924, 0.06071000536505105, 0.0663626359921002, 0.07278562912475035, 0.08005592044471976, 0.08824669052100752, 0.09742168979125093, 0.10762792817143807, 0.11888677000472792, 0.13118374801982768, 0.14445774686300997, 0.15859062543478666, 0.17339873916864065, 0.18862813840693138, 0.20395529082088415, 0.21899493302553108, 0.23331597883943522, 0.24646535487855423, 0.25799828293789673, 0.26751217092040114, 0.2746801886500234, 0.2792801417975184, 0.2812145810051433, 0.2805192405146787, 0.27735865362049433, 0.27200979456689545, 0.2648363800206748, 0.25625767501985725, 0.24671605864352686, 0.23664723501888157, 0.22645599889574236, 0.21649918862762138, 0.20707617845575477, 0.19842621927533605, 0.19073125597927718, 0.18412254854882293, 0.1786894411488452, 0.17448884927174574, 0.17155436601305898, 0.16990422524545842, 0.16954765327563517, 0.1704893481899686, 0.17273195898449728, 0.1762764880448527, 0.18112055389188367, 0.18725443079348153, 0.19465478598652902, 0.20327607030808587, 0.21303965309653028, 0.22382102978158905, 0.23543583663882872, 0.24762594882285774, 0.2600476258670061, 0.2722643618380932, 0.2837476725438746, 0.29388920492564435, 0.30202704818187304, 0.3074876440082757, 0.3096422039141688, 0.3079731766058919, 0.3021427351791067, 0.2920523518343036, 0.2778814980951782, 0.26009516483940864, 0.23941457882532605, 0.21675238851586395, 0.1931211566036327, 0.16952998409434036, 0.1468867406175454, 0.125921697046687, 0.10714299281181902, 0.09082690834838682, 0.0770387328679306, 0.06567489546738065, 0.056515076427973376, 0.049273935711259084, 0.043645062805434336, 0.03933333511500041, 0.03607513882250682, 0.03364808312321146, 0.031872945763171026, 0.03061068929508156, 0.02975698291260213, 0.02923595747896743, 0.028994285295795636, 0.028996112620895877, 0.029219036572689157, 0.02965107928629592, 0.03028853605666554, 0.031134521603917942, 0.032198068286790095, 0.0334936343408213, 0.035040925643097055, 0.036864939628061]
7.505017832905021	2.888956292835338	[0.038967516441321, 0.04144118985882245, 0.04430071148085716, 0.04759497494104523, 0.05137950398376646, 0.0557163939231705, 0.06067386425943839, 0.06632523709023083, 0.07274711951779522, 0.08001654202518606, 0.08820679982679765, 0.09738177894093404, 0.10758864140129415, 0.1188489154498646, 0.13114829763862917, 0.14442582306343388, 0.15856346726026468, 0.1733776481821414, 0.18861440082690972, 0.20395008185795338, 0.2189992076507057, 0.2333303630394456, 0.24649004884893086, 0.25803299400246016, 0.2675560868000802, 0.27473200177401735, 0.27933812343665393, 0.2812767002958227, 0.28058331215787263, 0.2774224971100939, 0.27207138341398257, 0.2648939651021479, 0.2563098691540989, 0.2467618787069008, 0.23668610287948919, 0.22648770918491398, 0.2165238533135831, 0.20709415964381556, 0.19843806011784199, 0.1907376173142223, 0.18412415642605118, 0.1786870472265223, 0.17448320492395922, 0.1715462083624721, 0.16989427406865726, 0.1695366155739175, 0.17047792931942854, 0.17272087688266052, 0.17626648990682764, 0.18111243151517908, 0.18724903397434756, 0.19465302918542648, 0.20327893134676198, 0.21304815762619744, 0.22383621977260104, 0.2354587160766105, 0.2476574065945182, 0.2600883321842541, 0.27231464526060645, 0.28380738343619627, 0.2939575856731056, 0.302102629228645, 0.30756819793839796, 0.3097247804917335, 0.30805424418887706, 0.3022184284357329, 0.29211881479237517, 0.2779352759379486, 0.26013359033812883, 0.23943607820739082, 0.21675665335818714, 0.19310913873501323, 0.1695037212430351, 0.1468490413761449, 0.12587575725733124, 0.10709200780516381, 0.09077375434062812, 0.07698574900268576, 0.06562378837976711, 0.056466924227578486, 0.04922927182886319, 0.04360399498540061, 0.03929567847950609, 0.03604053127091081, 0.033616080835309224, 0.031843086415597945, 0.03058253449678563, 0.029730136763571842, 0.029210075369666914, 0.02896907059358031, 0.028971312466075327, 0.029194432746617288, 0.02962648209109736, 0.030263776166348566, 0.03110944574522662, 0.032172533707323134, 0.03346750683361857, 0.0350140765768393, 0.03683724618728891]
7.507868704587188	2.888061757623492	[0.03893889557648102, 0.041411497765459084, 0.04426984875744862, 0.04756285823941196, 0.05134607192458056, 0.05568161724322241, 0.06063775662963971, 0.06628787051108441, 0.07270864052862973, 0.07997719195412847, 0.08816693448930558, 0.09734188974871742, 0.10754937177842719, 0.11881107281132765, 0.1311128532212753, 0.14439389876799005, 0.15853630175811997, 0.17335654300558753, 0.1886006424074283, 0.20394484601485946, 0.21900345020725676, 0.2333447111435103, 0.24651470395626043, 0.25806766479017185, 0.2675999622191846, 0.27478377534607984, 0.2793960672410755, 0.28133878402956003, 0.2806473507974331, 0.27748631022576287, 0.2721329444369675, 0.2649515247546264, 0.25636204008723174, 0.246807677641269, 0.23672495158620968, 0.22651940221290132, 0.21654850260351055, 0.2071121272386917, 0.19844988913145029, 0.19074396845959887, 0.18412575563427813, 0.1786846459222613, 0.17447755426075987, 0.17153804512122753, 0.16988431772030643, 0.16952557269761206, 0.17046650491592863, 0.1727097884276051, 0.1762564842368196, 0.18110429997920907, 0.1872436260697374, 0.19465125901044664, 0.20328177656770732, 0.2130566437086105, 0.22385138876369134, 0.23548157202531794, 0.24768883873429268, 0.2601290110182656, 0.2723648998631602, 0.2838670644991611, 0.29402593598880844, 0.30217817928272, 0.30764872031573787, 0.3098073245351021, 0.30813527789905615, 0.3022940859465346, 0.2921852400763401, 0.27798901440778195, 0.2601719759111743, 0.23945753875898898, 0.216760882968001, 0.19309709179522122, 0.16947743820084077, 0.1468113327393416, 0.1258298201752055, 0.10704103758008707, 0.09072062642038607, 0.07693280065591042, 0.06557272415960212, 0.05641881971907799, 0.04918465837611523, 0.043562978319294815, 0.03925807244746898, 0.03600597270032466, 0.03358412551140219, 0.03181327170399991, 0.030554422165452406, 0.02970333099868135, 0.029184231935369807, 0.02894389306656044, 0.028946548375133725, 0.029169864072401817, 0.029601919461999564, 0.0302390504039548, 0.03108440382615185, 0.032147032970313606, 0.03344141324960503, 0.03498726154991699, 0.0368095870092881]
7.510719576269355	2.8871674341366127	[0.03891030926486187, 0.041381840141501036, 0.0442390209160619, 0.047530776169412016, 0.05131267459658523, 0.055646874621443146, 0.06060168256507401, 0.06625053607657348, 0.07267019225566318, 0.07993787006624038, 0.08812709462063752, 0.0973020220647457, 0.10751011943181128, 0.11877324195742557, 0.1310774149140819, 0.1443619738647849, 0.15850912908881945, 0.1733354235466476, 0.1885868633162467, 0.2039395832168835, 0.21900766086116072, 0.23335902309207945, 0.24653932035588502, 0.258102295255175, 0.26764379731585075, 0.27483550933405787, 0.27945397332795757, 0.281400832188644, 0.2807113565278559, 0.27755009296461797, 0.2721944777070597, 0.26500905898968863, 0.25641418786728326, 0.24685345547186613, 0.23676378116460622, 0.2265510780177893, 0.21657313650165297, 0.20713008129076732, 0.19846170630042592, 0.19075030947795607, 0.18412734613913792, 0.17868223731124286, 0.1744718972304729, 0.17152987637833506, 0.16987435613267543, 0.16951452475147363, 0.17045507489675582, 0.17269869374227678, 0.17624647093785212, 0.18109615942776486, 0.1872382069685947, 0.1946494756286808, 0.2032846058453027, 0.21306511153602103, 0.22386653661350067, 0.23550440470336415, 0.24772024508331666, 0.26016966261373214, 0.2724151254671935, 0.2839267160032219, 0.2940942556719946, 0.30225369863967927, 0.30772921091464245, 0.3098898363651103, 0.30821627748342884, 0.30236970805961894, 0.29225162740441873, 0.27804271388421303, 0.26021032124761634, 0.23947896089495052, 0.2167650770042295, 0.19308501623280214, 0.16945113459231, 0.14677361517771184, 0.12578388538363816, 0.10699008260857729, 0.09066752412637014, 0.07687988827906987, 0.06552170230820764, 0.056370763317979, 0.04914009483608392, 0.04352201318002433, 0.03922051650860977, 0.03597146344034769, 0.03355221666995045, 0.031783501916191545, 0.030526351862108343, 0.029676565866019678, 0.02915842678452145, 0.028918752925742235, 0.028921820002067267, 0.02914533072759619, 0.02957739109290495, 0.03021435891820663, 0.031059395573451793, 0.032121566200916336, 0.03341535334145413, 0.034960480669422436, 0.036781961866648706]
7.513570447951522	2.886273322957936	[0.03888175723343678, 0.04135221712917933, 0.04420822770070833, 0.047498728866080205, 0.051279311757311714, 0.05561216619229689, 0.06056564183524829, 0.06621323392689316, 0.07263177448068799, 0.07989857651306034, 0.08808728001661566, 0.09726217605604141, 0.10747088417383498, 0.11873542307228048, 0.13104198254841154, 0.14433004855317616, 0.1584819491041859, 0.17331429001426749, 0.18857306342590402, 0.20393429367387197, 0.21901183950499392, 0.23337329908584853, 0.24656389795948683, 0.25813688557965203, 0.2676875920203951, 0.2748872038946929, 0.2795118416466382, 0.2814628449006919, 0.2807753293185416, 0.2776138454242912, 0.2722559832146172, 0.2650665678756644, 0.2564663125055319, 0.24689921223878444, 0.23680259164581807, 0.22658273661245074, 0.21659775505756135, 0.20714802178679592, 0.1984735116916798, 0.19075664033126943, 0.18412892802472552, 0.17867982133216828, 0.17446623393522043, 0.17152170205067874, 0.16986438942768764, 0.1695034716317606, 0.17044363940616208, 0.17268759270305867, 0.1762364501795076, 0.1810880097175005, 0.18723277686889014, 0.1946476788764309, 0.20328741940850392, 0.2130735609228732, 0.22388166358363154, 0.2355272139010023, 0.24775162593643105, 0.2602102867339421, 0.27246532240078547, 0.2839863376821337, 0.29416254508432904, 0.302329187001754, 0.3078096701317523, 0.3099723156504981, 0.30829724337588565, 0.3024452944072688, 0.29231797725046654, 0.2780963739593487, 0.26024862686433875, 0.23950034416435045, 0.21676923602846387, 0.19307291155191755, 0.16942481101877047, 0.14673588814775693, 0.12573795350711173, 0.10693914229699421, 0.09061444808058754, 0.07682701123288242, 0.0654707234200255, 0.05632275435678932, 0.049095581758888146, 0.04348109889978631, 0.03918301116084788, 0.03593700285188289, 0.033520354754091784, 0.03175377646321289, 0.030498323975055596, 0.029649840837231198, 0.02913266025241906, 0.02889364970422201, 0.028897127633052733, 0.02912083230130209, 0.029552897226639098, 0.03018970134570124, 0.03103442119361729, 0.032096133073974895, 0.03338932728684223, 0.03493373363985766, 0.036754370915719446]
7.516421319633689	2.885379424668364	[0.03885323940851931, 0.04132262867915093, 0.04417746904154823, 0.04746671628343483, 0.051245983342045706, 0.05557749191543049, 0.06052963438270703, 0.06617596403034791, 0.0725933871564265, 0.07985931127507119, 0.08804749064346871, 0.09722235171872193, 0.10743166598716733, 0.11869761617006283, 0.13100655612482986, 0.1442981228656129, 0.15845476182162696, 0.1732931424564665, 0.18855924276681213, 0.2039289774441528, 0.2190159861765849, 0.23338753918732597, 0.24658843680696535, 0.2581714358253748, 0.2677313463713189, 0.274938859086325, 0.2795696722327687, 0.2815248222196165, 0.28083926920184377, 0.27767756765387513, 0.27231746098838, 0.2651240514565297, 0.2565184140268022, 0.24694494798077207, 0.23684138305067595, 0.2266143780306024, 0.2166223582882639, 0.20716594875590008, 0.19848530531884032, 0.1907629610446872, 0.18413050130193925, 0.17867739800710206, 0.1744605643841907, 0.1715135221584747, 0.1698544176142397, 0.169492413358368, 0.17043219845445315, 0.1726764853311443, 0.17622642197524718, 0.18107985087233383, 0.18722733578875367, 0.19464586878127585, 0.2032902172811306, 0.2130819919006325, 0.22389676970399489, 0.2355499996530515, 0.24778298132945578, 0.26025088341588787, 0.272515490705021, 0.2840459295733869, 0.2942308042711386, 0.302404644404896, 0.3078900980153995, 0.31005476242375885, 0.30837817562706166, 0.3025208450178691, 0.29238428966844004, 0.27814999465893747, 0.26028689282115663, 0.23952168859227682, 0.21677336010714532, 0.19306077777519998, 0.1693984675477627, 0.14669815166100983, 0.12569202460177575, 0.10688821663298902, 0.09056139831408802, 0.07677416947183911, 0.06541978749397112, 0.05627479275713553, 0.049051119114268814, 0.04344023537672931, 0.03914555635445631, 0.03590259082242968, 0.033488539705119794, 0.031724095232506015, 0.030470338443873903, 0.029623155805658025, 0.02910693228028849, 0.028868583303146886, 0.02887247121166543, 0.029096368702019204, 0.029528437808668997, 0.03016507760095056, 0.031009480633375587, 0.03207073350866291, 0.03336333503342931, 0.03490702038412376, 0.036726814105267826]
7.519272191315856	2.884485739846275	[0.03882475603557829, 0.04129307443459429, 0.044146745167117446, 0.04743473808458936, 0.051212689571513266, 0.055542851469169235, 0.06049366042875175, 0.06613872607820342, 0.07255503051218529, 0.07982007405653088, 0.08800772674441625, 0.09718254877192822, 0.10739246513233018, 0.11865982098768649, 0.1309711359207842, 0.14426619655962342, 0.15842756753049214, 0.17327198065337368, 0.18854540163080166, 0.20392363433153277, 0.21902010115819945, 0.23340174322490131, 0.24661293715910984, 0.258205945846892, 0.26777506059856254, 0.27499047479199273, 0.27962746527956783, 0.2815867640591807, 0.28090317633142553, 0.27774125959898294, 0.2723789111416841, 0.26518150970940724, 0.25657049250465286, 0.24699066270507494, 0.2368801554143945, 0.22664600230788284, 0.2166469461925887, 0.20718386226062827, 0.1984970871464657, 0.19076927170684332, 0.18413206590301007, 0.17867496745085584, 0.1744548884788835, 0.1715053368438837, 0.1698444405642106, 0.16948135010307286, 0.17042075188439124, 0.1726653718311255, 0.17621638613849416, 0.18107168313345148, 0.18722188351121646, 0.19464404562486565, 0.20329299921389252, 0.2130904047948135, 0.22391185469021532, 0.23557276233137714, 0.24781431093949902, 0.26029145307923474, 0.27256563001465506, 0.28410549214523895, 0.29429903282081715, 0.30248007136696914, 0.3079704941035287, 0.31013717725469864, 0.30845907372032666, 0.3025963605176782, 0.29245056408326714, 0.2782035766721248, 0.26032511848142, 0.23954299493631015, 0.21677744853937264, 0.1930486157272376, 0.16937210341115114, 0.1466604065946575, 0.125646097830792, 0.10683730651875575, 0.09050837392747892, 0.0767213638897871, 0.06536889358826618, 0.05622687937487763, 0.04900670595181046, 0.04339942340764103, 0.039108151168996824, 0.03586822807676389, 0.03345677066507311, 0.031694458870092486, 0.03044239449274667, 0.02959651133699065, 0.02908124218060038, 0.028843554211072712, 0.028847850134463438, 0.029071940348391754, 0.02950401230934149, 0.030140488042616997, 0.030984573424065787, 0.03204536781483345, 0.033337376160686924, 0.03488034117453004, 0.03669929105137013]
7.5221230629980225	2.883592269067696	[0.03879630627028717, 0.04126355508920407, 0.0441160552878228, 0.04740279492565786, 0.0511794296932499, 0.05550824549123365, 0.06045771924534544, 0.06610152070559498, 0.07251670383667692, 0.07978086550178654, 0.08796798762217888, 0.09714276787605423, 0.10735328092786649, 0.11862203820211693, 0.13093572127635084, 0.1442342703218418, 0.15840036560100662, 0.17325080528691533, 0.18853153942867087, 0.20391826499305782, 0.21902418391247414, 0.2334159118081239, 0.2466373985416673, 0.25824041618526283, 0.2678187343013732, 0.2750420514682034, 0.27968522046822325, 0.2816486707816956, 0.2809670504758465, 0.2778049215240606, 0.27244033353228064, 0.26523894280156923, 0.25662254788446726, 0.2470363564850188, 0.23691890876611532, 0.22667760942802465, 0.21667151887874564, 0.2072017621996612, 0.19850885735775886, 0.1907755721354241, 0.18413362208374293, 0.17867252940317085, 0.17444920654756538, 0.17149714577029684, 0.16983445868062613, 0.16947028145274792, 0.17040930017835798, 0.17265425171127965, 0.17620634323743123, 0.1810635059266012, 0.18721642069780375, 0.1946422087448768, 0.20329576596932003, 0.213098798848345, 0.2239269194126495, 0.23559550107700258, 0.24784561575018352, 0.2603319947561724, 0.2726157414309024, 0.2841650243146748, 0.29436723195649284, 0.30255546668330763, 0.30805085974696433, 0.31021955880888824, 0.30853993914264966, 0.3026718394315627, 0.2925168021296208, 0.2782571183705923, 0.2603633056403773, 0.23956426140481707, 0.21678150328855855, 0.19303642344967337, 0.169345720731365, 0.14662265083088125, 0.12560017544003624, 0.10678640970098367, 0.09045537722929071, 0.07666859214549528, 0.06531804400032562, 0.056179011852055656, 0.04896234448588206, 0.043358660700599745, 0.0390707976760892, 0.03583391246432585, 0.033425049520723546, 0.031664865419140986, 0.030414493801282593, 0.029569905691789404, 0.029055591422738575, 0.028818560904118946, 0.028823265673498175, 0.02904754591253766, 0.029479621827060105, 0.03011593150978812, 0.030959700519529575, 0.032020034966579666, 0.03331145150809088, 0.03485369508950631, 0.036671802507746244]
7.524973934680189	2.8826990129061927	[0.038767891260957456, 0.04123406941697439, 0.044085400475076884, 0.047370885648856415, 0.05114620473304697, 0.05547367286747657, 0.0604218118385601, 0.06606434682461705, 0.07247840813608672, 0.07974168453942658, 0.08792827429588623, 0.09710300797387826, 0.10731411441031868, 0.11858426677515324, 0.13090031323998572, 0.14420234314423758, 0.15837315707741517, 0.1732296153953256, 0.18851765717500849, 0.20391286853256096, 0.2190282353932558, 0.23343004412711157, 0.24666182181630766, 0.2582748461368113, 0.2678623682226023, 0.2750935885343625, 0.2797429384041748, 0.2817105419414388, 0.28103089209330584, 0.27786855312384645, 0.27250172846878634, 0.265296350567881, 0.25667458032822, 0.24708202929090617, 0.2369576431271655, 0.22670919948991203, 0.21669607623457227, 0.20721964879357294, 0.19852061571389834, 0.19078186266744798, 0.18413516948400602, 0.17867008431501746, 0.17444351811185804, 0.17148894950352228, 0.16982447136713752, 0.16945920809243986, 0.17039784261931082, 0.17264312578350774, 0.17619629242870008, 0.1810553202006034, 0.18721094637075109, 0.19464035923838255, 0.20329851642544108, 0.21310717531772988, 0.2239419625945891, 0.23561821731561652, 0.24787689431977805, 0.2603725100493605, 0.2726658233374893, 0.28422452786786384, 0.2944353998781162, 0.30263083233092486, 0.30813119295123564, 0.3103019092649362, 0.30862076969102065, 0.3027472841556984, 0.29258300137807464, 0.27831062238823556, 0.2604014516240817, 0.23958549088710526, 0.21678552142473564, 0.19302420408890578, 0.16931931632585626, 0.1465848877431786, 0.12555425402220285, 0.10673552971113583, 0.09040240464872695, 0.07661585782760673, 0.06526723509282681, 0.056131193720468986, 0.04891803113333205, 0.043317950622987995, 0.03903349246688039, 0.03579964710196742, 0.033393373132107565, 0.03163531769031987, 0.030386633553013003, 0.02954334135210817, 0.029029977527449614, 0.028793605543173475, 0.02879871566819714, 0.02902318726373785, 0.02945526448126392, 0.030091409622534707, 0.030934860271515326, 0.03199473638187263, 0.0332855596109975, 0.0348270833911127, 0.03664434714845527]
7.527824806362356	2.8818059719329905	[0.03873950998706177, 0.04120461828184798, 0.04405477977509065, 0.04733901107071003, 0.05111301378188216, 0.05543913439006036, 0.060385937327884845, 0.0660272052219112, 0.07244014254831806, 0.07970253196427515, 0.08788858591785864, 0.09706326987611978, 0.10727496474817166, 0.1185465075336484, 0.13086491100317835, 0.1441704158612623, 0.15834594118497192, 0.17320841180328653, 0.18850375414215267, 0.2039074457408099, 0.21903225493470435, 0.2334441409119895, 0.24668620639421618, 0.2583092363466646, 0.267905961864809, 0.2751450865322297, 0.2798006186928964, 0.2817723779655545, 0.2810947008990793, 0.2779321547059985, 0.27256309577795906, 0.26535373319661193, 0.25672658977167834, 0.2471276811951872, 0.23699635853750028, 0.22674077245566082, 0.21672061839875947, 0.2072375219000448, 0.19853236244756967, 0.19078814306127873, 0.18413670842749275, 0.17866763184901968, 0.174437823585969, 0.1714807476120177, 0.16981447913081668, 0.16944812949577234, 0.17038637981231644, 0.17263199342361166, 0.1761862344227834, 0.1810471252282855, 0.18720546135480962, 0.19463849626834281, 0.20330125153043013, 0.21311553324811494, 0.223956985315956, 0.2356409099663828, 0.24790814786668505, 0.2604129977442482, 0.27271587709645057, 0.28428400144920923, 0.294503538095947, 0.302706166805202, 0.30821149538082565, 0.3103842269590863, 0.3087015671939834, 0.3028226928544293, 0.29264916383624007, 0.27836408670368396, 0.2604395586364217, 0.2396066811645771, 0.21678950535786162, 0.1930119552244032, 0.1692928927992638, 0.14654711471779697, 0.12550833633430802, 0.10668466377357876, 0.09034945902377126, 0.07656315805986168, 0.0652164696967462, 0.05608342209168956, 0.04887376862964269, 0.04327729037419127, 0.03899623810558633, 0.03576542936644728, 0.0333617438376163, 0.03160581329955415, 0.030358815831150823, 0.029516816200690264, 0.029004402318178676, 0.02876868627506383, 0.028774201697989558, 0.02899886278889125, 0.029430941636700358, 0.030066920972349427, 0.03091005386611194, 0.03196947081770415, 0.03325970151414142, 0.03480050496424634, 0.03661692591208901]
7.530675678044523	2.8809131467168676	[0.03871116270646932, 0.04117520131652443, 0.04402419342749249, 0.04730717084490635, 0.05107985707053217, 0.055404629728673715, 0.06035009594385275, 0.06599009558062095, 0.07240190731110728, 0.0796634074728803, 0.08784892273888649, 0.09702355329463645, 0.10723583220853482, 0.1185087602078309, 0.13082951484882918, 0.1441384882247144, 0.15831871821717705, 0.17318719428665258, 0.18848983062455868, 0.2039019964193165, 0.21903624281984221, 0.2334582019912501, 0.24671055253459265, 0.25834358667213414, 0.26794951545348233, 0.2751965453504286, 0.279858261519892, 0.28183417877638794, 0.28115847703567803, 0.277995726227929, 0.27262443555859306, 0.26541109068011165, 0.2567785762706099, 0.24717331222385647, 0.23703505501140626, 0.22677232838312666, 0.216745145346106, 0.20725538160715457, 0.19854409749617494, 0.19079441343422124, 0.1841382388161482, 0.17866517215169836, 0.17443212283798457, 0.17147254027267594, 0.1698044818070087, 0.16943704587230984, 0.1703749115604752, 0.1726208548770549, 0.17617616899029767, 0.18103892129475083, 0.1871999653870718, 0.19463662016320532, 0.20330397098604278, 0.2131238730143776, 0.22397198724072656, 0.23566357945264352, 0.24793937601429172, 0.2604534583135545, 0.2727659022876773, 0.2843434455810268, 0.29457164614342807, 0.3027814706784286, 0.3082917665194699, 0.3104665125151867, 0.3087823310817394, 0.30289806620695126, 0.2927152888767163, 0.2784175120576057, 0.2604776259888596, 0.2396278330452727, 0.21679345433528777, 0.1929996777309529, 0.1692664493318366, 0.14650933268237923, 0.12546242148828535, 0.1066338128410694, 0.09029653940472425, 0.07651049378599475, 0.06516574682177252, 0.05603569786962954, 0.04882955597871377, 0.04323668079599328, 0.03895903362997724, 0.03573126002347257, 0.033330160742134594, 0.03157635292911053, 0.030331039827663154, 0.029490330834610723, 0.028978865079986347, 0.028743803615095074, 0.02874972313638359, 0.028974572929260988, 0.029406652744408797, 0.030042465937027116, 0.030885280818426786, 0.03194423860023836, 0.0332338767832049, 0.034773960095315685, 0.03658953840282103]
7.53352654972669	2.8800205378242087	[0.03868284949084828, 0.04114581833289303, 0.04399364149884911, 0.04727536479357772, 0.05104673466531308, 0.05537015871471795, 0.06031428775753019, 0.06595301774199214, 0.07236370250536023, 0.07962431091815655, 0.08780928485427937, 0.0969838580965638, 0.10719671690433381, 0.11847102468144075, 0.13079412490818443, 0.1441065601361099, 0.15829148832089424, 0.1731659627640007, 0.1884758867786215, 0.2038965205013351, 0.21904019920644685, 0.2334722273099241, 0.2467348603885616, 0.2583778970679614, 0.267993029127038, 0.27524796495275755, 0.27991586700740184, 0.28189594434705234, 0.2812222206077182, 0.2780592676723203, 0.2726857478973436, 0.26546842301036, 0.2568305398939359, 0.2472189223774916, 0.23707373260067377, 0.22680386728071822, 0.21676965711216792, 0.2072732279306371, 0.1985558208801549, 0.19080067380930968, 0.1841397606565369, 0.17866270525397135, 0.17442641586189522, 0.17146432752556076, 0.16979447937840955, 0.1694259572731703, 0.1703634378363108, 0.17260971020841517, 0.1761660960943593, 0.18103070848068992, 0.1871944584214053, 0.19463473102233209, 0.20330667473620165, 0.21313219473665945, 0.2239869683011734, 0.23568622591673535, 0.2479705786805604, 0.26049389192257516, 0.2728158988115236, 0.28440286045203755, 0.29463972389984316, 0.30285674416346114, 0.30837200622214145, 0.31054876617172, 0.308863061182222, 0.30297340448003507, 0.29278137629861967, 0.27847089874869513, 0.26051565345115013, 0.23964894686248225, 0.21679736809684955, 0.1929873719739728, 0.16923998563009296, 0.14647154202298415, 0.12541650915084607, 0.10658297730067286, 0.09024364541437088, 0.07645786537354209, 0.06511506605232839, 0.055988021388702645, 0.04878539274370961, 0.04319612218510715, 0.0389218786049176, 0.03569713933309752, 0.03329862343274824, 0.031546936804942784, 0.03030330516473911, 0.02946388544803285, 0.028953365474799733, 0.028718957727897496, 0.028725279683595548, 0.028950317822768225, 0.029382397538089553, 0.030018044631380518, 0.03086054088962152, 0.03191903982537133, 0.03320808520090881, 0.034747448865795304, 0.036562184419876284]
7.536377421408857	2.8791281458190996	[0.03865456976494092, 0.04111646976741819, 0.04396312344977976, 0.04724359333083361, 0.05101364605164072, 0.05533572175327377, 0.06027851227155252, 0.06591597211343762, 0.07232552764677609, 0.07958524271882733, 0.08776967179193958, 0.09694418471763659, 0.10715761837760765, 0.11843330140845756, 0.1307587407414334, 0.14407463206344018, 0.1582642510797096, 0.17314471770747064, 0.18846192221704958, 0.20389101844880703, 0.21904412374202167, 0.23348621730330232, 0.2467591296437161, 0.2584121679272299, 0.2680365026179341, 0.2752993456781562, 0.2799734349369059, 0.281957674955537, 0.2812859314488912, 0.27812277925424816, 0.2727470326816523, 0.2655257303407285, 0.25688248058219726, 0.24726451175029088, 0.2371123912964028, 0.22683538918625326, 0.2167941537352938, 0.20729106085467197, 0.1985675326822927, 0.19080692411966943, 0.1841412740744566, 0.1786602310400994, 0.17442070282684996, 0.17145610920751403, 0.1697844720596479, 0.16941486348815807, 0.1703519589036748, 0.17259855915954947, 0.17615601605306436, 0.18102248647768424, 0.1871889408359388, 0.19463282848326754, 0.20330936322496526, 0.21314049799339677, 0.2240019290126614, 0.23570884887195787, 0.24800175645673733, 0.26053429801308414, 0.2728658673392512, 0.2844622454263496, 0.29470777212102967, 0.3029319865408344, 0.30845221533495704, 0.31063098711886905, 0.30894375843867256, 0.30304870676475193, 0.2928474271499319, 0.2785242457593857, 0.26055364218361726, 0.2396700214834469, 0.21680124791921235, 0.1929750367045131, 0.16921350307934882, 0.14643374137920023, 0.12537060078869078, 0.10653215569368642, 0.09019077855534516, 0.0764052712937546, 0.06506442887475589, 0.055940391096611856, 0.04874128034777626, 0.043155613023093474, 0.03888477435461272, 0.035663065864506724, 0.033267133111076076, 0.03151756362164964, 0.03027561290954188, 0.02943747887826688, 0.02892790443457757, 0.028694147592766388, 0.028700872145049648, 0.028926096577690703, 0.029358176711886952, 0.029993656273286227, 0.030835834681239353, 0.03189387379933548, 0.03318232729568407, 0.03472097065003128, 0.03653486443720654]
7.539228293091024	2.8782359712631576	[0.03862632420034293, 0.04108715485439386, 0.043932639907537, 0.04721185573255029, 0.05098059183199931, 0.055301318147651365, 0.06024277008020597, 0.06587895801631483, 0.07228738333477996, 0.07954620220969542, 0.08773008416577778, 0.09690453250607692, 0.1071185372608618, 0.11839558975443515, 0.13072336299701395, 0.144042703396297, 0.15823700714757089, 0.17312345853893446, 0.18844793758181413, 0.20388548972495546, 0.21904801703508475, 0.23350017148591604, 0.24678336085427655, 0.25844639882656234, 0.2680799364097129, 0.275350687175553, 0.2800309657105642, 0.28201937033023855, 0.2813496098740256, 0.27818626078407527, 0.2728082901367069, 0.26558301256197525, 0.2569343984718084, 0.24731008030976942, 0.2371510311497215, 0.22686689414001468, 0.21681863518621003, 0.20730888048883417, 0.19857923279773707, 0.19081316454168434, 0.1841427788932057, 0.17865774975229687, 0.17441498348647802, 0.17144788562759697, 0.16977445953515963, 0.16940376489642126, 0.1703404743765335, 0.17258740218502158, 0.1761459284068756, 0.1810142558226443, 0.18718341209296205, 0.1946309131730481, 0.20331203583045274, 0.21314878350949557, 0.22401686866227338, 0.23573144914796332, 0.24803290853155832, 0.2605746775249629, 0.27291580695358175, 0.2845216015582802, 0.2947757897753184, 0.30300719898341316, 0.3085323927024232, 0.3107131766545444, 0.30902442156176685, 0.30312397449548906, 0.29291343999816394, 0.2785775546761646, 0.2605915906027551, 0.2396910586593988, 0.21680509206186585, 0.19296267383661078, 0.16918699978087715, 0.14639593280234459, 0.12532469435636925, 0.10648135015915784, 0.09013793666916169, 0.07635271370810502, 0.06501383307665243, 0.05589280910824971, 0.0486972166011325, 0.04311515531626383, 0.038847718789245166, 0.035629041467564536, 0.03323568784850029, 0.031488235042680765, 0.03024796133007365, 0.02941111259113428, 0.028902480433029173, 0.02866937448345797, 0.028676499188733547, 0.02890191029381326, 0.02933398910408186, 0.029969301814030028, 0.030811161172426074, 0.03186874135315876, 0.03315660215770242, 0.0346945261865687, 0.0365075776287106]
7.542079164773191	2.8773440147156966	[0.038598112228028815, 0.04105787402445022, 0.04390219033935755, 0.04718015240655806, 0.050947571498950336, 0.055266948296050715, 0.06020706069390931, 0.06584197585034807, 0.07224926909360699, 0.07950718980069396, 0.08769052151311267, 0.09686490188743145, 0.1070794731065826, 0.11835789016153835, 0.13068799124683877, 0.14401077458914358, 0.15820975612142466, 0.17310218571534666, 0.1884339325010152, 0.2038799347749449, 0.21905187875080956, 0.23351409027457978, 0.24680755372776167, 0.2584805901385288, 0.268123330256798, 0.2754019897609289, 0.28008845913370434, 0.28208103072351426, 0.2814132557426621, 0.27824971244863084, 0.2728695201781594, 0.26564026979683103, 0.2569862935342629, 0.24735562811723902, 0.237189652185599, 0.22689838214463803, 0.21684310153997396, 0.20732668677963742, 0.19859092134864664, 0.19081939496815228, 0.1841442752804883, 0.1786552612317643, 0.17440925805432925, 0.17143965657689533, 0.1697644420664963, 0.16939266123941646, 0.1703289845681814, 0.1725762389758969, 0.1761358335257271, 0.1810060161541308, 0.18717787262448696, 0.19462898467430317, 0.20331469305200073, 0.21315705080714092, 0.22403178782108848, 0.23575402620138278, 0.24806403555126516, 0.26061502984432555, 0.27296571837888356, 0.28458092815917824, 0.2948437776686675, 0.3030823807238225, 0.3086125392166023, 0.31079533392721176, 0.30910505153504314, 0.3031992067281281, 0.29297941592452426, 0.2786308244523682, 0.2606294998945887, 0.2397120572339382, 0.21680890182067092, 0.1929502821027384, 0.1691604771343335, 0.14635811491832484, 0.12527879133130435, 0.10643055922916773, 0.09008512126614358, 0.07630019108232311, 0.06496328014925923, 0.05584527386869174, 0.04865320292927521, 0.043074747545837774, 0.03881071323320491, 0.03559506471296308, 0.03320428884512252, 0.03145894976560403, 0.030220351490721158, 0.029384785427993, 0.028877094398443836, 0.028644637384045147, 0.02865216161578867, 0.0288777580846514, 0.029309835404118557, 0.029944980477015406, 0.03078652095972564, 0.03184364179881304, 0.03313091031014494, 0.03466811485570805, 0.03648032446282911]
7.544930036455358	2.876452276733639	[0.038569933773152196, 0.04102862723205911, 0.04387177467459812, 0.04714848331002809, 0.05091458498717513, 0.05523261216058491, 0.06017138405479307, 0.06580502558563413, 0.0722111848758506, 0.07946820547351842, 0.08765098380032442, 0.09682529285846543, 0.1070404258979126, 0.11832020264391058, 0.1306526254922324, 0.14397884567346875, 0.15818249801961765, 0.17308089928250409, 0.18841990700614816, 0.20387435365341164, 0.2190557089284671, 0.23352797372670436, 0.24683170830637224, 0.25851474191866497, 0.26816668420144, 0.2754532534854935, 0.2801459152475894, 0.2821426561812561, 0.2814768690947148, 0.2783131342878401, 0.27293072284406267, 0.26569750207856646, 0.2570381658051542, 0.24740115519891276, 0.23722825443692175, 0.2269298532194284, 0.2168675528270116, 0.20734447974009765, 0.1986025983635763, 0.19082561540666945, 0.18414576326380022, 0.17865276548171088, 0.1744035265578892, 0.17143142205546333, 0.16975441968246566, 0.169381552515485, 0.17031748951033274, 0.17256506953036194, 0.17612573144590327, 0.1809977674716549, 0.1871723224728452, 0.1946270429890222, 0.20331733493897114, 0.21316529989137734, 0.22404668654570994, 0.23577658004013594, 0.24809513757897056, 0.2606553549809711, 0.27301560168314465, 0.28464022523906907, 0.2949117358717803, 0.30315753177050986, 0.30869265494905446, 0.3108774589426856, 0.30918564843054047, 0.30327440346649875, 0.2930453550033636, 0.27868405509212507, 0.2606673701387177, 0.23973301721313453, 0.21681267728089915, 0.19293786150792794, 0.16913393522465978, 0.14632028772147332, 0.1252328917856802, 0.10637978287434054, 0.09003233239253305, 0.07624770335447677, 0.06491277010639511, 0.055797785284436005, 0.048609239316786707, 0.04303438959667435, 0.038773757651315396, 0.035561135476955136, 0.03317293605598743, 0.03142970766859316, 0.030192783343531628, 0.0293584972747162, 0.02885174628296493, 0.0286199361897996, 0.028627859379126607, 0.028853639854208333, 0.029285715565343377, 0.029920692173414875, 0.03076191399647751, 0.03181857505306593, 0.03310525170620726, 0.03464173657866383, 0.03645310489294615]
7.547780908137525	2.875560757871596	[0.03854178918657418, 0.040999414021881474, 0.04384139324002392, 0.04711684801302629, 0.050881632611134375, 0.05519830932962642, 0.06013574047537838, 0.06576810682470874, 0.07217313100085392, 0.0794292488435449, 0.08761147136029655, 0.09678570504862115, 0.10700139598478384, 0.11828252684811014, 0.1306172660993093, 0.1439469163168632, 0.15815523321837954, 0.17305959893293005, 0.18840586147257182, 0.203868746081309, 0.21905950792844756, 0.2335418215950038, 0.24685582492123417, 0.2585488539550426, 0.26820999853379546, 0.2755044781764908, 0.2802033342937638, 0.28220424657316734, 0.28154045011943457, 0.2783765262156978, 0.27299189827063336, 0.26575470936544027, 0.25709001536875503, 0.24744666155574196, 0.23726683793808406, 0.22696130740569465, 0.21689198903430895, 0.20736225944960876, 0.19861426378459265, 0.19083182597320278, 0.18414724274250813, 0.17865026265438663, 0.1743977888555513, 0.17142318225297953, 0.1697443922015166, 0.16937043895429865, 0.1703059889816346, 0.17255389412183564, 0.17611562190536534, 0.18098951009689832, 0.1871667613333407, 0.19462508849184348, 0.2033199611410021, 0.21317353119404808, 0.22406156443627692, 0.2357991111566133, 0.24812621416103728, 0.2606956534902326, 0.2730654563546331, 0.2846994934181538, 0.29497966381055596, 0.3032326528107969, 0.3087727392586248, 0.31095955245886314, 0.3092662115343737, 0.3033495655445167, 0.29311125644173175, 0.27873724751286405, 0.2607052004575507, 0.2397539396048474, 0.21681641747662136, 0.1929254131500668, 0.16910737299601328, 0.1462824523841339, 0.12518699457635227, 0.1063290223091116, 0.08997956883090924, 0.0761952517394288, 0.06486230168587744, 0.05575034453064011, 0.048565324501049875, 0.0429940825724309, 0.03873685082904436, 0.03552725476971863, 0.03314162835459472, 0.0314005096555483, 0.030165255873746497, 0.029332248924750653, 0.0288264351903974, 0.02859527158742435, 0.028603591694968834, 0.028829556192422705, 0.029261628902514703, 0.02989643741033135, 0.030737339678876343, 0.03179354155576095, 0.03307962580629547, 0.0346153917435367, 0.03642591842811472]
7.550631779819692	2.874669458681791	[0.03851367815306572, 0.04097023458091533, 0.043811045739826006, 0.047085246693134526, 0.05084871408963936, 0.05516403997895079, 0.06010012968646214, 0.0657312197486345, 0.07213510721087163, 0.07939032010335745, 0.08757198394798787, 0.0967461386666212, 0.10696238313727033, 0.11824486300090593, 0.13058191285587123, 0.1439149867622071, 0.15812796152507896, 0.17303828491936188, 0.18839179572782627, 0.20386311231149104, 0.219063275598259, 0.2335556341214021, 0.24687990343983385, 0.2585829264689026, 0.26825327314228437, 0.2755556640276959, 0.28026071618322496, 0.28226580206189483, 0.2816039987517593, 0.27843988836234745, 0.273053046417058, 0.2658118917551227, 0.2571418422077206, 0.2474921472538351, 0.23730540269384615, 0.22699274473944356, 0.21691641018734992, 0.2073800259158079, 0.19862591765693513, 0.1908380266487697, 0.18414871378136333, 0.17864775270578542, 0.1743920450322618, 0.17141493710174027, 0.1697343597304674, 0.16935932046538135, 0.17029448311336853, 0.17254271263742574, 0.1761055050631278, 0.18098124389416106, 0.18716118939629467, 0.1946231210229651, 0.2033225718831544, 0.21318174452897204, 0.22407642175547385, 0.23582161933507187, 0.24815726559990853, 0.2607359251229663, 0.27311528273708074, 0.28475873240970434, 0.2950475618714246, 0.30330774351605805, 0.3088527925764023, 0.31104161410086845, 0.3093467413255301, 0.3034246925369912, 0.2931771207714888, 0.2787904012359574, 0.26074299144157076, 0.23977482387491125, 0.21682012305943912, 0.1929129364371218, 0.16908079115396107, 0.14624460825331, 0.12514110044269755, 0.10627827681916323, 0.08992683132555161, 0.07614283547104565, 0.06481187560850131, 0.05570295081278811, 0.04852145915843525, 0.04295382568330324, 0.038699993385790124, 0.03549342183893274, 0.033110366296817025, 0.031371355035360725, 0.030137769571218293, 0.02930603975959741, 0.02880116154561393, 0.0285706430316257, 0.028579358927613513, 0.028805506620643077, 0.029237575726474507, 0.029872215765633172, 0.030712798273060535, 0.031768540930243165, 0.0330540328411679, 0.03458908000879397, 0.03639876527287785]
7.5534826515018585	2.87377837971416	[0.03848560026655502, 0.04094108918367636, 0.04378073179385883, 0.047053679610146275, 0.05081582906140044, 0.05512980436326214, 0.06006455134128892, 0.06569436461551086, 0.0720971131719166, 0.07935141952154921, 0.08753252124273857, 0.09670659399640112, 0.10692338705039865, 0.11820721140304942, 0.13054656547591845, 0.14388305732412762, 0.1581006826759962, 0.17301695756260563, 0.18837770953322674, 0.20385745265941907, 0.21906701172647755, 0.23356941160285635, 0.2469039436801666, 0.25861695972659476, 0.26829650787679316, 0.2756068112659056, 0.28031806080040356, 0.2823273228296451, 0.28166751491284064, 0.2785032208637173, 0.2731141672421772, 0.2658690493377211, 0.25719364631802905, 0.24753761233898072, 0.23734394873559614, 0.22702416522405755, 0.21694081635080936, 0.20739777910171767, 0.19863756007685668, 0.19084421735805374, 0.18415017650747342, 0.17864523552406938, 0.17438629524651775, 0.17140668645477897, 0.169724322461042, 0.16934819686740038, 0.1702829721334679, 0.1725315248614091, 0.17609538118713444, 0.18097296861240808, 0.18715560697378464, 0.194621140294182, 0.20332516752547458, 0.21318993956805946, 0.22409125891430215, 0.23584410420420415, 0.24818829235943327, 0.26077616946111, 0.2731650813482941, 0.2848179417455619, 0.29511543062727114, 0.30338280336482454, 0.3089328155323443, 0.3111236432901402, 0.3094272384944848, 0.30349978380331216, 0.29324294874880064, 0.2788435155533346, 0.260780743918831, 0.23979566924359905, 0.2168237949327718, 0.19290043051526976, 0.16905419067100289, 0.146206754400154, 0.12509521040472654, 0.10622754540445868, 0.08987412090991119, 0.07609045349374818, 0.06476149288457783, 0.055655603051112806, 0.04847764424597813, 0.042913617867033904, 0.03866318620446541, 0.035459635680124585, 0.0330791506787682, 0.03134224289003305, 0.030110325139462657, 0.02927986896106322, 0.028775925960075322, 0.02854604980387104, 0.028555161602625827, 0.028781490510829573, 0.029213556487190255, 0.029848026688047893, 0.030688290165963097, 0.03174357268706857, 0.03302847314789958, 0.034562800932740854, 0.036371645727160375]
7.556333523184025	2.8728875215162875	[0.038457556064532473, 0.04091197719245368, 0.04375045191005429, 0.04702214615469497, 0.05078297802129011, 0.05509560188981579, 0.06002900593625677, 0.06565754084106559, 0.072059149394573, 0.0793125465175067, 0.08749308377927609, 0.09666707045945556, 0.1068844082890475, 0.11816957147931322, 0.1305112245551035, 0.1438511274336648, 0.15807339729176081, 0.17299561630387042, 0.188363603522486, 0.20385176658081805, 0.2190707169441624, 0.23358315351451153, 0.24692794625468784, 0.25865095322825904, 0.26833970331836243, 0.27565791942179235, 0.2803753686868085, 0.28238880844163256, 0.2817309991009204, 0.2785665233208514, 0.2731752612005078, 0.2659261817487114, 0.25724542811229295, 0.24758305647805415, 0.2373824764372696, 0.22705556855436307, 0.21696520786370152, 0.20741551872710504, 0.19864919135197998, 0.19085039784375776, 0.18415163119989472, 0.17864271087427624, 0.1743805397506726, 0.1713984301006007, 0.16971428061954505, 0.16933706797542, 0.17027145624124337, 0.17252033064062738, 0.17608525044659085, 0.1809646841377452, 0.18715001419896599, 0.19461914624073304, 0.20332774815566415, 0.2131981163079745, 0.22410607594178247, 0.2358665658367434, 0.2482192943930121, 0.26081638667017576, 0.27321485204611, 0.2848771217021929, 0.2951832698186867, 0.3034578327632759, 0.3090128077281342, 0.3112056405809848, 0.3095077024846614, 0.30357484006316665, 0.29330873964444204, 0.2788965913645586, 0.2608184569799784, 0.23981647679778634, 0.21682743200672347, 0.19288789665172512, 0.16902757028279514, 0.14616889224447505, 0.12504932303871624, 0.10617682958935304, 0.08982143603101604, 0.0760381073768537, 0.06471115188139781, 0.05560830280048335, 0.04843387811580551, 0.042873460613197384, 0.038626427688638255, 0.03542589767902677, 0.03304798000958444, 0.031313174476472555, 0.030082921226208773, 0.029253737646026075, 0.028750727231311217, 0.028521492882472677, 0.028530998661385476, 0.028757508714152114, 0.029189570253211724, 0.029823870919362054, 0.03066381453163257, 0.031718637479285626, 0.03300294598345132, 0.03453655510068903, 0.03634455910976166]
7.559184394866192	2.871996884633468	[0.03842954524918989, 0.040882898788119924, 0.043720205789309075, 0.04699064651861596, 0.050750160664203715, 0.05506143276977764, 0.05999349315610163, 0.06562074866519992, 0.07202121554959899, 0.07927370137009024, 0.08745367121074502, 0.09662756838365537, 0.10684544648489795, 0.11813194361516918, 0.13047588969895796, 0.14381919753964878, 0.15804610494578236, 0.1729742616573954, 0.1883494772297046, 0.2038460546539169, 0.21907439073843582, 0.23359686049514694, 0.24695191059648755, 0.25868490766982266, 0.268382858840478, 0.2757089892467624, 0.28043263915241146, 0.2824502597053979, 0.28179445055972013, 0.27862979659981185, 0.27323632746725063, 0.2659832899155963, 0.2572971866949795, 0.24762848066245133, 0.2374209848305677, 0.2270869557872709, 0.2169895836835229, 0.20743324591542833, 0.19866081036502928, 0.1908565692967491, 0.184153076666887, 0.17864018001570242, 0.17437477727960551, 0.1713901693680455, 0.16970423286943356, 0.16932593518844252, 0.17025993403215695, 0.17250913144308067, 0.17607511137504972, 0.18095639200223176, 0.18714440955396044, 0.19461714044750875, 0.20333031222129508, 0.21320627636639838, 0.22412087127600688, 0.2358890058526625, 0.24825027016337958, 0.2608565783318301, 0.2732645933601369, 0.28493627377544073, 0.29525107808897555, 0.3035328330728382, 0.3090927679659654, 0.311287607157917, 0.3095881322932171, 0.3036498622944878, 0.29337449267164983, 0.2789496294286881, 0.2608561300585352, 0.2398372470828905, 0.2168310339230941, 0.19287533519510475, 0.16900092981231923, 0.1461310219575237, 0.1250034383095796, 0.10612612938549452, 0.08976877675253109, 0.07598579699232111, 0.06466085272498881, 0.0555610498207509, 0.0483901609322992, 0.0428333536040793, 0.03858971802707797, 0.03539220747513476, 0.0330168544929599, 0.03128414941957607, 0.030055558041726094, 0.02922764544346915, 0.028725565568716083, 0.028496971910376596, 0.028506870306976895, 0.02873356089086573, 0.029165617218670503, 0.02979974813627751, 0.0306393715554024, 0.03169373499675504, 0.0329774515268549, 0.034510342211148924, 0.03631750559773438]
7.562035266548359	2.8711064696086224	[0.03840156781804312, 0.040853853847645095, 0.04368999344747128, 0.046959180566390264, 0.050717377027584894, 0.05502729685472647, 0.05995801306515244, 0.06558398792574441, 0.07198331173543154, 0.0792348839018753, 0.08741428367838111, 0.09658808757383558, 0.10680650183107608, 0.11809432759354785, 0.13044056116063407, 0.1437872673965113, 0.15801880595703433, 0.17295289333980765, 0.18833533104248257, 0.2038403165462701, 0.2190780335660313, 0.23361053215183072, 0.24697583723140415, 0.25871882258830137, 0.26842597503912385, 0.27576002020095963, 0.2804898728657663, 0.2825116759996025, 0.281857870033316, 0.2786930399943565, 0.27329736686453077, 0.266040373044574, 0.25734892296800876, 0.24767388400910637, 0.23745947489824082, 0.22711832594987066, 0.21701394487434775, 0.20745095960427992, 0.19867241826162377, 0.19086273056604244, 0.18415451413596226, 0.17863764170998167, 0.174369009143497, 0.17138190293281327, 0.16969418060464875, 0.16931479709828282, 0.1702484069844838, 0.1724979257802428, 0.17606496553354972, 0.18094809064351727, 0.1871387946765431, 0.194615121289783, 0.20333286142375623, 0.21321441807470456, 0.22413564665950514, 0.23591142256649456, 0.24828122142146614, 0.26089674277948083, 0.27331430700811477, 0.28499539635957866, 0.2953188570764934, 0.3036078027917609, 0.3091726977608019, 0.3113695416606117, 0.3096685292778998, 0.30372484930417276, 0.29344020901390905, 0.27900262873064136, 0.26089376416495347, 0.23985797925681757, 0.21683460153299314, 0.19286274545629953, 0.16897426996713083, 0.14609314297197276, 0.12495755679188288, 0.10607544431329584, 0.08971614352230436, 0.07593352192203201, 0.0646105957447421, 0.055513843742969096, 0.04834649292079563, 0.042793296519381616, 0.038553057360099424, 0.03535856480046355, 0.03298577420339556, 0.031255167504865795, 0.030028235610781433, 0.029201592188850198, 0.02870044095945017, 0.028472486765890825, 0.028482776497757753, 0.0287096469539281, 0.029141697319454537, 0.029775658279009732, 0.030614961155148498, 0.03166886520139738, 0.03295198968092985, 0.03448416224439486, 0.036290485080581046]
7.564886138230526	2.8702162769824198	[0.0383736233384808, 0.04082484267462788, 0.0436598144748266, 0.04692774859017215, 0.05068462671672543, 0.05499319443586612, 0.0599225652783463, 0.06554725892258252, 0.07194543757367339, 0.07919609442989994, 0.08737492080954097, 0.09654862837054022, 0.10676757396145677, 0.11805672378154786, 0.13040523858215258, 0.1437553373965303, 0.15799149997739392, 0.17293151176237415, 0.18832116462391876, 0.20383455267802508, 0.2190816451023673, 0.2336241689016911, 0.24699972584838367, 0.2587526983867373, 0.2684690516183488, 0.275811012665225, 0.280547069547807, 0.28257305767859, 0.2819212572609257, 0.2787562538313715, 0.2733583791501758, 0.2660974314361587, 0.25740063670675073, 0.24771926679407527, 0.23749794643110553, 0.22714967929585536, 0.21703829124013183, 0.20746866002708061, 0.19868401485714546, 0.19086888186680165, 0.18415594343328304, 0.17863509615581302, 0.1743632351799077, 0.17137363097847375, 0.16968412367607733, 0.16930365387395563, 0.1702368749657201, 0.17248671380597222, 0.1760548128108816, 0.18093978019801008, 0.18713316948290543, 0.19461308888194948, 0.20333539571413922, 0.21322254151790837, 0.22415040208707404, 0.23593381602350352, 0.24831214821582023, 0.260936880005653, 0.2733639931036432, 0.2850544893798852, 0.29538660697236957, 0.3036827417634847, 0.3092525973943691, 0.3114514438371561, 0.30974889382335463, 0.3037998007333967, 0.29350588916887543, 0.27905558879651143, 0.26093135991644256, 0.23987867272747693, 0.2168381355734055, 0.1928501267268733, 0.16894759159233502, 0.14605525446832202, 0.12491167941120408, 0.10602477345243551, 0.08966353730643893, 0.07588128116608649, 0.06456038190559879, 0.055466683523678076, 0.04830287501072767, 0.04275328831768954, 0.03851644655723359, 0.03532496865921278, 0.03295473993472277, 0.031226227813632115, 0.030000954642970663, 0.02917557705621606, 0.028675354027144773, 0.028448036717563865, 0.028458717775812874, 0.028685766258634626, 0.029117811025196946, 0.029751600776808107, 0.030590583739906203, 0.031644027581960284, 0.03292656080700566, 0.034458014734682435, 0.03626349788470581]
7.567737009912693	2.869326307293214	[0.03834571230026926, 0.04079586468293048, 0.043629669325868495, 0.046896350038291935, 0.05065191016609838, 0.05495912498580234, 0.059887150222957215, 0.06551056114639704, 0.07190759349482437, 0.0791573324604305, 0.08733558304538525, 0.09650919029674346, 0.10672866333107185, 0.1180191317228984, 0.13036992243014453, 0.1437234071100893, 0.15796418747646673, 0.17291011652878852, 0.18830697843208347, 0.2038287626929922, 0.2190852257759466, 0.23363777043570388, 0.24702357682848164, 0.25878653481074826, 0.26851208889732603, 0.27586196644707645, 0.2806042294462425, 0.28263440461732176, 0.2819846124136443, 0.2788194380558445, 0.2734193644168936, 0.26615446510500385, 0.25745232792630673, 0.24776462909940472, 0.23753639936925247, 0.22718101597166376, 0.21706262264947843, 0.2074863473918166, 0.19869559995225194, 0.19087502346652285, 0.1841573642944747, 0.17863254367951814, 0.17435745506136183, 0.17136535389120694, 0.1696740616939279, 0.16929250596429013, 0.17022533752334118, 0.17247549603599943, 0.17604465269023428, 0.18093146125341503, 0.18712753338950416, 0.1946110438886795, 0.20333791443925575, 0.2132306474415739, 0.2241651368330639, 0.2359561870522179, 0.24834304974612556, 0.26097699092180804, 0.2734136507702671, 0.285113553829197, 0.29545432682268885, 0.3037576510606612, 0.3093324658329331, 0.31153331484079144, 0.3098292248117013, 0.30387471782146364, 0.2935715319283999, 0.2791085109620449, 0.26096891600773575, 0.23989932893761887, 0.21684163463552977, 0.19283748055779681, 0.1689208931718378, 0.14601735808826727, 0.12486580454855734, 0.10597411849736595, 0.08961095640390351, 0.0758290764207426, 0.064510209466671, 0.05541957080840266, 0.04825930548003587, 0.04271333054851149, 0.038479883976640525, 0.03529142047126259, 0.03292375017445449, 0.031197331615857818, 0.029973713783362006, 0.029149601158936337, 0.028650303581203063, 0.028423622727625133, 0.02843469310518834, 0.028661919630759747, 0.02909395743505218, 0.02972757633911311, 0.030566238520357013, 0.03161922275364495, 0.03290116420368294, 0.034431900224590584, 0.03623654337530863]
7.57058788159486	2.8684365610771008	[0.038317834383527455, 0.040766920065409364, 0.04359955770161005, 0.04686498509267329, 0.05061922709257398, 0.054925088683200333, 0.059851767629056085, 0.06547389477953272, 0.07186977924164019, 0.07911859818553853, 0.0872962701426612, 0.09646977355853778, 0.10668976971329974, 0.1179815516392199, 0.13033461249765535, 0.14369147677203095, 0.1579368682694682, 0.1728887078805768, 0.18829277230581398, 0.20382294682937427, 0.21908877544983393, 0.23365133697726412, 0.24704739005950865, 0.25882033205844096, 0.26855508678972145, 0.27591288171172285, 0.2806613525023124, 0.28269571694390694, 0.2820479354619563, 0.278882592757361, 0.2734803226652649, 0.26621147410244106, 0.25750399665702756, 0.2478099709392596, 0.23757483377154365, 0.2272123359557232, 0.21708693918818553, 0.20750402164276352, 0.19870717365843663, 0.1908811552769713, 0.18415877685630294, 0.17862998416193535, 0.17435166895052925, 0.17135707152227436, 0.16966399484848224, 0.1692813531919335, 0.17021379487784805, 0.17246427226478486, 0.17603448542548644, 0.18092313357580683, 0.1871218866868025, 0.19460898604681093, 0.20334041792881588, 0.21323873555187947, 0.22417985126803286, 0.23597853532638335, 0.24837392642413877, 0.26101707516748934, 0.27346328046037466, 0.28517258931135664, 0.2955220171197554, 0.30383253025001333, 0.3094123036087245, 0.3116151541990575, 0.3099095228165553, 0.30394960005350424, 0.2936371379109947, 0.27916139466622525, 0.2610064331074398, 0.23991994727696864, 0.2168450994414471, 0.19282480628662999, 0.16889417547600954, 0.14597945311388105, 0.12481993300418473, 0.10592347867403652, 0.08955840161638971, 0.07577690686508226, 0.06446007920215514, 0.05537250475296512, 0.048215785053619786, 0.042673422378083824, 0.03844337028066327, 0.03525791944658077, 0.03289280551541486, 0.031168478189108853, 0.02994651355273125, 0.02912366385323311, 0.02862529007174368, 0.028399244230867524, 0.02841070287040087, 0.028638106576265903, 0.0290701368758507, 0.029703584532088566, 0.030541925775196044, 0.03159445033101563, 0.032875800111544506, 0.03440581836610729, 0.03620962176457699]
7.573438753277027	2.867547038867828	[0.03828998947803319, 0.04073800881437931, 0.04356947949652016, 0.046833653748002434, 0.05058657739553993, 0.0548910855282879, 0.05981641740213307, 0.06543725983154464, 0.07183199472775255, 0.07907989162825041, 0.0872569820257409, 0.09643037819632697, 0.10665089304560911, 0.11794398359095594, 0.13029930873636697, 0.1436595464631589, 0.15790954232126644, 0.17286728591625286, 0.18827854621979606, 0.20381710519821802, 0.2190922941037028, 0.2336648686438174, 0.24707116552144628, 0.2588540902484751, 0.2685980452726362, 0.27596375857591576, 0.2807184386887795, 0.28275699477197247, 0.28211122637384767, 0.2789457180462452, 0.2735412538582443, 0.26626845853563813, 0.25755564285645, 0.24785529241787227, 0.23761324958969735, 0.22724363934967085, 0.2171112408019537, 0.20752168287947698, 0.19871873591552458, 0.19088727739635974, 0.18416018105327278, 0.17862741770091786, 0.17434587677760618, 0.17134878397039957, 0.1696539230670937, 0.16927019565783968, 0.17020224695561792, 0.17245304259676694, 0.17602431094420382, 0.1809147972738966, 0.1871162293058805, 0.19460691546921827, 0.2033429061197653, 0.2132468059644527, 0.22419454533708175, 0.23600086096145134, 0.24840477820536028, 0.2610571328536553, 0.27351288214219427, 0.2852315959276539, 0.2955896778470585, 0.3039073794179144, 0.30949211072319327, 0.31169696197896796, 0.30998978786009035, 0.3040244474744723, 0.29370270716235847, 0.2792142399316031, 0.2610439112871015, 0.23994052774676158, 0.21684853008813149, 0.19281210389268363, 0.16886743862030024, 0.14594153949707744, 0.12477406489738191, 0.10587285389823618, 0.08950587304997595, 0.07572477237379127, 0.06440999119374301, 0.055325485195709685, 0.04817231378756381, 0.04263356362203032, 0.038406905505646245, 0.03522446539422826, 0.03286190598146938, 0.031139667348547364, 0.029919353967446216, 0.029097764967235044, 0.02860031350984572, 0.0283749010703129, 0.02838674707782558, 0.02861432695202926, 0.02904634934942059, 0.029679625224163706, 0.030517645502094036, 0.031569710191552164, 0.032850468524951396, 0.03437976904361601, 0.036182733044910584]
7.576289624959194	2.8666577411969323	[0.03826217761152762, 0.040709130786667734, 0.043539434739504126, 0.04680235586524621, 0.05055396110878312, 0.05485711538590769, 0.0597810995852428, 0.06540065617186559, 0.0717942400104473, 0.07904121266403255, 0.08721771877113674, 0.09639100409327604, 0.10661203342796421, 0.11790642747003814, 0.13026401127202072, 0.14362761608370017, 0.1578822097828448, 0.17284585054175955, 0.1882643003466847, 0.20381123770678147, 0.21909578192626694, 0.23367836533890013, 0.24709490341324716, 0.2588878092764523, 0.268640964550944, 0.276014596924753, 0.28077548821431036, 0.2828182379749931, 0.2821744853614121, 0.27900881378389275, 0.2736021582118646, 0.266325418253449, 0.2576072667452318, 0.2479005933709302, 0.23765164704960157, 0.22727492597541477, 0.21713552772245567, 0.20753933090976767, 0.1987302869616257, 0.1908933896185579, 0.18416157713080894, 0.17862484407710055, 0.17434007879647437, 0.17134049100425047, 0.169643846613396, 0.1692590331205352, 0.17019069403118814, 0.17244180678274662, 0.17601412953234633, 0.1809064520938487, 0.18711056154334613, 0.19460483190132216, 0.2033453793165744, 0.2132548584288217, 0.22420921934717264, 0.23602316371704388, 0.24843560539116477, 0.2610971637572592, 0.2735624561012839, 0.28529057348074266, 0.2956573092631707, 0.30398219840158947, 0.3095718873973594, 0.31177873806052564, 0.3100700201173942, 0.30409926001354354, 0.29376823980696026, 0.2792670467405387, 0.26108135062025856, 0.23996107038327097, 0.21685192660035954, 0.19279937346087292, 0.1688406825811677, 0.14590361735735663, 0.1247282001527439, 0.10582224430331694, 0.089453370573774, 0.07567267307460027, 0.0643599452586477, 0.05527851224807562, 0.04812889146088913, 0.04259375437449836, 0.03837048941187013, 0.035191058394929364, 0.032831051332179034, 0.031110899165224477, 0.029892234798401397, 0.029071904564028694, 0.028575373683289693, 0.028350593301311865, 0.028362825532936016, 0.028590580805610614, 0.029022594677099563, 0.02965569845554344, 0.030493397535355786, 0.03154500236925901, 0.03282516928814764, 0.034353752286761616, 0.03615587706784193]
7.579140496641361	2.865768668593678	[0.038234398556638675, 0.04068028608896616, 0.04350942321372079, 0.04677109154913369, 0.050521378023230694, 0.054823178364732425, 0.0597458139757743, 0.06536408391911529, 0.07175651489358821, 0.0790025614273134, 0.0871784801903109, 0.09635165140463653, 0.1065731906809665, 0.11786888345562312, 0.13022871993540905, 0.1435956858367356, 0.1578548704948897, 0.17282440198047402, 0.18825003453512315, 0.20380534459203445, 0.21909923877115842, 0.23369182730509025, 0.24711860359075646, 0.25892148938350606, 0.26868384448109933, 0.27606539699327615, 0.28083250093558493, 0.28287944677981675, 0.2822377122816385, 0.27907188018860823, 0.27366303558318544, 0.2663823534661617, 0.25765886817971456, 0.24794587400157578, 0.2376900260057997, 0.22730619602998284, 0.21715979980148906, 0.20755696592567763, 0.19874182664529527, 0.19089949213182758, 0.18416296493435894, 0.17862226347623636, 0.17433427485033492, 0.17133219280832448, 0.169633765329964, 0.16924786576431827, 0.17017913594890363, 0.1724305650073334, 0.17600394103919892, 0.18089809822005673, 0.18710488325738264, 0.19460273552515475, 0.20334783739107581, 0.21326289312036412, 0.22422387318935472, 0.2360454437551631, 0.24846640789824498, 0.2611371680180038, 0.27361200228728805, 0.28534952207768943, 0.2957249113587071, 0.3040569872649022, 0.3096516336709904, 0.3118604824548862, 0.31015021968494383, 0.30417403762208106, 0.29383373600427415, 0.2793198149811385, 0.26111875133352264, 0.23998157501140113, 0.2168552892712427, 0.19278661475391268, 0.16881390770852459, 0.14586568639441136, 0.12468233915652269, 0.10577164952491011, 0.08940089458426793, 0.07562060854442355, 0.06430994178096143, 0.05523158544498171, 0.04808551843179539, 0.04255399415399071, 0.038334122326237036, 0.035157697977070586, 0.03280024186170139, 0.031082173197081824, 0.029865156306720313, 0.02904608224140327, 0.028550470820578554, 0.028326320563643422, 0.02833893843324562, 0.02856686781559598, 0.028998873028509897, 0.029631803937780275, 0.030469182021018084, 0.031520326602032, 0.03279990252862268, 0.03432776785349082, 0.036129053947693564]
7.581991368323528	2.8648798215850197	[0.03820665256486269, 0.0406514743650781, 0.04347944515325291, 0.04673986046314538, 0.05048882836479972, 0.05478927414283559, 0.05971056079984816, 0.06532754276339063, 0.0717188196109134, 0.07896393761995478, 0.08713926653047759, 0.09631231984572962, 0.10653436506871218, 0.1178313512794044, 0.13019343500727484, 0.14356375547344627, 0.1578275247499975, 0.17280294000548974, 0.1882357490803225, 0.20379942565048792, 0.21910266492415548, 0.23370525436350162, 0.2471422663182209, 0.25895513041707613, 0.2687266852962128, 0.2761161586576792, 0.28088947704855577, 0.28294062109372414, 0.28230090729046575, 0.2791349171999912, 0.2737238860874635, 0.26643926414547175, 0.25771044723520314, 0.24799113431230901, 0.23772838649524292, 0.22733744954495988, 0.21718405703965202, 0.2075745879862954, 0.19875335493279953, 0.19090558502177762, 0.18416434439766993, 0.17861967601042628, 0.1743284648418795, 0.17132388952235386, 0.1696236790894371, 0.16923669375884853, 0.17016757255173323, 0.17241931747336703, 0.17599374527766878, 0.18088973589237428, 0.18709919422955204, 0.1946006266215079, 0.20335028009129572, 0.21327091036431833, 0.22423850657515038, 0.23606770144824107, 0.24849718539814478, 0.26117714605744946, 0.27366152032805713, 0.28540844219060607, 0.29579248371387956, 0.30413174653199954, 0.30973134907221606, 0.31194219574064025, 0.31023038603381753, 0.30424878093750174, 0.293899195163621, 0.27937254535624656, 0.26115611277098427, 0.24000204240545173, 0.21685861737717435, 0.19277382861649003, 0.16878711320862902, 0.14582774750868585, 0.12463648104428796, 0.1057210704909177, 0.08934844415402611, 0.07556857970430784, 0.06425997979234083, 0.05518470566978118, 0.04804219372647811, 0.0425142837837154, 0.03829780330913537, 0.035124384889521056, 0.03276947669740057, 0.03105349011106989, 0.02983811770609972, 0.029020298582529063, 0.028525604227231348, 0.028302083360096666, 0.028315085171127137, 0.028543188412122087, 0.028975183871841954, 0.029607942038901394, 0.03044499848965543, 0.031495683207541564, 0.032774667825952515, 0.03430181602285955, 0.036102263301088566]
7.5848422400056945	2.8639912006957178	[0.038178939401628566, 0.04062269572679912, 0.04344950033912533, 0.046708662712118106, 0.05045631192723297, 0.054755402823879355, 0.05967533986293914, 0.06529103281267004, 0.07168115398040058, 0.07892534135919754, 0.0871000776243344, 0.09627300954674786, 0.10649555644159554, 0.11779383108593205, 0.13015815635846967, 0.1435318251508369, 0.1578001724410985, 0.1727814647806332, 0.1882214438974003, 0.2037934810441603, 0.21910606032163718, 0.23371864666458628, 0.24716589155236432, 0.25898873250737614, 0.2687694869732938, 0.27616688202183876, 0.28094641655136326, 0.2830017609909609, 0.2823640704082414, 0.2791979248614475, 0.2737847097677818, 0.26649615030391527, 0.2577620039771891, 0.24803637428535938, 0.23776672860489295, 0.22736868647319614, 0.2172082995443441, 0.20759219701629436, 0.19876487195131787, 0.1909116681862787, 0.18416571566771622, 0.17861708155214556, 0.17432264893870272, 0.17131558099472594, 0.16961358808165825, 0.1692255169295286, 0.17015600405403922, 0.17240806398409117, 0.17598354248921613, 0.18088136489238954, 0.18709349473079478, 0.1945985049504801, 0.20335270771923394, 0.2132789098991656, 0.22425311983784277, 0.23608993651284266, 0.24852793825407488, 0.2612170975700172, 0.27371101061414804, 0.28546733349185627, 0.295860026743733, 0.30420647585354693, 0.3098110340386113, 0.31202387754685, 0.31031051962401063, 0.3043234895664887, 0.29396461776962646, 0.2794252374485425, 0.2611934354458478, 0.24002247212194647, 0.21686191146245037, 0.19276101457549646, 0.16876029965221861, 0.1457898001917363, 0.12459062639769869, 0.10567050665257462, 0.08929601985286427, 0.07551658596813543, 0.0642100598296519, 0.05513787231483992, 0.04799891783572132, 0.04247462265999097, 0.03826153279997239, 0.03509111855860952, 0.03273875622639895, 0.031024849382239216, 0.029811119332381834, 0.02899455311970126, 0.028500774190223635, 0.02827788128002672, 0.02829126598872617, 0.028519542235909613, 0.028951527409954915, 0.02958411244278685, 0.030420847111338738, 0.03147107190420268, 0.03274946532422816, 0.03427589653999317, 0.03607550525280268]
7.587693111687861	2.863102806448238	[0.03815125907278466, 0.04059395005549091, 0.04341958877520592, 0.046677498184846955, 0.05042382871552969, 0.05472156430458581, 0.05964015117465455, 0.06525455397328574, 0.07164351802004836, 0.07888677256357082, 0.08706091350194128, 0.09623372044142574, 0.10645676484448079, 0.1177563228267024, 0.13012288404947714, 0.14349989483927253, 0.157772813642334, 0.17275997629413894, 0.1882071190693026, 0.2037875107762094, 0.21910942504857442, 0.23373200422260004, 0.24718947937324412, 0.2590222956764812, 0.26881224958208344, 0.2762175671138541, 0.28100331950033386, 0.2830628665052999, 0.2824272016767509, 0.27926090321278435, 0.27384550665134816, 0.266553011987623, 0.25781353841860055, 0.2480815939730653, 0.2378050523337134, 0.22739990687284506, 0.21723252730092799, 0.20760979307931984, 0.1987763776731747, 0.19091774169453896, 0.1841670787046432, 0.17861448017680887, 0.17431682708992902, 0.17130726730830023, 0.16960349224608384, 0.169214335368382, 0.17014443038701996, 0.17239680464265283, 0.17597333259807466, 0.18087298533623156, 0.1870877846793779, 0.19459637064253585, 0.20335512018773444, 0.21328689187016034, 0.2242677128848894, 0.23611214910838235, 0.24855866636777313, 0.2612570227277357, 0.2737604730412017, 0.2855261961641419, 0.2959275403376423, 0.3042811754211641, 0.30989068845318757, 0.31210552807286823, 0.3103906203317886, 0.3043981637158981, 0.2940300036912794, 0.2794778914736553, 0.26123071921966035, 0.2400428643873749, 0.2168651713804007, 0.1927481728674999, 0.16873346688003574, 0.1457518446820594, 0.12454477503589934, 0.10561995823524462, 0.08924362146957583, 0.07546462753329558, 0.06416018165067681, 0.05509108554252425, 0.04795569049666322, 0.04243501091211018, 0.038225310531921686, 0.035057899087002645, 0.03270808019339404, 0.030996251092755365, 0.029784160951439174, 0.02896884591849204, 0.028475980499959547, 0.028253714374592682, 0.028267480699926222, 0.028495929325253747, 0.028927903476952996, 0.0295603151764869, 0.030396727736522553, 0.031446492709728005, 0.03272429488668591, 0.034250009415452955, 0.03604877967604576]
7.590543983370028	2.862214639362858	[0.038123611401787647, 0.0405652374082711, 0.043389710295645624, 0.04664636693555818, 0.05039137857299569, 0.054687758640820344, 0.05960499458744352, 0.06521810630737765, 0.07160591159277867, 0.0788482313060908, 0.08702177403905974, 0.0961944526175131, 0.10641799016872228, 0.11771882660629784, 0.13008761798934468, 0.14346796465938993, 0.15774544828088424, 0.17273847467842052, 0.18819277453975808, 0.20378151498362745, 0.2191127590623713, 0.2337453271708734, 0.24721302974928516, 0.25905582004704214, 0.268854973100768, 0.27626821404118396, 0.2810601858834961, 0.28312393772678496, 0.282490301094314, 0.27932385232574675, 0.27390627674678314, 0.266609849249842, 0.25786505057785986, 0.24812679341048732, 0.23784335770928056, 0.22743111076153213, 0.21725674034563164, 0.20762737617658414, 0.19878787214304985, 0.19092380553248392, 0.18416843356182547, 0.1786118718562307, 0.17431099935845032, 0.1712989484219812, 0.16959339165659038, 0.1692031490225659, 0.17013285163755118, 0.17238553938544612, 0.17596311570644949, 0.18086459715015496, 0.18708206419514795, 0.19459422361386622, 0.20335751763620993, 0.21329485618284805, 0.2242822858764963, 0.23613433912851295, 0.24858936992063602, 0.26129692141057437, 0.2738099078114704, 0.285585030071581, 0.2959950247180008, 0.30435584508072144, 0.3099703125580059, 0.3121871471439841, 0.31047068841958125, 0.3044728031888294, 0.2940953532140873, 0.27953050721213724, 0.26126796440497135, 0.2400632189596949, 0.21686839747217812, 0.1927353032254532, 0.16870661525579916, 0.14571388068115937, 0.1244989273297134, 0.10556942490179427, 0.08919124936219608, 0.07541270402349343, 0.06411034558465531, 0.05504434494843078, 0.0479125120023371, 0.04239544812767905, 0.038189136761514676, 0.035024726075776905, 0.03267744882099061, 0.030967694873067025, 0.029757242754557413, 0.02894317664650213, 0.028451223318595006, 0.028229582349363465, 0.02824372944015275, 0.028472349420149305, 0.028904312184600676, 0.02953655000891919, 0.030372640457031173, 0.031421945416118924, 0.03269915658931581, 0.03422415445906973, 0.036022086635222834]
7.593394855052195	2.861326699957563	[0.03809599623363447, 0.04053655782152054, 0.043359864755002774, 0.046615268998607656, 0.05035896136279944, 0.05465398586899507, 0.059569869973432735, 0.06518168985775957, 0.0715683345813209, 0.0788097176402201, 0.08698265913159028, 0.09615520614271195, 0.10637923232614564, 0.11768134250862332, 0.13005235810779994, 0.1434360347105865, 0.15771807630467383, 0.17271696004444556, 0.1881784102731993, 0.20377549378233323, 0.21911606234095246, 0.23375861562258315, 0.24723654266889866, 0.25908930572272604, 0.2688976575264068, 0.27631882289344617, 0.281117015706121, 0.2831849747287525, 0.2825533686747351, 0.2793867722566987, 0.2739670200766869, 0.26666666212999895, 0.25791654048617757, 0.2481719726204389, 0.23788164477088902, 0.22746229814597224, 0.2172809387252947, 0.2076449462994333, 0.19879935541509475, 0.19092985967704296, 0.18416978030101702, 0.17860925655406903, 0.17430516581453584, 0.17129062428743952, 0.16958328639347559, 0.1691919578330672, 0.17012126789793852, 0.17237426814394954, 0.17595289192084057, 0.18085620025699106, 0.1870763334008321, 0.19459206377901858, 0.20335990020508904, 0.21330280274321714, 0.22429683897137948, 0.2361565064697625, 0.2486200490892888, 0.26133679350429345, 0.27385931511845674, 0.28564383508778857, 0.29606248009408026, 0.30443048469244327, 0.3100499065775015, 0.31226873460582805, 0.31055072412735335, 0.3045474078151365, 0.2941606665953037, 0.2795830844772761, 0.26130517127923236, 0.24008353563506465, 0.21687159003683293, 0.19272240542597666, 0.16867974509519576, 0.1456759079397325, 0.12445308359763078, 0.10551890636895579, 0.08913890383360161, 0.07536081511902958, 0.06406055190433703, 0.054997650185159834, 0.04786938258976473, 0.04235593394964705, 0.03815301169166148, 0.03499159917807668, 0.03264686228210461, 0.030939180401299036, 0.02973036488816432, 0.028917545014044997, 0.028426502768514147, 0.02820548494761449, 0.028220012309902662, 0.028448802293666184, 0.028880753614016347, 0.029512816738078162, 0.030348585337606364, 0.03139742984120097, 0.03267405048383235, 0.03419833150400175, 0.0359954261725535]
7.596245726734362	2.860438988748168	[0.03806841415864604, 0.040507910614343244, 0.04333005270289133, 0.0465842037313899, 0.050326577611720914, 0.054620245372023576, 0.059534777851764566, 0.06514530402440129, 0.07153078750941286, 0.0787712309788608, 0.08694356931645653, 0.09611598044279343, 0.1063404918707172, 0.11764386997579032, 0.13001710497365915, 0.14340410445747043, 0.15769069828835397, 0.1726954318871662, 0.1881640268348431, 0.20376944670633976, 0.2191193354208819, 0.2337718691598631, 0.24726001862038213, 0.2591227523427235, 0.2689403032825233, 0.27636939337493466, 0.2811738093156945, 0.2832459772866773, 0.28261640468372845, 0.27944966285547823, 0.2740277368237272, 0.26672345055233965, 0.2579680082448322, 0.2482171315991237, 0.23791991354166792, 0.2274934690905863, 0.21730512238875552, 0.2076625035767632, 0.19881082736762895, 0.19093590431889565, 0.18417111873315353, 0.17860663452181913, 0.1742993262038152, 0.17128229521805918, 0.16957317613776984, 0.16918076217830835, 0.17010967878375638, 0.17236299136658734, 0.17594266078890988, 0.1808477951814074, 0.18707059177224145, 0.19458989174563762, 0.20336226729321075, 0.2133107322482099, 0.2243113714855771, 0.23617865192353735, 0.24865070310100967, 0.26137663989858606, 0.2739086940950384, 0.28570261220385795, 0.2961299054989381, 0.3045050953525324, 0.31012946943874514, 0.3123502916655051, 0.31063072626796734, 0.3046219789217555, 0.2942259425232261, 0.27963562472758335, 0.2613423383958784, 0.2401038160143077, 0.2168747474860504, 0.1927094812130804, 0.16865285466788627, 0.1456379283253821, 0.12440724197813391, 0.10546840458403696, 0.08908658292023917, 0.07530896278613143, 0.0640107985962889, 0.054951003173568325, 0.04782630026544941, 0.04231647019679209, 0.03811693342079643, 0.034958520067476476, 0.032616318824397535, 0.030910709178970437, 0.029703525782060865, 0.028891952340640605, 0.028401817469764057, 0.028181423312192318, 0.02819632810846283, 0.02842528892879047, 0.028857226721198087, 0.02948911621065165, 0.03032456146357544, 0.03137294672139937, 0.0326489757573134, 0.034172541201929564, 0.03596879755178437]
7.599096598416529	2.859551506248264	[0.03804086410224732, 0.040479296709592924, 0.04330027313523187, 0.04655317200595949, 0.050294226361898745, 0.0545865379960725, 0.059499717292746765, 0.06510894964780051, 0.07149326946388687, 0.07873277217172288, 0.08690450369180842, 0.0960767763851722, 0.10630176791293558, 0.11760640989348109, 0.12998185771648443, 0.14337217479531872, 0.1576633133918909, 0.17267389109352096, 0.1881496234296859, 0.20376337460918031, 0.21912257756874404, 0.2337850885748794, 0.24728345694900805, 0.25915616061199265, 0.2689829098089872, 0.27641992608355953, 0.2812305662593128, 0.28330694587913763, 0.2826794087832209, 0.2795125244760802, 0.2740884267667321, 0.2667802147464984, 0.2580194537470678, 0.24826227045569965, 0.23795816402409503, 0.2275246235898772, 0.21732929144176197, 0.2076800478946438, 0.1988222882044931, 0.19094193924107292, 0.1841724491569254, 0.17860400544318458, 0.17429348091925106, 0.1712739607997101, 0.16956306137916374, 0.1691695615452984, 0.17009808488688793, 0.17235170843789183, 0.1759324230127744, 0.18083938119941775, 0.18706484013153504, 0.19458770667317735, 0.20336461985322984, 0.21331864373136192, 0.22432588451213084, 0.2362007743875913, 0.24868133319769545, 0.2614164593457245, 0.2739580461389857, 0.2857613600171429, 0.2961973024929282, 0.3045796754934261, 0.3102090028732302, 0.3124318165784647, 0.31071069675675, 0.30469651457211133, 0.29429118311458974, 0.27968812581783187, 0.261379468092098, 0.24012405772951734, 0.21687787238831507, 0.1926965279907758, 0.16862594676196227, 0.14559993902512203, 0.12436140543383599, 0.10541791655404778, 0.0890342896816663, 0.07525714392162886, 0.0639610887200522, 0.0549044007991993, 0.04778326799022039, 0.04227705385370015, 0.038080904725677725, 0.03492548592533557, 0.03258582097867343, 0.030882278650788672, 0.029676727687694898, 0.02886639636333168, 0.028377169389139666, 0.028157395468353028, 0.02817267853561137, 0.028401807611882844, 0.02883373297163102, 0.029465446934767894, 0.030300570106075595, 0.031348494743579314, 0.03262393352765417, 0.03414678237724041, 0.03594220177613473]
7.601947470098696	2.858664252969181	[0.03801334678273311, 0.04045071530352144, 0.043270526721451666, 0.04652217306323301, 0.050261908255000855, 0.05455286301101711, 0.059464688928078345, 0.06507262601601463, 0.07145578108059605, 0.07869434051934751, 0.08686546290747771, 0.09603759328206331, 0.10626306112093288, 0.11756896158920177, 0.12994661702010665, 0.14334024507408175, 0.15763592230440857, 0.17265233704542135, 0.1881352007345539, 0.2037572769155894, 0.2191257894270054, 0.23379827334677164, 0.247306858240594, 0.259189530075779, 0.2690254776164801, 0.27647042064125527, 0.2812872869599579, 0.2833678802124465, 0.28274238130182855, 0.27957535691274066, 0.27414909013807026, 0.2668369545941687, 0.2580708771306328, 0.2483073891561353, 0.23799639626517213, 0.22755576168972227, 0.21735344584539737, 0.2076975793745947, 0.19883373780550298, 0.19094796463755662, 0.18417377137456095, 0.17860136958327025, 0.17428762968772846, 0.17126562136958903, 0.1695529417697126, 0.16915835634673126, 0.17008648578316463, 0.17234041985165766, 0.1759221780886933, 0.18083095889316475, 0.1870590778902403, 0.1945855092402052, 0.203366957205345, 0.2133265379756327, 0.22434037727247702, 0.23622287475633796, 0.24871193849440115, 0.2614562528574098, 0.27400737025153743, 0.28582007966161116, 0.2962646699558686, 0.304654226376643, 0.3102885056305166, 0.312513310741209, 0.3107906342021221, 0.3047710163091103, 0.2943563868244146, 0.2797405894524944, 0.2614165586581159, 0.24014426266018393, 0.2168809628613403, 0.19268354781427005, 0.1685990193225857, 0.14556194224641966, 0.12431557175179886, 0.10536744458786848, 0.08898202178443916, 0.07520536086535909, 0.06391141988605879, 0.05485784535655444, 0.04774028340161077, 0.042237687100048577, 0.03804492335508692, 0.03489249876223793, 0.03255536667142101, 0.030853890623807157, 0.029649968747415562, 0.028840878672337828, 0.028352556894247073, 0.02813340279521167, 0.02814906217129252, 0.028378359530863366, 0.028810271131083278, 0.02944180993532048, 0.030276610184351623, 0.03132407480077952, 0.03259892283487046, 0.034121055821645416, 0.035915637976512246]
7.604798341780863	2.857777229420133	[0.037985861452804075, 0.04042216700376274, 0.04324081276386254, 0.04649120747659372, 0.050229622626967174, 0.05451922097339916, 0.05942969211598887, 0.0650363336830789, 0.07141832173335817, 0.07865593658405709, 0.08682644635064254, 0.0959984317103565, 0.10622437089719372, 0.11753152565489454, 0.12991138230777566, 0.14330831589438447, 0.15760852447799534, 0.17263077033890187, 0.1881207582401007, 0.20375115419836412, 0.21912897053536398, 0.23381142400408297, 0.2473302220942562, 0.2592228611986351, 0.2690680063729699, 0.27652087743327064, 0.28134397116213977, 0.28342878058329324, 0.28280532206578207, 0.2796381603701121, 0.2742097268477499, 0.2668936702086137, 0.25812227838820373, 0.2483524877251744, 0.23803461033679416, 0.22758688333013574, 0.21737758574646404, 0.2077150978758785, 0.19884517638866128, 0.19095398029049618, 0.18417508567316476, 0.1785987266498867, 0.17428177286547017, 0.17125727656261558, 0.1695428177370043, 0.16914714614446968, 0.17007488197584364, 0.17232912509484483, 0.1759119266014897, 0.18082252767132567, 0.18705330572145146, 0.19458329877254024, 0.20336928011739738, 0.21333441421872476, 0.22435485063440289, 0.2362449521740561, 0.24874251996219207, 0.2614960194797705, 0.27405666750886637, 0.2858787700813824, 0.2963320090708123, 0.30472874684061996, 0.31036797900413293, 0.3125947728811076, 0.3108705400148117, 0.30484548274006823, 0.29442155519072727, 0.279793014106927, 0.261453611771168, 0.24016442913900365, 0.21688402072951488, 0.19267053886899177, 0.16857207431420906, 0.14552393603296224, 0.12426974300447631, 0.1053169866085791, 0.08892978135270942, 0.07515361146330402, 0.06386179420173273, 0.05481133468080938, 0.04769734852418265, 0.04219836783759462, 0.038008991196411906, 0.034859556616432176, 0.03252495761501117, 0.030825543320426137, 0.029623250479092686, 0.028815397694600887, 0.028327981306808185, 0.02810944392088555, 0.028125480154113057, 0.028354943495507903, 0.028786842177832832, 0.029418204175906713, 0.030252682543808775, 0.031299685980315704, 0.032573944419643966, 0.034095360717640355, 0.03588910681528688]
7.60764921346303	2.8568904361080687	[0.03795840904772488, 0.040393650799615016, 0.04321113213144989, 0.04646027429437762, 0.05019737030712431, 0.054485610970150304, 0.05939472766782304, 0.06500007176060532, 0.07138089223220624, 0.07861755949465835, 0.0867874548408781, 0.09595929081509068, 0.10618569807445562, 0.11749410125700385, 0.12987615442032355, 0.1432763864544512, 0.15758112074705607, 0.17260919021818147, 0.18810629675134244, 0.20374500576433519, 0.2191321216413946, 0.23382453993398586, 0.24735354917196545, 0.2592561534655134, 0.26911049663123676, 0.2765712960575493, 0.28140061929303356, 0.28348964671343196, 0.28286823136761197, 0.27970093469888596, 0.2742703370508248, 0.2669503615692587, 0.2581736575391656, 0.24839756626710705, 0.23807280612749102, 0.22761798873471395, 0.21740171090876034, 0.2077326037358422, 0.1988566035989621, 0.19095998664675648, 0.18417639158352783, 0.17859607719747989, 0.17427590987162975, 0.17124892704177264, 0.16953268858874418, 0.1691359317139901, 0.17006327265894666, 0.17231782506197502, 0.17590166762711942, 0.18081408855568287, 0.1870475225771661, 0.19458107642773834, 0.20337158741100497, 0.2133422737611918, 0.22436930328334243, 0.2362670080888762, 0.24877307614608493, 0.26153576080993357, 0.2741059363130974, 0.28593743302174207, 0.29639931809512915, 0.3048032387782606, 0.31044742110302764, 0.3126762050421128, 0.3109504121474081, 0.3049199160706457, 0.29448668599696465, 0.2798454021662268, 0.261490625030374, 0.24018455974835354, 0.21688704339529868, 0.19265750393857756, 0.16854510894073765, 0.14548592334509824, 0.1242239162161219, 0.10526654569421698, 0.08887756528093511, 0.07510189882502226, 0.06381220851499858, 0.054764871815943014, 0.04765446026445598, 0.04215909895367828, 0.03797310531915694, 0.03482666214651031, 0.032494591123013734, 0.030797239125018645, 0.029596570485564973, 0.02878995552363418, 0.02830344052803977, 0.02808552065705124, 0.028101930664871082, 0.02833156106335161, 0.028763444536568605, 0.02939463099809566, 0.03022878581027022, 0.031275329449389114, 0.03254899706604606, 0.034069698098292016, 0.03586260719577613]
7.610500085145197	2.856003873537754	[0.037930988910618905, 0.04036516721104248, 0.04318148421330232, 0.0464293740047171, 0.05016515071675359, 0.05445203347282779, 0.05935979502772694, 0.06496384071598782, 0.0713434920390469, 0.07857920972376767, 0.08674848785688413, 0.09592017107946771, 0.10614704215106013, 0.11745668888943585, 0.1298409328815722, 0.14324445725264856, 0.1575537106686226, 0.17258759717323638, 0.18809181586711868, 0.20373883207705826, 0.21913524239466964, 0.2338376215535641, 0.24737683918313796, 0.2592894072287499, 0.2691529481694591, 0.27662167678793265, 0.2814572312072212, 0.28355047878978473, 0.2829311091433126, 0.2797636799952642, 0.274330920766406, 0.2670070286812462, 0.2582250146846027, 0.24844262469804584, 0.2381109838174374, 0.22764907773392726, 0.21742582158812504, 0.20775009670311076, 0.19886801976492383, 0.19096598337654974, 0.18417768950511396, 0.17859342082039592, 0.17427004117667008, 0.17124057232688425, 0.1695225548684283, 0.16912471250060887, 0.17005165845280976, 0.17230651912258887, 0.17589140186772514, 0.18080564083775355, 0.18704172924648704, 0.194578841416618, 0.20337387996636744, 0.21335011573081425, 0.22438373619257038, 0.23628904154434408, 0.24880360811160598, 0.26157547580764795, 0.27415517781866444, 0.2859960673603845, 0.2964665982677387, 0.3048777009867498, 0.3105268332475558, 0.3127576059400774, 0.3110302520029357, 0.3049943149307306, 0.29455178073628835, 0.27989775216643137, 0.26152760003104447, 0.24020465292149473, 0.21689003256522021, 0.19264444134654726, 0.16851812501465663, 0.14544790239604688, 0.12417809327741303, 0.10521611996125765, 0.08882537548966205, 0.07505022100569508, 0.06376266471813458, 0.054718454813285244, 0.04761162043053037, 0.042119878563975845, 0.0379372674015743, 0.034793813594366195, 0.03246426871240119, 0.030768976447757803, 0.029569930106922715, 0.028764550755502848, 0.028278935720896844, 0.02806163178198635, 0.02807841470175863, 0.028308211176826956, 0.028740079061456744, 0.02937108948314543, 0.030204920718551423, 0.03125100440094293, 0.032524081414676755, 0.03404406724270349, 0.03583613968783413]
7.613350956827364	2.8551175422118167	[0.03790360086121866, 0.04033671630165245, 0.0431518688384317, 0.04639850666960685, 0.05013296369248548, 0.05441848854654388, 0.059324894039570836, 0.06492764062243896, 0.07130612100590901, 0.07854088735755713, 0.08670954526071412, 0.09588107260678176, 0.1061084030012213, 0.11741928867508655, 0.12980571757941378, 0.14321252843123033, 0.15752629414432623, 0.17256599136217252, 0.1880773155011043, 0.20373263330419222, 0.21913833271798264, 0.23385066903246826, 0.2474000920566677, 0.2593226226531303, 0.2691953609205854, 0.2766720197796516, 0.28151380684098204, 0.28361127695584115, 0.2829939553326309, 0.2798263963906607, 0.2743914779379095, 0.2670636716644533, 0.258276349771327, 0.2484876631270538, 0.23814914335611048, 0.22768015042672102, 0.2174499177358888, 0.20776757686726893, 0.1988794248392744, 0.19097197056103493, 0.184178979392212, 0.17859075759250775, 0.17426416673731965, 0.17123221248579418, 0.16951241653678908, 0.16911348856733113, 0.17004003932432996, 0.17229520733572617, 0.17588112929899008, 0.18079718457282387, 0.1870359257167925, 0.19457659378987596, 0.2033761577855524, 0.21335794017147788, 0.22439814938177968, 0.2363110525737996, 0.24883411589896623, 0.2616151644907285, 0.27420439208938613, 0.28605467309401367, 0.29653384967960306, 0.30495213343617633, 0.3106062155597155, 0.3128389755134502, 0.31111005973821254, 0.3050686792229768, 0.2946168396037448, 0.2799500639719453, 0.261564537009292, 0.24022470848419053, 0.21689298851671593, 0.19263135087969463, 0.16849112284792664, 0.14540987293055732, 0.12413227451837802, 0.10516570910790089, 0.08877321230526454, 0.0749985776578314, 0.06371316311584517, 0.05467208329152523, 0.047568829296632927, 0.04208070627429158, 0.03790147768631268, 0.03476101057514841, 0.03243399059618705, 0.030740754929630708, 0.029543329528483635, 0.028739183065275373, 0.02825446704451842, 0.028037777006080435, 0.028054932399540895, 0.028284893578509298, 0.02871674586548421, 0.029347579400673236, 0.030181087363235857, 0.031226710626071585, 0.03249919754559919, 0.03401846795836108, 0.035809704361147186]
7.6162018285095305	2.8542314426306716	[0.0378762451734496, 0.04030829769678774, 0.04312228626196534, 0.04636767193472732, 0.050100809480494383, 0.054384975851641516, 0.059290024949488214, 0.06489147115184399, 0.0712687793866902, 0.07850259207880503, 0.08667062732022796, 0.0958419950921292, 0.10606978091036685, 0.11738190032412427, 0.12977050881661298, 0.14318059971850597, 0.15749887148927016, 0.17254437253396532, 0.18806279597116116, 0.20372640921720134, 0.219141392919585, 0.23386368216642148, 0.2474233080789189, 0.25935579956111565, 0.2692377351394396, 0.2767223248850106, 0.2815703464115206, 0.2836720410964305, 0.283056770112118, 0.27988908380360566, 0.2744520087002961, 0.2671202904705764, 0.25832766289324716, 0.24853268153738414, 0.23818728479797005, 0.22771120682603055, 0.2174739993692713, 0.2077850442693455, 0.19889081880429801, 0.19097794826839484, 0.184180261194187, 0.17858808760913666, 0.17425828647155164, 0.1712238476420782, 0.16950227348132957, 0.16910226006828685, 0.1700284151307406, 0.17228388988941798, 0.17587084974722325, 0.1807887199869112, 0.18703011178184234, 0.1945743338158896, 0.2033784206271314, 0.21336574739807126, 0.22441254257075816, 0.23633304154214396, 0.24886459918479759, 0.26165482727676603, 0.27425357875381806, 0.2861132506950211, 0.29660107190592133, 0.30502653665601326, 0.31068556755584026, 0.3129203143523497, 0.311189834805264, 0.30514300960399476, 0.2946818619822777, 0.28000233831366844, 0.26160143527535734, 0.24024472724795476, 0.21689591048440413, 0.19261823342833934, 0.1684641015969127, 0.1453718359018, 0.12408645901748502, 0.10511531412036991, 0.08872107473824561, 0.07494696976464996, 0.06366370267586681, 0.05462575819785921, 0.04752608582635505, 0.04204158297080778, 0.037865735175044345, 0.03472825389736313, 0.03240375584858771, 0.0307125752920177, 0.029516767917157034, 0.028713853084373506, 0.0282300337640469, 0.028013956874095896, 0.02803148311613475, 0.02826160873476202, 0.028693444387484737, 0.02932410115006069, 0.030157285249671477, 0.031202448469912176, 0.03247434501630929, 0.03399290054884757, 0.035783300812482544]
7.6190527001916974	2.853345575292577	[0.037848921463652846, 0.04027991165587207, 0.04309273612435861, 0.046336870045776274, 0.050068687738476544, 0.05435149562936396, 0.05925518742807854, 0.06485533254927396, 0.07123146686305952, 0.07846432414335061, 0.08663173372855432, 0.09580293880698786, 0.10603117558521387, 0.11734452412539335, 0.12973530631654, 0.14314867141822726, 0.1574714424465891, 0.1725227410002226, 0.18804825704275044, 0.20372016012470737, 0.21914442278925572, 0.23387666124849085, 0.2474464870658607, 0.2593889382185715, 0.26928007067036736, 0.2767725923340585, 0.28162684979399455, 0.2837327714009874, 0.2831195533898033, 0.2799517423813885, 0.27451251299540913, 0.26717688520530136, 0.25837895402551164, 0.24857767999463312, 0.238225408149826, 0.22774224695920425, 0.21749806652470005, 0.20780249890036548, 0.1989022017243796, 0.19098391645520674, 0.18418153500267817, 0.17858541079409856, 0.17425240049878726, 0.1712154776880844, 0.1694921258510488, 0.16909102686504932, 0.17001678605354303, 0.17227256661436077, 0.17586056343019346, 0.18078024687878574, 0.18702428769984453, 0.19457206125941667, 0.20338066879380617, 0.2133735371382423, 0.22442691611016513, 0.23635500813602253, 0.24889505837040513, 0.2616944638071474, 0.27430273826610513, 0.2861717997553311, 0.29666826545600516, 0.3051009101845453, 0.31076488980344147, 0.3130016219366605, 0.3112695778338866, 0.30521730548955583, 0.2947468485693857, 0.2800545745375594, 0.26163829560065055, 0.24026470848491793, 0.21689879931701703, 0.19260508818878713, 0.16843706218115206, 0.14533379042987776, 0.12404064774329536, 0.10506493404692019, 0.08866896377231413, 0.0748953963186473, 0.06361428436111105, 0.05457947850050771, 0.0474833909323962, 0.04200250763875636, 0.03783004070989006, 0.03469554260265077, 0.03237356522864397, 0.0306844366606489, 0.02949024594308002, 0.02868856003515151, 0.02820563646113306, 0.02799017070446418, 0.028008067350661924, 0.028238356050904884, 0.028670175054063923, 0.02930065421004376, 0.030133514744145735, 0.03117821747007626, 0.03244952414553036, 0.03396736459700589, 0.03575692932526173]
7.621903571873864	2.852459940693614	[0.03782162982293079, 0.04025155798159256, 0.04306321850859303, 0.046306100817493305, 0.05003659854648829, 0.05431804770505867, 0.05922038155761128, 0.06481922465086781, 0.07119418352441305, 0.0784260833998185, 0.08659286458655321, 0.09576390361517388, 0.10599258714096015, 0.11730715996075705, 0.1297001102090209, 0.1431167434322331, 0.15744400715751042, 0.1725010966829746, 0.18803369886174442, 0.2037138859675545, 0.21914742246861696, 0.23388960623651223, 0.24746962914618814, 0.25942203859942214, 0.26932236762265066, 0.276822822117264, 0.28168331707446587, 0.28379346787755005, 0.28318230522663707, 0.28001437215014957, 0.27457299085824, 0.2672334559125593, 0.25843022317703357, 0.24862265855974314, 0.23826351339509155, 0.22777327090342814, 0.2175221191611916, 0.20781994085325833, 0.19891357353547814, 0.19098987523005453, 0.18418280073193397, 0.17858272727210014, 0.17424650871283331, 0.17120710276579376, 0.16948197352047212, 0.16907978911868807, 0.17000515194897228, 0.17226123769299284, 0.1758502701865822, 0.1807717654546238, 0.1870184532923386, 0.1945697763523324, 0.20338290209002974, 0.21338130965061072, 0.2244412697871232, 0.23637695264057246, 0.24892549322516483, 0.26173407439199137, 0.274351870377417, 0.28623032060760056, 0.29673543006230607, 0.30517525437447124, 0.3108441820155943, 0.313082898637838, 0.3113492885170413, 0.30529156727113416, 0.29481179903741933, 0.2801067730591815, 0.261675117636434, 0.24028465263906162, 0.21690165464257632, 0.19259191563254213, 0.16841000419972174, 0.14529573700310888, 0.12399484025827323, 0.10501456937348064, 0.08861687893007937, 0.07484385778294775, 0.06356490766226684, 0.05453324462546761, 0.047440744093178125, 0.04196348066070692, 0.03779439378170282, 0.034662877029108315, 0.03234341826080219, 0.03065633933011653, 0.02946376317686515, 0.028663304170413184, 0.028181274756217404, 0.027966418710860023, 0.02798468477059123, 0.0282151357053906, 0.028646937573426533, 0.029277238728835142, 0.03010977558813315, 0.03115401775010509, 0.032424734700814126, 0.03394186020739054, 0.03573058968696884]
7.624754443556031	2.851574539327779	[0.03779437070668038, 0.04022323612368794, 0.04303373384241668, 0.046275363726379574, 0.05000454231915715, 0.05428463157192102, 0.059185607752439105, 0.06478314695973253, 0.07115692979579998, 0.07838786935765545, 0.0865540203383517, 0.09572488903185437, 0.10595401604561251, 0.11726980735293976, 0.12966492098591761, 0.143084815294385, 0.15741656613209645, 0.17247943913177205, 0.188019121945413, 0.20370758631589803, 0.21915039246752863, 0.23390251672614887, 0.2474927348069216, 0.25945510032952396, 0.2693646264472731, 0.27687301389493224, 0.2817397486591049, 0.28385413022431993, 0.2832450259801798, 0.2800769728479904, 0.2746334425978575, 0.26729000237033324, 0.25848147061063464, 0.24866761704855586, 0.23830160075326262, 0.22780427850920223, 0.2175461574578504, 0.2078373700099984, 0.1989249343790435, 0.19099582450422065, 0.18418405848813954, 0.17858003698313435, 0.17424061118638826, 0.1711987228450689, 0.16947181652962431, 0.1690685468318685, 0.16999351282384986, 0.17224990316543287, 0.17583996998774382, 0.1807632757982513, 0.1870126084908149, 0.19456747922983744, 0.2033851204005743, 0.21338906513056474, 0.22445560343026355, 0.23639887532110473, 0.24895590350989683, 0.2617736593771533, 0.2744009747676451, 0.2862888136898823, 0.2968025653101963, 0.305249569768648, 0.3109234436695814, 0.313164145116342, 0.31142896621041005, 0.3053657957386391, 0.2948767126079346, 0.2801589348079021, 0.2617119004614431, 0.24030456078545015, 0.21690447539490354, 0.19257871697708487, 0.16838292644632366, 0.14525767696044, 0.12394903522816023, 0.10496422151921836, 0.08856481877370041, 0.07479235560331408, 0.06351557108001095, 0.054487057991796185, 0.04739814380514069, 0.04192450338470145, 0.03775879294270095, 0.03463025842128487, 0.032313313601463355, 0.030628284421202044, 0.02943731840760074, 0.028638086479019033, 0.028156947579352793, 0.027942701753188682, 0.02796133443972274, 0.028191948440806518, 0.02862373112656416, 0.02925385534870283, 0.03008606705923168, 0.031129849871178, 0.03239997603541532, 0.03391638787930677, 0.03570428130731637]
7.627605315238198	2.850689371686826	[0.03776714271078526, 0.04019494732770588, 0.04300428080886013, 0.04624465995477833, 0.04997251779365405, 0.05425124838198015, 0.059150864778478814, 0.06474710062430653, 0.07111970445435509, 0.0783496831815089, 0.08651519976296265, 0.09568589624953486, 0.10591546107892301, 0.11723246752400579, 0.1296297374344962, 0.14305288824652707, 0.157389118178791, 0.17245776958697423, 0.18800452514227625, 0.20370126237844816, 0.2191533316967221, 0.23391539386060603, 0.2475158030441048, 0.2594881244552452, 0.26940684624689326, 0.27692316859260074, 0.2817961437736067, 0.2839147592312718, 0.2833077150083839, 0.2801395451232941, 0.27469386770615684, 0.2673465250863026, 0.2585326959480259, 0.24871255583367016, 0.2383396699685855, 0.2278352700220825, 0.21757018127346747, 0.20785478649741113, 0.19893628422155293, 0.19100176429274407, 0.18418530834106364, 0.1785773398349649, 0.17423470809150016, 0.17119033772782594, 0.16946165515575795, 0.16905729969856376, 0.16998186906769833, 0.17223856261176346, 0.1758296633465435, 0.18075477736587933, 0.18700675394610958, 0.19456516921030256, 0.20338732453168196, 0.21339680274106054, 0.22446991802055508, 0.23642077516468618, 0.2489862904006285, 0.2618132175513126, 0.2744500528287316, 0.2863472775685865, 0.29686967282906696, 0.30532385468606743, 0.3110026766553469, 0.3132453594172759, 0.3115086130902939, 0.3054399886364113, 0.29494159177168067, 0.2802110572030469, 0.2617486469060385, 0.2403244300021238, 0.2169072647540904, 0.19256548895818457, 0.16835583242978644, 0.1452196067193017, 0.12390323642686656, 0.10491388664304677, 0.08851278723736901, 0.07474088578177017, 0.06346627857806278, 0.05444091458015036, 0.04735559392655365, 0.041885571916062736, 0.03772324182708047, 0.034597683136287666, 0.03228325457360792, 0.030600268628905056, 0.029410914599073804, 0.028612904031550146, 0.028132657525818987, 0.02791901727271608, 0.027938018606824724, 0.028168792034457133, 0.028600557658182497, 0.029230502132304086, 0.030062390850316607, 0.031105712125531502, 0.032375249644283156, 0.03389094608081046, 0.03567800553398736]
7.630456186920365	2.849804438260416	[0.03773994704174461, 0.04016669032045053, 0.04297486053670716, 0.0462139882961205, 0.04994052605474597, 0.0542178969681171, 0.059116153704450725, 0.06471108449713804, 0.07108250857462182, 0.07831152373144817, 0.08647640395553106, 0.0956469241314033, 0.1058769233628274, 0.1171951393434914, 0.12959456069938172, 0.1430209611747684, 0.15736166444970345, 0.17243608696720686, 0.1879899095868111, 0.2036949131262363, 0.21915624124174132, 0.23392823668504345, 0.24753883486238862, 0.2595211101170033, 0.2694490279181018, 0.2769732854638051, 0.2818525031876123, 0.2839753542772765, 0.28337037294410145, 0.2802020884856323, 0.27475426667710784, 0.26740302369974694, 0.2585838995477126, 0.24875747467861886, 0.23837772127069598, 0.22786624532238553, 0.217594190716534, 0.20787219030531548, 0.1989476230575743, 0.19100769468948095, 0.18418655017684116, 0.17857463602292326, 0.17422879920881737, 0.17118194771184847, 0.16945148907389027, 0.1690460481238026, 0.169970220246324, 0.17222721655281445, 0.17581934971240257, 0.18074627080605876, 0.18700088898054545, 0.1945628470845485, 0.20338951366464852, 0.21340452343136196, 0.22448421258172965, 0.23644265329581318, 0.24901665274522242, 0.26185275023098364, 0.2744991032133791, 0.28640571376921975, 0.2969367510564785, 0.30539811087942675, 0.31108187917413205, 0.3133265435413007, 0.31158822709857803, 0.305514148236995, 0.2950064341872557, 0.28026314281401915, 0.26178535432497124, 0.24034426317386826, 0.21691001976083116, 0.19255223477417782, 0.16832871888519205, 0.14518152975417908, 0.12385744032066269, 0.1048635684161043, 0.08846078059261116, 0.07468945207297904, 0.06341702634520643, 0.05439481810136588, 0.04731309069879268, 0.041846689801317616, 0.037687736860720335, 0.03456515445951062, 0.032253237889814226, 0.030572294914769222, 0.029384548808522277, 0.028587759440271022, 0.028108402011136957, 0.027895367540301474, 0.027914735024783536, 0.028145668447994942, 0.028577415216316522, 0.029207180778137585, 0.030038745252997167, 0.03108160599943873, 0.032350554010190706, 0.03386553613566352, 0.035651760992657947]
7.633307058602532	2.848919739536072	[0.03771278360285744, 0.040138465087302844, 0.042945472932286094, 0.046183348739100544, 0.04990856701218602, 0.05418457732509498, 0.05908147444486, 0.06467509858248392, 0.07104534207791874, 0.0782733910252054, 0.0864376328466585, 0.0956079727125357, 0.10583840283946931, 0.11715782286662053, 0.12955939073530692, 0.14298903415515124, 0.15733420491107428, 0.17241439136718573, 0.18797527525330315, 0.20368853866804057, 0.21915912107989152, 0.23394104531669158, 0.2475618302371184, 0.2595540574357302, 0.2694911714307463, 0.2770233646304083, 0.2819088268636926, 0.2840359154842067, 0.28343299974195896, 0.28026460305695494, 0.2748146394570395, 0.2674594983330331, 0.2586350813473381, 0.2488023737065244, 0.23841575458820005, 0.22789720453433443, 0.21761818570645766, 0.20788958155946383, 0.19895895079744894, 0.19101361582232013, 0.18418778389727453, 0.17857192567790348, 0.17422288443255823, 0.1711735529321931, 0.16944131817204713, 0.16903479224812518, 0.16995856624334185, 0.17221586513582002, 0.175809028966625, 0.180737756273414, 0.1869950134754635, 0.19456051301428653, 0.203391687683406, 0.21341222736851764, 0.22449848700309372, 0.23646450988342274, 0.24904699044144946, 0.26189225758195733, 0.274548125831301, 0.2864641224483207, 0.2970037999178599, 0.305472338489668, 0.31116105117083087, 0.31340769760823006, 0.3116678082030322, 0.3055882746356019, 0.29507123984832095, 0.28031519171096364, 0.26182202273990035, 0.24036406034746344, 0.216912740463739, 0.19253895444881713, 0.1683015858804463, 0.14514344606116503, 0.12381164698182003, 0.10481326679864202, 0.08840879889937975, 0.0746380543964981, 0.0633678144188835, 0.054348768438616156, 0.047270634136761795, 0.0418078568998423, 0.03765227804284729, 0.034532672241358885, 0.03222326354146405, 0.03054436313169857, 0.02935822102460519, 0.028562652566724325, 0.02808418102325398, 0.027871752427886153, 0.027891483680989693, 0.028122577563002887, 0.028554303787393223, 0.02918389117566617, 0.0300151302525117, 0.03105753138836126, 0.032325889117431714, 0.03384015794376183, 0.03562554766747088]
7.636157930284699	2.8480352759992087	[0.03768565155885586, 0.040110272323246536, 0.042916117216364, 0.04615274193901543, 0.049876639924256824, 0.0541512900881686, 0.059046826282043684, 0.06463914351162132, 0.07100820426237926, 0.07823528570197875, 0.08639888574717217, 0.09556904264691012, 0.1057998988340885, 0.11712051876263492, 0.12952422688787132, 0.14295710786511345, 0.15730673893806957, 0.17239268345781797, 0.1879606215578301, 0.20368213964750964, 0.21916197068062626, 0.23395382034866696, 0.24758478870379078, 0.25958696693238287, 0.26953327639817887, 0.27707340652457557, 0.28196511450266304, 0.28409644318521843, 0.283495595196344, 0.2803270890671442, 0.2748749859359329, 0.26751594911296084, 0.25868624133087903, 0.2488472529441052, 0.23845376999513435, 0.22792814758897686, 0.2176421664026382, 0.20790696009995688, 0.1989702676818851, 0.1910195274446093, 0.18418900982196668, 0.17856920846951876, 0.17421696416105786, 0.1711651529761233, 0.16943114292960573, 0.16902353157594333, 0.16994690762382184, 0.17220450777991267, 0.175798701766467, 0.18072923309763442, 0.1869891281877961, 0.1945581662342959, 0.20339384745192893, 0.21341991368627067, 0.22451274226177007, 0.23648634395421028, 0.2490773045837368, 0.26193173851864066, 0.27459712189667507, 0.28652250240363186, 0.2970708207492316, 0.3055465361933505, 0.31124019410711523, 0.3134888201668097, 0.3117473579985223, 0.3056623662429328, 0.29513601049514265, 0.28036720215368494, 0.2618586540512573, 0.2403838196201111, 0.2169154289329768, 0.192525645911066, 0.16827443564726277, 0.1451053534070585, 0.12376585876769237, 0.1047629794208048, 0.08835684457823739, 0.07458669029784665, 0.06331864520607826, 0.054302763129842814, 0.047228226557734274, 0.041769070829932343, 0.037616867536848286, 0.03450023425888002, 0.03219333349254364, 0.030516471268528723, 0.029331932988158105, 0.028537581633915485, 0.028059996077408885, 0.027848170388332993, 0.02786826588003627, 0.028099518039693662, 0.028531224491728256, 0.029160632160554537, 0.02999154681663357, 0.031033487268969522, 0.032301255813671735, 0.03381481059012089, 0.035599366316293665]
7.639008801966866	2.8471510481331	[0.037658551244136446, 0.04008211159798952, 0.042886793699574044, 0.046122167489844455, 0.04984474508919989, 0.05411803486850184, 0.059012209511871846, 0.06460321890874961, 0.07097109542998052, 0.07819720739775789, 0.08636016297158677, 0.09553013358362018, 0.1057614116771635, 0.11708322669691462, 0.12948906950270914, 0.14292518199037638, 0.15727926688550828, 0.17237096294913204, 0.18794594885346938, 0.20367571580249244, 0.21916479038128195, 0.2339665615501102, 0.24760771057002323, 0.2596198384114165, 0.26957534308713793, 0.2771234109904592, 0.2820213663231947, 0.2841569372677552, 0.2835581594741773, 0.2803895464486194, 0.27493530622779655, 0.26757237601654804, 0.25873737956007564, 0.24889211241126258, 0.2384917675028868, 0.22795907454692602, 0.21766613276867572, 0.20792432602614344, 0.19898157362928628, 0.1910254296931216, 0.1841902278263137, 0.17856648457172605, 0.17421103822826908, 0.171156748055868, 0.16942096313989086, 0.16901226636021885, 0.16993524414041924, 0.17219314478240605, 0.17578836782294954, 0.1807207016247261, 0.18698323278504456, 0.1945558071437287, 0.2033959925915297, 0.21342758284083096, 0.22452697792969678, 0.23650815602429556, 0.24910759469128105, 0.2619711936187067, 0.27464609087260144, 0.286580854275159, 0.29713781295406577, 0.3056207046936503, 0.3113193073226193, 0.3135699119857289, 0.31182687575574, 0.3057364238986027, 0.2952007453240704, 0.280419175061292, 0.2618952473762279, 0.24040354199840272, 0.2169180842024414, 0.1925123102545309, 0.16824726713319307, 0.14506725295633396, 0.12372007454119574, 0.10471270748572466, 0.08830491642113777, 0.0745353609781617, 0.06326951745874616, 0.054256803335047774, 0.0471858667188574, 0.041730332679025914, 0.03758150415321841, 0.03446784150489776, 0.032163446645532404, 0.03048862021065451, 0.029305683715704328, 0.02851254741592659, 0.0280358463094812, 0.0278246220886516, 0.02784508086987832, 0.028076490448545828, 0.0285081766747611, 0.029137404221098652, 0.02996799437083622, 0.03100947406315375, 0.03227665358710205, 0.03378949444572659, 0.03557321647453177]
7.641859673649033	2.8462670564189243	[0.037631482961400044, 0.04005398251207869, 0.042857502662799134, 0.046091625014844366, 0.049812882776760936, 0.054084811305595976, 0.05897762440240441, 0.06456732442594552, 0.07093401585526167, 0.07815915577609821, 0.08632146480721109, 0.09549124519884863, 0.10572294167224092, 0.11704594636101946, 0.12945391889910562, 0.14289325624136734, 0.1572517890831686, 0.17234922957390209, 0.18793125747072742, 0.20366926689124443, 0.21916758050036012, 0.23397926870767927, 0.24763059612910546, 0.2596526716908817, 0.26961737175455636, 0.27717337788061924, 0.2820775825384088, 0.28421739762176607, 0.2836206927412413, 0.2804519751306562, 0.27499560045054405, 0.26762877901278087, 0.2587884961061039, 0.2489369521154838, 0.23852974713770597, 0.2279899854520173, 0.21769008478794116, 0.20794167941604377, 0.19899286858225607, 0.19103132267866643, 0.18419143781413796, 0.17856375412791525, 0.17420510650085294, 0.17114833834852902, 0.16941077863339862, 0.169000996814182, 0.16992357558765958, 0.1721817763961397, 0.17577802689390104, 0.18071216215129127, 0.18697732698665506, 0.19455343608722392, 0.2033981227806638, 0.21343523522864286, 0.22454119364097555, 0.23652994654471468, 0.24913786035004412, 0.2620106233895511, 0.27469503229313746, 0.28663917862801475, 0.2972047760110214, 0.3056948446153267, 0.3113983902369937, 0.3136509737527045, 0.3119063608306419, 0.30581044835828497, 0.29526544362128815, 0.28047111126392016, 0.26193180192514837, 0.24042322839306268, 0.21692070540244068, 0.19249894847066612, 0.16822007938671257, 0.14502914576762752, 0.12367429327086898, 0.10466245208962639, 0.08825301332792632, 0.07448406753270115, 0.0632204300349859, 0.05421089011175989, 0.0471435534779366, 0.04169164343829442, 0.037546186795015736, 0.03443549488458585, 0.03213360198589322, 0.03046081076574801, 0.029279472296677603, 0.02848755061917047, 0.028011730918550675, 0.02780110813748634, 0.027821927952955884, 0.02805349530973273, 0.028485159729041663, 0.029114207801918156, 0.02994447238176347, 0.030985492154343115, 0.03225208196250435, 0.03376420984703607, 0.03554709771080161]
7.6447105453312	2.8453833013357133	[0.037604446148759005, 0.040025885498440626, 0.0428282435810397, 0.046061114922650366, 0.049781052487188296, 0.05405161979726845, 0.058943070471144374, 0.06453146046156175, 0.07089696506846427, 0.07812113124492065, 0.08628279079592999, 0.09545237791592208, 0.10568448837474954, 0.11700867819509504, 0.1294187746501584, 0.14286133107087023, 0.15722430512716948, 0.1723274837874024, 0.18791654703451677, 0.20366279335660875, 0.2191703406975144, 0.23399194223493194, 0.2476534450817287, 0.259685467139728, 0.2696593621486819, 0.2772233075080609, 0.28213376294990233, 0.2842778244975552, 0.2836831948562251, 0.28051437529794404, 0.2750558685209617, 0.2676851582206248, 0.2588395909425226, 0.24898177211182929, 0.23856770892729331, 0.22802088029834036, 0.21771402253936806, 0.20795902020605025, 0.19900415266856022, 0.191037206282918, 0.1841926399607392, 0.1785610169673135, 0.17419916920184755, 0.17113992363218952, 0.16940058968281343, 0.168989722664934, 0.16991190229140038, 0.17217040229615757, 0.1757676793631637, 0.1807036142979867, 0.18697141123997058, 0.19455105262758499, 0.20340023853566386, 0.21344287035032145, 0.22455538998566102, 0.23655171494909524, 0.24916810222733812, 0.2620500271929744, 0.27474394690530757, 0.28669747474743196, 0.29727171074898834, 0.30576895516200614, 0.31147744376414427, 0.31373200458366873, 0.3119858142278418, 0.3058844386428523, 0.29533010649125935, 0.28052300967967975, 0.26196831891316186, 0.24044287761287111, 0.21692329386486808, 0.1924855592547419, 0.16819287384835424, 0.1449910304236871, 0.12362851647766622, 0.1046122117152069, 0.0882011368548343, 0.07443280837530494, 0.06317138447457168, 0.054165021855636576, 0.04710128831029244, 0.04165300154574496, 0.03751091683474689, 0.03440319293353649, 0.03210380075694188, 0.030433041604919088, 0.02925329983166595, 0.028462590066822224, 0.027987650861438194, 0.027777627508056995, 0.027798807951764228, 0.02803053173198183, 0.028462174359307812, 0.02909104212634263, 0.02992098145648188, 0.03096154085788144, 0.03222754146998865, 0.03373895618006691, 0.035521010497816266]
7.647561417013367	2.8444997833604537	[0.03757744084815354, 0.039997820409249686, 0.04279901649190395, 0.04603063707413566, 0.049749254257672175, 0.05401846021264718, 0.05890854775899438, 0.06449562689388896, 0.07085994311849711, 0.07808313369369879, 0.08624414099868302, 0.09541353163815326, 0.1056460518606274, 0.11697142211875607, 0.12938363684766177, 0.1428294064160697, 0.1571968151230192, 0.17230572554376988, 0.18790181765881475, 0.20365629516731096, 0.2191730710879195, 0.2340045821121339, 0.24767625753689726, 0.2597182247473783, 0.2697013143666573, 0.27727319987037985, 0.28218990763964275, 0.2843382179010262, 0.2837456658845569, 0.280576746965115, 0.27511611048766843, 0.2677415136635115, 0.25889066410133826, 0.24902657243215853, 0.23860565288747893, 0.22805175912563033, 0.21773794602325433, 0.20797634844336646, 0.19901542587381268, 0.19104308056053315, 0.1841938342380767, 0.17855827315256784, 0.17419322629073042, 0.17113150397863117, 0.16939039623636556, 0.16897844399508394, 0.16990022418980388, 0.17215902257795068, 0.17575732515979486, 0.18069505817531506, 0.18696548546551647, 0.19454865689215345, 0.203402339768547, 0.2134504883512025, 0.22456956686666688, 0.2365734614010197, 0.24919832021584845, 0.2620894052102091, 0.27479283459016407, 0.28675574283124433, 0.29733861703596515, 0.3058430365472064, 0.31155646775767076, 0.31381300470762397, 0.3120652357852561, 0.30595839499787075, 0.29539473375523034, 0.2805748705732888, 0.2620047981443522, 0.2404624899444307, 0.2169258493754699, 0.19247214291412532, 0.1681656502811345, 0.14495290724325977, 0.123582743894003, 0.10456198667576048, 0.08814928669771191, 0.07438158379673962, 0.06312238044012816, 0.05411919882495515, 0.04705907085985917, 0.04161440722560877, 0.037475693917785304, 0.03437093584488459, 0.03207404262331188, 0.030405312893597946, 0.029227166015398598, 0.028437665898998026, 0.02796360586651564, 0.02775418031704902, 0.027775720626697923, 0.02800759981071974, 0.028439220353657882, 0.02906790727131291, 0.02989752140561793, 0.030937620235485627, 0.032203031937777946, 0.03371373349483155, 0.03549495467728205]
7.6504122886955335	2.8436165029679885	[0.037550467166012555, 0.03996978703444803, 0.04276982149391278, 0.046000191270678274, 0.04971748818439387, 0.05398533236259433, 0.05887405636524449, 0.064459823542982, 0.07082295011303309, 0.07804516295282901, 0.0862055155361395, 0.09537470620846646, 0.1056076322667126, 0.11693417798991615, 0.12934850564528697, 0.14279748215163993, 0.1571693192384828, 0.172283954734762, 0.18788706951924944, 0.2036497722310303, 0.2191757718465206, 0.23401718826109677, 0.247699033660171, 0.25975094444856184, 0.2697432285578477, 0.2773230549151843, 0.2822460167367497, 0.2843985777933869, 0.2838081059334011, 0.28063909010757493, 0.2751763264355955, 0.2677978453309902, 0.25894171564571383, 0.24907135307949088, 0.23864357906050856, 0.2280826219494387, 0.21776185526198114, 0.2079936641552633, 0.1990266882016828, 0.19104894555015633, 0.1841950206323221, 0.17855552273405603, 0.17418727773740614, 0.17112307945113142, 0.16938019824883865, 0.16896716088273492, 0.1698885412234319, 0.17214763733694377, 0.17574696421057723, 0.18068649389879002, 0.18695954957607092, 0.19454624901920756, 0.20340442637702494, 0.21345808939455996, 0.2245837241647122, 0.23659518609035404, 0.24922851417669925, 0.2621287576587789, 0.27484169518630275, 0.28681398312550277, 0.297405494684984, 0.3059170890465313, 0.3116354620018414, 0.3138939744312321, 0.31214462525503794, 0.30603231776358397, 0.2954593251304224, 0.2806266943225243, 0.26204123929951134, 0.24048206580678833, 0.21692837157748343, 0.1924586999076655, 0.16813840828761156, 0.14491477671335548, 0.12353697507697471, 0.10451177746540234, 0.08809746236736414, 0.07433039427525706, 0.06307341740612767, 0.05407342146524115, 0.04701690058631984, 0.04157586088230243, 0.03744051751539819, 0.03433872397931212, 0.032044327090245635, 0.030377624948559574, 0.02920107040037322, 0.028412778389564904, 0.027939595537477525, 0.027730766797761187, 0.027752665629842438, 0.027984699742582685, 0.02841629740609613, 0.029044803401992527, 0.02987409195734775, 0.030913730426734818, 0.032178553120690255, 0.033688541911376726, 0.03546893002414196]
7.6532631603777	2.842733460631122	[0.0375235249879649, 0.03994178537747612, 0.042740658478450384, 0.04596977751635836, 0.04968575416433371, 0.05395223625502229, 0.058839596193399624, 0.06442405042425127, 0.0707859859639869, 0.07800721904920786, 0.08616691433119943, 0.09533590166894475, 0.1055692295294361, 0.11689694586829052, 0.12931338099450704, 0.14276555835502241, 0.15714181743960587, 0.17226217145264114, 0.18787230259372253, 0.20364322464938264, 0.21917844295893799, 0.23402976078636054, 0.24772177344089605, 0.25978362634529334, 0.2697851047127595, 0.27737287273860384, 0.282302090231912, 0.2844589042634351, 0.2838705149934702, 0.28070140480639455, 0.2752365163553411, 0.26785415329638623, 0.2589927455657729, 0.24911611411958967, 0.23868148743562898, 0.2281134688283722, 0.21778575024369895, 0.20801096739381564, 0.19903793963930483, 0.1910548012981377, 0.18419619913004345, 0.17855276575338183, 0.17418132352876511, 0.1711146500876979, 0.16936999570879105, 0.1689558733635402, 0.16987685338425615, 0.17213624660759963, 0.17573659651290324, 0.1806779215025061, 0.18695360357651555, 0.1945438290426505, 0.20340649837539262, 0.21346567351336787, 0.2245978619051073, 0.2366168890473351, 0.24925868414741173, 0.2621680845633588, 0.27489052874430153, 0.2868721956457957, 0.29747234376038695, 0.30599111266281875, 0.31171442657567144, 0.3139749137415174, 0.3122239827324118, 0.3061062069095418, 0.29552388073072927, 0.2806784808795626, 0.2620776425139086, 0.2405016051355032, 0.21693086062777778, 0.19244523015273982, 0.16811114803995222, 0.1448766387268456, 0.12349121020006788, 0.10446158394374253, 0.08804566402211483, 0.0742792396331342, 0.06302449550478262, 0.05402768956751117, 0.04697477759414086, 0.04153736229022747, 0.0374053877091919, 0.03430655711114121, 0.03201465422263715, 0.03034997755649367, 0.029175013038986914, 0.028387927343860832, 0.027915619916241644, 0.027707386775354836, 0.027729642993543274, 0.02796183137072007, 0.028393405540181934, 0.029021730376446894, 0.029850693127559474, 0.030889871301403863, 0.03215410502846086, 0.03366338130842269, 0.03544293654386173]
7.656114032059867	2.8418506568205673	[0.037496614120081304, 0.03991381551733799, 0.04271152726479719, 0.04593939588455672, 0.04965405202789124, 0.05391917196255407, 0.058805167084500495, 0.06438830761437075, 0.07074905052422048, 0.07796930206785413, 0.08612833725086753, 0.0952971181161553, 0.10553084353284188, 0.11685972586322715, 0.12927826279904137, 0.1427336351467633, 0.15711430965142087, 0.1722403758244389, 0.18785751682888244, 0.20363665254854077, 0.21918108439257947, 0.23404229980452695, 0.24774447686581735, 0.2598162705362243, 0.2698269428363086, 0.2774226534149569, 0.2823581281480417, 0.28451919735773723, 0.28393289310658393, 0.28076369107965093, 0.27529668030883564, 0.26791043754993527, 0.25904375394401197, 0.24916085551562409, 0.23871937811527302, 0.2281442996990586, 0.2178096310896149, 0.20802825806966824, 0.19904918032581212, 0.1910606476900257, 0.18419736988828841, 0.17855000207220753, 0.1741753638406787, 0.17110621572741708, 0.16935978881261746, 0.16894458125522815, 0.16986516089140946, 0.17212485018730087, 0.1757262223109913, 0.1806693407642732, 0.1869476477380984, 0.19454139672124898, 0.20340855606280706, 0.2134732404476646, 0.22461198041416813, 0.23663856999356048, 0.24928883047899172, 0.26220738562780727, 0.27493933563637885, 0.2869303800798837, 0.2975391646524035, 0.30606510707019435, 0.3117933618854042, 0.3140558223008216, 0.3123033086388108, 0.30618006208569104, 0.2955884009929973, 0.2807302298789883, 0.2621140082416555, 0.24052110754665698, 0.21693331700015703, 0.1924317332440724, 0.16808387002935687, 0.1448384928523161, 0.12344544975942015, 0.10441140564743792, 0.08799389214269977, 0.07422811937535767, 0.0629756151825893, 0.05398200261758127, 0.04693270228520041, 0.04149891093837989, 0.03737030485395888, 0.03427443475583939, 0.03198502432942603, 0.03032237027578056, 0.029148994196479358, 0.028363112370224545, 0.027891679227032628, 0.027684039907410515, 0.02770665290467622, 0.027938994396551547, 0.028370544910188557, 0.02899868793256592, 0.029827325043378778, 0.030866042626329235, 0.03212968776673325, 0.03363825147508389, 0.035416974326130495]
7.658964903742034	2.840968092004937	[0.03746973444724575, 0.03988587745877243, 0.04268242774367026, 0.04590904638050161, 0.049622381671337173, 0.05388613949428824, 0.058770768941264935, 0.06435259512994639, 0.07071214370452496, 0.07793141203700711, 0.08608978421654634, 0.09525835559393327, 0.10549247421149817, 0.11682251803691891, 0.12924315100813374, 0.1427017126077256, 0.15708679583717272, 0.17221856794667137, 0.1878427121987296, 0.203630056034784, 0.21918369612747826, 0.2340548054249426, 0.2477671439169726, 0.2598488771287309, 0.26986874291071655, 0.27747239704719046, 0.2824141304674284, 0.28457945717385374, 0.2839952402550167, 0.2808259490186629, 0.27535681827747244, 0.26796669817583363, 0.25909474075988925, 0.24920557734443533, 0.23875725107650544, 0.2281751146316274, 0.21783349777458785, 0.2080455362473157, 0.19906041023430618, 0.19106648478575594, 0.18419853287894158, 0.17854723174690912, 0.1741693986446058, 0.17109777642417293, 0.16934957753255556, 0.16893328461035165, 0.1698534637195573, 0.17211344812836374, 0.17571584158390294, 0.18066075173690332, 0.1869416820463904, 0.19453895210835812, 0.20341059943346457, 0.21348079025047786, 0.2246260796967497, 0.23666022897981995, 0.2493189531888145, 0.26224666089767057, 0.2749881158938819, 0.2869885364639235, 0.2976059574070844, 0.3061390722904282, 0.3118722679920597, 0.31413670011203887, 0.3123826030514739, 0.30625388327437214, 0.29565288601447365, 0.280781941284547, 0.26215033660496256, 0.24054057298776346, 0.21693574084261477, 0.192418209110512, 0.16805657442147529, 0.1448003389913322, 0.12339969392256209, 0.10436124244110126, 0.08794214688222915, 0.07417703332648536, 0.06292677656847079, 0.053936360407263066, 0.04689067476307434, 0.04146050660099575, 0.0373352690323347, 0.034242356686730736, 0.031955437477674056, 0.030294802891473842, 0.02912301392791917, 0.02833833327203675, 0.027867773514528196, 0.027660726017114518, 0.02768369539818881, 0.027916188661437035, 0.028347715541996166, 0.028975675926907894, 0.029803987722698867, 0.030842244270078693, 0.03210530134695587, 0.033613152289139726, 0.035391043377889585]
7.661815775424201	2.8400857666508275	[0.03744288659537891, 0.03985797049323096, 0.042653360496696026, 0.045878728336289344, 0.04959074365104039, 0.05385313820888333, 0.05873640231067741, 0.06431691234701298, 0.07067526605541484, 0.07789354834534884, 0.08605125579104157, 0.09521961350322762, 0.10545412214423326, 0.11678532180613774, 0.12920804621401874, 0.1426697901772391, 0.15705927659285776, 0.17219674729024306, 0.18782788928701924, 0.2036234346209659, 0.21918627871506627, 0.23406727721322426, 0.24778977509270617, 0.25988144575149913, 0.26991050536331324, 0.27752210333595917, 0.28247009753384766, 0.2846396834911129, 0.28405755669260885, 0.28088817848525727, 0.2754169304238948, 0.2680229351189291, 0.2591457060867601, 0.24925027963148919, 0.23879510630679515, 0.22820591372807222, 0.21785735020411104, 0.2080628021011071, 0.19907162919214874, 0.191072312829047, 0.1841996878544692, 0.17854445508951142, 0.17416342762021256, 0.17108933255943204, 0.16933936147603296, 0.16892198388313817, 0.16984176140274249, 0.1721020409629874, 0.1757054537894948, 0.18065215503706447, 0.18693570587886096, 0.19453649591199268, 0.2034126277792781, 0.21348832372733023, 0.22464015895365036, 0.23668186691366352, 0.24934905138126046, 0.26228591138519386, 0.2750368685202502, 0.2870466659166079, 0.2976727209231275, 0.30621300955135167, 0.31195114368524884, 0.3142175485175384, 0.31246186464379416, 0.30632767194135874, 0.2957173343412897, 0.28083361669719753, 0.2621866260101985, 0.24056000320634313, 0.21693813041298485, 0.19240465964847553, 0.16802925932529786, 0.14476217917064005, 0.1233539406624028, 0.10431109643658416, 0.08789042611017206, 0.07412598361865326, 0.06287797748560228, 0.0538907650191511, 0.04684869288029758, 0.041422151248777676, 0.03730027820342795, 0.03421032471481833, 0.03192589179367206, 0.03026727702509708, 0.02909707056071219, 0.028313591470576747, 0.02784390131445312, 0.027637446331865538, 0.02766076920496719, 0.027893415217952303, 0.028324916336389713, 0.028952695263531485, 0.02978068020601256, 0.03081847701694305, 0.03208094491917525, 0.03358808444302157, 0.035365142931450676]
7.664666647106368	2.8392036812227124	[0.03741606965167248, 0.039830095392904705, 0.042624324672412624, 0.04584844247999587, 0.0495591371560591, 0.053820168811959446, 0.058702066407131354, 0.06428125996613582, 0.07063841680690212, 0.0778557117012892, 0.08601275121606362, 0.09518089256769097, 0.10541578658598807, 0.11674813791026786, 0.12917294769132093, 0.14263786860276234, 0.15703175122311117, 0.172174914594695, 0.18781304744129104, 0.20361678901614141, 0.21918883156006522, 0.23407971582259662, 0.247812369869574, 0.25991397697847773, 0.2699522297562721, 0.27757177275799766, 0.28252602900625995, 0.284699876677938, 0.28411984218201014, 0.2809503797346982, 0.2754770166165114, 0.26807914852132997, 0.25919664989686764, 0.24929496240901913, 0.23883294387790457, 0.22823669691576068, 0.2178811885444002, 0.20808005545887398, 0.19908283745556135, 0.19107813155278724, 0.1842008351583482, 0.17854167174111707, 0.17415745119789022, 0.1710808836837949, 0.1693291411627419, 0.16891067853286135, 0.16983005455494943, 0.17209062805614153, 0.17569505964310705, 0.18064354993051604, 0.18692972006042632, 0.19453402729237254, 0.20341464204294363, 0.2134958399259404, 0.22465421925235426, 0.23670348272363753, 0.24937912625367537, 0.2623251358940572, 0.2750855948459543, 0.2871047671118951, 0.2977394566667581, 0.30628691739179653, 0.31202999057109765, 0.31429836591297117, 0.3125410951700846, 0.30640142632734085, 0.2957817478899926, 0.28088525418857807, 0.2622228785534188, 0.24057939609228732, 0.21694048799793095, 0.1923910825598234, 0.1680019272090283, 0.14472401091115766, 0.12330819258929326, 0.10426096500374822, 0.08783873251074502, 0.07407496753057455, 0.06282922060729151, 0.05384521372760318, 0.04680675921382881, 0.04138384224914663, 0.03726533477476307, 0.034178336386547874, 0.031896389463274714, 0.03023979045983529, 0.02907116603172839, 0.02828888500973558, 0.027820064311790304, 0.027614199150902838, 0.027637875774978806, 0.027870672595350393, 0.028302148538023778, 0.028929744666086433, 0.02975740356828576, 0.030794739746607035, 0.032056619424949334, 0.033563046936106664, 0.035339273828747006]
7.667517518788535	2.8383218361830744	[0.037389283983236744, 0.03980225169864302, 0.04259532061176105, 0.04581818837842144, 0.04952756251346684, 0.05378723088824512, 0.05866776155454127, 0.06424563758514527, 0.07060159628881807, 0.07781790171393577, 0.08597427083412051, 0.0951421924086008, 0.10537746789548882, 0.11671096598575646, 0.1291378558140888, 0.1426059475401236, 0.15700422011112575, 0.17215306953979218, 0.18779818704269288, 0.20361011892846764, 0.21919135502718193, 0.23409212099407017, 0.24783492858117218, 0.25994647058824033, 0.2699939163799556, 0.2776214051341627, 0.28258192512373875, 0.2847600366013439, 0.28418209690696405, 0.2810125526822462, 0.2755370769827359, 0.2681353383465172, 0.2592475722622533, 0.24933962568703613, 0.23887076380858654, 0.22826746424876318, 0.21790501276352203, 0.2080972964163867, 0.19909403494456163, 0.19108394109287466, 0.1842019746648323, 0.1785388818774048, 0.17415146920778224, 0.171072430013835, 0.16931891637952598, 0.16889936881955386, 0.16981834291955406, 0.17207920971512944, 0.17568465884342818, 0.18063493677645764, 0.1869237242428452, 0.19453154666541853, 0.20341664182615604, 0.21350333932326604, 0.22466826014073166, 0.23672507695097716, 0.24940917729609105, 0.2623643350318195, 0.2751342942992651, 0.2871628407250408, 0.29780616400068344, 0.3063607965564835, 0.31210880794251966, 0.3143791531159222, 0.3126202938480347, 0.30647514732876235, 0.2958461257964655, 0.28093685474250396, 0.2622590932822806, 0.24059875272477887, 0.21694281255199882, 0.19237747901923452, 0.16797457693179474, 0.14468583546727573, 0.12326244847046017, 0.104210849443335, 0.08778706477531464, 0.07402398636576005, 0.06278050458306983, 0.05379970779588746, 0.04676487242030063, 0.04134558078977235, 0.03723043746195542, 0.03414639278853306, 0.03186692930256535, 0.030212344165981023, 0.029045299281128523, 0.028264214738378497, 0.02779626157638895, 0.02759098520587838, 0.027615014299826945, 0.027847961419481863, 0.028279411444423145, 0.02890682467034485, 0.029734157194010735, 0.030771032922082643, 0.03203232431689172, 0.03353804017563604, 0.0353134355735906]
7.670368390470702	2.8374402319922947	[0.037362529636489554, 0.039774439259738247, 0.04256634835770012, 0.04578796588839118, 0.0494960197667566, 0.05375432430148896, 0.058633487801262964, 0.06421004507533525, 0.07056480455889103, 0.07778011826388252, 0.08593581471664467, 0.09510351291823733, 0.1053391661612077, 0.11667380593872922, 0.12910277068905154, 0.14257402691019266, 0.1569766833800044, 0.17213121206007392, 0.18778330822559935, 0.20360342430333228, 0.21919384925496305, 0.23410449268057404, 0.2478574513632593, 0.25997892653895105, 0.27003556536230655, 0.27767100042710624, 0.28263778600371686, 0.2848201632286044, 0.28424432097325775, 0.2810746972997965, 0.2755971116162787, 0.26819150457047497, 0.25929847326453803, 0.2493842694448554, 0.2389085661688223, 0.22829821570914427, 0.21792882292066765, 0.20811452495822227, 0.1991052217086111, 0.191089741436548, 0.18420310641478077, 0.17853608548886962, 0.17414548168329658, 0.1710639715444099, 0.1693086871534892, 0.1688880547440905, 0.16980662651839143, 0.17206778594896227, 0.17567425140774404, 0.18062631559445158, 0.1869177184389702, 0.19452905406372312, 0.2034186271365597, 0.21351082196724333, 0.22468228161934395, 0.23674664966092993, 0.24943920449897178, 0.2624035088826144, 0.27518296685659505, 0.287220886860372, 0.2978728428828153, 0.30643464717128677, 0.3121875957346695, 0.3144599102757509, 0.31269946058689313, 0.3065488351215751, 0.2959104679427851, 0.2809884185655595, 0.262295270051995, 0.24061807334368027, 0.21694510390323368, 0.1923638492968684, 0.1679472082906624, 0.14464765312762876, 0.12321670806498031, 0.10416075004392453, 0.08773542262058151, 0.07397304039502327, 0.06273182909233284, 0.0537542474668372, 0.0467230321574929, 0.041307367083517794, 0.037195585921773223, 0.034114494105983745, 0.03183751098525854, 0.030184938303839687, 0.029019470010519816, 0.028239580793753986, 0.027772492841489332, 0.027567804612434247, 0.02759218454302108, 0.027825281786213588, 0.028256704845310347, 0.028883935354909213, 0.029710940894168602, 0.030747356607781356, 0.032008059422461765, 0.03351306421523272, 0.035287628005873525]
7.673219262152869	2.836558869108775	[0.0373358060958706, 0.03974665846849761, 0.04253740742559917, 0.0457577753831184, 0.049464508451623417, 0.05372144941839061, 0.05859924469573419, 0.06417448280788161, 0.07052804117380365, 0.07774236173572123, 0.08589738242698222, 0.09506485450076473, 0.10530088095412109, 0.11663665819519961, 0.1290676918977634, 0.1425421071581831, 0.15694914062607498, 0.17210934261202762, 0.18776841060583194, 0.20359670559612325, 0.21919631388342062, 0.23411683132165037, 0.24787993788440205, 0.2600113452400344, 0.2700771764043994, 0.27772055900507514, 0.28269361138330223, 0.284880256880555, 0.28430651415684627, 0.28113681385919015, 0.2756571203333625, 0.26824764741750157, 0.25934935275965243, 0.24942889386184192, 0.23894635085188554, 0.22832895143400656, 0.21795261894329368, 0.20813174118168692, 0.1991163977066283, 0.19109553264358245, 0.18420423039716857, 0.1785332825996977, 0.17413948864373874, 0.171055508265445, 0.16929845353625822, 0.16887673626247354, 0.1697949054389922, 0.1720563566787054, 0.17566383746447106, 0.18061768626793176, 0.18691170282421354, 0.19452654932845637, 0.2034205982034536, 0.2135182876501033, 0.22469628397872687, 0.23676820058830303, 0.24946920822181304, 0.26244265711416487, 0.27523161295473453, 0.2872789051085125, 0.2979394938364721, 0.306508468739719, 0.31226635456727264, 0.31454063679833266, 0.31277859611244213, 0.3066224890026294, 0.2959747751696053, 0.28103994483512473, 0.2623314098257072, 0.24063735700097302, 0.21694736314060056, 0.1923501923196881, 0.16791982249173157, 0.1446094627003402, 0.12317097266825676, 0.10411066550909187, 0.08768380738645046, 0.07392212824621383, 0.06268319546902365, 0.05370883133885755, 0.04668123970837267, 0.04126919975559695, 0.03716078135158271, 0.0340826390429246, 0.03180813559959979, 0.030157571692354584, 0.02899367918656203, 0.028214982126029766, 0.02774875895043407, 0.027544656451156044, 0.02756938723207686, 0.027802632894246528, 0.028234029366329447, 0.028861076018401655, 0.02968775520984569, 0.0307237101823858, 0.03198382521631307, 0.033488118494742584, 0.035261851551158616]
7.676070133835036	2.835677747988856	[0.037309113635330855, 0.03971890895447777, 0.04250849807292164, 0.04572761650953251, 0.04943302881891809, 0.05368860589727936, 0.05856503249140888, 0.06413895044881864, 0.07049130639788458, 0.0777046318018594, 0.08585897424724392, 0.09502621683557973, 0.10526261257866669, 0.11659952244337918, 0.1290326197678199, 0.14251018798315382, 0.15692159219611046, 0.17208746090694743, 0.18775349454063833, 0.20358996253109019, 0.2191987492687456, 0.23412913665550417, 0.24790238848850682, 0.26004372644590235, 0.270118749829498, 0.27777008064188763, 0.2827494015601834, 0.28494031735293024, 0.2843686767273152, 0.281198902178511, 0.2757171033744133, 0.2683037667265218, 0.2594002109591479, 0.2494734987955399, 0.23898411804209035, 0.22835967129758725, 0.21797640099097576, 0.20814894497638664, 0.1991275630760439, 0.1911013146182565, 0.18420534672941996, 0.17853047312888784, 0.1741334901880305, 0.17104704011167768, 0.16928821560906368, 0.16886541332736477, 0.1697831797448884, 0.17204492187838394, 0.17565341705832563, 0.18060904879695786, 0.186905677421865, 0.1945240324915049, 0.20342255502420364, 0.2135257364422985, 0.2247102671836712, 0.2367897298495463, 0.24949918838797122, 0.26248177989674876, 0.2752802324648092, 0.2873368957015319, 0.2980061166685203, 0.30658226156372553, 0.31234508417100587, 0.3146213330642, 0.3128577000692895, 0.30669610944100967, 0.29603904702937445, 0.2810914341190251, 0.26236751206130293, 0.24065660436909678, 0.21694958962646976, 0.19233650885952078, 0.1678924188009133, 0.14457126503630952, 0.12312524145207893, 0.10406059673611301, 0.08763221816329278, 0.07387125082607275, 0.06263460275001793, 0.053663460295058654, 0.046639494096619466, 0.04123107964000147, 0.037126022804727016, 0.0340508283664294, 0.03177880226332083, 0.03013024502075526, 0.028967926011961118, 0.028190419342241518, 0.02772505919720139, 0.02752154124878747, 0.027546621747749137, 0.027780015197084906, 0.028211384464140198, 0.028838247051511574, 0.029664599660067893, 0.03070009398573607, 0.03195962126612953, 0.0334632033152898, 0.035236105813328526]
7.678921005517203	2.834796869086813	[0.03728245216903795, 0.0396911906966558, 0.04247962021602908, 0.04569748925027864, 0.049401580787753814, 0.053655793727054486, 0.05853085111138725, 0.06410344799671702, 0.0704546001602006, 0.07766692847439848, 0.08582059011475801, 0.09498759995212389, 0.105224360982393, 0.11656239873292511, 0.1289975542577416, 0.14247826945593084, 0.15689403805838337, 0.17206556703526366, 0.1877385600046558, 0.20358319521441204, 0.2192011553870329, 0.23414140879903783, 0.24792480314798296, 0.26007607027954, 0.27016028560225996, 0.2778195654635918, 0.2828051564889637, 0.2850003447738055, 0.28443080862847775, 0.2812609623882321, 0.27577706067247476, 0.2683598626312149, 0.2594510477852944, 0.24951808438338205, 0.23902186765063926, 0.22839037544127214, 0.21800016896349234, 0.2081661364878191, 0.19913871770514882, 0.19110708751061753, 0.1842064552887793, 0.1785276572318928, 0.17412748618332632, 0.17103856724519065, 0.16927797323036373, 0.16885408610888167, 0.16977144928759544, 0.17203348172741348, 0.17564299003595257, 0.1806004033709167, 0.18689964207606694, 0.1945215037517613, 0.20342449744311297, 0.21353316855008722, 0.22472423108163647, 0.23681123765418693, 0.24952914485154518, 0.2625208774373579, 0.27532882525176733, 0.2873948588372178, 0.29807271125972196, 0.3066560258254262, 0.31242378444753804, 0.31470199923433606, 0.3129367723840455, 0.3067696965726827, 0.2961032834759028, 0.28114288652679054, 0.26240357674048576, 0.24067581553232328, 0.2169517833688913, 0.19232279897643179, 0.1678649972457773, 0.14453306016795706, 0.12307951444976854, 0.10401054372188746, 0.08758065497421458, 0.0738204080903347, 0.06258605093856003, 0.05361813425325923, 0.04659779530628909, 0.041193006628429445, 0.037091310253540184, 0.034019061956370625, 0.031749510945031215, 0.030102958168229853, 0.0289422104564347, 0.02816589232695686, 0.02770139355409137, 0.0274984588972307, 0.027523888064481188, 0.02775742859359633, 0.02818877011436556, 0.028815448358775652, 0.029641474220924547, 0.03067650792660775, 0.031935447548295665, 0.033438318588710714, 0.0352103907695111]
7.6817718771993695	2.833916232854966	[0.037255821789012634, 0.03966350350135118, 0.04245077394064498, 0.04566739342145254, 0.049370164442692654, 0.053623012731877535, 0.05849670064426217, 0.0640679752835169, 0.07041792255843073, 0.07762925159414104, 0.08578223014085545, 0.09494900370207007, 0.10518612629361225, 0.11652528692860366, 0.12896249551388192, 0.14244635145590018, 0.15686647837517664, 0.17204366089105644, 0.1877236071706355, 0.2035764035533947, 0.21920353241368953, 0.23415364767053323, 0.24794718203270716, 0.2601083766683476, 0.2702017838804772, 0.27786901340599063, 0.28286087631146084, 0.28506033908765643, 0.28449290998473625, 0.2813229944420262, 0.2758369923346381, 0.26841593509456046, 0.25950186332863995, 0.24956265059715238, 0.23905959975245136, 0.22842106384475083, 0.21802392292102718, 0.20818331570271453, 0.19914986164030724, 0.19111285131401762, 0.18420755610882356, 0.1785248349090089, 0.17412147665157263, 0.1710300896743786, 0.1692677264116387, 0.16884275462541976, 0.16975971406906165, 0.17202203625665796, 0.17563255639017628, 0.180591750035923, 0.18689359677009243, 0.19451896317342948, 0.20342642543239886, 0.21354058405846, 0.22473817563114915, 0.23683272411052608, 0.2495590775538127, 0.2625599498701029, 0.27537739123554306, 0.2874527946781449, 0.29813927750432967, 0.3067297617186352, 0.31250245526088305, 0.314782635536513, 0.3130158128858975, 0.30684325066222917, 0.29616748429989836, 0.281194302363276, 0.26243960361388613, 0.24069499083879764, 0.21695394407809981, 0.1923090630600401, 0.16783755749442866, 0.14449484851473424, 0.12303379128345984, 0.1039605068948239, 0.08752911739446434, 0.0737696004538907, 0.06253753957203088, 0.05357285359891974, 0.04655614285712425, 0.041154981069730374, 0.037056643225173734, 0.03398734012338733, 0.03172026120060752, 0.030075711407588093, 0.028916532117246985, 0.02814140131618551, 0.027677761663618967, 0.02747540959764524, 0.027501185867619186, 0.02773487325333781, 0.028166186039393738, 0.028792680082557885, 0.02961837864490216, 0.030652952125270617, 0.03191130383865397, 0.03341346441850676, 0.03518470621307701]
7.684622748881536	2.8330358397436006	[0.03722922228335528, 0.039635847468277786, 0.0424219590477695, 0.045637329117304164, 0.04933877959489452, 0.05359026300594406, 0.058462580910326474, 0.06403253240864723, 0.07038127342259143, 0.07759160127070688, 0.0857438941671909, 0.09491042820917663, 0.1051479083682202, 0.11648818717021968, 0.1289274434086932, 0.14241443413768246, 0.15683891303657588, 0.17202174263886924, 0.18770863594577877, 0.20356958771464057, 0.21920588027153526, 0.23416585342975982, 0.24796952507987968, 0.2601406457576134, 0.2702432446156435, 0.2779184245948022, 0.28291656099431417, 0.2851203003979764, 0.2845549807786904, 0.2813849984200408, 0.2758968983594883, 0.26847198417309254, 0.25955265760302254, 0.24960719747014357, 0.23909731437563098, 0.2284517365190179, 0.21804766290516403, 0.20820048261107066, 0.19916099493621828, 0.19111860599886005, 0.18420864925753033, 0.17852200611234917, 0.1741154616748131, 0.17102160733418925, 0.16925747525047066, 0.16883141879566402, 0.16974797420452395, 0.17201058536914451, 0.17562211625646024, 0.18058308867955228, 0.18688754166233087, 0.19451641062831337, 0.20342833917576408, 0.21354798282247872, 0.2247521010428451, 0.23685418905520483, 0.2495889867329187, 0.2625989970109075, 0.2754259306814556, 0.28751070301688386, 0.298205815694242, 0.3068034690099617, 0.31258109692966835, 0.3148632417090979, 0.3130948219220373, 0.3069167714180432, 0.2962316498809842, 0.2812456813057845, 0.26247559309825313, 0.24071412993352964, 0.21695607220965232, 0.19229530072005763, 0.16781010003456406, 0.14445662964563533, 0.12298807245594992, 0.10391048577911509, 0.08747760591932853, 0.07371882740044673, 0.06248906911844845, 0.05352761779190648, 0.04651453717804053, 0.04111700242506378, 0.037022022104684714, 0.03395566235481709, 0.03169105337017587, 0.03004850426980334, 0.028890891290066237, 0.028116945892286423, 0.02765416377874474, 0.027452392983456128, 0.027478515370742515, 0.02771234885548056, 0.028143632418229685, 0.0287699419402267, 0.029595313082185118, 0.03062942632940089, 0.031887190264654246, 0.0333886405755082, 0.035159052254736464]
7.687473620563703	2.832155690200972	[0.037202653440037474, 0.0396082226975969, 0.042393175338142276, 0.045607296432765974, 0.04930742605507277, 0.05355754464445278, 0.0584284917290169, 0.06399711947300972, 0.07034465258116705, 0.07755397761573032, 0.08570558203290293, 0.09487187359990241, 0.10510970705826278, 0.11645109960123837, 0.12889239780917056, 0.1423825176609745, 0.1568113419254858, 0.17199981245034676, 0.18769364622838708, 0.2035627478744671, 0.21920819887270626, 0.2341780262491008, 0.24799183221389776, 0.260172877707969, 0.27028466774373455, 0.277967799173407, 0.2829722104854322, 0.2851802288280344, 0.28461702097095665, 0.2814469744245711, 0.2759567787207772, 0.26852800994836173, 0.2596034305950359, 0.24965172506385958, 0.2391350115187624, 0.22848239350642807, 0.2180713889255078, 0.20821763723713876, 0.19917211761285303, 0.19112435157246416, 0.1842097347652052, 0.17851917083354793, 0.17410944129442324, 0.17101312020179074, 0.1692472198008158, 0.1688200785833615, 0.16973622976269492, 0.17199912901588446, 0.17561166972090497, 0.1805744192401835, 0.18688147685905773, 0.19451384604146107, 0.20343023880225888, 0.21355536475222067, 0.22476600747067446, 0.2368756323807695, 0.24961887256928442, 0.2626380187315672, 0.2754744437976369, 0.2875685837009993, 0.2982723260666346, 0.30687714751928474, 0.3126597097219217, 0.31494381754085965, 0.31317379979388393, 0.306990258594497, 0.2962957805574569, 0.2812970230717567, 0.26251154557274653, 0.24073323249551867, 0.21695816818523303, 0.19228151159507395, 0.16778262532451332, 0.14441840315477295, 0.12294235844584972, 0.10386047992078788, 0.08742612102493386, 0.07366808843189449, 0.062440640031005155, 0.05348242630624491, 0.04647297868680698, 0.041079070165873546, 0.036987447269158945, 0.033924028145021774, 0.03166188778854712, 0.03002133629038901, 0.028865288267293808, 0.028092525640398092, 0.027630600150592665, 0.027429408689693718, 0.027455876786500702, 0.027689855080059948, 0.028121109429479138, 0.028747233649568278, 0.02957227768285923, 0.030605930286829904, 0.031863106953836734, 0.033363846830539015, 0.03513342900545317]
7.69032449224587	2.831275784673343	[0.037176115318215124, 0.03958062902844392, 0.04236442286594526, 0.04557729521569566, 0.04927610387673097, 0.053524857503052935, 0.05839443315762181, 0.06396173634047192, 0.07030806009979164, 0.07751638050292863, 0.08566729381625238, 0.09483333976021391, 0.10507152245784684, 0.11641402412222994, 0.1288573588263307, 0.14235060194221794, 0.15678376516774753, 0.1719778702572025, 0.18767863815371863, 0.2035558839775076, 0.21921048835434645, 0.23419016608321827, 0.24801410356634832, 0.26020507248219393, 0.27032605338535204, 0.27801713711234816, 0.28302782489144873, 0.28524012435659735, 0.28467903065285377, 0.28150892244279824, 0.27601663349392774, 0.2685840124155259, 0.25965418236415794, 0.24969623338072908, 0.2391726912258933, 0.22851303481610688, 0.21809510101161111, 0.20823477959644385, 0.19918322968638227, 0.19113008805678788, 0.18421081263576916, 0.178516329101489, 0.1741034155032112, 0.1710046283140702, 0.16923696004549238, 0.16880873403507005, 0.16972448071741184, 0.17198766725523285, 0.17560121674906895, 0.18056574179031407, 0.1868754023177228, 0.19451126950178022, 0.2034321242606645, 0.2135627299549039, 0.22477989485337183, 0.2368970542141048, 0.24964873498945625, 0.26267701517943, 0.2755229304957055, 0.28762643689868167, 0.2983388085150447, 0.30695079743589043, 0.3127382935098119, 0.31502436324295724, 0.3132527463495052, 0.3070637124269222, 0.29635987615206977, 0.28134832792479675, 0.26254746083500957, 0.24075229882017551, 0.21696023177662957, 0.19226769601022323, 0.1677551331056828, 0.14438016938555387, 0.12289664895681851, 0.10381048966295209, 0.08737466237326132, 0.07361738387287527, 0.06239225193621258, 0.05343727943691862, 0.04643146699151319, 0.041041184554166985, 0.03695291833006466, 0.033892437724075554, 0.03163276408933922, 0.02999420766937575, 0.02883972271597013, 0.02806814073205415, 0.02760707048322364, 0.02740645686105065, 0.02743326985411685, 0.02766739204731384, 0.02809861684278038, 0.02872455530960245, 0.029549272241275078, 0.0305824640791835, 0.031839053719774024, 0.0333390832519153, 0.03510783629335532]
7.693175363928037	2.8303961236050226	[0.03714960794731834, 0.03955306632878195, 0.042335701657518404, 0.045547325341365845, 0.04924481308661765, 0.05349220146415498, 0.05836040522707463, 0.06392638290161934, 0.07027149601754107, 0.07747880983308902, 0.08562902956818669, 0.09479482660364481, 0.10503335463257173, 0.11637696066180996, 0.1288223265413317, 0.1423186869263771, 0.15675618285836107, 0.17195591602034063, 0.1876636118261422, 0.2035489959985169, 0.21921274882370745, 0.23420227291761633, 0.24803633924034793, 0.2602372300735223, 0.2703674016335926, 0.2780664384106656, 0.28308340429186335, 0.2852999869880833, 0.28474100988913825, 0.2815708424851088, 0.2760764627293659, 0.2686399915915863, 0.25970491294727677, 0.24974072244435586, 0.2392103535208842, 0.2285436604776366, 0.21811879917459495, 0.20825190972385865, 0.1991943311555943, 0.19113581549179204, 0.18421188285645432, 0.1785134809617438, 0.17409738427796467, 0.17099613172343683, 0.16922669595212436, 0.1687973852118063, 0.169712727028375, 0.1719762001588936, 0.17559075729372328, 0.18055705641442782, 0.1868693179846932, 0.19450868110828173, 0.20343399549079696, 0.21357007854512736, 0.22479376312329416, 0.23691845468563436, 0.24967857391685785, 0.26271598650043426, 0.2755713906886161, 0.28768426277114767, 0.2984052629408097, 0.3070244189365768, 0.31281684818208955, 0.3151048790084113, 0.3133316614634759, 0.30713713312516805, 0.29642393652294335, 0.28139959609260057, 0.26258333872502954, 0.24077132915467614, 0.21696226280497777, 0.19225385423145733, 0.1677276231778333, 0.14434192861454606, 0.12285094376088104, 0.10376051527663174, 0.08732322970259061, 0.07356671397188233, 0.06234390454080325, 0.053392177400340066, 0.04639000178051595, 0.04100334577375651, 0.03691843497620385, 0.03386089124734168, 0.03160368197836371, 0.029967118537955584, 0.028814194368698157, 0.028043791277095553, 0.02758357453894214, 0.027383537587935936, 0.02741069436382763, 0.027644959830139523, 0.02807615447222798, 0.028701906978050414, 0.02952629659068611, 0.03055902775173674, 0.03181503041051001, 0.03331434987543376, 0.035082273977714316]
7.696026235610204	2.8295167074382945	[0.03712313151979028, 0.03952553431018542, 0.042307011890731605, 0.045517386537743815, 0.04921355385580639, 0.05345957626802771, 0.05832640810904426, 0.06389105890695179, 0.07023496051326601, 0.07744126536709074, 0.08559078948009849, 0.0947563339032098, 0.10499520378975422, 0.11633990900769044, 0.1287873011776109, 0.14228677241829726, 0.15672859523297214, 0.1719339495633068, 0.18764856748558226, 0.20354208378040434, 0.21921498051455904, 0.23421434661505583, 0.24805853945302933, 0.2602693503657232, 0.27040871268061045, 0.2781157029750856, 0.2831389488485619, 0.28535981665415827, 0.2848029588088139, 0.2816327345091954, 0.2761362665224071, 0.2686959474600657, 0.25975562240636174, 0.249785192262966, 0.2392479984334906, 0.22857427052251733, 0.2181424834136276, 0.20826902767295646, 0.19920542199088462, 0.1911415339524913, 0.1842129453705592, 0.17851062651093025, 0.17409134753625652, 0.1709876305491875, 0.16921642741351328, 0.16878603225756422, 0.1697009685640605, 0.17196472789838607, 0.1755802911988552, 0.1805483633149135, 0.18686322367861527, 0.19450608109764606, 0.20343585228436845, 0.213577410796861, 0.2248076120428985, 0.23693983410874725, 0.24970838908174836, 0.2627549330484895, 0.2756198240710703, 0.28774206171326294, 0.2984716889995704, 0.3070980124578514, 0.31289537335188067, 0.3151853653174636, 0.3134105447030597, 0.30721052121748615, 0.29648796118825693, 0.28145082815749695, 0.26261917870886803, 0.24079032414062232, 0.21696426068100996, 0.1922399869585469, 0.16770009489257215, 0.14430368158672957, 0.12280524214801468, 0.10371055752728431, 0.08727182224621154, 0.07351607948558482, 0.06229559703995227, 0.05334712091912205, 0.0463485822422079, 0.040965554495609895, 0.036883996424486434, 0.033829389323261676, 0.0315746407299448, 0.029940069436109155, 0.028788702573908257, 0.028019477745486257, 0.027560111744677523, 0.02736065127304566, 0.02738814981640379, 0.027622558770395506, 0.028053721882675405, 0.028679288944779495, 0.029503350348369935, 0.03053562155223756, 0.03179103668427318, 0.03328964691656635, 0.03505674174756564]
7.698877107292371	2.828637536613438	[0.037096685557757594, 0.039498033329470966, 0.04227835311901012, 0.04548747914142091, 0.049182325759256906, 0.053426982242768706, 0.058292441393108255, 0.0638557646863521, 0.07019845318752435, 0.0774037474446944, 0.08555257316299775, 0.09471786201403487, 0.10495706955281053, 0.11630286953212493, 0.12875228237468056, 0.14225485880410643, 0.15670100195156517, 0.1719119712772686, 0.18763350481675548, 0.20353514770597586, 0.21921718314050426, 0.23422638753483646, 0.24808070395159193, 0.26030143368115155, 0.27044998631268535, 0.278164931081452, 0.2831944583920704, 0.28541961357851237, 0.2848648772898217, 0.28169459868384983, 0.2761960447988823, 0.26875188013431767, 0.2598063107136411, 0.24982964289579782, 0.23928562598006675, 0.22860486495849258, 0.21816615378694532, 0.20828613340302604, 0.19921650229056312, 0.19114724335242952, 0.1842140003155208, 0.17850776561884574, 0.17408530545494388, 0.17097912461853335, 0.16920615464769984, 0.16877467495718726, 0.16968920558689063, 0.17195325021535895, 0.17556981877560282, 0.18053966218828893, 0.1868571197643018, 0.1945034691182676, 0.20343769506483197, 0.2135847263065353, 0.22482144209866867, 0.23696119202358532, 0.24973818103709164, 0.26279385430296265, 0.27566823126500395, 0.2877998331389428, 0.2985380873841753, 0.3071715773428465, 0.31297386978541614, 0.31526582143618415, 0.3134893969127383, 0.3072838758863422, 0.2965519510795234, 0.2815020232126939, 0.2626549818158791, 0.24080928277722707, 0.21696622653754055, 0.19222609309235275, 0.16767254947746635, 0.14426542710333867, 0.12275954541368606, 0.10366061512559203, 0.08722044132704833, 0.07346547906090245, 0.062247330739419265, 0.053302108621282804, 0.046307209624710396, 0.040927809382602084, 0.03684960383348132, 0.03379793069845565, 0.03154564139135249, 0.029913059227551254, 0.028763248256562977, 0.02799519913236122, 0.027536682902534387, 0.02733779704090903, 0.027365636899360144, 0.027600188109106655, 0.028031319661332533, 0.028656700549002226, 0.02948043401847774, 0.030512244898464113, 0.0317670729799078, 0.03326497385323604, 0.0350312399931983]
7.701727978974538	2.827758611568823	[0.03707026999461976, 0.0394705633480086, 0.04224972527879129, 0.04545760311621391, 0.049151128737411474, 0.05339441935663118, 0.05825850502565445, 0.06382050021503034, 0.07016197399521656, 0.07736625605113946, 0.0855143805831831, 0.09467941093432268, 0.10491895190209173, 0.11626584224828607, 0.1287172701285124, 0.14222294611224573, 0.15667340302550706, 0.17188998120405902, 0.18761842384415697, 0.20352818782651924, 0.2192193567351891, 0.2342383957324157, 0.24810283277400727, 0.2603334800740101, 0.27049122256772296, 0.2782141227786013, 0.28324993295758116, 0.285479377802871, 0.28492676536424216, 0.28175643504412806, 0.27625579758877655, 0.26880778964398105, 0.2598569778979585, 0.24987407436779657, 0.23932323618839288, 0.22863544380570033, 0.21818981032074536, 0.20830322692904396, 0.19922757207890043, 0.1911529437014737, 0.1842150477139791, 0.178504898290935, 0.17407925805602373, 0.17097061393370033, 0.16919587767751793, 0.16876331331116234, 0.16967743812225436, 0.1719417671100671, 0.1755593400536001, 0.18053095303586533, 0.18685100627700738, 0.19450084517332034, 0.2034395238738276, 0.2135920250792972, 0.2248352533386003, 0.23698252843666062, 0.2497679498365461, 0.2628327502707754, 0.2757166123289444, 0.28785757705487613, 0.2986044581577823, 0.3072451135980045, 0.31305233755072776, 0.31534624737066386, 0.3135682181651021, 0.30735719713621296, 0.29661590627255346, 0.2815531812592093, 0.2626907481241309, 0.24082820506153277, 0.21696816045501863, 0.19221217262579898, 0.1676449870129139, 0.14422716514867692, 0.12271385362888565, 0.10361068803712656, 0.08716908699339725, 0.07341491263580505, 0.062199105656724776, 0.053257140417435615, 0.0462658839170867, 0.040890110327522586, 0.03681525717323684, 0.03376651526032899, 0.031516683923574464, 0.029886087803683594, 0.028737831375100404, 0.027970955337562532, 0.02751328797120992, 0.027314974800460117, 0.027343155572198703, 0.02757784776303707, 0.028008947768183398, 0.028634141713519228, 0.02945754756108619, 0.03048889771765078, 0.031743139257467516, 0.033240330616002886, 0.035005768674932734]
7.704578850656705	2.826879932740803	[0.03704388514475318, 0.03944312396060271, 0.04222112866179331, 0.045427758079642604, 0.04911996307029222, 0.053361887243026124, 0.05822459928458742, 0.06378526513839876, 0.07012552322034829, 0.07732879084266772, 0.08547621203707975, 0.09464098033246156, 0.10488085114985994, 0.11622882683981278, 0.12868226476646938, 0.1421910340454606, 0.15664579879140444, 0.17186797906918894, 0.18760332490287002, 0.20352120389352854, 0.21922150161849005, 0.23425037098867516, 0.24812492621156967, 0.2603654893588601, 0.27053242169807773, 0.2782632779195623, 0.2833053727519403, 0.28553910922246006, 0.2849886231898003, 0.2818182435288238, 0.27631552499910683, 0.2688636759705423, 0.2599076240157643, 0.2499184867011512, 0.23936082906603762, 0.2286660071249818, 0.21821345297633749, 0.20832030834886575, 0.1992386312736783, 0.19115863513350323, 0.18421608744243545, 0.17850202469702914, 0.17407320517621247, 0.17096209870157397, 0.16918559630058, 0.16875194756581427, 0.16966566592849544, 0.17193027887180024, 0.17554885475090373, 0.18052223619415972, 0.18684488289266502, 0.19449820965095266, 0.20344133834263264, 0.21359930755877599, 0.22484904534629105, 0.23700384384978398, 0.2497976950127463, 0.2628716215132202, 0.27576496674113155, 0.28791529408207756, 0.29867080074053376, 0.3073186219043684, 0.3131307760056759, 0.31542664386422664, 0.31364700775123344, 0.30743048577873056, 0.2966798259873769, 0.2816043031864483, 0.26272647677860594, 0.24084709196887039, 0.2169700614989565, 0.19219822661880673, 0.16761740648076642, 0.14418889685016278, 0.12266816569277444, 0.10356077742480924, 0.08711775807568571, 0.0733643813694803, 0.062150920585103846, 0.05321221742555516, 0.04622460392043112, 0.04085245837688346, 0.03678095529976955, 0.03373514396255047, 0.03148776727459667, 0.02985915601294252, 0.028712450990030128, 0.027946747100749122, 0.027489926127978202, 0.027292185187062314, 0.027320705121125857, 0.027555538273873297, 0.02798660558366666, 0.028611612900569464, 0.029434690433611004, 0.030465580408072915, 0.031719235034391, 0.03321571755426914, 0.034980327355146175]
7.707429722338872	2.826001500563791	[0.03701753064363597, 0.03941571541565726, 0.04219256292717941, 0.04539794426591662, 0.049088828433866784, 0.05332938613093248, 0.058190723858460615, 0.0637500596880351, 0.07008910056226676, 0.0772913520600826, 0.08543806723531511, 0.09460257046309421, 0.10484276702036463, 0.11619182357674453, 0.12864726602978643, 0.14215912288662383, 0.15661818901091604, 0.17184596516121242, 0.18758820777784532, 0.2035141961902912, 0.2192236176009666, 0.23426231356905014, 0.2481469841027646, 0.2603974617717866, 0.2705735835729168, 0.2783123967026648, 0.2833607776779185, 0.28559880799308485, 0.2850504507051152, 0.28188002424942105, 0.2763752270051929, 0.26891953918131556, 0.2599582490784629, 0.24996287992027558, 0.23939840465889653, 0.22869655489966975, 0.2182370818322489, 0.20833737760674195, 0.19924967998456744, 0.19116431755558516, 0.1842171196410677, 0.1784991447086043, 0.17406714698670495, 0.17095357875916903, 0.16917531072082598, 0.16874057752421665, 0.16965388924511585, 0.1719187852694856, 0.17553836314615276, 0.18051351139698033, 0.18683874993288346, 0.19449556224815243, 0.203443138839312, 0.21360657340287195, 0.22486281853884763, 0.23702513787921622, 0.24982741703324832, 0.2629104676023963, 0.2758132950200033, 0.28797298374612407, 0.29873711570190886, 0.30739210173846443, 0.31320918577169654, 0.31550701034095713, 0.313725766347314, 0.3075037411809973, 0.2967437109603559, 0.2816553882996137, 0.2627621685829926, 0.2408659427383493, 0.2169719305445769, 0.1921842542410984, 0.16758980882157312, 0.14415062130630055, 0.12262248258980697, 0.10351088231995231, 0.0870664555692192, 0.07331388424302847, 0.06210277649567365, 0.053167338609116224, 0.04618337055268018, 0.04081485251814353, 0.03674669905737088, 0.03370381585526269, 0.03145889220238527, 0.029832262994477835, 0.028687107767307096, 0.02792257366108041, 0.027466597947726035, 0.027269427537970865, 0.027298286036654216, 0.02753325906672915, 0.027964293524651546, 0.02858911360894627, 0.029411862992020844, 0.03044229252724837, 0.03169536061881525, 0.0331911342704323, 0.034954916306501015]
7.710280594021039	2.82512331547022	[0.03699120653310453, 0.03938833757063029, 0.04216402811287095, 0.045368161540247545, 0.04905772486598705, 0.05329691589281222, 0.058156878789060854, 0.06371488374448905, 0.07005270607091746, 0.07725393959384899, 0.08539994623997625, 0.09456418122904094, 0.10480469959077841, 0.11615483237652087, 0.1286122740116438, 0.14212721256895608, 0.15659057379131747, 0.17182393942858137, 0.1875730725856337, 0.20350716467834049, 0.21922570480168166, 0.23427422344528345, 0.24816900656215918, 0.26042939729229814, 0.2706147082967118, 0.2783614791139268, 0.2834161478265605, 0.28565847410717604, 0.28511224798656204, 0.28194177720517544, 0.27643490366874063, 0.2689753792825611, 0.26000885313349914, 0.25000725403808016, 0.23943596300059702, 0.2287270871486642, 0.21826069690880637, 0.2083544347270332, 0.19926071821932648, 0.191169990997494, 0.18421814430605252, 0.1784962583614109, 0.17406108347325885, 0.17094505414938704, 0.169165020914808, 0.16872920323812424, 0.16964210804058408, 0.17190728636580443, 0.17552786520059124, 0.18050477872013143, 0.18683260735207097, 0.19449290305584163, 0.20344492531113267, 0.2136138227190751, 0.2248765728552476, 0.2370464106497059, 0.24985711582681264, 0.2629492886803647, 0.27586159708177505, 0.2880306462063199, 0.29880340294337326, 0.3074655532772656, 0.3132875667336549, 0.31558734699667723, 0.31380449381986336, 0.30757696355949404, 0.296807561037945, 0.2817064368381785, 0.26279782336244856, 0.2408847576344777, 0.2169737673946335, 0.19217025578070512, 0.1675621938123293, 0.1441123388192264, 0.12257680406470092, 0.10346100302178299, 0.08701517918151726, 0.0732634215353238, 0.06205467306280271, 0.053122504216413305, 0.04614218347002033, 0.040777292967314596, 0.03671248810420784, 0.033672531124945254, 0.031430058384530196, 0.029805408908350758, 0.028661801414225505, 0.027898435154341702, 0.027443303170532982, 0.027246701966425382, 0.027275898089768665, 0.027511010234391432, 0.027942011388636796, 0.0285666439137002, 0.02938906505519454, 0.0304190341356864, 0.031671515846154685, 0.033166580813896084, 0.03492953537691654]
7.7131314657032055	2.8242453778906036	[0.0369649127305634, 0.03936099040369781, 0.04213552413969006, 0.045338409882913495, 0.0490266522913873, 0.05326447651348373, 0.05812306400638217, 0.06367973730017396, 0.07001633968367547, 0.07721655344750766, 0.08536184899847159, 0.0945258126484816, 0.10476664882107026, 0.11611785327456947, 0.12857728868600296, 0.14209530314574298, 0.15656295311990048, 0.17180190194026318, 0.18755791932371485, 0.20350010943760957, 0.2192277632234914, 0.23428610070255254, 0.2481909935932942, 0.26046129600612045, 0.2706557958706497, 0.27841052523703536, 0.28347148319546306, 0.28571810764547617, 0.2851740150277514, 0.2820035024736289, 0.2764945549790048, 0.2690311963485088, 0.2600594361653606, 0.2500516091255745, 0.23947350407064785, 0.2287576039401146, 0.21828429818057438, 0.20837147977555406, 0.19927174594781027, 0.19117565552332555, 0.18421916140300615, 0.1784933657186434, 0.17405501459807954, 0.17093652493559958, 0.16915472684256488, 0.16871782477236996, 0.16963032227436556, 0.17189578222832805, 0.1755173608748942, 0.1804960382348665, 0.18682645511391063, 0.194490232149221, 0.20344669772646595, 0.21362105558583336, 0.22489030827008277, 0.23706766224117995, 0.2498867913757054, 0.2629880848257904, 0.2759098729178063, 0.28808828153654487, 0.29886966246663255, 0.3075389765858426, 0.3133659189045579, 0.31566765388384854, 0.3138831901943048, 0.30765015295197196, 0.2968713762602031, 0.2817574488259127, 0.2628334411745957, 0.24090353666905906, 0.21697557212452842, 0.19215623123635509, 0.1675345615394272, 0.14407404936758095, 0.12253113020112538, 0.10341113947899869, 0.08696392897894209, 0.07321299315973712, 0.062006610327630905, 0.05307771412958811, 0.04610104268978739, 0.040739779587293606, 0.03667832244109536, 0.03364128962908894, 0.03140126581302342, 0.029778593617065478, 0.028636531918869293, 0.02787433145331276, 0.027420041782528402, 0.027224008356611942, 0.02725354126489814, 0.027488791671294883, 0.027919759158114465, 0.02854420371752926, 0.029366296603614252, 0.030395805142369576, 0.03164770069519992, 0.033142057098350414, 0.034904184544254827]
7.715982337385372	2.823367688253497	[0.03693864945879799, 0.03933367359794905, 0.04210705121556978, 0.045308688993143775, 0.04899561091175673, 0.05323206770349241, 0.058089279713795905, 0.0636446200743203, 0.06998000161273178, 0.07717919334837013, 0.08532377573765387, 0.09448746445787455, 0.10472861495639599, 0.11608088601857912, 0.1285423103166855, 0.14206339437821883, 0.15653532727548106, 0.17177985247297353, 0.18754274827834636, 0.2034930302616622, 0.2192297931499302, 0.23429794515227356, 0.24821294546626013, 0.26049315774352316, 0.27069684654226295, 0.2784595349223923, 0.28352678400363657, 0.28577770848004, 0.28523575201669665, 0.28206519994972956, 0.27655418109308993, 0.2690869902972204, 0.2601099983015029, 0.2500959451228485, 0.2395110279683512, 0.22878810523425153, 0.21830788572023122, 0.20838851273088302, 0.19928276321768104, 0.1911813111290101, 0.18422017095621174, 0.17849046679365121, 0.17404894036352042, 0.17092799114976154, 0.1691444284855284, 0.16870644217976122, 0.16961853190730647, 0.17188427293390482, 0.17550685010876754, 0.18048729004602623, 0.18682029313527626, 0.19448754966553147, 0.20344845597628802, 0.21362827217729033, 0.22490402464384815, 0.237088892868991, 0.24991644350399067, 0.2630268562993895, 0.27595812230899247, 0.2881458900474007, 0.2989358940026984, 0.3076123720301732, 0.3134442419592098, 0.31574793143022334, 0.3139618550828622, 0.30772330985440444, 0.29693515617017713, 0.281808424832694, 0.26286902148798424, 0.2409222804896858, 0.21697734412602152, 0.19214218133139402, 0.16750691131813997, 0.1440357537363632, 0.1224854602402477, 0.10336129251039637, 0.08691270413754357, 0.07316259993466037, 0.061958587423184, 0.05303296913635951, 0.046059947336912266, 0.040702313113655436, 0.03664420122348497, 0.0336100920375826, 0.031372513705080055, 0.029751817717254443, 0.02861129857805186, 0.02785026307908455, 0.02739681316467462, 0.027201347156865376, 0.027231215022019726, 0.027466603760023644, 0.027897536361501534, 0.028521793346983293, 0.029343557221523577, 0.03037260582866117, 0.0316239147935751, 0.03311756337078592, 0.0348788634684465]
7.718833209067539	2.8224902469854984	[0.036912416271868115, 0.03930638748189656, 0.04207860892217734, 0.045278999182379986, 0.04896460032727158, 0.05319968976820959, 0.0580555255238056, 0.06360953237583641, 0.06994369147957327, 0.07714185961687478, 0.08528572608733385, 0.09444913699479285, 0.10469059763655274, 0.11604393096534192, 0.12850733855665955, 0.1420314866397594, 0.15650769592790925, 0.1717577914087663, 0.18752755913976218, 0.20348592752898803, 0.21923179429492073, 0.23430975715539792, 0.24823486192237776, 0.2605249828354345, 0.270737860084638, 0.27850850846202235, 0.2835820500601131, 0.28583727685892135, 0.2852974588009645, 0.2821268698354109, 0.27661378189742886, 0.26914276128444264, 0.26016053946579293, 0.2501402621409685, 0.23954853465280593, 0.22881859109995611, 0.21833145951989363, 0.20840553362247421, 0.19929377005234497, 0.19118695780702774, 0.18422117301950344, 0.17848756154380319, 0.17404286085419407, 0.17091945271525183, 0.16913412596084576, 0.16869505534993046, 0.16960673709223506, 0.1718727583376209, 0.17549633309505622, 0.1804785339721155, 0.18681412165420513, 0.1944848553833155, 0.20345020034940084, 0.21363547222730947, 0.22491772232165916, 0.23711010221647105, 0.24994607261834823, 0.26306560272728424, 0.2760063457285005, 0.2882034713005043, 0.2990020980960547, 0.3076857390994577, 0.3135225365187552, 0.31582817904419247, 0.3140404891902765, 0.3077964335863812, 0.29699890156547937, 0.2818593640830676, 0.2629045652028236, 0.24094098822180332, 0.2169790844058783, 0.19212810508971848, 0.16747924425185487, 0.14399745084869228, 0.12243979535473432, 0.10331146094818834, 0.08686150585909139, 0.07311224062728577, 0.061910605537011415, 0.05298826798162518, 0.046018898546545325, 0.040664892320103035, 0.03661012550485701, 0.03357893719927705, 0.03134380301294533, 0.029725080164373228, 0.028586102233000732, 0.027826229107147864, 0.027373618046811717, 0.027178717560822435, 0.02720891998717005, 0.02744444580039812, 0.027875343534067985, 0.028499412191151968, 0.029320847369166098, 0.030349435654836776, 0.03160015854272653, 0.03309309914570821, 0.034853572507506925]
7.721684080749706	2.8216130545113254	[0.03688621326371286, 0.03927913186376945, 0.04205019734624397, 0.04524934026906593, 0.048933620622616365, 0.0531673425345324, 0.05802180152416107, 0.06357447403983976, 0.06990740938000121, 0.077104552097505, 0.08524770015587056, 0.0944108301152165, 0.10465259698565728, 0.11600698798469666, 0.1284723735466508, 0.1419995798156942, 0.1564800592321094, 0.17173571864862605, 0.1875123520713013, 0.2034788011549227, 0.21923376682220125, 0.23432153663972027, 0.24825674311761692, 0.2605567712208166, 0.2707788366396013, 0.27855744580593367, 0.2836372814887959, 0.28589681274380196, 0.28535913548493164, 0.2821885121045371, 0.27667335747657357, 0.26919850929610767, 0.2602110597233328, 0.2501845601772556, 0.23958602417042044, 0.22884906154506018, 0.21835501960827236, 0.2084225424679697, 0.19930476646393355, 0.1911925955845727, 0.18422216758960566, 0.17848465000622005, 0.1740367760525831, 0.1709109096802217, 0.16912381923782804, 0.16868366434386184, 0.16959493778613394, 0.17186123851563995, 0.1754858097788365, 0.18046977010712456, 0.18680794060366207, 0.1944821494170162, 0.20345193076565066, 0.21364265587307646, 0.22493140120836233, 0.23713129044529183, 0.2499756786059729, 0.26310432429685165, 0.2760545430427176, 0.2882610255099032, 0.2990682745889081, 0.307759078035535, 0.31360080239780186, 0.3159083969971184, 0.3141190923003107, 0.3078695244516364, 0.2970626121965294, 0.28191026691720383, 0.2629400720348728, 0.2409596602454854, 0.2169807926439859, 0.1921140029295939, 0.16745155998134947, 0.14395914114949426, 0.1223941351413281, 0.1032616452436281, 0.08681033369531799, 0.07306191567351779, 0.061862664185508204, 0.05294361107054089, 0.04597789582063624, 0.04062751757379686, 0.03657609479802141, 0.03354782544127967, 0.03131513328146698, 0.029698381245401643, 0.028560942472907448, 0.027802229785191656, 0.027350456065907518, 0.027156119778934264, 0.027186655842238477, 0.02742231796917447, 0.02785318039642708, 0.028477060397864996, 0.029298166798572507, 0.030326294745228143, 0.031576431719054034, 0.03306866452952926, 0.03482831145613222]
7.724534952431873	2.8207361112537237	[0.03686004040998078, 0.03925190666606781, 0.042021816463709886, 0.04521971218006447, 0.04890267177608173, 0.05313502593472619, 0.05798810769815292, 0.06353944500593821, 0.06987115530546724, 0.07706727073984326, 0.08520969794616141, 0.09437254378152929, 0.10461461302078943, 0.11597005705404209, 0.1284374153191684, 0.14196767389912648, 0.15645241723497116, 0.17171363419993532, 0.1874971271307011, 0.20347165115775437, 0.21923571079506984, 0.23433328363010858, 0.24827858911524653, 0.26058852292721446, 0.27081977626597636, 0.278606346981893, 0.28369247834159417, 0.2859563161618393, 0.2854207821128708, 0.28225012678383954, 0.27673290786735566, 0.26925423435886336, 0.2602615591038273, 0.25022883925829403, 0.23962349654389667, 0.22887951659583494, 0.21837856600113448, 0.2084395392931441, 0.19931575246156985, 0.19119822448712473, 0.18422315466966172, 0.17848173220679273, 0.1740306859568838, 0.17090236207214685, 0.1691135083110221, 0.16867226919214223, 0.16958313398131022, 0.17184971350335693, 0.17547528015150748, 0.1804609984928797, 0.18680174997515714, 0.1944794318161352, 0.20345364721711207, 0.21364982317233427, 0.2249450612963147, 0.23715245762118933, 0.25000526145856033, 0.263143021080963, 0.27610271424147126, 0.28831855275466883, 0.2991344234682412, 0.3078323889231345, 0.3136790395798595, 0.3159885853792572, 0.31419766439239766, 0.30794258254608975, 0.2971262880381065, 0.28196113343739326, 0.26297554195421935, 0.24097829667046505, 0.21698246880544172, 0.19209987496687544, 0.16742385846286903, 0.143920824753176, 0.12234847953832295, 0.10321184549653095, 0.08675918755680391, 0.07301162514698495, 0.061814763248981275, 0.052898998447429756, 0.04593693901686481, 0.040590188895191316, 0.036542108951452254, 0.033516756768827025, 0.031286504362307586, 0.029671720957272902, 0.02853581916013526, 0.027778265105459464, 0.027327327097588613, 0.027133553799947932, 0.02716442247548305, 0.027400220251768293, 0.027831046847422332, 0.028454737949257493, 0.029275515416861613, 0.030303183079003634, 0.031552734235963206, 0.03304425949912432, 0.03480308023261376]
7.72738582411404	2.8198594176335505	[0.03683389759631475, 0.03922471189820241, 0.04199346616675514, 0.04519011492408551, 0.04887175368602711, 0.05310273997995414, 0.05795444395101434, 0.06350444529133517, 0.06983492916987165, 0.07703001557087395, 0.08517171938336965, 0.09433427803393987, 0.10457664568107859, 0.11593313822903377, 0.12840246382915582, 0.14193576896106463, 0.1564247699072591, 0.1716915381459547, 0.1874818843023594, 0.2034644776272875, 0.21923762620794582, 0.23434499821623733, 0.248300399916264, 0.2606202380385647, 0.27086067896935906, 0.2786552120646663, 0.2837476406282237, 0.28601578717705234, 0.28548239869871506, 0.28231171392592685, 0.2767924330878037, 0.2693099365136116, 0.2603120376289928, 0.25027309941332787, 0.23966095179824853, 0.22890995627030508, 0.21840209872663063, 0.20845652410552545, 0.1993267280766395, 0.19120384451257194, 0.1842241342947093, 0.17847880813473002, 0.17402459060661504, 0.170893809872638, 0.16910319322572542, 0.16866086986994466, 0.1695713257305224, 0.1718381832706249, 0.17546474427516157, 0.18045221909479744, 0.18679554984189575, 0.19447670254211036, 0.20345534978948873, 0.21365697408242768, 0.22495870268446885, 0.2371736036966862, 0.25003482128832316, 0.2631816930260377, 0.27615085944958, 0.28837605297340385, 0.2992005448704364, 0.3079056716910913, 0.31375724821200696, 0.31606874410792346, 0.31427620562455594, 0.3080156077747332, 0.29718992926133797, 0.2820119635368744, 0.26301097514844846, 0.2409968973788605, 0.2169841130952607, 0.19208572107001415, 0.16739613991302588, 0.14388250150696977, 0.12230282876049041, 0.1031620615237929, 0.08670806764075804, 0.0729613688309071, 0.06176690289668035, 0.052854429869013106, 0.045896028274771884, 0.04055290602986913, 0.036508168079151276, 0.03348573093298377, 0.03125791634923528, 0.02964509906858208, 0.028510732371906877, 0.027754334859705902, 0.027304231204499277, 0.027111019439219647, 0.027142219936220704, 0.027378152484586964, 0.02780894292438461, 0.028432444699070636, 0.029252893251088413, 0.03028010052348067, 0.03152906611227508, 0.03301988393217189, 0.03477787884981898]
7.730236695796207	2.818982974069724	[0.03680778496060259, 0.03919754732694544, 0.04196514658267351, 0.04516054828085319, 0.048840866475440926, 0.05307048446008069, 0.05792081040758637, 0.06346947469490734, 0.06979873110553271, 0.07699278639918676, 0.085133764612017, 0.09429603269266035, 0.1045386951263717, 0.11589623134392739, 0.12836751925222292, 0.1419038648518967, 0.15639711743729384, 0.17166943035429458, 0.18746662378077125, 0.20345728044834857, 0.21923951325260918, 0.2343566802995873, 0.24832217570046633, 0.26065191647269015, 0.27090154490990453, 0.2787040409888573, 0.2838027684843304, 0.2860752257418801, 0.2855439853515209, 0.2823732735020862, 0.2768519332202188, 0.269365615750769, 0.2603624953550907, 0.2503173406512457, 0.23969838996467693, 0.2289403805946157, 0.21842561779197983, 0.20847349694735906, 0.1993376932935898, 0.1912094557186877, 0.1842251064277241, 0.17847587786359245, 0.17401848994454516, 0.17088525317219397, 0.1690928739055556, 0.16864946648667434, 0.16955951293893112, 0.17182664794836064, 0.17545420203668086, 0.18044343206825433, 0.18678934007200748, 0.19447396177766035, 0.2034570383309119, 0.21366410881579076, 0.22497232519891683, 0.237194728915484, 0.25006435789665793, 0.26322034040784387, 0.2761989784408805, 0.28843352647454124, 0.2992666385390955, 0.3079789266816309, 0.3138354280050518, 0.3161488735612054, 0.3143547156717889, 0.3080886005545913, 0.29725353550183997, 0.2820627576755971, 0.2630463712105856, 0.24101546287721287, 0.2169857250616424, 0.1920715417912751, 0.16736840383260265, 0.14384417199782315, 0.12225718225820206, 0.10311229392515728, 0.08665697334894508, 0.0729111473122852, 0.06171908249522978, 0.05280990588913879, 0.04585516295138977, 0.0405156694863902, 0.03647427155844438, 0.03345474839101165, 0.031229368664471572, 0.0296185159826811, 0.028485681589372484, 0.027730439397271538, 0.027281167930245362, 0.027088516994622783, 0.02712004782653083, 0.02735611491907354, 0.02778686827982275, 0.028410180859096523, 0.02923029999475918, 0.030257047258360974, 0.03150542707335015, 0.0329955379838652, 0.03475270705700037]
7.733087567478374	2.8181067809792717	[0.036781702219090016, 0.03917041312533359, 0.04193685744544836, 0.045131012413841744, 0.04881000989123675, 0.053038259536172104, 0.05788720682474477, 0.06343453338206409, 0.06976256087848019, 0.0769555834002922, 0.08509583340830651, 0.09425780794768246, 0.10450076114529651, 0.11585933660519687, 0.1283325813920969, 0.1418719617930594, 0.15636945964603172, 0.171647311055715, 0.18745134540513783, 0.20345005985190603, 0.21924137178671294, 0.2343683301008052, 0.24834391634435052, 0.26068355843056995, 0.2709423739842808, 0.2787528339292945, 0.28385786182868755, 0.2861346320014522, 0.2856055420136414, 0.28243480562627965, 0.27691140823081495, 0.26942127215299494, 0.2604129322714085, 0.2503615630242247, 0.23973581105426595, 0.22897078959191008, 0.21844912322880317, 0.20849045781445294, 0.19934864816367093, 0.19121505807556602, 0.18422607113931144, 0.17847294133917133, 0.17401238406122968, 0.1708766918934129, 0.16908255046257908, 0.16863805894244582, 0.16954769574256653, 0.1718151074143561, 0.1754436535991571, 0.18043463726818487, 0.186783120859011, 0.19447120935352483, 0.20345871306853153, 0.21367122717682197, 0.22498592910310808, 0.23721583305283442, 0.2500938715852699, 0.2632589629692665, 0.2762470715566882, 0.28849097296511533, 0.2993327048562633, 0.3080521535621132, 0.31391357938329434, 0.316228973362572, 0.31443319500359446, 0.30816156046113263, 0.29731710727955185, 0.2821135153779221, 0.26308173071748625, 0.24103399263658767, 0.21698730534129934, 0.19205733654561877, 0.16734065091104827, 0.1438058355810745, 0.12221154075376013, 0.10306254199671726, 0.08660590540854862, 0.07286095983941494, 0.06167130274938896, 0.05276542573365693, 0.04581434370849583, 0.040478478501907236, 0.03644041999504229, 0.03342380842326423, 0.031200861850176495, 0.029591971045040053, 0.028460667287982605, 0.027706578138165204, 0.027258137684496756, 0.027066045959676592, 0.027097906495030463, 0.02733410711459579, 0.027764823208890593, 0.02838794604381061, 0.02920773589869982, 0.03023402294191714, 0.031481817335189434, 0.0329712213458605, 0.03472756504445777]
7.735938439160541	2.817230838777341	[0.03675564943380235, 0.03914330913352323, 0.0419085988118531, 0.04510150717180195, 0.04877918398922471, 0.05300606506456991, 0.05785363326185337, 0.06339962121701079, 0.06972641855610524, 0.0769184064478245, 0.08505792585177228, 0.0942196036843766, 0.10446284383255056, 0.11582245391223137, 0.1282976503595422, 0.14184005969932278, 0.1563417966582524, 0.17162518018015993, 0.18743604930915114, 0.20344281578134707, 0.2192432019456957, 0.23437994757429706, 0.24836562197767534, 0.26071516387564136, 0.27098316631064157, 0.2788015908576036, 0.2839129207643077, 0.2861940059357662, 0.2856670687715798, 0.28249631028737465, 0.2769708581895256, 0.26947690571815314, 0.260463348431753, 0.2504057665386726, 0.23977321510526733, 0.2290011832763843, 0.21847261506047186, 0.20850740672816107, 0.19935959269622155, 0.1912206516115709, 0.18422702842581123, 0.1784699985973155, 0.17400627294115195, 0.17086812608076535, 0.16907222287056356, 0.1686266472920786, 0.1695358741054735, 0.171803561735951, 0.1754330989175824, 0.18042583477681778, 0.1867768921489911, 0.1944684453690654, 0.20346037393893743, 0.2136783292837957, 0.22499951432268978, 0.23723691624701662, 0.25012336226664367, 0.2632975608690882, 0.2762951386936915, 0.2885483926247724, 0.2993987437002448, 0.30812535253381335, 0.3139917022042926, 0.31630904373636315, 0.3145116434544763, 0.3082344877439148, 0.29738064440378986, 0.2821642369215032, 0.2631170534518813, 0.2410524869652721, 0.2169888536892269, 0.19204310567047442, 0.16731288087245372, 0.14376749261321212, 0.12216590393459102, 0.10301280609581015, 0.08655486346705223, 0.07281080675144687, 0.06162356327304917, 0.05272098971133831, 0.04577357014374621, 0.04044133335095133, 0.036406612992512584, 0.03339291127084125, 0.031172395534601154, 0.029565464465093602, 0.028435689131574526, 0.02768275126170696, 0.027235140169750968, 0.02704360648540715, 0.027075795680523866, 0.02731212919654546, 0.027742807481554953, 0.028365740356502446, 0.029185200758039046, 0.03021102765941415, 0.031458236712373674, 0.03294693408966875, 0.03470245264139473]
7.738789310842708	2.816355147877147	[0.036729626469421635, 0.03911623538232461, 0.0418803705540641, 0.04507203258413663, 0.04874838864811082, 0.0529739010769266, 0.057820089604340735, 0.06336473823758704, 0.06969030403188084, 0.07688125558983583, 0.08502004184616045, 0.09418141996463922, 0.10442494310466466, 0.11578558334311523, 0.1282627260857572, 0.1418081586649392, 0.15631412842010053, 0.1716030378349427, 0.1874207354521284, 0.2034355483511722, 0.21924500369882727, 0.2343915328347029, 0.24838729257646763, 0.2607467329165726, 0.2710239218698949, 0.27885031187260395, 0.2839679452765637, 0.2862533476320168, 0.2857285656153697, 0.2825577875603754, 0.27703028309105693, 0.2695325165090504, 0.2605137438351771, 0.25044995124554764, 0.2398106021206358, 0.22903156168776304, 0.21849609329347633, 0.208524343717734, 0.19937052690111784, 0.19122623634630642, 0.18422797830070592, 0.17846704964892415, 0.17400015660215432, 0.17085955573752026, 0.1690618911530462, 0.16861523153233673, 0.16952404805869375, 0.1717920109043843, 0.1754225380325818, 0.18041702458045106, 0.18677065399424106, 0.19446566980559318, 0.2034620210079393, 0.21368541511221384, 0.22501308093845834, 0.23725797846614696, 0.25015283003764577, 0.26333613406585404, 0.2763431799656058, 0.28860578539983345, 0.2994647552021346, 0.30819852352777694, 0.31406979661695017, 0.3163890845952096, 0.3145900611921119, 0.3083073822948766, 0.2974441470634546, 0.28221492217715727, 0.26315233962746976, 0.24107094571350843, 0.21699037034513757, 0.19202884899377137, 0.16728509397642588, 0.14372914289372962, 0.12212027206558532, 0.1029630859862212, 0.08650384777687571, 0.07276068777529345, 0.06157586429320666, 0.052676597521786765, 0.045732842454328314, 0.040404233723514114, 0.03637285072009679, 0.033362056632683865, 0.031143969862648783, 0.02953899596406338, 0.028410747243430467, 0.027658958517579817, 0.0272121754893603, 0.027021198350327503, 0.027053715467959344, 0.027290180969211413, 0.02772082116633181, 0.028343563622782824, 0.029162694627372095, 0.030188061253210177, 0.03143468524845621, 0.03292267607037859, 0.03467736988339323]
7.741640182524875	2.815479708690044	[0.03670363339422116, 0.039089191706098515, 0.04185217273500077, 0.045042588493756135, 0.048717623929963955, 0.05294176742351439, 0.05778657591808136, 0.06332988430162062, 0.0696542173801935, 0.07684413069309631, 0.08498218147866757, 0.09414325666627905, 0.10438705906477318, 0.11574872478873613, 0.1282278086907507, 0.1417762585949995, 0.1562864550664277, 0.17158088393902546, 0.18740540397876507, 0.20342825749254967, 0.219246777193678, 0.2344030858231412, 0.24840892828389755, 0.26077826550252636, 0.27106464079486314, 0.2788989969305725, 0.2840229354842708, 0.28631265705366105, 0.28579003264842956, 0.28261923741640516, 0.27708968302348425, 0.26958810450462545, 0.2605641185549535, 0.25049411713108527, 0.23984797215940865, 0.22906192481867949, 0.2185195579732613, 0.20854126878147422, 0.19938145081108394, 0.1912318122835828, 0.18422892078511865, 0.1784640945038369, 0.1739940350549893, 0.17085098088071532, 0.16905155531158536, 0.16860381168920444, 0.16951221759556964, 0.17178045495680908, 0.17541197092987784, 0.1804082067299314, 0.18676440637284095, 0.1944628827301909, 0.20346365424504717, 0.21369248474761912, 0.22502662890927724, 0.23727901981587138, 0.25018227484328776, 0.26337468268647535, 0.27639119529972755, 0.28866315143971943, 0.2995307392678061, 0.30827166671796596, 0.31414786250269094, 0.3164690961405351, 0.3146684480708644, 0.30838024434608413, 0.2975076150832793, 0.2822655714104574, 0.2631875890372847, 0.24108936918224239, 0.21699185506898364, 0.1920145668498166, 0.16725728994733594, 0.14369078678001543, 0.1220746448308303, 0.10291338202977533, 0.08645285797937995, 0.07271060325734247, 0.06152820541550669, 0.052632249482862756, 0.045692160228279176, 0.04036717990432305, 0.036339132771161575, 0.03333124476055233, 0.03111558445243224, 0.029512565761944335, 0.028385841277735323, 0.027635200095139513, 0.02718924333688461, 0.026998821714737765, 0.027031665587997286, 0.027268262566432604, 0.027698864025804446, 0.028321415953617885, 0.02914021729509281, 0.030165123815603306, 0.031411162751774274, 0.03289844736605241, 0.03465231659372749]
7.7444910542070415	2.8146045216254816	[0.03667767014667987, 0.03906217806513901, 0.0418240052953973, 0.04501317486369717, 0.04868688977875914, 0.05290966407204083, 0.05775309215201776, 0.06329505938414996, 0.06961815855736983, 0.07680703174320822, 0.08494434471580983, 0.09410511378877788, 0.10434919169212954, 0.11571187826500706, 0.1281928981678372, 0.14174435952256995, 0.15625877660374723, 0.1715587185407579, 0.18739005490539384, 0.20342094326487006, 0.21924852245135334, 0.23441460660487165, 0.24843052912091257, 0.26080976170041403, 0.2711053231030568, 0.2789476460978083, 0.284077891400075, 0.28637193426563856, 0.2858514698780503, 0.2826806599188188, 0.2771490579883714, 0.2696436697664532, 0.26061447258655596, 0.25053826425500814, 0.23988532521082243, 0.22909227272718377, 0.2185430090829547, 0.20855818197615897, 0.19939236440349292, 0.19123737947947078, 0.18422985585124116, 0.17846113321821416, 0.17398790826753807, 0.17084240156769595, 0.16904121531095662, 0.16859238782255095, 0.1695003826792393, 0.1717688939570124, 0.17540139757256235, 0.18039938129410654, 0.1867581492493702, 0.19446008421732386, 0.20346527361764807, 0.21369953826976162, 0.2250401582063821, 0.23730004037988459, 0.25021169665946724, 0.2634132068163345, 0.27643918467730116, 0.28872049082859425, 0.2995966958844009, 0.3083447821841258, 0.3142258998549426, 0.3165490784448625, 0.31474680409108585, 0.30845307396164257, 0.297571048472219, 0.282316184678313, 0.26322280170125795, 0.24110775742317478, 0.21699330789168464, 0.1920002592836529, 0.16722946882082637, 0.1436524243026914, 0.12202902225826645, 0.10286369423152271, 0.08640189408220068, 0.0726605531698616, 0.061480586621821626, 0.05258794553599831, 0.045651523425621635, 0.04033017181376909, 0.03630545909319622, 0.03330047556573056, 0.031087239247880337, 0.029486173770018127, 0.028360971180275283, 0.02761147591035104, 0.0271663436618054, 0.026976476500511767, 0.027009645993535728, 0.027246373915393616, 0.027676936015286813, 0.02829929728031343, 0.029117768718009144, 0.030142215280896424, 0.03138766918011296, 0.032874247913221084, 0.03462729273115457]
7.7473419258892084	2.8137295870910686	[0.03665173655062134, 0.039035194529800366, 0.04179586807014235, 0.04498379175983318, 0.04865618603839868, 0.05287759108847916, 0.05771963815849789, 0.06326026355582265, 0.06958212742508665, 0.07676995881982195, 0.0849065314306666, 0.09406699142434814, 0.10431134087388524, 0.11567504387857125, 0.1281579944206162, 0.14171246156788633, 0.1562310929532715, 0.17153654176984487, 0.18737468817035932, 0.20341360580035106, 0.21925023942563115, 0.23442609530642308, 0.24845209505491456, 0.2608412216236866, 0.2711459687745972, 0.2789962594695506, 0.28413281301702803, 0.28643117934233725, 0.28591287731094783, 0.28274205512031547, 0.27720840800657903, 0.2696992123256523, 0.2606648059648527, 0.2505823926273704, 0.23992266132313103, 0.22912260540298796, 0.2185664466834696, 0.20857508327202326, 0.19940326775145364, 0.19124293788571795, 0.18423078358445427, 0.17845816572638198, 0.1739817763382137, 0.17083381771643902, 0.16903087126405433, 0.16858095983498797, 0.16948854343908368, 0.17175732779301517, 0.17539081810878593, 0.18039054814685895, 0.18675188279293034, 0.19445727412677707, 0.20346687931744153, 0.2137065755239517, 0.22505366904481341, 0.23732103998831053, 0.2502410957242637, 0.2634517062695125, 0.2764871483583155, 0.288777803363658, 0.2996626253324201, 0.3084178697057161, 0.3143039089737852, 0.31662903126875924, 0.31482512957271924, 0.30852587088171884, 0.29763444757222174, 0.28236676169906744, 0.26325797798699274, 0.24112611013154028, 0.2169947292086078, 0.19198592596467282, 0.16720163101523305, 0.14361405509969694, 0.12198340477465758, 0.1028140221923841, 0.08635095650052341, 0.07261053707843265, 0.061433008298761194, 0.05254368522497276, 0.0456109323954444, 0.04029320899591007, 0.03627182999559674, 0.03326974861475812, 0.03105893451946044, 0.02945981959273506, 0.02833613718401011, 0.027587785612167588, 0.02714347666149452, 0.026954162400515642, 0.02698765684927639, 0.027224514747988697, 0.027655037270833398, 0.028277207367116624, 0.029095349008298355, 0.03011933543886855, 0.031364204626808105, 0.03285007752112852, 0.03460229837513326]
7.750192797571375	2.812854905492497	[0.03662583262369814, 0.039008240984377676, 0.041767761074137724, 0.04495443907307826, 0.04862551272413122, 0.0528455483704218, 0.05768621395654429, 0.06322549672210542, 0.06954612400981235, 0.07673291183845747, 0.08486874166070757, 0.09402888950125593, 0.10427350666124117, 0.1156382215728686, 0.1281230975149599, 0.14168056469078597, 0.15620340419384812, 0.171514353601875, 0.18735930386099492, 0.20340624508790608, 0.21925192820594935, 0.2344375519267985, 0.24847362617088373, 0.2608726452787135, 0.27118657788490613, 0.2790448370581511, 0.28418770039806074, 0.28649039230191903, 0.2859742549964417, 0.2828034230451767, 0.2772677331136819, 0.2697547322127553, 0.26071511871187836, 0.2506265022847065, 0.2399599805051336, 0.22915292288819042, 0.21858987077079023, 0.2085919727164189, 0.1994141608387543, 0.19124848755500373, 0.18423170395719904, 0.17845519208695224, 0.17397563922916093, 0.17082522939264647, 0.16902052312390042, 0.16856952780092738, 0.16947669982017444, 0.17174575654983112, 0.17538023247669485, 0.18038170738568252, 0.18674560693544964, 0.19445445257002503, 0.2034684712703655, 0.2137135966363999, 0.22506716134418936, 0.237342018781905, 0.2502704719501978, 0.26349018120030787, 0.2765350862472755, 0.28883508921142487, 0.2997285275075936, 0.30849092946039564, 0.3143818897455513, 0.31670895480061956, 0.3149034243919737, 0.3085986353060332, 0.29769781224867503, 0.2824173026856512, 0.26329311774873465, 0.24114442753565934, 0.2169961188619026, 0.19197156713535934, 0.16717377635630415, 0.14357567941895727, 0.1219377921812103, 0.10276436615046783, 0.08630004500426545, 0.07256055519671456, 0.061385470186876887, 0.052499468731930475, 0.045570386861328284, 0.040256291602485, 0.036238245202407364, 0.0332390640338503, 0.031030670006788236, 0.029433503335262123, 0.028311339052867462, 0.027564129287465135, 0.027120642126622074, 0.026931879485040316, 0.026965697970851847, 0.027202685119521227, 0.02763316762925228, 0.028255146256279468, 0.029072958019675285, 0.030096484321008525, 0.031340768958576744, 0.03282593621301403, 0.034577333402251643]
7.753043669253542	2.8119804772336674	[0.03659995838061738, 0.03898131731604719, 0.041739684319876576, 0.044925116696671506, 0.04859486984926811, 0.05281353581726256, 0.05765281956373901, 0.06319075878970246, 0.06951014833712649, 0.07669589071523837, 0.08483097544318811, 0.09399080794760394, 0.10423568910602646, 0.11560141129019876, 0.12808820751840452, 0.14164866884872088, 0.15617571040725872, 0.17149215400853482, 0.1873439020691315, 0.20339886111080915, 0.21925358888813665, 0.23444897645743296, 0.2484951225623539, 0.26090403266213935, 0.271227150520256, 0.27909337886381286, 0.284242553619314, 0.2865495731477924, 0.2860356029995328, 0.28286476370029745, 0.2773270333635685, 0.2698102294383184, 0.26076541087072164, 0.25067059324099356, 0.23999728278941648, 0.22918322519971027, 0.2186132813673661, 0.2086088503288655, 0.1994250436782885, 0.19125402850952827, 0.1842326169736641, 0.17845221232541353, 0.17396949693693817, 0.17081663662622212, 0.1690101708806163, 0.1685580917562606, 0.16946485180737558, 0.17173418027121307, 0.1753696406568926, 0.18037285906414283, 0.1867393216538671, 0.19445161961218196, 0.20347004944965838, 0.21372060168498333, 0.2250806350732099, 0.23736297685180396, 0.250299825299819, 0.26352863171298957, 0.2765829982985279, 0.28889234848900136, 0.29979440235407917, 0.3085639615781992, 0.3144598421025915, 0.31678884918413464, 0.3149816884680537, 0.3086713673932464, 0.29776114240655305, 0.28246780781359715, 0.2633282208766337, 0.2411627098297088, 0.2169974767259975, 0.19195718300702821, 0.1671459046990234, 0.14353729748007182, 0.12189218430594573, 0.10271472631819563, 0.086249159387926, 0.07251060771512624, 0.06133797204892499, 0.05245529621822094, 0.045529886566516645, 0.04021941976702984, 0.036204704454722514, 0.033208421933700445, 0.031002445463947093, 0.029407225089840592, 0.028286576562802753, 0.02754050701255117, 0.027097839857699955, 0.02690962781584035, 0.02694376918187484, 0.027180885078441415, 0.02761132693380894, 0.028233113984552936, 0.02905059561109792, 0.0300736619543692, 0.03131736204641928, 0.032801824008513766, 0.0345523976926144]
7.755894540935709	2.811106302716507	[0.036574113688622234, 0.03895442355433808, 0.041711637682230955, 0.044895824658446624, 0.04856425729537871, 0.05278155345870877, 0.05761945486857092, 0.06315604979408544, 0.06947420030386255, 0.07665889549533791, 0.08479323268559279, 0.09395274682179311, 0.10419788812898054, 0.11556461310441367, 0.1280533243669129, 0.14161677413082785, 0.15614801154502203, 0.1714699430909604, 0.1873284827600935, 0.20339145397615013, 0.21925522144815898, 0.23446036900425604, 0.24851658421293202, 0.26093538387273835, 0.27126768667036083, 0.2791418849744889, 0.2842973726765058, 0.28660872195538706, 0.2860969213222158, 0.2829260771478328, 0.27738630876436315, 0.2698657040509023, 0.2608156824551225, 0.25071466553134164, 0.2400345681948591, 0.22921351235981435, 0.21863667849695212, 0.20862571611964592, 0.19943591629866886, 0.19125956074851533, 0.18423352266762755, 0.17844922643090183, 0.17396334950126177, 0.17080803939727082, 0.16899981458117191, 0.1685466516731506, 0.16945299945668735, 0.1717225989223603, 0.175359042716429, 0.18036400314113518, 0.18673302702825112, 0.19444877520598428, 0.20347161395002125, 0.21372759061578422, 0.22509409034225478, 0.23738391413632423, 0.25032915589961935, 0.263567057736518, 0.27663088465459323, 0.2889495811140193, 0.2998602500299813, 0.3086369659630912, 0.31453776621813945, 0.3168687143071907, 0.3150599219897783, 0.3087440670136686, 0.29782443825277805, 0.28251827693584824, 0.263363287599727, 0.2411809568498169, 0.2169988030535427, 0.19194277339644045, 0.1671180163134593, 0.1434989090733067, 0.12184658142175125, 0.10266510245160018, 0.08619829990994142, 0.072460694354422, 0.06129051411661593, 0.05241116737909789, 0.045489431712034414, 0.040182593176953045, 0.036171207924854155, 0.03317782201216222, 0.030974261038128097, 0.029380984577754322, 0.02826184983861881, 0.027516918538003345, 0.027075069958918015, 0.02688740717290231, 0.026921870567573114, 0.02715911443090317, 0.027589515252865626, 0.028211110379674848, 0.029028261836672488, 0.030050868183615454, 0.03129398393312433, 0.032777740765157486, 0.03452749128078482]
7.758745412617876	2.810232382341207	[0.03654829849285287, 0.038927559653924415, 0.04168362110879463, 0.044866562915397694, 0.04853367501364604, 0.05274960125582114, 0.05758611982773638, 0.06312136970281693, 0.06943827987484812, 0.07662192615580879, 0.08475551336391156, 0.09391470611340269, 0.10416010372001555, 0.11552782701985487, 0.12801844806584098, 0.1415848805566425, 0.15612030762731585, 0.171447720881859, 0.1873130459658547, 0.20338402372558748, 0.2192568259251386, 0.2344717296127439, 0.2485380111641771, 0.2609666989554017, 0.2713081863758439, 0.2791903554318157, 0.28435215760770977, 0.28666783876204177, 0.28615820999961006, 0.2829873634206308, 0.27744555934823173, 0.2699211560788567, 0.26086593349427084, 0.2507587191795654, 0.2400718367476125, 0.22924378438780402, 0.2186600621827136, 0.20864257010375503, 0.1994467787203549, 0.1912650842831263, 0.1842344210574254, 0.1784462344115229, 0.17395719693926573, 0.17079943771192443, 0.1689894542427303, 0.1685352075570879, 0.16944114278674244, 0.17171101250956114, 0.17534843867687328, 0.18035513962509017, 0.18672672308435612, 0.19444591936301275, 0.20347316480216598, 0.21373456344398797, 0.2251075271870861, 0.2374048306540369, 0.25035846378978044, 0.2636054592920319, 0.2766787453589026, 0.2890067871090494, 0.29992607058065257, 0.3087099426379891, 0.3146156621384064, 0.3169485501923643, 0.31513812500382127, 0.30881673418959515, 0.2978876998351366, 0.28256871007543305, 0.2633983179683778, 0.241199168620738, 0.21700009789761934, 0.19192833832808, 0.1670901112506897, 0.14346051421496217, 0.12180098356703338, 0.10261549454704247, 0.08614746658446978, 0.07241081508265655, 0.06124309637493523, 0.05236708215516673, 0.04544902225821724, 0.04014581175445173, 0.03613775555853374, 0.033147264184346575, 0.030946116670077604, 0.029354781715517964, 0.028237158821984295, 0.027493363785858652, 0.027052332375071795, 0.026865217484578565, 0.02690000207585887, 0.02713737311070355, 0.02756773253662229, 0.028189135379562257, 0.029005956648040874, 0.03002810294962689, 0.03127063457125097, 0.03275368642605408, 0.03450261412016002]
7.761596284300043	2.809358716506058	[0.0365225128178787, 0.03890072549323757, 0.04165563462104492, 0.04483733135276229, 0.048503123025755004, 0.05271767910049017, 0.05755281446675434, 0.06308671841542109, 0.06940238708326571, 0.07658498260576921, 0.08471781752262131, 0.09387668574358762, 0.10412233593766528, 0.11549105297190822, 0.1279835786887632, 0.14155298807691036, 0.1560925987412268, 0.17142548734684618, 0.1872975917828528, 0.20337657033753928, 0.21925840241878955, 0.2344830582711313, 0.24855940351246567, 0.26099797790529256, 0.271348649724145, 0.2792387902360335, 0.2844069084879664, 0.286726923572655, 0.28621946909319673, 0.2830486225288331, 0.27750478516342114, 0.26997658553819404, 0.26091616402385137, 0.25080275420752596, 0.24010908847119833, 0.22927404131078047, 0.21868343243623506, 0.20865941231290228, 0.19945763094340926, 0.1912705991495333, 0.18423531213239194, 0.17844323630846545, 0.1739510392306684, 0.1707908316175856, 0.1689790898366538, 0.1685237594633689, 0.16942928176176414, 0.1716994210979753, 0.17533782849629573, 0.18034626859302302, 0.18672040977465068, 0.19444305217380747, 0.20347470195285966, 0.21374152027465101, 0.22512094554789294, 0.2374257265246578, 0.2503877489024138, 0.2636438365134513, 0.2767265803338937, 0.2890639666218356, 0.2999918639177318, 0.3087828917647525, 0.31469352976351833, 0.31702835701645043, 0.3152162973976551, 0.30888936911355136, 0.29795092702649006, 0.2826191074415844, 0.26343331183907315, 0.24121734536984765, 0.21700136109723672, 0.1919138780467063, 0.16706218932931896, 0.14342211315944725, 0.12175539053335915, 0.10256590285327599, 0.08609665916987869, 0.07236097012708999, 0.061195718551156526, 0.05232304074373018, 0.04540865791420505, 0.0401090756669646, 0.03610434706512526, 0.033116748591982166, 0.030918012085343206, 0.029328616623030504, 0.028212503263912905, 0.027469842856507755, 0.027029626885311162, 0.026843058833242978, 0.026878163512259214, 0.027115661183795766, 0.02754597861307565, 0.028167189035830497, 0.028983679891198672, 0.030005366292192734, 0.031247313820652007, 0.03272966102192883, 0.03447776608107766]
7.76444715598221	2.8084853056075163	[0.03649675657190047, 0.03887392106307575, 0.04162767813207941, 0.04480812996166975, 0.048472601249822174, 0.052685786986804324, 0.05751953870982532, 0.06305209593208663, 0.06936652186139795, 0.07654806485499036, 0.08468014510481256, 0.09383868573509493, 0.10408458473858784, 0.115454290998684, 0.1279487162076841, 0.14152109674532062, 0.15606488487381814, 0.17140324255241407, 0.18728212021044754, 0.20336909388588767, 0.21925995093646877, 0.23449435505445193, 0.24858076126928164, 0.2610292207937661, 0.271389076728916, 0.2792871894523318, 0.28446162533278496, 0.28678597644524967, 0.2862806986202902, 0.28310985452252935, 0.27756398622844747, 0.2700319924702959, 0.2609663740628004, 0.25084677064762534, 0.24014632338463981, 0.22930428315260504, 0.21870678927680182, 0.2086762427632484, 0.1994684729877992, 0.19127610535710082, 0.1842361959137257, 0.17844023212519236, 0.17394487639869446, 0.17078222111281205, 0.1689687213893576, 0.1685123073867828, 0.16941741641286615, 0.17168782467978375, 0.17532721221218914, 0.180337390035487, 0.1867140871446077, 0.19444017362788363, 0.203476225456831, 0.2137484610962991, 0.22513434548943845, 0.23744660173516463, 0.2504170113124919, 0.2636821893850046, 0.27677438966422924, 0.2891211196319464, 0.30005763013435993, 0.30885581331577405, 0.31477136919370846, 0.3171081347424083, 0.3152944392785032, 0.3089619717386873, 0.2980141199436612, 0.28266946897969825, 0.26346826934238393, 0.24123548703661343, 0.2170025927976527, 0.19189939248292395, 0.16703425070246444, 0.14338370581941323, 0.12170980246798414, 0.10251632725458089, 0.08604587779351305, 0.07231115933940131, 0.061148380745212456, 0.052279042969714, 0.04536833875347873, 0.0400723847259911, 0.03607098249772209, 0.03308627504764576, 0.030889947323038795, 0.029302489124479383, 0.0281878831936653, 0.027446355590727563, 0.02700695351088151, 0.026820931076820508, 0.02685635489068996, 0.027093978523337604, 0.02752425348931972, 0.028145271234051677, 0.028961431567186707, 0.029982658106506313, 0.031224021677424815, 0.032705664455286186, 0.034452947156115354]
7.767298027664377	2.8076121500402103	[0.036471029717313884, 0.03884714630200067, 0.04159975160574314, 0.04477895868376208, 0.04844210965276414, 0.052653924860824666, 0.0574862925292832, 0.0630175022053466, 0.0693306841898887, 0.07651117286511437, 0.08464249610256187, 0.09380070606135336, 0.10404685012897431, 0.11541754108735074, 0.1279138606443095, 0.14148920656323255, 0.15603716606175547, 0.17138098651261774, 0.18726663129759286, 0.20336159439407014, 0.2192614715350837, 0.2345056199910574, 0.24860208449442744, 0.2610604276495062, 0.2714294674483309, 0.2793355531062701, 0.28451630819595786, 0.28684499740081854, 0.2863418986297647, 0.2831710594185214, 0.27762316258814224, 0.2700873768887398, 0.26101656365279535, 0.2508907685106072, 0.24018354152661373, 0.22933450992086102, 0.21873013273979341, 0.20869306145877983, 0.19947930488551488, 0.19128160290625706, 0.18423707243051077, 0.17843722185926042, 0.17393870847055345, 0.17077360619348583, 0.1689583489275518, 0.1685008513230454, 0.1694055467677575, 0.17167622325216786, 0.17531658985465734, 0.1803285039526864, 0.18670775522773952, 0.19443728372970298, 0.20347773535130864, 0.2137553859183082, 0.22514772705201538, 0.23746745629983693, 0.25044625106183727, 0.26372051792550955, 0.2768221733914446, 0.2891782461627341, 0.30012336927052685, 0.3089287073197836, 0.3148491804669045, 0.3171878834054146, 0.31537255068151043, 0.3090345421066287, 0.2980772786174209, 0.2827197947368933, 0.2635031905034315, 0.24125359367322566, 0.21700379301818004, 0.19188488169304863, 0.1670062953815096, 0.14334529224935189, 0.12166421936650211, 0.1024667677917217, 0.08599512242470948, 0.07226138273569628, 0.06110108289570639, 0.05223508882242775, 0.04532806468968096, 0.040035738900934856, 0.0360376617569816, 0.033055843510762364, 0.03086192228215984, 0.029276399176845543, 0.028163298515457375, 0.027422901946633584, 0.02698431216368942, 0.026798834175278466, 0.026834576130505317, 0.027072325090601743, 0.027502557090800964, 0.028123381936054136, 0.028939211606035128, 0.029959978354473466, 0.031200758074970067, 0.032681696688058745, 0.034428157281319]
7.770148899346544	2.8067392501969435	[0.0364453321441177, 0.03882040121886918, 0.04157185493791167, 0.04474981752751532, 0.04841164813594588, 0.052622092733643114, 0.0574530758325739, 0.06298293725248903, 0.06929487398403697, 0.0764743066633983, 0.08460487044147455, 0.09376274676311327, 0.10400913204734358, 0.11538080329454997, 0.12787901195182086, 0.14145731760328686, 0.15600944227272495, 0.17135871931313462, 0.18725112502401853, 0.20335407195516172, 0.21926296420252328, 0.23451685317491616, 0.24862337318048394, 0.26109159856223063, 0.27146982187798285, 0.27938388128050934, 0.2845709570759241, 0.28690398651375404, 0.2864030691229236, 0.2832322372821362, 0.27768231424609785, 0.2701427388491088, 0.261066732798894, 0.2509347478421615, 0.24022074290317455, 0.2293647216518783, 0.21875346283226982, 0.20870986842739314, 0.19949012664491378, 0.19128709181744977, 0.18423794169288885, 0.17843420552463535, 0.1739325354589602, 0.17076498686811836, 0.1689479724677311, 0.168489391276308, 0.16939367284832346, 0.17166461681596445, 0.17530596145282973, 0.18031961034292315, 0.18670141406228694, 0.1944343824753085, 0.20347923168528767, 0.21376229473404257, 0.2251610902966082, 0.23748829020815942, 0.25047546822414307, 0.2637588221185943, 0.2768699316021005, 0.28923534618926006, 0.300189081425313, 0.3090015737400713, 0.3149269636943258, 0.31726760295414735, 0.3154506317308496, 0.30910708015044663, 0.298140403188045, 0.28277008463202064, 0.26353807548284436, 0.24127166518568935, 0.21700496194062927, 0.19187034556745805, 0.1669783235622689, 0.14330687231588574, 0.12161864142415407, 0.10241722429864353, 0.08594439324251633, 0.07221164011487544, 0.06105382515589167, 0.05219117807369109, 0.045287835849013865, 0.03999913795197386, 0.03600438494615501, 0.033025453746113466, 0.030833937047951794, 0.029250346561161118, 0.028138749299825176, 0.027399481726926026, 0.026961702901197534, 0.02677676795341982, 0.02681282727707723, 0.027050700730072538, 0.02748088945191829, 0.028101521002475722, 0.028917020032688253, 0.029937326909319325, 0.031177523030653246, 0.032657757603002116, 0.03440339646861232]
7.772999771028711	2.8058666064686673	[0.03641966378200447, 0.03879368578434379, 0.04154398806181381, 0.0447207064649436, 0.04838121663683227, 0.05259029058078842, 0.057419888563035315, 0.06294840105516411, 0.06925909119534351, 0.07643746624072265, 0.08456726808410468, 0.09372480784356775, 0.10397143047005879, 0.11534407763796915, 0.12784417012208277, 0.14142542989795462, 0.15598171351378226, 0.17133644099892298, 0.1872356014093135, 0.2033465266219708, 0.21926442896663148, 0.23452805466108215, 0.2486446273592409, 0.26112273358448196, 0.2715101400507019, 0.2794321740222428, 0.2846255720053586, 0.28696294382475435, 0.28646421013206935, 0.2832933881472377, 0.2777414412341914, 0.2701980783783006, 0.2611168815323968, 0.2509787086621981, 0.24025792754491382, 0.22939491835874357, 0.21877677958412872, 0.20872666367570358, 0.19950093829542592, 0.19129257209137204, 0.1842388037303388, 0.17843118311688447, 0.17392635739432835, 0.1707563631282092, 0.16893759204250286, 0.16847792723527197, 0.16938179469088366, 0.17165300535841466, 0.17529532704830864, 0.18031070919318304, 0.18669506369647684, 0.19443146985227888, 0.20348071451444466, 0.21376918753199664, 0.22517443528645076, 0.23750910344929974, 0.25050466286958717, 0.2637971019534204, 0.2769176643721841, 0.2892924196997715, 0.30025476667915224, 0.3090744125629703, 0.3150047189595924, 0.31734729337212236, 0.3155286825127409, 0.3091795858506, 0.2982034937452439, 0.28282033864344613, 0.2635729243759993, 0.24128970155135662, 0.21700609966667694, 0.19185578408032616, 0.16695033534767117, 0.14326844598200705, 0.1215730687335803, 0.10236769671614689, 0.08589369031663628, 0.07216193138887333, 0.061006607566267246, 0.05214731060947227, 0.04524765224561172, 0.03996258174996157, 0.03597115206134666, 0.03299510562207531, 0.030805991606810572, 0.02922433115255011, 0.02811423552870882, 0.027376094817754746, 0.02693912570306337, 0.026754732308896807, 0.026791108308203138, 0.02702910534940635, 0.027459250548479676, 0.028079688348880597, 0.028894856820915134, 0.029914703692570283, 0.031154316516457073, 0.03263384712614283, 0.03437866468880599]
7.775850642710878	2.804994219244568	[0.03639402480971214, 0.03876699972960637, 0.04151615114265912, 0.044691625242170206, 0.04835081531453547, 0.052558518159440036, 0.057386730880513444, 0.06291389337978424, 0.06922333599057733, 0.07640065137275338, 0.08452968920916838, 0.09368688908913284, 0.10393374559086234, 0.11530736391713409, 0.12780933536401928, 0.14139354326236578, 0.15595398000560354, 0.17131415140279233, 0.1872200606790007, 0.20333895824640963, 0.2192658660484033, 0.23453922432138907, 0.24866584723698085, 0.2611538326084915, 0.27155042214903063, 0.27948043124473626, 0.28468015313694855, 0.28702186926936185, 0.28652532177753265, 0.28335451197322087, 0.27780054364064566, 0.270253395460472, 0.2611670099107294, 0.2510226509791285, 0.24029509547969372, 0.22942510007249947, 0.21880008299470877, 0.20874344725565624, 0.1995117398090112, 0.19129804379990573, 0.18423965848878476, 0.17842815472795334, 0.1739201741978797, 0.170747735086984, 0.16892720754942084, 0.16846645933659463, 0.1693699121698431, 0.171641389042479, 0.17528468649221635, 0.1803018006960028, 0.18668870395726136, 0.19442854608595583, 0.20348218363984633, 0.21377606457298098, 0.2251877617941952, 0.23752989632127125, 0.25053383473932256, 0.2638353577661559, 0.2769653714082995, 0.28934946706958553, 0.3003204247016736, 0.3091472242049692, 0.31508244589327783, 0.31742695512017355, 0.3156067026154748, 0.3092520597157581, 0.2982665498296833, 0.28287055733115796, 0.26360773667026577, 0.24130770338502927, 0.2170072056271878, 0.1918411979014075, 0.16692233011106752, 0.1432300139621677, 0.12152750061062277, 0.10231818577981569, 0.08584301291055221, 0.07211225728452711, 0.06095942935541885, 0.0521034871220715, 0.04520751310348712, 0.039926070935511544, 0.03593796235644626, 0.03296479971756234, 0.03077808527029678, 0.02919835346301622, 0.028089756586755218, 0.027352741663123833, 0.02691658003034376, 0.026732727620736522, 0.026769418756069457, 0.027007539269185827, 0.027437639973865634, 0.028057884246181154, 0.028872721613774053, 0.029892108935115184, 0.031131138213961962, 0.03260996545785974, 0.03435396165223916]
7.7787015143930445	2.8041220889119667	[0.03636841514128412, 0.03874034304096366, 0.04148834409903981, 0.0446625738459943, 0.04832044409244433, 0.052526775459331446, 0.05735360271436812, 0.06287941422200453, 0.06918760830717861, 0.07636386206443471, 0.08449213376498174, 0.09364899051735086, 0.10389607737178595, 0.11527066216455066, 0.12777450765523526, 0.14136165774423157, 0.15592624174111044, 0.17129185058490193, 0.18720450283848625, 0.2033313668956568, 0.21926727546128535, 0.23455036222380846, 0.24868703283123633, 0.2611848956983422, 0.27159066819269784, 0.27952865300595126, 0.2847347004924343, 0.2870807628985714, 0.2865864040830025, 0.28341560880328215, 0.2778596214903539, 0.27030869013007713, 0.2612171179591157, 0.25106657481830935, 0.24033224673278752, 0.22945526680988573, 0.21882337308963956, 0.20876021917627086, 0.19952253121217448, 0.1913035069452385, 0.18424050599618208, 0.17842512035404892, 0.17391398589979418, 0.17073910273561813, 0.1689168190220212, 0.1684549875675323, 0.16935802532356434, 0.17162976785266829, 0.1752740398293612, 0.18029288483418707, 0.18668233489739489, 0.19442561115814, 0.20348363912331405, 0.21378292583803002, 0.22520106989130664, 0.2375506688040829, 0.25056298391439596, 0.26387358953498946, 0.27701305280026994, 0.2894064882735732, 0.3003860555898454, 0.3092200086353703, 0.31516014459752156, 0.3175065881598707, 0.3156846921457515, 0.3093245016995828, 0.2983295715551926, 0.28292074064351025, 0.26364251249109605, 0.24132567063205113, 0.21700827996030297, 0.19182658696988603, 0.1668943079961805, 0.14319157617960412, 0.12148193719084188, 0.10226869138599207, 0.08579236113825733, 0.0720626176668203, 0.060912290609249665, 0.05205970745061496, 0.04516741848224379, 0.039889605334594375, 0.03590481587137734, 0.03293453585919135, 0.030750218065421296, 0.02917241332980819, 0.02806531249239993, 0.027329422115585537, 0.026894065894805537, 0.026710753757267225, 0.026747758626403086, 0.026986002371675224, 0.027416057728125037, 0.028036108587929334, 0.0288506144062103, 0.029869542539210266, 0.031107988113908518, 0.03258611250701419, 0.03432928734666326]
7.781552386075211	2.803250215856441	[0.0363428342046104, 0.03871371617257814, 0.041460566396274316, 0.04463355270519848, 0.04829010246045038, 0.05249506289811372, 0.05732050356996396, 0.06284496400029878, 0.0691519076605083, 0.07632709874445413, 0.08445460127492091, 0.09361111257309612, 0.10385842534546347, 0.11523397284268738, 0.12773968654155227, 0.14132977381947648, 0.15589849828525715, 0.17126953902477934, 0.1871889274790995, 0.2033237530383564, 0.2192686568307546, 0.23456146880922282, 0.24870818380912804, 0.26121592325078064, 0.27163087789706114, 0.2795768396454868, 0.28478921384083566, 0.287139624987065, 0.28664745687517706, 0.28347667884466204, 0.2779186746696888, 0.27036396252793354, 0.26126720562303324, 0.2511104802566606, 0.2403693813060083, 0.22948541858679178, 0.2188466499234222, 0.20877697939528098, 0.19953331260903853, 0.19130896142966783, 0.18424134640471213, 0.17842207984422462, 0.17390779270059425, 0.17073046587114504, 0.1689064267113128, 0.16844351167301858, 0.169346134457404, 0.17161814148027854, 0.1752633874247104, 0.18028396124238855, 0.18667595694758574, 0.19442266464246646, 0.203485081467558, 0.21378977083423534, 0.2252143601581091, 0.23757142033199535, 0.2505921110573215, 0.2639117966149219, 0.2770607092967735, 0.2894634825815409, 0.3004516601831337, 0.3092927650332513, 0.3152378160090202, 0.31758619157291, 0.3157626521458195, 0.3093969107766885, 0.29839256007907067, 0.2829708874359949, 0.26367725312056, 0.24134360201895239, 0.21700932407904255, 0.1918119498803299, 0.16686627054032802, 0.14315313110289385, 0.12143638010699365, 0.10221921189572297, 0.08574173667792938, 0.07201301082657365, 0.06086519299222551, 0.052015969873083594, 0.0451273699773853, 0.03985318327932849, 0.03587171408851324, 0.03290431249282404, 0.03072239133115918, 0.02914650935191599, 0.028040904426026764, 0.027306134942821827, 0.026871584317696803, 0.02668880965042915, 0.026726128792780895, 0.026964493735585172, 0.027394504556447676, 0.028014360575796635, 0.0288285358378465, 0.02984700380434254, 0.031084866773442837, 0.0325622876474461, 0.0343046422682048]
7.784403257757378	2.802378600461702	[0.03631728240643096, 0.03868711863716532, 0.04143281841191561, 0.04460456135970703, 0.04825979078044453, 0.052463380033528795, 0.057287433805149564, 0.06281054228418294, 0.06911623441401861, 0.07629036099138949, 0.0844170921152776, 0.09357325484444104, 0.10382078990487548, 0.11519729555215456, 0.12770487243182754, 0.14129789110595378, 0.15587075005626658, 0.1712472163628266, 0.1871733350163573, 0.20331611634280647, 0.21927001055403136, 0.23457254377947162, 0.2487293005339742, 0.26124691500755437, 0.271671051579102, 0.2796249909515092, 0.28484369344470706, 0.28719845537439637, 0.28670848035777635, 0.28353772199035804, 0.27797770332183813, 0.2704192125997896, 0.2613172729856756, 0.25115436729049273, 0.24040649922487167, 0.22951555544755067, 0.2188699134671112, 0.20879372800277568, 0.19954408391933998, 0.19131440738744193, 0.18424217958523775, 0.17841903337640466, 0.1739015944237585, 0.17072182471616756, 0.1688960303938318, 0.1684320319229566, 0.16933423930026467, 0.17160651024658422, 0.175252728957668, 0.1802750302983396, 0.18666956973475252, 0.1944197069786157, 0.2034865102431115, 0.21379660006844156, 0.2252276321043129, 0.2375921514833941, 0.25062121561238104, 0.2639499796591343, 0.2771083402719855, 0.28952045072376376, 0.30051723778040895, 0.3093654942081958, 0.31531545934499644, 0.31766576625215615, 0.3158405817438776, 0.30946928793117745, 0.29845551443318064, 0.28302099879591724, 0.26371195748780685, 0.24136149874685628, 0.21701033680434134, 0.19179728794717835, 0.16683821645313227, 0.14311468014049852, 0.12139082796282681, 0.10216974877362607, 0.08569113804992427, 0.0719634382359982, 0.06081813498451805, 0.051972275820085824, 0.04508736608653954, 0.039816806116314996, 0.03583865558103779, 0.0328741308493811, 0.03069460376098951, 0.029120642625487643, 0.028016531225619843, 0.02728288110010509, 0.026849134285711514, 0.02666689612012896, 0.026704528380037715, 0.026943014059517413, 0.02737297970283801, 0.027992640805932195, 0.028806485249788964, 0.02982449324454494, 0.031061773609130358, 0.032538491330668905, 0.03428002588958274]
7.787254129439545	2.8015072431097234	[0.036291759873205105, 0.03866055021683279, 0.041405100263196486, 0.04457559960284795, 0.048229509166466074, 0.052431726667379296, 0.05725439353654251, 0.06277614888291366, 0.06908058869248153, 0.07625364862237914, 0.0843796064238798, 0.09353541715797911, 0.10378317120435467, 0.11516063013105211, 0.12767006549785986, 0.1412660094549385, 0.15584299724101902, 0.17122488246411863, 0.1871577256464097, 0.203308456687392, 0.21927133682835123, 0.2345835870252405, 0.24875038319546733, 0.2612778708709688, 0.2717111894138573, 0.27967310683809826, 0.28489813945996634, 0.2872572539872414, 0.2867694746657617, 0.2835987381804592, 0.2780367075607515, 0.2704744402993022, 0.2613673201407367, 0.251198235886342, 0.24044360056380795, 0.22954567737040496, 0.21889316377694956, 0.2088104649876155, 0.19955484518230435, 0.19131984481748743, 0.18424300556120415, 0.17841598095980296, 0.17389539107816449, 0.17071317929123958, 0.1688856300649153, 0.16842054835108428, 0.16932233983461717, 0.1715948742010229, 0.1752420643979311, 0.18026609207017602, 0.18666317321509332, 0.1944167382566407, 0.203487925390906, 0.21380341365576544, 0.2252408856526391, 0.23761286240131982, 0.2506502974800717, 0.2639881388411916, 0.27715594559948104, 0.28957739290698986, 0.3005827882234933, 0.30943819640324, 0.31539307441087383, 0.31774531248061166, 0.31591848070447953, 0.30954163349013253, 0.2985184343371723, 0.28307107509877366, 0.2637466252647849, 0.2413793612429939, 0.21701131775890778, 0.19178260164773722, 0.16681014530610838, 0.14307622380802756, 0.12134528027614427, 0.1021203025517238, 0.0856405647203474, 0.07191390041881897, 0.06077111601382479, 0.05192862578780482, 0.04504740622393955, 0.03978047430295118, 0.0358056397787505, 0.032843991341774036, 0.03066685482413411, 0.02909481351611019, 0.027992192413522174, 0.02725966090501911, 0.02682671537799976, 0.026645013437738764, 0.026682957020689336, 0.026921563572858714, 0.027351482845872428, 0.0279709494717235, 0.02878446235801671, 0.029802011024039354, 0.031038708365909752, 0.03251472369868689, 0.0342554379773018]
7.790105001121712	2.8006361441806527	[0.036266266239301126, 0.03863401116798061, 0.041377411607557556, 0.04454666767700582, 0.04819925729165749, 0.052400103037331905, 0.05722138244819826, 0.06274178403763347, 0.06904497018844834, 0.07621696188905598, 0.0843421439015914, 0.09349759978089228, 0.10374556895475877, 0.11512397686418138, 0.12763526546329595, 0.141234129166847, 0.1558152395789839, 0.17120253763808457, 0.1871420991272103, 0.20330077438008773, 0.2192726354324671, 0.23459459884085962, 0.24877143159566756, 0.26130879111055333, 0.271751291229743, 0.27972118754185626, 0.28495255174452716, 0.2873160210246342, 0.2868304396887658, 0.2836597275745865, 0.2780956873083779, 0.2705296457467154, 0.2614173470415592, 0.2512420861263126, 0.24048068530576858, 0.2295757844012385, 0.21891640086358105, 0.20882719036161357, 0.19956559643479005, 0.19132527369958136, 0.18424382439505527, 0.17841292254383015, 0.17388918275231077, 0.17070452951654438, 0.16887522584079692, 0.16840906084880233, 0.16931043620724995, 0.17158323320580512, 0.17523139392659895, 0.1802571463895078, 0.186656767608346, 0.19441375827503068, 0.20348932717375934, 0.2138102113579459, 0.22525412111310827, 0.23763355280619824, 0.2506793570211962, 0.2640262738350665, 0.27720352569403983, 0.28963430875337154, 0.30064831198442765, 0.3095108711831752, 0.31547066173994454, 0.31782482975975024, 0.31599634962752854, 0.30961394688545824, 0.298581320464728, 0.2831211157012897, 0.26378125720676776, 0.24139718878478025, 0.21701226778330726, 0.19176789017725215, 0.16678205801741444, 0.1430377612177478, 0.12129973801959701, 0.10207087226533816, 0.08559001768190651, 0.0718643963532658, 0.06072413705652067, 0.051885018732966914, 0.04500749131880641, 0.03974418681849091, 0.035772667540935256, 0.03281389301208038, 0.030639145294935437, 0.029069021155895762, 0.027967888671648157, 0.027236473591101346, 0.026804328183951266, 0.02662316093636264, 0.02666141521794298, 0.026900141697879326, 0.027330014413415826, 0.027949286070131352, 0.028762467528136514, 0.029779556699155923, 0.031015671360613426, 0.03249098435295759, 0.03423087881218358]
7.792955872803879	2.799765304052879	[0.03624080157721531, 0.03860750132580632, 0.04134975251050784, 0.04451776542706535, 0.04816903521911507, 0.05236850899667475, 0.057188400605234335, 0.06270744761022262, 0.06900937897341387, 0.07618030066327876, 0.08430470463029274, 0.09345980259736686, 0.10370798325115153, 0.11508733565060768, 0.12760047243704098, 0.14120225015746787, 0.1557874771905886, 0.17118018181767194, 0.18712645558527882, 0.20329306936997604, 0.21927390649140582, 0.23460557918980304, 0.24879244585018756, 0.2613396757027881, 0.271791357126533, 0.2797692330519348, 0.2850069303783565, 0.2873747564889949, 0.28689137548526705, 0.28372069018925217, 0.2781546426014707, 0.27058482897299435, 0.2614673537035617, 0.2512859180555048, 0.24051775344542603, 0.22960587659855852, 0.21893962470162961, 0.20884390419599375, 0.1995763376322185, 0.19133069411740372, 0.18424463602400115, 0.17840985822502148, 0.17388296936626998, 0.1706958755025838, 0.16886481762545427, 0.16839756954232146, 0.1692985283069414, 0.17157158740500394, 0.17522071741788053, 0.18024819342049223, 0.18665035277442749, 0.19441076721988268, 0.20349071543717331, 0.21381699338406296, 0.22526733831632667, 0.23765422293004068, 0.25070839405082285, 0.26406438489462947, 0.2772510803546629, 0.28969119853705, 0.3007138088458643, 0.309583518841011, 0.3155482210981861, 0.3179043184008607, 0.3160741882614173, 0.30968622844752036, 0.29864417254511355, 0.2831711209555233, 0.26381585302225413, 0.24141498174933362, 0.21701318656316923, 0.19175315393776549, 0.16675395424547987, 0.1429992927877618, 0.12125420081795878, 0.10202145833117826, 0.08553949652260553, 0.07181492643577353, 0.06067719767110931, 0.051841455019009164, 0.04496762091869619, 0.03970794398843016, 0.03573973842729684, 0.03278383614743165, 0.030611474764449715, 0.02904326579447228, 0.027943619633203597, 0.0272133193717226, 0.026781972381476397, 0.026601338795226265, 0.026639902691285872, 0.026878748583014533, 0.027308574160510052, 0.027927650723198312, 0.028740500543880828, 0.029757130370475282, 0.030992662399181636, 0.03246727337760302, 0.034206348216896505]
7.795806744486046	2.7988947231030212	[0.03621536562401867, 0.038581020847390055, 0.0413221227271437, 0.04448889299960897, 0.048138842717337, 0.052336944688127024, 0.057155447787071954, 0.06267313974559974, 0.06897381483732345, 0.07614366509747081, 0.08426728841176473, 0.09342202577117345, 0.10367041390980318, 0.11505070666693196, 0.12756568625297868, 0.14117037261431523, 0.15575970992999585, 0.1711578151954611, 0.18711079489671206, 0.20328534184554478, 0.2192751499040523, 0.23461652824586682, 0.24881342588155458, 0.2613705247971314, 0.27183138705191784, 0.2798172434864653, 0.28506127533637, 0.287433460463139, 0.2869522820592252, 0.2837816260703022, 0.27821357347387865, 0.2706399899868411, 0.2615173401902042, 0.2513297316461795, 0.24055480507482813, 0.22963595389938343, 0.2189628354105144, 0.20886060639396753, 0.19958706892045364, 0.1913361059417995, 0.18424544062008572, 0.17840678784313188, 0.17387675111888953, 0.1706872170590178, 0.16885440564611076, 0.16838607421183027, 0.16928661639166218, 0.17155993654955867, 0.17521003516331232, 0.18023923288467722, 0.18664392904115465, 0.1944077647829636, 0.20349209054719122, 0.2138237593956708, 0.22528053766712114, 0.2376748724039855, 0.25073740901139624, 0.2641024716208798, 0.2772986100587683, 0.28974806182965795, 0.3007792793169583, 0.3096561389198485, 0.3156257530240086, 0.3179837779185741, 0.3161519971735541, 0.3097584776611412, 0.2987069911777907, 0.28322109031394, 0.2638504133485261, 0.24143273955333455, 0.21701407477788112, 0.19173839230543424, 0.16672583470763427, 0.14296081784823714, 0.12120866940995134, 0.10197206003173519, 0.08548900197735687, 0.0717654899105028, 0.06063029856354558, 0.05179793387532572, 0.0449277956817715, 0.03967174505965002, 0.0357068530364104, 0.032753820042639145, 0.03058384376506863, 0.029017546795036347, 0.027919385761900107, 0.027190197686586554, 0.026759648367118777, 0.02657954652851931, 0.026618419775340338, 0.026857383808628923, 0.027287162367839766, 0.027906043066375476, 0.028718561641349838, 0.029734731717108664, 0.03096968168266348, 0.03244359048503021, 0.03418184636642383]
7.798657616168213	2.798024401705914	[0.03618995862007577, 0.03855456940709455, 0.04129452247886764, 0.044460050088291174, 0.0481086799978254, 0.05230540981928876, 0.05712252420340626, 0.06263886016234356, 0.06893827799496505, 0.07610705492065395, 0.08422989547127432, 0.09338426904331655, 0.10363286116949512, 0.11501408966910225, 0.12753090716299093, 0.14113849631179878, 0.15573193805746002, 0.1711354375675754, 0.18709511732116083, 0.20327759162730327, 0.2192763659176945, 0.23462744585641002, 0.2488343719126862, 0.26140133827063305, 0.2718713811946203, 0.27986521875544434, 0.28511558676664644, 0.28749213289294007, 0.28701315951476614, 0.2838425352011659, 0.2782724799847233, 0.2706951288093101, 0.261567306516018, 0.2513735269558472, 0.24059184016525914, 0.22966601639599427, 0.21898603292011576, 0.20887729708103, 0.19959779018992813, 0.19134150933054625, 0.18424623803604778, 0.17840371158824647, 0.1738705278265492, 0.17067855440938967, 0.16884398968355263, 0.1683745751165868, 0.16927470020672022, 0.17154828093755636, 0.17519934687217184, 0.18023026512248444, 0.18663749608063832, 0.19440475135029028, 0.20349345213722336, 0.21383050982669988, 0.22529371875857337, 0.2376955017107294, 0.25076640145432105, 0.26414053454459974, 0.27734611431526035, 0.2898048992084317, 0.30084472286363606, 0.30972873204193485, 0.3157032569394637, 0.3180632089803417, 0.3162297757398926, 0.30983069524215767, 0.29876977568889235, 0.2832710245471641, 0.2638849374573452, 0.24145046302909481, 0.21701493164005492, 0.1917236061750308, 0.16669769855281844, 0.14292233734400475, 0.12116314287955156, 0.10192267833552092, 0.08543853307398555, 0.07171608773654276, 0.06058343873008689, 0.051754456220843494, 0.044888014610587314, 0.039635590887302105, 0.03567401041774999, 0.03272384547301532, 0.03055625142515727, 0.028991864843937173, 0.02789518628234806, 0.027167109130748913, 0.026737355464825013, 0.026557784644054772, 0.026596965886173336, 0.026836047804340863, 0.027265778530710032, 0.02788446346308069, 0.028696650380265358, 0.029712361049245403, 0.030946728820839958, 0.032419935944773846, 0.03415737290799417]
7.80150848785038	2.7971543402345946	[0.03616458043332694, 0.038528147037073676, 0.04126695164168856, 0.044431236722693224, 0.04807854694366979, 0.05227390442079497, 0.05708962974448547, 0.06260460889605048, 0.06890276834508632, 0.07607047017716623, 0.08419252571847852, 0.09334653247022759, 0.10359532495347869, 0.11497748472767622, 0.12749613510601904, 0.14110662133424715, 0.155704161528178, 0.17111304902871763, 0.1870794228287135, 0.20326981881427605, 0.21927755451462616, 0.23463833211765514, 0.2488552839354593, 0.26143211621054036, 0.2719113395547195, 0.27991315893314545, 0.2851698646774031, 0.2875507738377354, 0.28707400786866605, 0.28390341762546134, 0.27833136215946874, 0.27075024546807347, 0.2616172527148566, 0.2514173039964068, 0.2406288587585109, 0.2296960640850456, 0.21900921727981995, 0.2088939762393651, 0.19960850149753112, 0.1913469042522466, 0.18424702833655826, 0.1784006294163429, 0.1738642995624674, 0.17066988749805861, 0.1688335698208401, 0.16836307219034946, 0.1692627798467539, 0.17153662049308763, 0.17518865265263217, 0.18022129004906734, 0.18663105401642993, 0.19440172682848111, 0.20349480034755033, 0.2138372445752252, 0.22530688174821012, 0.237716110739386, 0.25079537155389625, 0.26417857354521834, 0.2773935933138892, 0.28986171054222254, 0.30091013968938635, 0.3098012980645645, 0.3157807330604015, 0.3181426114309272, 0.3163075241885579, 0.30990288102217567, 0.2988325263208382, 0.2833209234736851, 0.26391942560896303, 0.24146815198174296, 0.21701575742938187, 0.1917087953352607, 0.16666954607498433, 0.14288385104008341, 0.12111762152155373, 0.10187331297601186, 0.08538809009150763, 0.07166671961465054, 0.0605366184218527, 0.05171102173345325, 0.044848277924334996, 0.03959948114427037, 0.03564121076031527, 0.03269391212478489, 0.030528697906776675, 0.028966219653536, 0.0278710213321372, 0.02714405344823018, 0.026715093789435252, 0.02653605291724791, 0.026575541117682813, 0.026814740373356072, 0.027244422724450525, 0.027862911739399095, 0.02867476682029928, 0.029690018210907353, 0.030923803860923985, 0.03239630961448918, 0.03413292787964365]
7.804359359532547	2.796284539060404	[0.0361392307912689, 0.03850175390496943, 0.04123940996030315, 0.04440245306094942, 0.048048443311830856, 0.052242428648214996, 0.057056764176752074, 0.0625703861060979, 0.06886728566278955, 0.0760339110359146, 0.08415517893789688, 0.09330881623462962, 0.10355780505777924, 0.11494089204111504, 0.12746136989218435, 0.14107474789441518, 0.15567638016859897, 0.17109064980060534, 0.18706371126349952, 0.20326202362849613, 0.21927871555727904, 0.2346491872417703, 0.2488761618311937, 0.26146285880977893, 0.27195126203358694, 0.2799610641864386, 0.2852241089917544, 0.2876093834345708, 0.2871348270673141, 0.283964273449084, 0.2783902199684263, 0.2708053400380482, 0.2616671787804984, 0.2514610628127321, 0.24066586087060543, 0.2297260969826701, 0.21903238852648377, 0.20891064385782768, 0.1996192028999027, 0.19135229066995976, 0.1842478115977298, 0.17839754126604185, 0.1738580664228484, 0.17066121624030245, 0.16882314617585825, 0.16835156532573092, 0.1692508554537757, 0.1715249550862245, 0.17517795267389524, 0.1802123075113967, 0.18662460304822234, 0.19439869104007432, 0.20349613541143272, 0.21384396343723958, 0.22532002690529485, 0.23773669925665403, 0.25082431961700985, 0.2642165883570728, 0.277441047400227, 0.28991849552994975, 0.3009755301795686, 0.3098738366481998, 0.3158581818137724, 0.31822198488890013, 0.31638524299112786, 0.30997503457381326, 0.2988952435944924, 0.2833707866161535, 0.26395387837915785, 0.2414858058808174, 0.21701655277952206, 0.19169395919979856, 0.1666413779596356, 0.1428453582915988, 0.12107210605445667, 0.10182396325079084, 0.08533767375371538, 0.07161738479656106, 0.06048983834044424, 0.05166762964461409, 0.04480858628167261, 0.039563415075658435, 0.0356084546665399, 0.03266401928842853, 0.030501183748400308, 0.028940610581067113, 0.027846891382433955, 0.02712103007175938, 0.026692863745733587, 0.02651435085469493, 0.02655414581315996, 0.026793461088051626, 0.02722309523867071, 0.027841387522493734, 0.02865291120669951, 0.029667702872606876, 0.030900907013406417, 0.03237271119757956, 0.03410851146624342]
7.807210231214714	2.795414998552921	[0.03611391016831334, 0.038475389460131196, 0.041211897875204226, 0.044373698583172125, 0.048018369524371385, 0.05221098200130962, 0.057023927916997515, 0.06253619130442734, 0.06883183037030155, 0.07599737701719755, 0.08411785556508417, 0.09327111986488427, 0.10352030193525305, 0.11490431114865339, 0.12742661199052058, 0.14104287554761383, 0.15564859445688947, 0.17106823946135405, 0.18704798310014026, 0.2032542056783694, 0.219279849500241, 0.23466001087516392, 0.2488970060171806, 0.2614935657602671, 0.27199114899638205, 0.28000893425950907, 0.285278320012496, 0.287667961485165, 0.2871956173460205, 0.2840251025343007, 0.27844905357844735, 0.2708604124424192, 0.26171708481293093, 0.2515048033869976, 0.24070284653746649, 0.22975611512681626, 0.21905554663513518, 0.20892730002686835, 0.1996298943142129, 0.19135766872431945, 0.18424858768139288, 0.17839444732742404, 0.1738518282158275, 0.1706525408767585, 0.16881271850351323, 0.16834005481688272, 0.1692389267285546, 0.17151328506920405, 0.17516724658022909, 0.18020331792553115, 0.1866181427600389, 0.19439564447118596, 0.20349745684776843, 0.21385066697489757, 0.22533315367798676, 0.2377572679058316, 0.2508532450152786, 0.2642545797086857, 0.27748847586379294, 0.2899752549889775, 0.30104089353622737, 0.3099463487033152, 0.3159356023080202, 0.31830133036393277, 0.3164629311542404, 0.3100471570146183, 0.2989579264042663, 0.28342061521102047, 0.2639882945397866, 0.24150342609188308, 0.21701731633303173, 0.19167909926452675, 0.16661319271973302, 0.1428068607067871, 0.12102659487180872, 0.1017746308397716, 0.08528728236214175, 0.07156808497799722, 0.06044309674449792, 0.05162428160759392, 0.044768937963514374, 0.03952739424147101, 0.03557574050548262, 0.03263416839235523, 0.030473707457954406, 0.028915038899872562, 0.0278227951074073, 0.02709804011168107, 0.026670664178780803, 0.026492679409760685, 0.026532778976403402, 0.026772210761058984, 0.027201795214149532, 0.027819891506191564, 0.028631082791885285, 0.02964541563302226, 0.03087803761744363, 0.03234914122032372, 0.034084123071410774]
7.8100611028968805	2.7945457190799274	[0.03608861788816718, 0.03844905425927208, 0.0411844147546011, 0.0443449738149507, 0.047988324978069805, 0.052179564991438346, 0.05699112037893043, 0.06250202500226701, 0.06879640189094331, 0.07596086864304816, 0.08408055502985576, 0.09323344390077656, 0.10348281502311923, 0.11486774260952509, 0.12739186085003, 0.14101100486773113, 0.1556208038607979, 0.17104581858783782, 0.18703223783373243, 0.20324636552651618, 0.219280955875527, 0.23467080354651124, 0.24891781607243482, 0.261524237538494, 0.2720310000789525, 0.280056769562826, 0.28533249744050315, 0.2877265083255179, 0.2872563784757449, 0.28408590513897486, 0.2785078628318957, 0.2709154628608839, 0.26176697072417277, 0.2515485258231883, 0.24073981573731562, 0.22978611854957617, 0.21907869164637078, 0.2089439447108248, 0.19964057584024272, 0.1913630383155255, 0.18424935674467616, 0.1783913474390753, 0.173845585155891, 0.17064386118548072, 0.16880228707775963, 0.16832854038076292, 0.16922699400870966, 0.17150161009557413, 0.17515653477892842, 0.1801943208775453, 0.18661167363613393, 0.19439258663476075, 0.20349876522556282, 0.21385735462108219, 0.22534626272754638, 0.23777781603200634, 0.2508821485088736, 0.2642925468493166, 0.2775358795695105, 0.2900319880646195, 0.30110623073486104, 0.3100188332626692, 0.3160129956364235, 0.3183806467662898, 0.3165405898990928, 0.3101192471207892, 0.2990205761129677, 0.2834704078884103, 0.26402267560992926, 0.2415210110890361, 0.21701804977309466, 0.19166421384287635, 0.16658499219247758, 0.14276835644412428, 0.12098108992946226, 0.10172531377036753, 0.08523691793351094, 0.07151881810407248, 0.06039639564273974, 0.051580975556565906, 0.04472933490333165, 0.039491416644944786, 0.0355430700790174, 0.032604357578686995, 0.030446270665957, 0.028889502936848818, 0.027798733945807858, 0.027075082097757653, 0.026648496334046416, 0.026471037309666035, 0.026511441673344713, 0.0267509882961301, 0.02718052356079572, 0.02779842274222538, 0.02860928235759805, 0.029623155661626314, 0.030855196354736446, 0.032325598941620855, 0.03405976330284911]
7.812911974579047	2.7936767010074943	[0.036063354389170965, 0.03842274778644515, 0.041156961006407845, 0.044316278268042186, 0.04795831006490303, 0.05214817714766707, 0.0569583419510802, 0.06246788673903657, 0.0687610006202499, 0.07592438545969385, 0.08404327774269257, 0.09319578789505233, 0.1034453447512354, 0.11483118598547867, 0.12735711691955207, 0.14097913542990514, 0.15559300884188218, 0.17102338677389828, 0.18701647592658147, 0.20323850279116457, 0.21928203513054087, 0.234681564904571, 0.24893859241358166, 0.26155487383051224, 0.2720708156542529, 0.28010456982642173, 0.285386641596556, 0.2877850237346724, 0.28731711072058813, 0.28414668109327723, 0.2785666479347381, 0.270970491174029, 0.26181683666294614, 0.25159223004991454, 0.2407767685642181, 0.22981610722470824, 0.21910182360299849, 0.20896057792599843, 0.19965124747284388, 0.1913683995005873, 0.18425011873706487, 0.17838824169808498, 0.17383933714874494, 0.17063517730457628, 0.16879185176095973, 0.16831702219915085, 0.16921505711240778, 0.17148993039507454, 0.1751458170416885, 0.18018531665077614, 0.18660519539795084, 0.19438951787427597, 0.2035000602107857, 0.21386402678632904, 0.2253593536580069, 0.23779834411956366, 0.25091102963246964, 0.2643304903435324, 0.2775832579745157, 0.2900886954075211, 0.30117154114610256, 0.3100912910690798, 0.3160903610733203, 0.3184599349386089, 0.31661821839358306, 0.31019130584541177, 0.2990831917726831, 0.2835201657248636, 0.26405702051831, 0.24153856208254335, 0.21701875189987355, 0.19164930427732613, 0.1665567750483945, 0.14272984695731616, 0.12093558977691443, 0.10167601356681183, 0.08518657892249851, 0.07146958571701074, 0.06034973344242819, 0.05153771299802669, 0.04468977552308978, 0.03945548370999793, 0.035510441886080414, 0.03257458815320686, 0.030418871996263905, 0.028864003857660286, 0.027774706672583555, 0.027052157047788104, 0.026626359142542008, 0.02644942542940919, 0.0264901329803097, 0.026729794439983964, 0.027159279480468552, 0.027776981868887215, 0.02858750920802042, 0.029600923509850052, 0.030832382608892903, 0.03230208484689385, 0.034035431603048824]
7.815762846261214	2.792807944699967	[0.03603811925688188, 0.03839647034704838, 0.041129536242270316, 0.044287612231404115, 0.047928324413820965, 0.05211681875308314, 0.05692559227367132, 0.06243377680116251, 0.06872562620635417, 0.075887927764488, 0.08400602335877329, 0.0931581521612647, 0.10340789078311928, 0.11479464160821869, 0.1273223798738328, 0.14094726758167617, 0.15556520908992527, 0.1710009443759757, 0.1870006970876141, 0.20323061782678348, 0.2192830869973132, 0.23469229528881516, 0.24895933479935814, 0.26158547494810536, 0.2721105955109951, 0.28015233532447803, 0.2854407523023729, 0.28784350794355057, 0.28737781393785694, 0.28420743058330616, 0.2786254087813251, 0.27102549752418054, 0.2618666825603327, 0.2516359161677374, 0.24081370498402513, 0.2298460812130818, 0.21912494250297773, 0.20897719969556133, 0.19966190923985241, 0.19137375226691591, 0.18425087371522947, 0.17838513005782772, 0.17383308428031435, 0.17062648915459028, 0.16878141267015678, 0.1683055001601414, 0.16920311619098186, 0.1714782458226593, 0.17513509355836854, 0.1801763050650984, 0.18659870827881897, 0.19438643797120897, 0.20350134208540174, 0.21387068320900463, 0.22537242680490482, 0.2378188518578803, 0.25093988877976464, 0.2643684098252656, 0.27763061153534013, 0.2901453765898529, 0.301236825294806, 0.3101637216268825, 0.3161676992184692, 0.31853919431053024, 0.3166958173195047, 0.31026333253474897, 0.2991457741544289, 0.2835698879740569, 0.2640913301322147, 0.24155607822723973, 0.21701942368093693, 0.19163436962250918, 0.1665285423486495, 0.14269133120417293, 0.12089009554467822, 0.10162672910086164, 0.0851362664895069, 0.07142038662727337, 0.060303111290068795, 0.051494492722532675, 0.044650260917261445, 0.0394195942575987, 0.03547785694044068, 0.03254485901286359, 0.030391512362923378, 0.028838540665584205, 0.02775071409259609, 0.027029264083626863, 0.026604253299785427, 0.026427843006643126, 0.026468853491220898, 0.026708628533657797, 0.027138063478593728, 0.02775556831362203, 0.028565763775724146, 0.029578718673668968, 0.03080959675560249, 0.03227859848404601, 0.034011128305808006]
7.818613717943381	2.7919394505199637	[0.036012912727728524, 0.038370221620101994, 0.04110214068141478, 0.0442589754013698, 0.04789836823580941, 0.05208548951592417, 0.056892871557495305, 0.06239969490573501, 0.0686902788669859, 0.07585149528257758, 0.08396879210861254, 0.09312053643382254, 0.10337045336572616, 0.11475810922396447, 0.12728764997653327, 0.14091540108397752, 0.15553740488113885, 0.170978491172079, 0.1869849015970151, 0.20322271043010545, 0.21928411174865478, 0.23470299451636284, 0.2489800434839313, 0.2616160407313296, 0.27215033987597775, 0.28020006592329294, 0.28549482975195284, 0.28790196084746705, 0.2874384882858811, 0.28426815353444135, 0.27868414549313086, 0.2710804818660678, 0.2619165085011441, 0.25167958415914765, 0.24085062504629923, 0.22987604052333033, 0.21914804836276852, 0.20899381005302217, 0.19967256112684517, 0.19137909667214933, 0.18425162163569328, 0.17838201260006809, 0.17382682647933964, 0.17061779684238407, 0.16877096970697764, 0.16829397439775193, 0.16919117111894283, 0.1714665565425631, 0.17512436417559601, 0.18016728631875817, 0.18659221209585602, 0.19438334716195518, 0.2035026106345214, 0.21387732416768765, 0.2253854819180407, 0.23783933957123055, 0.25096872566124645, 0.26440630566720813, 0.27767793991849277, 0.2902020320347348, 0.3013020827981783, 0.31023612541161255, 0.316245009634013, 0.3186184254134281, 0.3167733861784504, 0.3103353277823644, 0.2992083226948993, 0.2836195753005212, 0.26412560382015665, 0.24157356026550858, 0.21702006441324218, 0.19161941069667082, 0.16650029331504265, 0.1426528100627429, 0.1208446063793943, 0.10157746128163565, 0.08508597971691503, 0.07137122174120861, 0.06025652823035427, 0.051451315602818064, 0.04461079013172139, 0.039383749103052715, 0.03544531432987669, 0.032515170899105654, 0.030364190927409235, 0.02881311401867968, 0.027726755458363637, 0.027006403777170455, 0.026582178152719065, 0.0264062905306337, 0.02644760264074085, 0.02668749099224382, 0.02711687506528475, 0.02773418242873129, 0.02854404563205791, 0.02955654145499587, 0.0307868384136123, 0.03225514011669142, 0.033986853065050525]
7.821464589625548	2.7910712188283178	[0.03598773461876187, 0.038344001688322624, 0.04107477415207375, 0.04423036785571995, 0.04786844136779037, 0.052054189513860843, 0.05686017964721881, 0.0623656411350468, 0.06865495845504932, 0.07581508810536083, 0.08393158385499584, 0.09308294081687656, 0.10333303237404644, 0.11472158895156351, 0.12725292711704383, 0.1408835360696525, 0.1555095961205614, 0.1709560273051722, 0.18696908937534648, 0.20321478074754756, 0.21928510931942768, 0.23471366272904565, 0.24900071841500138, 0.2616465713099494, 0.27219004870893965, 0.28024776173517923, 0.2855488739172628, 0.2879603825384877, 0.2874991337496361, 0.28432885001775365, 0.2787428580687639, 0.2711354442501055, 0.2619663144975684, 0.2517232340545803, 0.2408875287761009, 0.22990598516664176, 0.21917114121937567, 0.20901040899113407, 0.19968320318213037, 0.1913844326915671, 0.18425236255805558, 0.1783788892836877, 0.17382056381745192, 0.17060910031152923, 0.16876052295655564, 0.16828244484118543, 0.1691792219969883, 0.17145486247027042, 0.1751136290120408, 0.18015826031372842, 0.18658570698812374, 0.1943802453345976, 0.20350386601962075, 0.21388394953552256, 0.22539851918258577, 0.23785980711617402, 0.2509975404862368, 0.26444417770738715, 0.27772524335743015, 0.2902586615598074, 0.3013673139139386, 0.31030850221886674, 0.3163222926026741, 0.3186976280189467, 0.3168509252796652, 0.3104072913333957, 0.2992708377323866, 0.28366922742029677, 0.2641598419529388, 0.2415910078824512, 0.21702067450205786, 0.19160442715174344, 0.16647202838240188, 0.1426142831475516, 0.12079912273042384, 0.10152820968247499, 0.08503571904748045, 0.07132209059467161, 0.060209984680865414, 0.051408181152915955, 0.04457136354816375, 0.03934794776250677, 0.03541281439623112, 0.0324855233536029, 0.030336907990886952, 0.02878772350006017, 0.027702831030694833, 0.026983575759529883, 0.02656013392324108, 0.02638476767955445, 0.02642638061484591, 0.026666381535598447, 0.027095714395029974, 0.027712823968529438, 0.02852235490534338, 0.029534391635233415, 0.030764107690670853, 0.03223170954673735, 0.033962605973413294]
7.824315461307715	2.9280615799500693	[0.2810079014619531, 0.16773400498740246, 0.09564388913131425, 0.05385654556481076, 0.0315353560793982, 0.020356344110772917, 0.014959566105786842, 0.012337314098293488, 0.010981194242629515, 0.01020020241662962, 0.009697970502904673, 0.009351392320968911, 0.00910844654165149, 0.008945372810995441, 0.008849913449241017, 0.008814977799131919, 0.008836211135117011, 0.008910978722278156, 0.0090378658015035, 0.00921637337238491, 0.009446689461405798, 0.009729482501398245, 0.010065685597538033, 0.010456247724980976, 0.010901830521489943, 0.01140243139969969, 0.011956917702515054, 0.012562464915615874, 0.013213907076175096, 0.013903031897692757, 0.014617888114940025, 0.015342216743702192, 0.016055164962573892, 0.016731477676174614, 0.017342366492938497, 0.017857203773297393, 0.01824606081749224, 0.018482904592963978, 0.01854902243529602, 0.018436034934205574, 0.018147782882735275, 0.017700514494431885, 0.017121161662171744, 0.016443983625863776, 0.015706297998010398, 0.014944236319155377, 0.014189369881300989, 0.013466706433486745, 0.012794120384779546, 0.012182923473534545, 0.011639112395600686, 0.011164844808292357, 0.010759824147319637, 0.010422430541787459, 0.010150560686720576, 0.009942213298343328, 0.009795885639769592, 0.00971084786876205, 0.009687351468506564, 0.009726815799510428, 0.009832027548900096, 0.010007383029002817, 0.010259203037660107, 0.01059615431644323, 0.011029820925872775, 0.011575484223764169, 0.012253193703351258, 0.013089246201752816, 0.014118243329472592, 0.01538597455872585, 0.016953488319570588, 0.01890288312888673, 0.021345599471225954, 0.024434352452055927, 0.028380351316326102, 0.03347813412406753, 0.040141195839285014, 0.048952489164859954, 0.06073446207759208, 0.07664269058495916, 0.0982836021297158, 0.12784716685950587, 0.16822522467979809, 0.22305050470060045, 0.2965394110444647, 0.3929650220796414, 0.5155627384460706, 0.6647505809717601, 0.8358161120943959, 1.016714318465848, 1.1871913603900826, 1.3206920402460498, 1.3898839548372977, 1.374919291253846, 1.2714096388109082, 1.0940380379415182, 0.8731432442111084, 0.6452013417908982, 0.44161556398303164]
7.828591768830965	2.9266136505761637	[0.28088801578605044, 0.16762133797857098, 0.09555468776455606, 0.053793337074805186, 0.03149325452853954, 0.020328534577260363, 0.014940298271091884, 0.012322744542868911, 0.010969108812724815, 0.010189444059446428, 0.009687962611765298, 0.009341842911029952, 0.009099193595139022, 0.008936312102557901, 0.008840967118726221, 0.008806080949299284, 0.00882730587801342, 0.008902011234919368, 0.009028784645718628, 0.009207128415019881, 0.009437231145156788, 0.009719761376105203, 0.010055652088774956, 0.010445852150423497, 0.010891023386205978, 0.01139116401532162, 0.011945143182782619, 0.012550139599998488, 0.013200992420693995, 0.013889496843513151, 0.0146037118970581, 0.015327392032349105, 0.016039701140922902, 0.01671540395741671, 0.017325734482435937, 0.017840089008459802, 0.01822856279483196, 0.018465144845038226, 0.01853114037255174, 0.01841818142945423, 0.018130111937788164, 0.017683173740862753, 0.017104282816581967, 0.01642767421585483, 0.015690635581356818, 0.014929265997434216, 0.014175105250349727, 0.013453133419344104, 0.012781202913855092, 0.012170609763170135, 0.011627340821604338, 0.011153548680530338, 0.010748935133266942, 0.010411880793338255, 0.010140283898498161, 0.009932144973041221, 0.009785962804616955, 0.009701008422861321, 0.009677533273558248, 0.009716955569760705, 0.009822059552375273, 0.009997237578297872, 0.010248804720257718, 0.010585419887427158, 0.01101865675620867, 0.011563783161756025, 0.012240831162453725, 0.013076075232006273, 0.014104088360751388, 0.015370623422576717, 0.016936682069417303, 0.018884303105409478, 0.021324851046527888, 0.024410945029108733, 0.028353674648316812, 0.033447432202516315, 0.04010554209246558, 0.04891077149950601, 0.060685394819178076, 0.07658488431236479, 0.09821574283455, 0.127768380967308, 0.16813572697791032, 0.22295261861801485, 0.2964389716455427, 0.3928729642578204, 0.5154963009730612, 0.6647330897603075, 0.8358740190893736, 1.016870565900541, 1.1874556846620337, 1.3210513706900169, 1.3902982425780908, 1.3753276666235474, 1.2717473588700423, 1.0942579436383546, 0.873231180096983, 0.645177417276464, 0.44152139894350695]
7.835006230115841	2.924444584782031	[0.28070821317130434, 0.16745245030100445, 0.09542103497941291, 0.053698669068931, 0.03143022076131517, 0.020286908308972996, 0.014911459333226457, 0.012300935779358677, 0.010951015795067194, 0.010173335770497876, 0.009672976795443829, 0.009327543015013842, 0.009085337344034354, 0.008922743576052347, 0.008827569787994372, 0.008792757657187778, 0.0088139699460955, 0.008888582063825298, 0.009015185202854176, 0.009193283618992644, 0.009423066774338046, 0.009705203366858902, 0.010040626188901142, 0.010430283943631262, 0.010874838734343816, 0.011374289985778937, 0.011927509539767076, 0.012531680937240287, 0.013181650994283482, 0.013869226120810778, 0.014582480765318082, 0.015305189506218595, 0.016016541274490433, 0.016691330515740035, 0.017300824781464334, 0.01781445622265568, 0.01820235599701641, 0.018438546122893563, 0.018504358594753297, 0.01839144262855568, 0.018103646819670468, 0.01765720344893907, 0.017079004630923877, 0.01640324916019527, 0.01566717976939257, 0.0149068469174376, 0.014153743199081355, 0.013432807256868634, 0.012761858562706566, 0.012152169632998986, 0.011609712596903474, 0.011136632470720933, 0.010732628596886314, 0.010396082320169215, 0.01012489419203103, 0.009917067446085576, 0.009771103153547013, 0.00968627364951294, 0.009662830323098727, 0.009702189668001921, 0.009807132260484418, 0.009982044532270595, 0.010233232980155257, 0.010569344780764163, 0.011001938055379168, 0.011546260382064607, 0.012222317700689104, 0.013056350981610608, 0.014082890335961593, 0.01534763380163733, 0.016911512936142396, 0.01885647705828569, 0.021293776823626927, 0.024375887509405062, 0.02831371931889876, 0.033401445952315936, 0.04005213592440691, 0.04884827792990349, 0.06061188550556738, 0.0764982743552149, 0.0981140588604374, 0.12765030781068992, 0.16800157865609663, 0.22280586809489678, 0.296288355502222, 0.39273486671883456, 0.5153965637412644, 0.6647066922233339, 0.8359606414796276, 1.017104636708742, 1.187851831126028, 1.3215900066044337, 1.390919302869076, 1.375939844822158, 1.2722535419099235, 1.094587413825593, 0.8733627481260752, 0.645141297519969, 0.4413800512866583]
7.844627922043155	2.9211973336395256	[0.2804385693442843, 0.16719937446179467, 0.0952208924998847, 0.053556992578239926, 0.031335936233301574, 0.020224666271741517, 0.014868341691093558, 0.012268324765691297, 0.010923955025861258, 0.010149238934135416, 0.009650556445562479, 0.009306147511107803, 0.009064604954390999, 0.008902441355611964, 0.008807523529275442, 0.008772822047567654, 0.008794015312254483, 0.008868487809845586, 0.008994836059590922, 0.009172567229938283, 0.009401872063641846, 0.009683419489556987, 0.010018142012333874, 0.0104069880839788, 0.01085062021839349, 0.01134903963899013, 0.011901122218623392, 0.012504058722184958, 0.013152707431352502, 0.01383889153605466, 0.014550708567819587, 0.01527196323896684, 0.01598188197228874, 0.01665530370330969, 0.01726354622590355, 0.017776095389975072, 0.01816313611028048, 0.018398739839428167, 0.018464278662876116, 0.018351427475730094, 0.018064041837989517, 0.017618339670798906, 0.017041177314237092, 0.016366699239510833, 0.015632080914777084, 0.014873299993182596, 0.01412177843296603, 0.013402392874325875, 0.01273291352182906, 0.012124577736333558, 0.011583335642547604, 0.011111320947589643, 0.010708229346002537, 0.010372443289722422, 0.01010186679985792, 0.009894507167715864, 0.0097488688825676, 0.009664226232420827, 0.00964083052011268, 0.009680095664404547, 0.009784796755109335, 0.009959311354100815, 0.010209933120620948, 0.010545291668523192, 0.010976921833700378, 0.011520040869013558, 0.012194615612397576, 0.013026836873054786, 0.01405117055801689, 0.015313232589412851, 0.016873849546631875, 0.01881483670883183, 0.021247274148749443, 0.024323421567573045, 0.028253920266762135, 0.033332616148932986, 0.03997219380773291, 0.04875472375050274, 0.06050182713646138, 0.07636858273868027, 0.09796176866818902, 0.12747343556491836, 0.1678005771284986, 0.22258591944378503, 0.2960625286008665, 0.3925276969815863, 0.5152467762724148, 0.6646667342213797, 0.8360900382691647, 1.0174550657045023, 1.1884452856316927, 1.3223971533321397, 1.391850062770585, 1.376857251749228, 1.2730119265345603, 1.0950807454053886, 0.8735593427440559, 0.6450865922783185, 0.4411678050498265]
7.859060459934126	2.9163406850930547	[0.2800342395778157, 0.16682033411400402, 0.09492143358374414, 0.05334520755951993, 0.031195105920192586, 0.02013174543282104, 0.014803980495549414, 0.012219636923458491, 0.010883540211815701, 0.010113240582034366, 0.009617056680632619, 0.009274176000851201, 0.009033622857142787, 0.008872101342915708, 0.00877756559895876, 0.008743029177201338, 0.008764193762770062, 0.008838457366443555, 0.008964424445439793, 0.009141606505545213, 0.009370196190443467, 0.009650862761717574, 0.009984538281668875, 0.010372170814361877, 0.010814423474861527, 0.01131130016302068, 0.01186168276641777, 0.012462772840333385, 0.013109445802174841, 0.01379354992916378, 0.014503217272388255, 0.015222297616743161, 0.015930073471617262, 0.016601450335612947, 0.017207821177640206, 0.01771875219639089, 0.018104508738950406, 0.018339236211631842, 0.018404366655740953, 0.01829161333568254, 0.018004842156989366, 0.017560249465868757, 0.01698463798727359, 0.016312070845044296, 0.015579622836652296, 0.01482316270378676, 0.014074006788194086, 0.013356939068971391, 0.012689656161072085, 0.012083342946827422, 0.011543916730625596, 0.01107349437522425, 0.010671766166775691, 0.010337116240841325, 0.010067453820820402, 0.009860792270400237, 0.009715641189571456, 0.009631277783867168, 0.009607953223865083, 0.009647077575132461, 0.00975141772141918, 0.009925337960003973, 0.010175112752915038, 0.010509345450720308, 0.010939536067333727, 0.011480856503408406, 0.012153215114177615, 0.01298272767780614, 0.014003764052735429, 0.015261817297934636, 0.016817556893161726, 0.01875259748173315, 0.021177763730089158, 0.02424499245497073, 0.02816452202633781, 0.03322970687937559, 0.039852655526340215, 0.048614810174782704, 0.06033720098026527, 0.07617454662205066, 0.0977338628149061, 0.1272086607110547, 0.16749957149422998, 0.22225639507966385, 0.2957240081545127, 0.3922168919757776, 0.5150216906085009, 0.664605989650147, 0.8362829333160938, 1.0179791927028536, 1.1893337501041779, 1.3236060574184318, 1.3932443308314972, 1.3782314238615438, 1.274147503304701, 1.095818784810631, 0.8738525412219688, 0.6450033611039261, 0.4408489350522621]
7.880709266770582	2.9090875450387723	[0.2794280611057342, 0.16625306800169506, 0.09447394177619571, 0.05302916619664019, 0.030985195434535925, 0.019993352550643058, 0.014708142739932288, 0.012147115698501723, 0.010823311776677693, 0.010059571257666152, 0.00956709929800963, 0.009226490930887742, 0.008987410192880229, 0.008826844740529232, 0.008732877971655556, 0.00869858710320947, 0.008719708355587536, 0.008793659821944695, 0.008919057750382278, 0.009095420082347384, 0.009322942268312167, 0.009602294038736548, 0.009934406768429962, 0.010320227914688365, 0.01076042146153345, 0.01125499527542765, 0.011802840195041735, 0.012401173859465951, 0.013044897249574172, 0.013725896088382187, 0.014432353971214187, 0.015148188004412292, 0.015852764488528577, 0.01652108838158355, 0.0171246649922246, 0.017633180594652194, 0.01801702072852201, 0.018250441287315625, 0.018314963841111986, 0.01820235887356243, 0.017916507581840182, 0.0174735738715418, 0.016900280150881533, 0.016230567832864758, 0.015501361216958453, 0.014748366344611128, 0.014002741891024762, 0.01328913361030085, 0.012625128429461745, 0.012021833082336763, 0.011485116058720704, 0.011017069220922026, 0.010617374883538885, 0.010284419758063677, 0.010016120866005295, 0.009810500647691964, 0.009666076332466496, 0.009582129475643, 0.009558911043090456, 0.009597825341265413, 0.009701626997749851, 0.009874660502959154, 0.010123171655532651, 0.010455724592277603, 0.010883767331843928, 0.011422404050385604, 0.012091455760495553, 0.012916926166063707, 0.013933041630162372, 0.015185111613507456, 0.01673357077134498, 0.01865973374480368, 0.021074043143206773, 0.024127952537395088, 0.028031096853338107, 0.0330760938523183, 0.03967418749775336, 0.048405875293961335, 0.060091295467483444, 0.07588461607426752, 0.0973931913689912, 0.12681269580299695, 0.16704917887975393, 0.2217630057055625, 0.2952167248929522, 0.3917505760766003, 0.5146831591363799, 0.6645130643157187, 0.8365695852852246, 1.0187619822637108, 1.1906625964087827, 1.3254153438348342, 1.3953315396725796, 1.3802883391059622, 1.275846384430028, 1.0969214530179725, 0.8742885428867291, 0.6448758891739921, 0.44036951759443693]
7.913182477025266	2.8982788552549064	[0.27851953472214824, 0.16540509000307924, 0.09380651170286473, 0.05255876475743395, 0.0306733093536445, 0.019787965135422667, 0.014565952642515543, 0.01203946937676566, 0.010733845247191981, 0.00997979797556816, 0.009492814326999652, 0.009155569979540337, 0.008918671885843044, 0.008759524850249197, 0.008666402333687907, 0.008632475277314961, 0.008653530845151485, 0.00872701680352522, 0.008851566830258764, 0.009026708364659462, 0.009252640968763857, 0.009530035009676521, 0.009859820778180314, 0.01024294476663625, 0.010680072190010206, 0.01117121675810063, 0.011715282578373322, 0.012309511188965172, 0.012948841603465454, 0.013625215300299337, 0.014326892665915986, 0.015037891146281753, 0.015737701970962373, 0.01640147842496725, 0.017000893379816407, 0.017505812220304465, 0.01788679975372782, 0.018118276611432102, 0.01818189775039729, 0.018069518735349222, 0.0177850431963418, 0.017344586207091575, 0.016774749942789793, 0.01610929394945949, 0.015384917920456105, 0.014637085341334474, 0.013896720083455067, 0.01318826227566404, 0.012529135866274159, 0.011930331633906908, 0.011397645770830307, 0.010933133228767196, 0.010536464676574521, 0.010206030800021193, 0.009939760304418732, 0.009735689172992772, 0.009592345996814718, 0.009509018796672234, 0.00948595821739597, 0.009524559973155567, 0.009627560425692074, 0.00979927455640966, 0.010045905464877517, 0.010375958872195805, 0.010800805335467423, 0.011335448123355327, 0.011999578087492956, 0.012819031877001688, 0.013827821904663907, 0.015070983793968143, 0.0166086018129668, 0.018521542735759, 0.020919678452930596, 0.023953740105133417, 0.027832459617716465, 0.03284735097035651, 0.03940836042077505, 0.0480945634763446, 0.059724748463406745, 0.07545223419421393, 0.09688484289064271, 0.12622143254369073, 0.16637609519675908, 0.221024941398951, 0.2944569284961739, 0.3910508768648366, 0.5141733577546894, 0.6643696423319243, 0.8369935497788953, 1.0199285579165098, 1.1926472473681862, 1.3281201624254555, 1.3984529649560757, 1.3833639888490974, 1.278384668260093, 1.0985656308848895, 0.8749340625213966, 0.6446788315560763, 0.4396479358426826]
7.945655687279951	2.8822236091979767	[0.2771585080029149, 0.16413971793847315, 0.09281389610071462, 0.051861326641656526, 0.030212103127145905, 0.019484765158354334, 0.01435613404271264, 0.011880511161679676, 0.010601583994831586, 0.009861756450132826, 0.009382830310698418, 0.009050534304971821, 0.008816853047703715, 0.008659799091641574, 0.008567922639132504, 0.008534531348857977, 0.008555486924880487, 0.008628280658325762, 0.00875157180918754, 0.008924901722117287, 0.00914847591035032, 0.009422965550263831, 0.009749299191568129, 0.010128421759706475, 0.010561000157159335, 0.011047056623981444, 0.01158551482192607, 0.012173651635397846, 0.012806462433296821, 0.013475971408270613, 0.0141705529642297, 0.01487437362465585, 0.015567110322424159, 0.016224136908351342, 0.01681737548336453, 0.017316957857382492, 0.01769371545682385, 0.017922313801793367, 0.017984605907503875, 0.01787257329579499, 0.01759015212912248, 0.017153383865565197, 0.016588690887759234, 0.015929561518650697, 0.015212361101906257, 0.014472192630906995, 0.013739631553708359, 0.013038813371154995, 0.01238692101168463, 0.011794774128554687, 0.011268062509671575, 0.010808787039943377, 0.010416601601702272, 0.01008990307983254, 0.00982663767078153, 0.009624861509303154, 0.009483120045049746, 0.009400710865331044, 0.009377884102813764, 0.009416022687109508, 0.009517835845408511, 0.009687594744258995, 0.009931439094195273, 0.010257787894974727, 0.010677896695435955, 0.011206618917123679, 0.011863452072499031, 0.01267398458637269, 0.013671910833111296, 0.014901859168113216, 0.01642339241904795, 0.018316710350596156, 0.020690834098356398, 0.023695416667005843, 0.02753784041877931, 0.03250796656378815, 0.03901379306338101, 0.04763225171923753, 0.059180079621874125, 0.07480927017328938, 0.09612825908130168, 0.12534054285658586, 0.16537208757528854, 0.2199223925139702, 0.29331980471293145, 0.390000885716398, 0.51340424444081, 0.6641455594109243, 0.8376161111164543, 1.021661453011581, 1.1956049799903758, 1.332157031817883, 1.403114119608136, 1.387955734874095, 1.2821696766857729, 1.1010099840297434, 0.8758834617573197, 0.6443702814764591, 0.4385601975738508]
7.978128897534635	2.8663547239754195	[0.2758011936717912, 0.16288325483677243, 0.09183203368546482, 0.05117389013558647, 0.029758880999961507, 0.019187389379304618, 0.014150424788079876, 0.011724519548041917, 0.01047161026677212, 0.009745625001460841, 0.009274550597582124, 0.008947087914130762, 0.008716555940086164, 0.008561553941687903, 0.00847089913295577, 0.008438031390219316, 0.008458884770947788, 0.008530992936256011, 0.008653040064609345, 0.008824581000951535, 0.0090458269528195, 0.009317449733525041, 0.009640376017658566, 0.010015549027118214, 0.010443637172147132, 0.010924670957859657, 0.011457593205158666, 0.012039715573935423, 0.012666088997353222, 0.013328819330934735, 0.01401639365339316, 0.014713125914533049, 0.015398876791664606, 0.01604923845683158, 0.016636379754723, 0.017130696261736026, 0.017503283284898318, 0.017729048537279288, 0.017790040598527453, 0.01767836485807506, 0.017397988567647907, 0.01696487903156848, 0.016405279432288096, 0.01575240871533231, 0.015042300926994014, 0.01430970257960533, 0.013584845246849478, 0.012891564382273159, 0.012246806034415228, 0.011661222094928198, 0.01114039838781328, 0.01068628327903686, 0.01029851467336593, 0.009975495932932907, 0.009715190698746368, 0.009515675057429457, 0.009375511091530434, 0.00929400579010311, 0.009271408727206462, 0.009309090158924817, 0.009409732476525602, 0.009577563545847632, 0.009818660448564111, 0.010141356505778932, 0.010556793628208501, 0.011079677142986187, 0.01172931342473345, 0.012531045399995302, 0.013518252737395951, 0.014735160540870281, 0.01624081494918, 0.018114754186226153, 0.020465154655187962, 0.023440597357982023, 0.027247120389357993, 0.032172934837336395, 0.038624087162645974, 0.04717535109821801, 0.058641378779984, 0.07417277353611988, 0.09537847458268786, 0.12446644773065581, 0.16437429899696115, 0.21882463401475818, 0.29218491569250443, 0.3889492907430738, 0.5126285154233208, 0.6639091739146562, 0.8382208796042917, 1.0233722495596724, 1.1985381307677878, 1.3361685366234264, 1.4077499959639843, 1.3925222983559848, 1.2859296180523678, 1.1034305579690553, 0.87681300660325, 0.6440488421697789, 0.4374682306344726]
8.01060210778932	2.8506689143671187	[0.27444769126762303, 0.16163569039779216, 0.09086082758761302, 0.05049631332105856, 0.029313495981366195, 0.01889571089686451, 0.013948726475155873, 0.011571421862755041, 0.010343870050277235, 0.009631361413513326, 0.009167939817767461, 0.008845199251808818, 0.00861775113198439, 0.008464761180328151, 0.008375304294422584, 0.008342948262920516, 0.008363697402699271, 0.008435126635623923, 0.008555944419171119, 0.008725718707868233, 0.008944666156182944, 0.009213459049152335, 0.009533022058266, 0.009904296571146425, 0.01032795233247262, 0.010804027854767414, 0.01133148473211452, 0.011907668840299498, 0.012527685899165478, 0.013183722391581536, 0.013864376746464716, 0.014554108708764042, 0.015232960762938237, 0.01587674118049616, 0.016457863088177968, 0.01694698319552375, 0.017315457979020926, 0.017538434679227003, 0.017598154980346555, 0.017486846087067263, 0.017208504935631537, 0.0167790241737978, 0.016224468402237527, 0.01557778904446994, 0.014874691889343575, 0.01414957094213606, 0.013432318391324636, 0.012746474148262191, 0.012108751439983441, 0.011529637682951998, 0.011014617112599151, 0.010565587075141037, 0.010182170274857077, 0.009862776811707264, 0.009605387717607368, 0.009408098830798154, 0.009269488643566566, 0.009188873385094755, 0.009166502026520366, 0.00920373226147796, 0.009303219941251623, 0.009469150139267994, 0.009707538059193136, 0.01002663237312453, 0.010437462706832486, 0.010954588024746225, 0.01159712574002989, 0.012390175978571337, 0.013366807005168627, 0.014570844658243591, 0.016060823113006863, 0.017915624507539318, 0.02024258654718753, 0.023189224423508237, 0.026960237399175864, 0.031842189357678234, 0.0382391725249254, 0.046723788961626496, 0.0581085732792514, 0.07354267568783798, 0.09463543102629722, 0.12359910757913417, 0.163382719437348, 0.217731697432818, 0.2910523455709308, 0.3878962355658845, 0.5118463730427588, 0.6636607363823279, 0.8388081348164936, 1.025061233488027, 1.2014469734322215, 1.3401549306003826, 1.4123608329386463, 1.3970639178743294, 1.2896647465190152, 1.1058276294749847, 0.877722985128584, 0.6437147804091382, 0.43637223610887466]
