I_value	Tstar	ystar
4.008999999999999	3.62132509452997	[0.1551872353703894, 0.1547335166282442, 0.15430004621337506, 0.1538882676743471, 0.15349950616610722, 0.15313496875345467, 0.15279574549855143, 0.15248281115835294, 0.15219702745611463, 0.15193914576051612, 0.15170981013400547, 0.15150956059769416, 0.15133883657745043, 0.15119798039635912, 0.15108724078528116, 0.15100677629703915, 0.1509566586053769, 0.15093687559625185, 0.1509473342426334, 0.15098786319339064, 0.1510582150774168, 0.15115806847635743, 0.15128702957679077, 0.1514446334776721, 0.15163034517221563, 0.15184356020243125, 0.1520836050122152, 0.15234973701934515, 0.15264114443700383, 0.15295694588763745, 0.1532961898416719, 0.1536578539465888, 0.15404084427850215, 0.15444399460306693, 0.1548660656764223, 0.15530574469085828, 0.15576164489428468, 0.15623230550249614, 0.15671619192772152, 0.15721169645540195, 0.15771713938364793, 0.15823077076309378, 0.15875077274207397, 0.1592752626525532, 0.15980229682873986, 0.16032987528486328, 0.16085594722498922, 0.16137841749707396, 0.16189515393723772, 0.16240399569737374, 0.16290276246782193, 0.16338926466397335, 0.16386131444882265, 0.16431673763154117, 0.16475338627106417, 0.1651691519932259, 0.1655619798069982, 0.16592988239697368, 0.16627095463711625, 0.16658338827528668, 0.16686548649989302, 0.1671156783181935, 0.16733253243461996, 0.16751477055026956, 0.1676612797629765, 0.16777112399535624, 0.1678435541379348, 0.16787801685689377, 0.167874161779249, 0.16783184704269502, 0.16775114296539573, 0.1676323338745115, 0.16747591790458632, 0.16728260486580512, 0.1670533120578843, 0.1667891581947642, 0.16649145538264, 0.16616169937989322, 0.1658015581431552, 0.16541285894324748, 0.16499757410609847, 0.16455780570291784, 0.16409576928114977, 0.16361377698122104, 0.16311422015053936, 0.16259955179929605, 0.1620722690106802, 0.1615348956317677, 0.16098996533940835, 0.16044000537526454, 0.15988752100991024, 0.1593349809876279, 0.15878480396842515, 0.1582393461682177, 0.15770089016801164, 0.1571716350399017, 0.15665368771642724, 0.15614905570060358, 0.15565964100470037]
4.0139999999999985	3.611985313150976	[0.15303194349281912, 0.15236792032484228, 0.1517365502934616, 0.1511396716116668, 0.15057892110209725, 0.1500557407935351, 0.14957138564497993, 0.1491269321146444, 0.14872328737363769, 0.1483611988940063, 0.14804126425328007, 0.14776394090697212, 0.14752955581934904, 0.14733831473034056, 0.14719031099807506, 0.14708553382234948, 0.1470238758355455, 0.14700513989235406, 0.14702904508791062, 0.1470952318591655, 0.14720326623765448, 0.1473526431290788, 0.1475427887220242, 0.1477730619192986, 0.1480427549249083, 0.14835109289592158, 0.1486972328209122, 0.14908026154822754, 0.14949919315333388, 0.14995296558153948, 0.15044043678261848, 0.15096038028596348, 0.15151148046041513, 0.15209232741918816, 0.1527014118416545, 0.15333711968350316, 0.1539977270747595, 0.15468139538528658, 0.1553861667834417, 0.15610996027488636, 0.15685056856621213, 0.15760565574360186, 0.15837275612536922, 0.1591492742718246, 0.1599324865165252, 0.1607195439848239, 0.16150747745551858, 0.16229320400009167, 0.16307353573041936, 0.16384519054190655, 0.1646048051387785, 0.16534895016333306, 0.16607414765209594, 0.16677689055853426, 0.16745366448334176, 0.1681009712563692, 0.16871535441578875, 0.16929342612597553, 0.16983189547892769, 0.17032759762055352, 0.17077752355153544, 0.1711788499585626, 0.17152896884883406, 0.1718255162861164, 0.17206639995566644, 0.1722498248391111, 0.17237431672331682, 0.17243874285635996, 0.17244232952041005, 0.17238467591918966, 0.17226576424496945, 0.1720859654562858, 0.17184604076838403, 0.1715471385592346, 0.17119078685729372, 0.1707788813064753, 0.17031366894557048, 0.16979772788983966, 0.1692339434078392, 0.16862548065066857, 0.16797575464702155, 0.1672883979482443, 0.1665672266068055, 0.1658162049432345, 0.1650394097972554, 0.1642409947288631, 0.16342515481827996, 0.16259609248840343, 0.16175798489997412, 0.16091495325714184, 0.16007103444224086, 0.15923015520136258, 0.15839610915226626, 0.1575725367097523, 0.15676290805258988, 0.15597050910802626, 0.15519843054375265, 0.1544495596450462, 0.15372657495607495]
4.023999999999998	3.602672853621157	[0.15136275916001707, 0.15055044441296503, 0.14978084716040801, 0.14905594423273777, 0.14837744401043093, 0.1477468004661548, 0.14716522840258708, 0.1466337195191853, 0.14615305892485445, 0.145723841791542, 0.14534648983128276, 0.14502126736037615, 0.14474829670119163, 0.14452757275245795, 0.14435897654213295, 0.14424228765411534, 0.1441771953984214, 0.14416330866733915, 0.1442001643933284, 0.14428723459308607, 0.14442393195089, 0.14460961395932945, 0.1448435856008321, 0.14512510061553371, 0.14545336136431275, 0.1458275173559916, 0.1462466624703649, 0.14670983096773801, 0.14721599233891572, 0.14776404510811242, 0.1483528096662273, 0.14898102027017526, 0.14964731631165892, 0.15035023301641687, 0.1510881917065285, 0.15185948981401404, 0.1526622908100826, 0.15349461426794903, 0.15435432625523982, 0.15523913030348122, 0.15614655918086875, 0.15707396774268642, 0.1580185271087751, 0.15897722046121954, 0.1599468407245578, 0.16092399042564356, 0.16190508399095424, 0.16288635276122712, 0.16386385295242767, 0.1648334767974995, 0.1657909670383831, 0.16673193492372756, 0.16765188178717247, 0.16854622424647694, 0.16941032296815428, 0.17023951488874944, 0.1710291486767628, 0.17177462315155687, 0.17247142826400022, 0.1731151881701623, 0.17370170582373634, 0.1742270084451842, 0.17468739313869375, 0.1750794718795406, 0.17540021503980055, 0.1756469926040192, 0.1758176122159662, 0.17591035322336257, 0.17592399592855468, 0.1758578453252507, 0.17571174869471895, 0.17548610655000782, 0.1751818765547111, 0.17480057018952674, 0.1743442421071855, 0.17381547227629568, 0.17321734119024587, 0.1725533985684621, 0.1718276261378372, 0.1710443952027288, 0.17020841983629062, 0.1693247065982777, 0.1683985017584576, 0.16743523701819954, 0.1664404747419019, 0.16541985366266565, 0.16437903599524958, 0.16332365679016553, 0.16225927629164627, 0.16119133592710713, 0.16012511846186256, 0.15906571269916348, 0.15801798300843656, 0.156986543809733, 0.15597573905831305, 0.15498962663187463, 0.15403196746387635, 0.15310621914804468, 0.15221553371112848]
4.033999999999998	3.584129631406613	[0.14863942372631753, 0.14760964550646932, 0.14663959520992514, 0.14573118903241217, 0.14488596744410642, 0.1441051254600455, 0.14338954374115717, 0.1427398199012897, 0.14215629946591452, 0.14163910601399243, 0.14118817010133705, 0.1408032566426586, 0.14048399048570395, 0.14022987997750536, 0.1400403383652715, 0.1399147029271803, 0.13985225175715776, 0.13985221816751275, 0.1399138026903927, 0.14003618268825405, 0.14021851959183113, 0.14045996380574524, 0.14075965732443815, 0.1411167341182551, 0.14153031834913546, 0.1419995204905671, 0.14252343142578042, 0.1431011146134369, 0.14373159641120975, 0.14441385466464368, 0.14514680567331895, 0.14592928966643678, 0.1467600549290858, 0.14763774074530717, 0.14856085933673446, 0.14952777700983552, 0.1505366947345567, 0.15158562842815984, 0.1526723892212771, 0.1537945640436978, 0.15494949687731122, 0.15613427107624464, 0.15734569317396035, 0.15858027864115687, 0.15983424007534033, 0.1611034783386447, 0.1623835771645996, 0.16366980177524967, 0.16495710203244526, 0.16624012064378038, 0.1675132068953595, 0.1687704363471228, 0.1700056368395047, 0.17121242108370602, 0.17238422597766062, 0.1735143586709277, 0.17459604922969532, 0.17562250959683207, 0.1765869983378151, 0.1774828904838161, 0.1783037515665438, 0.17904341476028965, 0.1796960598457129, 0.18025629256253045, 0.18071922276701707, 0.18108053972885943, 0.1813365828337707, 0.18148440597293364, 0.18152183394053656, 0.18144750928918504, 0.18126092825073906, 0.18096246457131163, 0.18055338037247626, 0.18003582348118277, 0.1794128110057025, 0.17868819931109037, 0.17786664090296653, 0.17695352909419443, 0.17595493164669143, 0.1748775148792345, 0.17372845995933153, 0.17251537328348435, 0.17124619295157908, 0.16992909339159012, 0.16857239015469086, 0.1671844468191248, 0.16577358578147638, 0.16434800452565348, 0.1629156987142162, 0.16148439319052865, 0.16006148169732273, 0.15865397584012497, 0.15726846354944152, 0.1559110770411227, 0.15458747004443343, 0.1533028038665263, 0.15206174169895592, 0.15086845043984617, 0.149726609215989]
4.053999999999998	3.5656949012915247	[0.14634717889525864, 0.14515514995168283, 0.1440375393026357, 0.142995960607377, 0.14203156875392484, 0.14114510751976325, 0.1403369561450432, 0.13960717597046265, 0.13895555453610525, 0.13838164851247714, 0.13788482315610784, 0.13746428983141223, 0.13711913954322427, 0.13684837413206133, 0.13665093327896977, 0.13652571902341346, 0.13647161609833883, 0.13648750978709442, 0.13657229972831988, 0.136724911336513, 0.13694430336276847, 0.13722947320029633, 0.13757945854513592, 0.13799333693792637, 0.1384702218798562, 0.13900925696257732, 0.13960960679185166, 0.14027044605754257, 0.14099094562568698, 0.1417702569217103, 0.14260749358995026, 0.14350171162255465, 0.14445188706913858, 0.14545689245573404, 0.14651547116957306, 0.14762621088995181, 0.14878751548644176, 0.14999757643544664, 0.15125434336499569, 0.1525554947638381, 0.1538984086801847, 0.15528013444298633, 0.15669736546447513, 0.1581464141624263, 0.15962318929881583, 0.1611231767728948, 0.1626414243908881, 0.16417253162092835, 0.1657106450427777, 0.16724946041277022, 0.16878223217025912, 0.1703017911245813, 0.1718005711597463, 0.17327064538760895, 0.17470377246099583, 0.17609145301828877, 0.17742499669171752, 0.17869559903654755, 0.17989442838921865, 0.18101272126854065, 0.18204188580228742, 0.18297361098515955, 0.1837999807050558, 0.18451358957123165, 0.1851076590304021, 0.1855761501937511, 0.18591387163344067, 0.18611657825061628, 0.1861810595845991, 0.1861052137316909, 0.18588810576127096, 0.18553000728692143, 0.1850324169980592, 0.18439805967328438, 0.18363086470346499, 0.1827359227485385, 0.18171942291040727, 0.18058857019006377, 0.17935148688109392, 0.178017098635154, 0.17659500982748738, 0.17509536956317046, 0.17352873348226022, 0.17190592284013664, 0.17023788604631163, 0.1685355637989841, 0.16680976256240918, 0.1650710368026363, 0.16332958395912864, 0.16159515162192067, 0.1598769599643804, 0.15818363791030446, 0.15652317517728784, 0.15490288779860317, 0.1533293985149776, 0.15180862898623004, 0.1503458047000739, 0.14894546914695936, 0.14761150787806604]
4.093999999999998	3.5291488951364647	[0.14242989548944493, 0.14100005372129684, 0.13967003300417696, 0.13844045407163727, 0.13731136584472753, 0.13628232692115136, 0.13535248235931774, 0.13452063786046892, 0.13378532752880598, 0.13314487793629218, 0.13259746496838606, 0.13214116664643094, 0.1317740085737766, 0.13149400552208498, 0.13129919586654462, 0.13118767258399797, 0.13115760750422326, 0.13120727263511564, 0.13133505518434047, 0.13153947014547945, 0.13181916698120646, 0.13217293428461482, 0.1325996988592629, 0.13309852309564904, 0.1336685970043792, 0.1343092287749198, 0.1350198301594591, 0.13579990054284993, 0.13664900596156057, 0.13756675692911405, 0.13855278132209903, 0.1396066961878238, 0.14072807475132787, 0.141916412497124, 0.14317108866546255, 0.14449132707007603, 0.1458761526841778, 0.14732434796065194, 0.14883440548920518, 0.15040448105651988, 0.15203234391917236, 0.15371532850162786, 0.1554502845938359, 0.15723353044378963, 0.1590608061396906, 0.16092723187903968, 0.1628272688733427, 0.16475468767406284, 0.16670254201418705, 0.1686631530730988, 0.17062810253279823, 0.17258823931577627, 0.17453369849310166, 0.17645393700940504, 0.17833778459312183, 0.1801735139441298, 0.18194892813276659, 0.1836514683794187, 0.18526833936900264, 0.18678665397899943, 0.18819359349269202, 0.18947658360627168, 0.19062348105476343, 0.1916227695063304, 0.19246375837742408, 0.19313678175015264, 0.19363339025383058, 0.19394653213637117, 0.19407071629055767, 0.19400215330033313, 0.19373886809376542, 0.19328078105223384, 0.19262975295174314, 0.1917895922564238, 0.19076602271681217, 0.1895666120587461, 0.1882006626820786, 0.18667906754314223, 0.1850141349669078, 0.18321938753518083, 0.1813093409595771, 0.17929926918688235, 0.1772049627732682, 0.1750424867571021, 0.17282794504452326, 0.17057725642142513, 0.16830594819079783, 0.16602897060619226, 0.16376053645251784, 0.16151398660112767, 0.15930168405683207, 0.15713493502873432, 0.15502393793020391, 0.15297775695158716, 0.15100431999597402, 0.14911043633828694, 0.1473018332900074, 0.14558320658115878, 0.14395828380012868]
4.173999999999998	3.4573374333624196	[0.1359571190417656, 0.1342283944282918, 0.1326408776712429, 0.13119243559133514, 0.12988029016750216, 0.12870115942812382, 0.12765138592070083, 0.12672705224420056, 0.12592408373987937, 0.1252383386415559, 0.12466568639595017, 0.12420207486528889, 0.12384358738010941, 0.12358649046439676, 0.12342727321321202, 0.1233626790658523, 0.12338973082786865, 0.1235057495123667, 0.12370836767065431, 0.12399553758518445, 0.12436553480975278, 0.12481695724880416, 0.12534872010303585, 0.12596004672702024, 0.12665045560529917, 0.12741974338427803, 0.1282679640800903, 0.12919540432310261, 0.13020255469956735, 0.1312900769980547, 0.13245876738101942, 0.13370951525507205, 0.1350432578381801, 0.1364609301850132, 0.13796341067223425, 0.13955146172651386, 0.14122566584458757, 0.14298635676589957, 0.14483354596644407, 0.14676684449869148, 0.14878538057104798, 0.15088771317704652, 0.15307174253047084, 0.15533461805273804, 0.15767264519064653, 0.16008119240946025, 0.16255460031627272, 0.16508609499625518, 0.16766770830020852, 0.17029020796498082, 0.1729430410839845, 0.17561429452155372, 0.17829067637616447, 0.18095752248826624, 0.18359883223874265, 0.18619733744597786, 0.18873460801211045, 0.19119119706779908, 0.19354682768521664, 0.19578062179023092, 0.19787137067892333, 0.1997978446146166, 0.2015391373352454, 0.2030750391005475, 0.20438643014974492, 0.20545568436698358, 0.20626707154682644, 0.20680714522185825, 0.20706510248739649, 0.20703310196830643, 0.2067065268397955, 0.20608418096023287, 0.2051684083621045, 0.20396512886494012, 0.20248378590444652, 0.20073720607945172, 0.1987413737240224, 0.19651512730761506, 0.19407978786680502, 0.19145873237226718, 0.1886769271156919, 0.18576043743125872, 0.18273593055276924, 0.17963018792022403, 0.1764696420607428, 0.17327995120428727, 0.1700856223967286, 0.16690969106084627, 0.16377346205085647, 0.1606963143602517, 0.1576955689460688, 0.1547864168087035, 0.1519819025043193, 0.14929295686042007, 0.1467284716518473, 0.14429540856055395, 0.14199893460352458, 0.1398425765710629, 0.13782838749803514]
4.333999999999998	3.318742467036497	[0.1255417945966599, 0.12353430516850518, 0.12172865845505827, 0.12011615228310632, 0.11868770188569844, 0.11743405585777833, 0.11634597675776881, 0.11541438966024617, 0.11463050233256476, 0.11398590084962983, 0.11347262434232512, 0.11308322234011937, 0.1128107978047303, 0.1126490385523663, 0.11259223933042903, 0.11263531639287824, 0.11277381602707519, 0.11300391811957872, 0.1133224355495652, 0.11372680992072738, 0.114215103949469, 0.1147859906366642, 0.11543873925156997, 0.1161731980343196, 0.11698977349423087, 0.1178894060996342, 0.11887354216527639, 0.11994410167344194, 0.12110344178668535, 0.12235431572767676, 0.12369982671405766, 0.1251433765270709, 0.12668860828685227, 0.12833934287029017, 0.13009950838907894, 0.13197306199491296, 0.1339639032692252, 0.13607577832533838, 0.13831217377862598, 0.14067619968743783, 0.14317046069220046, 0.14579691464290434, 0.1485567183169143, 0.15145006007346545, 0.1544759798544023, 0.1576321774484606, 0.16091481080972983, 0.16431828704243734, 0.16783504987275383, 0.17145536855520283, 0.17516713464867248, 0.1789556744139633, 0.18280358616132958, 0.1866906131099911, 0.19059356362082938, 0.1944862913551311, 0.19833974839028695, 0.2021221238664735, 0.20579907975889383, 0.2093340931518571, 0.21268891142842974, 0.21582412245208113, 0.2186998367635395, 0.22127647258715932, 0.2235156279241957, 0.22538101695982918, 0.2268394415382528, 0.22786176248403803, 0.22842383128707877, 0.2285073400378425, 0.22810054760151463, 0.2271988425222138, 0.22580510878485546, 0.2239298685454595, 0.22159118648661075, 0.21881433228208674, 0.2156312105325945, 0.2120795798887363, 0.20820209452845737, 0.20404521021651192, 0.19965800371155598, 0.19509095727757358, 0.1903947599064315, 0.18561917318336402, 0.18081200349858692, 0.17601821367462916, 0.1712791973426716, 0.16663222892610094, 0.16211009215202174, 0.1577408808475146, 0.15354795834466348, 0.14955005601876878, 0.14576148784763052, 0.1421924559644529, 0.138849422157382, 0.1357355214949158, 0.13285099671483527, 0.13019363502464784, 0.12775919248383386]
4.493999999999998	3.0610529776331146	[0.10938117329335553, 0.10732792636058774, 0.10554411619489493, 0.10400842865077017, 0.10270056187571794, 0.10160139318952405, 0.10069307973779078, 0.09995910854558207, 0.09938430972275454, 0.0989548441764497, 0.09865817518145324, 0.09848303089665596, 0.09841936327366665, 0.0984583069806597, 0.09859214084349029, 0.09881425297983619, 0.09911911018741067, 0.09950223126140802, 0.09996016372457533, 0.10049046291327857, 0.10109167249202859, 0.10176330517194067, 0.10250582275385291, 0.10332061445947084, 0.10420997297172303, 0.1051770674870507, 0.10622591355501441, 0.10736133930999726, 0.10858894810463898, 0.10991507726108313, 0.11134675293612399, 0.11289164063838136, 0.11455799106619302, 0.11635458030404987, 0.11829064340489565, 0.12037579960455493, 0.12261996730082776, 0.12503326604962134, 0.12762590267944068, 0.13040803772850823, 0.1333896283216306, 0.13658024281599113, 0.13998884267778408, 0.143623526565575, 0.14749123218479218, 0.1515973915778084, 0.1559455368914093, 0.16053685472753004, 0.16536968975901395, 0.17043900073716708, 0.17573577617702632, 0.1812464211292593, 0.18695213232311464, 0.19282828464547752, 0.19884385903028348, 0.2049609481220238, 0.21113438290042175, 0.21731152820273306, 0.22343229882149562, 0.22942944771008936, 0.23522917475579894, 0.24075209577127551, 0.24591459811546615, 0.25063058954608236, 0.2548136228117612, 0.25837934929466577, 0.26124822445014695, 0.2633483566011981, 0.26461836382050485, 0.26501008282410643, 0.2644909640407959, 0.26304598926819617, 0.2606789657521246, 0.25741308155400805, 0.25329065149424485, 0.24837203588156304, 0.2427337722004231, 0.2364660159289173, 0.22966943613269716, 0.22245174815682245, 0.2149240869787716, 0.20719742779764325, 0.19937924645190383, 0.1915705827758002, 0.1838636296968807, 0.17633992394558495, 0.16906916641802164, 0.16210865566456703, 0.15550328081973883, 0.14928599257485806, 0.14347865381360828, 0.13809316477878947, 0.13313275996222415, 0.12859338326707995, 0.12446506213863302, 0.1207332181121238, 0.11737986851373781, 0.11438469049607333, 0.11172593290091033]
4.653999999999998	2.828402170692504	[0.09678567651050592, 0.09493903048733174, 0.09338499027237496, 0.09209307744866918, 0.09103553646696501, 0.0901872542377502, 0.08952562526202885, 0.08903038722018781, 0.08868344590512639, 0.08846870309044542, 0.08837189653404742, 0.0883804577225228, 0.08848339017312637, 0.08867116895147924, 0.08893566050688755, 0.08927006080963967, 0.08966884907806688, 0.09012775397972767, 0.0906437290786572, 0.09121493438165366, 0.09184072111356649, 0.09252161724410217, 0.09325931179272075, 0.0940566364821409, 0.09491754388051728, 0.09584708170486834, 0.09685136343356776, 0.097937535746336, 0.09911374355764752, 0.10038909350846412, 0.10177361672019902, 0.1032782313924387, 0.10491470543718008, 0.10669561880566812, 0.10863432447531068, 0.11074490625466842, 0.1130421306250244, 0.11554138880562217, 0.11825862409167201, 0.12121023831576733, 0.12441297001266148, 0.1278837355924598, 0.13163942355527036, 0.1356966306295535, 0.14007132773815847, 0.14477844309327365, 0.14983134962224331, 0.1552412446462027, 0.16101641149753884, 0.1671613559983894, 0.17367581572265983, 0.18055364719515746, 0.18778160586949988, 0.19533804617200454, 0.20319158397479045, 0.21129978133528807, 0.2196079323015799, 0.2280480478196215, 0.236538155201236, 0.24498204078786037, 0.2532695701577357, 0.2612777153008449, 0.26887239931209983, 0.27591123405953644, 0.28224717376808606, 0.2877330387282403, 0.29222678186529355, 0.29559728338279845, 0.29773037409866354, 0.29853471764670414, 0.2979471367691583, 0.29593695991750557, 0.2925089980610146, 0.28770484005525215, 0.2816022735987259, 0.2743127872040737, 0.26597727049792136, 0.25676018657509775, 0.24684262148995093, 0.236414706083014, 0.22566794332746706, 0.21478795720396568, 0.2039481111222531, 0.19330433658749335, 0.18299138175934038, 0.1731205524513703, 0.16377889109706417, 0.1550296352923477, 0.1469137244836568, 0.13945208409141588, 0.13264840866039265, 0.1264921841992882, 0.12096172705447081, 0.1160270646324326, 0.11165253455742785, 0.10779902773953451, 0.10442584315340135, 0.10149215584427577, 0.09895812399819177]
4.813999999999998	2.619611387847785	[0.08654263882691404, 0.08497905078394163, 0.08370466371519297, 0.08268382213721247, 0.08188506588400579, 0.08128071476615814, 0.08084645161389456, 0.08056092804997178, 0.08040540839909077, 0.08036345992609958, 0.0804206926332923, 0.08056454795177487, 0.0807841333386474, 0.08107009793462897, 0.0814145436452303, 0.08181096530440839, 0.08225421365477412, 0.08274047485349989, 0.08326726082870402, 0.08383340523893608, 0.08443906077339387, 0.08508569425796553, 0.08577607722581962, 0.08651427045470138, 0.08730560216698512, 0.08815664032080098, 0.08907516038438686, 0.09007011039005805, 0.0911515756141493, 0.09233074516769654, 0.09361988283710483, 0.09503230396056625, 0.0965823597094879, 0.09828542915929335, 0.1001579187274074, 0.10221726722096784, 0.10448195360598107, 0.10697150295971274, 0.1097064846134939, 0.11270849449354184, 0.11600011183018491, 0.11960481799284298, 0.1235468629528632, 0.12785106208369118, 0.13254250349603572, 0.13764614329029734, 0.14318626397554635, 0.14918576947162493, 0.15566528982800423, 0.16264206996607913, 0.1701286209502475, 0.1781311197100616, 0.1866475555573283, 0.19566563949863086, 0.20516051678376837, 0.2150923539275867, 0.22540390893626996, 0.23601823537510921, 0.24683671501178747, 0.2577376546443487, 0.26857571469276936, 0.2791824515874804, 0.28936824498284697, 0.29892583549693, 0.3076356136830711, 0.31527267381501123, 0.3216154817239227, 0.32645581566598864, 0.3296094432717158, 0.3309268218356337, 0.33030298365606736, 0.32768572069450275, 0.32308123484536305, 0.31655657955942623, 0.30823847719936526, 0.29830842805215046, 0.28699439043690755, 0.2745596571659694, 0.2612898322372111, 0.24747898314809938, 0.23341608560106075, 0.21937278724658474, 0.20559331460695662, 0.19228706851820315, 0.179624142441118, 0.16773369980039152, 0.15670489752004202, 0.14658986767221518, 0.13740817631410931, 0.12915216438706867, 0.1217926248407317, 0.11528436347866652, 0.10957130644271046, 0.1045909366390638, 0.10027794973253681, 0.09656710947740864, 0.09339534748193425, 0.09070319502263419, 0.08843565631156299]
4.973999999999998	2.433191104809295	[0.07805656139118988, 0.07678008443015362, 0.07577457420503862, 0.075002613439815, 0.07443197276356057, 0.07403486886156914, 0.07378729784549637, 0.07366845747581571, 0.0736602621601544, 0.07374694831859958, 0.07391476363061272, 0.07415173142550205, 0.07444748022412111, 0.07479312805946325, 0.07518121116344971, 0.07560564701609807, 0.0760617222614857, 0.07654609683156839, 0.07705681651002284, 0.07759332736775022, 0.07815648673498911, 0.07874856686597591, 0.07937324889248354, 0.0800356062354472, 0.08074207801547637, 0.08150043434034583, 0.08231973632483147, 0.08321029450407956, 0.0841836296511237, 0.08525244013661959, 0.08643057963966753, 0.08773304850893024, 0.08917600117937485, 0.0907767710618799, 0.09255391303252654, 0.09452726232549702, 0.09671800703424499, 0.09914876977793403, 0.10184369210111996, 0.10482851303055417, 0.10813063057987611, 0.11177913204590449, 0.11580477533606678, 0.1202398995218778, 0.1251182380635333, 0.13047460304372788, 0.1363444032326765, 0.1427629535356774, 0.14976452870712387, 0.15738111134489646, 0.16564078410818595, 0.17456572076168161, 0.1841697417765552, 0.19445542036973162, 0.20541075606337017, 0.2170054773487652, 0.22918709361229767, 0.2418768888226553, 0.2549661321895451, 0.2683128678947305, 0.2817397263007414, 0.29503325848299994, 0.30794531637032524, 0.32019696334117953, 0.33148528742001937, 0.34149329091502983, 0.3499027471273685, 0.35640956378347094, 0.3607408090766558, 0.36267219211702706, 0.362044508410099, 0.3587774269490769, 0.3528790594380002, 0.3444500380473786, 0.3336813220258511, 0.32084560071748713, 0.3062828712793498, 0.29038143444137243, 0.27355606381134634, 0.2562253810192511, 0.23879047034558934, 0.2216165025531161, 0.20501866523343015, 0.18925310498852188, 0.1745129761514272, 0.1609291530943158, 0.1485747648560319, 0.1374724839851434, 0.12760344486049474, 0.11891675198985198, 0.11133872225483908, 0.10478123843163553, 0.09914883178400054, 0.09434432672529526, 0.09027305157999836, 0.08684573898205135, 0.0839803098777258, 0.08160276420375637, 0.07964739999293013]
5.133999999999999	2.2672789367526014	[0.0709393870099033, 0.06992249342082277, 0.06915147090157767, 0.06858962008839616, 0.06820590389673171, 0.06797394837062472, 0.06787120014225072, 0.0678782362489871, 0.06797821441672651, 0.06815644882780134, 0.06840009455759559, 0.06869792434469545, 0.0690401815265916, 0.06941849443660904, 0.06982583812812233, 0.0702565308873492, 0.07070625363931289, 0.07117208207400805, 0.07165252219447871, 0.07214754203360539, 0.07265859352847602, 0.07318862092728273, 0.07374205358330846, 0.0743247834457045, 0.07494412888804865, 0.07560878859379755, 0.07632878995349753, 0.07711543774575785, 0.07798126874106519, 0.07894001829562099, 0.08000660402135845, 0.08119713131308634, 0.0825289239332248, 0.08402058211196503, 0.08569206872161382, 0.08756482312450009, 0.0896619001845244, 0.09200813073237867, 0.09463029727140498, 0.09755731693819752, 0.10082042035054198, 0.10445331203070275, 0.10849229313727567, 0.11297632240312347, 0.11794698396425944, 0.12344832352233864, 0.12952650461530904, 0.1362292274954432, 0.14360484223618233, 0.15170107892227933, 0.16056331000079388, 0.17023225823248092, 0.18074106841188037, 0.1921116790065676, 0.20435046255440512, 0.21744315884407822, 0.23134920337005416, 0.24599566067768866, 0.2612711031988021, 0.2770199275366526, 0.29303775425277745, 0.3090686948939599, 0.3248053568712309, 0.33989245975082316, 0.3539348149709127, 0.3665101493378203, 0.3771868167331266, 0.3855458638470294, 0.39120624573044016, 0.3938513201928603, 0.3932542029274128, 0.3892992677995691, 0.3819971332496951, 0.3714909445615115, 0.3580526213404152, 0.3420688884356358, 0.3240181694642323, 0.304440581914172, 0.2839041234064791, 0.26297053008596605, 0.24216416007595015, 0.2219466524099515, 0.20269916887057896, 0.18471293112889647, 0.16818771520136414, 0.15323712091966935, 0.13989889486865284, 0.12814837618272237, 0.11791321902288522, 0.10908784274260017, 0.10154647566985542, 0.09515409959558299, 0.08977500173050147, 0.08527895573732631, 0.0815452693408568, 0.07846505580436205, 0.07594212895564108, 0.0738929068670182, 0.07224566149528419]
5.293999999999999	2.119769728101629	[0.0649057457752941, 0.06410968094817121, 0.06353260469986545, 0.06314008251815885, 0.06290337492107922, 0.0627982747640607, 0.06280417305617937, 0.06290332624992186, 0.06308029897860412, 0.06332155353684314, 0.06361516273033928, 0.06395062196026513, 0.06431874214219858, 0.06471160396848867, 0.06512255911704624, 0.0655462623419078, 0.065978723087668, 0.06641736351313257, 0.06686107468948353, 0.06731026135922188, 0.06776687100309822, 0.06823440202279167, 0.06871789152573235, 0.0692238823019509, 0.06976037404606099, 0.07033676240315898, 0.07096377408904248, 0.07165340380185387, 0.07241886224201217, 0.07327454087941247, 0.07423600178302449, 0.07531999630553493, 0.07654451860328156, 0.07792889504632118, 0.07949391269649274, 0.08126198498096568, 0.0832573548916389, 0.08550633077286326, 0.08803755177608506, 0.09088227404789546, 0.09407466986298914, 0.09765212422852242, 0.10165551272136758, 0.1061294337278202, 0.1111223643403549, 0.11668669438633854, 0.1228785849935499, 0.1297575785224321, 0.13738587482541645, 0.14582716616804858, 0.15514491154218496, 0.16539991261496786, 0.1766470537404974, 0.18893107084411848, 0.2022812486410982, 0.2167049972404319, 0.2321803606251353, 0.24864764261272962, 0.2660005294190937, 0.2840773106404564, 0.3026530634588972, 0.32143390973416847, 0.3400546634690308, 0.35808126736973767, 0.3750193322575569, 0.3903297519794337, 0.4034517613580037, 0.41383291855245247, 0.4209644278735647, 0.42441909406077793, 0.42388824355251115, 0.41921336800680653, 0.41040826407950215, 0.39766815517760973, 0.38136368131101633, 0.3620195355625386, 0.34027960885179664, 0.31686237937843204, 0.29251159357905804, 0.2679477710716646, 0.24382565886808327, 0.22070157571205384, 0.19901290373124575, 0.17907015550053798, 0.1610604106009017, 0.14505973185979115, 0.13105155408082847, 0.11894797944409577, 0.10861129175035697, 0.09987365456313606, 0.09255370356917404, 0.08646944836970155, 0.0814474619237438, 0.07732872838523713, 0.07397173389093313, 0.0712534613912559, 0.06906891935099271, 0.06732974886963965, 0.06596233627666176]
5.453999999999999	1.9885031474972572	[0.05973644873452474, 0.05912158056186575, 0.05869994438555762, 0.058440159570866825, 0.05831625261187882, 0.05830642475457758, 0.05839209935150618, 0.05855720369978407, 0.05878764428958239, 0.05907093920010016, 0.05939597714528485, 0.05975287697041584, 0.0601329256615808, 0.060528575447086695, 0.06093348322430956, 0.06134257686358747, 0.06175213491481728, 0.062159867379311916, 0.06256498743594675, 0.06296826567925469, 0.06337206131756885, 0.06378032704375247, 0.06419858757464564, 0.06463389415999443, 0.06509476030045488, 0.06559108545753911, 0.06613407540403296, 0.06673616809968717, 0.06741097449226698, 0.06817324258931266, 0.06903885260591315, 0.07002484914953838, 0.07114951542771104, 0.07243249245376435, 0.07389494535072491, 0.07555977703224288, 0.0774518888975747, 0.0795984864145757, 0.08202942666639636, 0.08477760257151407, 0.08787935662414374, 0.09137491286262439, 0.09530881143608441, 0.09973032255602728, 0.10469380792289595, 0.11025898462440153, 0.11649103137077518, 0.12346045647658623, 0.13124262429411582, 0.13991680924364394, 0.14956461904930124, 0.16026760073459856, 0.17210382285769776, 0.18514321884739707, 0.1994414931371235, 0.2150324426087319, 0.23191864946116125, 0.2500606677201962, 0.2693650693336353, 0.2896720335985225, 0.3107435462207019, 0.33225367940116823, 0.35378279270352997, 0.37481772823948556, 0.39476006667608543, 0.412944145318659, 0.4286657406148425, 0.441221066753106, 0.4499541364894209, 0.45430877872518627, 0.45388003967557244, 0.44845868862201427, 0.4380624612504562, 0.422948710790783, 0.40360528289175257, 0.38071938614290807, 0.3551274684438309, 0.32775197552561663, 0.29953275964350135, 0.27136142922651346, 0.24402601388277306, 0.2181712237862846, 0.19427681941487046, 0.17265378428192887, 0.15345565278514692, 0.13670084083973236, 0.12230127042794768, 0.11009286348458831, 0.09986435292311512, 0.09138201611978976, 0.08440910403919709, 0.0787197244592498, 0.07410764095220768, 0.07039085690996516, 0.06741300709186716, 0.06504254941587251, 0.0631706094529866, 0.061708143242732764, 0.06058289358152594]
5.613999999999999	1.8714170223888635	[0.05526136812426133, 0.05479194472617172, 0.05449255054542265, 0.05433511000175911, 0.054296469316541474, 0.05435717087071919, 0.05450053813939529, 0.05471200955240736, 0.05497867119645062, 0.05528894599652805, 0.055632406743796846, 0.055999684896367294, 0.05638245343060452, 0.056773463517566056, 0.057166618792351236, 0.05755707086633931, 0.057941322946505024, 0.058317328171266836, 0.05868457295330992, 0.059044136105817054, 0.059398719138048714, 0.05975264432735667, 0.060111822295690814, 0.060483692006674715, 0.060877140775557184, 0.06130241203355502, 0.06177101196048405, 0.0622956246090563, 0.06289004698724647, 0.06356915257440682, 0.06434889255175259, 0.06524634024487039, 0.06627978487526888, 0.06746887692172118, 0.06883482843986383, 0.07040066826857551, 0.07219155368197974, 0.07423513679638603, 0.0765619857857549, 0.07920605707397305, 0.08220521548548168, 0.08560179341339015, 0.08944317828029, 0.09378240750247312, 0.09867874335625357, 0.10419818301090793, 0.11041384398054725, 0.11740613764034309, 0.1252626172581821, 0.1340773469109058, 0.1439496007537885, 0.15498165412606096, 0.16727539183624401, 0.18092742435933476, 0.19602240211893684, 0.21262424795965723, 0.2307651319646757, 0.2504321914710842, 0.27155229845011436, 0.29397558284429226, 0.3174589531488609, 0.34165144745643566, 0.36608384665034505, 0.3901654278829842, 0.4131908927205395, 0.43436015601164457, 0.4528127078978693, 0.4676765717607738, 0.47812960376144675, 0.48346827959713545, 0.4831767076592311, 0.4769869680247865, 0.46492160498331836, 0.447310535124758, 0.4247777889295073, 0.3981979018064748, 0.36862658330531717, 0.337214464305005, 0.30511532181325807, 0.27340062190250997, 0.24299047950022068, 0.2146077027916266, 0.1887573483559401, 0.16573012583503635, 0.14562486118373888, 0.12838349961948697, 0.11383184933114412, 0.10172015274644704, 0.09175916080050658, 0.08364919579453046, 0.07710133134355014, 0.0718510659000521, 0.06766563899882333, 0.0643464814491808, 0.06172830265596574, 0.05967612886154099, 0.058081319669042945, 0.05685729293918464, 0.05593542261464393]
5.773999999999999	1.7666377035234733	[0.051348433788386036, 0.050994252546417006, 0.05078995029379641, 0.05071066998430744, 0.05073589461283038, 0.05084828414106369, 0.051032833399136154, 0.05127627950642703, 0.05156670255375421, 0.05189327596261704, 0.05224613275289407, 0.05261632103961276, 0.05299582692132399, 0.05337764602793911, 0.053755886974498124, 0.0541258913157148, 0.05448435582292653, 0.05482944433931802, 0.055160878401638844, 0.05547999831547021, 0.055789789448123225, 0.05609487195344229, 0.05640145575041792, 0.05671726598359024, 0.05705144713214347, 0.05741445610212702, 0.05781795592142546, 0.058274721972020604, 0.05879857217205816, 0.05940433129252625, 0.06010783795923005, 0.06092600106202583, 0.06187691056844829, 0.06298000624809307, 0.06425630672441045, 0.065728700545025, 0.06742230059765261, 0.06936486298991788, 0.07158727130338077, 0.07412408656633669, 0.07701416206130735, 0.08030131965203638, 0.08403508016498515, 0.08827143367956113, 0.09307362553786278, 0.09851291930013126, 0.10466927756966511, 0.1116318741500739, 0.11949931521318181, 0.12837940210466195, 0.13838821431659074, 0.14964822978151995, 0.16228513587948667, 0.17642292732582993, 0.1921768514145604, 0.2096437687127595, 0.22888957773085525, 0.24993354036169932, 0.272729677434258, 0.2971459085507683, 0.32294229343794945, 0.34975055807766064, 0.3770579630072172, 0.40419932501935624, 0.4303613990249185, 0.45460358528881384, 0.4758977934796002, 0.49318813048034615, 0.5054679676650365, 0.5118682702043722, 0.5117475301634392, 0.5047711373462153, 0.490967437137269, 0.4707496520275878, 0.44489730349626627, 0.4144970821108932, 0.38084998375521056, 0.3453573760627687, 0.3094020710249783, 0.27424065863191477, 0.24092036434952885, 0.21022841287449232, 0.1826757072903467, 0.15851102493863392, 0.1377579930988463, 0.12026534325135091, 0.10576123853868107, 0.09390426227324838, 0.08432619252097207, 0.07666426722890221, 0.07058277231074314, 0.06578522580906641, 0.06201917199770893, 0.059075771260941795, 0.056786165274845084, 0.055016197486686534, 0.053660619361721396, 0.05263750389732247, 0.05188326295751468]
5.933999999999999	1.6725160605347753	[0.04789516270884155, 0.04763166351383271, 0.047500920311458104, 0.04748102298515793, 0.04755379729094269, 0.04770373868903791, 0.04791726219420159, 0.048182191213580756, 0.048487427830145216, 0.04882276150011084, 0.04917878409399539, 0.049546886169215425, 0.04991931422629924, 0.05028927109954826, 0.05065104343766338, 0.05100014089961447, 0.05133343294006659, 0.051649270084890134, 0.05194757888010388, 0.05222992208771693, 0.05249951939453306, 0.0527612273890998, 0.05302148183661924, 0.05328820862558733, 0.05357071318215879, 0.0538795599679255, 0.05422645516830209, 0.054624145368582795, 0.055086344534862, 0.05562769967250058, 0.056263804006679845, 0.057011264112916474, 0.05788782605748101, 0.05891256377911064, 0.060106132522499876, 0.061491089317242405, 0.06309228307679458, 0.06493731677491302, 0.0670570851149942, 0.06948639075696154, 0.07226464228196358, 0.07543663491016189, 0.07905341225573523, 0.0831732008139695, 0.08786239994341173, 0.09319659475364116, 0.09926153874922206, 0.10615402234525627, 0.113982503638958, 0.12286732380363753, 0.13294026375140305, 0.14434311801515332, 0.15722487411231661, 0.1717369953196288, 0.18802623286787337, 0.20622436082261736, 0.22643427616869558, 0.24871207991915886, 0.27304511308036644, 0.29932650703309915, 0.32732765541338243, 0.35667109371286726, 0.3868074894361311, 0.4170015837703746, 0.44633267535513393, 0.4737151898011527, 0.4979436480650589, 0.5177636641119339, 0.531966517763938, 0.5394998299041012, 0.5395818739367562, 0.5318033747495142, 0.5161996052333936, 0.4932780913974005, 0.46399336111713463, 0.42966893214720286, 0.39187623871716926, 0.3522881158133738, 0.31252877547471075, 0.274041854447582, 0.23799334195101837, 0.20521845502893196, 0.17621293971579757, 0.1511619217379516, 0.12999475118237108, 0.11245277078736113, 0.09815818637473545, 0.08667525836502854, 0.07755873631337558, 0.07038788029077606, 0.06478697791474819, 0.06043478525131017, 0.05706589630331424, 0.05446693918311139, 0.05246999954725372, 0.05094503133222448, 0.04979239794588809, 0.048936183085091206, 0.048318546016573094]
6.093999999999999	1.5876283286121395	[0.044821852080432656, 0.04462951295040775, 0.044555550407101824, 0.04458064953176855, 0.044688652553487716, 0.04486560649173237, 0.045099111237744516, 0.04537788864003203, 0.04569151827676372, 0.04603029797636959, 0.04638520132957921, 0.046747907821078294, 0.04711088872325833, 0.0474675304036214, 0.047812281282548934, 0.04814080553458524, 0.04845013104980849, 0.04873877658296279, 0.04900684894907079, 0.04925610005856858, 0.04948994132267534, 0.04971341295861267, 0.04993311423452365, 0.05015710024230812, 0.050394758428633855, 0.05065667564724058, 0.05095451214555629, 0.05130089382731074, 0.05170933791172147, 0.05219422010850763, 0.0527707945167325, 0.05345526986823095, 0.0542649495405159, 0.05521843570818729, 0.05633590338275365, 0.05763944391759626, 0.059153484577395214, 0.06090528504663299, 0.06292551983163339, 0.06524894919247541, 0.06791518926812552, 0.07096958344822739, 0.07446418312837126, 0.07845883220174255, 0.08302235033662825, 0.08823378604433182, 0.09418369970605134, 0.10097539399021441, 0.10872597711364299, 0.11756707135708726, 0.12764491509227957, 0.1391194937301705, 0.15216223667450587, 0.16695167528724916, 0.18366635911815796, 0.20247422583336067, 0.2235176429839998, 0.2468934579040601, 0.2726277785731849, 0.30064583471387946, 0.3307383042151459, 0.362526814615614, 0.39543297147386314, 0.42865684590942504, 0.4611721070427458, 0.4917452184754377, 0.5189849040899622, 0.5414248402819369, 0.5576373634976367, 0.5663692996614533, 0.5666842379264525, 0.558090330468605, 0.5406310432134346, 0.5149194186626821, 0.4821046294963707, 0.44377141497724365, 0.40178580232888234, 0.3581109297916945, 0.31462207546808646, 0.2729487301165733, 0.2343643657480015, 0.19973364512631966, 0.1695153151608004, 0.14380975118970224, 0.12243487110651066, 0.10501326013313435, 0.09105599477080578, 0.08003329352140444, 0.07142717465458497, 0.06476557926299395, 0.059640313226655375, 0.05571260489633437, 0.05271033817108777, 0.05042053107016678, 0.048679783897516114, 0.04736452877371851, 0.046382140165431754, 0.04566339562462227, 0.0451563970891568]
6.254	1.5107585282757268	[0.04206617995742601, 0.04192968694945386, 0.04189955289421445, 0.04195869176368346, 0.04209264794729743, 0.0422887628700365, 0.042535617847092186, 0.04282267804897753, 0.04314008548465652, 0.04347856457638342, 0.04382941422633136, 0.04418456626867771, 0.0445366935427963, 0.04487935208743821, 0.04520714246676589, 0.04551587524076542, 0.04580272614300487, 0.04606636755614429, 0.04630706512333769, 0.046526731326586454, 0.04672893196733152, 0.04691884582275663, 0.04710318242498964, 0.04729006685751046, 0.04748890382989103, 0.04771023516477663, 0.04796560570319095, 0.04826745193506993, 0.04862902629376631, 0.04906436769728244, 0.04958832668812955, 0.050216651082482876, 0.05096613645225965, 0.05185484446155892, 0.05290239195492166, 0.05413031389734316, 0.055562504554232894, 0.057225742597427624, 0.059150307839549984, 0.061370698762595176, 0.06392646158158852, 0.06686314170612548, 0.07023336761431807, 0.07409807320361604, 0.07852785763295207, 0.08360446838283246, 0.08942237283187546, 0.09609035146375372, 0.10373299983592099, 0.11249196062600966, 0.12252661921635287, 0.13401388116496918, 0.14714650976343588, 0.16212933992925407, 0.1791725194650509, 0.19848078809076375, 0.22023774322363218, 0.24458413090735684, 0.27158954232846844, 0.3012175959335803, 0.33328584141651146, 0.36742326500114136, 0.40303032551217843, 0.43924863042583173, 0.47494917462133907, 0.5087487903232351, 0.5390632910394647, 0.5642020647529846, 0.5825024079679864, 0.5924933191777224, 0.5930694083496026, 0.5836484433042086, 0.5642834860059247, 0.5357044951734324, 0.4992749822765797, 0.4568649394042725, 0.41065806271961863, 0.36292471439996893, 0.31579829954613475, 0.27109011576094316, 0.23016733800118538, 0.1939039749168676, 0.16269969976589835, 0.13655018084049977, 0.11514699385581983, 0.09798545505914032, 0.08446325233213112, 0.07395933521268207, 0.06588905779433694, 0.059736647196628724, 0.05506913522492101, 0.051537067711414114, 0.04886710584670022, 0.04685066516400519, 0.045331514003135134, 0.044194112411283244, 0.04335357916619318, 0.0427475666463582, 0.04232996455935451]
6.414	1.4408734835963168	[0.039579021552565666, 0.039486442663266216, 0.03949017562368115, 0.03957501824404145, 0.03972793708944324, 0.03993734792006388, 0.04019264646346039, 0.04048391750057801, 0.04080177747157028, 0.04113731645441909, 0.04148211910577359, 0.041828344745989836, 0.042168853795175223, 0.04249736370050901, 0.04280862219071538, 0.04309858047711194, 0.04336455432170409, 0.04360535678381152, 0.04382139403674189, 0.044014713476354446, 0.04418900327403096, 0.04434954144878336, 0.04450310334170723, 0.044657834380152715, 0.044823104676282664, 0.04500935724845934, 0.04522796900146012, 0.04549113563268524, 0.04581179714405515, 0.04620361053956095, 0.0466809816138537, 0.047259157191545914, 0.047954385998900007, 0.048784146542485876, 0.04976744957813343, 0.05092521389387494, 0.052280725740471955, 0.05386018374252572, 0.05569334461927126, 0.0578142758239405, 0.06026223574276508, 0.0630826904982844, 0.06632849041846696, 0.07006121224954316, 0.0743526833034479, 0.07928667537322624, 0.08496075523259856, 0.09148822742113831, 0.099000079321155, 0.10764674574844013, 0.11759943941999439, 0.1290506353864781, 0.1422131628837958, 0.15731712465505543, 0.17460368322534042, 0.19431450520076404, 0.21667556211083303, 0.24187395391034516, 0.2700267729134299, 0.30114168631014127, 0.3350702672247846, 0.3714569688229049, 0.40968923990091627, 0.4488570329878658, 0.4877325816475136, 0.5247825761972338, 0.5582240084424506, 0.5861306579544499, 0.6065894374907269, 0.6178949092007738, 0.6187586108855424, 0.6085002192855856, 0.5871839385697383, 0.5556681978226248, 0.515550551195985, 0.4690098422834756, 0.41856938751385103, 0.3668217858705903, 0.3161631510143702, 0.2685799547366879, 0.22551721404164893, 0.1878371362409204, 0.1558585155515768, 0.12945387959289964, 0.10817596760404097, 0.09138709017304417, 0.07837188495408343, 0.06842282168001293, 0.06089588836744583, 0.05523964426850032, 0.05100384486383672, 0.04783455057172611, 0.04546181812292531, 0.043684559651024295, 0.04235553885525216, 0.041368117017875086, 0.04064538213222164, 0.0401316930545331, 0.03978635393159035]
6.574	1.3770966196191117	[0.03732126928527917, 0.03726332896803816, 0.03729326567966632, 0.03739745558592559, 0.037564048513828226, 0.037782353829036656, 0.03804244782554845, 0.038334939309362576, 0.038650852363498606, 0.038981598735858644, 0.03931902073019453, 0.03965548921309572, 0.03998404326996052, 0.040298557655863584, 0.040593923953889166, 0.04086623035095534, 0.04111292542346547, 0.041332951971542686, 0.04152683973702968, 0.04169674892729357, 0.041846461482022874, 0.04198132155351838, 0.04210813217584858, 0.04223501888866442, 0.04237127483507598, 0.042527203004924255, 0.04271397210872717, 0.04294350077939751, 0.0432283832870385, 0.043581866565969976, 0.04401788631343921, 0.04455116682630206, 0.04519738837605021, 0.045973424391151735, 0.04689765179267759, 0.04799033810263863, 0.049274111810509474, 0.05077452407845766, 0.0525207138720125, 0.05454619069292925, 0.05688975329871422, 0.059596564126892286, 0.0627194018923677, 0.06632011288226215, 0.07047127907953493, 0.07525811039063106, 0.08078055257970301, 0.08715557097728928, 0.09451952504006872, 0.10303047527921214, 0.11287016341162621, 0.12424526061264168, 0.13738729250119613, 0.15255040962621078, 0.170005902947094, 0.19003207958552332, 0.21289789181654245, 0.23883863295204194, 0.2680222447152655, 0.3005054848489779, 0.33618060338627914, 0.3747153880179069, 0.4154924851788671, 0.4575574613388829, 0.4995884860178658, 0.5399026359178517, 0.5765132567822826, 0.6072481891831474, 0.6299293358077332, 0.6426006557677298, 0.6437767240957866, 0.6326715474397082, 0.6093621470556203, 0.574847118337602, 0.5309777211774839, 0.4802647744721771, 0.4255920051005541, 0.36988739077226945, 0.31581198953878115, 0.2655185024265965, 0.2205122315726234, 0.18162183421961853, 0.14906409208594262, 0.12257174651161307, 0.1015486748873954, 0.08522104795582003, 0.0727630312782727, 0.06338695817138272, 0.05639750851782525, 0.05121565996504127, 0.04738090027168506, 0.04454020890556243, 0.0424307659893511, 0.04086123935496646, 0.03969451401790833, 0.03883319436015717, 0.038208197784316646, 0.03777019583485551, 0.037483415767680654]
6.734	1.3186835397230854	[0.035261446514726964, 0.035230927357950144, 0.03528115522120778, 0.03539982355712984, 0.03557606827336836, 0.03579994667958765, 0.03606211092849393, 0.03635362027161411, 0.036665856797439354, 0.03699052163990439, 0.03731969540186781, 0.03764594964400389, 0.037962497004604384, 0.03826336695300632, 0.03854359308902921, 0.03879939706931267, 0.03902835414229602, 0.039229526398538474, 0.039403552283208805, 0.03955268471644801, 0.039680774918950015, 0.039793204345499975, 0.039896772251753636, 0.039999550845974535, 0.040110723073285115, 0.0402404196677719, 0.04039957201526506, 0.04059979594612724, 0.040853319092271516, 0.04117296156205389, 0.04157217678304972, 0.04206515704774882, 0.04266700672369795, 0.04339398560704163, 0.04426382536084636, 0.04529612351605037, 0.04651282179102159, 0.04793877855760644, 0.04960244874356056, 0.05153668835538109, 0.05377970463370891, 0.056376176540853286, 0.059378573004030974, 0.06284869756566448, 0.06685948616279298, 0.07149707800366692, 0.07686316451721165, 0.08307759421872059, 0.09028116561283771, 0.09863846861836328, 0.10834052722661443, 0.11960684210995629, 0.13268622103640912, 0.14785551266779628, 0.16541503046189446, 0.1856790956893672, 0.20895980183897972, 0.23554191806942407, 0.26564697562248896, 0.29938524880647926, 0.3366958094621556, 0.37727732313037204, 0.42051582248919744, 0.46542006979958117, 0.5105795330435176, 0.5541631032068931, 0.5939766671436192, 0.6275927115835243, 0.652554212605799, 0.666638784787858, 0.6681503750910918, 0.6561898617377114, 0.6308488944350357, 0.5932780414121851, 0.5456018643457374, 0.4906857589709147, 0.4317934819231638, 0.37219970012741854, 0.31483045572822627, 0.2619936799983744, 0.2152360657244693, 0.17533075125183906, 0.14237236471017511, 0.11593917013017861, 0.0952785937876044, 0.079479905090503, 0.0676112455582224, 0.05881228413156292, 0.0523448142474732, 0.047610056221160935, 0.044143570082341606, 0.04159780939991585, 0.0397199546885926, 0.038329952459286575, 0.037301365378275234, 0.03654598678000453, 0.03600217783192378, 0.03562640024620581, 0.03538726479955934]
6.894	1.2650005620997191	[0.03337392755282423, 0.03336519536888284, 0.033431130422915144, 0.03356052629828155, 0.03374334502476739, 0.03397027645939451, 0.0342324671009354, 0.03452137057230738, 0.03482868968763228, 0.035146391419806425, 0.0354667808243349, 0.03578262287645104, 0.036087300403631374, 0.03637499601784688, 0.03664088367601889, 0.03688131530072004, 0.03709398681978469, 0.037278070055346495, 0.037434298513932006, 0.03756500012105665, 0.037674073897731565, 0.037766914161759556, 0.0378502899777439, 0.03793219320163378, 0.038021670254201945, 0.03812865542123157, 0.038263821790816964, 0.03843846561746013, 0.03866443570944015, 0.03895411789450179, 0.0393204800411939, 0.03977718249054432, 0.040338755550501454, 0.04102084726005019, 0.04184054341911198, 0.042816765757056764, 0.043970754590245874, 0.04532664806912395, 0.04691217164920821, 0.04875945849524396, 0.050906023395459264, 0.053395920431440966, 0.05628111554388916, 0.05962311153937634, 0.06349485959603048, 0.06798299128898978, 0.0731903886762748, 0.07923909088082573, 0.08627348699250237, 0.09446368059677658, 0.1040087942873023, 0.11513982765427674, 0.1281214440886756, 0.1432517651919404, 0.16085885664210725, 0.1812921628827568, 0.2049066988114696, 0.23203750954440844, 0.26296189219700256, 0.29784748264658156, 0.33668579379856955, 0.37921355094241244, 0.4248282500760054, 0.47250964641945487, 0.5207644061745761, 0.567615464178829, 0.6106583510918666, 0.6472016566990403, 0.674496188088222, 0.690037904121413, 0.6919066794483707, 0.679082938487615, 0.6516748944641272, 0.6109969935315402, 0.5594665912275885, 0.5003257127384145, 0.4372365818503036, 0.373830091282994, 0.3132952556079813, 0.25808243581462614, 0.20975980469662273, 0.16902312150939372, 0.1358259562138284, 0.10957944929379915, 0.08936932540568521, 0.07414930251034342, 0.06288745472434294, 0.05465900928582027, 0.04869133823760496, 0.04437325016710107, 0.04124194998688102, 0.03895907495623115, 0.037283909935691695, 0.03604858328236525, 0.03513744898474794, 0.03447115489929183, 0.03399496964411174, 0.033670563456412714, 0.03347039020963957]
7.054	1.2155064513846305	[0.03163761205781647, 0.03164624696561402, 0.031724314033271306, 0.03186152926343681, 0.032048552735460874, 0.03227661596222289, 0.03253729660118857, 0.032822399636809274, 0.03312392045997479, 0.03343407425259742, 0.0337453804231644, 0.03405079205881521, 0.03434385981030062, 0.03461891804513087, 0.03487127942787024, 0.035097422792878114, 0.03529515899875023, 0.035463760579203876, 0.03560404378939156, 0.03571839576009285, 0.03581074474894073, 0.03588647708109812, 0.035952309826465516, 0.03601613261963495, 0.03608683502402598, 0.036174136922665, 0.03628843890848469, 0.036440707553132286, 0.03664240758668093, 0.03690548968239642, 0.037242439635773096, 0.03766639234252347, 0.03819131280518422, 0.03883224615669829, 0.03960563981410957, 0.040529742820191866, 0.04162509054681219, 0.0429150865743667, 0.04442669814803195, 0.04619128645375559, 0.04824559854222732, 0.05063295318564868, 0.05340465861922925, 0.05662170453851509, 0.06035677355245084, 0.06469661563496334, 0.06974482085613747, 0.07562500489015149, 0.08248438270407975, 0.0904976371459535, 0.09987087927499029, 0.11084532813091717, 0.12370009312864458, 0.13875310390017304, 0.15635879580541764, 0.17690063654932098, 0.20077602978187759, 0.2283706732365714, 0.2600192991862623, 0.2959501970807539, 0.3362124231595377, 0.3805875473200365, 0.4284924363863797, 0.478885755830133, 0.5301977120749617, 0.5803082121130346, 0.6266003769507777, 0.6661111702688735, 0.6957866425901855, 0.7128262040624409, 0.715072442114211, 0.7013781321858253, 0.6718701087341925, 0.6280386779697865, 0.5726133532420057, 0.5092342639338611, 0.4419793593075578, 0.37484357852430483, 0.31127499433355144, 0.253852031069385, 0.20414370703025386, 0.16274692668274515, 0.1294567159912891, 0.10350651753045455, 0.08381730130344675, 0.0692104195951471, 0.0585610049494654, 0.050888490580577525, 0.04539408515956543, 0.04146090838479718, 0.038632577038121875, 0.03658282169329052, 0.03508445904854799, 0.03398219953932562, 0.03317097239507636, 0.0325797605942873, 0.03216012473375736, 0.03187835149446769, 0.03171022553272053]
7.214	1.1697371441150628	[0.030034935036993417, 0.030057448918542146, 0.030144841095521097, 0.030287606256345887, 0.030477000535852124, 0.03070472573884167, 0.03096274140640135, 0.03124317068117412, 0.031538279780100216, 0.03184051862774826, 0.03214261313767375, 0.03243770043139767, 0.032719496872085224, 0.03298248720332365, 0.0332221208004241, 0.03343499999784691, 0.03361904484658228, 0.033773620252859064, 0.03389961392982112, 0.03399945834017641, 0.03407709479327271, 0.03413788411263489, 0.034188473293456, 0.03423663245394555, 0.03429107867162133, 0.03436130477595563, 0.03445742976540202, 0.03459008584933454, 0.03477035335936717, 0.035009752064673744, 0.035320293707186846, 0.03571459908243697, 0.03620608107661724, 0.036809195944110654, 0.03753976547521076, 0.038415375932366554, 0.03945586191364664, 0.040683888431255366, 0.04212564820433566, 0.043811697860151926, 0.04577796154903451, 0.0480669384446972, 0.050729155837979746, 0.053824917552370295, 0.057426400471073495, 0.06162015551592059, 0.06651006225244287, 0.07222077252832983, 0.07890164070486026, 0.08673107672017492, 0.09592114587237417, 0.10672207131640844, 0.11942603289063417, 0.13436929561343183, 0.15193120646312958, 0.17252800030493334, 0.19659867612372936, 0.2245795990920232, 0.2568641450541585, 0.2937440371756159, 0.3353304663462444, 0.38145622328942264, 0.43156522805522374, 0.4846030272269198, 0.5389300568700492, 0.5922867450194256, 0.64184251444506, 0.684355747156295, 0.7164557719465294, 0.7350309756128605, 0.7376736672922857, 0.7231019159284228, 0.6914633458888421, 0.6444361711383284, 0.5850812694166919, 0.5174577535602286, 0.4460753806138975, 0.37529930751332635, 0.30883099145512666, 0.24936121220311813, 0.19843873499465708, 0.15654074981721766, 0.12328779876953157, 0.09772710303185089, 0.07861385094929835, 0.06464177494481803, 0.054601051090180854, 0.047464118267303027, 0.042413884937919796, 0.03883379648522907, 0.03627784924491007, 0.03443404736843089, 0.03308959380172906, 0.03210178707827499, 0.031375682157988145, 0.03084796750346641, 0.030475853023999817, 0.030229670885702473, 0.030088068626808823]
7.3740000000000006	1.1272930986630485	[0.02855112358443983, 0.02858474524688387, 0.02867924381132186, 0.02882577702587807, 0.029016116107175322, 0.029242376838478648, 0.029496861988988526, 0.02977198671591708, 0.030060270958683334, 0.030354388594901787, 0.030647265707486028, 0.0309322198683527, 0.031203131133624138, 0.031454632908642345, 0.031682309051419666, 0.031882881727840214, 0.03205437464908407, 0.032196237205078984, 0.03230941842701401, 0.0323963837675351, 0.03246107373079755, 0.03250880881703396, 0.03254615128714569, 0.03258073804557462, 0.03262110218470472, 0.032676500844974456, 0.03275676662152455, 0.03287219656610221, 0.0330334902638672, 0.03325174422921356, 0.033538507657574504, 0.03390590155717262, 0.03436680320117789, 0.03493509710066143, 0.03562599616580689, 0.03645643814567266, 0.03744556710065663, 0.038615312761032264, 0.03999108713379226, 0.041602622216328246, 0.04348498096997866, 0.04567977944770231, 0.048236667814543485, 0.051215124004307375, 0.054686623186632366, 0.05873724824552436, 0.06347080816609757, 0.0690125163995128, 0.07551325495057093, 0.08315438635451725, 0.09215297499268582, 0.10276710104040092, 0.11530068946863287, 0.1301068794679105, 0.147588431386672, 0.16819297212306866, 0.19240009487302054, 0.2206965318382439, 0.25353510417610353, 0.29127326780600127, 0.3340884531088778, 0.3818706229445259, 0.43409817940979983, 0.48971150485943116, 0.5470082356060725, 0.6035934040937633, 0.656422155912527, 0.7019680548203113, 0.7365323507543603, 0.7566783343851782, 0.7597352784318517, 0.7442796181852318, 0.7104820485774327, 0.6602207828134725, 0.5969070949039106, 0.5250393428096664, 0.4495740118119975, 0.3752510624776554, 0.3060180473006338, 0.2446612586457407, 0.1926878798767305, 0.15043533158266595, 0.1173353611975848, 0.09224243626345954, 0.0737467736888358, 0.060420524165646174, 0.050977475602310945, 0.04435180118186704, 0.03971544356269803, 0.03645744083665673, 0.034145374386818285, 0.03248305702320934, 0.031272460724782895, 0.030383180637684956, 0.029729793264796377, 0.029256009447453473, 0.028924054199136615, 0.028707774499209204, 0.02858826444195716]
7.534000000000001	1.0878288654359496	[0.027173634531336262, 0.027216147014447627, 0.027315986487251722, 0.0274648810559967, 0.02765505250943845, 0.027878985941731074, 0.028129296535141075, 0.028398670559145838, 0.028679867735063518, 0.028965776993794868, 0.02924951904924258, 0.029524588629221568, 0.029785027239083328, 0.030025614982638806, 0.030242067587932266, 0.0304312233149717, 0.030591204059425132, 0.03072153641737588, 0.03082322148672463, 0.030898746936665274, 0.030952040476328616, 0.030988369996724847, 0.03101420107468099, 0.031037026937317025, 0.03106518835768192, 0.031107701617467808, 0.031174111215295633, 0.03127438146481018, 0.03141883751117215, 0.0316181629459881, 0.031883458001937516, 0.032226360451095754, 0.03265923025432951, 0.033195399637307534, 0.03384949163924438, 0.034637813147708536, 0.03557883184342569, 0.036693751358150305, 0.03800720408050372, 0.03954808773608423, 0.04135057878431852, 0.043455364346469905, 0.04591114307287053, 0.04877645553931384, 0.052121913633453754, 0.056032906572472806, 0.060612863330549466, 0.06598714527910225, 0.07230761780162487, 0.0797578971777117, 0.08855916755851208, 0.09897629300665485, 0.11132367494719843, 0.12596989689621316, 0.14333961564070336, 0.1639103944884696, 0.188201248889479, 0.21674871440018725, 0.25006549149268353, 0.28857663112433163, 0.3325294346172028, 0.3818765706143986, 0.4361380617719817, 0.4942570245768233, 0.5544754712257134, 0.6142675992513973, 0.6703743370970995, 0.7189788822049115, 0.7560436227190581, 0.7777930854405838, 0.7812809714635189, 0.7649352948526433, 0.7289521993333831, 0.6754220250759629, 0.6081252726298926, 0.5320191800622499, 0.45252072943885413, 0.37474775742361843, 0.3028851422369891, 0.23979690727994693, 0.18692729921402587, 0.14445487347760103, 0.11160994458417009, 0.08704959834589547, 0.06920152925023022, 0.05652338421007685, 0.04766147324446935, 0.04152018440040036, 0.03726721154834595, 0.034301700806508836, 0.03220731920069478, 0.03070466705933425, 0.029610491227958974, 0.02880617707950949, 0.02821512638438479, 0.027787376986497685, 0.027489566569947877, 0.027298576419864676, 0.027197583975284385]
7.694000000000001	1.0510444986378857	[0.02589172520329094, 0.02594134254358749, 0.026045109390123812, 0.026195249751685596, 0.026384384384553865, 0.026605331812110392, 0.026850994736390257, 0.027114313362321424, 0.02738827556141309, 0.02766597758611162, 0.027940729783015386, 0.02820620072293423, 0.02845659093633222, 0.028686824886066036, 0.028892747337875255, 0.0290713087458634, 0.029220723938877004, 0.029340589888240804, 0.029431951481565004, 0.029497309087945723, 0.029540567443088812, 0.02956693157074325, 0.029582760899989964, 0.029595397035511135, 0.02961298288451787, 0.029644291272840143, 0.029698579546517046, 0.029785483902938913, 0.02991496349681074, 0.03009730093521974, 0.030343162651929545, 0.030663720845933988, 0.03107083777409556, 0.03157731392314191, 0.032197203166389826, 0.03294620108313724, 0.03384211625013163, 0.03490543932475184, 0.03616003018217917, 0.03763395034272591, 0.03936047542454223, 0.04137933170306891, 0.0437382107277762, 0.0464946276038157, 0.049718199709591994, 0.0534934337069557, 0.05792311496215661, 0.0631323925336669, 0.06927363421720681, 0.07653208046357139, 0.08513223125487569, 0.09534473393990965, 0.10749326282352674, 0.12196045635929119, 0.1391913557057377, 0.1596919485405669, 0.18401937050547393, 0.21275916928573194, 0.24648403914153622, 0.28568808090912623, 0.3306916561154788, 0.3815152502479934, 0.4377273447001387, 0.4982815805257607, 0.5613716805073075, 0.6243459728732992, 0.6837318251146516, 0.7354171583067619, 0.7750152797255045, 0.798398671325068, 0.802333160133003, 0.7850916813414758, 0.7468983055794167, 0.6900676425164791, 0.6187680352375492, 0.5384345934405813, 0.45495743419327817, 0.37383389567328396, 0.299476067576015, 0.2348071621675125, 0.1811872910511837, 0.13861812787021288, 0.10611760185605235, 0.08214258415223072, 0.06496213489238424, 0.05292728081208254, 0.04462589998696785, 0.03894069169007686, 0.03504114916276797, 0.03234031186555055, 0.030439797142289435, 0.029077503557364555, 0.02808466646878541, 0.027353808875014183, 0.026816417391829498, 0.02642817806880827, 0.02615958433489472, 0.025990125227313945, 0.02590474920023851]
7.854000000000001	1.0166784789755356	[0.024696122429234593, 0.024751396184147654, 0.02485795234970297, 0.025008450847045664, 0.02519586973810565, 0.025413331800872303, 0.025654006734060243, 0.025911074259255623, 0.026177740356425, 0.02644730168541039, 0.026713253484147024, 0.026969434796396366, 0.027210202491634916, 0.027430622771362365, 0.027626666366594915, 0.027795391980934555, 0.027935102296560543, 0.02804545833943317, 0.02812754133044509, 0.028183856032659344, 0.028218275540884477, 0.02823593359576354, 0.028243076037088873, 0.028246887098298777, 0.028255308453036705, 0.028276869026118538, 0.02832054188646348, 0.028395641479216006, 0.028511770814937568, 0.02867882461296979, 0.028907051496838695, 0.029207176445485525, 0.029590584142572426, 0.030069564528153996, 0.03065762380725311, 0.03136986712849595, 0.03222346317836187, 0.033238205817161914, 0.03443719384411455, 0.03584765692036489, 0.03750196400223963, 0.03943886026736603, 0.041704989849635825, 0.04435677434764765, 0.04746273090823106, 0.05110632711434977, 0.05538948089933017, 0.06043681723635874, 0.06640078223181907, 0.0734676762338516, 0.08186458200740662, 0.09186700262468396, 0.10380674859648661, 0.11807917479676894, 0.13514821316593076, 0.15554673278030418, 0.17986858545609824, 0.2087473516830631, 0.24281554964402952, 0.28263741623929556, 0.32860914064622676, 0.38082372606096554, 0.4389046320591861, 0.5018236782180925, 0.5677337365734393, 0.6338625877176925, 0.6965252346334838, 0.7513100197055758, 0.7934714875859871, 0.8185171796555829, 0.8229129731815553, 0.8047702011904498, 0.7643434286992655, 0.7041836827431652, 0.6288655299508137, 0.5443202935534968, 0.45692275113915487, 0.3725499929081227, 0.29582998782151076, 0.22972600185657613, 0.1754931269242857, 0.13293931046821703, 0.10086081606698262, 0.07751313968250488, 0.061011837125610334, 0.04960979149629395, 0.04184545716422685, 0.03658745660447378, 0.03301243993529049, 0.030550435111899085, 0.028822313040537836, 0.027583396290647447, 0.026678903988026, 0.02601175333148767, 0.025520766913154642, 0.02516663568474479, 0.024923204414580284, 0.024772196851571834, 0.024700066889847733]
8.014000000000001	0.9845018691592486	[0.023578764659450285, 0.023638512700324806, 0.023746937559237707, 0.02389708643817803, 0.024082260704577724, 0.024295863310678418, 0.02453131369391807, 0.024782018704992567, 0.025041393522653735, 0.025302928854543875, 0.025560300212296376, 0.025807513645196192, 0.026039079424944364, 0.02625020263634053, 0.026436976712173276, 0.02659656466261385, 0.026727352129309146, 0.02682905836782774, 0.02690279422419877, 0.026951061641887417, 0.026977694726580504, 0.026987749120341565, 0.026987351336889877, 0.026983524329996903, 0.026984006931719373, 0.0269970854406219, 0.02703145298199859, 0.02709610989926862, 0.027200313823965813, 0.027353585405613712, 0.027565771814102996, 0.027847169437739152, 0.02820870558353216, 0.02866218104616486, 0.02922057611867512, 0.02989842715755754, 0.030712283365979486, 0.03168126018983717, 0.03282770997847099, 0.034178039818425224, 0.03576371292006149, 0.037622482687209316, 0.039799918100977605, 0.04235129620706834, 0.04534394985972755, 0.04886017917661235, 0.05300084559720751, 0.05788978159510435, 0.06367913879024825, 0.07055577368737972, 0.07874868545539414, 0.08853737681454824, 0.10026072562746693, 0.11432552205916309, 0.13121312507381241, 0.15148173103782644, 0.17576042722420493, 0.20472969284905854, 0.23908144966431652, 0.27945082307406, 0.32631219880773443, 0.37983540120178855, 0.4397050580129104, 0.5049186596890209, 0.5735957243881115, 0.6428491165111154, 0.7087831623346951, 0.766682900079782, 0.8114349446911923, 0.8381693823564652, 0.8430402880141474, 0.8239910053428412, 0.7813092423993857, 0.7177945859696083, 0.6384459548180845, 0.5497085726450985, 0.4584523115786926, 0.37093296062011866, 0.2919819401985701, 0.22458299562638262, 0.16986576480463086, 0.1274288645531066, 0.09583924958508411, 0.07315142032076803, 0.057333610348143535, 0.04654943800204035, 0.03929676196081347, 0.034437185972516604, 0.031159185278027895, 0.028912233083018244, 0.027337271045907746, 0.026206862641522458, 0.025379550174662556, 0.024767854387190345, 0.02431720203155769, 0.02399269260721425, 0.02377107253560524, 0.023635977817017068, 0.023575143848789833]
8.334000000000001	0.9543134732234562	[0.022532598880014867, 0.02259585085630497, 0.022705396817809274, 0.022854631459702422, 0.023037151398910414, 0.023246619521829635, 0.02347669025058731, 0.023720986645442532, 0.023973125044122627, 0.024226784176344985, 0.024475815315651243, 0.02471438788634693, 0.02493716246492673, 0.02513947991309605, 0.025317553028210947, 0.025468645150765953, 0.02559122026366581, 0.025685050418796734, 0.025751270150327132, 0.025792372253817905, 0.025812145751588345, 0.02581556264761046, 0.025808625946475313, 0.025798194824025938, 0.025791805214083082, 0.025797503282311902, 0.025823707782940398, 0.0258791133661798, 0.025972643785024528, 0.02611345963326934, 0.02631102322697977, 0.02657522074433109, 0.026916542295918174, 0.02734632056516966, 0.027877031848010454, 0.028522665380684688, 0.029299172261318326, 0.03022500907967591, 0.03132179906174352, 0.03261513940626155, 0.03413559429152248, 0.035919921943581054, 0.038012599430722584, 0.04046772181537667, 0.04335137281195305, 0.0467445801183233, 0.05074699109075647, 0.055481414610791445, 0.06109938273249628, 0.06778785826330679, 0.07577715491132209, 0.08534998531729748, 0.09685129654694712, 0.11069809062929035, 0.1273877329564644, 0.14750219233336273, 0.17170426235768585, 0.20072005333753198, 0.2353002601478397, 0.27615133709291584, 0.3238278731960488, 0.3785804199748683, 0.4401606439013719, 0.5075989988577063, 0.5789891837269824, 0.6513350255494712, 0.7205323293175899, 0.7815596297518961, 0.8289269595625103, 0.8573747915911022, 0.8627337849007919, 0.8427730268407595, 0.7978161060718363, 0.7309232822364546, 0.6475356975033876, 0.554629495228339, 0.45957901485183383, 0.3690164524569203, 0.28796327791721654, 0.2194038405113338, 0.16432245962143782, 0.12209410144160221, 0.09105035495560306, 0.06904650667132502, 0.05391052239192558, 0.04372586830287785, 0.03695834089125254, 0.03246898555855433, 0.02946210066246007, 0.02740848179947858, 0.025969545601612888, 0.02493467224138179, 0.02417496258088506, 0.02361173639165632, 0.023196327152994915, 0.022897699445618622, 0.022695105354216972, 0.02257381694123699, 0.022522663403326825]
8.654000000000002	0.8992117724993929	[0.020629856964428768, 0.02069797404546527, 0.020808153248972117, 0.020954391731564534, 0.02113080975938696, 0.021331540612934397, 0.021550671263157694, 0.021782228694112133, 0.022020209668600608, 0.02225865224745372, 0.022491746264097168, 0.022713977732392854, 0.022920299269331337, 0.023106315551199193, 0.023268470157974272, 0.023404218500751507, 0.023512171390013596, 0.02359219553235732, 0.023645460867590444, 0.023674429865792903, 0.023682790029399766, 0.023675337019931512, 0.023657821116065455, 0.02363677335395987, 0.023619329244482113, 0.023613067386031406, 0.02362587793673281, 0.02366587243095966, 0.023741342559502283, 0.023860772011640847, 0.024032902824086624, 0.024266856244184377, 0.02457230797972336, 0.024959718860190605, 0.025440624223248387, 0.02602798867525484, 0.02673663715463416, 0.02758377852113476, 0.028589644305712498, 0.029778273095462073, 0.03117848061882002, 0.03282506745709521, 0.03476033088222393, 0.037035965142398916, 0.03971545576321453, 0.042877097945285644, 0.04661779552660009, 0.051057822151922894, 0.05634674352343742, 0.06267069691267722, 0.07026118034638637, 0.0794053853369795, 0.09045786154686788, 0.1038528558543412, 0.1201159255926541, 0.13987227950595482, 0.16384766244633855, 0.1928554720017214, 0.2277613792329694, 0.2694145945985629, 0.3185341945678927, 0.3755413768836061, 0.44033638800041885, 0.512034198543288, 0.5886962028318103, 0.6671231154069168, 0.7427983095946896, 0.8100772625222041, 0.8626920433275019, 0.8945707755591303, 0.9008680571683513, 0.8789935045020583, 0.8293596038336, 0.7555925526939108, 0.6640766542479108, 0.5629011147103384, 0.4604721093015952, 0.3641588480802851, 0.2793130587467861, 0.20885351998175833, 0.15341150120373642, 0.11187318976793406, 0.08208541859821152, 0.061515028381656345, 0.04773401633529276, 0.03869432816667191, 0.03282292179346427, 0.02899774238002731, 0.026465077711677266, 0.02474259979591304, 0.023532973883014237, 0.02265751253221408, 0.02201007467155529, 0.02152731246137645, 0.021170517945574657, 0.02091500196422314, 0.020744054892806146, 0.020645561588450403, 0.020610100793414562]
8.974000000000002	0.8501814668708538	[0.018946117548043696, 0.01901683285065081, 0.01912597306959091, 0.01926804384733058, 0.019437619548586377, 0.019629250757845218, 0.019837415539752375, 0.020056511882379367, 0.0202808905056542, 0.020504927178027335, 0.020723132216455012, 0.020930292491611612, 0.021121638218778646, 0.021293023753209076, 0.02144110888020378, 0.021563525517681304, 0.021659014615230697, 0.021727519926288418, 0.021770228981352144, 0.021789556953891932, 0.021789075163403705, 0.021773392155080642, 0.021748000305480943, 0.02171910440302819, 0.021693449771764822, 0.02167816677334512, 0.021680645795333457, 0.021708453390497064, 0.02176929618827656, 0.021871035965348267, 0.02202175657572569, 0.022229882426306587, 0.022504347998136928, 0.022854819485133963, 0.023291971729484936, 0.023827827348383138, 0.024476168921418573, 0.025253040836322266, 0.026177363485181196, 0.027271691037240035, 0.028563153499976214, 0.03008463698155109, 0.031876271206940796, 0.03398731393280197, 0.036478545375545256, 0.03942531608100207, 0.04292142392022776, 0.04708403284041312, 0.05205987604131999, 0.05803300537883407, 0.0652343277425328, 0.07395308341453573, 0.08455020168423513, 0.09747304694908182, 0.11327030790948191, 0.13260456584221741, 0.15625823529906388, 0.1851260747635709, 0.22018440975030357, 0.26242421389629006, 0.31273341400009086, 0.3717154175852669, 0.4394386871030004, 0.5151292751625564, 0.5968457428516067, 0.6812110316633339, 0.7633085891431495, 0.8368631882389477, 0.8947993541216994, 0.9301884086240753, 0.9374654849232218, 0.9136581458670874, 0.8592806517671238, 0.7785740864106523, 0.6789343246234761, 0.569623406420502, 0.4601036665976327, 0.35845772784656615, 0.2703037397159231, 0.19841414860515946, 0.14299668952581224, 0.10240778325208788, 0.07400326404207844, 0.05488279162523414, 0.04239768917433948, 0.03440469018556998, 0.029320786861548345, 0.02605919416354752, 0.023916961914266045, 0.022460601981714328, 0.021432173722231468, 0.020681554780248537, 0.020121884108190623, 0.01970221256213653, 0.01939157904659157, 0.019170087971750058, 0.019024026739980836, 0.01894321276314529, 0.018919533858705283]
9.294000000000002	0.8062765682435077	[0.017448225285794396, 0.01751995925094199, 0.017626949475772823, 0.017764140803229512, 0.017926508335765208, 0.01810897749960028, 0.01830638287176238, 0.018513464803193748, 0.01872490393801976, 0.01893539327897344, 0.01913974583911815, 0.019333033429157143, 0.019510749095890664, 0.019668982603655936, 0.01980459569517081, 0.01991538227739303, 0.020000198673852207, 0.020059050982939097, 0.020093130376915746, 0.020104792489136863, 0.02009748314823785, 0.020075618701124204, 0.02004443408611081, 0.02000981494256985, 0.019978131010977607, 0.019956086957973906, 0.019950604011656742, 0.01996874211729363, 0.020017668496113077, 0.020104675187848843, 0.020237245857506407, 0.02042317109003501, 0.020670711621880472, 0.020988810373611395, 0.02138735661398379, 0.0218775089926313, 0.022472088499307853, 0.02318605773403648, 0.024037109433491317, 0.025046395371083885, 0.026239437062524105, 0.02764727285421337, 0.02930791278970597, 0.03126819409870562, 0.03358615721504306, 0.036334095689027984, 0.039602473354827715, 0.043504947293086536, 0.048184781142224235, 0.053822970263394956, 0.06064840864621399, 0.06895037204887985, 0.07909341347307566, 0.09153437261856397, 0.10684045519802078, 0.12570606394411366, 0.1489640657915326, 0.17758431657728843, 0.212648594048616, 0.2552871226780209, 0.3065589144055478, 0.367258619695897, 0.43764005375388937, 0.5170650351176895, 0.6036181112053687, 0.6937707283889469, 0.782221368050505, 0.8620598148810911, 0.9253768701900665, 0.9643452842924226, 0.9726390490711737, 0.9468820581356489, 0.8877036099586236, 0.8000080057114097, 0.6922684837332626, 0.5749742883393918, 0.45866064385517885, 0.3520925611572794, 0.2610867722246955, 0.18819035571668769, 0.13312439428779813, 0.09368500404561036, 0.06674064658929611, 0.049051390479622974, 0.03778484785126645, 0.030736602306482966, 0.026338164042200383, 0.023551666921908587, 0.021729857591587663, 0.02048756590943439, 0.01960316864089102, 0.018951424817875685, 0.01846147314161484, 0.018092237972254177, 0.01781872720540263, 0.01762465740495384, 0.01749855484541548, 0.017431690166095217, 0.01741695595230553]
9.614000000000003	0.7667370482546226	[0.016109410658119307, 0.016181055984012958, 0.01628516850822739, 0.016417078807130944, 0.016572119912220823, 0.016745556744147853, 0.01693255056794255, 0.017128158552812623, 0.017327369113745678, 0.017525173036684008, 0.017716668677548064, 0.017897196996089798, 0.01806249914785308, 0.018208886251916447, 0.018333408332243718, 0.018434007890134475, 0.018509643621204438, 0.018560371746695954, 0.018587376262325355, 0.01859294471564239, 0.01858039216523964, 0.01855394181478003, 0.018518575523088835, 0.018479870263811943, 0.018443837322671533, 0.018416779693533475, 0.01840518026025555, 0.01841562965226469, 0.018454798905995055, 0.018529458904186537, 0.01864654643969949, 0.018813275863343495, 0.019037295634760386, 0.01932689059228685, 0.019691233249913183, 0.020140690815312643, 0.020687198893516334, 0.021344718112360536, 0.02212979643889189, 0.02306226816926482, 0.02416613105958447, 0.025470656601983395, 0.02701180602032772, 0.02883404734174352, 0.030992698208392504, 0.033556956217504534, 0.036613824388061225, 0.04027319352857627, 0.04467440283236019, 0.04999465669830978, 0.05645971169419938, 0.06435722843280309, 0.07405304826857333, 0.08601030440368522, 0.10081055922869217, 0.11917486394857255, 0.14198050986181393, 0.17026605476659798, 0.20521291743809142, 0.2480868666323419, 0.3001184217447352, 0.36230023542815526, 0.43508621859875235, 0.5179966889822584, 0.6091700743259335, 0.7049531531085845, 0.7996764155446277, 0.8857933896861857, 0.9545381428715853, 0.9971456868939378, 1.0064888995508419, 0.9787673469922622, 0.9147389333604631, 0.8200187566945737, 0.7042204680435469, 0.5791095755475657, 0.45630383568133676, 0.3452132362438977, 0.25178262087476705, 0.17825761529957615, 0.12381738686383753, 0.0856770779976865, 0.06022975489136735, 0.043927903036492084, 0.0337924208095706, 0.027588653549331314, 0.02378264398168804, 0.021394908923313576, 0.01983580291860743, 0.018766260866787655, 0.017997279561470004, 0.01742486201785024, 0.016991224077314165, 0.01666307150535568, 0.01641999063808584, 0.016248428260331755, 0.01613860353312567, 0.01608290314466243, 0.016075012233074937]
9.934000000000003	0.7309454779635673	[0.014907782803951192, 0.014978563595919946, 0.015079336782931642, 0.015205775776929756, 0.015353536002237494, 0.01551819160935077, 0.015695204282006884, 0.01587992489763735, 0.01606762909324294, 0.016253586979533538, 0.016433165485917025, 0.016601959285770043, 0.016755943235348958, 0.01689163619180564, 0.01700626350471434, 0.017097903990574218, 0.017165607310502547, 0.017209469669904175, 0.017230659605003907, 0.01723139089336628, 0.0172148455694969, 0.017185055701455763, 0.01714675707421906, 0.017105230554994823, 0.017066147403395435, 0.017035433292374856, 0.017019162847515916, 0.017023492825109385, 0.01705463838960222, 0.01711889394192157, 0.017222697993996828, 0.017372740849753467, 0.017576114321711727, 0.017840504262864605, 0.018174429183347322, 0.018587531558342855, 0.019090932624782345, 0.019697666646511847, 0.020423217086791026, 0.021286185315901398, 0.02230913304095504, 0.023519653431665993, 0.0249517440343573, 0.02664757839039651, 0.028659804430175042, 0.031054537965488776, 0.03391527054623605, 0.03734797330900141, 0.041487750692379706, 0.046507473645537305, 0.052628885463474905, 0.060136692111167636, 0.06939606221922326, 0.08087366551974308, 0.09516170615180429, 0.11300311696500287, 0.13531386153235167, 0.16319482127846446, 0.1979208584944341, 0.24088865439882917, 0.29349913789859317, 0.3569476896331165, 0.4319008083447719, 0.5180580635342782, 0.6136385426733446, 0.7148913969447427, 0.8157977511753303, 0.9081762941317242, 0.9823843214278949, 1.0286824464210884, 1.0391041535343284, 1.0094049541034043, 0.9404851623068664, 0.8387173708966389, 0.7149158649413677, 0.5821662804901006, 0.4531719831284051, 0.33794511034818125, 0.24248671926347248, 0.16866879527768597, 0.11508137399690091, 0.07834704838296923, 0.054402319838746556, 0.039426862686855434, 0.03033065925230466, 0.024876075334048984, 0.021579428897700235, 0.01952553009761972, 0.018181977868532154, 0.017252543879770443, 0.016576948618078683, 0.016069059657829135, 0.015681663604978642, 0.015387560090027707, 0.015169846644272397, 0.015017049641923316, 0.014920689465766978, 0.014874030300144218, 0.014871399302395666]
10.254000000000003	0.6983951957747568	[0.013825244003158309, 0.013894620839305951, 0.013991779821235398, 0.014112701708468608, 0.014253334074530007, 0.014409533890701744, 0.014577039809043726, 0.014751475343008065, 0.014928384243616054, 0.015103298483818344, 0.015271837488238205, 0.01542983473147582, 0.015573484851612066, 0.015699501409485776, 0.01580527291140043, 0.015889003286035604, 0.015949823166214617, 0.015987860352490297, 0.016004261672669714, 0.016001163663109642, 0.015981615320338243, 0.015949461666837698, 0.015909201144175118, 0.0158658322460743, 0.015824705090577013, 0.01579139199686912, 0.015771588124410426, 0.01577104958504466, 0.015795572891903552, 0.01585101675468675, 0.01594336543545682, 0.016078832278895474, 0.01626400258720124, 0.01650601659102371, 0.016812795733412954, 0.017193318751121688, 0.0176579581280208, 0.018218892562620267, 0.018890617441889863, 0.01969058342579867, 0.020640003801359177, 0.021764885181944946, 0.023097354616800764, 0.024677380783744922, 0.02655501957206331, 0.028793357235903944, 0.03147237970016551, 0.03469406630253395, 0.03858909023002697, 0.04332560181909772, 0.04912066150134766, 0.05625494650984713, 0.06509132025112167, 0.07609761867283117, 0.08987339641172966, 0.10717911633793657, 0.12896399100002154, 0.15638497579351476, 0.19080396633318902, 0.23374322950131027, 0.28677174058491267, 0.3512905359539906, 0.42818909337543626, 0.5173650230949123, 0.6171435933668009, 0.7237033131140058, 0.8306958901426352, 0.9293089880534028, 1.009005871205078, 1.0590385203751456, 1.0705644205548162, 1.0388762144238495, 0.9650305969690391, 0.8562033605290484, 0.7244667487672898, 0.5842653390663672, 0.4493851369710701, 0.33039309676392126, 0.23327420712684382, 0.15945923581560337, 0.10690987333913836, 0.07165278738663397, 0.04919217737508817, 0.03547104971735999, 0.0273221834274915, 0.02252837444577487, 0.01966805478823612, 0.017893330359317193, 0.016727054067310808, 0.015911995356506285, 0.015312780909134842, 0.014858127683159928, 0.014509301091959045, 0.014243859243600858, 0.014047602140571606, 0.013910658648355055, 0.013825568808064624, 0.013786303460415796, 0.01378772253287427]
10.574000000000003	0.6686666040811835	[0.012846689767084826, 0.01291429409935527, 0.013007695965414687, 0.013123153429646778, 0.013256880016209128, 0.013404992173764525, 0.013563484408433892, 0.01372823356827651, 0.013895033739477506, 0.014059662289115692, 0.014217975820448599, 0.014366032327356932, 0.014500232910333153, 0.01461747346239782, 0.014715294285090406, 0.014792014226971288, 0.014846836140354116, 0.014879912493305327, 0.014892363783992396, 0.014886247535522422, 0.014864481333606175, 0.01483072867560667, 0.014789260450343948, 0.014744807051640522, 0.01470241623848771, 0.01466733011427578, 0.014644891568703241, 0.014640486941105977, 0.01465952824143186, 0.014707475565526018, 0.014789898696737457, 0.014912576404158927, 0.015081632572429775, 0.015303709891350452, 0.0155861842582715, 0.01593742622919959, 0.016367119829447822, 0.016886653968812643, 0.01750960792109579, 0.018252360322282838, 0.019134861626535177, 0.02018162390624444, 0.02142300058971483, 0.022896853895072705, 0.02465074150087477, 0.02674479901832567, 0.02925555404376892, 0.0322809837634531, 0.03594722274834953, 0.04041743853079625, 0.04590350938081218, 0.05268123461952288, 0.06110982614533388, 0.07165626330830781, 0.08492455574456782, 0.10168875441095694, 0.12292625671199749, 0.1498440505920519, 0.18388457920702245, 0.2266898650122844, 0.2799935271092028, 0.34540360652100377, 0.42404100815428875, 0.51601825195785, 0.6197909516248714, 0.7314936806737674, 0.844469716011001, 0.9492816428115758, 1.034484033105928, 1.0882883451720005, 1.1009411110863514, 1.0672541839255916, 0.9884547116359951, 0.8725662983527819, 0.7329735292207716, 0.5855138521345661, 0.4450474134283781, 0.32264498838504263, 0.22420372578250486, 0.15065071482784212, 0.09928786702175188, 0.06554979759430574, 0.04453679316526628, 0.03199156925530314, 0.024700737276856177, 0.02048711034437285, 0.017999628149399163, 0.016458396390259287, 0.015438439026821335, 0.014717466364713777, 0.014181441565756434, 0.013771316938980706, 0.013455124961213323, 0.013214139896921604, 0.013036256255418942, 0.012912855956124078, 0.01283729477646958, 0.012804125715747848, 0.012808660047571505]
10.894000000000004	0.6414092844702115	[0.011959407956701253, 0.012024995830351713, 0.012114591082014093, 0.012224703212170921, 0.012351788713466597, 0.012492202693330214, 0.012642176391964844, 0.012797822264126886, 0.012955168191215677, 0.013110221447852122, 0.013259061298860193, 0.013397956668761375, 0.01352350246305172, 0.013632765235964074, 0.013723426520303594, 0.01379391082640975, 0.013843485558466472, 0.013872322141632577, 0.013881511421340064, 0.013873031430580711, 0.013849671154012734, 0.013814919029568556, 0.01377282876521707, 0.013727877031362176, 0.013684827545386554, 0.013648614243512477, 0.013624253209050917, 0.01361678951990428, 0.013631281886900003, 0.013672825406700416, 0.013746611248500393, 0.01385802171538171, 0.014012759798000205, 0.01421701392887338, 0.01447766101707774, 0.014802513931531917, 0.01520062345051121, 0.01568264948359955, 0.016261322432461374, 0.01695202340183941, 0.017773522335574735, 0.018748927046619488, 0.019906914905945892, 0.021283344479654208, 0.022923379038421357, 0.024884300609262517, 0.027239255657209378, 0.030082255342030458, 0.03353485758944757, 0.03775508497308963, 0.042949274243667374, 0.04938768722593099, 0.05742478572437207, 0.06752497916837279, 0.08029420132175642, 0.096516544192887, 0.11719289878355901, 0.14357450754690307, 0.17717790640499745, 0.2197586991726268, 0.27321090433522016, 0.339349540399523, 0.4195336033186978, 0.5141055354502436, 0.6216740410306517, 0.7383560046704638, 0.8572080470281467, 0.9681755139143494, 1.058892053695673, 1.1164989769191804, 1.1302985395242873, 1.0946047556031175, 1.0108293385668896, 0.8878871361287946, 0.7405264908752809, 0.5860069498985846, 0.4402492774653598, 0.31477418614728464, 0.215320480051803, 0.142254557054591, 0.0921945375381495, 0.05999314139042292, 0.04037808820674306, 0.02892751170569331, 0.02240986083665794, 0.018703910202155033, 0.01653454824610466, 0.015188831979381891, 0.014290205208088835, 0.01364728893838674, 0.013164151427458996, 0.012791761632978543, 0.012503538967428056, 0.012283668028043225, 0.012121682606489164, 0.012009960940820864, 0.011942525067111553, 0.01191441745973834, 0.011921338327342611]
11.214000000000004	0.6163283371335753	[0.011152619942200487, 0.01121603878303581, 0.011301843858184779, 0.011406773548638964, 0.011527506969469017, 0.01166061920034912, 0.011802560831621794, 0.01194966361301423, 0.012098173839404109, 0.012244314163377642, 0.012384372806170975, 0.012514816757759712, 0.01263242276194045, 0.012734417072314526, 0.012818612657921724, 0.012883531287144076, 0.01292849819234364, 0.012953699057379083, 0.012960192783526744, 0.012949878414874631, 0.012925419977240673, 0.012890137900094726, 0.012847879320765998, 0.012802881367363657, 0.012759641339922493, 0.012722805829463876, 0.0126970878104743, 0.012687217326962274, 0.012697928235626613, 0.012733981068740552, 0.012800220704099254, 0.012901667240673348, 0.013043639193901705, 0.013231909700779044, 0.01347289873437494, 0.013773907314541029, 0.01414340341955676, 0.014591373938372017, 0.01512976289499602, 0.015773023848099473, 0.016538824569639444, 0.01744895587952733, 0.01853051528895626, 0.01981746181863241, 0.021352673586209864, 0.0231906878367797, 0.025401368148461608, 0.028074830276096772, 0.031328070961849364, 0.0353138852913093, 0.040232823611732076, 0.04634910977799689, 0.054011570143711225, 0.0636806045880013, 0.07596187262288487, 0.09164633457728931, 0.11175405833629284, 0.13757506251218232, 0.17069363378432964, 0.21297257028636232, 0.2664613754387251, 0.3331808276093359, 0.41473304965580576, 0.5117036405888674, 0.6228756855433946, 0.7443740184436316, 0.8689909489093077, 0.9860640958848859, 1.0822962236914657, 1.1437310565681829, 1.1586948571162796, 1.1209876005774748, 1.032219661871606, 0.9022393076516311, 0.7472070798163667, 0.585829350100499, 0.43506944616619886, 0.3068419532030826, 0.2066587225473457, 0.13427408081017467, 0.08560531388585968, 0.054938743796612, 0.036662800518968426, 0.026225386539408358, 0.020401597546122797, 0.017138749738991124, 0.015240656788753245, 0.01405899584475257, 0.013261536102735063, 0.012683965772875236, 0.012245601844984333, 0.011905576743805598, 0.0116415961746743, 0.011440135943475567, 0.01129202844489188, 0.011190458290560189, 0.011130002456727508, 0.01110612224112452, 0.011114857623074655]
11.534000000000004	0.5931738279921076	[0.010417125218182693, 0.01047828966653649, 0.01056036714905002, 0.010660305074785211, 0.010774987044615715, 0.010901191256472442, 0.011035571797748361, 0.01117466468535093, 0.01131492032836668, 0.011452763150935158, 0.011584677431237669, 0.01170731608982787, 0.011817626438060636, 0.011912984165578459, 0.011991324612195644, 0.012051259176482601, 0.012092165015047696, 0.01211423821254888, 0.012118504251429787, 0.012106784417670009, 0.012081621986071406, 0.012046176748096724, 0.01200409987589089, 0.01195940274238599, 0.011916333026490344, 0.01187926951324231, 0.01185264403190333, 0.011840895659111039, 0.011848459293070306, 0.011879788444667819, 0.011939410834803493, 0.01203201517585805, 0.012162568257529257, 0.012336463010092497, 0.01255970045942341, 0.012839111370115036, 0.013182626956425345, 0.013599612517455152, 0.014101283567460283, 0.014701231512512791, 0.015416095930686779, 0.016266434110098538, 0.017277857163648103, 0.01848252779708127, 0.019921150401489753, 0.021645633208732543, 0.02372266943153304, 0.02623857517072621, 0.02930584228059395, 0.03307201879017478, 0.03773171695348038, 0.04354275514951023, 0.05084762165064355, 0.060101507814244136, 0.07190790127925654, 0.08706180832332358, 0.10659852475955675, 0.13184168855476494, 0.16443716952241258, 0.20634846783293576, 0.2597751361182659, 0.32694147332767, 0.40969628802191893, 0.5088798787390045, 0.6234695339465298, 0.7496229474347194, 0.8798908424559443, 1.0030140971968953, 1.104756753339057, 1.1700396215172861, 1.1861828352500012, 1.1464569586196975, 1.0526850541733224, 0.9156896595878949, 0.7530889909336148, 0.5850566735307453, 0.42957648755904787, 0.29889928709029256, 0.19824377591438638, 0.12670652510556887, 0.07949339402243057, 0.05034424388759404, 0.03334254383218737, 0.02383845023374983, 0.018635297370794574, 0.015758493885755436, 0.014091749321668526, 0.013048138779544695, 0.012335559416407392, 0.011813205818045472, 0.01141316393915914, 0.011101200703351131, 0.010858437316046656, 0.010673166718185866, 0.010537264291275538, 0.010444579024451046, 0.010390158370457848, 0.010369827266026112, 0.010379925749005817]
11.854000000000005	0.5717325507295644	[0.009745022707452158, 0.009803896838469283, 0.00988234109304673, 0.009977494308149936, 0.01008642831649271, 0.010206109175274071, 0.010333379977613017, 0.010464967148813906, 0.010597511923054505, 0.010727627772365361, 0.010851982918791555, 0.010967404799580959, 0.011071000708227224, 0.011160286182711573, 0.011233310552832406, 0.011288767920872106, 0.011326082174983177, 0.011345456640281285, 0.01134788254932338, 0.011335105195930601, 0.011309551674605173, 0.011274228633773541, 0.011232601711326305, 0.011188469790543693, 0.01114584682663742, 0.011108862051996796, 0.01108168645073063, 0.011068490182473953, 0.011073432748638269, 0.011100685568224723, 0.011154485482227297, 0.01123921756069483, 0.011359526346336763, 0.011520456191113793, 0.011727623511353905, 0.01198742656205012, 0.01230730177893378, 0.01269604005341958, 0.01316418183714366, 0.013724517249390444, 0.0143927271473477, 0.015188214496234625, 0.01613519385503612, 0.01726413247271545, 0.01861367225483807, 0.02023321160921582, 0.022186395021246103, 0.02455585250911266, 0.027449658075680523, 0.031010142509062963, 0.03542590374994862, 0.04094809785415443, 0.04791232833878978, 0.05676758967349127, 0.06811357031282268, 0.08274682490249075, 0.10171428337890144, 0.1263683786498918, 0.15841061575000934, 0.19989868679186107, 0.25317636467412025, 0.32066836045648045, 0.40447239428103243, 0.5056934086105008, 0.6235212543031597, 0.7541705730745953, 0.8899734388927666, 1.0190862664238667, 1.1263285172041297, 1.1954747984338292, 1.212810534349899, 1.1710623108234581, 1.0722797845727186, 0.9282992361649353, 0.7582390847088805, 0.5837565554066376, 0.4238301693273273, 0.29098848430394364, 0.1900936890186983, 0.11954457307384118, 0.07383087280370519, 0.04616952405360356, 0.03037367447443895, 0.021726003281748122, 0.017076542522518955, 0.014535674607700506, 0.013066385123092475, 0.012139351386550073, 0.011498468767474564, 0.011023209634950208, 0.010656305925764657, 0.010368909432544106, 0.010144871715886728, 0.009973940169891829, 0.009848840329501316, 0.009763977992718503, 0.009714805680881964, 0.009697467840165817, 0.0097085717809326]
12.174000000000005	0.5518215332607356	[0.009129489785319135, 0.009186073911908217, 0.00926100060143318, 0.009351584425370702, 0.009455070818372309, 0.009568599839009297, 0.009689190313618062, 0.009813746284242237, 0.009939087462002283, 0.010062004481395811, 0.01017933815355852, 0.01028807971931577, 0.010385486533106779, 0.010469205038811165, 0.010537390813088566, 0.010588814367653014, 0.010622941746484598, 0.010639980933518896, 0.010640888584707449, 0.0106273361509689, 0.01060163932674915, 0.010566659095254644, 0.01052568570055321, 0.01048231820317934, 0.010440351806235542, 0.01040368318751395, 0.01037624121446825, 0.010361947316917494, 0.01036470703735869, 0.010388432279554766, 0.010437092726900027, 0.010514794813908662, 0.010625887403647685, 0.010775094811116945, 0.010967679907205352, 0.01120964270594312, 0.011507963151056184, 0.011870900974305449, 0.012308370844197466, 0.012832418088173952, 0.013457829820512367, 0.014202929430688923, 0.015090620618907072, 0.01614977266327005, 0.017417074370331964, 0.018939534322193335, 0.02077787511522134, 0.023011166388898188, 0.02574317403838636, 0.029111079770236876, 0.03329745173405755, 0.03854661850906247, 0.04518688478731153, 0.05366024333384891, 0.06456119777175803, 0.07868565232628366, 0.0970889159444913, 0.12114772700234762, 0.1526135297663577, 0.1936317507873501, 0.2466842707883972, 0.31439237229975214, 0.39910371628784036, 0.5021963310026312, 0.6230895438328973, 0.7580781359097092, 0.8992985354628726, 1.0343360952359675, 1.1470616875375939, 1.2200823918190817, 1.2386218716232544, 1.1948489503965394, 1.0910536197986413, 0.9401239467381538, 0.7627181690899962, 0.5819895938503593, 0.4178826048366683, 0.2831444536456013, 0.18222059601938778, 0.112777554580565, 0.0685895680776841, 0.04237700871545965, 0.027717041877403613, 0.019852701472585926, 0.015696203239683078, 0.013447477109838974, 0.012146939631302466, 0.011318751668776387, 0.010738860021014918, 0.010304135587594366, 0.009966158556649701, 0.009700451564791244, 0.009493059313885393, 0.009334905810144541, 0.009219420106190219, 0.009141482046245156, 0.009096897497179913, 0.009082094354439683, 0.009093919631203783]
12.494000000000005	0.5332828729963438	[0.008564605335263483, 0.008618926144634637, 0.008690464557415968, 0.008776696820322732, 0.0088750287542261, 0.008982761800536917, 0.00909707834211127, 0.00921504822183151, 0.009333658154637004, 0.009449864843687313, 0.009560671059109911, 0.00966322180567226, 0.00975491521411005, 0.009833520302505385, 0.009897291742010754, 0.009945070728377473, 0.009976361421187527, 0.009991374361544753, 0.009991031694444576, 0.009976933442147513, 0.009951288773458373, 0.00991682036547603, 0.009876652841838328, 0.009834197467392529, 0.009793044741218435, 0.009756874580573912, 0.009729390995549156, 0.0097142851625573, 0.00971522817798169, 0.009735892893625942, 0.009780003276476384, 0.009851409695506052, 0.009954189310972748, 0.010092772189795996, 0.010272095789763187, 0.01049779301745449, 0.010776422245473297, 0.01111575167272503, 0.011525115571656988, 0.012015866813938694, 0.012601959364715063, 0.013300707276960876, 0.014133784653750897, 0.01512855627742727, 0.01631986423089021, 0.01775244617634469, 0.019484231905641605, 0.021590864105180175, 0.024171926633352218, 0.027359549656625987, 0.031330304586530626, 0.03632160299194289, 0.04265414899949147, 0.05076228823253982, 0.06123416892938603, 0.0748631192789978, 0.0927098919748353, 0.11617137270707331, 0.1470435226203859, 0.1875531538537104, 0.24031395257457577, 0.308139322569111, 0.39362682611964267, 0.49843461350194185, 0.6222269871684113, 0.7614011060721856, 0.9079206953514036, 1.0488144192838325, 1.167002275222794, 1.2439043861871661, 1.2636571051612933, 1.2178584693924177, 1.109052337351298, 0.9512151368236866, 0.7665816699477513, 0.5798101635671312, 0.4117792315253475, 0.27539582300496596, 0.17463183445819752, 0.10639239484377593, 0.06374161723984079, 0.03893180048598471, 0.02533767447776169, 0.01818790730407612, 0.014469619879514175, 0.01247490446061249, 0.01131885169210011, 0.010574856995401772, 0.01004722730243044, 0.009647697541289494, 0.00933518694920274, 0.009088770534941748, 0.008896265612279691, 0.008749559221368115, 0.00864267128010515, 0.008570890908575685, 0.008530335574515867, 0.00851768658998103, 0.008530007135722025]
12.814000000000005	0.5159795945053265	[0.008045206793847551, 0.008097309936653134, 0.008165597365907794, 0.008247694358172433, 0.008341155145358275, 0.00844343103549524, 0.00855185677991237, 0.00866365709969521, 0.008775975052983298, 0.00888592306218741, 0.008990655914172835, 0.009087462979919657, 0.00917387448682363, 0.009247774269799116, 0.009307509487404638, 0.009351986805537888, 0.009380744924352554, 0.009393995238496529, 0.009392625750093971, 0.009378167640061438, 0.009352728434070161, 0.009318899672150051, 0.009279649716145809, 0.009238213406347971, 0.00919798968409188, 0.00916245635933442, 0.009135108480549981, 0.009119423883108317, 0.009118856989386342, 0.00913686016647949, 0.009176931070053138, 0.009242684404131089, 0.00933794729738494, 0.009466878903046693, 0.009634116773298338, 0.009844955017140099, 0.010105562301836424, 0.010423251600742967, 0.010806818565892185, 0.011266972032160844, 0.011816889199412322, 0.012472940579472763, 0.013255647396759315, 0.014190959026024635, 0.015311973415014163, 0.01666127375625783, 0.018294126158033785, 0.020282884095712893, 0.022723086735679646, 0.025741932367359915, 0.029510067141114617, 0.034257958110309135, 0.04029850188723771, 0.048057889436691426, 0.0581169337683177, 0.07126470988948648, 0.0885647786745905, 0.11143033815367209, 0.14169673094572546, 0.18166595853846407, 0.23407709948439892, 0.30193072815342925, 0.3880733190740723, 0.49444887161255086, 0.6209807843790874, 0.764189838689405, 0.9158898282608857, 1.0625679348919024, 1.1861925995316405, 1.266979385565985, 1.2879532572777712, 1.2401291796865022, 1.1263181630992063, 0.9616200719780692, 0.7698802019463974, 0.5772671142570963, 0.4055596516073824, 0.26776588001202495, 0.16733087176472636, 0.100374364550691, 0.05925990074221677, 0.035801703607815316, 0.023204435590841437, 0.01670509458883298, 0.013375901640830645, 0.011602092339246159, 0.010570026131562058, 0.009898097462056634, 0.009415578008124275, 0.009046858749784567, 0.008756939606001874, 0.008527789810426846, 0.008348670105198434, 0.008212265506025785, 0.008113099196769061, 0.008046817977471116, 0.008009816578143425, 0.007999004304956512, 0.008011640168535849]
13.134000000000006	0.49979230125374696	[0.0075667737189776645, 0.007616718220915832, 0.007681895855014741, 0.007760069514989978, 0.007848930963334128, 0.007946070843244564, 0.008048965980937312, 0.008154985871556676, 0.008261420009378845, 0.00836552688431363, 0.008464604007240811, 0.008556076325654631, 0.008637598055535956, 0.008707160628799952, 0.008763197586380896, 0.00880467631028196, 0.008831166870856671, 0.008842880142678087, 0.008840670583369684, 0.00882600322178336, 0.008800888767540021, 0.008767794553882824, 0.00872954159801233, 0.008689199032245387, 0.00864998651865458, 0.008615193341394111, 0.008588120224001804, 0.008572047147347777, 0.008570228060122203, 0.00858591171159292, 0.008622387033319526, 0.008683051532426909, 0.008771501923669883, 0.008891647590903039, 0.009047849337657503, 0.009245088243295552, 0.009489172366354503, 0.009786992727678218, 0.010146844799588012, 0.010578838136704191, 0.011095425559449373, 0.011712095526636917, 0.012448288571293084, 0.013328623175360517, 0.014384551460250028, 0.01565661518925474, 0.017197544310855274, 0.01907654253572426, 0.021385248968764058, 0.024246065938276648, 0.027823815885160502, 0.0323420444029392, 0.038105713305591274, 0.0455324703356736, 0.055194981936139184, 0.06787661780334582, 0.08464139045661018, 0.10691528712679303, 0.13656819017328192, 0.17597128074266638, 0.22798257297011978, 0.29578445765664624, 0.38247049358279755, 0.4902750416602566, 0.6193933843807815, 0.766490147187786, 0.9232516968009843, 1.075639643437818, 1.204671683137644, 1.2893429760103803, 1.3115444633315625, 1.2616964675567648, 1.142890151834865, 0.9713823676083266, 0.772660075850461, 0.5744043826088054, 0.39925835484943006, 0.2602733633389126, 0.16031806220281347, 0.09470766264935053, 0.05511832975373723, 0.03295716952632187, 0.021289672598494232, 0.015381312301968007, 0.012397330284787204, 0.010815748855093201, 0.009890359607006695, 0.009280437584407539, 0.008837136726998608, 0.008495596559251388, 0.008225854037328291, 0.008012244668052292, 0.00784521456026864, 0.007718118237040521, 0.0076259131019675705, 0.007564561802569635, 0.007530707597365864, 0.007521465972524367, 0.007534274020235717]
13.454000000000006	0.48461644946935356	[0.007125332252254954, 0.007173186290300065, 0.007235396221402798, 0.00730985222525376, 0.0073943736853186535, 0.007486680931534603, 0.007584383382547715, 0.007684985953972183, 0.007785915367398527, 0.00788456718065609, 0.007978372946851204, 0.008064884973545707, 0.008141873894744533, 0.008207432020907708, 0.008260073631810938, 0.008298822485067622, 0.008323277203402302, 0.00833364704121926, 0.008330753682478353, 0.008315998740493337, 0.008291300834342558, 0.00825900975032414, 0.008221807625089414, 0.00818260795829886, 0.008144462584859265, 0.008110484843974657, 0.008083794612426759, 0.008067488205673694, 0.008064633880671556, 0.00807829211058708, 0.008111559065942353, 0.008167631801781173, 0.008249894405614489, 0.008362025680237764, 0.008508130731322684, 0.008692901088146077, 0.008921810789095472, 0.009201359407217263, 0.009539377606500218, 0.009945417011627329, 0.010431254683033027, 0.011011554389937141, 0.01170474372505598, 0.012534190167963907, 0.013529793758766836, 0.014730163817256016, 0.01618561887016161, 0.017962352026237666, 0.020148251111280727, 0.022861069929504305, 0.026259931954326292, 0.030561525277866666, 0.03606281628282678, 0.04317262318065012, 0.052454802928798346, 0.06468577079424764, 0.08092789281635861, 0.10261672057180098, 0.13165212960351264, 0.1704686830680978, 0.22203688616935993, 0.2897152742042319, 0.3768419254221439, 0.485944952137508, 0.6175030241251659, 0.7683437922619262, 0.9300483506556635, 1.0880692371407068, 1.2224756016017837, 1.3110280515244466, 1.33446228536203, 1.2825931062391152, 1.1588045138438479, 0.9805423526429045, 0.7749637300804916, 0.571261519702374, 0.3929053447254023, 0.2529331416176368, 0.15359127870254266, 0.08937587603109147, 0.051292036253785554, 0.030371192580889265, 0.01956887387709312, 0.01419670733692171, 0.011518855491740879, 0.010104697274596838, 0.009271363873600036, 0.0087150810362632, 0.008306115891482535, 0.007988719687978653, 0.007737104391869955, 0.0075375487869598365, 0.007381481460642949, 0.007262825586874643, 0.007176917574190722, 0.007120001423699946, 0.0070889445168550065, 0.007081049591231414, 0.007093916208000988]
13.774000000000006	0.4703601134451536	[0.0067173761903046685, 0.0067632138979702066, 0.006822596962685815, 0.006893533472835555, 0.006973961387896367, 0.0070617218704226515, 0.007154548186068895, 0.007250072006072635, 0.007345848717070133, 0.007439402553676596, 0.0075282910023371525, 0.007610186052777002, 0.007682967690241732, 0.007744822851754571, 0.007794341336178212, 0.00783059930839371, 0.00785322143333727, 0.00786241447175727, 0.007858968230990209, 0.007844223650779879, 0.007820011850797995, 0.007788571440808675, 0.007752453687241942, 0.007714425912324416, 0.00767738279490596, 0.007644273379957815, 0.007618049112294831, 0.007601635651635968, 0.00759792906535479, 0.007609815523479762, 0.007640212946054967, 0.007692133142378875, 0.007768763724732646, 0.007873570354211738, 0.008010421600590874, 0.008183740861681181, 0.008398692473441384, 0.008661412543153422, 0.008979299479627386, 0.009361385172250639, 0.009818816013666595, 0.010365484531598308, 0.011018868843477171, 0.01180116073736509, 0.012740797222266667, 0.013874559693906201, 0.015250476364561713, 0.016931867124083864, 0.01900301900463765, 0.021577192441532857, 0.024807954207910293, 0.028905231636341337, 0.03415799052399248, 0.04096602084172937, 0.049883837482210945, 0.06167983471637489, 0.07741287222175797, 0.09852512436612401, 0.12694220593850916, 0.1651564949375906, 0.21624460190694939, 0.2837352923206759, 0.3712079562204113, 0.4814868134818081, 0.6153441931100205, 0.7697889044871099, 0.9363185030391685, 1.099893435203382, 1.23963778973655, 1.332065100759797, 1.3567359870481384, 1.3028495273351353, 1.1740948961738171, 0.9891373831591139, 0.7768301062290001, 0.5678741528070107, 0.3865266844013363, 0.24575679548830062, 0.1471464371554274, 0.08436233699679546, 0.047757487471808566, 0.028019173759589355, 0.018020342501107667, 0.013134104006052286, 0.010727669716025238, 0.009459503228485683, 0.008705865985072657, 0.008196239140886899, 0.007817536729994778, 0.007521724848775938, 0.0072864806163891295, 0.007099687233673232, 0.0069535955890728, 0.006842617536484932, 0.006762423675592182, 0.006709510470707702, 0.006680948430630433, 0.006674210968027393, 0.006687046289191361]
14.094000000000007	0.456942142023867	[0.006339801365923857, 0.006383700419402242, 0.006440394660953891, 0.00650800155555512, 0.006584569366625247, 0.006668051951691669, 0.006756298348886633, 0.006847058952667327, 0.006938009850865868, 0.007026796130548945, 0.007111093638608535, 0.007188686873601399, 0.007257558576193196, 0.00731598449122037, 0.007362625105823289, 0.007396605359031807, 0.007417573716856139, 0.00742573376052509, 0.007421844407070883, 0.007407188638457195, 0.007383514509181219, 0.007352955523900436, 0.0073179396423331145, 0.007281096870575515, 0.007245174668572516, 0.007212968575945602, 0.007187273045795557, 0.007170855020180085, 0.00716645072392046, 0.00717678476741609, 0.007204610030217312, 0.007252766906755071, 0.007324261224629663, 0.007422361376695458, 0.007550716863088685, 0.007713502511512545, 0.007915595216986655, 0.008162793305797044, 0.008462092901273081, 0.008822041436855185, 0.009253196440823166, 0.00976872895532882, 0.010385226986743074, 0.011123777473975062, 0.01201143873081237, 0.01308326404610862, 0.014385108214331485, 0.01597755240087634, 0.01794143313424676, 0.02038567731045942, 0.0234584501447996, 0.027363040922070824, 0.032380455604123524, 0.0389013319794872, 0.04747042442438257, 0.058847203305987555, 0.07408538085877973, 0.09463108018919159, 0.12243168839521316, 0.1600320743520377, 0.2106086654217108, 0.2778543668686199, 0.36558611609358743, 0.47692564806081034, 0.6129480460777466, 0.7708603619085526, 0.9420978648365423, 1.1111462753242076, 1.2561892982722542, 1.3524824410302163, 1.3783927593685215, 1.3224940525908784, 1.1887926346145676, 0.9972021299085568, 0.77829498991997, 0.564274393859361, 0.3801449671564428, 0.23875310643741965, 0.1409779219235414, 0.07965039347537504, 0.04449254202576558, 0.025878766383287736, 0.016624892536784324, 0.012178636683791166, 0.010012851276751574, 0.0088721709196053, 0.008187769161450321, 0.007718948392045015, 0.007367088337173766, 0.007090683072985425, 0.0068702915576463915, 0.006695129715789542, 0.00655814359782019, 0.006454169627275843, 0.006379175684730085, 0.006329886158232336, 0.006303556426715442, 0.006297815951548067, 0.00631054927742797]
14.414000000000007	0.44429062869287006	[0.005989850773200237, 0.006031890572371786, 0.006086030167563646, 0.006150488620090285, 0.006223416918366993, 0.006302874125117244, 0.006386817588076131, 0.006473108973646333, 0.006559537660721032, 0.0066438622918950875, 0.006723870002203814, 0.006797451097480393, 0.006862684917440813, 0.006917930597837767, 0.006961914840189604, 0.006993808026853071, 0.007013280419468152, 0.007020531889084725, 0.0070162915086313445, 0.007001786968294068, 0.006978687520042473, 0.006949027333265297, 0.006915118189892347, 0.006879461076379925, 0.006844665484028609, 0.0068133834392600096, 0.006788262951487485, 0.006771923209619047, 0.006766951899750449, 0.006775923710677412, 0.006801438525331591, 0.006846177922590368, 0.006912979327299325, 0.0070049283335317115, 0.007125471313908093, 0.0072785524122772945, 0.00746878148168624, 0.0077016426607955605, 0.00798375739141321, 0.00832322124262174, 0.008730041625380967, 0.009216714387588733, 0.009798992893692496, 0.010496925762904433, 0.011336272295645562, 0.01235045268373, 0.013583260613158716, 0.015092669325893768, 0.016956213483007354, 0.019278648520763636, 0.022202902307657577, 0.0259257690556074, 0.03072037335639915, 0.036968140434453206, 0.04520374534179108, 0.05617697795123345, 0.07093496224013313, 0.09092534733458946, 0.11811360473928179, 0.155092021353412, 0.20513068130838613, 0.2720804211252702, 0.3599914830552967, 0.472283657262567, 0.610342755798887, 0.7715901135339261, 0.9474194334893558, 1.1218593710968676, 1.2721590273062164, 1.3723064357328114, 1.399457928765257, 1.3415531000444931, 1.2029269690717466, 1.0047688208397993, 0.7793913028492905, 0.5604911969971825, 0.37377973112395035, 0.23192848236339275, 0.13507894348898286, 0.07522361792877111, 0.04147646614222335, 0.02392971375456837, 0.01536556964821313, 0.011317430036360996, 0.009365065035079022, 0.008335895367638643, 0.0077118615015582485, 0.007278925833265078, 0.006951015844749037, 0.006692148695291371, 0.006485286477120327, 0.006320759608451465, 0.0061921077319448455, 0.006094539841202561, 0.006024290265224593, 0.005978290212857902, 0.005953963913955861, 0.005949083891789664, 0.005961660022971072]
15.054000000000007	0.43234163481315235	[0.005665068427108618, 0.005705328731674756, 0.005757043265924464, 0.005818525578452918, 0.005888022427117908, 0.005963691177186669, 0.006043590581586674, 0.006125686661725917, 0.00620787518971285, 0.006288021557107568, 0.00636401758168703, 0.006433853115437482, 0.006495698350229218, 0.006547990768266259, 0.006589519139086107, 0.00661949623049365, 0.0066376123012293845, 0.0066440631097299495, 0.006639548967581911, 0.006625244872099063, 0.006602745355088923, 0.006573990721375282, 0.006541183285196247, 0.0065067027756048265, 0.006473029324663726, 0.006442680702364969, 0.006418168206022646, 0.006401973351187302, 0.006396545646172725, 0.006404320500995507, 0.006427755798784629, 0.00646938579771488, 0.006531891728175026, 0.006618189594205707, 0.00673153721135554, 0.006875664413604593, 0.007054932723012703, 0.007274533779972708, 0.0075407397837238205, 0.007861224556122315, 0.008245481304314267, 0.008705373734300002, 0.009255872358441589, 0.009916049876860487, 0.010710441720786957, 0.011670925179061296, 0.012839340330029302, 0.014271179033307234, 0.016040819959460554, 0.018249009495339575, 0.021033608336726472, 0.024585074090747134, 0.02916875916640565, 0.035156869631835834, 0.04307376914678551, 0.05365894097049775, 0.06795166276046248, 0.08739892207916275, 0.1139808562728933, 0.15033235247761653, 0.19981114507319703, 0.2664197254860019, 0.354436991844061, 0.4675805393947872, 0.6075538200240137, 0.77200746155449, 0.9523137457713264, 1.132062138596918, 1.2875739336815941, 1.391561688784449, 1.4199551427471322, 1.3600513654205089, 1.2165252307060057, 1.0118674519986386, 0.7801493596685483, 0.5565506754127034, 0.3674478248435545, 0.22528732509827998, 0.1294418350664551, 0.07106596406844369, 0.03868991935737275, 0.022153685149336293, 0.01422739695878917, 0.01053932207369504, 0.008776311835402908, 0.007844860226275705, 0.007273662474927069, 0.00687245375071454, 0.0065660309318027995, 0.006323085774108782, 0.006128590873402655, 0.005973815387006377, 0.005852810801852468, 0.005761115993116273, 0.005695205641057829, 0.005652199432706565, 0.00562967628762273, 0.005625540199433799, 0.00563791649408322]
15.694000000000008	0.4103290313735204	[0.005082486982937658, 0.00511943317862484, 0.005166673606625106, 0.0052226917654832825, 0.005285907218147967, 0.00535465523794857, 0.005427178599301184, 0.005501633146051723, 0.005576108562655712, 0.0056486651044232354, 0.005717385892354972, 0.005780442803929875, 0.005836172158509126, 0.005883154582799615, 0.005920292011341125, 0.00594687411040058, 0.0059626268118255716, 0.005967737223376884, 0.005962851805398985, 0.005949047971756121, 0.005927782604782053, 0.0059008237507672005, 0.005870173492925264, 0.005837990446952927, 0.0058065195556363525, 0.005778035192901371, 0.0057548014829992685, 0.005739051661051996, 0.005732986609179558, 0.005738791606131415, 0.005758669885573546, 0.005794891758464088, 0.005849858716439817, 0.005926182995145452, 0.006026784477986386, 0.0061550085646659355, 0.006314770796767911, 0.006510736799257344, 0.006748549751340307, 0.007035122584117856, 0.007379019073201821, 0.00779095792799007, 0.008284488331876323, 0.008876906344733697, 0.009590512434162297, 0.010454356125427753, 0.01150668183257119, 0.012798391526082501, 0.014397991431736201, 0.016398714943721568, 0.018928844448865913, 0.02216673093347191, 0.026362673704722363, 0.03187069507490307, 0.039194275302625585, 0.04905106356056973, 0.06246181023239536, 0.08086687350106603, 0.10626700476979362, 0.1413694864532696, 0.18969071257249787, 0.25551813980864724, 0.34357281740502654, 0.45816354136168125, 0.6016433878386507, 0.77215809650228, 0.9610886347029903, 1.1511929424488203, 1.3169550942463244, 1.428517331701514, 1.4593200598762572, 1.3953662917185292, 1.2420592609272147, 1.0245776857935829, 0.7805621773899994, 0.5481139669879413, 0.35480296751245427, 0.2124700148479602, 0.11886075054665549, 0.06346343428678568, 0.03371795307956832, 0.0190480802196172, 0.012259526831572347, 0.009193275127803484, 0.007748544469578546, 0.006978749430053124, 0.006495080786292198, 0.00614733302049093, 0.005877888784148457, 0.005662773293193575, 0.005490077401878899, 0.005352550805828929, 0.005245082936527098, 0.005163772441545413, 0.005105511166295803, 0.005067749734655068, 0.005048340260025301, 0.005045419730906858, 0.005057318641674288]
16.334000000000007	0.39051544352436546	[0.004577053757673081, 0.0046109854602184135, 0.004654204127741746, 0.00470534124338352, 0.0047629674493088634, 0.00482557413886179, 0.004891566101548294, 0.004959266766552884, 0.005026937393513521, 0.005092810934709144, 0.005155140220041484, 0.005212258648947524, 0.0052626498660524445, 0.005305021210951759, 0.005338374407956595, 0.005362066355710263, 0.0053758532686615165, 0.00537991291686154, 0.005374842170419671, 0.005361630099646974, 0.005341609963599869, 0.005316395961471129, 0.005287812172553223, 0.005257821464757055, 0.005228461384675424, 0.0052017924628063395, 0.005179862407264699, 0.005164687746509406, 0.005158252944363082, 0.005162526031602405, 0.005179489421806693, 0.005211184751862402, 0.005259771212544166, 0.005327597819125744, 0.005417291361955927, 0.005531863378327504, 0.005674841479236526, 0.005850432913989887, 0.006063731636009067, 0.00632098476319088, 0.006629940831713939, 0.007000311558232922, 0.007444392357211654, 0.007977906734499357, 0.00862116913167326, 0.009400704767552987, 0.010351531047265244, 0.01152040461579675, 0.012970488262900946, 0.014788117795446443, 0.017092686239507063, 0.02005115831828077, 0.023899436446238057, 0.028973764412509068, 0.03575656066045857, 0.04494233066565599, 0.05753002730401717, 0.07494701797610433, 0.09920390541752294, 0.13306412217624006, 0.18018099521648567, 0.24510213740465642, 0.3329690294972913, 0.4486732779594066, 0.5952342802783349, 0.7713413486151702, 0.9684571172647273, 1.168580056605135, 1.344393903116978, 1.4634539397133115, 1.4966623310843064, 1.4287019633534486, 1.2657441545853303, 1.0357403238941334, 0.7799471262396445, 0.5393217097852968, 0.34245949907038475, 0.20041964637255116, 0.1092365678659319, 0.05676801040743175, 0.029470702420545253, 0.016459071660670288, 0.010638139694486912, 0.008079625821030712, 0.006886339925962051, 0.006242196964637624, 0.005827118990955282, 0.0055223880075517, 0.005283521963116618, 0.005091832678569236, 0.0049376478237020075, 0.00481481579761582, 0.004718881810541059, 0.004646401603454259, 0.004594615851013975, 0.004561255107321529, 0.004544403945895336, 0.004542398384832797, 0.004553744780534461]
